TargetID,Level,ARMIndex,OfficialFullName,Abbreviation,Domain,Hemisphere,TargetStatus,ActualVolumeMm3,KeyRangeConflict,region_voxels,covered_voxels,coverage_fraction,mean_signed_contrast,median_signed_contrast,median_T_descriptive_only,subject,registration_status
L1:zero_unassigned:0,1,0.0,Atlas label 0 (unassigned),,Unassigned,Unknown,zero_unassigned,190501.3437500001,False,12192086,2388420,0.19589920871621147,0.0386388758197269,0.02350810672982124,0.14923857980962008,cm033,unaccepted
L1:mapped:1,1,1.0,CL_Frontal_Lobe,CL_Frontal,Cortex,L,mapped,6154.890625000003,False,393913,138842,0.35246869232546274,-0.008969612137805382,-0.020879033515017298,-0.10848647397766945,cm033,unaccepted
L1:mapped:90,1,90.0,CL_Parietal_Lobe,CL_Parietal,Cortex,L,mapped,3774.453125000002,False,241565,214961,0.8898681514292219,0.09420188459070523,0.05028687714464609,0.2649780600536389,cm033,unaccepted
L1:mapped:138,1,138.0,CL_Temporal_Lobe,CL_Temporal,Cortex,L,mapped,4285.390625000002,False,274265,88136,0.3213534355459136,-0.040185216695283965,-0.016214714990645467,-0.12215209814818262,cm033,unaccepted
L1:mapped:231,1,231.0,CL_Occipital_Lobe,CL_Occipital,Cortex,L,mapped,4916.578125000002,False,314661,173936,0.5527726664569171,0.198314470818513,0.12890697125824388,0.6573141370701601,cm033,unaccepted
L1:mapped:501,1,501.0,CR_Frontal_Lobe,CR_Frontal,Cortex,R,mapped,6154.890625000003,False,393913,156065,0.39619154483350383,0.0665750102796876,0.0629304991149573,0.3891000664337229,cm033,unaccepted
L1:mapped:590,1,590.0,CR_Parietal_Lobe,CR_Parietal,Cortex,R,mapped,3774.453125000002,False,241565,233437,0.9663527414981475,0.10509816411835278,0.0983638458406364,0.5325485174990596,cm033,unaccepted
L1:mapped:638,1,638.0,CR_Temporal_Lobe,CR_Temporal,Cortex,R,mapped,4285.390625000002,False,274265,79948,0.2914990975880991,0.08643818884995985,0.09039298169138983,0.5805300079336402,cm033,unaccepted
L1:mapped:731,1,731.0,CR_Occipital_Lobe,CR_Occipital,Cortex,R,mapped,4916.578125000002,False,314661,187616,0.5962480256530044,0.13720986709469063,0.1135967581572715,0.5885089808013848,cm033,unaccepted
L1:mapped:1001,1,1001.0,SL_telencephalon,SL_tel,Subcortex,L,mapped,3805.562500000002,False,243556,131873,0.5414483732693919,-0.06167503584628084,-0.081991854428311,-0.43905613570827373,cm033,unaccepted
L1:mapped:1082,1,1082.0,SL_diencephalon,SL_di,Subcortex,L,mapped,1285.0937500000007,False,82246,71371,0.8677747246066678,0.14238740214580695,0.14159932764780353,0.8155937238799094,cm033,unaccepted
L1:mapped:1169,1,1169.0,SL_mesencephalon,SL_mes,Subcortex,L,mapped,635.8437500000002,False,40694,30302,0.7446306580822726,0.05860252168935073,0.06474074637329635,0.4377852091262946,cm033,unaccepted
L1:mapped:1211,1,1211.0,SL_metencephalon,SL_met,Subcortex,L,mapped,4219.281250000002,False,270034,67052,0.24830947214054527,0.0664748766321507,0.07168746090654804,0.39394673172362976,cm033,unaccepted
L1:mapped:1286,1,1286.0,SL_myelencephalon,SL_myel,Subcortex,L,mapped,472.2343750000002,False,30223,0,0.0,,,,cm033,unaccepted
L1:mapped:1501,1,1501.0,SR_telencephalon,SR_tel,Subcortex,R,mapped,3805.562500000002,False,243556,128870,0.5291185600026277,0.08576846895339554,0.08483661478971048,0.47906005853071276,cm033,unaccepted
L1:mapped:1582,1,1582.0,SR_diencephalon,SR_di,Subcortex,R,mapped,1285.0937500000007,False,82246,71495,0.8692823967123021,0.19282151016788093,0.1901925474910818,1.1390292513267277,cm033,unaccepted
L1:mapped:1669,1,1669.0,SR_mesencephalon,SR_mes,Subcortex,R,mapped,635.8437500000002,False,40694,29992,0.7370128274438492,0.0595548755234318,0.05516237973687223,0.3891345806387608,cm033,unaccepted
L1:mapped:1711,1,1711.0,SR_metencephalon,SR_met,Subcortex,R,mapped,4219.281250000002,False,270034,67377,0.24951302428583066,0.06338152952934312,0.049639196411177554,0.31854013096372585,cm033,unaccepted
L1:mapped:1786,1,1786.0,SR_myelencephalon,SR_myel,Subcortex,R,mapped,472.2343750000002,False,30223,0,0.0,,,,cm033,unaccepted
L2:zero_unassigned:0,2,0.0,Atlas label 0 (unassigned),,Unassigned,Unknown,zero_unassigned,190501.3437500001,False,12192086,2388420,0.19589920871621147,0.0386388758197269,0.02350810672982124,0.14923857980962008,cm033,unaccepted
L2:mapped:2,2,2.0,CL_anterior_cingulate_gyrus,CL_ACgG,Cortex,L,mapped,602.7656250000002,False,38577,34615,0.8972963164579931,0.013160816299611633,-0.07475969649670951,-0.3492360480892186,cm033,unaccepted
L2:mapped:16,2,16.0,CL_orbital_frontal_cortex,CL_OFC,Cortex,L,mapped,1344.9218750000007,False,86075,5748,0.06677897182689516,-0.09728562660175905,-0.06944516149862183,-0.30326768041464985,cm033,unaccepted
L2:mapped:50,2,50.0,CL_lateral_prefrontal_cortex,CL_lat_PFC,Cortex,L,mapped,1665.2031250000007,False,106573,24617,0.23098721064434707,0.049284224307354706,0.042735692226181426,0.2347365911991449,cm033,unaccepted
L2:mapped:77,2,77.0,CL_motor_cortex,CL_motor,Cortex,L,mapped,2542.000000000001,False,162688,73862,0.45401012981904015,-0.03188314035248804,-0.02546497867131317,-0.14182572992829853,cm033,unaccepted
L2:mapped:91,2,91.0,CL_somatosensory_cortex,CL_SI/SII,Cortex,L,mapped,1186.0000000000005,False,75904,58324,0.768391652613828,-0.058677634081695865,-0.06371956020268815,-0.40530185556436643,cm033,unaccepted
L2:mapped:96,2,96.0,CL_superior_parietal_lobule,CL_SPL,Cortex,L,mapped,852.2656250000003,False,54545,53516,0.9811348427903566,0.14103751304648884,0.061792396995276694,0.3191297266635439,cm033,unaccepted
L2:mapped:112,2,112.0,CL_inferior_parietal_lobule,CL_IPL,Cortex,L,mapped,1044.0156250000005,False,66817,58830,0.8804645524342607,0.145174945415253,0.0853306742228536,0.47005823243475264,cm033,unaccepted
L2:mapped:125,2,125.0,CL_posterior_medial_cortex,CL_PMC,Cortex,L,mapped,692.1718750000003,False,44299,44291,0.9998194090160049,0.17122304885209597,0.17068178011844648,0.7583407615288787,cm033,unaccepted
L2:mapped:139,2,139.0,CL_medial_temporal_lobe,CL_MTL,Cortex,L,mapped,423.42187500000017,False,27099,342,0.01262039189637994,0.06595682248715519,0.06865101717035299,0.5053850203586745,cm033,unaccepted
L2:mapped:165,2,165.0,CL_temporal_pole,CL_TG,Cortex,L,mapped,315.5156250000001,False,20193,46,0.0022780171346506216,0.014577750618419285,0.017586690113217784,0.1404004362748112,cm033,unaccepted
L2:mapped:175,2,175.0,CL_inferior_temporal_cortex,CL_ITC,Cortex,L,mapped,1884.890625000001,False,120633,23985,0.19882619183805425,-0.0023165575686654198,-0.004733549508096703,-0.04773743772795093,cm033,unaccepted
L2:mapped:193,2,193.0,CL_superior_temporal_region,CL_STG/STSd,Cortex,L,mapped,854.1250000000003,False,54664,21515,0.3935862725010976,0.010144278750967912,-0.0017604933868890643,-0.016464184831855827,cm033,unaccepted
L2:mapped:204,2,204.0,CL_core_and_belt_areas_of_auditory_cortex,CL_core/belt,Cortex,L,mapped,504.1406250000002,False,32265,24510,0.7596466759646676,0.012045987249105371,0.011460036622444006,0.069631790124432,cm033,unaccepted
L2:mapped:224,2,224.0,CL_floor_of_the_lateral_sulcus,CL_floor_of_ls,Cortex,L,mapped,303.2968750000001,False,19411,17738,0.9138117562206997,-0.22679731311268517,-0.18411627873482694,-1.0726193324503637,cm033,unaccepted
L2:mapped:232,2,232.0,CL_middle_temporal_area,CL_MT,Cortex,L,mapped,94.67187500000004,False,6059,5445,0.8986631457336194,0.18503303087187112,0.14118197189708176,0.750148946462002,cm033,unaccepted
L2:mapped:233,2,233.0,CL_extrastriate_visual_areas_2-4,CL_V2-V4,Cortex,L,mapped,2856.3593750000014,False,182807,97549,0.5336174216523437,0.2925596424145084,0.22508656966501672,1.0572746093878858,cm033,unaccepted
L2:mapped:246,2,246.0,CL_primary_visual_cortex,CL_V1,Cortex,L,mapped,1965.546875000001,False,125795,70942,0.5639492825629,0.06974176630625964,0.051326538438694606,0.27427915328805375,cm033,unaccepted
L2:mapped:502,2,502.0,CR_anterior_cingulate_gyrus,CR_ACgG,Cortex,R,mapped,602.7656250000002,False,38577,33709,0.8738108199186043,0.07195836377598182,0.07079781503105471,0.39614963692194743,cm033,unaccepted
L2:mapped:516,2,516.0,CR_orbital_frontal_cortex,CR_OFC,Cortex,R,mapped,1344.9218750000007,False,86075,3701,0.04299738600058089,-0.018880293413004536,-0.0325180078796847,-0.14319192934324448,cm033,unaccepted
L2:mapped:550,2,550.0,CR_lateral_prefrontal_cortex,CR_lat_PFC,Cortex,R,mapped,1665.2031250000007,False,106573,22671,0.2127274262711944,0.12654519257795618,0.07965140833379532,0.5586475204943985,cm033,unaccepted
L2:mapped:577,2,577.0,CR_motor_cortex,CR_motor,Cortex,R,mapped,2542.000000000001,False,162688,95984,0.5899881982690794,0.05381474412153649,0.05968703539513228,0.36390817706137024,cm033,unaccepted
L2:mapped:591,2,591.0,CR_somatosensory_cortex,CR_SI/SII,Cortex,R,mapped,1186.0000000000005,False,75904,69367,0.9138780564924115,-0.010296263805655645,0.005749435513360169,0.040630864221341184,cm033,unaccepted
L2:mapped:596,2,596.0,CR_superior_parietal_lobule,CR_SPL,Cortex,R,mapped,852.2656250000003,False,54545,54168,0.9930882757356311,0.19758720124946225,0.1783516344587524,0.9198036963788053,cm033,unaccepted
L2:mapped:612,2,612.0,CR_inferior_parietal_lobule,CR_IPL,Cortex,R,mapped,1044.0156250000005,False,66817,65611,0.9819507011688642,0.11245078760523138,0.10267093775088956,0.6093006212807814,cm033,unaccepted
L2:mapped:625,2,625.0,CR_posterior_medial_cortex,CR_PMC,Cortex,R,mapped,692.1718750000003,False,44299,44291,0.9998194090160049,0.1618186296506091,0.14939521071823855,0.6783807985293622,cm033,unaccepted
L2:mapped:639,2,639.0,CR_medial_temporal_lobe,CR_MTL,Cortex,R,mapped,423.42187500000017,False,27099,785,0.02896785859256799,0.049001506196250544,0.038042212318985184,0.2729222367310879,cm033,unaccepted
L2:mapped:665,2,665.0,CR_temporal_pole,CR_TG,Cortex,R,mapped,315.5156250000001,False,20193,530,0.026246719160104987,-0.0762007638174761,-0.06991485981463727,-0.5652126947929412,cm033,unaccepted
L2:mapped:675,2,675.0,CR_inferior_temporal_cortex,CR_ITC,Cortex,R,mapped,1884.890625000001,False,120633,15730,0.1303954970862036,0.06011199899139045,0.0449158992965712,0.3266897424149966,cm033,unaccepted
L2:mapped:693,2,693.0,CR_superior_temporal_region,CR_STG/STSd,Cortex,R,mapped,854.1250000000003,False,54664,17535,0.32077784282160104,0.11639953703795647,0.10885723067607331,0.7221950188777522,cm033,unaccepted
L2:mapped:704,2,704.0,CR_core_and_belt_areas_of_auditory_cortex,CR_core/belt,Cortex,R,mapped,504.1406250000002,False,32265,27719,0.859104292577096,0.11916294492655101,0.11481608773245898,0.7212911493743375,cm033,unaccepted
L2:mapped:724,2,724.0,CR_floor_of_the_lateral_sulcus,CR_floor_of_ls,Cortex,R,mapped,303.2968750000001,False,19411,17649,0.9092267271134924,0.035286715854812786,0.05623685048922775,0.32648450563692333,cm033,unaccepted
L2:mapped:732,2,732.0,CR_middle_temporal_area,CR_MT,Cortex,R,mapped,94.67187500000004,False,6059,5806,0.9582439346426803,0.28664659346413496,0.2416207716180552,1.4403180658057568,cm033,unaccepted
L2:mapped:733,2,733.0,CR_extrastriate_visual_areas_2-4,CR_V2-V4,Cortex,R,mapped,2856.3593750000014,False,182807,104312,0.5706127227075549,0.15515078852426528,0.1238894989511396,0.6525957079912599,cm033,unaccepted
L2:mapped:746,2,746.0,CR_primary_visual_cortex,CR_V1,Cortex,R,mapped,1965.546875000001,False,125795,77498,0.6160658213760484,0.10186594816177905,0.08950229490882698,0.4543318278797964,cm033,unaccepted
L2:mapped:1002,2,1002.0,SL_lateral_and_ventral_pallium,SL_LVPal,Subcortex,L,mapped,309.6718750000001,False,19819,10810,0.545436197588173,-0.03435908524155341,-0.016548904229197914,-0.10669937059585502,cm033,unaccepted
L2:mapped:1010,2,1010.0,SL_medial_pallium,SL_MPal,Subcortex,L,mapped,575.5000000000002,False,36832,9253,0.25122176368375326,0.05871532358592009,0.014734806863010964,0.1125615931010071,cm033,unaccepted
L2:mapped:1024,2,1024.0,SL_amygdala,SL_Amy,Subcortex,L,mapped,302.0000000000001,False,19328,3318,0.1716680463576159,-0.1360050177536527,-0.13179450309005486,-1.0063353031854345,cm033,unaccepted
L2:mapped:1050,2,1050.0,SL_basal_ganglia,SL_BG,Subcortex,L,mapped,2261.015625000001,False,144705,101468,0.701205901662002,-0.07538673705958487,-0.10167490507389866,-0.5087568181097791,cm033,unaccepted
L2:mapped:1069,2,1069.0,SL_diagonal_subpallium,SL_DSP,Subcortex,L,mapped,182.70312500000009,False,11693,6125,0.5238176686906696,-0.04970364403330205,-0.08916581825631967,-0.45895971880188036,cm033,unaccepted
L2:mapped:1077,2,1077.0,SL_preoptic_complex,SL_POC,Subcortex,L,mapped,174.67187500000009,False,11179,899,0.08041864209678862,0.11112093964029755,0.10892389710326528,0.5864595832643442,cm033,unaccepted
L2:mapped:1083,2,1083.0,SL_hypothalamus,SL_Hy,Subcortex,L,mapped,235.7812500000001,False,15090,7199,0.47707090788601725,0.10400853025476017,0.08043697562288239,0.482710927179266,cm033,unaccepted
L2:mapped:1111,2,1111.0,SL_prethalamus,SL_PreThal,Subcortex,L,mapped,37.375000000000014,False,2392,2392,1.0,0.22418004200350067,0.21665070047598686,1.2142155673860717,cm033,unaccepted
L2:mapped:1113,2,1113.0,SL_thalamus,SL_Thal,Subcortex,L,mapped,970.0312500000005,False,62082,59098,0.9519345381914243,0.1446510728124334,0.14451731446325372,0.8285940410765251,cm033,unaccepted
L2:mapped:1160,2,1160.0,SL_epithalamus,SL_EpiThal,Subcortex,L,mapped,15.359375000000007,False,983,983,1.0,0.12982050543008153,0.13165425429625727,0.7040476308261086,cm033,unaccepted
L2:mapped:1163,2,1163.0,SL_pretectum,SL_PrT,Subcortex,L,mapped,26.54687500000001,False,1699,1699,1.0,0.11838290221602968,0.08734117250848766,0.6004601094358684,cm033,unaccepted
L2:mapped:1170,2,1170.0,SL_midbrain,SL_Mid,Subcortex,L,mapped,635.8437500000002,False,40694,30302,0.7446306580822726,0.05860252168935073,0.06474074637329635,0.4377852091262946,cm033,unaccepted
L2:mapped:1212,2,1212.0,SL_pons,SL_Pons,Subcortex,L,mapped,782.1093750000003,False,50055,1787,0.03570072919788233,-0.026462524670762995,-0.027942906350780228,-0.22354624310732568,cm033,unaccepted
L2:mapped:1248,2,1248.0,SL_cerebellum,SL_Cb,Subcortex,L,mapped,3437.1718750000014,False,219979,65265,0.2966874110710568,0.06901956576305253,0.07716416871201376,0.4214463420048882,cm033,unaccepted
L2:mapped:1287,2,1287.0,SL_medulla,SL_Med,Subcortex,L,mapped,472.2343750000002,False,30223,0,0.0,,,,cm033,unaccepted
L2:mapped:1502,2,1502.0,SR_lateral_and_ventral_pallium,SR_LVPal,Subcortex,R,mapped,309.6718750000001,False,19819,10246,0.5169786568444422,0.12953072856763287,0.1361289682012468,0.9352135601995941,cm033,unaccepted
L2:mapped:1510,2,1510.0,SR_medial_pallium,SR_MPal,Subcortex,R,mapped,575.5000000000002,False,36832,9319,0.25301368375325806,0.12175641304574307,0.06436915266660656,0.410794999324844,cm033,unaccepted
L2:mapped:1524,2,1524.0,SR_amygdala,SR_Amy,Subcortex,R,mapped,302.0000000000001,False,19328,2121,0.10973716887417219,-0.023341376491135435,-0.027022584838750075,-0.20429020493483205,cm033,unaccepted
L2:mapped:1550,2,1550.0,SR_basal_ganglia,SR_BG,Subcortex,R,mapped,2261.015625000001,False,144705,100837,0.6968453059673128,0.07648982221669547,0.08089317668862801,0.4439228199975602,cm033,unaccepted
L2:mapped:1569,2,1569.0,SR_diagonal_subpallium,SR_DSP,Subcortex,R,mapped,182.70312500000009,False,11693,5994,0.5126143846745916,0.1533387116486425,0.1317761776902381,0.7063541602447674,cm033,unaccepted
L2:mapped:1577,2,1577.0,SR_preoptic_complex,SR_POC,Subcortex,R,mapped,174.67187500000009,False,11179,353,0.03157706413811611,0.02423046741544418,0.01753576605795497,0.12978561103692957,cm033,unaccepted
L2:mapped:1583,2,1583.0,SR_hypothalamus,SR_Hy,Subcortex,R,mapped,235.7812500000001,False,15090,7478,0.49555997349237907,0.12608756598995327,0.12613491786034137,0.8105852425849789,cm033,unaccepted
L2:mapped:1611,2,1611.0,SR_prethalamus,SR_PreThal,Subcortex,R,mapped,37.375000000000014,False,2392,2392,1.0,0.14068559457395827,0.10454670207329383,0.7075077055210848,cm033,unaccepted
L2:mapped:1613,2,1613.0,SR_thalamus,SR_Thal,Subcortex,R,mapped,970.0312500000005,False,62082,58943,0.9494378402757643,0.20116297012791937,0.19536002003921085,1.1465094085214187,cm033,unaccepted
L2:mapped:1660,2,1660.0,SR_epithalamus,SR_EpiThal,Subcortex,R,mapped,15.359375000000007,False,983,983,1.0,0.25275242730617004,0.30390488806531035,1.6519124990527136,cm033,unaccepted
L2:mapped:1663,2,1663.0,SR_pretectum,SR_PrT,Subcortex,R,mapped,26.54687500000001,False,1699,1699,1.0,0.2358837695508843,0.23659343672560856,1.6435681659635133,cm033,unaccepted
L2:mapped:1670,2,1670.0,SR_midbrain,SR_Mid,Subcortex,R,mapped,635.8437500000002,False,40694,29992,0.7370128274438492,0.0595548755234318,0.05516237973687223,0.3891345806387608,cm033,unaccepted
L2:mapped:1712,2,1712.0,SR_pons,SR_Pons,Subcortex,R,mapped,782.1093750000003,False,50055,2831,0.056557786434921584,0.005770600332175707,0.007894158147566005,0.06655707992137254,cm033,unaccepted
L2:mapped:1748,2,1748.0,SR_cerebellum,SR_Cb,Subcortex,R,mapped,3437.1718750000014,False,219979,64546,0.29341891726028396,0.06590835598732937,0.05334802361712482,0.3381115503491209,cm033,unaccepted
L2:mapped:1787,2,1787.0,SR_medulla,SR_Med,Subcortex,R,mapped,472.2343750000002,False,30223,0,0.0,,,,cm033,unaccepted
L3:zero_unassigned:0,3,0.0,Atlas label 0 (unassigned),,Unassigned,Unknown,zero_unassigned,190501.3437500001,False,12192086,2388420,0.19589920871621147,0.0386388758197269,0.02350810672982124,0.14923857980962008,cm033,unaccepted
L3:mapped:3,3,3.0,CL_anterior_cingulate_cortex,CL_ACC,Cortex,L,mapped,414.39062500000017,False,26521,22559,0.8506089513970061,-0.10915963314480537,-0.1342371974020887,-0.6170109344434277,cm033,unaccepted
L3:mapped:11,3,11.0,CL_midcingulate_cortex,CL_MCC,Cortex,L,mapped,188.37500000000009,False,12056,12056,1.0,0.24204494196455886,0.2691856752656865,1.201177128520707,cm033,unaccepted
L3:mapped:17,3,17.0,CL_medial_orbital_frontal_cortex,CL_med_OFC,Cortex,L,mapped,305.6093750000001,False,19559,2304,0.11779743340661589,-0.018557205106171648,-0.03915467629007876,-0.13665285995775645,cm033,unaccepted
L3:mapped:25,3,25.0,CL_lateral_orbital_frontal_cortex,CL_lat_OFC,Cortex,L,mapped,708.1406250000003,False,45321,2351,0.051874407007788885,-0.03349553534940837,-0.022979705597746737,-0.130269685282629,cm033,unaccepted
L3:mapped:37,3,37.0,CL_caudal_orbital_frontal_cortex,CL_caudal_OFC,Cortex,L,mapped,331.17187500000017,False,21195,1093,0.05156876621844775,-0.40045194651036814,-0.40757084252618603,-2.2756400587962617,cm033,unaccepted
L3:mapped:51,3,51.0,CL_periarcuate_area_8A_(Frontal_Eye_Fields),CL_area_8A,Cortex,L,mapped,105.62500000000004,False,6760,1164,0.17218934911242603,0.1519977026576174,0.15547587698503318,1.0033258197739134,cm033,unaccepted
L3:mapped:54,3,54.0,CL_dorsolateral_prefrontal_cortex,CL_dlPFC,Cortex,L,mapped,878.7187500000003,False,56238,20253,0.3601301611010349,0.048620815608166744,0.047365368601234484,0.25553150849952844,cm033,unaccepted
L3:mapped:64,3,64.0,CL_ventrolateral_prefrontal_cortex,CL_vlPFC,Cortex,L,mapped,680.8593750000003,False,43575,3200,0.07343660355708548,0.01612095167765098,-0.04055722090360635,-0.22845003135372793,cm033,unaccepted
L3:mapped:78,3,78.0,CL_lateral_motor_cortex,CL_M1/PM,Cortex,L,mapped,2230.484375000001,False,142751,61270,0.42920890221434527,-0.03301706975963282,-0.02635880875746773,-0.15500414176449093,cm033,unaccepted
L3:mapped:87,3,87.0,CL_medial_supplementary_motor_areas,CL_SMA/preSMA,Cortex,L,mapped,311.5156250000001,False,19937,12592,0.6315895069468827,-0.026365680475124637,-0.021285764244212635,-0.09302073966623088,cm033,unaccepted
L3:mapped:92,3,92.0,CL_primary_somatosensory_cortex,CL_SI,Cortex,L,mapped,900.6875000000005,False,57644,40777,0.7073936576226494,-0.02134900624648551,-0.022051024795483196,-0.13763604009882746,cm033,unaccepted
L3:mapped:95,3,95.0,CL_secondary_somatosensory_cortex,CL_SII,Cortex,L,mapped,285.3125000000001,False,18260,17547,0.9609529025191675,-0.14542462543271734,-0.15827451133152243,-0.9471725703781384,cm033,unaccepted
L3:mapped:97,3,97.0,CL_visual_areas_V6_and_V6A,CL_V6/V6A,Cortex,L,mapped,95.54687500000004,False,6115,6115,1.0,0.3277944564146685,0.3567649247607957,1.136147462108555,cm033,unaccepted
L3:mapped:102,3,102.0,CL_area_5,CL_area_5,Cortex,L,mapped,446.93750000000017,False,28604,27575,0.964026010348203,0.006355558362064142,-0.015150597015300006,-0.09055368858717085,cm033,unaccepted
L3:mapped:107,3,107.0,CL_ventromedial_intraparietal_sulcus,CL_vm_IPS,Cortex,L,mapped,309.7812500000001,False,19826,19826,1.0,0.2707578899115445,0.18951370299315182,0.7759578466997485,cm033,unaccepted
L3:mapped:113,3,113.0,CL_lateral_intraparietal_sulcus,CL_lat_IPS,Cortex,L,mapped,333.00000000000017,False,21312,20930,0.9820758258258259,0.07538908762792716,0.01029683175441274,0.05493016340828219,cm033,unaccepted
L3:mapped:119,3,119.0,CL_medial_superior_temporal_area,CL_MST,Cortex,L,mapped,150.20312500000006,False,9613,9612,0.999895974201602,0.24236305708210576,0.21537853817896835,1.058349495842834,cm033,unaccepted
L3:mapped:120,3,120.0,CL_area_7_in_the_inferior_parietal_lobule,CL_area_7_in_IPL,Cortex,L,mapped,560.8125000000002,False,35892,28288,0.7881422043909506,0.16378516438255153,0.1093574957975776,0.6230016117936619,cm033,unaccepted
L3:mapped:126,3,126.0,CL_area_7_(PGm)_on_the_medial_wall,CL_area_7m,Cortex,L,mapped,183.04687500000009,False,11715,11713,0.9998292787025181,0.08339967114408207,0.03286800005186831,0.09841401221070965,cm033,unaccepted
L3:mapped:127,3,127.0,CL_posterior_cingulate_gyrus,CL_PCgG,Cortex,L,mapped,509.1250000000002,False,32584,32578,0.9998158605450528,0.20279881234567962,0.19852023491334486,0.9107230603709752,cm033,unaccepted
L3:mapped:148,3,148.0,CL_parahippocampal_cortex,CL_paraHipp,Cortex,L,mapped,143.18750000000006,False,9164,287,0.031318201658664335,0.08235685596787899,0.07598282993868985,0.5412466939463114,cm033,unaccepted
L3:mapped:153,3,153.0,CL_rhinal_cortex,CL_Rh,Cortex,L,mapped,280.2343750000001,False,17935,55,0.0030666294954000556,-0.019621534039530823,-0.039214308434785176,-0.3166147959896732,cm033,unaccepted
L3:mapped:165,3,165.0,CL_temporal_pole,CL_TG,Cortex,L,mapped,315.5156250000001,False,20193,46,0.0022780171346506216,0.014577750618419285,0.017586690113217784,0.1404004362748112,cm033,unaccepted
L3:mapped:176,3,176.0,CL_area_TEO,CL_TEO,Cortex,L,mapped,284.3437500000001,False,18198,505,0.027750302231014396,-0.0177411622868228,-0.014031321347198911,-0.12104508977052676,cm033,unaccepted
L3:mapped:177,3,177.0,CL_area_TE,CL_TE,Cortex,L,mapped,1175.3906250000005,False,75225,5213,0.06929877035559986,-0.03017962870383191,-0.016582018262842932,-0.14384783939905307,cm033,unaccepted
L3:mapped:188,3,188.0,CL_fundus_of_the_superior_temporal_sulcus,CL_STSf,Cortex,L,mapped,425.15625000000017,False,27210,18267,0.6713340683572216,0.006061370674083391,0.002603314269417128,0.002906519536849922,cm033,unaccepted
L3:mapped:194,3,194.0,CL_rostral_superior_temporal_region,CL_STGr/STSd,Cortex,L,mapped,593.8125000000002,False,38004,17082,0.44947900221029363,-0.02569789120357899,-0.028880209111686227,-0.23103271450593973,cm033,unaccepted
L3:mapped:199,3,199.0,CL_caudal_superior_temporal_gyrus,CL_STGc,Cortex,L,mapped,260.3125000000001,False,16660,4433,0.2660864345738295,0.14825750842919266,0.1556199870665126,0.9051052735207311,cm033,unaccepted
L3:mapped:205,3,205.0,CL_belt_areas_of_auditory_cortex,CL_belt,Cortex,L,mapped,316.8750000000001,False,20280,14819,0.7307199211045365,0.015531066480551806,0.010688521409966917,0.07630820479780753,cm033,unaccepted
L3:mapped:218,3,218.0,CL_polar_rostrotemporal_cortex,CL_RTp,Cortex,L,mapped,28.031250000000014,False,1794,68,0.0379041248606466,0.02100904106687625,0.019325964266716025,0.1574610346234827,cm033,unaccepted
L3:mapped:219,3,219.0,CL_core_areas_of_auditory_cortex,CL_core,Cortex,L,mapped,159.23437500000006,False,10191,9623,0.9442645471494456,0.006615780786420844,0.012099837397268668,0.05229406001190496,cm033,unaccepted
L3:mapped:224,3,224.0,CL_floor_of_the_lateral_sulcus,CL_floor_of_ls,Cortex,L,mapped,303.2968750000001,False,19411,17738,0.9138117562206997,-0.22679731311268517,-0.18411627873482694,-1.0726193324503637,cm033,unaccepted
L3:mapped:232,3,232.0,CL_middle_temporal_area,CL_MT,Cortex,L,mapped,94.67187500000004,False,6059,5445,0.8986631457336194,0.18503303087187112,0.14118197189708176,0.750148946462002,cm033,unaccepted
L3:mapped:234,3,234.0,CL_visual_area_4,CL_V4,Cortex,L,mapped,764.9843750000003,False,48959,16192,0.3307257092669376,0.3523515614474552,0.35340176415796565,1.6990775487833134,cm033,unaccepted
L3:mapped:237,3,237.0,CL_preoccipital_visual_areas_2-3,CL_V2-V3,Cortex,L,mapped,2091.375000000001,False,133848,81357,0.6078312712928098,0.2806596122636735,0.20058191375087628,0.9396681166430736,cm033,unaccepted
L3:mapped:246,3,246.0,CL_primary_visual_cortex,CL_V1,Cortex,L,mapped,1965.546875000001,False,125795,70942,0.5639492825629,0.06974176630625964,0.051326538438694606,0.27427915328805375,cm033,unaccepted
L3:mapped:503,3,503.0,CR_anterior_cingulate_cortex,CR_ACC,Cortex,R,mapped,414.39062500000017,False,26521,21653,0.8164473436144942,0.033293925365965205,0.04413329695931988,0.2507008504638207,cm033,unaccepted
L3:mapped:511,3,511.0,CR_midcingulate_cortex,CR_MCC,Cortex,R,mapped,188.37500000000009,False,12056,12056,1.0,0.14140105495813918,0.13925423092889885,0.7074108213534689,cm033,unaccepted
L3:mapped:517,3,517.0,CR_medial_orbital_frontal_cortex,CR_med_OFC,Cortex,R,mapped,305.6093750000001,False,19559,2231,0.11406513625440974,-0.02905194237212495,-0.07983721294776215,-0.28951591810096355,cm033,unaccepted
L3:mapped:525,3,525.0,CR_lateral_orbital_frontal_cortex,CR_lat_OFC,Cortex,R,mapped,708.1406250000003,False,45321,264,0.005825114185476931,-0.11690714055132231,-0.12146523300274484,-0.5162628962974676,cm033,unaccepted
L3:mapped:537,3,537.0,CR_caudal_orbital_frontal_cortex,CR_caudal_OFC,Cortex,R,mapped,331.17187500000017,False,21195,1206,0.056900212314225054,0.021395027044966885,0.024824589409965334,0.18155834670648807,cm033,unaccepted
L3:mapped:551,3,551.0,CR_periarcuate_area_8A_(Frontal_Eye_Fields),CR_area_8A,Cortex,R,mapped,105.62500000000004,False,6760,4663,0.689792899408284,0.030852045315671314,0.02777741789527853,0.23238256549361538,cm033,unaccepted
L3:mapped:554,3,554.0,CR_dorsolateral_prefrontal_cortex,CR_dlPFC,Cortex,R,mapped,878.7187500000003,False,56238,17186,0.3055940822931114,0.16180089367051861,0.11820403829873286,0.7592406605171764,cm033,unaccepted
L3:mapped:564,3,564.0,CR_ventrolateral_prefrontal_cortex,CR_vlPFC,Cortex,R,mapped,680.8593750000003,False,43575,822,0.018864027538726333,-0.06772163624533394,-0.05996762551725187,-0.25879455397322537,cm033,unaccepted
L3:mapped:578,3,578.0,CR_lateral_motor_cortex,CR_M1/PM,Cortex,R,mapped,2230.484375000001,False,142751,82862,0.5804652857072805,0.043847520756015036,0.05417867017864384,0.33545715120050024,cm033,unaccepted
L3:mapped:587,3,587.0,CR_medial_supplementary_motor_areas,CR_SMA/preSMA,Cortex,R,mapped,311.5156250000001,False,19937,13122,0.6581732457240307,0.1167551543115867,0.10936757974413541,0.576868355085068,cm033,unaccepted
L3:mapped:592,3,592.0,CR_primary_somatosensory_cortex,CR_SI,Cortex,R,mapped,900.6875000000005,False,57644,51413,0.8919054888626744,-0.001294451823264604,0.02017712809985578,0.12344208600036244,cm033,unaccepted
L3:mapped:595,3,595.0,CR_secondary_somatosensory_cortex,CR_SII,Cortex,R,mapped,285.3125000000001,False,18260,17954,0.9832420591456736,-0.03607381529561167,-0.042165116876698196,-0.23794828535712922,cm033,unaccepted
L3:mapped:597,3,597.0,CR_visual_areas_V6_and_V6A,CR_V6/V6A,Cortex,R,mapped,95.54687500000004,False,6115,6115,1.0,0.10533683624116294,0.11221923732388836,0.41710088264208917,cm033,unaccepted
L3:mapped:602,3,602.0,CR_area_5,CR_area_5,Cortex,R,mapped,446.93750000000017,False,28604,28227,0.9868200251713047,0.16800196735687473,0.1582622573676628,0.8122404137213204,cm033,unaccepted
L3:mapped:607,3,607.0,CR_ventromedial_intraparietal_sulcus,CR_vm_IPS,Cortex,R,mapped,309.7812500000001,False,19826,19826,1.0,0.26816186982163104,0.2197833323048547,1.126375763532241,cm033,unaccepted
L3:mapped:613,3,613.0,CR_lateral_intraparietal_sulcus,CR_lat_IPS,Cortex,R,mapped,333.00000000000017,False,21312,21236,0.996433933933934,0.1452361831947769,0.15293286543415227,0.7937574048139946,cm033,unaccepted
L3:mapped:619,3,619.0,CR_medial_superior_temporal_area,CR_MST,Cortex,R,mapped,150.20312500000006,False,9613,9613,1.0,0.2739870686931728,0.26501213738387447,1.468962496575959,cm033,unaccepted
L3:mapped:620,3,620.0,CR_area_7_in_the_inferior_parietal_lobule,CR_area_7_in_IPL,Cortex,R,mapped,560.8125000000002,False,35892,34762,0.9685166610943943,0.0477514339766148,0.05018877608927277,0.30623604246696856,cm033,unaccepted
L3:mapped:626,3,626.0,CR_area_7_(PGm)_on_the_medial_wall,CR_area_7m,Cortex,R,mapped,183.04687500000009,False,11715,11713,0.9998292787025181,0.10760088161728365,0.08916410226780003,0.32311358896205233,cm033,unaccepted
L3:mapped:627,3,627.0,CR_posterior_cingulate_gyrus,CR_PCgG,Cortex,R,mapped,509.1250000000002,False,32584,32578,0.9998158605450528,0.18131192213984548,0.16242024708516778,0.7967445579583824,cm033,unaccepted
L3:mapped:648,3,648.0,CR_parahippocampal_cortex,CR_paraHipp,Cortex,R,mapped,143.18750000000006,False,9164,671,0.07322130074203405,0.035091336863838134,0.026210000237107733,0.19612060598865466,cm033,unaccepted
L3:mapped:653,3,653.0,CR_rhinal_cortex,CR_Rh,Cortex,R,mapped,280.2343750000001,False,17935,114,0.00635628659046557,0.13087627481071304,0.13339473831606913,0.7475679864044145,cm033,unaccepted
L3:mapped:665,3,665.0,CR_temporal_pole,CR_TG,Cortex,R,mapped,315.5156250000001,False,20193,530,0.026246719160104987,-0.0762007638174761,-0.06991485981463727,-0.5652126947929412,cm033,unaccepted
L3:mapped:676,3,676.0,CR_area_TEO,CR_TEO,Cortex,R,mapped,284.3437500000001,False,18198,340,0.0186833717990988,0.010032688497415357,0.023274574848164975,0.180282661835539,cm033,unaccepted
L3:mapped:677,3,677.0,CR_area_TE,CR_TE,Cortex,R,mapped,1175.3906250000005,False,75225,2631,0.03497507477567298,0.03688737870367668,0.030864242368199967,0.2627866618029844,cm033,unaccepted
L3:mapped:688,3,688.0,CR_fundus_of_the_superior_temporal_sulcus,CR_STSf,Cortex,R,mapped,425.15625000000017,False,27210,12759,0.4689084895259096,0.06623559343804979,0.05503707624831063,0.3740996032027809,cm033,unaccepted
L3:mapped:694,3,694.0,CR_rostral_superior_temporal_region,CR_STGr/STSd,Cortex,R,mapped,593.8125000000002,False,38004,9348,0.24597410798863278,0.0693434848425927,0.06443946457924368,0.46696060049521637,cm033,unaccepted
L3:mapped:699,3,699.0,CR_caudal_superior_temporal_gyrus,CR_STGc,Cortex,R,mapped,260.3125000000001,False,16660,8187,0.4914165666266507,0.17012861678905705,0.167983288486627,1.0639473380016418,cm033,unaccepted
L3:mapped:705,3,705.0,CR_belt_areas_of_auditory_cortex,CR_belt,Cortex,R,mapped,316.8750000000001,False,20280,17795,0.877465483234714,0.12922723304167122,0.12846475549786102,0.8130602906985982,cm033,unaccepted
L3:mapped:718,3,718.0,CR_polar_rostrotemporal_cortex,CR_RTp,Cortex,R,mapped,28.031250000000014,False,1794,141,0.07859531772575251,-0.039041343339860146,-0.0349757132996647,-0.2846119785062488,cm033,unaccepted
L3:mapped:719,3,719.0,CR_core_areas_of_auditory_cortex,CR_core,Cortex,R,mapped,159.23437500000006,False,10191,9783,0.9599646747129821,0.10313644974480715,0.09907230102323933,0.6072397877572918,cm033,unaccepted
L3:mapped:724,3,724.0,CR_floor_of_the_lateral_sulcus,CR_floor_of_ls,Cortex,R,mapped,303.2968750000001,False,19411,17649,0.9092267271134924,0.035286715854812786,0.05623685048922775,0.32648450563692333,cm033,unaccepted
L3:mapped:732,3,732.0,CR_middle_temporal_area,CR_MT,Cortex,R,mapped,94.67187500000004,False,6059,5806,0.9582439346426803,0.28664659346413496,0.2416207716180552,1.4403180658057568,cm033,unaccepted
L3:mapped:734,3,734.0,CR_visual_area_4,CR_V4,Cortex,R,mapped,764.9843750000003,False,48959,17720,0.3619354970485508,0.16218891726361442,0.13573477795034755,0.7423602724873706,cm033,unaccepted
L3:mapped:737,3,737.0,CR_preoccipital_visual_areas_2-3,CR_V2-V3,Cortex,R,mapped,2091.375000000001,False,133848,86592,0.6469428007889546,0.15371052104850225,0.12053162111864585,0.6277459764776865,cm033,unaccepted
L3:mapped:746,3,746.0,CR_primary_visual_cortex,CR_V1,Cortex,R,mapped,1965.546875000001,False,125795,77498,0.6160658213760484,0.10186594816177905,0.08950229490882698,0.4543318278797964,cm033,unaccepted
L3:mapped:1003,3,1003.0,SL_lateral_pallium,SL_LPal,Subcortex,L,mapped,255.1562500000001,False,16330,10674,0.6536436007348438,-0.03391562263931997,-0.013772061739156058,-0.0853076642147634,cm033,unaccepted
L3:mapped:1005,3,1005.0,SL_ventral_pallium,SL_VPal,Subcortex,L,mapped,54.51562500000002,False,3489,136,0.03897965032960734,-0.06916437800802161,-0.07123229027145236,-0.5656190606911085,cm033,unaccepted
L3:mapped:1011,3,1011.0,SL_hippocampal_formation,SL_HF,Subcortex,L,mapped,532.0937500000002,False,34054,6478,0.19022728607505726,-0.027427179326608268,-0.029478277150331644,-0.20104452514738047,cm033,unaccepted
L3:mapped:1023,3,1023.0,SL_fornix,SL_f,Subcortex,L,mapped,43.40625000000002,False,2778,2775,0.9989200863930886,0.259807624078662,0.25500893953348486,1.3273952022769524,cm033,unaccepted
L3:mapped:1025,3,1025.0,SL_pallial_amygdala,SL_pAmy,Subcortex,L,mapped,217.79687500000009,False,13939,2300,0.16500466317526366,-0.11138518451852852,-0.10431387822450956,-0.8214400455443526,cm033,unaccepted
L3:mapped:1040,3,1040.0,SL_subpallial_amygdala,SL_spAmy,Subcortex,L,mapped,84.20312500000004,False,5389,1018,0.18890332158099832,-0.1916293953968605,-0.19014258340707157,-1.3743067172635044,cm033,unaccepted
L3:mapped:1051,3,1051.0,SL_striatum,SL_Str,Subcortex,L,mapped,1922.421875000001,False,123035,87203,0.708765798350063,-0.07059673552924689,-0.09224290102755812,-0.44820132099766596,cm033,unaccepted
L3:mapped:1062,3,1062.0,SL_pallidum,SL_Pd,Subcortex,L,mapped,338.59375000000017,False,21670,14265,0.6582833410244577,-0.10466837066982397,-0.14811590091240628,-0.913828384806543,cm033,unaccepted
L3:mapped:1069,3,1069.0,SL_diagonal_subpallium,SL_DSP,Subcortex,L,mapped,182.70312500000009,False,11693,6125,0.5238176686906696,-0.04970364403330205,-0.08916581825631967,-0.45895971880188036,cm033,unaccepted
L3:mapped:1077,3,1077.0,SL_preoptic_complex,SL_POC,Subcortex,L,mapped,174.67187500000009,False,11179,899,0.08041864209678862,0.11112093964029755,0.10892389710326528,0.5864595832643442,cm033,unaccepted
L3:mapped:1084,3,1084.0,SL_tuberal_hypothalamus,SL_THy,Subcortex,L,mapped,154.64062500000006,False,9897,5262,0.5316762655350106,0.09852637990316844,0.07172022977813916,0.40427166932312236,cm033,unaccepted
L3:mapped:1100,3,1100.0,SL_posterior_hypothalamus,SL_PHy,Subcortex,L,mapped,36.843750000000014,False,2358,1937,0.8214588634435963,0.11890118650157258,0.10342305637544884,0.6367487384907811,cm033,unaccepted
L3:mapped:1108,3,1108.0,SL_pituitary,SL_Pit,Subcortex,L,mapped,44.29687500000002,False,2835,0,0.0,,,,cm033,unaccepted
L3:mapped:1112,3,1112.0,SL_zona_incerta_and_lenticular_fascicles,SL_ZI-H,Subcortex,L,mapped,37.375000000000014,False,2392,2392,1.0,0.22418004200350067,0.21665070047598686,1.2142155673860717,cm033,unaccepted
L3:mapped:1114,3,1114.0,SL_reticular_thalamus,SL_Rt,Subcortex,L,mapped,68.90625000000003,False,4410,4410,1.0,0.0316814830725237,0.01828350440747472,0.11386472806178963,cm033,unaccepted
L3:mapped:1115,3,1115.0,SL_medial_thalamus,SL_MThal,Subcortex,L,mapped,208.23437500000009,False,13327,13327,1.0,0.16857637004075063,0.17438740474039457,0.9490868298153604,cm033,unaccepted
L3:mapped:1127,3,1127.0,SL_midline_thalamus,SL_MLThal,Subcortex,L,mapped,71.21875000000003,False,4558,4558,1.0,0.22692129892591195,0.23835383656280695,1.2561799836787344,cm033,unaccepted
L3:mapped:1135,3,1135.0,SL_ventral_thalamus,SL_VThal,Subcortex,L,mapped,291.4218750000001,False,18651,18651,1.0,0.1210067186820002,0.1266819085751852,0.7261725681604824,cm033,unaccepted
L3:mapped:1148,3,1148.0,SL_posterior_thalamus,SL_PThal,Subcortex,L,mapped,208.48437500000009,False,13343,13340,0.99977516300682,0.1504114759868426,0.14446502256035298,0.8297138791598353,cm033,unaccepted
L3:mapped:1157,3,1157.0,SL_geniculate_thalamus,SL_GThal,Subcortex,L,mapped,121.76562500000006,False,7793,4812,0.6174772231489799,0.17966828696581524,0.17981902764083735,1.222271795142452,cm033,unaccepted
L3:mapped:1160,3,1160.0,SL_epithalamus,SL_EpiThal,Subcortex,L,mapped,15.359375000000007,False,983,983,1.0,0.12982050543008153,0.13165425429625727,0.7040476308261086,cm033,unaccepted
L3:mapped:1163,3,1163.0,SL_pretectum,SL_PrT,Subcortex,L,mapped,26.54687500000001,False,1699,1699,1.0,0.11838290221602968,0.08734117250848766,0.6004601094358684,cm033,unaccepted
L3:mapped:1171,3,1171.0,SL_dorsal_midbrain,SL_DMid,Subcortex,L,mapped,189.04687500000009,False,12099,11784,0.973964790478552,0.11459271180459041,0.11177736928752996,0.7147516503629245,cm033,unaccepted
L3:mapped:1180,3,1180.0,SL_lateral_midbrain,SL_LMid,Subcortex,L,mapped,118.42187500000006,False,7579,6781,0.8947090645203852,0.004345627262522298,-0.019649464996467775,-0.13633037010847457,cm033,unaccepted
L3:mapped:1192,3,1192.0,SL_medial_midbrain,SL_MMid,Subcortex,L,mapped,67.01562500000003,False,4289,2211,0.5155047796689205,0.05567839263216358,0.06871004049379333,0.43640348537266205,cm033,unaccepted
L3:mapped:1200,3,1200.0,SL_ventral_midbrain,SL_VMid,Subcortex,L,mapped,261.3593750000001,False,16727,9526,0.5694984157350391,0.02864166195134735,0.033832162976481145,0.23772326411956557,cm033,unaccepted
L3:mapped:1213,3,1213.0,SL_dorsal_pons,SL_DPons,Subcortex,L,mapped,69.45312500000003,False,4445,444,0.09988751406074241,-0.049418555467454175,-0.05372584526441152,-0.43349257051080703,cm033,unaccepted
L3:mapped:1226,3,1226.0,SL_lateral_pons,SL_LPons,Subcortex,L,mapped,27.73437500000001,False,1775,565,0.3183098591549296,-0.04652939604994752,-0.04873479348163041,-0.403245161997547,cm033,unaccepted
L3:mapped:1231,3,1231.0,SL_ventral_pons,SL_VPons,Subcortex,L,mapped,684.9218750000003,False,43835,778,0.017748374586517623,0.0012113313741857698,-0.005664302537522816,-0.04681628653688355,cm033,unaccepted
L3:mapped:1249,3,1249.0,SL_cerebellar_white_matter,SL_wmCB,Subcortex,L,mapped,48.92187500000002,False,3131,0,0.0,,,,cm033,unaccepted
L3:mapped:1252,3,1252.0,SL_deep_cerebellar_nuclei,SL_DCb,Subcortex,L,mapped,130.18750000000006,False,8332,1199,0.14390302448391742,0.20982117389859764,0.20686136129843313,1.1652613366472482,cm033,unaccepted
L3:mapped:1258,3,1258.0,SL_cerebellar_cortex,SL_CbCx,Subcortex,L,mapped,3258.0625000000014,False,208516,64066,0.3072474054748796,0.0663844530955765,0.07439445173049127,0.40715803536557216,cm033,unaccepted
L3:mapped:1288,3,1288.0,SL_dorsal_medulla,SL_DMed,Subcortex,L,mapped,225.8593750000001,False,14455,0,0.0,,,,cm033,unaccepted
L3:mapped:1306,3,1306.0,SL_intermediate_medulla,SL_IMed,Subcortex,L,mapped,134.78125000000006,False,8626,0,0.0,,,,cm033,unaccepted
L3:mapped:1318,3,1318.0,SL_ventral_medulla,SL_VMed,Subcortex,L,mapped,111.59375000000004,False,7142,0,0.0,,,,cm033,unaccepted
L3:mapped:1503,3,1503.0,SR_lateral_pallium,SR_LPal,Subcortex,R,mapped,255.1562500000001,False,16330,10174,0.6230251071647275,0.13075111971094952,0.13688573497294693,0.9415626277855311,cm033,unaccepted
L3:mapped:1505,3,1505.0,SR_ventral_pallium,SR_VPal,Subcortex,R,mapped,54.51562500000002,False,3489,72,0.02063628546861565,-0.04291731993380984,-0.04546854270293817,-0.34466655116731343,cm033,unaccepted
L3:mapped:1511,3,1511.0,SR_hippocampal_formation,SR_HF,Subcortex,R,mapped,532.0937500000002,False,34054,6548,0.19228284489340458,0.03421497744660403,0.001536388784783385,0.003369397023274462,cm033,unaccepted
L3:mapped:1523,3,1523.0,SR_fornix,SR_f,Subcortex,R,mapped,43.40625000000002,False,2778,2771,0.9974802015838733,0.3286208375506735,0.32899047361314715,1.6333669208031587,cm033,unaccepted
L3:mapped:1525,3,1525.0,SR_pallial_amygdala,SR_pAmy,Subcortex,R,mapped,217.79687500000009,False,13939,1819,0.13049716622426286,-0.021464144481399026,-0.023574108295607347,-0.1824879740568949,cm033,unaccepted
L3:mapped:1540,3,1540.0,SR_subpallial_amygdala,SR_spAmy,Subcortex,R,mapped,84.20312500000004,False,5389,302,0.056040081647801075,-0.03464828054977955,-0.03850471858609407,-0.2852756696548546,cm033,unaccepted
L3:mapped:1551,3,1551.0,SR_striatum,SR_Str,Subcortex,R,mapped,1922.421875000001,False,123035,85012,0.6909578575202179,0.09068683198984936,0.09668996055586665,0.5301702756066771,cm033,unaccepted
L3:mapped:1562,3,1562.0,SR_pallidum,SR_Pd,Subcortex,R,mapped,338.59375000000017,False,21670,15825,0.7302722658052607,0.000223396002770832,-0.009393814692636546,-0.08325774919964402,cm033,unaccepted
L3:mapped:1569,3,1569.0,SR_diagonal_subpallium,SR_DSP,Subcortex,R,mapped,182.70312500000009,False,11693,5994,0.5126143846745916,0.1533387116486425,0.1317761776902381,0.7063541602447674,cm033,unaccepted
L3:mapped:1577,3,1577.0,SR_preoptic_complex,SR_POC,Subcortex,R,mapped,174.67187500000009,False,11179,353,0.03157706413811611,0.02423046741544418,0.01753576605795497,0.12978561103692957,cm033,unaccepted
L3:mapped:1584,3,1584.0,SR_tuberal_hypothalamus,SR_THy,Subcortex,R,mapped,154.64062500000006,False,9897,5595,0.5653228250985147,0.11375854874340427,0.11667439619239008,0.7510163400632625,cm033,unaccepted
L3:mapped:1600,3,1600.0,SR_posterior_hypothalamus,SR_PHy,Subcortex,R,mapped,36.843750000000014,False,2358,1883,0.7985581000848176,0.1627210505860455,0.1526769443026409,0.9682905404722415,cm033,unaccepted
L3:mapped:1608,3,1608.0,SR_pituitary,SR_Pit,Subcortex,R,mapped,44.29687500000002,False,2835,0,0.0,,,,cm033,unaccepted
L3:mapped:1612,3,1612.0,SR_zona_incerta_and_lenticular_fascicles,SR_ZI-H,Subcortex,R,mapped,37.375000000000014,False,2392,2392,1.0,0.14068559457395827,0.10454670207329383,0.7075077055210848,cm033,unaccepted
L3:mapped:1614,3,1614.0,SR_reticular_thalamus,SR_Rt,Subcortex,R,mapped,68.90625000000003,False,4410,4410,1.0,0.12381934082245356,0.07724325149987987,0.430023753329163,cm033,unaccepted
L3:mapped:1615,3,1615.0,SR_medial_thalamus,SR_MThal,Subcortex,R,mapped,208.23437500000009,False,13327,13327,1.0,0.2802239150763113,0.28536241693427644,1.598891991666058,cm033,unaccepted
L3:mapped:1627,3,1627.0,SR_midline_thalamus,SR_MLThal,Subcortex,R,mapped,71.21875000000003,False,4558,4558,1.0,0.27761058719856824,0.2886485131282114,1.5622737407603595,cm033,unaccepted
L3:mapped:1635,3,1635.0,SR_ventral_thalamus,SR_VThal,Subcortex,R,mapped,291.4218750000001,False,18651,18651,1.0,0.22636604706195765,0.22901362111102497,1.201724747613429,cm033,unaccepted
L3:mapped:1648,3,1648.0,SR_posterior_thalamus,SR_PThal,Subcortex,R,mapped,208.48437500000009,False,13343,13343,1.0,0.11367969056682194,0.11883923130706958,0.7346134581830839,cm033,unaccepted
L3:mapped:1657,3,1657.0,SR_geniculate_thalamus,SR_GThal,Subcortex,R,mapped,121.76562500000006,False,7793,4654,0.5972026177338637,0.1229976853382422,0.13786632632690207,0.9053056935347817,cm033,unaccepted
L3:mapped:1660,3,1660.0,SR_epithalamus,SR_EpiThal,Subcortex,R,mapped,15.359375000000007,False,983,983,1.0,0.25275242730617004,0.30390488806531035,1.6519124990527136,cm033,unaccepted
L3:mapped:1663,3,1663.0,SR_pretectum,SR_PrT,Subcortex,R,mapped,26.54687500000001,False,1699,1699,1.0,0.2358837695508843,0.23659343672560856,1.6435681659635133,cm033,unaccepted
L3:mapped:1671,3,1671.0,SR_dorsal_midbrain,SR_DMid,Subcortex,R,mapped,189.04687500000009,False,12099,11837,0.9783453177948591,0.07599497112470335,0.07466312477391761,0.4940664653273687,cm033,unaccepted
L3:mapped:1680,3,1680.0,SR_lateral_midbrain,SR_LMid,Subcortex,R,mapped,118.42187500000006,False,7579,6984,0.9214936007388838,0.03500395275441142,0.011994969206489103,0.08590861496299979,cm033,unaccepted
L3:mapped:1692,3,1692.0,SR_medial_midbrain,SR_MMid,Subcortex,R,mapped,67.01562500000003,False,4289,2271,0.5294940545581721,0.05119690777796453,0.06074097814692383,0.4007842127364488,cm033,unaccepted
L3:mapped:1700,3,1700.0,SR_ventral_midbrain,SR_VMid,Subcortex,R,mapped,261.3593750000001,False,16727,8900,0.532073892509117,0.0590878168421445,0.06353345807494885,0.4880338381528141,cm033,unaccepted
L3:mapped:1713,3,1713.0,SR_dorsal_pons,SR_DPons,Subcortex,R,mapped,69.45312500000003,False,4445,584,0.13138357705286838,0.007671398287635024,0.01623634839475998,0.12350172740867355,cm033,unaccepted
L3:mapped:1726,3,1726.0,SR_lateral_pons,SR_LPons,Subcortex,R,mapped,27.73437500000001,False,1775,626,0.3526760563380282,0.04406994272783975,0.03308327125772486,0.26679420418496436,cm033,unaccepted
L3:mapped:1731,3,1731.0,SR_ventral_pons,SR_VPons,Subcortex,R,mapped,684.9218750000003,False,43835,1621,0.036979582525379265,-0.009704695377678657,-0.0073257457090134806,-0.06560348729138858,cm033,unaccepted
L3:mapped:1749,3,1749.0,SR_cerebellar_white_matter,SR_wmCB,Subcortex,R,mapped,48.92187500000002,False,3131,0,0.0,,,,cm033,unaccepted
L3:mapped:1752,3,1752.0,SR_deep_cerebellar_nuclei,SR_DCb,Subcortex,R,mapped,130.18750000000006,False,8332,778,0.09337493999039846,0.11631583417751092,0.09897753552995286,0.610432740078573,cm033,unaccepted
L3:mapped:1758,3,1758.0,SR_cerebellar_cortex,SR_CbCx,Subcortex,R,mapped,3258.0625000000014,False,208516,63768,0.30581825855090256,0.06529336072274586,0.05231258932404227,0.33307753885565544,cm033,unaccepted
L3:mapped:1788,3,1788.0,SR_dorsal_medulla,SR_DMed,Subcortex,R,mapped,225.8593750000001,False,14455,0,0.0,,,,cm033,unaccepted
L3:mapped:1806,3,1806.0,SR_intermediate_medulla,SR_IMed,Subcortex,R,mapped,134.78125000000006,False,8626,0,0.0,,,,cm033,unaccepted
L3:mapped:1818,3,1818.0,SR_ventral_medulla,SR_VMed,Subcortex,R,mapped,111.59375000000004,False,7142,0,0.0,,,,cm033,unaccepted
L4:zero_unassigned:0,4,0.0,Atlas label 0 (unassigned),,Unassigned,Unknown,zero_unassigned,190501.3437500001,False,12192086,2388420,0.19589920871621147,0.0386388758197269,0.02350810672982124,0.14923857980962008,cm033,unaccepted
L4:mapped:4,4,4.0,CL_area_32,CL_area_32,Cortex,L,mapped,91.60937500000004,False,5863,4033,0.6878731025072489,0.09855088753028378,0.11497182605896808,0.5281904221565332,cm033,unaccepted
L4:mapped:5,4,5.0,CL_subgenual_cortex,CL_area_25,Cortex,L,mapped,32.890625000000014,False,2105,0,0.0,,,,cm033,unaccepted
L4:mapped:6,4,6.0,CL_area_24,CL_area_24,Cortex,L,mapped,289.8906250000001,False,18553,18526,0.9985447097504446,-0.1543769779511659,-0.15976189128028925,-0.7403248255272177,cm033,unaccepted
L4:mapped:11,4,11.0,CL_midcingulate_cortex,CL_MCC,Cortex,L,mapped,188.37500000000009,False,12056,12056,1.0,0.24204494196455886,0.2691856752656865,1.201177128520707,cm033,unaccepted
L4:mapped:18,4,18.0,CL_frontal_pole,CL_area_10,Cortex,L,mapped,235.2968750000001,False,15059,2304,0.1529982070522611,-0.018557205106171648,-0.03915467629007876,-0.13665285995775645,cm033,unaccepted
L4:mapped:22,4,22.0,CL_gyrus_rectus,CL_area_14,Cortex,L,mapped,70.31250000000003,False,4500,0,0.0,,,,cm033,unaccepted
L4:mapped:26,4,26.0,CL_areas_11_and_13,CL_areas_11/13,Cortex,L,mapped,557.4062500000002,False,35674,2351,0.06590233783708023,-0.03349553534940837,-0.022979705597746737,-0.130269685282629,cm033,unaccepted
L4:mapped:34,4,34.0,CL_medial_and_orbital_area_12,CL_area_12m/o,Cortex,L,mapped,150.73437500000006,False,9647,0,0.0,,,,cm033,unaccepted
L4:mapped:38,4,38.0,CL_agranular_orbitofrontal_cortex,CL_OFa-p,Cortex,L,mapped,169.45312500000009,False,10845,0,0.0,,,,cm033,unaccepted
L4:key_level_conflict:45,4,45.0,CL_anterior_olfactory_cortex,CL_AON/TTv,Cortex,L,key_level_conflict,25.64062500000001,True,1641,0,0.0,,,,cm033,unaccepted
L4:mapped:47,4,47.0,CL_caudolateral_orbitofrontal_cortex,CL_cl_OFC,Cortex,L,mapped,136.07812500000006,False,8709,1093,0.1255023538867838,-0.40045194651036814,-0.40757084252618603,-2.2756400587962617,cm033,unaccepted
L4:mapped:51,4,51.0,CL_periarcuate_area_8A_(Frontal_Eye_Fields),CL_area_8A,Cortex,L,mapped,105.62500000000004,False,6760,1164,0.17218934911242603,0.1519977026576174,0.15547587698503318,1.0033258197739134,cm033,unaccepted
L4:mapped:55,4,55.0,CL_area_8B,CL_area_8B,Cortex,L,mapped,284.1562500000001,False,18186,10686,0.5875948531837677,0.03816977768531015,0.023394481030721295,0.13480838533546116,cm033,unaccepted
L4:mapped:59,4,59.0,CL_rostral_dorsolateral_prefrontal_cortex,CL_rostral_dlPFC,Cortex,L,mapped,594.5625000000002,False,38052,9567,0.2514191106906339,0.06029425464272779,0.06162372611410201,0.3291385549289218,cm033,unaccepted
L4:mapped:65,4,65.0,CL_rostral_ventrolateral_prefrontal_cortex,CL_rostral_vlPFC,Cortex,L,mapped,465.9531250000002,False,29821,1873,0.06280808825995104,-0.12172928890592033,-0.1148876952037417,-0.5501938752259409,cm033,unaccepted
L4:mapped:72,4,72.0,CL_caudal_ventrolateral_prefrontal_cortex,CL_caudal_vlPFC,Cortex,L,mapped,214.90625000000009,False,13754,1327,0.09648102370219573,0.21069028145385976,0.23620681964981108,1.2761335332302912,cm033,unaccepted
L4:mapped:79,4,79.0,CL_primary_motor_cortex,CL_M1,Cortex,L,mapped,762.1250000000003,False,48776,29068,0.5959488272921108,-0.09029755435480262,-0.12112940697802149,-0.6698391905213925,cm033,unaccepted
L4:mapped:80,4,80.0,CL_premotor_cortex,CL_PM,Cortex,L,mapped,1468.3593750000007,False,93975,32202,0.3426656025538707,0.01868869777693003,0.022423969386100147,0.1605210345907639,cm033,unaccepted
L4:mapped:87,4,87.0,CL_medial_supplementary_motor_areas,CL_SMA/preSMA,Cortex,L,mapped,311.5156250000001,False,19937,12592,0.6315895069468827,-0.026365680475124637,-0.021285764244212635,-0.09302073966623088,cm033,unaccepted
L4:mapped:92,4,92.0,CL_primary_somatosensory_cortex,CL_SI,Cortex,L,mapped,900.6875000000005,False,57644,40777,0.7073936576226494,-0.02134900624648551,-0.022051024795483196,-0.13763604009882746,cm033,unaccepted
L4:mapped:95,4,95.0,CL_secondary_somatosensory_cortex,CL_SII,Cortex,L,mapped,285.3125000000001,False,18260,17547,0.9609529025191675,-0.14542462543271734,-0.15827451133152243,-0.9471725703781384,cm033,unaccepted
L4:mapped:98,4,98.0,CL_visual_area_V6,CL_V6,Cortex,L,mapped,37.437500000000014,False,2396,2396,1.0,0.4121184204942815,0.4793716252422845,1.2843355582936566,cm033,unaccepted
L4:mapped:99,4,99.0,CL_visual_area_V6A,CL_V6A,Cortex,L,mapped,58.10937500000003,False,3719,3719,1.0,0.2734679659777895,0.24856659583217722,0.9218263935911504,cm033,unaccepted
L4:mapped:102,4,102.0,CL_area_5,CL_area_5,Cortex,L,mapped,446.93750000000017,False,28604,27575,0.964026010348203,0.006355558362064142,-0.015150597015300006,-0.09055368858717085,cm033,unaccepted
L4:mapped:107,4,107.0,CL_ventromedial_intraparietal_sulcus,CL_vm_IPS,Cortex,L,mapped,309.7812500000001,False,19826,19826,1.0,0.2707578899115445,0.18951370299315182,0.7759578466997485,cm033,unaccepted
L4:mapped:113,4,113.0,CL_lateral_intraparietal_sulcus,CL_lat_IPS,Cortex,L,mapped,333.00000000000017,False,21312,20930,0.9820758258258259,0.07538908762792716,0.01029683175441274,0.05493016340828219,cm033,unaccepted
L4:mapped:119,4,119.0,CL_medial_superior_temporal_area,CL_MST,Cortex,L,mapped,150.20312500000006,False,9613,9612,0.999895974201602,0.24236305708210576,0.21537853817896835,1.058349495842834,cm033,unaccepted
L4:mapped:120,4,120.0,CL_area_7_in_the_inferior_parietal_lobule,CL_area_7_in_IPL,Cortex,L,mapped,560.8125000000002,False,35892,28288,0.7881422043909506,0.16378516438255153,0.1093574957975776,0.6230016117936619,cm033,unaccepted
L4:mapped:126,4,126.0,CL_area_7_(PGm)_on_the_medial_wall,CL_area_7m,Cortex,L,mapped,183.04687500000009,False,11715,11713,0.9998292787025181,0.08339967114408207,0.03286800005186831,0.09841401221070965,cm033,unaccepted
L4:mapped:128,4,128.0,CL_posterior_cingulate_cortex,CL_PCC,Cortex,L,mapped,464.3281250000002,False,29717,29711,0.9997980953662886,0.2182105559587298,0.22295945981983092,1.0011474403666938,cm033,unaccepted
L4:mapped:135,4,135.0,CL_retrosplenial_cortex,CL_RSC,Cortex,L,mapped,44.79687500000002,False,2867,2867,1.0,0.04308541350112657,0.03409166571225002,0.17497929632129722,cm033,unaccepted
L4:mapped:148,4,148.0,CL_parahippocampal_cortex,CL_paraHipp,Cortex,L,mapped,143.18750000000006,False,9164,287,0.031318201658664335,0.08235685596787899,0.07598282993868985,0.5412466939463114,cm033,unaccepted
L4:mapped:154,4,154.0,CL_entorhinal_cortex,CL_ERh,Cortex,L,mapped,130.48437500000006,False,8351,52,0.006226799185726261,-0.025693978335736316,-0.04171281507798362,-0.35504266124726525,cm033,unaccepted
L4:mapped:160,4,160.0,CL_perirhinal_cortex,CL_PRh,Cortex,L,mapped,149.75000000000006,False,9584,3,0.00031302170283806343,0.08563416709469783,0.08542351960368239,0.6847423482030528,cm033,unaccepted
L4:mapped:166,4,166.0,CL_agranular_temporal_pole,CL_TGa,Cortex,L,mapped,76.29687500000003,False,4883,0,0.0,,,,cm033,unaccepted
L4:mapped:167,4,167.0,CL_granular_and_dysgranular_temporal_pole,CL_TGg/TGd,Cortex,L,mapped,239.2187500000001,False,15310,46,0.0030045721750489875,0.014577750618419285,0.017586690113217784,0.1404004362748112,cm033,unaccepted
L4:mapped:176,4,176.0,CL_area_TEO,CL_TEO,Cortex,L,mapped,284.3437500000001,False,18198,505,0.027750302231014396,-0.0177411622868228,-0.014031321347198911,-0.12104508977052676,cm033,unaccepted
L4:mapped:178,4,178.0,CL_gyral_aspect_of_area_TE,CL_gyral_TE,Cortex,L,mapped,874.3125000000003,False,55956,1910,0.03413396239902781,-0.011577830372105075,-0.022413620955590713,-0.16950281893216318,cm033,unaccepted
L4:mapped:185,4,185.0,CL_area_TE_in_the_ventral_STS,CL_TE_in_STSv,Cortex,L,mapped,301.0781250000001,False,19269,3303,0.17141522652965904,-0.04093634526865124,-0.012372608033640235,-0.12181090732192074,cm033,unaccepted
L4:mapped:188,4,188.0,CL_fundus_of_the_superior_temporal_sulcus,CL_STSf,Cortex,L,mapped,425.15625000000017,False,27210,18267,0.6713340683572216,0.006061370674083391,0.002603314269417128,0.002906519536849922,cm033,unaccepted
L4:mapped:195,4,195.0,CL_dorsal_bank_of_the_superior_temporal_sulcus,CL_STSd,Cortex,L,mapped,451.8750000000002,False,28920,14361,0.4965767634854772,-0.020398505829741048,-0.021047897251855154,-0.1620280061499145,cm033,unaccepted
L4:mapped:198,4,198.0,CL_rostral_superior_temporal_gyrus,CL_STGr,Cortex,L,mapped,141.93750000000006,False,9084,2721,0.29953764861294585,-0.053667194163405076,-0.054677140892220574,-0.4522555995275619,cm033,unaccepted
L4:mapped:199,4,199.0,CL_caudal_superior_temporal_gyrus,CL_STGc,Cortex,L,mapped,260.3125000000001,False,16660,4433,0.2660864345738295,0.14825750842919266,0.1556199870665126,0.9051052735207311,cm033,unaccepted
L4:mapped:206,4,206.0,CL_lateral_belt_areas,CL_lat_belt,Cortex,L,mapped,188.89062500000009,False,12089,7205,0.5959963603275705,0.03995841097574113,0.02958205605887681,0.21016073280181957,cm033,unaccepted
L4:mapped:213,4,213.0,CL_medial_belt_areas,CL_med_belt,Cortex,L,mapped,127.98437500000006,False,8191,7614,0.9295568306678061,-0.007584118322158863,-0.0002554937492777882,0.003125751239664724,cm033,unaccepted
L4:mapped:218,4,218.0,CL_polar_rostrotemporal_cortex,CL_RTp,Cortex,L,mapped,28.031250000000014,False,1794,68,0.0379041248606466,0.02100904106687625,0.019325964266716025,0.1574610346234827,cm033,unaccepted
L4:mapped:219,4,219.0,CL_core_areas_of_auditory_cortex,CL_core,Cortex,L,mapped,159.23437500000006,False,10191,9623,0.9442645471494456,0.006615780786420844,0.012099837397268668,0.05229406001190496,cm033,unaccepted
L4:mapped:225,4,225.0,CL_insula_and_parainsula,CL_Ins/Pi,Cortex,L,mapped,288.1875000000001,False,18444,16771,0.909292995011928,-0.23957963677630043,-0.2048086608307518,-1.1896994414711988,cm033,unaccepted
L4:mapped:230,4,230.0,CL_retroinsula,CL_Ri,Cortex,L,mapped,15.109375000000007,False,967,967,1.0,-0.00510925710183555,0.0006514260482041699,-0.004975566950181282,cm033,unaccepted
L4:mapped:232,4,232.0,CL_middle_temporal_area,CL_MT,Cortex,L,mapped,94.67187500000004,False,6059,5445,0.8986631457336194,0.18503303087187112,0.14118197189708176,0.750148946462002,cm033,unaccepted
L4:mapped:234,4,234.0,CL_visual_area_4,CL_V4,Cortex,L,mapped,764.9843750000003,False,48959,16192,0.3307257092669376,0.3523515614474552,0.35340176415796565,1.6990775487833134,cm033,unaccepted
L4:mapped:238,4,238.0,CL_visual_area_3,CL_V3,Cortex,L,mapped,516.0000000000002,False,33024,20275,0.6139474321705426,0.39823764228466463,0.37687698994055,1.8678243612292453,cm033,unaccepted
L4:mapped:243,4,243.0,CL_visual_area_2,CL_V2,Cortex,L,mapped,1575.3750000000007,False,100824,61082,0.6058279774656827,0.24163183716338868,0.14695823712456896,0.7438632748518257,cm033,unaccepted
L4:mapped:246,4,246.0,CL_primary_visual_cortex,CL_V1,Cortex,L,mapped,1965.546875000001,False,125795,70942,0.5639492825629,0.06974176630625964,0.051326538438694606,0.27427915328805375,cm033,unaccepted
L4:mapped:504,4,504.0,CR_area_32,CR_area_32,Cortex,R,mapped,91.60937500000004,False,5863,3451,0.5886065154357837,0.019708068222469656,0.037017197082542364,0.14440718502202007,cm033,unaccepted
L4:mapped:505,4,505.0,CR_subgenual_cortex,CR_area_25,Cortex,R,mapped,32.890625000000014,False,2105,0,0.0,,,,cm033,unaccepted
L4:mapped:506,4,506.0,CR_area_24,CR_area_24,Cortex,R,mapped,289.8906250000001,False,18553,18202,0.9810812267557807,0.03586972983812228,0.045452917993383406,0.2914683557626203,cm033,unaccepted
L4:mapped:511,4,511.0,CR_midcingulate_cortex,CR_MCC,Cortex,R,mapped,188.37500000000009,False,12056,12056,1.0,0.14140105495813918,0.13925423092889885,0.7074108213534689,cm033,unaccepted
L4:mapped:518,4,518.0,CR_frontal_pole,CR_area_10,Cortex,R,mapped,235.2968750000001,False,15059,2231,0.14815060761006707,-0.02905194237212495,-0.07983721294776215,-0.28951591810096355,cm033,unaccepted
L4:mapped:522,4,522.0,CR_gyrus_rectus,CR_area_14,Cortex,R,mapped,70.31250000000003,False,4500,0,0.0,,,,cm033,unaccepted
L4:mapped:526,4,526.0,CR_areas_11_and_13,CR_areas_11/13,Cortex,R,mapped,557.4062500000002,False,35674,264,0.0074003475920838705,-0.11690714055132231,-0.12146523300274484,-0.5162628962974676,cm033,unaccepted
L4:mapped:534,4,534.0,CR_medial_and_orbital_area_12,CR_area_12m/o,Cortex,R,mapped,150.73437500000006,False,9647,0,0.0,,,,cm033,unaccepted
L4:mapped:538,4,538.0,CR_agranular_orbitofrontal_cortex,CR_OFa-p,Cortex,R,mapped,169.45312500000009,False,10845,275,0.025357307514983864,0.10463714303488829,0.09386728246635612,0.7059526397656075,cm033,unaccepted
L4:key_level_conflict:545,4,545.0,CR_anterior_olfactory_cortex,CR_AON/TTv,Cortex,R,key_level_conflict,25.64062500000001,True,1641,0,0.0,,,,cm033,unaccepted
L4:mapped:547,4,547.0,CR_caudolateral_orbitofrontal_cortex,CR_cl_OFC,Cortex,R,mapped,136.07812500000006,False,8709,931,0.10690090710758984,-0.0031931382581785353,-0.002266993098542148,0.007359549710131854,cm033,unaccepted
L4:mapped:551,4,551.0,CR_periarcuate_area_8A_(Frontal_Eye_Fields),CR_area_8A,Cortex,R,mapped,105.62500000000004,False,6760,4663,0.689792899408284,0.030852045315671314,0.02777741789527853,0.23238256549361538,cm033,unaccepted
L4:mapped:555,4,555.0,CR_area_8B,CR_area_8B,Cortex,R,mapped,284.1562500000001,False,18186,9391,0.5163862311668316,0.14737589591034458,0.09347330556379434,0.6785681917646504,cm033,unaccepted
L4:mapped:559,4,559.0,CR_rostral_dorsolateral_prefrontal_cortex,CR_rostral_dlPFC,Cortex,R,mapped,594.5625000000002,False,38052,7795,0.2048512561757595,0.17917936114528382,0.14482826858472672,0.8450006309002405,cm033,unaccepted
L4:mapped:565,4,565.0,CR_rostral_ventrolateral_prefrontal_cortex,CR_rostral_vlPFC,Cortex,R,mapped,465.9531250000002,False,29821,816,0.027363267496059825,-0.06843197612958597,-0.06312510482055345,-0.2747629978552076,cm033,unaccepted
L4:mapped:572,4,572.0,CR_caudal_ventrolateral_prefrontal_cortex,CR_caudal_vlPFC,Cortex,R,mapped,214.90625000000009,False,13754,6,0.0004362367311327614,0.02888458801294322,0.03686924128075704,0.2533058531828063,cm033,unaccepted
L4:mapped:579,4,579.0,CR_primary_motor_cortex,CR_M1,Cortex,R,mapped,762.1250000000003,False,48776,31362,0.642980154174184,0.05008626559628709,0.0635988969930732,0.33965899866244487,cm033,unaccepted
L4:mapped:580,4,580.0,CR_premotor_cortex,CR_PM,Cortex,R,mapped,1468.3593750000007,False,93975,51500,0.5480180899175312,0.04004830685930411,0.04986198585698717,0.33335705030561646,cm033,unaccepted
L4:mapped:587,4,587.0,CR_medial_supplementary_motor_areas,CR_SMA/preSMA,Cortex,R,mapped,311.5156250000001,False,19937,13122,0.6581732457240307,0.1167551543115867,0.10936757974413541,0.576868355085068,cm033,unaccepted
L4:mapped:592,4,592.0,CR_primary_somatosensory_cortex,CR_SI,Cortex,R,mapped,900.6875000000005,False,57644,51413,0.8919054888626744,-0.001294451823264604,0.02017712809985578,0.12344208600036244,cm033,unaccepted
L4:mapped:595,4,595.0,CR_secondary_somatosensory_cortex,CR_SII,Cortex,R,mapped,285.3125000000001,False,18260,17954,0.9832420591456736,-0.03607381529561167,-0.042165116876698196,-0.23794828535712922,cm033,unaccepted
L4:mapped:598,4,598.0,CR_visual_area_V6,CR_V6,Cortex,R,mapped,37.437500000000014,False,2396,2396,1.0,-0.09175923763489081,-0.16105569657409555,-0.4676864475663951,cm033,unaccepted
L4:mapped:599,4,599.0,CR_visual_area_V6A,CR_V6A,Cortex,R,mapped,58.10937500000003,False,3719,3719,1.0,0.2323177969851868,0.19215522064466942,0.7370043318287185,cm033,unaccepted
L4:mapped:602,4,602.0,CR_area_5,CR_area_5,Cortex,R,mapped,446.93750000000017,False,28604,28227,0.9868200251713047,0.16800196735687473,0.1582622573676628,0.8122404137213204,cm033,unaccepted
L4:mapped:607,4,607.0,CR_ventromedial_intraparietal_sulcus,CR_vm_IPS,Cortex,R,mapped,309.7812500000001,False,19826,19826,1.0,0.26816186982163104,0.2197833323048547,1.126375763532241,cm033,unaccepted
L4:mapped:613,4,613.0,CR_lateral_intraparietal_sulcus,CR_lat_IPS,Cortex,R,mapped,333.00000000000017,False,21312,21236,0.996433933933934,0.1452361831947769,0.15293286543415227,0.7937574048139946,cm033,unaccepted
L4:mapped:619,4,619.0,CR_medial_superior_temporal_area,CR_MST,Cortex,R,mapped,150.20312500000006,False,9613,9613,1.0,0.2739870686931728,0.26501213738387447,1.468962496575959,cm033,unaccepted
L4:mapped:620,4,620.0,CR_area_7_in_the_inferior_parietal_lobule,CR_area_7_in_IPL,Cortex,R,mapped,560.8125000000002,False,35892,34762,0.9685166610943943,0.0477514339766148,0.05018877608927277,0.30623604246696856,cm033,unaccepted
L4:mapped:626,4,626.0,CR_area_7_(PGm)_on_the_medial_wall,CR_area_7m,Cortex,R,mapped,183.04687500000009,False,11715,11713,0.9998292787025181,0.10760088161728365,0.08916410226780003,0.32311358896205233,cm033,unaccepted
L4:mapped:628,4,628.0,CR_posterior_cingulate_cortex,CR_PCC,Cortex,R,mapped,464.3281250000002,False,29717,29711,0.9997980953662886,0.18221124060463223,0.16466625949664193,0.7789831007426488,cm033,unaccepted
L4:mapped:635,4,635.0,CR_retrosplenial_cortex,CR_RSC,Cortex,R,mapped,44.79687500000002,False,2867,2867,1.0,0.17199219737274402,0.14758124669712705,0.8904926104715827,cm033,unaccepted
L4:mapped:648,4,648.0,CR_parahippocampal_cortex,CR_paraHipp,Cortex,R,mapped,143.18750000000006,False,9164,671,0.07322130074203405,0.035091336863838134,0.026210000237107733,0.19612060598865466,cm033,unaccepted
L4:mapped:654,4,654.0,CR_entorhinal_cortex,CR_ERh,Cortex,R,mapped,130.48437500000006,False,8351,102,0.012214106095078434,0.13083561760093904,0.13339473831606913,0.7462306600494926,cm033,unaccepted
L4:mapped:660,4,660.0,CR_perirhinal_cortex,CR_PRh,Cortex,R,mapped,149.75000000000006,False,9584,12,0.0012520868113522537,0.13122186109379205,0.13078100091624278,0.8769545696473935,cm033,unaccepted
L4:mapped:666,4,666.0,CR_agranular_temporal_pole,CR_TGa,Cortex,R,mapped,76.29687500000003,False,4883,0,0.0,,,,cm033,unaccepted
L4:mapped:667,4,667.0,CR_granular_and_dysgranular_temporal_pole,CR_TGg/TGd,Cortex,R,mapped,239.2187500000001,False,15310,530,0.034617896799477466,-0.0762007638174761,-0.06991485981463727,-0.5652126947929412,cm033,unaccepted
L4:mapped:676,4,676.0,CR_area_TEO,CR_TEO,Cortex,R,mapped,284.3437500000001,False,18198,340,0.0186833717990988,0.010032688497415357,0.023274574848164975,0.180282661835539,cm033,unaccepted
L4:mapped:678,4,678.0,CR_gyral_aspect_of_area_TE,CR_gyral_TE,Cortex,R,mapped,874.3125000000003,False,55956,214,0.0038244334834512833,-0.01718267732087338,-0.013868269933285288,-0.10578077730542065,cm033,unaccepted
L4:mapped:685,4,685.0,CR_area_TE_in_the_ventral_STS,CR_TE_in_STSv,Cortex,R,mapped,301.0781250000001,False,19269,2417,0.12543463594374385,0.04167471506662815,0.03517267998737212,0.300983231079327,cm033,unaccepted
L4:mapped:688,4,688.0,CR_fundus_of_the_superior_temporal_sulcus,CR_STSf,Cortex,R,mapped,425.15625000000017,False,27210,12759,0.4689084895259096,0.06623559343804979,0.05503707624831063,0.3740996032027809,cm033,unaccepted
L4:mapped:695,4,695.0,CR_dorsal_bank_of_the_superior_temporal_sulcus,CR_STSd,Cortex,R,mapped,451.8750000000002,False,28920,7284,0.25186721991701244,0.07989481082437046,0.06747186129371043,0.5022555037246031,cm033,unaccepted
L4:mapped:698,4,698.0,CR_rostral_superior_temporal_gyrus,CR_STGr,Cortex,R,mapped,141.93750000000006,False,9084,2064,0.22721268163804492,0.03210711931387702,0.05769141833215852,0.370184181200685,cm033,unaccepted
L4:mapped:699,4,699.0,CR_caudal_superior_temporal_gyrus,CR_STGc,Cortex,R,mapped,260.3125000000001,False,16660,8187,0.4914165666266507,0.17012861678905705,0.167983288486627,1.0639473380016418,cm033,unaccepted
L4:mapped:706,4,706.0,CR_lateral_belt_areas,CR_lat_belt,Cortex,R,mapped,188.89062500000009,False,12089,11243,0.9300190255604268,0.14978801822138638,0.15219092868098683,1.012633803019897,cm033,unaccepted
L4:mapped:713,4,713.0,CR_medial_belt_areas,CR_med_belt,Cortex,R,mapped,127.98437500000006,False,8191,6552,0.7999023318276157,0.0939456537108505,0.10336064825334507,0.6298466531707576,cm033,unaccepted
L4:mapped:718,4,718.0,CR_polar_rostrotemporal_cortex,CR_RTp,Cortex,R,mapped,28.031250000000014,False,1794,141,0.07859531772575251,-0.039041343339860146,-0.0349757132996647,-0.2846119785062488,cm033,unaccepted
L4:mapped:719,4,719.0,CR_core_areas_of_auditory_cortex,CR_core,Cortex,R,mapped,159.23437500000006,False,10191,9783,0.9599646747129821,0.10313644974480715,0.09907230102323933,0.6072397877572918,cm033,unaccepted
L4:mapped:725,4,725.0,CR_insula_and_parainsula,CR_Ins/Pi,Cortex,R,mapped,288.1875000000001,False,18444,16682,0.9044675775319887,0.028983945555000338,0.04264222638046307,0.24837926877578217,cm033,unaccepted
L4:mapped:730,4,730.0,CR_retroinsula,CR_Ri,Cortex,R,mapped,15.109375000000007,False,967,967,1.0,0.14401765085116358,0.1546299568100038,0.7777402562777145,cm033,unaccepted
L4:mapped:732,4,732.0,CR_middle_temporal_area,CR_MT,Cortex,R,mapped,94.67187500000004,False,6059,5806,0.9582439346426803,0.28664659346413496,0.2416207716180552,1.4403180658057568,cm033,unaccepted
L4:mapped:734,4,734.0,CR_visual_area_4,CR_V4,Cortex,R,mapped,764.9843750000003,False,48959,17720,0.3619354970485508,0.16218891726361442,0.13573477795034755,0.7423602724873706,cm033,unaccepted
L4:mapped:738,4,738.0,CR_visual_area_3,CR_V3,Cortex,R,mapped,516.0000000000002,False,33024,19806,0.5997456395348837,0.24017425379119217,0.20981112588738104,1.0874557339870101,cm033,unaccepted
L4:mapped:743,4,743.0,CR_visual_area_2,CR_V2,Cortex,R,mapped,1575.3750000000007,False,100824,66786,0.6624018090930731,0.12806890917323327,0.09436349153259607,0.4973709674724213,cm033,unaccepted
L4:mapped:746,4,746.0,CR_primary_visual_cortex,CR_V1,Cortex,R,mapped,1965.546875000001,False,125795,77498,0.6160658213760484,0.10186594816177905,0.08950229490882698,0.4543318278797964,cm033,unaccepted
L4:mapped:1004,4,1004.0,SL_claustrum,SL_Cl,Subcortex,L,mapped,255.1562500000001,False,16330,10674,0.6536436007348438,-0.03391562263931997,-0.013772061739156058,-0.0853076642147634,cm033,unaccepted
L4:mapped:1006,4,1006.0,SL_endopiriform_claustrum,SL_En,Subcortex,L,mapped,23.71875000000001,False,1518,136,0.08959156785243742,-0.06916437800802161,-0.07123229027145236,-0.5656190606911085,cm033,unaccepted
L4:mapped:1009,4,1009.0,SL_piriform_cortex,SL_Pir,Subcortex,L,mapped,30.796875000000014,False,1971,0,0.0,,,,cm033,unaccepted
L4:mapped:1012,4,1012.0,SL_hippocampal_formation_anterior,SL_HFA,Subcortex,L,mapped,353.15625000000017,False,22602,1055,0.046677285196000354,-0.1656640047713843,-0.1455440272987926,-1.2043984562683148,cm033,unaccepted
L4:mapped:1017,4,1017.0,SL_hippocampal_formation_posterior,SL_HFP,Subcortex,L,mapped,178.93750000000009,False,11452,5423,0.47354173943415995,-0.0005343431023341214,-0.01387267522019342,-0.08756069534585902,cm033,unaccepted
L4:mapped:1023,4,1023.0,SL_fornix,SL_f,Subcortex,L,mapped,43.40625000000002,False,2778,2775,0.9989200863930886,0.259807624078662,0.25500893953348486,1.3273952022769524,cm033,unaccepted
L4:mapped:1026,4,1026.0,SL_ventropallial_amygdala,SL_vpAmy,Subcortex,L,mapped,87.81250000000004,False,5620,0,0.0,,,,cm033,unaccepted
L4:mapped:1030,4,1030.0,SL_lateropallial_amygdala,SL_lpAmy,Subcortex,L,mapped,129.98437500000006,False,8319,2300,0.2764755379252314,-0.11138518451852852,-0.10431387822450956,-0.8214400455443526,cm033,unaccepted
L4:mapped:1041,4,1041.0,SL_striatal_amygdala,SL_stAmy,Subcortex,L,mapped,13.843750000000005,False,886,671,0.7573363431151241,-0.23555112665550654,-0.22716900001519663,-1.643090286274222,cm033,unaccepted
L4:mapped:1043,4,1043.0,SL_medial_amygdala,SL_mAmy,Subcortex,L,mapped,40.71875000000002,False,2606,291,0.11166538756715272,-0.11144576619956305,-0.13100502939161365,-0.9310138864496991,cm033,unaccepted
L4:mapped:1046,4,1046.0,SL_pallidal_amygdala,SL_pdAmy,Subcortex,L,mapped,29.640625000000014,False,1897,56,0.02952029520295203,-0.08202143864439704,-0.08680836471165503,-0.4433745603620246,cm033,unaccepted
L4:mapped:1052,4,1052.0,SL_dorsal_striatum,SL_DStr,Subcortex,L,mapped,1809.218750000001,False,115790,87194,0.7530356680196908,-0.07061411355276025,-0.09226707836219508,-0.44827385500386163,cm033,unaccepted
L4:mapped:1059,4,1059.0,SL_ventral_striatum,SL_VStr,Subcortex,L,mapped,113.20312500000006,False,7245,9,0.0012422360248447205,0.09776541805121143,0.0913797009079616,0.5146297247822523,cm033,unaccepted
L4:mapped:1062,4,1062.0,SL_pallidum,SL_Pd,Subcortex,L,mapped,338.59375000000017,False,21670,14265,0.6582833410244577,-0.10466837066982397,-0.14811590091240628,-0.913828384806543,cm033,unaccepted
L4:mapped:1070,4,1070.0,SL_basal_nucleus_region,SL_BR,Subcortex,L,mapped,38.000000000000014,False,2432,773,0.3178453947368421,-0.16556496598424178,-0.15980029722903338,-1.162877429098236,cm033,unaccepted
L4:mapped:1073,4,1073.0,SL_bed_nucleus_of_the_stria_terminalis,SL_ST,Subcortex,L,mapped,42.00000000000002,False,2688,1784,0.6636904761904762,-0.22034990614098385,-0.24519151033447156,-1.0907311688465295,cm033,unaccepted
L4:mapped:1074,4,1074.0,SL_septum_diagonal_band_complex,SL_SDBR,Subcortex,L,mapped,102.70312500000004,False,6573,3568,0.5428267153506771,0.06072060862033607,0.020652329376286215,0.09893235699586692,cm033,unaccepted
L4:mapped:1078,4,1078.0,SL_optic_tract,SL_opt,Subcortex,L,mapped,151.82812500000006,False,9717,899,0.09251826695482145,0.11112093964029755,0.10892389710326528,0.5864595832643442,cm033,unaccepted
L4:mapped:1079,4,1079.0,SL_preoptic_region,SL_POR,Subcortex,L,mapped,22.84375000000001,False,1462,0,0.0,,,,cm033,unaccepted
L4:mapped:1085,4,1085.0,SL_medial_tuberal_hypothalamus,SL_MTHy,Subcortex,L,mapped,10.812500000000005,False,692,525,0.7586705202312138,0.008385989525433101,0.00030921519291112615,0.06334526280745748,cm033,unaccepted
L4:mapped:1087,4,1087.0,SL_ventral_tuberal_hypothalamus,SL_VTHy,Subcortex,L,mapped,29.406250000000014,False,1882,42,0.022316684378320937,-0.02983679482989644,-0.012297600472705814,-0.07044738645840533,cm033,unaccepted
L4:mapped:1091,4,1091.0,SL_dorsal_tuberal_hypothalamus,SL_DTHy,Subcortex,L,mapped,114.42187500000006,False,7323,4695,0.6411306841458418,0.10975427304206081,0.08487622528579207,0.48950490652005746,cm033,unaccepted
L4:mapped:1101,4,1101.0,SL_dorsal_posterior_hypothalamus,SL_DPHy,Subcortex,L,mapped,21.87500000000001,False,1400,1378,0.9842857142857143,0.18148626049048355,0.1710405495991288,0.961514940127434,cm033,unaccepted
L4:mapped:1103,4,1103.0,SL_ventral_posterior_hypothalamus,SL_VPHy,Subcortex,L,mapped,14.968750000000007,False,958,559,0.5835073068893528,-0.0353782982152778,-0.05295788283533228,-0.29215960864482304,cm033,unaccepted
L4:mapped:1108,4,1108.0,SL_pituitary,SL_Pit,Subcortex,L,mapped,44.29687500000002,False,2835,0,0.0,,,,cm033,unaccepted
L4:mapped:1112,4,1112.0,SL_zona_incerta_and_lenticular_fascicles,SL_ZI-H,Subcortex,L,mapped,37.375000000000014,False,2392,2392,1.0,0.22418004200350067,0.21665070047598686,1.2142155673860717,cm033,unaccepted
L4:mapped:1114,4,1114.0,SL_reticular_thalamus,SL_Rt,Subcortex,L,mapped,68.90625000000003,False,4410,4410,1.0,0.0316814830725237,0.01828350440747472,0.11386472806178963,cm033,unaccepted
L4:mapped:1116,4,1116.0,SL_anterior_thalamus_region,SL_AR,Subcortex,L,mapped,22.87500000000001,False,1464,1464,1.0,0.20185427791917313,0.2143585886565733,0.9796451464158548,cm033,unaccepted
L4:mapped:1119,4,1119.0,SL_intralaminar_thalamus,SL_ILThal,Subcortex,L,mapped,106.54687500000004,False,6819,6819,1.0,0.17247869123952664,0.178033415197031,1.0212772141142479,cm033,unaccepted
L4:mapped:1126,4,1126.0,SL_mediodorsal_thalamus,SL_MD,Subcortex,L,mapped,78.81250000000003,False,5044,5044,1.0,0.15364203511044447,0.149864919041357,0.8020463212474337,cm033,unaccepted
L4:mapped:1127,4,1127.0,SL_midline_thalamus,SL_MLThal,Subcortex,L,mapped,71.21875000000003,False,4558,4558,1.0,0.22692129892591195,0.23835383656280695,1.2561799836787344,cm033,unaccepted
L4:mapped:1136,4,1136.0,SL_pallido_nigral_thalamus,SL_PNThal,Subcortex,L,mapped,95.73437500000004,False,6127,6127,1.0,0.05947884223538312,0.0480854575119026,0.26227485688239305,cm033,unaccepted
L4:mapped:1139,4,1139.0,SL_cerebellar_thalamus,SL_CbThal,Subcortex,L,mapped,107.48437500000004,False,6879,6879,1.0,0.1329769231846729,0.14373195984710702,0.7955356742357422,cm033,unaccepted
L4:mapped:1143,4,1143.0,SL_spinal_thalamus,SL_SpThal,Subcortex,L,mapped,88.20312500000004,False,5645,5645,1.0,0.17320127354728584,0.15988247677704895,0.9882751137541747,cm033,unaccepted
L4:mapped:1149,4,1149.0,SL_lateral_posterior_thalamus,SL_LP,Subcortex,L,mapped,21.60937500000001,False,1383,1383,1.0,0.13390790121008533,0.1383054426679085,0.7806737730305678,cm033,unaccepted
L4:mapped:1150,4,1150.0,SL_lateral_dorsal_thalamus,SL_LD,Subcortex,L,mapped,4.328125000000002,False,277,277,1.0,0.16108529089102291,0.17368153682759996,0.9011439127494004,cm033,unaccepted
L4:mapped:1151,4,1151.0,SL_pulvinar_thalamus,SL_Pul,Subcortex,L,mapped,182.54687500000009,False,11683,11680,0.9997432166395618,0.15211248602004446,0.1448920009053558,0.8374121366531355,cm033,unaccepted
L4:mapped:1158,4,1158.0,SL_dorsal_lateral_geniculate,SL_DLG,Subcortex,L,mapped,93.35937500000004,False,5975,2995,0.501255230125523,0.08557072993399936,0.0556606125457202,0.38941079405501633,cm033,unaccepted
L4:mapped:1159,4,1159.0,SL_medial_geniculate,SL_MG,Subcortex,L,mapped,28.406250000000014,False,1818,1817,0.9994499449944995,0.3347713047480323,0.3370610292828374,2.0085930916826973,cm033,unaccepted
L4:mapped:1161,4,1161.0,SL_pineal_gland,SL_Pi,Subcortex,L,mapped,4.093750000000002,False,262,262,1.0,0.06611979064401516,0.12126319380384365,0.6657358886785634,cm033,unaccepted
L4:mapped:1162,4,1162.0,SL_habenula,SL_Hb,Subcortex,L,mapped,11.265625000000005,False,721,721,1.0,0.15296833798757029,0.1353691591375564,0.7094923638071458,cm033,unaccepted
L4:mapped:1163,4,1163.0,SL_pretectum,SL_PrT,Subcortex,L,mapped,26.54687500000001,False,1699,1699,1.0,0.11838290221602968,0.08734117250848766,0.6004601094358684,cm033,unaccepted
L4:mapped:1172,4,1172.0,SL_colliculi,SL_Co,Subcortex,L,mapped,137.93750000000006,False,8828,8734,0.9893520616221114,0.12203927299033072,0.11809937190911299,0.7513819924394517,cm033,unaccepted
L4:mapped:1177,4,1177.0,SL_periaqueductal_gray_region,SL_PAGR,Subcortex,L,mapped,51.10937500000002,False,3271,3050,0.9324365637419749,0.09326869036319504,0.0890266987515424,0.5721553604798248,cm033,unaccepted
L4:mapped:1181,4,1181.0,SL_midbrain_tegmentum,SL_TgMid,Subcortex,L,mapped,36.937500000000014,False,2364,1599,0.6763959390862944,-0.03536862337684606,-0.04196389478896577,-0.32111346147595105,cm033,unaccepted
L4:mapped:1189,4,1189.0,SL_midbrain_reticulum,SL_RtMid,Subcortex,L,mapped,81.48437500000004,False,5215,5182,0.9936720997123681,0.016600178936074985,-0.012304395062183473,-0.07855236338391586,cm033,unaccepted
L4:mapped:1193,4,1193.0,SL_oculomotor_region,SL_OC+,Subcortex,L,mapped,33.859375000000014,False,2167,1260,0.5814490078449469,0.06958955389303496,0.057677061001236235,0.37922755048381857,cm033,unaccepted
L4:mapped:1196,4,1196.0,SL_midbrain_raphe,SL_raphe_Mid,Subcortex,L,mapped,33.156250000000014,False,2122,951,0.4481621112158341,0.037247201056245655,0.08134111214492903,0.513346634249652,cm033,unaccepted
L4:mapped:1201,4,1201.0,SL_rubral_region,SL_R+,Subcortex,L,mapped,38.468750000000014,False,2462,2352,0.9553208773354996,0.0186514924073458,0.0183422758215446,0.09329086206433126,cm033,unaccepted
L4:mapped:1204,4,1204.0,SL_midbrain_dopaminergic_complex,SL_DA_Mid,Subcortex,L,mapped,222.89062500000009,False,14265,7174,0.5029092183666316,0.03191694474581232,0.037413846142845965,0.27388442384584016,cm033,unaccepted
L4:mapped:1214,4,1214.0,SL_parabrachial_complex,SL_PBC,Subcortex,L,mapped,45.84375000000002,False,2934,444,0.15132924335378323,-0.049418555467454175,-0.05372584526441152,-0.43349257051080703,cm033,unaccepted
L4:mapped:1219,4,1219.0,SL_locus-central_gray_region,SL_LGR,Subcortex,L,mapped,8.187500000000004,False,524,0,0.0,,,,cm033,unaccepted
L4:mapped:1223,4,1223.0,SL_pontine_dorsal_tegmentum,SL_tgPons,Subcortex,L,mapped,15.421875000000007,False,987,0,0.0,,,,cm033,unaccepted
L4:mapped:1227,4,1227.0,SL_lateral_lemniscus_complex,SL_ll+,Subcortex,L,mapped,27.73437500000001,False,1775,565,0.3183098591549296,-0.04652939604994752,-0.04873479348163041,-0.403245161997547,cm033,unaccepted
L4:mapped:1232,4,1232.0,SL_pontine_reticulum,SL_retPons,Subcortex,L,mapped,135.50000000000006,False,8672,633,0.07299354243542436,0.004302268348651967,0.000993570774861334,-0.003520157861921471,cm033,unaccepted
L4:mapped:1238,4,1238.0,SL_superior_olive+lemiscal_region,SL_SuO/ml,Subcortex,L,mapped,56.50000000000003,False,3616,106,0.0293141592920354,-0.019478394587327506,-0.021250121547002836,-0.16411797674320655,cm033,unaccepted
L4:mapped:1242,4,1242.0,SL_pontine_nucleus_region,SL_Pn+,Subcortex,L,mapped,492.9218750000002,False,31547,39,0.0012362506735981234,0.007276660786578246,0.007342423850179334,0.06375508652294055,cm033,unaccepted
L4:mapped:1249,4,1249.0,SL_cerebellar_white_matter,SL_wmCB,Subcortex,L,mapped,48.92187500000002,False,3131,0,0.0,,,,cm033,unaccepted
L4:mapped:1252,4,1252.0,SL_deep_cerebellar_nuclei,SL_DCb,Subcortex,L,mapped,130.18750000000006,False,8332,1199,0.14390302448391742,0.20982117389859764,0.20686136129843313,1.1652613366472482,cm033,unaccepted
L4:mapped:1259,4,1259.0,SL_floculus_parafloculus,SL_Fl-PFl,Subcortex,L,mapped,388.62500000000017,False,24872,46,0.0018494692827275652,-0.01867966885871497,-0.018862795000859592,-0.14506531264017752,cm033,unaccepted
L4:mapped:1262,4,1262.0,SL_vermis_cerebellar_cortex,SL_VCbCx,Subcortex,L,mapped,980.8281250000005,False,62773,38456,0.6126200755101716,0.06892641330393035,0.08653632312968773,0.4310928750370251,cm033,unaccepted
L4:mapped:1275,4,1275.0,SL_intermediate_cerebellar_cortex,SL_ICbCx,Subcortex,L,mapped,1170.7343750000005,False,74927,17705,0.23629666208442884,0.07284380938997566,0.061273549770788784,0.3615240497429103,cm033,unaccepted
L4:mapped:1283,4,1283.0,SL_lateral_cerebellar_cortex,SL_LCbCx,Subcortex,L,mapped,717.8750000000003,False,45944,7859,0.17105606825700853,0.03989207806632405,0.04559229001296746,0.35097967499789606,cm033,unaccepted
L4:mapped:1289,4,1289.0,SL_vestibulo_cochlear_complex,SL_VCC,Subcortex,L,mapped,89.14062500000004,False,5705,0,0.0,,,,cm033,unaccepted
L4:mapped:1294,4,1294.0,SL_trigeminal_complex,SL_C5,Subcortex,L,mapped,57.53125000000003,False,3682,0,0.0,,,,cm033,unaccepted
L4:mapped:1301,4,1301.0,SL_somatovisceral_complex,SL_SVC,Subcortex,L,mapped,79.18750000000003,False,5068,0,0.0,,,,cm033,unaccepted
L4:mapped:1307,4,1307.0,SL_medullar_motor_complex,SL_MedMC,Subcortex,L,mapped,10.781250000000005,False,690,0,0.0,,,,cm033,unaccepted
L4:mapped:1310,4,1310.0,SL_medullar_reticulum,SL_MedRet,Subcortex,L,mapped,121.06250000000006,False,7748,0,0.0,,,,cm033,unaccepted
L4:mapped:1315,4,1315.0,SL_medullar-Raphe,SL_MedRaphe,Subcortex,L,mapped,2.9375000000000013,False,188,0,0.0,,,,cm033,unaccepted
L4:mapped:1319,4,1319.0,SL_precerebellar_medulla,SL_PreCbMed,Subcortex,L,mapped,64.70312500000003,False,4141,0,0.0,,,,cm033,unaccepted
L4:mapped:1322,4,1322.0,SL_ventral_medullar_tracts,SL_vmt,Subcortex,L,mapped,46.89062500000002,False,3001,0,0.0,,,,cm033,unaccepted
L4:mapped:1504,4,1504.0,SR_claustrum,SR_Cl,Subcortex,R,mapped,255.1562500000001,False,16330,10174,0.6230251071647275,0.13075111971094952,0.13688573497294693,0.9415626277855311,cm033,unaccepted
L4:mapped:1506,4,1506.0,SR_endopiriform_claustrum,SR_En,Subcortex,R,mapped,23.71875000000001,False,1518,72,0.04743083003952569,-0.04291731993380984,-0.04546854270293817,-0.34466655116731343,cm033,unaccepted
L4:mapped:1509,4,1509.0,SR_piriform_cortex,SR_Pir,Subcortex,R,mapped,30.796875000000014,False,1971,0,0.0,,,,cm033,unaccepted
L4:mapped:1512,4,1512.0,SR_hippocampal_formation_anterior,SR_HFA,Subcortex,R,mapped,353.15625000000017,False,22602,567,0.025086275550836208,-0.02285989777765735,-0.023441460336446927,-0.2033134108582099,cm033,unaccepted
L4:mapped:1517,4,1517.0,SR_hippocampal_formation_posterior,SR_HFP,Subcortex,R,mapped,178.93750000000009,False,11452,5981,0.5222668529514495,0.039625687069101294,0.01283048443481389,0.07890934563017825,cm033,unaccepted
L4:mapped:1523,4,1523.0,SR_fornix,SR_f,Subcortex,R,mapped,43.40625000000002,False,2778,2771,0.9974802015838733,0.3286208375506735,0.32899047361314715,1.6333669208031587,cm033,unaccepted
L4:mapped:1526,4,1526.0,SR_ventropallial_amygdala,SR_vpAmy,Subcortex,R,mapped,87.81250000000004,False,5620,33,0.005871886120996441,0.01620824563512104,0.01592484688252154,0.1247760448546075,cm033,unaccepted
L4:mapped:1530,4,1530.0,SR_lateropallial_amygdala,SR_lpAmy,Subcortex,R,mapped,129.98437500000006,False,8319,1786,0.21468926553672316,-0.022160218878848725,-0.024760216330107047,-0.18876704020418872,cm033,unaccepted
L4:mapped:1541,4,1541.0,SR_striatal_amygdala,SR_stAmy,Subcortex,R,mapped,13.843750000000005,False,886,192,0.21670428893905191,-0.04318433673469754,-0.03964859326090044,-0.2693378357776327,cm033,unaccepted
L4:mapped:1543,4,1543.0,SR_medial_amygdala,SR_mAmy,Subcortex,R,mapped,40.71875000000002,False,2606,72,0.02762854950115119,-0.02247870646273636,-0.038237491853553976,-0.30786520983160215,cm033,unaccepted
L4:mapped:1546,4,1546.0,SR_pallidal_amygdala,SR_pdAmy,Subcortex,R,mapped,29.640625000000014,False,1897,38,0.020031628887717447,-0.014576873885644156,-0.03550839652667864,-0.28212504473505234,cm033,unaccepted
L4:mapped:1552,4,1552.0,SR_dorsal_striatum,SR_DStr,Subcortex,R,mapped,1809.218750000001,False,115790,84654,0.7310994040936177,0.0909744242676855,0.09749349558826981,0.5345697952141756,cm033,unaccepted
L4:mapped:1559,4,1559.0,SR_ventral_striatum,SR_VStr,Subcortex,R,mapped,113.20312500000006,False,7245,358,0.04941338854382333,0.022681701576606487,0.021243491765280474,0.12525043994787147,cm033,unaccepted
L4:mapped:1562,4,1562.0,SR_pallidum,SR_Pd,Subcortex,R,mapped,338.59375000000017,False,21670,15825,0.7302722658052607,0.000223396002770832,-0.009393814692636546,-0.08325774919964402,cm033,unaccepted
L4:mapped:1570,4,1570.0,SR_basal_nucleus_region,SR_BR,Subcortex,R,mapped,38.000000000000014,False,2432,767,0.31537828947368424,-0.08970619172919075,-0.0969523524246931,-0.7270232829927381,cm033,unaccepted
L4:mapped:1573,4,1573.0,SR_bed_nucleus_of_the_stria_terminalis,SR_ST,Subcortex,R,mapped,42.00000000000002,False,2688,1664,0.6190476190476191,0.19973311184094136,0.19297039523115236,1.0635581497087052,cm033,unaccepted
L4:mapped:1574,4,1574.0,SR_septum_diagonal_band_complex,SR_SDBR,Subcortex,R,mapped,102.70312500000004,False,6573,3563,0.5420660276890309,0.1839912962601532,0.14960654515879312,0.7825911781615175,cm033,unaccepted
L4:mapped:1578,4,1578.0,SR_optic_tract,SR_opt,Subcortex,R,mapped,151.82812500000006,False,9717,353,0.03632808479983534,0.02423046741544418,0.01753576605795497,0.12978561103692957,cm033,unaccepted
L4:mapped:1579,4,1579.0,SR_preoptic_region,SR_POR,Subcortex,R,mapped,22.84375000000001,False,1462,0,0.0,,,,cm033,unaccepted
L4:mapped:1585,4,1585.0,SR_medial_tuberal_hypothalamus,SR_MTHy,Subcortex,R,mapped,10.812500000000005,False,692,515,0.7442196531791907,0.11489860772628614,0.1459078742404647,0.8735920610169411,cm033,unaccepted
L4:mapped:1587,4,1587.0,SR_ventral_tuberal_hypothalamus,SR_VTHy,Subcortex,R,mapped,29.406250000000014,False,1882,16,0.008501594048884165,-0.008934403177221223,-0.010259524546236753,-0.08135433448807122,cm033,unaccepted
L4:mapped:1591,4,1591.0,SR_dorsal_tuberal_hypothalamus,SR_DTHy,Subcortex,R,mapped,114.42187500000006,False,7323,5064,0.691519868906186,0.11403026218229563,0.11474643544785465,0.7345576688704002,cm033,unaccepted
L4:mapped:1601,4,1601.0,SR_dorsal_posterior_hypothalamus,SR_DPHy,Subcortex,R,mapped,21.87500000000001,False,1400,1378,0.9842857142857143,0.22242643918944197,0.2169912077639481,1.343043520861496,cm033,unaccepted
L4:mapped:1603,4,1603.0,SR_ventral_posterior_hypothalamus,SR_VPHy,Subcortex,R,mapped,14.968750000000007,False,958,505,0.5271398747390397,-0.00019781178124225605,0.0028254335641398334,0.015262556077325184,cm033,unaccepted
L4:mapped:1608,4,1608.0,SR_pituitary,SR_Pit,Subcortex,R,mapped,44.29687500000002,False,2835,0,0.0,,,,cm033,unaccepted
L4:mapped:1612,4,1612.0,SR_zona_incerta_and_lenticular_fascicles,SR_ZI-H,Subcortex,R,mapped,37.375000000000014,False,2392,2392,1.0,0.14068559457395827,0.10454670207329383,0.7075077055210848,cm033,unaccepted
L4:mapped:1614,4,1614.0,SR_reticular_thalamus,SR_Rt,Subcortex,R,mapped,68.90625000000003,False,4410,4410,1.0,0.12381934082245356,0.07724325149987987,0.430023753329163,cm033,unaccepted
L4:mapped:1616,4,1616.0,SR_anterior_thalamus_region,SR_AR,Subcortex,R,mapped,22.87500000000001,False,1464,1464,1.0,0.2938240787592395,0.27728525541043764,1.5514020153142618,cm033,unaccepted
L4:mapped:1619,4,1619.0,SR_intralaminar_thalamus,SR_ILThal,Subcortex,R,mapped,106.54687500000004,False,6819,6819,1.0,0.2670660643973976,0.2662000096473936,1.597107985956006,cm033,unaccepted
L4:mapped:1626,4,1626.0,SR_mediodorsal_thalamus,SR_MD,Subcortex,R,mapped,78.81250000000003,False,5044,5044,1.0,0.2940646653038501,0.30011458189354295,1.606993191498998,cm033,unaccepted
L4:mapped:1627,4,1627.0,SR_midline_thalamus,SR_MLThal,Subcortex,R,mapped,71.21875000000003,False,4558,4558,1.0,0.27761058719856824,0.2886485131282114,1.5622737407603595,cm033,unaccepted
L4:mapped:1636,4,1636.0,SR_pallido_nigral_thalamus,SR_PNThal,Subcortex,R,mapped,95.73437500000004,False,6127,6127,1.0,0.32572738991003725,0.3075257257007865,1.5541342736767825,cm033,unaccepted
L4:mapped:1639,4,1639.0,SR_cerebellar_thalamus,SR_CbThal,Subcortex,R,mapped,107.48437500000004,False,6879,6879,1.0,0.18530704984214874,0.16700257376225883,0.8423979485670087,cm033,unaccepted
L4:mapped:1643,4,1643.0,SR_spinal_thalamus,SR_SpThal,Subcortex,R,mapped,88.20312500000004,False,5645,5645,1.0,0.16855522230462933,0.12915732915966222,0.8213682965198505,cm033,unaccepted
L4:mapped:1649,4,1649.0,SR_lateral_posterior_thalamus,SR_LP,Subcortex,R,mapped,21.60937500000001,False,1383,1383,1.0,0.1520138390661362,0.1698486337392509,0.9905471683667781,cm033,unaccepted
L4:mapped:1650,4,1650.0,SR_lateral_dorsal_thalamus,SR_LD,Subcortex,R,mapped,4.328125000000002,False,277,277,1.0,0.33096966272327255,0.3232560999736828,1.6055163974271045,cm033,unaccepted
L4:mapped:1651,4,1651.0,SR_pulvinar_thalamus,SR_Pul,Subcortex,R,mapped,182.54687500000009,False,11683,11683,1.0,0.10398993197212121,0.11089265296879562,0.6865518542049479,cm033,unaccepted
L4:mapped:1658,4,1658.0,SR_dorsal_lateral_geniculate,SR_DLG,Subcortex,R,mapped,93.35937500000004,False,5975,2836,0.4746443514644351,0.09824190438487415,0.12288062364740146,0.8500353650891015,cm033,unaccepted
L4:mapped:1659,4,1659.0,SR_medial_geniculate,SR_MG,Subcortex,R,mapped,28.406250000000014,False,1818,1818,1.0,0.16161561426219803,0.17760396281965057,1.003826633060417,cm033,unaccepted
L4:mapped:1661,4,1661.0,SR_pineal_gland,SR_Pi,Subcortex,R,mapped,4.093750000000002,False,262,262,1.0,0.06981085084553613,0.14220898763738912,0.8121821511759477,cm033,unaccepted
L4:mapped:1662,4,1662.0,SR_habenula,SR_Hb,Subcortex,R,mapped,11.265625000000005,False,721,721,1.0,0.31923050363444483,0.3207196542359623,1.7326251068990732,cm033,unaccepted
L4:mapped:1663,4,1663.0,SR_pretectum,SR_PrT,Subcortex,R,mapped,26.54687500000001,False,1699,1699,1.0,0.2358837695508843,0.23659343672560856,1.6435681659635133,cm033,unaccepted
L4:mapped:1672,4,1672.0,SR_colliculi,SR_Co,Subcortex,R,mapped,137.93750000000006,False,8828,8788,0.9954689623923878,0.0679746928645315,0.05483193079291716,0.35384042330324583,cm033,unaccepted
L4:mapped:1677,4,1677.0,SR_periaqueductal_gray_region,SR_PAGR,Subcortex,R,mapped,51.10937500000002,False,3271,3049,0.93213084683583,0.09911147009170573,0.09933967299659544,0.6590227589121015,cm033,unaccepted
L4:mapped:1681,4,1681.0,SR_midbrain_tegmentum,SR_TgMid,Subcortex,R,mapped,36.937500000000014,False,2364,1798,0.760575296108291,-0.02268145048263209,-0.02472587316379058,-0.18268339621985186,cm033,unaccepted
L4:mapped:1689,4,1689.0,SR_midbrain_reticulum,SR_RtMid,Subcortex,R,mapped,81.48437500000004,False,5215,5186,0.9944391179290508,0.055003635558153074,0.026993827113742208,0.19163726683948035,cm033,unaccepted
L4:mapped:1693,4,1693.0,SR_oculomotor_region,SR_OC+,Subcortex,R,mapped,33.859375000000014,False,2167,1267,0.5846792801107522,0.06338326395944671,0.05817590779831363,0.3890753774262184,cm033,unaccepted
L4:mapped:1696,4,1696.0,SR_midbrain_raphe,SR_raphe_Mid,Subcortex,R,mapped,33.156250000000014,False,2122,1004,0.473138548539114,0.03581830889157218,0.06978202327201304,0.4425420114597273,cm033,unaccepted
L4:mapped:1701,4,1701.0,SR_rubral_region,SR_R+,Subcortex,R,mapped,38.468750000000014,False,2462,2462,1.0,0.08340280013007567,0.0712541911969541,0.5108108518190939,cm033,unaccepted
L4:mapped:1704,4,1704.0,SR_midbrain_dopaminergic_complex,SR_DA_Mid,Subcortex,R,mapped,222.89062500000009,False,14265,6438,0.4513144058885384,0.04978935631793101,0.05902779418850804,0.47569068114118673,cm033,unaccepted
L4:mapped:1714,4,1714.0,SR_parabrachial_complex,SR_PBC,Subcortex,R,mapped,45.84375000000002,False,2934,584,0.19904567143830948,0.007671398287635024,0.01623634839475998,0.12350172740867355,cm033,unaccepted
L4:mapped:1719,4,1719.0,SR_locus-central_gray_region,SR_LGR,Subcortex,R,mapped,8.187500000000004,False,524,0,0.0,,,,cm033,unaccepted
L4:mapped:1723,4,1723.0,SR_pontine_dorsal_tegmentum,SR_tgPons,Subcortex,R,mapped,15.421875000000007,False,987,0,0.0,,,,cm033,unaccepted
L4:mapped:1727,4,1727.0,SR_lateral_lemniscus_complex,SR_ll+,Subcortex,R,mapped,27.73437500000001,False,1775,626,0.3526760563380282,0.04406994272783975,0.03308327125772486,0.26679420418496436,cm033,unaccepted
L4:mapped:1732,4,1732.0,SR_pontine_reticulum,SR_retPons,Subcortex,R,mapped,135.50000000000006,False,8672,1015,0.11704335793357934,-0.014175657971131577,-0.036437680301654486,-0.29096993313613095,cm033,unaccepted
L4:mapped:1738,4,1738.0,SR_superior_olive+lemiscal_region,SR_SuO/ml,Subcortex,R,mapped,56.50000000000003,False,3616,82,0.02267699115044248,0.01009852931327144,0.010971729956702014,0.08958539651371614,cm033,unaccepted
L4:mapped:1742,4,1742.0,SR_pontine_nucleus_region,SR_Pn+,Subcortex,R,mapped,492.9218750000002,False,31547,524,0.016610137255523506,-0.004143316355356502,0.0038231976017639325,0.03430452970627873,cm033,unaccepted
L4:mapped:1749,4,1749.0,SR_cerebellar_white_matter,SR_wmCB,Subcortex,R,mapped,48.92187500000002,False,3131,0,0.0,,,,cm033,unaccepted
L4:mapped:1752,4,1752.0,SR_deep_cerebellar_nuclei,SR_DCb,Subcortex,R,mapped,130.18750000000006,False,8332,778,0.09337493999039846,0.11631583417751092,0.09897753552995286,0.610432740078573,cm033,unaccepted
L4:mapped:1759,4,1759.0,SR_floculus_parafloculus,SR_Fl-PFl,Subcortex,R,mapped,388.62500000000017,False,24872,0,0.0,,,,cm033,unaccepted
L4:mapped:1762,4,1762.0,SR_vermis_cerebellar_cortex,SR_VCbCx,Subcortex,R,mapped,980.8281250000005,False,62773,39186,0.6242492791486786,0.0982133346037456,0.09948823008164792,0.5493202595563953,cm033,unaccepted
L4:mapped:1775,4,1775.0,SR_intermediate_cerebellar_cortex,SR_ICbCx,Subcortex,R,mapped,1170.7343750000005,False,74927,18293,0.24414430045244037,0.024646975082730026,0.027118427892869147,0.18965264502416493,cm033,unaccepted
L4:mapped:1783,4,1783.0,SR_lateral_cerebellar_cortex,SR_LCbCx,Subcortex,R,mapped,717.8750000000003,False,45944,6289,0.1368840327355041,-0.02159768141241805,-0.023784280675165644,-0.18947599151979067,cm033,unaccepted
L4:mapped:1789,4,1789.0,SR_vestibulo_cochlear_complex,SR_VCC,Subcortex,R,mapped,89.14062500000004,False,5705,0,0.0,,,,cm033,unaccepted
L4:mapped:1794,4,1794.0,SR_trigeminal_complex,SR_C5,Subcortex,R,mapped,57.53125000000003,False,3682,0,0.0,,,,cm033,unaccepted
L4:mapped:1801,4,1801.0,SR_somatovisceral_complex,SR_SVC,Subcortex,R,mapped,79.18750000000003,False,5068,0,0.0,,,,cm033,unaccepted
L4:mapped:1807,4,1807.0,SR_medullar_motor_complex,SR_MedMC,Subcortex,R,mapped,10.781250000000005,False,690,0,0.0,,,,cm033,unaccepted
L4:mapped:1810,4,1810.0,SR_medullar_reticulum,SR_MedRet,Subcortex,R,mapped,121.06250000000006,False,7748,0,0.0,,,,cm033,unaccepted
L4:mapped:1815,4,1815.0,SR_medullar-Raphe,SR_MedRaphe,Subcortex,R,mapped,2.9375000000000013,False,188,0,0.0,,,,cm033,unaccepted
L4:mapped:1819,4,1819.0,SR_precerebellar_medulla,SR_PreCbMed,Subcortex,R,mapped,64.70312500000003,False,4141,0,0.0,,,,cm033,unaccepted
L4:mapped:1822,4,1822.0,SR_ventral_medullar_tracts,SR_vmt,Subcortex,R,mapped,46.89062500000002,False,3001,0,0.0,,,,cm033,unaccepted
L5:zero_unassigned:0,5,0.0,Atlas label 0 (unassigned),,Unassigned,Unknown,zero_unassigned,190501.3437500001,False,12192086,2388420,0.19589920871621147,0.0386388758197269,0.02350810672982124,0.14923857980962008,cm033,unaccepted
L5:mapped:4,5,4.0,CL_area_32,CL_area_32,Cortex,L,mapped,91.60937500000004,False,5863,4033,0.6878731025072489,0.09855088753028378,0.11497182605896808,0.5281904221565332,cm033,unaccepted
L5:mapped:5,5,5.0,CL_subgenual_cortex,CL_area_25,Cortex,L,mapped,32.890625000000014,False,2105,0,0.0,,,,cm033,unaccepted
L5:mapped:7,5,7.0,CL_areas_24a_and_24b,CL_area_24a/b,Cortex,L,mapped,92.98437500000004,False,5951,5924,0.9954629474037977,-0.1158657573243014,-0.13350561697789343,-0.5899889523944744,cm033,unaccepted
L5:mapped:10,5,10.0,CL_area_24c,CL_area_24c,Cortex,L,mapped,196.90625000000009,False,12602,12602,1.0,-0.172480490964461,-0.16892345566330846,-0.7951841156191365,cm033,unaccepted
L5:mapped:12,5,12.0,CL_areas_24a'_and_24b',CL_area_24a/b_prime,Cortex,L,mapped,72.70312500000003,False,4653,4653,1.0,0.20783326513204003,0.18668680248999037,0.7183040539826,cm033,unaccepted
L5:mapped:15,5,15.0,CL_area_24c',CL_area_24c_prime,Cortex,L,mapped,115.67187500000006,False,7403,7403,1.0,0.2635479721282371,0.29238221730945796,1.4507694686199768,cm033,unaccepted
L5:mapped:18,5,18.0,CL_frontal_pole,CL_area_10,Cortex,L,mapped,235.2968750000001,False,15059,2304,0.1529982070522611,-0.018557205106171648,-0.03915467629007876,-0.13665285995775645,cm033,unaccepted
L5:mapped:22,5,22.0,CL_gyrus_rectus,CL_area_14,Cortex,L,mapped,70.31250000000003,False,4500,0,0.0,,,,cm033,unaccepted
L5:mapped:27,5,27.0,CL_area_11,CL_area_11,Cortex,L,mapped,138.23437500000006,False,8847,981,0.11088504577822991,0.09140651728564918,0.08865546498211081,0.32836503722135035,cm033,unaccepted
L5:mapped:30,5,30.0,CL_area_13,CL_area_13,Cortex,L,mapped,419.17187500000017,False,26827,1370,0.051067953927013826,-0.1229326985866284,-0.0929261779420052,-0.4490844173184432,cm033,unaccepted
L5:mapped:34,5,34.0,CL_medial_and_orbital_area_12,CL_area_12m/o,Cortex,L,mapped,150.73437500000006,False,9647,0,0.0,,,,cm033,unaccepted
L5:mapped:39,5,39.0,CL_medial_agranular_insular_region,CL_Iam/Iapm,Cortex,L,mapped,24.17187500000001,False,1547,0,0.0,,,,cm033,unaccepted
L5:mapped:40,5,40.0,CL_lateral_agranular_insular_region,CL_lat_Ia,Cortex,L,mapped,145.28125000000006,False,9298,0,0.0,,,,cm033,unaccepted
L5:key_level_conflict:45,5,45.0,CL_anterior_olfactory_cortex,CL_AON/TTv,Cortex,L,key_level_conflict,25.64062500000001,True,1641,0,0.0,,,,cm033,unaccepted
L5:mapped:48,5,48.0,CL_gustatory_cortex,CL_G,Cortex,L,mapped,40.12500000000002,False,2568,1093,0.42562305295950154,-0.40045194651036814,-0.40757084252618603,-2.2756400587962617,cm033,unaccepted
L5:mapped:49,5,49.0,CL_precentral_operular_area,CL_PrCO,Cortex,L,mapped,95.95312500000004,False,6141,0,0.0,,,,cm033,unaccepted
L5:mapped:51,5,51.0,CL_periarcuate_area_8A_(Frontal_Eye_Fields),CL_area_8A,Cortex,L,mapped,105.62500000000004,False,6760,1164,0.17218934911242603,0.1519977026576174,0.15547587698503318,1.0033258197739134,cm033,unaccepted
L5:mapped:55,5,55.0,CL_area_8B,CL_area_8B,Cortex,L,mapped,284.1562500000001,False,18186,10686,0.5875948531837677,0.03816977768531015,0.023394481030721295,0.13480838533546116,cm033,unaccepted
L5:mapped:60,5,60.0,CL_area_9,CL_area_9,Cortex,L,mapped,312.0625000000001,False,19972,8346,0.41788503905467655,0.07256202719927564,0.06882956328954098,0.3681957634091583,cm033,unaccepted
L5:mapped:63,5,63.0,CL_dorsal_area_46,CL_area_46d,Cortex,L,mapped,282.5000000000001,False,18080,1221,0.06753318584070797,-0.02356064278311033,-0.016751412957004188,-0.07029846543302072,cm033,unaccepted
L5:mapped:66,5,66.0,CL_ventral_and_fundus_portion_of_area_46,CL_area_46v/f,Cortex,L,mapped,316.7187500000001,False,20270,1873,0.09240256536753823,-0.12172928890592033,-0.1148876952037417,-0.5501938752259409,cm033,unaccepted
L5:mapped:69,5,69.0,CL_rostral_and_lateral_area_12,CL_area_12r/l,Cortex,L,mapped,149.23437500000006,False,9551,0,0.0,,,,cm033,unaccepted
L5:mapped:73,5,73.0,CL_area_45,CL_area_45,Cortex,L,mapped,165.54687500000009,False,10595,988,0.09325153374233129,0.28311518799213337,0.2785659637344875,1.508291993776774,cm033,unaccepted
L5:mapped:76,5,76.0,CL_area_44,CL_area_44,Cortex,L,mapped,49.35937500000002,False,3159,339,0.10731244064577398,-0.00038879718866031916,-0.013627141610639833,-0.08050167285692716,cm033,unaccepted
L5:mapped:79,5,79.0,CL_primary_motor_cortex,CL_M1,Cortex,L,mapped,762.1250000000003,False,48776,29068,0.5959488272921108,-0.09029755435480262,-0.12112940697802149,-0.6698391905213925,cm033,unaccepted
L5:mapped:81,5,81.0,CL_dorsal_premotor_cortex,CL_PMd,Cortex,L,mapped,767.7500000000003,False,49136,13372,0.2721426245522631,0.08445187562049127,0.05757819954374421,0.4077899874196251,cm033,unaccepted
L5:mapped:84,5,84.0,CL_ventral_premotor_cortex,CL_PMv,Cortex,L,mapped,700.6093750000003,False,44839,18830,0.419946921206985,-0.028012588156373266,0.006204593413101224,0.0481582235896837,cm033,unaccepted
L5:mapped:88,5,88.0,CL_presupplementary_motor_area,CL_preSMA,Cortex,L,mapped,115.06250000000006,False,7364,5280,0.717001629549158,-0.011179264524274962,0.04207087016496155,0.2408909252098076,cm033,unaccepted
L5:mapped:89,5,89.0,CL_supplementary_motor_area,CL_SMA,Cortex,L,mapped,196.45312500000009,False,12573,7312,0.5815636681778414,-0.03733180140243404,-0.04224564226452182,-0.21123319769800392,cm033,unaccepted
L5:mapped:93,5,93.0,CL_areas_3a_and_3b,CL_area_3a/b,Cortex,L,mapped,245.3906250000001,False,15705,13806,0.879083094555874,-0.12157254836176322,-0.11639487509582319,-0.7037807925767762,cm033,unaccepted
L5:mapped:94,5,94.0,CL_areas_1-2,CL_areas_1-2,Cortex,L,mapped,655.2968750000003,False,41939,26971,0.643100693864899,0.02995373456562842,0.025333156067973223,0.13910303246290193,cm033,unaccepted
L5:mapped:95,5,95.0,CL_secondary_somatosensory_cortex,CL_SII,Cortex,L,mapped,285.3125000000001,False,18260,17547,0.9609529025191675,-0.14542462543271734,-0.15827451133152243,-0.9471725703781384,cm033,unaccepted
L5:mapped:98,5,98.0,CL_visual_area_V6,CL_V6,Cortex,L,mapped,37.437500000000014,False,2396,2396,1.0,0.4121184204942815,0.4793716252422845,1.2843355582936566,cm033,unaccepted
L5:mapped:99,5,99.0,CL_visual_area_V6A,CL_V6A,Cortex,L,mapped,58.10937500000003,False,3719,3719,1.0,0.2734679659777895,0.24856659583217722,0.9218263935911504,cm033,unaccepted
L5:mapped:103,5,103.0,CL_dorsal_area_5,CL_area_5d,Cortex,L,mapped,252.4843750000001,False,16159,15252,0.9438702890030324,0.04432150629993344,0.03656958625853524,0.21894171356336747,cm033,unaccepted
L5:mapped:106,5,106.0,CL_area_PEa,CL_PEa,Cortex,L,mapped,194.45312500000009,False,12445,12323,0.9901968662113299,-0.04063434977299896,-0.07478439714796942,-0.40819115994856847,cm033,unaccepted
L5:mapped:108,5,108.0,CL_medial_intraparietal_area,CL_MIP,Cortex,L,mapped,159.53125000000006,False,10210,10210,1.0,0.41554316785904016,0.43536073014056553,1.4840545671244694,cm033,unaccepted
L5:mapped:109,5,109.0,CL_fundus_of_the_intraparietal_sulcus,CL_fundus_IPS,Cortex,L,mapped,150.25000000000006,False,9616,9616,1.0,0.11702892902927216,0.03718257622204992,0.23113857207204586,cm033,unaccepted
L5:mapped:114,5,114.0,CL_anterior_intraparietal_area,CL_AIP,Cortex,L,mapped,42.20312500000002,False,2701,2684,0.9937060348019252,-0.10127124343840502,-0.1250561330926207,-0.8034957172159618,cm033,unaccepted
L5:mapped:115,5,115.0,CL_lateral_intraparietal_area,CL_LIP,Cortex,L,mapped,268.2812500000001,False,17170,16805,0.9787419918462434,0.050765691968409146,0.012367294266298467,0.06474355834734903,cm033,unaccepted
L5:mapped:118,5,118.0,CL_lateral_occipital_parietal_area,CL_LOP,Cortex,L,mapped,22.51562500000001,False,1441,1441,1.0,0.6915948424094928,0.7050196200940111,2.452619983377495,cm033,unaccepted
L5:mapped:119,5,119.0,CL_medial_superior_temporal_area,CL_MST,Cortex,L,mapped,150.20312500000006,False,9613,9612,0.999895974201602,0.24236305708210576,0.21537853817896835,1.058349495842834,cm033,unaccepted
L5:mapped:121,5,121.0,CL_inferior_parietal_lobule_areas_7a_and_7b,CL_area_7a/b,Cortex,L,mapped,393.17187500000017,False,25163,18167,0.7219727377498708,0.2541482682409904,0.23733053246608518,1.2088796256455383,cm033,unaccepted
L5:mapped:124,5,124.0,CL_parietal_operculum,CL_area_7op,Cortex,L,mapped,167.64062500000009,False,10729,10121,0.9433311585422686,0.0015851339709065909,0.022428681273183912,0.11700535698968623,cm033,unaccepted
L5:mapped:126,5,126.0,CL_area_7_(PGm)_on_the_medial_wall,CL_area_7m,Cortex,L,mapped,183.04687500000009,False,11715,11713,0.9998292787025181,0.08339967114408207,0.03286800005186831,0.09841401221070965,cm033,unaccepted
L5:mapped:129,5,129.0,CL_area_31,CL_area_31,Cortex,L,mapped,63.62500000000003,False,4072,4072,1.0,0.21914934289753799,0.2162757302482691,0.8372688529203642,cm033,unaccepted
L5:mapped:130,5,130.0,CL_area_23,CL_area_23,Cortex,L,mapped,296.8125000000001,False,18996,18996,1.0,0.19983124711515882,0.21369786775224237,1.0120352774242898,cm033,unaccepted
L5:mapped:134,5,134.0,CL_area_v23,CL_area_v23,Cortex,L,mapped,103.89062500000004,False,6649,6643,0.9990976086629568,0.270191680507525,0.2611421345536458,1.0156668105494937,cm033,unaccepted
L5:mapped:136,5,136.0,CL_area_29,CL_area_29,Cortex,L,mapped,21.65625000000001,False,1386,1386,1.0,0.03725225975954082,0.02872827199589713,0.15589045373780974,cm033,unaccepted
L5:mapped:137,5,137.0,CL_area_30,CL_area_30,Cortex,L,mapped,23.14062500000001,False,1481,1481,1.0,0.04854439465294145,0.04147494143065486,0.19968428141119585,cm033,unaccepted
L5:mapped:149,5,149.0,CL_areas_TF_and_TFO,CL_TF/TFO,Cortex,L,mapped,138.75000000000006,False,8880,287,0.03231981981981982,0.08235685596787899,0.07598282993868985,0.5412466939463114,cm033,unaccepted
L5:mapped:152,5,152.0,CL_area_TH,CL_TH,Cortex,L,mapped,4.437500000000002,False,284,0,0.0,,,,cm033,unaccepted
L5:mapped:155,5,155.0,CL_caudal_entorhinal_cortex,CL_caudal_ERh,Cortex,L,mapped,50.67187500000002,False,3243,0,0.0,,,,cm033,unaccepted
L5:mapped:158,5,158.0,CL_middle_entorhinal_cortex,CL_mid_ERh,Cortex,L,mapped,31.984375000000014,False,2047,33,0.01612115290669272,-0.06174880167621157,-0.05710014269384995,-0.48372386805262285,cm033,unaccepted
L5:mapped:159,5,159.0,CL_rostral_entorhinal_cortex,CL_rostral_ERh,Cortex,L,mapped,47.82812500000002,False,3061,19,0.006207121855602744,0.036927556939825947,0.03609465186888845,0.30625820966114375,cm033,unaccepted
L5:mapped:161,5,161.0,CL_area_35,CL_area_35,Cortex,L,mapped,34.593750000000014,False,2214,3,0.0013550135501355014,0.08563416709469783,0.08542351960368239,0.6847423482030528,cm033,unaccepted
L5:mapped:162,5,162.0,CL_area_36,CL_area_36,Cortex,L,mapped,115.15625000000006,False,7370,0,0.0,,,,cm033,unaccepted
L5:mapped:166,5,166.0,CL_agranular_temporal_pole,CL_TGa,Cortex,L,mapped,76.29687500000003,False,4883,0,0.0,,,,cm033,unaccepted
L5:mapped:168,5,168.0,CL_dysgranular_temporal_pole,CL_TGd,Cortex,L,mapped,91.85937500000004,False,5879,39,0.00663378125531553,0.02119647226436728,0.01820209472175873,0.1446994730054369,cm033,unaccepted
L5:mapped:171,5,171.0,CL_granular_temporal_pole,CL_TGg,Cortex,L,mapped,147.35937500000006,False,9431,7,0.0007422330611812109,-0.022297984266148128,-0.031151373899696317,-0.21928208232083496,cm033,unaccepted
L5:mapped:176,5,176.0,CL_area_TEO,CL_TEO,Cortex,L,mapped,284.3437500000001,False,18198,505,0.027750302231014396,-0.0177411622868228,-0.014031321347198911,-0.12104508977052676,cm033,unaccepted
L5:mapped:179,5,179.0,CL_posterior_area_TE,CL_post_TE,Cortex,L,mapped,454.8906250000002,False,29113,0,0.0,,,,cm033,unaccepted
L5:mapped:182,5,182.0,CL_anterior_area_TE,CL_ant_TE,Cortex,L,mapped,419.42187500000017,False,26843,1910,0.07115449092873374,-0.011577830372105075,-0.022413620955590713,-0.16950281893216318,cm033,unaccepted
L5:mapped:185,5,185.0,CL_area_TE_in_the_ventral_STS,CL_TE_in_STSv,Cortex,L,mapped,301.0781250000001,False,19269,3303,0.17141522652965904,-0.04093634526865124,-0.012372608033640235,-0.12181090732192074,cm033,unaccepted
L5:mapped:189,5,189.0,CL_anterior_fundus_of_the_superior_temporal_sulcus,CL_ant_STSf,Cortex,L,mapped,332.81250000000017,False,21300,13766,0.6462910798122066,-0.021172964212997653,-0.028489099071643882,-0.2208327698452604,cm033,unaccepted
L5:mapped:192,5,192.0,CL_floor_of_the_superior_temporal_area,CL_FST,Cortex,L,mapped,92.34375000000004,False,5910,4501,0.761590524534687,0.08935571727607351,0.08600304833045022,0.5032615589740577,cm033,unaccepted
L5:mapped:196,5,196.0,CL_temporal_parietooccipital_associated_area,CL_TPO,Cortex,L,mapped,280.6406250000001,False,17961,11779,0.6558098101442014,-0.022164839912947574,-0.021143149459844218,-0.15958716817096227,cm033,unaccepted
L5:mapped:197,5,197.0,CL_area_TAa,CL_TAa,Cortex,L,mapped,171.23437500000009,False,10959,2582,0.23560543845241355,-0.012340547206158655,-0.020715592361837232,-0.164956254214144,cm033,unaccepted
L5:mapped:198,5,198.0,CL_rostral_superior_temporal_gyrus,CL_STGr,Cortex,L,mapped,141.93750000000006,False,9084,2721,0.29953764861294585,-0.053667194163405076,-0.054677140892220574,-0.4522555995275619,cm033,unaccepted
L5:mapped:200,5,200.0,CL_temporo-parietal_area,CL_Tpt,Cortex,L,mapped,97.45312500000004,False,6237,3694,0.592271925605259,0.16983243161935446,0.18242244095265664,1.0326200917349613,cm033,unaccepted
L5:mapped:201,5,201.0,CL_parabelt_areas_of_auditory_cortex,CL_parabelt,Cortex,L,mapped,162.85937500000009,False,10423,739,0.07090089225750744,0.04041208723236229,0.05160178569786965,0.4190705156175822,cm033,unaccepted
L5:mapped:207,5,207.0,CL_caudal_areas_of_the_lateral_belt,CL_CL/ML,Cortex,L,mapped,63.14062500000003,False,4041,2149,0.5317990596387033,-0.01183952306782208,-0.009197130795584865,-0.07036130155074452,cm033,unaccepted
L5:mapped:210,5,210.0,CL_rostral_areas_of_the_lateral_belt,CL_AL/RTL,Cortex,L,mapped,125.75000000000006,False,8048,5056,0.6282306163021869,0.06197458191316545,0.053661308874557084,0.38908485959756384,cm033,unaccepted
L5:mapped:214,5,214.0,CL_caudomedial_belt_region,CL_CM,Cortex,L,mapped,60.00000000000003,False,3840,3840,1.0,0.0504537116252646,0.04350185276404904,0.26756701471338534,cm033,unaccepted
L5:mapped:215,5,215.0,CL_rostral_areas_of_the_medial_belt,CL_RM/RTM,Cortex,L,mapped,67.98437500000003,False,4351,3774,0.8673868076304297,-0.06663691826866287,-0.052157864454997656,-0.3585626812739956,cm033,unaccepted
L5:mapped:218,5,218.0,CL_polar_rostrotemporal_cortex,CL_RTp,Cortex,L,mapped,28.031250000000014,False,1794,68,0.0379041248606466,0.02100904106687625,0.019325964266716025,0.1574610346234827,cm033,unaccepted
L5:mapped:220,5,220.0,CL_rostral_areas_of_the_core,CL_R/RT,Cortex,L,mapped,69.73437500000003,False,4463,3896,0.8729554111584136,0.036954494652098956,0.02201981997929236,0.13718255898805048,cm033,unaccepted
L5:mapped:223,5,223.0,CL_primary_auditory_cortex,CL_AI,Cortex,L,mapped,89.50000000000004,False,5728,5727,0.9998254189944135,-0.01402323252258596,0.004668156398682104,0.005743567678527212,cm033,unaccepted
L5:mapped:226,5,226.0,CL_parainsula,CL_Pi,Cortex,L,mapped,27.28125000000001,False,1746,1143,0.654639175257732,-0.0933806073693168,-0.0845976428960106,-0.6387917365432786,cm033,unaccepted
L5:mapped:227,5,227.0,CL_insula,CL_Ins,Cortex,L,mapped,260.9062500000001,False,16698,15628,0.9359204695173075,-0.25027233517738706,-0.22514634503149872,-1.2779835429787052,cm033,unaccepted
L5:mapped:230,5,230.0,CL_retroinsula,CL_Ri,Cortex,L,mapped,15.109375000000007,False,967,967,1.0,-0.00510925710183555,0.0006514260482041699,-0.004975566950181282,cm033,unaccepted
L5:mapped:232,5,232.0,CL_middle_temporal_area,CL_MT,Cortex,L,mapped,94.67187500000004,False,6059,5445,0.8986631457336194,0.18503303087187112,0.14118197189708176,0.750148946462002,cm033,unaccepted
L5:mapped:235,5,235.0,CL_dorsal_visual_area_4,CL_V4d,Cortex,L,mapped,466.4218750000002,False,29851,16158,0.541288399048608,0.3530684243260715,0.35434016852854117,1.7032753831368446,cm033,unaccepted
L5:mapped:236,5,236.0,CL_ventral_visual_area_4,CL_V4v,Cortex,L,mapped,298.5625000000001,False,19108,34,0.0017793594306049821,0.011673020486254945,0.012402169630804226,0.10265618052742442,cm033,unaccepted
L5:mapped:239,5,239.0,CL_visual_areas_V3d_and_V3A,CL_V3d/V3A,Cortex,L,mapped,291.2031250000001,False,18637,17484,0.9381338198207866,0.4627450499033052,0.46320776881096726,2.127842810048569,cm033,unaccepted
L5:mapped:242,5,242.0,CL_ventral_visual_area_3,CL_V3v,Cortex,L,mapped,224.7968750000001,False,14387,2791,0.19399457843886841,-0.005863939515518796,-0.00342516796231569,-0.03257230096606898,cm033,unaccepted
L5:mapped:243,5,243.0,CL_visual_area_2,CL_V2,Cortex,L,mapped,1575.3750000000007,False,100824,61082,0.6058279774656827,0.24163183716338868,0.14695823712456896,0.7438632748518257,cm033,unaccepted
L5:mapped:246,5,246.0,CL_primary_visual_cortex,CL_V1,Cortex,L,mapped,1965.546875000001,False,125795,70942,0.5639492825629,0.06974176630625964,0.051326538438694606,0.27427915328805375,cm033,unaccepted
L5:mapped:504,5,504.0,CR_area_32,CR_area_32,Cortex,R,mapped,91.60937500000004,False,5863,3451,0.5886065154357837,0.019708068222469656,0.037017197082542364,0.14440718502202007,cm033,unaccepted
L5:mapped:505,5,505.0,CR_subgenual_cortex,CR_area_25,Cortex,R,mapped,32.890625000000014,False,2105,0,0.0,,,,cm033,unaccepted
L5:mapped:507,5,507.0,CR_areas_24a_and_24b,CR_area_24a/b,Cortex,R,mapped,92.98437500000004,False,5951,5752,0.9665602419761384,-0.07002078340650986,-0.08032391594902197,-0.35963109131322013,cm033,unaccepted
L5:mapped:510,5,510.0,CR_area_24c,CR_area_24c,Cortex,R,mapped,196.90625000000009,False,12602,12450,0.9879384224726234,0.08479199748335312,0.09273565407454945,0.5777716051197411,cm033,unaccepted
L5:mapped:512,5,512.0,CR_areas_24a'_and_24b',CR_area_24a/b_prime,Cortex,R,mapped,72.70312500000003,False,4653,4653,1.0,0.1794462181872326,0.20202794480330516,0.9379657545112648,cm033,unaccepted
L5:mapped:515,5,515.0,CR_area_24c',CR_area_24c_prime,Cortex,R,mapped,115.67187500000006,False,7403,7403,1.0,0.11748856751994229,0.11818837552500294,0.6159773878607087,cm033,unaccepted
L5:mapped:518,5,518.0,CR_frontal_pole,CR_area_10,Cortex,R,mapped,235.2968750000001,False,15059,2231,0.14815060761006707,-0.02905194237212495,-0.07983721294776215,-0.28951591810096355,cm033,unaccepted
L5:mapped:522,5,522.0,CR_gyrus_rectus,CR_area_14,Cortex,R,mapped,70.31250000000003,False,4500,0,0.0,,,,cm033,unaccepted
L5:mapped:527,5,527.0,CR_area_11,CR_area_11,Cortex,R,mapped,138.23437500000006,False,8847,249,0.02814513394370973,-0.12422617074387779,-0.1278234535914466,-0.5591273977130025,cm033,unaccepted
L5:mapped:530,5,530.0,CR_area_13,CR_area_13,Cortex,R,mapped,419.17187500000017,False,26827,15,0.0005591381816826332,0.00458876064509864,0.03764777643015155,0.17603236756295287,cm033,unaccepted
L5:mapped:534,5,534.0,CR_medial_and_orbital_area_12,CR_area_12m/o,Cortex,R,mapped,150.73437500000006,False,9647,0,0.0,,,,cm033,unaccepted
L5:mapped:539,5,539.0,CR_medial_agranular_insular_region,CR_Iam/Iapm,Cortex,R,mapped,24.17187500000001,False,1547,0,0.0,,,,cm033,unaccepted
L5:mapped:540,5,540.0,CR_lateral_agranular_insular_region,CR_lat_Ia,Cortex,R,mapped,145.28125000000006,False,9298,275,0.029576252957625296,0.10463714303488829,0.09386728246635612,0.7059526397656075,cm033,unaccepted
L5:key_level_conflict:545,5,545.0,CR_anterior_olfactory_cortex,CR_AON/TTv,Cortex,R,key_level_conflict,25.64062500000001,True,1641,0,0.0,,,,cm033,unaccepted
L5:mapped:548,5,548.0,CR_gustatory_cortex,CR_G,Cortex,R,mapped,40.12500000000002,False,2568,807,0.3142523364485981,0.011514852988144865,0.015152738564032237,0.12145897109474704,cm033,unaccepted
L5:mapped:549,5,549.0,CR_precentral_operular_area,CR_PrCO,Cortex,R,mapped,95.95312500000004,False,6141,124,0.02019215111545351,-0.09891369419191229,-0.0981436311482492,-0.750179183257304,cm033,unaccepted
L5:mapped:551,5,551.0,CR_periarcuate_area_8A_(Frontal_Eye_Fields),CR_area_8A,Cortex,R,mapped,105.62500000000004,False,6760,4663,0.689792899408284,0.030852045315671314,0.02777741789527853,0.23238256549361538,cm033,unaccepted
L5:mapped:555,5,555.0,CR_area_8B,CR_area_8B,Cortex,R,mapped,284.1562500000001,False,18186,9391,0.5163862311668316,0.14737589591034458,0.09347330556379434,0.6785681917646504,cm033,unaccepted
L5:mapped:560,5,560.0,CR_area_9,CR_area_9,Cortex,R,mapped,312.0625000000001,False,19972,5598,0.2802924093731224,0.20934087753281239,0.20927984658195298,0.9049648573504304,cm033,unaccepted
L5:mapped:563,5,563.0,CR_dorsal_area_46,CR_area_46d,Cortex,R,mapped,282.5000000000001,False,18080,2197,0.12151548672566372,0.10232721333582331,0.10667842266711171,0.773716109085596,cm033,unaccepted
L5:mapped:566,5,566.0,CR_ventral_and_fundus_portion_of_area_46,CR_area_46v/f,Cortex,R,mapped,316.7187500000001,False,20270,816,0.04025653675382338,-0.06843197612958597,-0.06312510482055345,-0.2747629978552076,cm033,unaccepted
L5:mapped:569,5,569.0,CR_rostral_and_lateral_area_12,CR_area_12r/l,Cortex,R,mapped,149.23437500000006,False,9551,0,0.0,,,,cm033,unaccepted
L5:mapped:573,5,573.0,CR_area_45,CR_area_45,Cortex,R,mapped,165.54687500000009,False,10595,5,0.00047192071731949034,0.021273587210609173,0.03044270094307734,0.21210738935452256,cm033,unaccepted
L5:mapped:576,5,576.0,CR_area_44,CR_area_44,Cortex,R,mapped,49.35937500000002,False,3159,1,0.00031655587211142766,0.06693959202461346,0.06693959202461346,0.43689556914377004,cm033,unaccepted
L5:mapped:579,5,579.0,CR_primary_motor_cortex,CR_M1,Cortex,R,mapped,762.1250000000003,False,48776,31362,0.642980154174184,0.05008626559628709,0.0635988969930732,0.33965899866244487,cm033,unaccepted
L5:mapped:581,5,581.0,CR_dorsal_premotor_cortex,CR_PMd,Cortex,R,mapped,767.7500000000003,False,49136,24021,0.4888676326929339,0.06940597559802082,0.07082695313608042,0.5113566804183713,cm033,unaccepted
L5:mapped:584,5,584.0,CR_ventral_premotor_cortex,CR_PMv,Cortex,R,mapped,700.6093750000003,False,44839,27479,0.6128370391846384,0.01438505270985494,0.028525324962779906,0.17834784340307058,cm033,unaccepted
L5:mapped:588,5,588.0,CR_presupplementary_motor_area,CR_preSMA,Cortex,R,mapped,115.06250000000006,False,7364,5500,0.7468766974470397,0.09765535613492995,0.10743582672618535,0.569624807844172,cm033,unaccepted
L5:mapped:589,5,589.0,CR_supplementary_motor_area,CR_SMA,Cortex,R,mapped,196.45312500000009,False,12573,7622,0.6062196770858188,0.1305374804689748,0.11066361037619715,0.5820372497304642,cm033,unaccepted
L5:mapped:593,5,593.0,CR_areas_3a_and_3b,CR_area_3a/b,Cortex,R,mapped,245.3906250000001,False,15705,15136,0.9637695001591849,-0.016433849532703895,0.03253754084115683,0.20902658891109532,cm033,unaccepted
L5:mapped:594,5,594.0,CR_areas_1-2,CR_areas_1-2,Cortex,R,mapped,655.2968750000003,False,41939,36277,0.8649943966236677,0.005022220551244671,0.011690286997146512,0.06918119830549763,cm033,unaccepted
L5:mapped:595,5,595.0,CR_secondary_somatosensory_cortex,CR_SII,Cortex,R,mapped,285.3125000000001,False,18260,17954,0.9832420591456736,-0.03607381529561167,-0.042165116876698196,-0.23794828535712922,cm033,unaccepted
L5:mapped:598,5,598.0,CR_visual_area_V6,CR_V6,Cortex,R,mapped,37.437500000000014,False,2396,2396,1.0,-0.09175923763489081,-0.16105569657409555,-0.4676864475663951,cm033,unaccepted
L5:mapped:599,5,599.0,CR_visual_area_V6A,CR_V6A,Cortex,R,mapped,58.10937500000003,False,3719,3719,1.0,0.2323177969851868,0.19215522064466942,0.7370043318287185,cm033,unaccepted
L5:mapped:603,5,603.0,CR_dorsal_area_5,CR_area_5d,Cortex,R,mapped,252.4843750000001,False,16159,15795,0.9774738535800482,0.18632833753501127,0.17465726875315857,0.8117033680184045,cm033,unaccepted
L5:mapped:606,5,606.0,CR_area_PEa,CR_PEa,Cortex,R,mapped,194.45312500000009,False,12445,12432,0.9989554037766171,0.14471810177099423,0.1437387617595703,0.8134691364506479,cm033,unaccepted
L5:mapped:608,5,608.0,CR_medial_intraparietal_area,CR_MIP,Cortex,R,mapped,159.53125000000006,False,10210,10210,1.0,0.34976983086901275,0.33919328134530446,1.4405424017864272,cm033,unaccepted
L5:mapped:609,5,609.0,CR_fundus_of_the_intraparietal_sulcus,CR_fundus_IPS,Cortex,R,mapped,150.25000000000006,False,9616,9616,1.0,0.18151281800239563,0.17624058757716907,1.0061719760353265,cm033,unaccepted
L5:mapped:614,5,614.0,CR_anterior_intraparietal_area,CR_AIP,Cortex,R,mapped,42.20312500000002,False,2701,2701,1.0,-0.12091579412524017,-0.12598410178444844,-0.7752736164842923,cm033,unaccepted
L5:mapped:615,5,615.0,CR_lateral_intraparietal_area,CR_LIP,Cortex,R,mapped,268.2812500000001,False,17170,17094,0.9955736750145603,0.1608686638061811,0.17388560313889345,0.9100901061042274,cm033,unaccepted
L5:mapped:618,5,618.0,CR_lateral_occipital_parietal_area,CR_LOP,Cortex,R,mapped,22.51562500000001,False,1441,1441,1.0,0.4586677357069366,0.46144280672687765,1.8204652080180732,cm033,unaccepted
L5:mapped:619,5,619.0,CR_medial_superior_temporal_area,CR_MST,Cortex,R,mapped,150.20312500000006,False,9613,9613,1.0,0.2739870686931728,0.26501213738387447,1.468962496575959,cm033,unaccepted
L5:mapped:621,5,621.0,CR_inferior_parietal_lobule_areas_7a_and_7b,CR_area_7a/b,Cortex,R,mapped,393.17187500000017,False,25163,24033,0.9550927949767516,0.06043999515781308,0.054998522409912834,0.35382516481475107,cm033,unaccepted
L5:mapped:624,5,624.0,CR_parietal_operculum,CR_area_7op,Cortex,R,mapped,167.64062500000009,False,10729,10729,1.0,0.019329009625068682,0.04226788164188969,0.23581471522083447,cm033,unaccepted
L5:mapped:626,5,626.0,CR_area_7_(PGm)_on_the_medial_wall,CR_area_7m,Cortex,R,mapped,183.04687500000009,False,11715,11713,0.9998292787025181,0.10760088161728365,0.08916410226780003,0.32311358896205233,cm033,unaccepted
L5:mapped:629,5,629.0,CR_area_31,CR_area_31,Cortex,R,mapped,63.62500000000003,False,4072,4072,1.0,0.159325438142744,0.10655127629404881,0.45986231516321485,cm033,unaccepted
L5:mapped:630,5,630.0,CR_area_23,CR_area_23,Cortex,R,mapped,296.8125000000001,False,18996,18996,1.0,0.15685586943995392,0.15270181377597847,0.7327181507062854,cm033,unaccepted
L5:mapped:634,5,634.0,CR_area_v23,CR_area_v23,Cortex,R,mapped,103.89062500000004,False,6649,6643,0.9990976086629568,0.268744677044349,0.2745665119949638,1.2672999987582085,cm033,unaccepted
L5:mapped:636,5,636.0,CR_area_29,CR_area_29,Cortex,R,mapped,21.65625000000001,False,1386,1386,1.0,0.17236283382438242,0.1532329777067536,0.9349165584466839,cm033,unaccepted
L5:mapped:637,5,637.0,CR_area_30,CR_area_30,Cortex,R,mapped,23.14062500000001,False,1481,1481,1.0,0.17164533571037344,0.14352293463972388,0.8578088219909672,cm033,unaccepted
L5:mapped:649,5,649.0,CR_areas_TF_and_TFO,CR_TF/TFO,Cortex,R,mapped,138.75000000000006,False,8880,671,0.07556306306306307,0.035091336863838134,0.026210000237107733,0.19612060598865466,cm033,unaccepted
L5:mapped:652,5,652.0,CR_area_TH,CR_TH,Cortex,R,mapped,4.437500000000002,False,284,0,0.0,,,,cm033,unaccepted
L5:mapped:655,5,655.0,CR_caudal_entorhinal_cortex,CR_caudal_ERh,Cortex,R,mapped,50.67187500000002,False,3243,0,0.0,,,,cm033,unaccepted
L5:mapped:658,5,658.0,CR_middle_entorhinal_cortex,CR_mid_ERh,Cortex,R,mapped,31.984375000000014,False,2047,3,0.0014655593551538837,-0.0013809482426027243,0.00440123033703412,0.004113261088201333,cm033,unaccepted
L5:mapped:659,5,659.0,CR_rostral_entorhinal_cortex,CR_rostral_ERh,Cortex,R,mapped,47.82812500000002,False,3061,99,0.03234237177393009,0.13484218020225847,0.13455170736817781,0.7479279469687952,cm033,unaccepted
L5:mapped:661,5,661.0,CR_area_35,CR_area_35,Cortex,R,mapped,34.593750000000014,False,2214,12,0.005420054200542005,0.13122186109379205,0.13078100091624278,0.8769545696473935,cm033,unaccepted
L5:mapped:662,5,662.0,CR_area_36,CR_area_36,Cortex,R,mapped,115.15625000000006,False,7370,0,0.0,,,,cm033,unaccepted
L5:mapped:666,5,666.0,CR_agranular_temporal_pole,CR_TGa,Cortex,R,mapped,76.29687500000003,False,4883,0,0.0,,,,cm033,unaccepted
L5:mapped:668,5,668.0,CR_dysgranular_temporal_pole,CR_TGd,Cortex,R,mapped,91.85937500000004,False,5879,0,0.0,,,,cm033,unaccepted
L5:mapped:671,5,671.0,CR_granular_temporal_pole,CR_TGg,Cortex,R,mapped,147.35937500000006,False,9431,530,0.05619764606086311,-0.0762007638174761,-0.06991485981463727,-0.5652126947929412,cm033,unaccepted
L5:mapped:676,5,676.0,CR_area_TEO,CR_TEO,Cortex,R,mapped,284.3437500000001,False,18198,340,0.0186833717990988,0.010032688497415357,0.023274574848164975,0.180282661835539,cm033,unaccepted
L5:mapped:679,5,679.0,CR_posterior_area_TE,CR_post_TE,Cortex,R,mapped,454.8906250000002,False,29113,0,0.0,,,,cm033,unaccepted
L5:mapped:682,5,682.0,CR_anterior_area_TE,CR_ant_TE,Cortex,R,mapped,419.42187500000017,False,26843,214,0.007972283276831948,-0.01718267732087338,-0.013868269933285288,-0.10578077730542065,cm033,unaccepted
L5:mapped:685,5,685.0,CR_area_TE_in_the_ventral_STS,CR_TE_in_STSv,Cortex,R,mapped,301.0781250000001,False,19269,2417,0.12543463594374385,0.04167471506662815,0.03517267998737212,0.300983231079327,cm033,unaccepted
L5:mapped:689,5,689.0,CR_anterior_fundus_of_the_superior_temporal_sulcus,CR_ant_STSf,Cortex,R,mapped,332.81250000000017,False,21300,8713,0.40906103286384976,0.08068670547277146,0.06521602247224251,0.46430440617953533,cm033,unaccepted
L5:mapped:692,5,692.0,CR_floor_of_the_superior_temporal_area,CR_FST,Cortex,R,mapped,92.34375000000004,False,5910,4046,0.6846023688663283,0.03511534154518525,0.020955275518131575,0.11225000417095546,cm033,unaccepted
L5:mapped:696,5,696.0,CR_temporal_parietooccipital_associated_area,CR_TPO,Cortex,R,mapped,280.6406250000001,False,17961,6105,0.3399031234341072,0.09142853594100495,0.07005300421150269,0.5184833327015431,cm033,unaccepted
L5:mapped:697,5,697.0,CR_area_TAa,CR_TAa,Cortex,R,mapped,171.23437500000009,False,10959,1179,0.10758280865042431,0.02017183216698838,0.04378329687477271,0.3528301480273135,cm033,unaccepted
L5:mapped:698,5,698.0,CR_rostral_superior_temporal_gyrus,CR_STGr,Cortex,R,mapped,141.93750000000006,False,9084,2064,0.22721268163804492,0.03210711931387702,0.05769141833215852,0.370184181200685,cm033,unaccepted
L5:mapped:700,5,700.0,CR_temporo-parietal_area,CR_Tpt,Cortex,R,mapped,97.45312500000004,False,6237,6214,0.996312329645663,0.19867153093669343,0.19745695264673768,1.2324320912221707,cm033,unaccepted
L5:mapped:701,5,701.0,CR_parabelt_areas_of_auditory_cortex,CR_parabelt,Cortex,R,mapped,162.85937500000009,False,10423,1973,0.18929290991077424,0.08023218064439802,0.08227644525192843,0.6088363924223001,cm033,unaccepted
L5:mapped:707,5,707.0,CR_caudal_areas_of_the_lateral_belt,CR_CL/ML,Cortex,R,mapped,63.14062500000003,False,4041,3803,0.9411036872061371,0.13253152710137062,0.11799245238743138,0.7125484062374042,cm033,unaccepted
L5:mapped:710,5,710.0,CR_rostral_areas_of_the_lateral_belt,CR_AL/RTL,Cortex,R,mapped,125.75000000000006,False,8048,7440,0.9244532803180915,0.15860877571189982,0.17153720979100065,1.2359785919383368,cm033,unaccepted
L5:mapped:714,5,714.0,CR_caudomedial_belt_region,CR_CM,Cortex,R,mapped,60.00000000000003,False,3840,3840,1.0,0.13003719379650538,0.13402362187947164,0.7715519540058914,cm033,unaccepted
L5:mapped:715,5,715.0,CR_rostral_areas_of_the_medial_belt,CR_RM/RTM,Cortex,R,mapped,67.98437500000003,False,4351,2712,0.6233049873592278,0.04284258810284356,0.04209459093035383,0.28772036936719136,cm033,unaccepted
L5:mapped:718,5,718.0,CR_polar_rostrotemporal_cortex,CR_RTp,Cortex,R,mapped,28.031250000000014,False,1794,141,0.07859531772575251,-0.039041343339860146,-0.0349757132996647,-0.2846119785062488,cm033,unaccepted
L5:mapped:720,5,720.0,CR_rostral_areas_of_the_core,CR_R/RT,Cortex,R,mapped,69.73437500000003,False,4463,4136,0.9267308984987677,0.07728380846975098,0.07073117739262053,0.5215943698925126,cm033,unaccepted
L5:mapped:723,5,723.0,CR_primary_auditory_cortex,CR_AI,Cortex,R,mapped,89.50000000000004,False,5728,5647,0.9858589385474861,0.12207155233266483,0.11184006480983587,0.6432057216016527,cm033,unaccepted
L5:mapped:726,5,726.0,CR_parainsula,CR_Pi,Cortex,R,mapped,27.28125000000001,False,1746,646,0.3699885452462772,0.14347740107871154,0.14342281835729434,1.0177142433322928,cm033,unaccepted
L5:mapped:727,5,727.0,CR_insula,CR_Ins,Cortex,R,mapped,260.9062500000001,False,16698,16036,0.9603545334770631,0.024371649953334244,0.03309294940257451,0.19446619596496068,cm033,unaccepted
L5:mapped:730,5,730.0,CR_retroinsula,CR_Ri,Cortex,R,mapped,15.109375000000007,False,967,967,1.0,0.14401765085116358,0.1546299568100038,0.7777402562777145,cm033,unaccepted
L5:mapped:732,5,732.0,CR_middle_temporal_area,CR_MT,Cortex,R,mapped,94.67187500000004,False,6059,5806,0.9582439346426803,0.28664659346413496,0.2416207716180552,1.4403180658057568,cm033,unaccepted
L5:mapped:735,5,735.0,CR_dorsal_visual_area_4,CR_V4d,Cortex,R,mapped,466.4218750000002,False,29851,17720,0.5936149542728887,0.16218891726361442,0.13573477795034755,0.7423602724873706,cm033,unaccepted
L5:mapped:736,5,736.0,CR_ventral_visual_area_4,CR_V4v,Cortex,R,mapped,298.5625000000001,False,19108,0,0.0,,,,cm033,unaccepted
L5:mapped:739,5,739.0,CR_visual_areas_V3d_and_V3A,CR_V3d/V3A,Cortex,R,mapped,291.2031250000001,False,18637,17733,0.9514943392176852,0.2648891815635991,0.2465808824890281,1.2433165263198727,cm033,unaccepted
L5:mapped:742,5,742.0,CR_ventral_visual_area_3,CR_V3v,Cortex,R,mapped,224.7968750000001,False,14387,2073,0.1440884131507611,0.02875610898265775,0.00844239645786336,0.08770793850177033,cm033,unaccepted
L5:mapped:743,5,743.0,CR_visual_area_2,CR_V2,Cortex,R,mapped,1575.3750000000007,False,100824,66786,0.6624018090930731,0.12806890917323327,0.09436349153259607,0.4973709674724213,cm033,unaccepted
L5:mapped:746,5,746.0,CR_primary_visual_cortex,CR_V1,Cortex,R,mapped,1965.546875000001,False,125795,77498,0.6160658213760484,0.10186594816177905,0.08950229490882698,0.4543318278797964,cm033,unaccepted
L5:mapped:1004,5,1004.0,SL_claustrum,SL_Cl,Subcortex,L,mapped,255.1562500000001,False,16330,10674,0.6536436007348438,-0.03391562263931997,-0.013772061739156058,-0.0853076642147634,cm033,unaccepted
L5:mapped:1007,5,1007.0,SL_dorsal_endopiriform_claustrum,SL_DEn,Subcortex,L,mapped,14.203125000000007,False,909,121,0.1331133113311331,-0.07033451736440277,-0.07418206027959198,-0.5751731561261988,cm033,unaccepted
L5:mapped:1008,5,1008.0,SL_ventral_endopiriform_claustrum,SL_VEn,Subcortex,L,mapped,9.515625000000004,False,609,15,0.024630541871921183,-0.059725253866546875,-0.061995420676290325,-0.521337258497045,cm033,unaccepted
L5:mapped:1009,5,1009.0,SL_piriform_cortex,SL_Pir,Subcortex,L,mapped,30.796875000000014,False,1971,0,0.0,,,,cm033,unaccepted
L5:mapped:1013,5,1013.0,SL_hippocampus_anterior,SL_HiA,Subcortex,L,mapped,271.8750000000001,False,17400,929,0.05339080459770115,-0.17137532924825982,-0.1505510308702038,-1.2451940640435641,cm033,unaccepted
L5:mapped:1016,5,1016.0,SL_subicular_complex_anterior,SL_SA,Subcortex,L,mapped,81.28125000000004,False,5202,126,0.02422145328719723,-0.1235543187474369,-0.09460849227161212,-0.7911724561509881,cm033,unaccepted
L5:mapped:1018,5,1018.0,SL_hippocampus_posterior,SL_HiP,Subcortex,L,mapped,114.28125000000006,False,7314,2595,0.35479901558654636,-0.048296023770697624,-0.035507161585618584,-0.2241193669268381,cm033,unaccepted
L5:mapped:1021,5,1021.0,SL_subicular_complex_posterior,SL_SP,Subcortex,L,mapped,52.06250000000002,False,3332,2022,0.6068427370948379,0.021738351089701378,-0.017306600126010922,-0.12778383673012153,cm033,unaccepted
L5:mapped:1022,5,1022.0,SL_fimbria,SL_fi,Subcortex,L,mapped,12.593750000000005,False,806,806,1.0,0.0973641354064841,0.08471621097148765,0.5983745898758879,cm033,unaccepted
L5:mapped:1023,5,1023.0,SL_fornix,SL_f,Subcortex,L,mapped,43.40625000000002,False,2778,2775,0.9989200863930886,0.259807624078662,0.25500893953348486,1.3273952022769524,cm033,unaccepted
L5:mapped:1027,5,1027.0,SL_basomedial_amygdaloid_nucleus,SL_BM,Subcortex,L,mapped,47.84375000000002,False,3062,0,0.0,,,,cm033,unaccepted
L5:mapped:1028,5,1028.0,SL_ventral_cortical_amygdaloid_nucleus,SL_VCo,Subcortex,L,mapped,22.76562500000001,False,1457,0,0.0,,,,cm033,unaccepted
L5:mapped:1029,5,1029.0,SL_amygdalohippocampal_area,SL_AHi,Subcortex,L,mapped,17.203125000000007,False,1101,0,0.0,,,,cm033,unaccepted
L5:mapped:1031,5,1031.0,SL_lateral_amygdaloid_nucleus,SL_La,Subcortex,L,mapped,40.82812500000002,False,2613,1771,0.6777650210486031,-0.1338263729980144,-0.1382927880936412,-1.0668478962448749,cm033,unaccepted
L5:mapped:1034,5,1034.0,SL_amygdalopiriform_transition_area,SL_APir,Subcortex,L,mapped,27.85937500000001,False,1783,0,0.0,,,,cm033,unaccepted
L5:mapped:1035,5,1035.0,SL_basolateral_amygdaloid_nucleus,SL_BL,Subcortex,L,mapped,47.54687500000002,False,3043,449,0.14755175813342097,-0.03718643502532512,-0.03083641815138223,-0.26718319696151105,cm033,unaccepted
L5:mapped:1039,5,1039.0,SL_paralaminar_amygdaloid_nucleus,SL_PaL,Subcortex,L,mapped,13.750000000000005,False,880,80,0.09090909090909091,-0.03103385608451441,-0.04044867063317438,-0.34730752951525184,cm033,unaccepted
L5:mapped:1042,5,1042.0,SL_central_amygdaloid_nucleus,SL_Ce,Subcortex,L,mapped,13.843750000000005,False,886,671,0.7573363431151241,-0.23555112665550654,-0.22716900001519663,-1.643090286274222,cm033,unaccepted
L5:mapped:1044,5,1044.0,SL_medial_amygdaloid_nucleus,SL_Me,Subcortex,L,mapped,16.984375000000007,False,1087,192,0.1766329346826127,-0.1445322138333673,-0.15476586380972535,-1.0942262529806879,cm033,unaccepted
L5:mapped:1045,5,1045.0,SL_anterior_amygdaloid_area,SL_AA,Subcortex,L,mapped,23.73437500000001,False,1519,99,0.065174456879526,-0.04727811018248819,-0.0426116719252131,-0.3583769708082359,cm033,unaccepted
L5:mapped:1047,5,1047.0,SL_extended_amygdala,SL_EA,Subcortex,L,mapped,9.140625000000004,False,585,30,0.05128205128205128,-0.07653562489034144,-0.07452626639129883,-0.36140439820212245,cm033,unaccepted
L5:mapped:1048,5,1048.0,SL_posterior_interstitial_nucleus,SL_IPAC,Subcortex,L,mapped,4.906250000000002,False,314,6,0.01910828025477707,-0.013117929052051856,-0.014597490670802056,-0.10332266411052005,cm033,unaccepted
L5:mapped:1049,5,1049.0,SL_intraamygdaloid_stria_terminalis,SL_STIA,Subcortex,L,mapped,15.593750000000007,False,998,20,0.02004008016032064,-0.11092121215318403,-0.11225036944985087,-0.8102296790568138,cm033,unaccepted
L5:mapped:1053,5,1053.0,SL_caudate,SL_Cd,Subcortex,L,mapped,649.5625000000003,False,41572,33332,0.8017896661214279,0.0498346310974466,0.048470462444169665,0.26584283364255096,cm033,unaccepted
L5:mapped:1056,5,1056.0,SL_putamen,SL_Pu,Subcortex,L,mapped,895.1093750000003,False,57287,39062,0.6818649955487284,-0.11151385489192321,-0.10827406640249973,-0.5836555330081146,cm033,unaccepted
L5:mapped:1057,5,1057.0,SL_amygdalostriatal_transition,SL_ASt,Subcortex,L,mapped,33.812500000000014,False,2164,1809,0.8359519408502772,-0.26752300818539787,-0.27503240920092115,-1.9276207276624775,cm033,unaccepted
L5:mapped:1058,5,1058.0,SL_internal_capsule,SL_ic,Subcortex,L,mapped,230.7343750000001,False,14767,12991,0.8797318344958354,-0.2292596119824323,-0.24083142805662336,-1.0831750778214448,cm033,unaccepted
L5:mapped:1060,5,1060.0,SL_accumbens,SL_Acb,Subcortex,L,mapped,94.96875000000004,False,6078,9,0.0014807502467917078,0.09776541805121143,0.0913797009079616,0.5146297247822523,cm033,unaccepted
L5:mapped:1061,5,1061.0,SL_olfactory_tubercule,SL_Tu,Subcortex,L,mapped,18.234375000000007,False,1167,0,0.0,,,,cm033,unaccepted
L5:mapped:1063,5,1063.0,SL_globus_pallidus,SL_GP,Subcortex,L,mapped,239.7656250000001,False,15345,13310,0.8673835125448028,-0.10532303437863993,-0.1521992430794922,-0.9486561649279724,cm033,unaccepted
L5:mapped:1067,5,1067.0,SL_anterior_commissure,SL_ac,Subcortex,L,mapped,77.82812500000003,False,4981,929,0.1865087331861072,-0.09418525837632166,-0.09967792809506143,-0.5726686617067146,cm033,unaccepted
L5:mapped:1068,5,1068.0,SL_ventral_pallidum,SL_VP,Subcortex,L,mapped,21.00000000000001,False,1344,26,0.019345238095238096,-0.1441005766822545,-0.14098661716911204,-0.6815925516917734,cm033,unaccepted
L5:mapped:1070,5,1070.0,SL_basal_nucleus_region,SL_BR,Subcortex,L,mapped,38.000000000000014,False,2432,773,0.3178453947368421,-0.16556496598424178,-0.15980029722903338,-1.162877429098236,cm033,unaccepted
L5:mapped:1073,5,1073.0,SL_bed_nucleus_of_the_stria_terminalis,SL_ST,Subcortex,L,mapped,42.00000000000002,False,2688,1784,0.6636904761904762,-0.22034990614098385,-0.24519151033447156,-1.0907311688465295,cm033,unaccepted
L5:mapped:1075,5,1075.0,SL_septimbrial_nucleus,SL_SFi,Subcortex,L,mapped,11.359375000000005,False,727,727,1.0,0.21725478664196163,0.23671600196225856,1.0013632851828498,cm033,unaccepted
L5:mapped:1076,5,1076.0,SL_septum_diagonal_band,SL_SDB,Subcortex,L,mapped,91.34375000000004,False,5846,2841,0.4859733150872391,0.02066416813398557,-0.01334234702536739,-0.06889044272295439,cm033,unaccepted
L5:mapped:1078,5,1078.0,SL_optic_tract,SL_opt,Subcortex,L,mapped,151.82812500000006,False,9717,899,0.09251826695482145,0.11112093964029755,0.10892389710326528,0.5864595832643442,cm033,unaccepted
L5:mapped:1080,5,1080.0,SL_preoptic_area,SL_PO,Subcortex,L,mapped,21.90625000000001,False,1402,0,0.0,,,,cm033,unaccepted
L5:mapped:1081,5,1081.0,SL_lamina_terminalis,SL_LTer-VOLT,Subcortex,L,mapped,0.9375000000000004,False,60,0,0.0,,,,cm033,unaccepted
L5:mapped:1086,5,1086.0,SL_paraventricular_hypothalamus,SL_Pa,Subcortex,L,mapped,10.812500000000005,False,692,525,0.7586705202312138,0.008385989525433101,0.00030921519291112615,0.06334526280745748,cm033,unaccepted
L5:mapped:1088,5,1088.0,SL_ventromedial_hypothalamic_nucleus,SL_VMH,Subcortex,L,mapped,16.000000000000007,False,1024,42,0.041015625,-0.02983679482989644,-0.012297600472705814,-0.07044738645840533,cm033,unaccepted
L5:mapped:1089,5,1089.0,SL_medial_eminence,SL_MEm,Subcortex,L,mapped,3.7187500000000018,False,238,0,0.0,,,,cm033,unaccepted
L5:mapped:1090,5,1090.0,SL_arcuate_nucleus,SL_Arc,Subcortex,L,mapped,9.687500000000004,False,620,0,0.0,,,,cm033,unaccepted
L5:mapped:1092,5,1092.0,SL_supraoptic_hypothalamus,SL_SOpt,Subcortex,L,mapped,1.2968750000000007,False,83,0,0.0,,,,cm033,unaccepted
L5:mapped:1093,5,1093.0,SL_anterior_hypothalamic_area,SL_AH,Subcortex,L,mapped,8.609375000000004,False,551,27,0.04900181488203267,0.05339088276023355,0.05059329950899806,0.3864330692768427,cm033,unaccepted
L5:mapped:1094,5,1094.0,SL_dorsal_medial_hypothalamic_nucleus,SL_DM,Subcortex,L,mapped,4.875000000000002,False,312,86,0.27564102564102566,0.12472576905387328,0.12228743541458964,0.8750317521061528,cm033,unaccepted
L5:mapped:1095,5,1095.0,SL_lateral_hypothalamic_region,SL_LHy,Subcortex,L,mapped,77.43750000000003,False,4956,3161,0.6378127522195319,0.13974348865629163,0.14702063538825483,0.8045998597890246,cm033,unaccepted
L5:mapped:1099,5,1099.0,SL_subthalamic_nucleus,SL_STh,Subcortex,L,mapped,22.20312500000001,False,1421,1421,1.0,0.043208426683165616,-0.01859651418331066,-0.15260038703880985,cm033,unaccepted
L5:mapped:1102,5,1102.0,SL_posterior_hypothalamic_nucleus,SL_PH,Subcortex,L,mapped,21.87500000000001,False,1400,1378,0.9842857142857143,0.18148626049048355,0.1710405495991288,0.961514940127434,cm033,unaccepted
L5:mapped:1104,5,1104.0,SL_prefornical_hypothalamus,SL_PeF,Subcortex,L,mapped,1.3906250000000007,False,89,74,0.8314606741573034,-0.15459659553516875,-0.151870784733997,-0.9016859714257051,cm033,unaccepted
L5:mapped:1105,5,1105.0,SL_mammillary/retromammillary_hypothalamus,SL_MM/RM,Subcortex,L,mapped,13.578125000000005,False,869,485,0.5581127733026467,-0.01718828996440784,-0.024210355131056877,-0.10761532159381726,cm033,unaccepted
L5:mapped:1109,5,1109.0,SL_anterior_pituitary,SL_APit,Subcortex,L,mapped,29.906250000000014,False,1914,0,0.0,,,,cm033,unaccepted
L5:mapped:1110,5,1110.0,SL_posterior_pituitary,SL_PPit,Subcortex,L,mapped,14.390625000000007,False,921,0,0.0,,,,cm033,unaccepted
L5:mapped:1112,5,1112.0,SL_zona_incerta_and_lenticular_fascicles,SL_ZI-H,Subcortex,L,mapped,37.375000000000014,False,2392,2392,1.0,0.22418004200350067,0.21665070047598686,1.2142155673860717,cm033,unaccepted
L5:mapped:1114,5,1114.0,SL_reticular_thalamus,SL_Rt,Subcortex,L,mapped,68.90625000000003,False,4410,4410,1.0,0.0316814830725237,0.01828350440747472,0.11386472806178963,cm033,unaccepted
L5:mapped:1116,5,1116.0,SL_anterior_thalamus_region,SL_AR,Subcortex,L,mapped,22.87500000000001,False,1464,1464,1.0,0.20185427791917313,0.2143585886565733,0.9796451464158548,cm033,unaccepted
L5:mapped:1120,5,1120.0,SL_centrolateral_and_paracentral_thalamus,SL_CL-PC,Subcortex,L,mapped,36.468750000000014,False,2334,2334,1.0,0.21154981834164058,0.21885501644553673,1.1363817938937442,cm033,unaccepted
L5:mapped:1121,5,1121.0,SL_centromedial-parafascicular_thalamus,SL_CMn-PF,Subcortex,L,mapped,50.56250000000002,False,3236,3236,1.0,0.1443661847901202,0.1274731259223857,0.7974743791352228,cm033,unaccepted
L5:mapped:1122,5,1122.0,SL_suprafascicular_nucleus,SL_SPFC,Subcortex,L,mapped,8.187500000000004,False,524,524,1.0,0.1489748994066439,0.16037697272936347,1.0105949615589633,cm033,unaccepted
L5:mapped:1124,5,1124.0,SL_supra_geniculate,SL_SG,Subcortex,L,mapped,1.7343750000000007,False,111,111,1.0,0.21314938225401234,0.21962899802990016,1.4641599849848406,cm033,unaccepted
L5:mapped:1125,5,1125.0,SL_limitans_thalamus,SL_Lim,Subcortex,L,mapped,9.593750000000004,False,614,614,1.0,0.18482657467888777,0.18426957941760136,1.1478441710894165,cm033,unaccepted
L5:mapped:1126,5,1126.0,SL_mediodorsal_thalamus,SL_MD,Subcortex,L,mapped,78.81250000000003,False,5044,5044,1.0,0.15364203511044447,0.149864919041357,0.8020463212474337,cm033,unaccepted
L5:mapped:1128,5,1128.0,SL_intermediodorsal_thalamus,SL_IMD,Subcortex,L,mapped,11.781250000000005,False,754,754,1.0,0.1445015110008526,0.1598662260563347,0.8699266369337291,cm033,unaccepted
L5:mapped:1129,5,1129.0,SL_paratenial-paraventral-thalamus,SL_PT-PV-sm,Subcortex,L,mapped,18.781250000000007,False,1202,1202,1.0,0.23507715841937285,0.23498622703852395,1.1037720772828998,cm033,unaccepted
L5:mapped:1130,5,1130.0,SL_paraventricular_posterior_thalamus,SL_PVP,Subcortex,L,mapped,1.9218750000000009,False,123,123,1.0,0.2588301090420009,0.25711466319874865,1.3861676090594521,cm033,unaccepted
L5:mapped:1131,5,1131.0,SL_paraventricular_anterior_thalamus,SL_PVA,Subcortex,L,mapped,2.6562500000000013,False,170,170,1.0,-0.03429030550218282,-0.02280373792525494,-0.1283572376730312,cm033,unaccepted
L5:mapped:1132,5,1132.0,SL_interanteromedial_thalamus,SL_IAM,Subcortex,L,mapped,4.687500000000002,False,300,300,1.0,0.13647016255535246,0.09634073757036456,0.5227001250938053,cm033,unaccepted
L5:mapped:1133,5,1133.0,SL_central_medial_thalamus,SL_CM,Subcortex,L,mapped,12.453125000000005,False,797,797,1.0,0.2382230610250958,0.24122609510408421,1.297933605924041,cm033,unaccepted
L5:mapped:1134,5,1134.0,SL_Reuniens-rhomboid-xiphoid_thalamus,SL_Re-Rh-Xi,Subcortex,L,mapped,18.937500000000007,False,1212,1212,1.0,0.31846437038710845,0.36436663977829803,1.7075716535880823,cm033,unaccepted
L5:mapped:1137,5,1137.0,SL_ventral_anterior_thalamus,SL_VA,Subcortex,L,mapped,48.87500000000002,False,3128,3128,1.0,0.1001175111290003,0.08582879835161548,0.41909406146297057,cm033,unaccepted
L5:mapped:1138,5,1138.0,SL_ventral_lateral_anterior_thalamus,SL_VLA,Subcortex,L,mapped,46.85937500000002,False,2999,2999,1.0,0.017092127897525625,-0.014079392612338378,-0.05436827093265528,cm033,unaccepted
L5:mapped:1140,5,1140.0,SL_ventral_lateral_x_thalamus,SL_VLX,Subcortex,L,mapped,11.500000000000005,False,736,736,1.0,0.18864446110863722,0.18600312337245145,0.9384765593101296,cm033,unaccepted
L5:mapped:1141,5,1141.0,SL_ventral_lateral_posteroventral_thalamus,SL_VLPV,Subcortex,L,mapped,65.56250000000003,False,4196,4196,1.0,0.18217904130216278,0.16720765099993956,0.9466927459255565,cm033,unaccepted
L5:mapped:1142,5,1142.0,SL_ventral_lateral_posterodorsal_thalamus,SL_VLPD,Subcortex,L,mapped,30.421875000000014,False,1947,1947,1.0,0.005897623989487911,0.009632604844710797,0.055355197863129924,cm033,unaccepted
L5:mapped:1144,5,1144.0,SL_ventroposterior_medial_and_lateral_thalamus,SL_VPM-VPL,Subcortex,L,mapped,44.14062500000002,False,2825,2825,1.0,0.1157416006134561,0.1251631911072986,0.7748281151873064,cm033,unaccepted
L5:mapped:1145,5,1145.0,SL_ventromedial_posterior+basal_thalamus,SL_VMPo-VMB,Subcortex,L,mapped,11.859375000000005,False,759,759,1.0,0.1243879085956688,0.12032595643467538,0.8047229194716482,cm033,unaccepted
L5:mapped:1146,5,1146.0,SL_ventroposterior_inferior_thalamus,SL_VPI,Subcortex,L,mapped,11.250000000000005,False,720,720,1.0,0.17621426169083446,0.1874588460062246,1.2671929560262505,cm033,unaccepted
L5:mapped:1147,5,1147.0,SL_ventral_medial_thalamus,SL_VM,Subcortex,L,mapped,20.95312500000001,False,1341,1341,1.0,0.3202583716628648,0.3328479841760718,1.791458575240282,cm033,unaccepted
L5:mapped:1149,5,1149.0,SL_lateral_posterior_thalamus,SL_LP,Subcortex,L,mapped,21.60937500000001,False,1383,1383,1.0,0.13390790121008533,0.1383054426679085,0.7806737730305678,cm033,unaccepted
L5:mapped:1150,5,1150.0,SL_lateral_dorsal_thalamus,SL_LD,Subcortex,L,mapped,4.328125000000002,False,277,277,1.0,0.16108529089102291,0.17368153682759996,0.9011439127494004,cm033,unaccepted
L5:mapped:1152,5,1152.0,SL_anterior_pulvinar,SL_APul,Subcortex,L,mapped,49.37500000000002,False,3160,3160,1.0,0.09214534868323458,0.09809270884876192,0.5950617730198109,cm033,unaccepted
L5:mapped:1153,5,1153.0,SL_medial_pulvinar,SL_MPul,Subcortex,L,mapped,44.68750000000002,False,2860,2860,1.0,0.19092079553038263,0.19132074103972196,0.9353509248739089,cm033,unaccepted
L5:mapped:1154,5,1154.0,SL_lateral_pulvinar,SL_LPul,Subcortex,L,mapped,31.859375000000014,False,2039,2039,1.0,0.11946932700667043,0.08989488390866915,0.6054170909277514,cm033,unaccepted
L5:mapped:1155,5,1155.0,SL_inferior_pulvinar,SL_IPul,Subcortex,L,mapped,44.84375000000002,False,2870,2867,0.9989547038327526,0.20032517297148447,0.1791581968947558,1.2069779081821916,cm033,unaccepted
L5:mapped:1156,5,1156.0,SL_brachium_superior_colliculus,SL_bsc,Subcortex,L,mapped,11.781250000000005,False,754,754,1.0,0.16118147345140135,0.1615974117566263,0.816120352158054,cm033,unaccepted
L5:mapped:1158,5,1158.0,SL_dorsal_lateral_geniculate,SL_DLG,Subcortex,L,mapped,93.35937500000004,False,5975,2995,0.501255230125523,0.08557072993399936,0.0556606125457202,0.38941079405501633,cm033,unaccepted
L5:mapped:1159,5,1159.0,SL_medial_geniculate,SL_MG,Subcortex,L,mapped,28.406250000000014,False,1818,1817,0.9994499449944995,0.3347713047480323,0.3370610292828374,2.0085930916826973,cm033,unaccepted
L5:mapped:1161,5,1161.0,SL_pineal_gland,SL_Pi,Subcortex,L,mapped,4.093750000000002,False,262,262,1.0,0.06611979064401516,0.12126319380384365,0.6657358886785634,cm033,unaccepted
L5:mapped:1162,5,1162.0,SL_habenula,SL_Hb,Subcortex,L,mapped,11.265625000000005,False,721,721,1.0,0.15296833798757029,0.1353691591375564,0.7094923638071458,cm033,unaccepted
L5:mapped:1164,5,1164.0,SL_posterior_commissural_region,SL_PCR,Subcortex,L,mapped,10.093750000000005,False,646,646,1.0,0.18012060835111143,0.20239929125841594,1.2025177961073337,cm033,unaccepted
L5:mapped:1168,5,1168.0,SL_p1_mesencephalic_reticulum,SL_p1Rt,Subcortex,L,mapped,16.453125000000007,False,1053,1053,1.0,0.08050772827181049,0.05978894776028175,0.4053421012249215,cm033,unaccepted
L5:mapped:1173,5,1173.0,SL_superior_colliculus,SL_SCo,Subcortex,L,mapped,78.59375000000003,False,5030,5030,1.0,0.13727865960462654,0.13319003078269748,0.811154435044651,cm033,unaccepted
L5:mapped:1174,5,1174.0,SL_inferior_colliculus_complex,SL_ICoC,Subcortex,L,mapped,59.34375000000003,False,3798,3704,0.9752501316482359,0.1013443176258847,0.09669529441726847,0.6665858807337798,cm033,unaccepted
L5:mapped:1178,5,1178.0,SL_fourth_nerve,SL_n4,Subcortex,L,mapped,1.6250000000000007,False,104,0,0.0,,,,cm033,unaccepted
L5:mapped:1179,5,1179.0,SL_periaqueductal_gray,SL_PAG,Subcortex,L,mapped,49.48437500000002,False,3167,3050,0.9630565203662772,0.09326869036319504,0.0890266987515424,0.5721553604798248,cm033,unaccepted
L5:mapped:1182,5,1182.0,SL_parabigeminal_nucleus,SL_PBG,Subcortex,L,mapped,2.6875000000000013,False,172,172,1.0,-0.005257487059813832,-0.004767072335063184,-0.05916444539715938,cm033,unaccepted
L5:mapped:1183,5,1183.0,SL_microcellular_tegmentum,SL_MiTg,Subcortex,L,mapped,5.125000000000003,False,328,328,1.0,0.004110881047431062,0.005036768529316157,0.018281239982719508,cm033,unaccepted
L5:mapped:1184,5,1184.0,SL_precuneiform_nucleus,SL_PrCnF,Subcortex,L,mapped,1.5312500000000007,False,98,98,1.0,-0.04627700251254222,-0.04569398784060895,-0.31740749960153236,cm033,unaccepted
L5:mapped:1185,5,1185.0,SL_cuneiform_nucleus,SL_CnF,Subcortex,L,mapped,8.218750000000004,False,526,368,0.6996197718631179,-0.017543120570710384,-0.02596909063427837,-0.20040909541714097,cm033,unaccepted
L5:mapped:1186,5,1186.0,SL_ventrolateral_tegmentum,SL_VLTg,Subcortex,L,mapped,1.3437500000000007,False,86,13,0.1511627906976744,-0.05490999760143856,-0.05724582614636138,-0.46535045754273663,cm033,unaccepted
L5:mapped:1187,5,1187.0,SL_pedunculopontine_nucleus,SL_PTg,Subcortex,L,mapped,16.546875000000007,False,1059,620,0.5854579792256847,-0.07305429903835,-0.07817179645431292,-0.5936447175813861,cm033,unaccepted
L5:mapped:1188,5,1188.0,SL_anterior_tegmental_nucleus,SL_ATg,Subcortex,L,mapped,1.4843750000000007,False,95,0,0.0,,,,cm033,unaccepted
L5:mapped:1190,5,1190.0,SL_mesencephalic_reticular_formation,SL_mRt,Subcortex,L,mapped,78.28125000000003,False,5010,4977,0.9934131736526947,0.020347160953949395,-0.007587222540490421,-0.04968181726431474,cm033,unaccepted
L5:mapped:1191,5,1191.0,SL_retroisthmic_nucleus,SL_RIs,Subcortex,L,mapped,3.2031250000000013,False,205,205,1.0,-0.07436923327349051,-0.0758491464379835,-0.5994417215418306,cm033,unaccepted
L5:mapped:1194,5,1194.0,SL_oculomotor_nuclei,SL_OM,Subcortex,L,mapped,15.796875000000007,False,1011,1004,0.9930761622156281,0.07815456225236034,0.070546536631212,0.44907928660767266,cm033,unaccepted
L5:mapped:1195,5,1195.0,SL_mediolateral_fascicle,SL_mlf,Subcortex,L,mapped,18.062500000000007,False,1156,256,0.22145328719723184,0.03599866173380578,0.03665788034149923,0.24853736466390586,cm033,unaccepted
L5:mapped:1197,5,1197.0,SL_medial_Raphe,SL_MR,Subcortex,L,mapped,13.000000000000005,False,832,0,0.0,,,,cm033,unaccepted
L5:mapped:1198,5,1198.0,SL_dorsal_Raphe,SL_DR,Subcortex,L,mapped,8.203125000000004,False,525,292,0.5561904761904762,0.09564244455011897,0.09457304901927571,0.633774936356012,cm033,unaccepted
L5:mapped:1199,5,1199.0,SL_linear_Raphe,SL_LiR,Subcortex,L,mapped,11.953125000000005,False,765,659,0.8614379084967321,0.011372525638626518,0.06417323598147613,0.37946922404956857,cm033,unaccepted
L5:mapped:1201,5,1201.0,SL_rubral_region,SL_R+,Subcortex,L,mapped,38.468750000000014,False,2462,2352,0.9553208773354996,0.0186514924073458,0.0183422758215446,0.09329086206433126,cm033,unaccepted
L5:mapped:1205,5,1205.0,SL_retrorubral_field,SL_RF,Subcortex,L,mapped,5.734375000000003,False,367,367,1.0,0.034074038398456956,0.032695974617579865,0.21836866274713865,cm033,unaccepted
L5:mapped:1206,5,1206.0,SL_substantia_nigra,SL_SN,Subcortex,L,mapped,111.21875000000004,False,7118,5267,0.7399550435515594,0.037343887509115464,0.03404583571937804,0.25710578254237554,cm033,unaccepted
L5:mapped:1207,5,1207.0,SL_ventral_tegmental_area,SL_VTA,Subcortex,L,mapped,24.42187500000001,False,1563,573,0.3666026871401152,-0.1504117365760777,-0.17577744343337978,-0.7916486169614319,cm033,unaccepted
L5:mapped:1208,5,1208.0,SL_interpeduncular_nucleus,SL_IP,Subcortex,L,mapped,4.375000000000002,False,280,0,0.0,,,,cm033,unaccepted
L5:mapped:1209,5,1209.0,SL_oculomotor_nerve,SL_n3,Subcortex,L,mapped,6.750000000000003,False,432,28,0.06481481481481481,-0.22913567302212506,-0.23129748787631377,-0.9639279486522028,cm033,unaccepted
L5:mapped:1210,5,1210.0,SL_cerebral_peduncle,SL_cp,Subcortex,L,mapped,70.39062500000003,False,4505,939,0.20843507214206436,0.11967886890993046,0.11802374683551847,0.9615917583302356,cm033,unaccepted
L5:mapped:1214,5,1214.0,SL_parabrachial_complex,SL_PBC,Subcortex,L,mapped,45.84375000000002,False,2934,444,0.15132924335378323,-0.049418555467454175,-0.05372584526441152,-0.43349257051080703,cm033,unaccepted
L5:mapped:1220,5,1220.0,SL_locus-coeruleus_region,SL_LC-Me5,Subcortex,L,mapped,3.6875000000000018,False,236,0,0.0,,,,cm033,unaccepted
L5:mapped:1221,5,1221.0,SL_mesencephalic_trigeminal_nerve,SL_me5,Subcortex,L,mapped,0.3125000000000001,False,20,0,0.0,,,,cm033,unaccepted
L5:mapped:1222,5,1222.0,SL_central_gray_nucleus,SL_CG,Subcortex,L,mapped,4.187500000000002,False,268,0,0.0,,,,cm033,unaccepted
L5:mapped:1224,5,1224.0,SL_lateral_dorsal_tegmentum,SL_LDTg,Subcortex,L,mapped,7.7656250000000036,False,497,0,0.0,,,,cm033,unaccepted
L5:mapped:1225,5,1225.0,SL_medial_dorsal_tegmentum,SL_MDTg,Subcortex,L,mapped,7.6562500000000036,False,490,0,0.0,,,,cm033,unaccepted
L5:mapped:1228,5,1228.0,SL_lateral_lemniscus,SL_ll,Subcortex,L,mapped,23.67187500000001,False,1515,487,0.3214521452145215,-0.041570769518136486,-0.03811495687242086,-0.31342103177703634,cm033,unaccepted
L5:mapped:1229,5,1229.0,SL_dorsal_lateral_leminscus_nucleus,SL_DLL,Subcortex,L,mapped,1.2187500000000004,False,78,78,1.0,-0.07748902580625486,-0.08252662618188057,-0.6631980140140638,cm033,unaccepted
L5:mapped:1230,5,1230.0,SL_intermediate+ventral_lateral_lemniscus_nuclei,SL_ILL-VLL,Subcortex,L,mapped,2.8437500000000013,False,182,0,0.0,,,,cm033,unaccepted
L5:mapped:1233,5,1233.0,SL_subceruleus,SL_SubC,Subcortex,L,mapped,13.984375000000005,False,895,0,0.0,,,,cm033,unaccepted
L5:mapped:1234,5,1234.0,SL_reticulotegmentum,SL_RtTg,Subcortex,L,mapped,17.500000000000007,False,1120,0,0.0,,,,cm033,unaccepted
L5:mapped:1235,5,1235.0,SL_superior_cerebellar_peduncle_decussation,SL_xscp,Subcortex,L,mapped,16.156250000000007,False,1034,280,0.27079303675048355,0.046630351152956634,0.04312595337054808,0.27243732727176834,cm033,unaccepted
L5:mapped:1236,5,1236.0,SL_pontine_reticulum_oral,SL_PnO,Subcortex,L,mapped,45.07812500000002,False,2885,353,0.12235701906412479,-0.029272414895555706,-0.03441313961919122,-0.2629647063267755,cm033,unaccepted
L5:mapped:1237,5,1237.0,SL_pontine_reticulum_caudal,SL_PnC,Subcortex,L,mapped,42.78125000000002,False,2738,0,0.0,,,,cm033,unaccepted
L5:mapped:1239,5,1239.0,SL_superior_olive,SL_SuO,Subcortex,L,mapped,11.500000000000005,False,736,0,0.0,,,,cm033,unaccepted
L5:mapped:1240,5,1240.0,SL_medial_lemniscus,SL_ml,Subcortex,L,mapped,35.640625000000014,False,2281,106,0.046470846120122755,-0.019478394587327506,-0.021250121547002836,-0.16411797674320655,cm033,unaccepted
L5:mapped:1241,5,1241.0,SL_trapezoid_bundle_region,SL_tz,Subcortex,L,mapped,9.359375000000004,False,599,0,0.0,,,,cm033,unaccepted
L5:mapped:1243,5,1243.0,SL_pontine_nucleus,SL_Pn,Subcortex,L,mapped,254.6875000000001,False,16300,39,0.002392638036809816,0.007276660786578246,0.007342423850179334,0.06375508652294055,cm033,unaccepted
L5:mapped:1244,5,1244.0,SL_pontine_fibers,SL_spf,Subcortex,L,mapped,238.2343750000001,False,15247,0,0.0,,,,cm033,unaccepted
L5:mapped:1250,5,1250.0,SL_inferior_cerebellar_peduncle,SL_icp,Subcortex,L,mapped,27.71875000000001,False,1774,0,0.0,,,,cm033,unaccepted
L5:mapped:1251,5,1251.0,SL_olivocerebellar_tract,SL_oc,Subcortex,L,mapped,21.20312500000001,False,1357,0,0.0,,,,cm033,unaccepted
L5:mapped:1253,5,1253.0,SL_lateral_cerebellar_nucleus,SL_Lat,Subcortex,L,mapped,54.62500000000002,False,3496,48,0.013729977116704805,0.062450408521568114,0.056544187886409344,0.40975089073777826,cm033,unaccepted
L5:mapped:1254,5,1254.0,SL_interposed_cerebellar_nuclei,SL_Int,Subcortex,L,mapped,56.10937500000003,False,3591,454,0.126427179058758,0.22004137956693104,0.20748608515597905,1.297032028502013,cm033,unaccepted
L5:mapped:1257,5,1257.0,SL_fastigial_cerebellar_nucleus,SL_Fas,Subcortex,L,mapped,19.453125000000007,False,1245,697,0.5598393574297189,0.21331302951505968,0.2216253214519244,1.1403542399632498,cm033,unaccepted
L5:mapped:1259,5,1259.0,SL_floculus_parafloculus,SL_Fl-PFl,Subcortex,L,mapped,388.62500000000017,False,24872,46,0.0018494692827275652,-0.01867966885871497,-0.018862795000859592,-0.14506531264017752,cm033,unaccepted
L5:mapped:1263,5,1263.0,SL_anterior_vermis_cerebellar_cortex,SL_AVCbCx,Subcortex,L,mapped,480.5468750000002,False,30755,26026,0.8462363843277516,0.07696641701108124,0.12148309892419151,0.5119156330703956,cm033,unaccepted
L5:mapped:1269,5,1269.0,SL_posterior_vermis_cerebellar_cortex,SL_PVCbCx,Subcortex,L,mapped,500.2812500000002,False,32018,12430,0.38821912674120806,0.05209221085161262,0.05747674818774795,0.34677929054799606,cm033,unaccepted
L5:mapped:1275,5,1275.0,SL_intermediate_cerebellar_cortex,SL_ICbCx,Subcortex,L,mapped,1170.7343750000005,False,74927,17705,0.23629666208442884,0.07284380938997566,0.061273549770788784,0.3615240497429103,cm033,unaccepted
L5:mapped:1283,5,1283.0,SL_lateral_cerebellar_cortex,SL_LCbCx,Subcortex,L,mapped,717.8750000000003,False,45944,7859,0.17105606825700853,0.03989207806632405,0.04559229001296746,0.35097967499789606,cm033,unaccepted
L5:mapped:1290,5,1290.0,SL_vestibular_nucleus,SL_Ve,Subcortex,L,mapped,62.18750000000003,False,3980,0,0.0,,,,cm033,unaccepted
L5:mapped:1291,5,1291.0,SL_cochlear_nucleus,SL_DVC,Subcortex,L,mapped,11.640625000000005,False,745,0,0.0,,,,cm033,unaccepted
L5:mapped:1292,5,1292.0,SL_vestibulochoclear_nerve,SL_n8,Subcortex,L,mapped,10.156250000000005,False,650,0,0.0,,,,cm033,unaccepted
L5:mapped:1293,5,1293.0,SL_prepositus_nucleus,SL_Pr,Subcortex,L,mapped,5.156250000000003,False,330,0,0.0,,,,cm033,unaccepted
L5:mapped:1295,5,1295.0,SL_motor_trigeminal_nucleus,SL_Nu5,Subcortex,L,mapped,7.5468750000000036,False,483,0,0.0,,,,cm033,unaccepted
L5:mapped:1296,5,1296.0,SL_principal_trigeminal_nucleus,SL_Pr5,Subcortex,L,mapped,11.625000000000005,False,744,0,0.0,,,,cm033,unaccepted
L5:mapped:1297,5,1297.0,SL_spinal_trigeminal_nucleus,SL_Sp5,Subcortex,L,mapped,38.359375000000014,False,2455,0,0.0,,,,cm033,unaccepted
L5:mapped:1302,5,1302.0,SL_cuneate_gracile_nuclei,SL_CuGr,Subcortex,L,mapped,53.35937500000002,False,3415,0,0.0,,,,cm033,unaccepted
L5:mapped:1303,5,1303.0,SL_obex,SL_obex,Subcortex,L,mapped,0.12500000000000006,False,8,0,0.0,,,,cm033,unaccepted
L5:mapped:1304,5,1304.0,SL_solitary_tract_nucleus,SL_Sol,Subcortex,L,mapped,18.828125000000007,False,1205,0,0.0,,,,cm033,unaccepted
L5:mapped:1305,5,1305.0,SL_visceral_motor_nuclei,SL_Nu10-12,Subcortex,L,mapped,6.875000000000003,False,440,0,0.0,,,,cm033,unaccepted
L5:mapped:1308,5,1308.0,SL_abducens_motor_nucleus,SL_Nu6,Subcortex,L,mapped,5.875000000000003,False,376,0,0.0,,,,cm033,unaccepted
L5:mapped:1309,5,1309.0,SL_facial_motor_nucleus,SL_Nu7,Subcortex,L,mapped,4.906250000000002,False,314,0,0.0,,,,cm033,unaccepted
L5:mapped:1311,5,1311.0,SL_parvicellular_and_intermediate_reticular_nuclei,SL_PCIRt,Subcortex,L,mapped,31.406250000000014,False,2010,0,0.0,,,,cm033,unaccepted
L5:mapped:1312,5,1312.0,SL_dorsal_paragigantocellular_reticular_nucleus,SL_DPGi,Subcortex,L,mapped,6.125000000000003,False,392,0,0.0,,,,cm033,unaccepted
L5:mapped:1313,5,1313.0,SL_gigantocellular_reticular_nucleus,SL_Gi,Subcortex,L,mapped,70.50000000000003,False,4512,0,0.0,,,,cm033,unaccepted
L5:mapped:1314,5,1314.0,SL_medullar_reticular_nucleus,SL_MdRt,Subcortex,L,mapped,13.031250000000005,False,834,0,0.0,,,,cm033,unaccepted
L5:mapped:1316,5,1316.0,SL_Raphe_magnus_nucleus,SL_RMg,Subcortex,L,mapped,1.6718750000000007,False,107,0,0.0,,,,cm033,unaccepted
L5:mapped:1317,5,1317.0,SL_Raphe_obscurus_nucleus,SL_ROb,Subcortex,L,mapped,1.2656250000000007,False,81,0,0.0,,,,cm033,unaccepted
L5:mapped:1320,5,1320.0,SL_inferior_olive,SL_InO,Subcortex,L,mapped,52.23437500000002,False,3343,0,0.0,,,,cm033,unaccepted
L5:mapped:1321,5,1321.0,SL_lateral_reticular_nucleus,SL_LRt,Subcortex,L,mapped,12.468750000000005,False,798,0,0.0,,,,cm033,unaccepted
L5:mapped:1323,5,1323.0,SL_pyramidal_tract,SL_py,Subcortex,L,mapped,46.54687500000002,False,2979,0,0.0,,,,cm033,unaccepted
L5:mapped:1325,5,1325.0,SL_corticospinal_tract,SL_cst,Subcortex,L,mapped,0.34375000000000017,False,22,0,0.0,,,,cm033,unaccepted
L5:mapped:1504,5,1504.0,SR_claustrum,SR_Cl,Subcortex,R,mapped,255.1562500000001,False,16330,10174,0.6230251071647275,0.13075111971094952,0.13688573497294693,0.9415626277855311,cm033,unaccepted
L5:mapped:1507,5,1507.0,SR_dorsal_endopiriform_claustrum,SR_DEn,Subcortex,R,mapped,14.203125000000007,False,909,72,0.07920792079207921,-0.04291731993380984,-0.04546854270293817,-0.34466655116731343,cm033,unaccepted
L5:mapped:1508,5,1508.0,SR_ventral_endopiriform_claustrum,SR_VEn,Subcortex,R,mapped,9.515625000000004,False,609,0,0.0,,,,cm033,unaccepted
L5:mapped:1509,5,1509.0,SR_piriform_cortex,SR_Pir,Subcortex,R,mapped,30.796875000000014,False,1971,0,0.0,,,,cm033,unaccepted
L5:mapped:1513,5,1513.0,SR_hippocampus_anterior,SR_HiA,Subcortex,R,mapped,271.8750000000001,False,17400,567,0.03258620689655172,-0.02285989777765735,-0.023441460336446927,-0.2033134108582099,cm033,unaccepted
L5:mapped:1516,5,1516.0,SR_subicular_complex_anterior,SR_SA,Subcortex,R,mapped,81.28125000000004,False,5202,0,0.0,,,,cm033,unaccepted
L5:mapped:1518,5,1518.0,SR_hippocampus_posterior,SR_HiP,Subcortex,R,mapped,114.28125000000006,False,7314,3152,0.4309543341536779,0.041069470708186256,-0.010752544115875944,-0.09623623723430604,cm033,unaccepted
L5:mapped:1521,5,1521.0,SR_subicular_complex_posterior,SR_SP,Subcortex,R,mapped,52.06250000000002,False,3332,2023,0.6071428571428571,0.016325112768536546,0.004815085278766923,0.029049390961670002,cm033,unaccepted
L5:mapped:1522,5,1522.0,SR_fimbria,SR_fi,Subcortex,R,mapped,12.593750000000005,False,806,806,1.0,0.09246223270141726,0.09807168076770416,0.52795783601492,cm033,unaccepted
L5:mapped:1523,5,1523.0,SR_fornix,SR_f,Subcortex,R,mapped,43.40625000000002,False,2778,2771,0.9974802015838733,0.3286208375506735,0.32899047361314715,1.6333669208031587,cm033,unaccepted
L5:mapped:1527,5,1527.0,SR_basomedial_amygdaloid_nucleus,SR_BM,Subcortex,R,mapped,47.84375000000002,False,3062,33,0.01077726975832789,0.01620824563512104,0.01592484688252154,0.1247760448546075,cm033,unaccepted
L5:mapped:1528,5,1528.0,SR_ventral_cortical_amygdaloid_nucleus,SR_VCo,Subcortex,R,mapped,22.76562500000001,False,1457,0,0.0,,,,cm033,unaccepted
L5:mapped:1529,5,1529.0,SR_amygdalohippocampal_area,SR_AHi,Subcortex,R,mapped,17.203125000000007,False,1101,0,0.0,,,,cm033,unaccepted
L5:mapped:1531,5,1531.0,SR_lateral_amygdaloid_nucleus,SR_La,Subcortex,R,mapped,40.82812500000002,False,2613,1278,0.4890929965556831,-0.038118042075462155,-0.04378953505832112,-0.313228080506373,cm033,unaccepted
L5:mapped:1534,5,1534.0,SR_amygdalopiriform_transition_area,SR_APir,Subcortex,R,mapped,27.85937500000001,False,1783,0,0.0,,,,cm033,unaccepted
L5:mapped:1535,5,1535.0,SR_basolateral_amygdaloid_nucleus,SR_BL,Subcortex,R,mapped,47.54687500000002,False,3043,415,0.13637857377587906,-0.0005164629023522284,-0.005910874663821455,-0.051717564239855164,cm033,unaccepted
L5:mapped:1539,5,1539.0,SR_paralaminar_amygdaloid_nucleus,SR_PaL,Subcortex,R,mapped,13.750000000000005,False,880,93,0.10568181818181818,0.10054880601390316,0.10149764079841944,0.47525893234892774,cm033,unaccepted
L5:mapped:1542,5,1542.0,SR_central_amygdaloid_nucleus,SR_Ce,Subcortex,R,mapped,13.843750000000005,False,886,192,0.21670428893905191,-0.04318433673469754,-0.03964859326090044,-0.2693378357776327,cm033,unaccepted
L5:mapped:1544,5,1544.0,SR_medial_amygdaloid_nucleus,SR_Me,Subcortex,R,mapped,16.984375000000007,False,1087,58,0.05335786568537258,-0.03927113387362602,-0.04261449222288907,-0.32499342060858566,cm033,unaccepted
L5:mapped:1545,5,1545.0,SR_anterior_amygdaloid_area,SR_AA,Subcortex,R,mapped,23.73437500000001,False,1519,14,0.009216589861751152,0.04708992138237793,0.04617017268314404,0.29593905408289534,cm033,unaccepted
L5:mapped:1547,5,1547.0,SR_extended_amygdala,SR_EA,Subcortex,R,mapped,9.140625000000004,False,585,1,0.0017094017094017094,0.18837780894960549,0.18837780894960549,1.1320702186528595,cm033,unaccepted
L5:mapped:1548,5,1548.0,SR_posterior_interstitial_nucleus,SR_IPAC,Subcortex,R,mapped,4.906250000000002,False,314,8,0.025477707006369428,0.1365413064756806,0.13666172555053197,0.5439017090009737,cm033,unaccepted
L5:mapped:1549,5,1549.0,SR_intraamygdaloid_stria_terminalis,SR_STIA,Subcortex,R,mapped,15.593750000000007,False,998,29,0.02905811623246493,-0.06326308511756994,-0.041350330245810876,-0.32290434183069855,cm033,unaccepted
L5:mapped:1553,5,1553.0,SR_caudate,SR_Cd,Subcortex,R,mapped,649.5625000000003,False,41572,28821,0.6932791301837775,0.08860241949651028,0.08925793945858691,0.4713314551740756,cm033,unaccepted
L5:mapped:1556,5,1556.0,SR_putamen,SR_Pu,Subcortex,R,mapped,895.1093750000003,False,57287,41758,0.7289262834499974,0.09978008238626224,0.10838959258610256,0.6152768630243841,cm033,unaccepted
L5:mapped:1557,5,1557.0,SR_amygdalostriatal_transition,SR_ASt,Subcortex,R,mapped,33.812500000000014,False,2164,1331,0.6150646950092421,-0.0423832887078001,-0.021217821548548385,-0.14618411502232195,cm033,unaccepted
L5:mapped:1558,5,1558.0,SR_internal_capsule,SR_ic,Subcortex,R,mapped,230.7343750000001,False,14767,12744,0.863005349766371,0.08141353237855205,0.08030043343071713,0.3989784175209169,cm033,unaccepted
L5:mapped:1560,5,1560.0,SR_accumbens,SR_Acb,Subcortex,R,mapped,94.96875000000004,False,6078,358,0.05890095426127016,0.022681701576606487,0.021243491765280474,0.12525043994787147,cm033,unaccepted
L5:mapped:1561,5,1561.0,SR_olfactory_tubercule,SR_Tu,Subcortex,R,mapped,18.234375000000007,False,1167,0,0.0,,,,cm033,unaccepted
L5:mapped:1563,5,1563.0,SR_globus_pallidus,SR_GP,Subcortex,R,mapped,239.7656250000001,False,15345,14616,0.9524926686217009,-0.009997862992753175,-0.0205258016255188,-0.15458650877167354,cm033,unaccepted
L5:mapped:1567,5,1567.0,SR_anterior_commissure,SR_ac,Subcortex,R,mapped,77.82812500000003,False,4981,1144,0.2296727564746035,0.12358624909676524,0.10314804535553221,0.600124253758152,cm033,unaccepted
L5:mapped:1568,5,1568.0,SR_ventral_pallidum,SR_VP,Subcortex,R,mapped,21.00000000000001,False,1344,65,0.04836309523809524,0.12740520429583654,0.14682605319472344,0.8702520707098118,cm033,unaccepted
L5:mapped:1570,5,1570.0,SR_basal_nucleus_region,SR_BR,Subcortex,R,mapped,38.000000000000014,False,2432,767,0.31537828947368424,-0.08970619172919075,-0.0969523524246931,-0.7270232829927381,cm033,unaccepted
L5:mapped:1573,5,1573.0,SR_bed_nucleus_of_the_stria_terminalis,SR_ST,Subcortex,R,mapped,42.00000000000002,False,2688,1664,0.6190476190476191,0.19973311184094136,0.19297039523115236,1.0635581497087052,cm033,unaccepted
L5:mapped:1575,5,1575.0,SR_septimbrial_nucleus,SR_SFi,Subcortex,R,mapped,11.359375000000005,False,727,727,1.0,0.373649329245719,0.41573545245715215,1.9083587599906862,cm033,unaccepted
L5:mapped:1576,5,1576.0,SR_septum_diagonal_band,SR_SDB,Subcortex,R,mapped,91.34375000000004,False,5846,2836,0.4851180294218269,0.13537303463091965,0.12085787660834689,0.6471812186082267,cm033,unaccepted
L5:mapped:1578,5,1578.0,SR_optic_tract,SR_opt,Subcortex,R,mapped,151.82812500000006,False,9717,353,0.03632808479983534,0.02423046741544418,0.01753576605795497,0.12978561103692957,cm033,unaccepted
L5:mapped:1580,5,1580.0,SR_preoptic_area,SR_PO,Subcortex,R,mapped,21.90625000000001,False,1402,0,0.0,,,,cm033,unaccepted
L5:mapped:1581,5,1581.0,SR_lamina_terminalis,SR_LTer-VOLT,Subcortex,R,mapped,0.9375000000000004,False,60,0,0.0,,,,cm033,unaccepted
L5:mapped:1586,5,1586.0,SR_paraventricular_hypothalamus,SR_Pa,Subcortex,R,mapped,10.812500000000005,False,692,515,0.7442196531791907,0.11489860772628614,0.1459078742404647,0.8735920610169411,cm033,unaccepted
L5:mapped:1588,5,1588.0,SR_ventromedial_hypothalamic_nucleus,SR_VMH,Subcortex,R,mapped,16.000000000000007,False,1024,16,0.015625,-0.008934403177221223,-0.010259524546236753,-0.08135433448807122,cm033,unaccepted
L5:mapped:1589,5,1589.0,SR_medial_eminence,SR_MEm,Subcortex,R,mapped,3.7187500000000018,False,238,0,0.0,,,,cm033,unaccepted
L5:mapped:1590,5,1590.0,SR_arcuate_nucleus,SR_Arc,Subcortex,R,mapped,9.687500000000004,False,620,0,0.0,,,,cm033,unaccepted
L5:mapped:1592,5,1592.0,SR_supraoptic_hypothalamus,SR_SOpt,Subcortex,R,mapped,1.2968750000000007,False,83,0,0.0,,,,cm033,unaccepted
L5:mapped:1593,5,1593.0,SR_anterior_hypothalamic_area,SR_AH,Subcortex,R,mapped,8.609375000000004,False,551,27,0.04900181488203267,0.06549911957238087,0.06316155917133282,0.5092510728518187,cm033,unaccepted
L5:mapped:1594,5,1594.0,SR_dorsal_medial_hypothalamic_nucleus,SR_DM,Subcortex,R,mapped,4.875000000000002,False,312,163,0.5224358974358975,0.2052689138250595,0.2054527419418083,1.4566062047238761,cm033,unaccepted
L5:mapped:1595,5,1595.0,SR_lateral_hypothalamic_region,SR_LHy,Subcortex,R,mapped,77.43750000000003,False,4956,3503,0.70682001614205,0.16157561392342087,0.17448064420835416,1.1093217639783695,cm033,unaccepted
L5:mapped:1599,5,1599.0,SR_subthalamic_nucleus,SR_STh,Subcortex,R,mapped,22.20312500000001,False,1421,1371,0.9648135116115412,-0.017343134255679935,-0.03612405663890566,-0.2233212753273959,cm033,unaccepted
L5:mapped:1602,5,1602.0,SR_posterior_hypothalamic_nucleus,SR_PH,Subcortex,R,mapped,21.87500000000001,False,1400,1378,0.9842857142857143,0.22242643918944197,0.2169912077639481,1.343043520861496,cm033,unaccepted
L5:mapped:1604,5,1604.0,SR_prefornical_hypothalamus,SR_PeF,Subcortex,R,mapped,1.3906250000000007,False,89,58,0.651685393258427,0.02430552228397762,0.01781083569576227,0.12948076960574412,cm033,unaccepted
L5:mapped:1605,5,1605.0,SR_mammillary/retromammillary_hypothalamus,SR_MM/RM,Subcortex,R,mapped,13.578125000000005,False,869,447,0.5143843498273878,-0.003377215306483315,-0.007223412678263763,-0.03784383651099056,cm033,unaccepted
L5:mapped:1609,5,1609.0,SR_anterior_pituitary,SR_APit,Subcortex,R,mapped,29.906250000000014,False,1914,0,0.0,,,,cm033,unaccepted
L5:mapped:1610,5,1610.0,SR_posterior_pituitary,SR_PPit,Subcortex,R,mapped,14.390625000000007,False,921,0,0.0,,,,cm033,unaccepted
L5:mapped:1612,5,1612.0,SR_zona_incerta_and_lenticular_fascicles,SR_ZI-H,Subcortex,R,mapped,37.375000000000014,False,2392,2392,1.0,0.14068559457395827,0.10454670207329383,0.7075077055210848,cm033,unaccepted
L5:mapped:1614,5,1614.0,SR_reticular_thalamus,SR_Rt,Subcortex,R,mapped,68.90625000000003,False,4410,4410,1.0,0.12381934082245356,0.07724325149987987,0.430023753329163,cm033,unaccepted
L5:mapped:1616,5,1616.0,SR_anterior_thalamus_region,SR_AR,Subcortex,R,mapped,22.87500000000001,False,1464,1464,1.0,0.2938240787592395,0.27728525541043764,1.5514020153142618,cm033,unaccepted
L5:mapped:1620,5,1620.0,SR_centrolateral_and_paracentral_thalamus,SR_CL-PC,Subcortex,R,mapped,36.468750000000014,False,2334,2334,1.0,0.35597806439597957,0.3721632935086633,1.8884689129464873,cm033,unaccepted
L5:mapped:1621,5,1621.0,SR_centromedial-parafascicular_thalamus,SR_CMn-PF,Subcortex,R,mapped,50.56250000000002,False,3236,3236,1.0,0.25689328600987743,0.2506866248191565,1.540492229643169,cm033,unaccepted
L5:mapped:1622,5,1622.0,SR_suprafascicular_nucleus,SR_SPFC,Subcortex,R,mapped,8.187500000000004,False,524,524,1.0,0.12923948134894236,0.13658944669855716,0.910335075970981,cm033,unaccepted
L5:mapped:1624,5,1624.0,SR_supra_geniculate,SR_SG,Subcortex,R,mapped,1.7343750000000007,False,111,111,1.0,0.019526060625269372,0.018428590121895277,0.11577098175006967,cm033,unaccepted
L5:mapped:1625,5,1625.0,SR_limitans_thalamus,SR_Lim,Subcortex,R,mapped,9.593750000000004,False,614,614,1.0,0.14507351195671617,0.13808060259225124,0.8641107324572446,cm033,unaccepted
L5:mapped:1626,5,1626.0,SR_mediodorsal_thalamus,SR_MD,Subcortex,R,mapped,78.81250000000003,False,5044,5044,1.0,0.2940646653038501,0.30011458189354295,1.606993191498998,cm033,unaccepted
L5:mapped:1628,5,1628.0,SR_intermediodorsal_thalamus,SR_IMD,Subcortex,R,mapped,11.781250000000005,False,754,754,1.0,0.1977678148318587,0.2136862349708767,1.2086007309353053,cm033,unaccepted
L5:mapped:1629,5,1629.0,SR_paratenial-paraventral-thalamus,SR_PT-PV-sm,Subcortex,R,mapped,18.781250000000007,False,1202,1202,1.0,0.3448300536961331,0.36077827804270984,1.8315997920890175,cm033,unaccepted
L5:mapped:1630,5,1630.0,SR_paraventricular_posterior_thalamus,SR_PVP,Subcortex,R,mapped,1.9218750000000009,False,123,123,1.0,0.3141839632095797,0.31859721133184515,1.808410493481209,cm033,unaccepted
L5:mapped:1631,5,1631.0,SR_paraventricular_anterior_thalamus,SR_PVA,Subcortex,R,mapped,2.6562500000000013,False,170,170,1.0,0.03205357837454734,0.03925045108473116,0.2324339239178469,cm033,unaccepted
L5:mapped:1632,5,1632.0,SR_interanteromedial_thalamus,SR_IAM,Subcortex,R,mapped,4.687500000000002,False,300,300,1.0,0.15453790335506082,0.11012537007145648,0.6088703700413923,cm033,unaccepted
L5:mapped:1633,5,1633.0,SR_central_medial_thalamus,SR_CM,Subcortex,R,mapped,12.453125000000005,False,797,797,1.0,0.23751834057484364,0.24127141116123402,1.3052811133207367,cm033,unaccepted
L5:mapped:1634,5,1634.0,SR_Reuniens-rhomboid-xiphoid_thalamus,SR_Re-Rh-Xi,Subcortex,R,mapped,18.937500000000007,False,1212,1212,1.0,0.34817588719635345,0.37902491828170326,1.9126323357033486,cm033,unaccepted
L5:mapped:1637,5,1637.0,SR_ventral_anterior_thalamus,SR_VA,Subcortex,R,mapped,48.87500000000002,False,3128,3128,1.0,0.3672946687659841,0.34543956146516064,1.8013951746661179,cm033,unaccepted
L5:mapped:1638,5,1638.0,SR_ventral_lateral_anterior_thalamus,SR_VLA,Subcortex,R,mapped,46.85937500000002,False,2999,2999,1.0,0.2823721220669558,0.2742604906765988,1.3271269285801766,cm033,unaccepted
L5:mapped:1640,5,1640.0,SR_ventral_lateral_x_thalamus,SR_VLX,Subcortex,R,mapped,11.500000000000005,False,736,736,1.0,0.40935307926172276,0.39278403724796895,1.8938713056678202,cm033,unaccepted
L5:mapped:1641,5,1641.0,SR_ventral_lateral_posteroventral_thalamus,SR_VLPV,Subcortex,R,mapped,65.56250000000003,False,4196,4196,1.0,0.12003800795279132,0.08169505712668657,0.4399890293981251,cm033,unaccepted
L5:mapped:1642,5,1642.0,SR_ventral_lateral_posterodorsal_thalamus,SR_VLPD,Subcortex,R,mapped,30.421875000000014,False,1947,1947,1.0,0.24127573094894753,0.2797059561148684,1.303826275870965,cm033,unaccepted
L5:mapped:1644,5,1644.0,SR_ventroposterior_medial_and_lateral_thalamus,SR_VPM-VPL,Subcortex,R,mapped,44.14062500000002,False,2825,2825,1.0,0.12788733358852614,0.12071367359533626,0.7380357105229056,cm033,unaccepted
L5:mapped:1645,5,1645.0,SR_ventromedial_posterior+basal_thalamus,SR_VMPo-VMB,Subcortex,R,mapped,11.859375000000005,False,759,759,1.0,0.1139428623070208,0.11906864667698064,0.8067282779506784,cm033,unaccepted
L5:mapped:1646,5,1646.0,SR_ventroposterior_inferior_thalamus,SR_VPI,Subcortex,R,mapped,11.250000000000005,False,720,720,1.0,0.06760382448314323,0.0689925739862618,0.470660733144593,cm033,unaccepted
L5:mapped:1647,5,1647.0,SR_ventral_medial_thalamus,SR_VM,Subcortex,R,mapped,20.95312500000001,False,1341,1341,1.0,0.3393401390030979,0.3831984320100543,2.103996185486537,cm033,unaccepted
L5:mapped:1649,5,1649.0,SR_lateral_posterior_thalamus,SR_LP,Subcortex,R,mapped,21.60937500000001,False,1383,1383,1.0,0.1520138390661362,0.1698486337392509,0.9905471683667781,cm033,unaccepted
L5:mapped:1650,5,1650.0,SR_lateral_dorsal_thalamus,SR_LD,Subcortex,R,mapped,4.328125000000002,False,277,277,1.0,0.33096966272327255,0.3232560999736828,1.6055163974271045,cm033,unaccepted
L5:mapped:1652,5,1652.0,SR_anterior_pulvinar,SR_APul,Subcortex,R,mapped,49.37500000000002,False,3160,3160,1.0,0.17506602864749748,0.16735884483121838,1.0049534486322598,cm033,unaccepted
L5:mapped:1653,5,1653.0,SR_medial_pulvinar,SR_MPul,Subcortex,R,mapped,44.68750000000002,False,2860,2860,1.0,0.07588075900281506,0.08902140859238424,0.5175406247397534,cm033,unaccepted
L5:mapped:1654,5,1654.0,SR_lateral_pulvinar,SR_LPul,Subcortex,R,mapped,31.859375000000014,False,2039,2039,1.0,0.09826479653267971,0.09727574236543796,0.5902773666677966,cm033,unaccepted
L5:mapped:1655,5,1655.0,SR_inferior_pulvinar,SR_IPul,Subcortex,R,mapped,44.84375000000002,False,2870,2870,1.0,0.07177963314792263,0.06688946134123575,0.43437599546149075,cm033,unaccepted
L5:mapped:1656,5,1656.0,SR_brachium_superior_colliculus,SR_bsc,Subcortex,R,mapped,11.781250000000005,False,754,754,1.0,0.05081868261469151,0.028760391536364796,0.17653686958815973,cm033,unaccepted
L5:mapped:1658,5,1658.0,SR_dorsal_lateral_geniculate,SR_DLG,Subcortex,R,mapped,93.35937500000004,False,5975,2836,0.4746443514644351,0.09824190438487415,0.12288062364740146,0.8500353650891015,cm033,unaccepted
L5:mapped:1659,5,1659.0,SR_medial_geniculate,SR_MG,Subcortex,R,mapped,28.406250000000014,False,1818,1818,1.0,0.16161561426219803,0.17760396281965057,1.003826633060417,cm033,unaccepted
L5:mapped:1661,5,1661.0,SR_pineal_gland,SR_Pi,Subcortex,R,mapped,4.093750000000002,False,262,262,1.0,0.06981085084553613,0.14220898763738912,0.8121821511759477,cm033,unaccepted
L5:mapped:1662,5,1662.0,SR_habenula,SR_Hb,Subcortex,R,mapped,11.265625000000005,False,721,721,1.0,0.31923050363444483,0.3207196542359623,1.7326251068990732,cm033,unaccepted
L5:mapped:1664,5,1664.0,SR_posterior_commissural_region,SR_PCR,Subcortex,R,mapped,10.093750000000005,False,646,646,1.0,0.27094637219241974,0.2755376459138291,1.772052554163148,cm033,unaccepted
L5:mapped:1668,5,1668.0,SR_p1_mesencephalic_reticulum,SR_p1Rt,Subcortex,R,mapped,16.453125000000007,False,1053,1053,1.0,0.21437337894648553,0.21869671373384703,1.5596102252010577,cm033,unaccepted
L5:mapped:1673,5,1673.0,SR_superior_colliculus,SR_SCo,Subcortex,R,mapped,78.59375000000003,False,5030,5030,1.0,0.11999697446410354,0.13468491028715157,0.8455237058727479,cm033,unaccepted
L5:mapped:1674,5,1674.0,SR_inferior_colliculus_complex,SR_ICoC,Subcortex,R,mapped,59.34375000000003,False,3798,3758,0.989468141126909,-0.0016559820811436628,-0.007644068964312836,-0.059420813750977255,cm033,unaccepted
L5:mapped:1678,5,1678.0,SR_fourth_nerve,SR_n4,Subcortex,R,mapped,1.6250000000000007,False,104,0,0.0,,,,cm033,unaccepted
L5:mapped:1679,5,1679.0,SR_periaqueductal_gray,SR_PAG,Subcortex,R,mapped,49.48437500000002,False,3167,3049,0.9627407641300916,0.09911147009170573,0.09933967299659544,0.6590227589121015,cm033,unaccepted
L5:mapped:1682,5,1682.0,SR_parabigeminal_nucleus,SR_PBG,Subcortex,R,mapped,2.6875000000000013,False,172,172,1.0,0.05162059358088686,0.05647036138901001,0.4037007482111462,cm033,unaccepted
L5:mapped:1683,5,1683.0,SR_microcellular_tegmentum,SR_MiTg,Subcortex,R,mapped,5.125000000000003,False,328,328,1.0,-0.006665104597948241,-0.006125710544339174,-0.03288615980429736,cm033,unaccepted
L5:mapped:1684,5,1684.0,SR_precuneiform_nucleus,SR_PrCnF,Subcortex,R,mapped,1.5312500000000007,False,98,98,1.0,-0.004923648620651707,-0.00042000679619500284,-0.004460848519917682,cm033,unaccepted
L5:mapped:1685,5,1685.0,SR_cuneiform_nucleus,SR_CnF,Subcortex,R,mapped,8.218750000000004,False,526,426,0.8098859315589354,-0.015021045065961625,-0.020743515144738378,-0.15731486405748116,cm033,unaccepted
L5:mapped:1686,5,1686.0,SR_ventrolateral_tegmentum,SR_VLTg,Subcortex,R,mapped,1.3437500000000007,False,86,10,0.11627906976744186,-0.00725903840084373,-0.007138885833362279,-0.056696182372630535,cm033,unaccepted
L5:mapped:1687,5,1687.0,SR_pedunculopontine_nucleus,SR_PTg,Subcortex,R,mapped,16.546875000000007,False,1059,764,0.7214353163361662,-0.05303633849296603,-0.056636048074400105,-0.4487535155938311,cm033,unaccepted
L5:mapped:1688,5,1688.0,SR_anterior_tegmental_nucleus,SR_ATg,Subcortex,R,mapped,1.4843750000000007,False,95,0,0.0,,,,cm033,unaccepted
L5:mapped:1690,5,1690.0,SR_mesencephalic_reticular_formation,SR_mRt,Subcortex,R,mapped,78.28125000000003,False,5010,4988,0.9956087824351297,0.05727277086487208,0.03150464213978327,0.22520146150861764,cm033,unaccepted
L5:mapped:1691,5,1691.0,SR_retroisthmic_nucleus,SR_RIs,Subcortex,R,mapped,3.2031250000000013,False,205,198,0.9658536585365853,-0.002160237724242688,-0.0017779047989156414,-0.012960897323208117,cm033,unaccepted
L5:mapped:1694,5,1694.0,SR_oculomotor_nuclei,SR_OM,Subcortex,R,mapped,15.796875000000007,False,1011,1011,1.0,0.07152297881563736,0.06910338407595201,0.4488934682018324,cm033,unaccepted
L5:mapped:1695,5,1695.0,SR_mediolateral_fascicle,SR_mlf,Subcortex,R,mapped,18.062500000000007,False,1156,256,0.22145328719723184,0.031237749429725035,0.03043495599002523,0.20573359108986372,cm033,unaccepted
L5:mapped:1697,5,1697.0,SR_medial_Raphe,SR_MR,Subcortex,R,mapped,13.000000000000005,False,832,0,0.0,,,,cm033,unaccepted
L5:mapped:1698,5,1698.0,SR_dorsal_Raphe,SR_DR,Subcortex,R,mapped,8.203125000000004,False,525,291,0.5542857142857143,0.09983739090386672,0.09784711826708797,0.6692987180724684,cm033,unaccepted
L5:mapped:1699,5,1699.0,SR_linear_Raphe,SR_LiR,Subcortex,R,mapped,11.953125000000005,False,765,713,0.9320261437908497,0.009689903750509469,0.016718592463817687,0.08040730104456889,cm033,unaccepted
L5:mapped:1701,5,1701.0,SR_rubral_region,SR_R+,Subcortex,R,mapped,38.468750000000014,False,2462,2462,1.0,0.08340280013007567,0.0712541911969541,0.5108108518190939,cm033,unaccepted
L5:mapped:1705,5,1705.0,SR_retrorubral_field,SR_RF,Subcortex,R,mapped,5.734375000000003,False,367,367,1.0,0.045246288335056985,0.05225076385611152,0.40068419333605176,cm033,unaccepted
L5:mapped:1706,5,1706.0,SR_substantia_nigra,SR_SN,Subcortex,R,mapped,111.21875000000004,False,7118,4479,0.629249789266648,0.06332379375922609,0.06755510199735912,0.559229092595713,cm033,unaccepted
L5:mapped:1707,5,1707.0,SR_ventral_tegmental_area,SR_VTA,Subcortex,R,mapped,24.42187500000001,False,1563,831,0.5316698656429942,-0.05548884356710349,-0.04285993046835962,-0.19123330391008808,cm033,unaccepted
L5:mapped:1708,5,1708.0,SR_interpeduncular_nucleus,SR_IP,Subcortex,R,mapped,4.375000000000002,False,280,0,0.0,,,,cm033,unaccepted
L5:mapped:1709,5,1709.0,SR_oculomotor_nerve,SR_n3,Subcortex,R,mapped,6.750000000000003,False,432,27,0.0625,-0.20777193223720727,-0.21190109463577372,-0.8616780652081684,cm033,unaccepted
L5:mapped:1710,5,1710.0,SR_cerebral_peduncle,SR_cp,Subcortex,R,mapped,70.39062500000003,False,4505,734,0.16293007769145393,0.09813663090322583,0.09700149060837715,0.836722313433892,cm033,unaccepted
L5:mapped:1714,5,1714.0,SR_parabrachial_complex,SR_PBC,Subcortex,R,mapped,45.84375000000002,False,2934,584,0.19904567143830948,0.007671398287635024,0.01623634839475998,0.12350172740867355,cm033,unaccepted
L5:mapped:1720,5,1720.0,SR_locus-coeruleus_region,SR_LC-Me5,Subcortex,R,mapped,3.6875000000000018,False,236,0,0.0,,,,cm033,unaccepted
L5:mapped:1721,5,1721.0,SR_mesencephalic_trigeminal_nerve,SR_me5,Subcortex,R,mapped,0.3125000000000001,False,20,0,0.0,,,,cm033,unaccepted
L5:mapped:1722,5,1722.0,SR_central_gray_nucleus,SR_CG,Subcortex,R,mapped,4.187500000000002,False,268,0,0.0,,,,cm033,unaccepted
L5:mapped:1724,5,1724.0,SR_lateral_dorsal_tegmentum,SR_LDTg,Subcortex,R,mapped,7.7656250000000036,False,497,0,0.0,,,,cm033,unaccepted
L5:mapped:1725,5,1725.0,SR_medial_dorsal_tegmentum,SR_MDTg,Subcortex,R,mapped,7.6562500000000036,False,490,0,0.0,,,,cm033,unaccepted
L5:mapped:1728,5,1728.0,SR_lateral_lemniscus,SR_ll,Subcortex,R,mapped,23.67187500000001,False,1515,548,0.36171617161716174,0.04000245686303369,0.02733823436704185,0.22941331673246818,cm033,unaccepted
L5:mapped:1729,5,1729.0,SR_dorsal_lateral_leminscus_nucleus,SR_DLL,Subcortex,R,mapped,1.2187500000000004,False,78,78,1.0,0.0726466382908361,0.0742518341781866,0.5829464707846883,cm033,unaccepted
L5:mapped:1730,5,1730.0,SR_intermediate+ventral_lateral_lemniscus_nuclei,SR_ILL-VLL,Subcortex,R,mapped,2.8437500000000013,False,182,0,0.0,,,,cm033,unaccepted
L5:mapped:1733,5,1733.0,SR_subceruleus,SR_SubC,Subcortex,R,mapped,13.984375000000005,False,895,0,0.0,,,,cm033,unaccepted
L5:mapped:1734,5,1734.0,SR_reticulotegmentum,SR_RtTg,Subcortex,R,mapped,17.500000000000007,False,1120,0,0.0,,,,cm033,unaccepted
L5:mapped:1735,5,1735.0,SR_superior_cerebellar_peduncle_decussation,SR_xscp,Subcortex,R,mapped,16.156250000000007,False,1034,671,0.648936170212766,0.000594595150984594,-0.025174230446201772,-0.21860362267671976,cm033,unaccepted
L5:mapped:1736,5,1736.0,SR_pontine_reticulum_oral,SR_PnO,Subcortex,R,mapped,45.07812500000002,False,2885,344,0.11923743500866552,-0.042986238915724465,-0.04232118110884968,-0.3359807112230738,cm033,unaccepted
L5:mapped:1737,5,1737.0,SR_pontine_reticulum_caudal,SR_PnC,Subcortex,R,mapped,42.78125000000002,False,2738,0,0.0,,,,cm033,unaccepted
L5:mapped:1739,5,1739.0,SR_superior_olive,SR_SuO,Subcortex,R,mapped,11.500000000000005,False,736,0,0.0,,,,cm033,unaccepted
L5:mapped:1740,5,1740.0,SR_medial_lemniscus,SR_ml,Subcortex,R,mapped,35.640625000000014,False,2281,82,0.03594914511179308,0.01009852931327144,0.010971729956702014,0.08958539651371614,cm033,unaccepted
L5:mapped:1741,5,1741.0,SR_trapezoid_bundle_region,SR_tz,Subcortex,R,mapped,9.359375000000004,False,599,0,0.0,,,,cm033,unaccepted
L5:mapped:1743,5,1743.0,SR_pontine_nucleus,SR_Pn,Subcortex,R,mapped,254.6875000000001,False,16300,328,0.020122699386503066,0.011681308358322056,0.011373054986430538,0.10346049959200775,cm033,unaccepted
L5:mapped:1744,5,1744.0,SR_pontine_fibers,SR_spf,Subcortex,R,mapped,238.2343750000001,False,15247,196,0.012854987866465535,-0.030625341386410408,-0.02258344346759731,-0.13865209392708105,cm033,unaccepted
L5:mapped:1750,5,1750.0,SR_inferior_cerebellar_peduncle,SR_icp,Subcortex,R,mapped,27.71875000000001,False,1774,0,0.0,,,,cm033,unaccepted
L5:mapped:1751,5,1751.0,SR_olivocerebellar_tract,SR_oc,Subcortex,R,mapped,21.20312500000001,False,1357,0,0.0,,,,cm033,unaccepted
L5:mapped:1753,5,1753.0,SR_lateral_cerebellar_nucleus,SR_Lat,Subcortex,R,mapped,54.62500000000002,False,3496,3,0.0008581235697940503,0.02687218399922255,0.02476376225315277,0.19710815742876403,cm033,unaccepted
L5:mapped:1754,5,1754.0,SR_interposed_cerebellar_nuclei,SR_Int,Subcortex,R,mapped,56.10937500000003,False,3591,147,0.04093567251461988,0.05986631100894882,0.06008817014018603,0.385140969079933,cm033,unaccepted
L5:mapped:1757,5,1757.0,SR_fastigial_cerebellar_nucleus,SR_Fas,Subcortex,R,mapped,19.453125000000007,False,1245,628,0.5044176706827309,0.1299566157958445,0.12056136561669928,0.7584233335387588,cm033,unaccepted
L5:mapped:1759,5,1759.0,SR_floculus_parafloculus,SR_Fl-PFl,Subcortex,R,mapped,388.62500000000017,False,24872,0,0.0,,,,cm033,unaccepted
L5:mapped:1763,5,1763.0,SR_anterior_vermis_cerebellar_cortex,SR_AVCbCx,Subcortex,R,mapped,480.5468750000002,False,30755,25608,0.8326450983579906,0.12143863653847878,0.14438847529705828,0.66464636213688,cm033,unaccepted
L5:mapped:1769,5,1769.0,SR_posterior_vermis_cerebellar_cortex,SR_PVCbCx,Subcortex,R,mapped,500.2812500000002,False,32018,13578,0.4240739583984009,0.05441059988989614,0.0570494369757019,0.39713055068833325,cm033,unaccepted
L5:mapped:1775,5,1775.0,SR_intermediate_cerebellar_cortex,SR_ICbCx,Subcortex,R,mapped,1170.7343750000005,False,74927,18293,0.24414430045244037,0.024646975082730026,0.027118427892869147,0.18965264502416493,cm033,unaccepted
L5:mapped:1783,5,1783.0,SR_lateral_cerebellar_cortex,SR_LCbCx,Subcortex,R,mapped,717.8750000000003,False,45944,6289,0.1368840327355041,-0.02159768141241805,-0.023784280675165644,-0.18947599151979067,cm033,unaccepted
L5:mapped:1790,5,1790.0,SR_vestibular_nucleus,SR_Ve,Subcortex,R,mapped,62.18750000000003,False,3980,0,0.0,,,,cm033,unaccepted
L5:mapped:1791,5,1791.0,SR_cochlear_nucleus,SR_DVC,Subcortex,R,mapped,11.640625000000005,False,745,0,0.0,,,,cm033,unaccepted
L5:mapped:1792,5,1792.0,SR_vestibulochoclear_nerve,SR_n8,Subcortex,R,mapped,10.156250000000005,False,650,0,0.0,,,,cm033,unaccepted
L5:mapped:1793,5,1793.0,SR_prepositus_nucleus,SR_Pr,Subcortex,R,mapped,5.156250000000003,False,330,0,0.0,,,,cm033,unaccepted
L5:mapped:1795,5,1795.0,SR_motor_trigeminal_nucleus,SR_Nu5,Subcortex,R,mapped,7.5468750000000036,False,483,0,0.0,,,,cm033,unaccepted
L5:mapped:1796,5,1796.0,SR_principal_trigeminal_nucleus,SR_Pr5,Subcortex,R,mapped,11.625000000000005,False,744,0,0.0,,,,cm033,unaccepted
L5:mapped:1797,5,1797.0,SR_spinal_trigeminal_nucleus,SR_Sp5,Subcortex,R,mapped,38.359375000000014,False,2455,0,0.0,,,,cm033,unaccepted
L5:mapped:1802,5,1802.0,SR_cuneate_gracile_nuclei,SR_CuGr,Subcortex,R,mapped,53.35937500000002,False,3415,0,0.0,,,,cm033,unaccepted
L5:mapped:1803,5,1803.0,SR_obex,SR_obex,Subcortex,R,mapped,0.12500000000000006,False,8,0,0.0,,,,cm033,unaccepted
L5:mapped:1804,5,1804.0,SR_solitary_tract_nucleus,SR_Sol,Subcortex,R,mapped,18.828125000000007,False,1205,0,0.0,,,,cm033,unaccepted
L5:mapped:1805,5,1805.0,SR_visceral_motor_nuclei,SR_Nu10-12,Subcortex,R,mapped,6.875000000000003,False,440,0,0.0,,,,cm033,unaccepted
L5:mapped:1808,5,1808.0,SR_abducens_motor_nucleus,SR_Nu6,Subcortex,R,mapped,5.875000000000003,False,376,0,0.0,,,,cm033,unaccepted
L5:mapped:1809,5,1809.0,SR_facial_motor_nucleus,SR_Nu7,Subcortex,R,mapped,4.906250000000002,False,314,0,0.0,,,,cm033,unaccepted
L5:mapped:1811,5,1811.0,SR_parvicellular_and_intermediate_reticular_nuclei,SR_PCIRt,Subcortex,R,mapped,31.406250000000014,False,2010,0,0.0,,,,cm033,unaccepted
L5:mapped:1812,5,1812.0,SR_dorsal_paragigantocellular_reticular_nucleus,SR_DPGi,Subcortex,R,mapped,6.125000000000003,False,392,0,0.0,,,,cm033,unaccepted
L5:mapped:1813,5,1813.0,SR_gigantocellular_reticular_nucleus,SR_Gi,Subcortex,R,mapped,70.50000000000003,False,4512,0,0.0,,,,cm033,unaccepted
L5:mapped:1814,5,1814.0,SR_medullar_reticular_nucleus,SR_MdRt,Subcortex,R,mapped,13.031250000000005,False,834,0,0.0,,,,cm033,unaccepted
L5:mapped:1816,5,1816.0,SR_Raphe_magnus_nucleus,SR_RMg,Subcortex,R,mapped,1.6718750000000007,False,107,0,0.0,,,,cm033,unaccepted
L5:mapped:1817,5,1817.0,SR_Raphe_obscurus_nucleus,SR_ROb,Subcortex,R,mapped,1.2656250000000007,False,81,0,0.0,,,,cm033,unaccepted
L5:mapped:1820,5,1820.0,SR_inferior_olive,SR_InO,Subcortex,R,mapped,52.23437500000002,False,3343,0,0.0,,,,cm033,unaccepted
L5:mapped:1821,5,1821.0,SR_lateral_reticular_nucleus,SR_LRt,Subcortex,R,mapped,12.468750000000005,False,798,0,0.0,,,,cm033,unaccepted
L5:mapped:1823,5,1823.0,SR_pyramidal_tract,SR_py,Subcortex,R,mapped,46.54687500000002,False,2979,0,0.0,,,,cm033,unaccepted
L5:mapped:1825,5,1825.0,SR_corticospinal_tract,SR_cst,Subcortex,R,mapped,0.34375000000000017,False,22,0,0.0,,,,cm033,unaccepted
L6:zero_unassigned:0,6,0.0,Atlas label 0 (unassigned),,Unassigned,Unknown,zero_unassigned,190501.3437500001,False,12192086,2388420,0.19589920871621147,0.0386388758197269,0.02350810672982124,0.14923857980962008,cm033,unaccepted
L6:mapped:4,6,4.0,CL_area_32,CL_area_32,Cortex,L,mapped,91.60937500000004,False,5863,4033,0.6878731025072489,0.09855088753028378,0.11497182605896808,0.5281904221565332,cm033,unaccepted
L6:mapped:5,6,5.0,CL_subgenual_cortex,CL_area_25,Cortex,L,mapped,32.890625000000014,False,2105,0,0.0,,,,cm033,unaccepted
L6:mapped:8,6,8.0,CL_area_24a,CL_area_24a,Cortex,L,mapped,16.890625000000007,False,1081,1054,0.9750231267345051,-0.032935636075801494,-0.06500592367256436,-0.26957347308283075,cm033,unaccepted
L6:mapped:9,6,9.0,CL_area_24b,CL_area_24b,Cortex,L,mapped,76.09375000000003,False,4870,4870,1.0,-0.13381408336042439,-0.14705769550878647,-0.6600043114894947,cm033,unaccepted
L6:mapped:10,6,10.0,CL_area_24c,CL_area_24c,Cortex,L,mapped,196.90625000000009,False,12602,12602,1.0,-0.172480490964461,-0.16892345566330846,-0.7951841156191365,cm033,unaccepted
L6:mapped:13,6,13.0,CL_area_24a',CL_area_24a_prime,Cortex,L,mapped,16.656250000000007,False,1066,1066,1.0,0.3004695332505403,0.4094703077564571,1.43995873708335,cm033,unaccepted
L6:mapped:14,6,14.0,CL_area_24b',CL_area_24b_prime,Cortex,L,mapped,56.04687500000003,False,3587,3587,1.0,0.18030322280856043,0.13958359547235494,0.5590235592980584,cm033,unaccepted
L6:mapped:15,6,15.0,CL_area_24c',CL_area_24c_prime,Cortex,L,mapped,115.67187500000006,False,7403,7403,1.0,0.2635479721282371,0.29238221730945796,1.4507694686199768,cm033,unaccepted
L6:mapped:19,6,19.0,CL_rostral_medial_frontal_pole,CL_area_10mr,Cortex,L,mapped,105.60937500000004,False,6759,1944,0.28761651131824234,-0.06158785547799903,-0.0808803629017739,-0.2828260448635961,cm033,unaccepted
L6:mapped:20,6,20.0,CL_caudal_medial_frontal_pole,CL_area_10mc,Cortex,L,mapped,81.95312500000004,False,5245,360,0.06863679694947569,0.2138083069016963,0.21777616735547495,0.9581532294636768,cm033,unaccepted
L6:mapped:21,6,21.0,CL_orbital_frontal_pole,CL_area_10o,Cortex,L,mapped,47.73437500000002,False,3055,0,0.0,,,,cm033,unaccepted
L6:mapped:23,6,23.0,CL_rostral_gyrus_rectus,CL_area_14r,Cortex,L,mapped,30.843750000000014,False,1974,0,0.0,,,,cm033,unaccepted
L6:mapped:24,6,24.0,CL_caudal_gyrus_rectus,CL_area_14c,Cortex,L,mapped,39.468750000000014,False,2526,0,0.0,,,,cm033,unaccepted
L6:mapped:28,6,28.0,CL_medial_area_11,CL_area_11m,Cortex,L,mapped,66.00000000000003,False,4224,960,0.22727272727272727,0.09207949883719972,0.09096771969457602,0.3335049882125569,cm033,unaccepted
L6:mapped:29,6,29.0,CL_lateral_area_11,CL_area_11l,Cortex,L,mapped,72.23437500000003,False,4623,21,0.004542504866969501,0.06064164635762507,0.06412090351820968,0.2644751388387772,cm033,unaccepted
L6:mapped:31,6,31.0,CL_areas_13a_and_13b,CL_area_13a/b,Cortex,L,mapped,124.10937500000006,False,7943,98,0.01233790759159008,0.03449432164931348,0.006097245101766381,0.029142710573672667,cm033,unaccepted
L6:mapped:32,6,32.0,CL_medial_area_13,CL_area_13m,Cortex,L,mapped,174.45312500000009,False,11165,1272,0.11392745185848634,-0.1350615098941145,-0.10294601019017442,-0.4802784262257313,cm033,unaccepted
L6:mapped:33,6,33.0,CL_lateral_area_13,CL_area_13l,Cortex,L,mapped,120.60937500000006,False,7719,0,0.0,,,,cm033,unaccepted
L6:mapped:35,6,35.0,CL_medial_area_12,CL_area_12m,Cortex,L,mapped,82.07812500000004,False,5253,0,0.0,,,,cm033,unaccepted
L6:mapped:36,6,36.0,CL_orbital_area_12,CL_area_12o,Cortex,L,mapped,68.65625000000003,False,4394,0,0.0,,,,cm033,unaccepted
L6:mapped:39,6,39.0,CL_medial_agranular_insular_region,CL_Iam/Iapm,Cortex,L,mapped,24.17187500000001,False,1547,0,0.0,,,,cm033,unaccepted
L6:mapped:41,6,41.0,CL_intermediate_agranular_insula_area,CL_Iai,Cortex,L,mapped,81.48437500000004,False,5215,0,0.0,,,,cm033,unaccepted
L6:mapped:42,6,42.0,CL_lateral_agranular_insula_area,CL_Ial,Cortex,L,mapped,47.98437500000002,False,3071,0,0.0,,,,cm033,unaccepted
L6:mapped:43,6,43.0,CL_posterior_lateral_agranular_insula_area,CL_Iapl,Cortex,L,mapped,15.812500000000007,False,1012,0,0.0,,,,cm033,unaccepted
L6:mapped:45,6,45.0,CL_anterior_olfactory_cortex,CL_AON/TTv,Cortex,L,mapped,25.64062500000001,False,1641,0,0.0,,,,cm033,unaccepted
L6:mapped:48,6,48.0,CL_gustatory_cortex,CL_G,Cortex,L,mapped,40.12500000000002,False,2568,1093,0.42562305295950154,-0.40045194651036814,-0.40757084252618603,-2.2756400587962617,cm033,unaccepted
L6:mapped:49,6,49.0,CL_precentral_operular_area,CL_PrCO,Cortex,L,mapped,95.95312500000004,False,6141,0,0.0,,,,cm033,unaccepted
L6:mapped:52,6,52.0,CL_dorsal_periarcuate_area_8A,CL_area_8Ad,Cortex,L,mapped,75.26562500000003,False,4817,934,0.1938966161511314,0.15410940257812628,0.16629640759539616,1.0030951477894623,cm033,unaccepted
L6:mapped:53,6,53.0,CL_ventral_periarcuate_area_8A,CL_area_8Av,Cortex,L,mapped,30.359375000000014,False,1943,230,0.11837364899639732,0.14342236471955086,0.15114150094338924,1.0033258197739134,cm033,unaccepted
L6:mapped:56,6,56.0,CL_dorsal_area_8B,CL_area_8Bd,Cortex,L,mapped,108.01562500000004,False,6913,986,0.1426298278605526,-0.11341642750836922,-0.13490470273525335,-0.6148720103464431,cm033,unaccepted
L6:mapped:57,6,57.0,CL_medial_area_8B,CL_area_8Bm,Cortex,L,mapped,68.85937500000003,False,4407,3403,0.7721806217381438,0.1363873079628086,0.1517125370066762,0.7315197567816734,cm033,unaccepted
L6:mapped:58,6,58.0,CL_arcuate_sulcus_area_8B,CL_area_8Bs,Cortex,L,mapped,107.28125000000004,False,6866,6297,0.9171278764928634,0.00882719276973774,-0.009926784730989582,-0.060465611633434495,cm033,unaccepted
L6:mapped:61,6,61.0,CL_dorsal_area_9,CL_area_9d,Cortex,L,mapped,248.4687500000001,False,15902,5113,0.32153188278204,0.050073530406750465,0.06028355838250751,0.32458304330245147,cm033,unaccepted
L6:mapped:62,6,62.0,CL_medial_area_9,CL_area_9m,Cortex,L,mapped,63.59375000000003,False,4070,3233,0.7943488943488943,0.10812765791383835,0.13376315483934187,0.6138319364251847,cm033,unaccepted
L6:mapped:63,6,63.0,CL_dorsal_area_46,CL_area_46d,Cortex,L,mapped,282.5000000000001,False,18080,1221,0.06753318584070797,-0.02356064278311033,-0.016751412957004188,-0.07029846543302072,cm033,unaccepted
L6:mapped:67,6,67.0,CL_area_46_in_fundus_of_the_principal_sulcus,CL_area_46f,Cortex,L,mapped,71.79687500000003,False,4595,1752,0.3812840043525571,-0.12295435561666038,-0.11588373952074936,-0.555521754912176,cm033,unaccepted
L6:mapped:68,6,68.0,CL_ventral_area_46,CL_area_46v,Cortex,L,mapped,244.9218750000001,False,15675,121,0.0077192982456140355,-0.10399113289586602,-0.11177123676894148,-0.5161564066715986,cm033,unaccepted
L6:mapped:70,6,70.0,CL_lateral_area_12,CL_area_12l,Cortex,L,mapped,61.20312500000003,False,3917,0,0.0,,,,cm033,unaccepted
L6:mapped:71,6,71.0,CL_rostral_area_12,CL_area_12r,Cortex,L,mapped,88.03125000000004,False,5634,0,0.0,,,,cm033,unaccepted
L6:mapped:74,6,74.0,CL_area_45a,CL_area_45a,Cortex,L,mapped,90.45312500000004,False,5789,0,0.0,,,,cm033,unaccepted
L6:mapped:75,6,75.0,CL_area_45b,CL_area_45b,Cortex,L,mapped,75.09375000000003,False,4806,988,0.20557636287973366,0.28311518799213337,0.2785659637344875,1.508291993776774,cm033,unaccepted
L6:mapped:76,6,76.0,CL_area_44,CL_area_44,Cortex,L,mapped,49.35937500000002,False,3159,339,0.10731244064577398,-0.00038879718866031916,-0.013627141610639833,-0.08050167285692716,cm033,unaccepted
L6:mapped:79,6,79.0,CL_primary_motor_cortex,CL_M1,Cortex,L,mapped,762.1250000000003,False,48776,29068,0.5959488272921108,-0.09029755435480262,-0.12112940697802149,-0.6698391905213925,cm033,unaccepted
L6:mapped:82,6,82.0,CL_caudal_dorsal_premotor_cortex,CL_PMdc,Cortex,L,mapped,687.1875000000003,False,43980,13088,0.29758981355161435,0.09106035811573811,0.062172457114200136,0.4370000140838618,cm033,unaccepted
L6:mapped:83,6,83.0,CL_rostral_dorsal_premotor_cortex,CL_PMdr,Cortex,L,mapped,80.56250000000004,False,5156,284,0.05508145849495733,-0.2200967824703205,-0.21867627007242993,-1.1658609163337292,cm033,unaccepted
L6:mapped:85,6,85.0,CL_area_F4_of_ventral_premotor_cortex,CL_F4,Cortex,L,mapped,266.5937500000001,False,17062,8661,0.5076192708943852,0.017768501412631203,0.035046018343180205,0.25172369776769676,cm033,unaccepted
L6:mapped:86,6,86.0,CL_area_F5_of_ventral_premotor_cortex,CL_F5,Cortex,L,mapped,434.01562500000017,False,27777,10169,0.3660942506390179,-0.0670046244192455,-0.05354720641024858,-0.3058080205627783,cm033,unaccepted
L6:mapped:88,6,88.0,CL_presupplementary_motor_area,CL_preSMA,Cortex,L,mapped,115.06250000000006,False,7364,5280,0.717001629549158,-0.011179264524274962,0.04207087016496155,0.2408909252098076,cm033,unaccepted
L6:mapped:89,6,89.0,CL_supplementary_motor_area,CL_SMA,Cortex,L,mapped,196.45312500000009,False,12573,7312,0.5815636681778414,-0.03733180140243404,-0.04224564226452182,-0.21123319769800392,cm033,unaccepted
L6:mapped:93,6,93.0,CL_areas_3a_and_3b,CL_area_3a/b,Cortex,L,mapped,245.3906250000001,False,15705,13806,0.879083094555874,-0.12157254836176322,-0.11639487509582319,-0.7037807925767762,cm033,unaccepted
L6:mapped:94,6,94.0,CL_areas_1-2,CL_areas_1-2,Cortex,L,mapped,655.2968750000003,False,41939,26971,0.643100693864899,0.02995373456562842,0.025333156067973223,0.13910303246290193,cm033,unaccepted
L6:mapped:95,6,95.0,CL_secondary_somatosensory_cortex,CL_SII,Cortex,L,mapped,285.3125000000001,False,18260,17547,0.9609529025191675,-0.14542462543271734,-0.15827451133152243,-0.9471725703781384,cm033,unaccepted
L6:mapped:98,6,98.0,CL_visual_area_V6,CL_V6,Cortex,L,mapped,37.437500000000014,False,2396,2396,1.0,0.4121184204942815,0.4793716252422845,1.2843355582936566,cm033,unaccepted
L6:mapped:100,6,100.0,CL_ventral_visual_area_6A,CL_V6Av,Cortex,L,mapped,34.000000000000014,False,2176,2176,1.0,0.47420929756853836,0.4851642679159064,1.6476434244600227,cm033,unaccepted
L6:mapped:101,6,101.0,CL_dorsal_visual_area_6A,CL_V6Ad,Cortex,L,mapped,24.10937500000001,False,1543,1543,1.0,-0.009625447853363818,-0.012171096944753698,-0.006302643627680643,cm033,unaccepted
L6:mapped:104,6,104.0,CL_areas_PEc_and_PEci,CL_PEc/PEci,Cortex,L,mapped,149.70312500000006,False,9581,9511,0.9926938732908882,0.10202150105077239,0.12722787598905916,0.6640803565391946,cm033,unaccepted
L6:mapped:105,6,105.0,CL_area_PE,CL_PE,Cortex,L,mapped,102.78125000000004,False,6578,5741,0.8727576771055032,-0.05126892220994795,-0.052271599924021674,-0.3409695744435598,cm033,unaccepted
L6:mapped:106,6,106.0,CL_area_PEa,CL_PEa,Cortex,L,mapped,194.45312500000009,False,12445,12323,0.9901968662113299,-0.04063434977299896,-0.07478439714796942,-0.40819115994856847,cm033,unaccepted
L6:mapped:108,6,108.0,CL_medial_intraparietal_area,CL_MIP,Cortex,L,mapped,159.53125000000006,False,10210,10210,1.0,0.41554316785904016,0.43536073014056553,1.4840545671244694,cm033,unaccepted
L6:mapped:110,6,110.0,CL_ventral_intraparietal_area,CL_VIP,Cortex,L,mapped,119.62500000000006,False,7656,7656,1.0,0.01271963661930263,-0.004714219177764533,-0.029149720418055178,cm033,unaccepted
L6:mapped:111,6,111.0,CL_posterior_intraparietal_area,CL_PIP,Cortex,L,mapped,30.625000000000014,False,1960,1960,1.0,0.5244737977490307,0.5248002244048007,2.1807436992361273,cm033,unaccepted
L6:mapped:114,6,114.0,CL_anterior_intraparietal_area,CL_AIP,Cortex,L,mapped,42.20312500000002,False,2701,2684,0.9937060348019252,-0.10127124343840502,-0.1250561330926207,-0.8034957172159618,cm033,unaccepted
L6:mapped:116,6,116.0,CL_dorsal_lateral_intraparietal_area,CL_LIPd,Cortex,L,mapped,158.54687500000006,False,10147,9782,0.9640287769784173,0.03616272194138191,-0.007394196350535228,-0.0436480855733789,cm033,unaccepted
L6:mapped:117,6,117.0,CL_ventral_lateral_intraparietal_area,CL_LIPv,Cortex,L,mapped,109.73437500000004,False,7023,7023,1.0,0.07110546881653393,0.04272152149409785,0.2075717585635986,cm033,unaccepted
L6:mapped:118,6,118.0,CL_lateral_occipital_parietal_area,CL_LOP,Cortex,L,mapped,22.51562500000001,False,1441,1441,1.0,0.6915948424094928,0.7050196200940111,2.452619983377495,cm033,unaccepted
L6:mapped:119,6,119.0,CL_medial_superior_temporal_area,CL_MST,Cortex,L,mapped,150.20312500000006,False,9613,9612,0.999895974201602,0.24236305708210576,0.21537853817896835,1.058349495842834,cm033,unaccepted
L6:mapped:122,6,122.0,CL_caudal_inferior_parietal_lobule_area_7a_(Opt/PG),CL_area_7a,Cortex,L,mapped,295.5781250000001,False,18917,16206,0.8566897499603531,0.2913891114526389,0.2679452152759813,1.3341752868362495,cm033,unaccepted
L6:mapped:123,6,123.0,CL_rostral_inferior_parietal_lobule_area_7b_(PFG/PF),CL_area_7b,Cortex,L,mapped,97.59375000000004,False,6246,1961,0.313960934998399,-0.053615681319425595,-0.049964758722812794,-0.3825824569454225,cm033,unaccepted
L6:mapped:124,6,124.0,CL_parietal_operculum,CL_area_7op,Cortex,L,mapped,167.64062500000009,False,10729,10121,0.9433311585422686,0.0015851339709065909,0.022428681273183912,0.11700535698968623,cm033,unaccepted
L6:mapped:126,6,126.0,CL_area_7_(PGm)_on_the_medial_wall,CL_area_7m,Cortex,L,mapped,183.04687500000009,False,11715,11713,0.9998292787025181,0.08339967114408207,0.03286800005186831,0.09841401221070965,cm033,unaccepted
L6:mapped:129,6,129.0,CL_area_31,CL_area_31,Cortex,L,mapped,63.62500000000003,False,4072,4072,1.0,0.21914934289753799,0.2162757302482691,0.8372688529203642,cm033,unaccepted
L6:mapped:131,6,131.0,CL_area_23a,CL_area_23a,Cortex,L,mapped,36.453125000000014,False,2333,2333,1.0,0.19957529363168075,0.1817067310390702,0.833273145760606,cm033,unaccepted
L6:mapped:132,6,132.0,CL_area_23b,CL_area_23b,Cortex,L,mapped,115.29687500000006,False,7379,7379,1.0,0.26092107868187564,0.2680982899602479,1.2454102491978853,cm033,unaccepted
L6:mapped:133,6,133.0,CL_area_23c,CL_area_23c,Cortex,L,mapped,145.06250000000006,False,9284,9284,1.0,0.15134086283533876,0.1382304603544042,0.6710516092399199,cm033,unaccepted
L6:mapped:134,6,134.0,CL_area_v23,CL_area_v23,Cortex,L,mapped,103.89062500000004,False,6649,6643,0.9990976086629568,0.270191680507525,0.2611421345536458,1.0156668105494937,cm033,unaccepted
L6:mapped:136,6,136.0,CL_area_29,CL_area_29,Cortex,L,mapped,21.65625000000001,False,1386,1386,1.0,0.03725225975954082,0.02872827199589713,0.15589045373780974,cm033,unaccepted
L6:mapped:137,6,137.0,CL_area_30,CL_area_30,Cortex,L,mapped,23.14062500000001,False,1481,1481,1.0,0.04854439465294145,0.04147494143065486,0.19968428141119585,cm033,unaccepted
L6:mapped:150,6,150.0,CL_area_TFO,CL_TFO,Cortex,L,mapped,65.18750000000003,False,4172,287,0.06879194630872483,0.08235685596787899,0.07598282993868985,0.5412466939463114,cm033,unaccepted
L6:mapped:151,6,151.0,CL_area_TF,CL_TF,Cortex,L,mapped,73.56250000000003,False,4708,0,0.0,,,,cm033,unaccepted
L6:mapped:152,6,152.0,CL_area_TH,CL_TH,Cortex,L,mapped,4.437500000000002,False,284,0,0.0,,,,cm033,unaccepted
L6:mapped:156,6,156.0,CL_caudal_division_of_entorhinal_cortex,CL_EC,Cortex,L,mapped,41.98437500000002,False,2687,0,0.0,,,,cm033,unaccepted
L6:mapped:157,6,157.0,CL_caudal_limiting_division_of_entorhinal_cortex,CL_ECL,Cortex,L,mapped,8.687500000000004,False,556,0,0.0,,,,cm033,unaccepted
L6:mapped:158,6,158.0,CL_middle_entorhinal_cortex,CL_mid_ERh,Cortex,L,mapped,31.984375000000014,False,2047,33,0.01612115290669272,-0.06174880167621157,-0.05710014269384995,-0.48372386805262285,cm033,unaccepted
L6:mapped:159,6,159.0,CL_rostral_entorhinal_cortex,CL_rostral_ERh,Cortex,L,mapped,47.82812500000002,False,3061,19,0.006207121855602744,0.036927556939825947,0.03609465186888845,0.30625820966114375,cm033,unaccepted
L6:mapped:161,6,161.0,CL_area_35,CL_area_35,Cortex,L,mapped,34.593750000000014,False,2214,3,0.0013550135501355014,0.08563416709469783,0.08542351960368239,0.6847423482030528,cm033,unaccepted
L6:mapped:163,6,163.0,CL_caudal_area_36,CL_area_36c,Cortex,L,mapped,53.96875000000002,False,3454,0,0.0,,,,cm033,unaccepted
L6:mapped:164,6,164.0,CL_rostral_and_polar_area_36,CL_area_36r/p,Cortex,L,mapped,61.18750000000003,False,3916,0,0.0,,,,cm033,unaccepted
L6:mapped:166,6,166.0,CL_agranular_temporal_pole,CL_TGa,Cortex,L,mapped,76.29687500000003,False,4883,0,0.0,,,,cm033,unaccepted
L6:mapped:169,6,169.0,CL_dorsal_dysgranular_temporal_pole,CL_TGdd,Cortex,L,mapped,70.73437500000003,False,4527,39,0.008614976805831677,0.02119647226436728,0.01820209472175873,0.1446994730054369,cm033,unaccepted
L6:mapped:170,6,170.0,CL_ventral_dysgranular_temporal_pole,CL_TGvd,Cortex,L,mapped,21.12500000000001,False,1352,0,0.0,,,,cm033,unaccepted
L6:mapped:172,6,172.0,CL_dorsal_granular_temporal_pole,CL_TGdg,Cortex,L,mapped,52.21875000000002,False,3342,0,0.0,,,,cm033,unaccepted
L6:mapped:173,6,173.0,CL_ventral_granular_temporal_pole,CL_TGvg,Cortex,L,mapped,16.859375000000007,False,1079,0,0.0,,,,cm033,unaccepted
L6:mapped:174,6,174.0,CL_sts_part_of_temporal_pole,CL_TGsts,Cortex,L,mapped,78.28125000000003,False,5010,7,0.0013972055888223553,-0.022297984266148128,-0.031151373899696317,-0.21928208232083496,cm033,unaccepted
L6:mapped:176,6,176.0,CL_area_TEO,CL_TEO,Cortex,L,mapped,284.3437500000001,False,18198,505,0.027750302231014396,-0.0177411622868228,-0.014031321347198911,-0.12104508977052676,cm033,unaccepted
L6:mapped:180,6,180.0,CL_posterior_ventral_area_TE,CL_TEpv,Cortex,L,mapped,206.85937500000009,False,13239,0,0.0,,,,cm033,unaccepted
L6:mapped:181,6,181.0,CL_posterior_dorsal_area_TE,CL_TEpd,Cortex,L,mapped,248.0312500000001,False,15874,0,0.0,,,,cm033,unaccepted
L6:mapped:183,6,183.0,CL_anterior_ventral_area_TE,CL_TEav,Cortex,L,mapped,255.0781250000001,False,16325,332,0.020336906584992345,-0.07848037334049728,-0.07456021821890971,-0.6057052663434244,cm033,unaccepted
L6:mapped:184,6,184.0,CL_anterior_dorsal_area_TE,CL_TEad,Cortex,L,mapped,164.34375000000009,False,10518,1578,0.1500285225328009,0.002497989821498354,-0.00586971461727303,-0.044640603242195334,cm033,unaccepted
L6:mapped:186,6,186.0,CL_area_TEm,CL_TEm,Cortex,L,mapped,212.89062500000009,False,13625,1981,0.14539449541284405,-0.003143462510600098,0.013342761469639967,0.10116376295901686,cm033,unaccepted
L6:mapped:187,6,187.0,CL_area_TEa,CL_TEa,Cortex,L,mapped,88.18750000000004,False,5644,1322,0.2342310418143161,-0.09756849409141925,-0.04062456226710335,-0.3938613096492092,cm033,unaccepted
L6:mapped:190,6,190.0,CL_area_IPa,CL_IPa,Cortex,L,mapped,200.31250000000009,False,12820,5763,0.44953198127925115,-0.05583566000184747,-0.03713486583611166,-0.3115781851186557,cm033,unaccepted
L6:mapped:191,6,191.0,CL_area_PGa,CL_PGa,Cortex,L,mapped,132.50000000000006,False,8480,8003,0.94375,0.0037878149737000304,-0.009971128203593131,-0.07034136989604672,cm033,unaccepted
L6:mapped:192,6,192.0,CL_floor_of_the_superior_temporal_area,CL_FST,Cortex,L,mapped,92.34375000000004,False,5910,4501,0.761590524534687,0.08935571727607351,0.08600304833045022,0.5032615589740577,cm033,unaccepted
L6:mapped:196,6,196.0,CL_temporal_parietooccipital_associated_area,CL_TPO,Cortex,L,mapped,280.6406250000001,False,17961,11779,0.6558098101442014,-0.022164839912947574,-0.021143149459844218,-0.15958716817096227,cm033,unaccepted
L6:mapped:197,6,197.0,CL_area_TAa,CL_TAa,Cortex,L,mapped,171.23437500000009,False,10959,2582,0.23560543845241355,-0.012340547206158655,-0.020715592361837232,-0.164956254214144,cm033,unaccepted
L6:mapped:198,6,198.0,CL_rostral_superior_temporal_gyrus,CL_STGr,Cortex,L,mapped,141.93750000000006,False,9084,2721,0.29953764861294585,-0.053667194163405076,-0.054677140892220574,-0.4522555995275619,cm033,unaccepted
L6:mapped:200,6,200.0,CL_temporo-parietal_area,CL_Tpt,Cortex,L,mapped,97.45312500000004,False,6237,3694,0.592271925605259,0.16983243161935446,0.18242244095265664,1.0326200917349613,cm033,unaccepted
L6:mapped:202,6,202.0,CL_caudal_parabelt_region,CL_CPB,Cortex,L,mapped,91.32812500000004,False,5845,70,0.011976047904191617,-0.057972562541501585,-0.055006203658005945,-0.39263469564414466,cm033,unaccepted
L6:mapped:203,6,203.0,CL_rostral_parabelt_region,CL_RPB,Cortex,L,mapped,71.53125000000003,False,4578,669,0.14613368283093053,0.05070644520571127,0.056818088658274354,0.453525722214391,cm033,unaccepted
L6:mapped:208,6,208.0,CL_caudal_lateral_belt_region,CL_CL,Cortex,L,mapped,27.81250000000001,False,1780,830,0.46629213483146065,0.05627991911584081,0.05704392842857026,0.31035132719479996,cm033,unaccepted
L6:mapped:209,6,209.0,CL_middle_lateral_belt_region,CL_ML,Cortex,L,mapped,35.328125000000014,False,2261,1319,0.5833701901813357,-0.054704676223576595,-0.04315759732171875,-0.307803396852965,cm033,unaccepted
L6:mapped:211,6,211.0,CL_anterior_lateral_belt_region,CL_AL,Cortex,L,mapped,93.21875000000004,False,5966,4275,0.7165605095541401,0.030139989903190237,0.02851289537798108,0.222023643986392,cm033,unaccepted
L6:mapped:212,6,212.0,CL_lateral_rostrotemporal_belt_region,CL_RTL,Cortex,L,mapped,32.531250000000014,False,2082,781,0.37512007684918347,0.23622923087941897,0.24037036471186188,1.5727749935015556,cm033,unaccepted
L6:mapped:214,6,214.0,CL_caudomedial_belt_region,CL_CM,Cortex,L,mapped,60.00000000000003,False,3840,3840,1.0,0.0504537116252646,0.04350185276404904,0.26756701471338534,cm033,unaccepted
L6:mapped:216,6,216.0,CL_rostromedial_belt_region,CL_RM,Cortex,L,mapped,47.87500000000002,False,3064,3048,0.9947780678851175,-0.07484060959138089,-0.06529535768056975,-0.42119173490183515,cm033,unaccepted
L6:mapped:217,6,217.0,CL_medial_rostrotemporal_belt_region,CL_RTM,Cortex,L,mapped,20.10937500000001,False,1287,726,0.5641025641025641,-0.03219497453361532,-0.025993844598499016,-0.20748215409292864,cm033,unaccepted
L6:mapped:218,6,218.0,CL_polar_rostrotemporal_cortex,CL_RTp,Cortex,L,mapped,28.031250000000014,False,1794,68,0.0379041248606466,0.02100904106687625,0.019325964266716025,0.1574610346234827,cm033,unaccepted
L6:mapped:221,6,221.0,CL_rostral_core_region,CL_R,Cortex,L,mapped,53.67187500000002,False,3435,3379,0.9836972343522562,0.03792446613800194,0.02502511132271014,0.15158512339366675,cm033,unaccepted
L6:mapped:222,6,222.0,CL_rostrotemporal_core_region,CL_RT,Cortex,L,mapped,16.062500000000007,False,1028,517,0.5029182879377432,0.030614971149456445,0.01506627699929592,0.09520791635351122,cm033,unaccepted
L6:mapped:223,6,223.0,CL_primary_auditory_cortex,CL_AI,Cortex,L,mapped,89.50000000000004,False,5728,5727,0.9998254189944135,-0.01402323252258596,0.004668156398682104,0.005743567678527212,cm033,unaccepted
L6:mapped:226,6,226.0,CL_parainsula,CL_Pi,Cortex,L,mapped,27.28125000000001,False,1746,1143,0.654639175257732,-0.0933806073693168,-0.0845976428960106,-0.6387917365432786,cm033,unaccepted
L6:mapped:228,6,228.0,CL_agranular_and_dysgranular_insula,CL_Ia/Id,Cortex,L,mapped,164.56250000000009,False,10532,9462,0.8984048613748575,-0.33968895848922487,-0.3267702902102375,-1.9059799324851108,cm033,unaccepted
L6:mapped:229,6,229.0,CL_granular_insula,CL_Ig,Cortex,L,mapped,96.34375000000004,False,6166,6166,1.0,-0.1130585677792994,-0.08674064071040472,-0.4870001344335195,cm033,unaccepted
L6:mapped:230,6,230.0,CL_retroinsula,CL_Ri,Cortex,L,mapped,15.109375000000007,False,967,967,1.0,-0.00510925710183555,0.0006514260482041699,-0.004975566950181282,cm033,unaccepted
L6:mapped:232,6,232.0,CL_middle_temporal_area,CL_MT,Cortex,L,mapped,94.67187500000004,False,6059,5445,0.8986631457336194,0.18503303087187112,0.14118197189708176,0.750148946462002,cm033,unaccepted
L6:mapped:235,6,235.0,CL_dorsal_visual_area_4,CL_V4d,Cortex,L,mapped,466.4218750000002,False,29851,16158,0.541288399048608,0.3530684243260715,0.35434016852854117,1.7032753831368446,cm033,unaccepted
L6:mapped:236,6,236.0,CL_ventral_visual_area_4,CL_V4v,Cortex,L,mapped,298.5625000000001,False,19108,34,0.0017793594306049821,0.011673020486254945,0.012402169630804226,0.10265618052742442,cm033,unaccepted
L6:mapped:240,6,240.0,CL_visual_area_V3A,CL_V3A,Cortex,L,mapped,139.21875000000006,False,8910,8683,0.9745230078563412,0.5338233825254237,0.5385027392295585,2.2523756732700284,cm033,unaccepted
L6:mapped:241,6,241.0,CL_dorsal_visual_area_3,CL_V3d,Cortex,L,mapped,151.98437500000006,False,9727,8801,0.9048010691888557,0.39261970481094566,0.3370924486374288,1.9457450460038206,cm033,unaccepted
L6:mapped:242,6,242.0,CL_ventral_visual_area_3,CL_V3v,Cortex,L,mapped,224.7968750000001,False,14387,2791,0.19399457843886841,-0.005863939515518796,-0.00342516796231569,-0.03257230096606898,cm033,unaccepted
L6:mapped:244,6,244.0,CL_possibly_part_of_visual_area_2,CL_possibly_V2,Cortex,L,mapped,30.281250000000014,False,1938,1938,1.0,0.022659684700138114,0.03642429468729037,0.19550351763094698,cm033,unaccepted
L6:mapped:245,6,245.0,CL_clearly_part_of_visual_area_2,CL_clearly_V2,Cortex,L,mapped,1545.0937500000007,False,98886,59144,0.5981028659264204,0.24880700339282497,0.1591582132923567,0.7755001769313741,cm033,unaccepted
L6:mapped:246,6,246.0,CL_primary_visual_cortex,CL_V1,Cortex,L,mapped,1965.546875000001,False,125795,70942,0.5639492825629,0.06974176630625964,0.051326538438694606,0.27427915328805375,cm033,unaccepted
L6:mapped:504,6,504.0,CR_area_32,CR_area_32,Cortex,R,mapped,91.60937500000004,False,5863,3451,0.5886065154357837,0.019708068222469656,0.037017197082542364,0.14440718502202007,cm033,unaccepted
L6:mapped:505,6,505.0,CR_subgenual_cortex,CR_area_25,Cortex,R,mapped,32.890625000000014,False,2105,0,0.0,,,,cm033,unaccepted
L6:mapped:508,6,508.0,CR_area_24a,CR_area_24a,Cortex,R,mapped,16.890625000000007,False,1081,885,0.818686401480111,-0.0032550055513971806,-0.0029708678945923606,0.027823891498829096,cm033,unaccepted
L6:mapped:509,6,509.0,CR_area_24b,CR_area_24b,Cortex,R,mapped,76.09375000000003,False,4870,4867,0.9993839835728953,-0.08216126283979004,-0.09263783285820297,-0.42938213557710664,cm033,unaccepted
L6:mapped:510,6,510.0,CR_area_24c,CR_area_24c,Cortex,R,mapped,196.90625000000009,False,12602,12450,0.9879384224726234,0.08479199748335312,0.09273565407454945,0.5777716051197411,cm033,unaccepted
L6:mapped:513,6,513.0,CR_area_24a',CR_area_24a_prime,Cortex,R,mapped,16.656250000000007,False,1066,1066,1.0,0.17253108655210733,0.18327684712537406,0.8889430903076274,cm033,unaccepted
L6:mapped:514,6,514.0,CR_area_24b',CR_area_24b_prime,Cortex,R,mapped,56.04687500000003,False,3587,3587,1.0,0.1815012865794945,0.20487780485133497,0.9475132471178163,cm033,unaccepted
L6:mapped:515,6,515.0,CR_area_24c',CR_area_24c_prime,Cortex,R,mapped,115.67187500000006,False,7403,7403,1.0,0.11748856751994229,0.11818837552500294,0.6159773878607087,cm033,unaccepted
L6:mapped:519,6,519.0,CR_rostral_medial_frontal_pole,CR_area_10mr,Cortex,R,mapped,105.60937500000004,False,6759,1870,0.27666814617546975,-0.07820873256023866,-0.10986480221687642,-0.4045208939067566,cm033,unaccepted
L6:mapped:520,6,520.0,CR_caudal_medial_frontal_pole,CR_area_10mc,Cortex,R,mapped,81.95312500000004,False,5245,361,0.0688274547187798,0.22558295417018148,0.23865913279660364,0.9516695439314509,cm033,unaccepted
L6:mapped:521,6,521.0,CR_orbital_frontal_pole,CR_area_10o,Cortex,R,mapped,47.73437500000002,False,3055,0,0.0,,,,cm033,unaccepted
L6:mapped:523,6,523.0,CR_rostral_gyrus_rectus,CR_area_14r,Cortex,R,mapped,30.843750000000014,False,1974,0,0.0,,,,cm033,unaccepted
L6:mapped:524,6,524.0,CR_caudal_gyrus_rectus,CR_area_14c,Cortex,R,mapped,39.468750000000014,False,2526,0,0.0,,,,cm033,unaccepted
L6:mapped:528,6,528.0,CR_medial_area_11,CR_area_11m,Cortex,R,mapped,66.00000000000003,False,4224,249,0.05894886363636364,-0.12422617074387779,-0.1278234535914466,-0.5591273977130025,cm033,unaccepted
L6:mapped:529,6,529.0,CR_lateral_area_11,CR_area_11l,Cortex,R,mapped,72.23437500000003,False,4623,0,0.0,,,,cm033,unaccepted
L6:mapped:531,6,531.0,CR_areas_13a_and_13b,CR_area_13a/b,Cortex,R,mapped,124.10937500000006,False,7943,9,0.0011330731461664358,0.0507415420833377,0.048887358445907844,0.22857403536383,cm033,unaccepted
L6:mapped:532,6,532.0,CR_medial_area_13,CR_area_13m,Cortex,R,mapped,174.45312500000009,False,11165,6,0.0005373936408419167,-0.06464041151225994,-0.06543264866849077,-0.2727095512577228,cm033,unaccepted
L6:mapped:533,6,533.0,CR_lateral_area_13,CR_area_13l,Cortex,R,mapped,120.60937500000006,False,7719,0,0.0,,,,cm033,unaccepted
L6:mapped:535,6,535.0,CR_medial_area_12,CR_area_12m,Cortex,R,mapped,82.07812500000004,False,5253,0,0.0,,,,cm033,unaccepted
L6:mapped:536,6,536.0,CR_orbital_area_12,CR_area_12o,Cortex,R,mapped,68.65625000000003,False,4394,0,0.0,,,,cm033,unaccepted
L6:mapped:539,6,539.0,CR_medial_agranular_insular_region,CR_Iam/Iapm,Cortex,R,mapped,24.17187500000001,False,1547,0,0.0,,,,cm033,unaccepted
L6:mapped:541,6,541.0,CR_intermediate_agranular_insula_area,CR_Iai,Cortex,R,mapped,81.48437500000004,False,5215,0,0.0,,,,cm033,unaccepted
L6:mapped:542,6,542.0,CR_lateral_agranular_insula_area,CR_Ial,Cortex,R,mapped,47.98437500000002,False,3071,18,0.005861282969716704,0.01194243168554851,0.004916132940613433,0.03817042574896557,cm033,unaccepted
L6:mapped:543,6,543.0,CR_posterior_lateral_agranular_insula_area,CR_Iapl,Cortex,R,mapped,15.812500000000007,False,1012,257,0.25395256916996045,0.11112937962744907,0.10103064085959049,0.7681201138403297,cm033,unaccepted
L6:mapped:545,6,545.0,CR_anterior_olfactory_cortex,CR_AON/TTv,Cortex,R,mapped,25.64062500000001,False,1641,0,0.0,,,,cm033,unaccepted
L6:mapped:548,6,548.0,CR_gustatory_cortex,CR_G,Cortex,R,mapped,40.12500000000002,False,2568,807,0.3142523364485981,0.011514852988144865,0.015152738564032237,0.12145897109474704,cm033,unaccepted
L6:mapped:549,6,549.0,CR_precentral_operular_area,CR_PrCO,Cortex,R,mapped,95.95312500000004,False,6141,124,0.02019215111545351,-0.09891369419191229,-0.0981436311482492,-0.750179183257304,cm033,unaccepted
L6:mapped:552,6,552.0,CR_dorsal_periarcuate_area_8A,CR_area_8Ad,Cortex,R,mapped,75.26562500000003,False,4817,4174,0.8665144280672618,0.034857827130002426,0.032060395041489276,0.2755846479178567,cm033,unaccepted
L6:mapped:553,6,553.0,CR_ventral_periarcuate_area_8A,CR_area_8Av,Cortex,R,mapped,30.359375000000014,False,1943,489,0.251672671127123,-0.003340456306042622,-0.012365508263081061,-0.10832325384683836,cm033,unaccepted
L6:mapped:556,6,556.0,CR_dorsal_area_8B,CR_area_8Bd,Cortex,R,mapped,108.01562500000004,False,6913,379,0.05482424417763634,0.07684687989689779,0.05273530050461816,0.3784257346224876,cm033,unaccepted
L6:mapped:557,6,557.0,CR_medial_area_8B,CR_area_8Bm,Cortex,R,mapped,68.85937500000003,False,4407,3518,0.7982754708418425,0.29411998160323355,0.3300470131768547,1.5596915355605776,cm033,unaccepted
L6:mapped:558,6,558.0,CR_arcuate_sulcus_area_8B,CR_area_8Bs,Cortex,R,mapped,107.28125000000004,False,6866,5494,0.8001747742499272,0.05827593296922937,0.04909605092146456,0.37922485269796224,cm033,unaccepted
L6:mapped:561,6,561.0,CR_dorsal_area_9,CR_area_9d,Cortex,R,mapped,248.4687500000001,False,15902,2404,0.1511759527103509,0.10716346205678051,0.07499672759632064,0.41545787431570314,cm033,unaccepted
L6:mapped:562,6,562.0,CR_medial_area_9,CR_area_9m,Cortex,R,mapped,63.59375000000003,False,4070,3194,0.7847665847665848,0.286245857747083,0.3297666180292638,1.426530184149609,cm033,unaccepted
L6:mapped:563,6,563.0,CR_dorsal_area_46,CR_area_46d,Cortex,R,mapped,282.5000000000001,False,18080,2197,0.12151548672566372,0.10232721333582331,0.10667842266711171,0.773716109085596,cm033,unaccepted
L6:mapped:567,6,567.0,CR_area_46_in_fundus_of_the_principal_sulcus,CR_area_46f,Cortex,R,mapped,71.79687500000003,False,4595,716,0.15582154515778018,-0.08844177353469256,-0.09332678503338969,-0.3995976504887767,cm033,unaccepted
L6:mapped:568,6,568.0,CR_ventral_area_46,CR_area_46v,Cortex,R,mapped,244.9218750000001,False,15675,100,0.006379585326953748,0.0748381732909773,0.08097974779327599,0.6615217120259284,cm033,unaccepted
L6:mapped:570,6,570.0,CR_lateral_area_12,CR_area_12l,Cortex,R,mapped,61.20312500000003,False,3917,0,0.0,,,,cm033,unaccepted
L6:mapped:571,6,571.0,CR_rostral_area_12,CR_area_12r,Cortex,R,mapped,88.03125000000004,False,5634,0,0.0,,,,cm033,unaccepted
L6:mapped:574,6,574.0,CR_area_45a,CR_area_45a,Cortex,R,mapped,90.45312500000004,False,5789,0,0.0,,,,cm033,unaccepted
L6:mapped:575,6,575.0,CR_area_45b,CR_area_45b,Cortex,R,mapped,75.09375000000003,False,4806,5,0.0010403662089055348,0.021273587210609173,0.03044270094307734,0.21210738935452256,cm033,unaccepted
L6:mapped:576,6,576.0,CR_area_44,CR_area_44,Cortex,R,mapped,49.35937500000002,False,3159,1,0.00031655587211142766,0.06693959202461346,0.06693959202461346,0.43689556914377004,cm033,unaccepted
L6:mapped:579,6,579.0,CR_primary_motor_cortex,CR_M1,Cortex,R,mapped,762.1250000000003,False,48776,31362,0.642980154174184,0.05008626559628709,0.0635988969930732,0.33965899866244487,cm033,unaccepted
L6:mapped:582,6,582.0,CR_caudal_dorsal_premotor_cortex,CR_PMdc,Cortex,R,mapped,687.1875000000003,False,43980,23256,0.5287858117326057,0.06931388658845211,0.0713661335415492,0.5143166276422393,cm033,unaccepted
L6:mapped:583,6,583.0,CR_rostral_dorsal_premotor_cortex,CR_PMdr,Cortex,R,mapped,80.56250000000004,False,5156,765,0.14837083010085336,0.07220548148890929,0.0454721959328461,0.39537642095879444,cm033,unaccepted
L6:mapped:585,6,585.0,CR_area_F4_of_ventral_premotor_cortex,CR_F4,Cortex,R,mapped,266.5937500000001,False,17062,16053,0.9408627359043489,-0.014244797269174922,0.009755128260869902,0.060322803533680525,cm033,unaccepted
L6:mapped:586,6,586.0,CR_area_F5_of_ventral_premotor_cortex,CR_F5,Cortex,R,mapped,434.01562500000017,False,27777,11426,0.41134751773049644,0.054608663922297296,0.052446272373880554,0.33695520475741003,cm033,unaccepted
L6:mapped:588,6,588.0,CR_presupplementary_motor_area,CR_preSMA,Cortex,R,mapped,115.06250000000006,False,7364,5500,0.7468766974470397,0.09765535613492995,0.10743582672618535,0.569624807844172,cm033,unaccepted
L6:mapped:589,6,589.0,CR_supplementary_motor_area,CR_SMA,Cortex,R,mapped,196.45312500000009,False,12573,7622,0.6062196770858188,0.1305374804689748,0.11066361037619715,0.5820372497304642,cm033,unaccepted
L6:mapped:593,6,593.0,CR_areas_3a_and_3b,CR_area_3a/b,Cortex,R,mapped,245.3906250000001,False,15705,15136,0.9637695001591849,-0.016433849532703895,0.03253754084115683,0.20902658891109532,cm033,unaccepted
L6:mapped:594,6,594.0,CR_areas_1-2,CR_areas_1-2,Cortex,R,mapped,655.2968750000003,False,41939,36277,0.8649943966236677,0.005022220551244671,0.011690286997146512,0.06918119830549763,cm033,unaccepted
L6:mapped:595,6,595.0,CR_secondary_somatosensory_cortex,CR_SII,Cortex,R,mapped,285.3125000000001,False,18260,17954,0.9832420591456736,-0.03607381529561167,-0.042165116876698196,-0.23794828535712922,cm033,unaccepted
L6:mapped:598,6,598.0,CR_visual_area_V6,CR_V6,Cortex,R,mapped,37.437500000000014,False,2396,2396,1.0,-0.09175923763489081,-0.16105569657409555,-0.4676864475663951,cm033,unaccepted
L6:mapped:600,6,600.0,CR_ventral_visual_area_6A,CR_V6Av,Cortex,R,mapped,34.000000000000014,False,2176,2176,1.0,0.18777057965042485,0.1481646001207768,0.5625455996273655,cm033,unaccepted
L6:mapped:601,6,601.0,CR_dorsal_visual_area_6A,CR_V6Ad,Cortex,R,mapped,24.10937500000001,False,1543,1543,1.0,0.2951400555207941,0.263980028164678,1.027474305613282,cm033,unaccepted
L6:mapped:604,6,604.0,CR_areas_PEc_and_PEci,CR_PEc/PEci,Cortex,R,mapped,149.70312500000006,False,9581,9450,0.9863271057300909,0.24247081406269977,0.2418776314439066,0.9371591115319882,cm033,unaccepted
L6:mapped:605,6,605.0,CR_area_PE,CR_PE,Cortex,R,mapped,102.78125000000004,False,6578,6345,0.9645788993615081,0.10271188313207094,0.09141681279214875,0.5762083977735106,cm033,unaccepted
L6:mapped:606,6,606.0,CR_area_PEa,CR_PEa,Cortex,R,mapped,194.45312500000009,False,12445,12432,0.9989554037766171,0.14471810177099423,0.1437387617595703,0.8134691364506479,cm033,unaccepted
L6:mapped:608,6,608.0,CR_medial_intraparietal_area,CR_MIP,Cortex,R,mapped,159.53125000000006,False,10210,10210,1.0,0.34976983086901275,0.33919328134530446,1.4405424017864272,cm033,unaccepted
L6:mapped:610,6,610.0,CR_ventral_intraparietal_area,CR_VIP,Cortex,R,mapped,119.62500000000006,False,7656,7656,1.0,0.1638098003875468,0.16751656868382303,0.9997505480630398,cm033,unaccepted
L6:mapped:611,6,611.0,CR_posterior_intraparietal_area,CR_PIP,Cortex,R,mapped,30.625000000000014,False,1960,1960,1.0,0.2506629725224377,0.21208919836559592,1.0282150806608272,cm033,unaccepted
L6:mapped:614,6,614.0,CR_anterior_intraparietal_area,CR_AIP,Cortex,R,mapped,42.20312500000002,False,2701,2701,1.0,-0.12091579412524017,-0.12598410178444844,-0.7752736164842923,cm033,unaccepted
L6:mapped:616,6,616.0,CR_dorsal_lateral_intraparietal_area,CR_LIPd,Cortex,R,mapped,158.54687500000006,False,10147,10071,0.9925101015078348,0.10731208963037082,0.08700601537166858,0.4612133302238441,cm033,unaccepted
L6:mapped:617,6,617.0,CR_ventral_lateral_intraparietal_area,CR_LIPv,Cortex,R,mapped,109.73437500000004,False,7023,7023,1.0,0.2376689284401816,0.2412575360129247,1.241239972243454,cm033,unaccepted
L6:mapped:618,6,618.0,CR_lateral_occipital_parietal_area,CR_LOP,Cortex,R,mapped,22.51562500000001,False,1441,1441,1.0,0.4586677357069366,0.46144280672687765,1.8204652080180732,cm033,unaccepted
L6:mapped:619,6,619.0,CR_medial_superior_temporal_area,CR_MST,Cortex,R,mapped,150.20312500000006,False,9613,9613,1.0,0.2739870686931728,0.26501213738387447,1.468962496575959,cm033,unaccepted
L6:mapped:622,6,622.0,CR_caudal_inferior_parietal_lobule_area_7a_(Opt/PG),CR_area_7a,Cortex,R,mapped,295.5781250000001,False,18917,18499,0.9779034730665539,0.11600183271073841,0.08395030665594409,0.551615360389877,cm033,unaccepted
L6:mapped:623,6,623.0,CR_rostral_inferior_parietal_lobule_area_7b_(PFG/PF),CR_area_7b,Cortex,R,mapped,97.59375000000004,False,6246,5534,0.8860070445084854,-0.12529156120134222,-0.14611588130674918,-0.895423769469516,cm033,unaccepted
L6:mapped:624,6,624.0,CR_parietal_operculum,CR_area_7op,Cortex,R,mapped,167.64062500000009,False,10729,10729,1.0,0.019329009625068682,0.04226788164188969,0.23581471522083447,cm033,unaccepted
L6:mapped:626,6,626.0,CR_area_7_(PGm)_on_the_medial_wall,CR_area_7m,Cortex,R,mapped,183.04687500000009,False,11715,11713,0.9998292787025181,0.10760088161728365,0.08916410226780003,0.32311358896205233,cm033,unaccepted
L6:mapped:629,6,629.0,CR_area_31,CR_area_31,Cortex,R,mapped,63.62500000000003,False,4072,4072,1.0,0.159325438142744,0.10655127629404881,0.45986231516321485,cm033,unaccepted
L6:mapped:631,6,631.0,CR_area_23a,CR_area_23a,Cortex,R,mapped,36.453125000000014,False,2333,2333,1.0,0.20874898283807247,0.18268944055311762,0.8496004924959497,cm033,unaccepted
L6:mapped:632,6,632.0,CR_area_23b,CR_area_23b,Cortex,R,mapped,115.29687500000006,False,7379,7379,1.0,0.1785643362631234,0.15044100318988846,0.6660900609640896,cm033,unaccepted
L6:mapped:633,6,633.0,CR_area_23c,CR_area_23c,Cortex,R,mapped,145.06250000000006,False,9284,9284,1.0,0.1265614478279355,0.1455221547200018,0.7533756131422288,cm033,unaccepted
L6:mapped:634,6,634.0,CR_area_v23,CR_area_v23,Cortex,R,mapped,103.89062500000004,False,6649,6643,0.9990976086629568,0.268744677044349,0.2745665119949638,1.2672999987582085,cm033,unaccepted
L6:mapped:636,6,636.0,CR_area_29,CR_area_29,Cortex,R,mapped,21.65625000000001,False,1386,1386,1.0,0.17236283382438242,0.1532329777067536,0.9349165584466839,cm033,unaccepted
L6:mapped:637,6,637.0,CR_area_30,CR_area_30,Cortex,R,mapped,23.14062500000001,False,1481,1481,1.0,0.17164533571037344,0.14352293463972388,0.8578088219909672,cm033,unaccepted
L6:mapped:650,6,650.0,CR_area_TFO,CR_TFO,Cortex,R,mapped,65.18750000000003,False,4172,671,0.1608341323106424,0.035091336863838134,0.026210000237107733,0.19612060598865466,cm033,unaccepted
L6:mapped:651,6,651.0,CR_area_TF,CR_TF,Cortex,R,mapped,73.56250000000003,False,4708,0,0.0,,,,cm033,unaccepted
L6:mapped:652,6,652.0,CR_area_TH,CR_TH,Cortex,R,mapped,4.437500000000002,False,284,0,0.0,,,,cm033,unaccepted
L6:mapped:656,6,656.0,CR_caudal_division_of_entorhinal_cortex,CR_EC,Cortex,R,mapped,41.98437500000002,False,2687,0,0.0,,,,cm033,unaccepted
L6:mapped:657,6,657.0,CR_caudal_limiting_division_of_entorhinal_cortex,CR_ECL,Cortex,R,mapped,8.687500000000004,False,556,0,0.0,,,,cm033,unaccepted
L6:mapped:658,6,658.0,CR_middle_entorhinal_cortex,CR_mid_ERh,Cortex,R,mapped,31.984375000000014,False,2047,3,0.0014655593551538837,-0.0013809482426027243,0.00440123033703412,0.004113261088201333,cm033,unaccepted
L6:mapped:659,6,659.0,CR_rostral_entorhinal_cortex,CR_rostral_ERh,Cortex,R,mapped,47.82812500000002,False,3061,99,0.03234237177393009,0.13484218020225847,0.13455170736817781,0.7479279469687952,cm033,unaccepted
L6:mapped:661,6,661.0,CR_area_35,CR_area_35,Cortex,R,mapped,34.593750000000014,False,2214,12,0.005420054200542005,0.13122186109379205,0.13078100091624278,0.8769545696473935,cm033,unaccepted
L6:mapped:663,6,663.0,CR_caudal_area_36,CR_area_36c,Cortex,R,mapped,53.96875000000002,False,3454,0,0.0,,,,cm033,unaccepted
L6:mapped:664,6,664.0,CR_rostral_and_polar_area_36,CR_area_36r/p,Cortex,R,mapped,61.18750000000003,False,3916,0,0.0,,,,cm033,unaccepted
L6:mapped:666,6,666.0,CR_agranular_temporal_pole,CR_TGa,Cortex,R,mapped,76.29687500000003,False,4883,0,0.0,,,,cm033,unaccepted
L6:mapped:669,6,669.0,CR_dorsal_dysgranular_temporal_pole,CR_TGdd,Cortex,R,mapped,70.73437500000003,False,4527,0,0.0,,,,cm033,unaccepted
L6:mapped:670,6,670.0,CR_ventral_dysgranular_temporal_pole,CR_TGvd,Cortex,R,mapped,21.12500000000001,False,1352,0,0.0,,,,cm033,unaccepted
L6:mapped:672,6,672.0,CR_dorsal_granular_temporal_pole,CR_TGdg,Cortex,R,mapped,52.21875000000002,False,3342,299,0.08946738479952124,-0.07666289490556362,-0.06490503728132418,-0.5246702092427944,cm033,unaccepted
L6:mapped:673,6,673.0,CR_ventral_granular_temporal_pole,CR_TGvg,Cortex,R,mapped,16.859375000000007,False,1079,0,0.0,,,,cm033,unaccepted
L6:mapped:674,6,674.0,CR_sts_part_of_temporal_pole,CR_TGsts,Cortex,R,mapped,78.28125000000003,False,5010,231,0.04610778443113772,-0.07560259414068754,-0.09510647531706173,-0.7808392231240336,cm033,unaccepted
L6:mapped:676,6,676.0,CR_area_TEO,CR_TEO,Cortex,R,mapped,284.3437500000001,False,18198,340,0.0186833717990988,0.010032688497415357,0.023274574848164975,0.180282661835539,cm033,unaccepted
L6:mapped:680,6,680.0,CR_posterior_ventral_area_TE,CR_TEpv,Cortex,R,mapped,206.85937500000009,False,13239,0,0.0,,,,cm033,unaccepted
L6:mapped:681,6,681.0,CR_posterior_dorsal_area_TE,CR_TEpd,Cortex,R,mapped,248.0312500000001,False,15874,0,0.0,,,,cm033,unaccepted
L6:mapped:683,6,683.0,CR_anterior_ventral_area_TE,CR_TEav,Cortex,R,mapped,255.0781250000001,False,16325,16,0.0009800918836140888,-0.005211716910756321,-0.0025776706043304787,-0.023016377599687922,cm033,unaccepted
L6:mapped:684,6,684.0,CR_anterior_dorsal_area_TE,CR_TEad,Cortex,R,mapped,164.34375000000009,False,10518,198,0.018824871648602397,-0.018150027657044453,-0.014675117700647977,-0.1127731670479949,cm033,unaccepted
L6:mapped:686,6,686.0,CR_area_TEm,CR_TEm,Cortex,R,mapped,212.89062500000009,False,13625,1459,0.10708256880733945,0.042488852254742554,0.03375170083911955,0.28998832006977704,cm033,unaccepted
L6:mapped:687,6,687.0,CR_area_TEa,CR_TEa,Cortex,R,mapped,88.18750000000004,False,5644,958,0.16973777462792347,0.040434813023351626,0.03685752624636154,0.3168788676402833,cm033,unaccepted
L6:mapped:690,6,690.0,CR_area_IPa,CR_IPa,Cortex,R,mapped,200.31250000000009,False,12820,2726,0.21263650546021842,0.07580827170538805,0.07448052343344908,0.6061984024957237,cm033,unaccepted
L6:mapped:691,6,691.0,CR_area_PGa,CR_PGa,Cortex,R,mapped,132.50000000000006,False,8480,5987,0.7060141509433963,0.08290795325127272,0.056835016371173525,0.3674690671264716,cm033,unaccepted
L6:mapped:692,6,692.0,CR_floor_of_the_superior_temporal_area,CR_FST,Cortex,R,mapped,92.34375000000004,False,5910,4046,0.6846023688663283,0.03511534154518525,0.020955275518131575,0.11225000417095546,cm033,unaccepted
L6:mapped:696,6,696.0,CR_temporal_parietooccipital_associated_area,CR_TPO,Cortex,R,mapped,280.6406250000001,False,17961,6105,0.3399031234341072,0.09142853594100495,0.07005300421150269,0.5184833327015431,cm033,unaccepted
L6:mapped:697,6,697.0,CR_area_TAa,CR_TAa,Cortex,R,mapped,171.23437500000009,False,10959,1179,0.10758280865042431,0.02017183216698838,0.04378329687477271,0.3528301480273135,cm033,unaccepted
L6:mapped:698,6,698.0,CR_rostral_superior_temporal_gyrus,CR_STGr,Cortex,R,mapped,141.93750000000006,False,9084,2064,0.22721268163804492,0.03210711931387702,0.05769141833215852,0.370184181200685,cm033,unaccepted
L6:mapped:700,6,700.0,CR_temporo-parietal_area,CR_Tpt,Cortex,R,mapped,97.45312500000004,False,6237,6214,0.996312329645663,0.19867153093669343,0.19745695264673768,1.2324320912221707,cm033,unaccepted
L6:mapped:702,6,702.0,CR_caudal_parabelt_region,CR_CPB,Cortex,R,mapped,91.32812500000004,False,5845,839,0.1435414884516681,0.08696255542093052,0.08419352120503856,0.6045673192189575,cm033,unaccepted
L6:mapped:703,6,703.0,CR_rostral_parabelt_region,CR_RPB,Cortex,R,mapped,71.53125000000003,False,4578,1134,0.24770642201834864,0.07525265292172538,0.07959456521683383,0.6181368175481736,cm033,unaccepted
L6:mapped:708,6,708.0,CR_caudal_lateral_belt_region,CR_CL,Cortex,R,mapped,27.81250000000001,False,1780,1738,0.9764044943820225,0.11700236042732555,0.10804892089122206,0.6042319353496972,cm033,unaccepted
L6:mapped:709,6,709.0,CR_middle_lateral_belt_region,CR_ML,Cortex,R,mapped,35.328125000000014,False,2261,2065,0.913312693498452,0.14560159571129333,0.12377497372103358,0.808251689879743,cm033,unaccepted
L6:mapped:711,6,711.0,CR_anterior_lateral_belt_region,CR_AL,Cortex,R,mapped,93.21875000000004,False,5966,5619,0.941837076768354,0.14971374441618934,0.16670638855776995,1.2203334523659857,cm033,unaccepted
L6:mapped:712,6,712.0,CR_lateral_rostrotemporal_belt_region,CR_RTL,Cortex,R,mapped,32.531250000000014,False,2082,1821,0.8746397694524496,0.1860558821647263,0.17825023101138793,1.2525914848167838,cm033,unaccepted
L6:mapped:714,6,714.0,CR_caudomedial_belt_region,CR_CM,Cortex,R,mapped,60.00000000000003,False,3840,3840,1.0,0.13003719379650538,0.13402362187947164,0.7715519540058914,cm033,unaccepted
L6:mapped:716,6,716.0,CR_rostromedial_belt_region,CR_RM,Cortex,R,mapped,47.87500000000002,False,3064,2577,0.8410574412532638,0.04292851089352717,0.04248056938279436,0.2887458448304604,cm033,unaccepted
L6:mapped:717,6,717.0,CR_medial_rostrotemporal_belt_region,CR_RTM,Cortex,R,mapped,20.10937500000001,False,1287,135,0.1048951048951049,0.041202417498460986,0.032087514598637276,0.2698220550220306,cm033,unaccepted
L6:mapped:718,6,718.0,CR_polar_rostrotemporal_cortex,CR_RTp,Cortex,R,mapped,28.031250000000014,False,1794,141,0.07859531772575251,-0.039041343339860146,-0.0349757132996647,-0.2846119785062488,cm033,unaccepted
L6:mapped:721,6,721.0,CR_rostral_core_region,CR_R,Cortex,R,mapped,53.67187500000002,False,3435,3428,0.997962154294032,0.08843083052618374,0.08368647491886275,0.6029589381563891,cm033,unaccepted
L6:mapped:722,6,722.0,CR_rostrotemporal_core_region,CR_RT,Cortex,R,mapped,16.062500000000007,False,1028,708,0.688715953307393,0.023312068908378867,0.027085220490967857,0.20369753927413098,cm033,unaccepted
L6:mapped:723,6,723.0,CR_primary_auditory_cortex,CR_AI,Cortex,R,mapped,89.50000000000004,False,5728,5647,0.9858589385474861,0.12207155233266483,0.11184006480983587,0.6432057216016527,cm033,unaccepted
L6:mapped:726,6,726.0,CR_parainsula,CR_Pi,Cortex,R,mapped,27.28125000000001,False,1746,646,0.3699885452462772,0.14347740107871154,0.14342281835729434,1.0177142433322928,cm033,unaccepted
L6:mapped:728,6,728.0,CR_agranular_and_dysgranular_insula,CR_Ia/Id,Cortex,R,mapped,164.56250000000009,False,10532,9870,0.9371439422711736,0.06808915803048249,0.07381469620028253,0.4822754748419599,cm033,unaccepted
L6:mapped:729,6,729.0,CR_granular_insula,CR_Ig,Cortex,R,mapped,96.34375000000004,False,6166,6166,1.0,-0.045607559375477516,-0.026768501493315684,-0.1472238053888445,cm033,unaccepted
L6:mapped:730,6,730.0,CR_retroinsula,CR_Ri,Cortex,R,mapped,15.109375000000007,False,967,967,1.0,0.14401765085116358,0.1546299568100038,0.7777402562777145,cm033,unaccepted
L6:mapped:732,6,732.0,CR_middle_temporal_area,CR_MT,Cortex,R,mapped,94.67187500000004,False,6059,5806,0.9582439346426803,0.28664659346413496,0.2416207716180552,1.4403180658057568,cm033,unaccepted
L6:mapped:735,6,735.0,CR_dorsal_visual_area_4,CR_V4d,Cortex,R,mapped,466.4218750000002,False,29851,17720,0.5936149542728887,0.16218891726361442,0.13573477795034755,0.7423602724873706,cm033,unaccepted
L6:mapped:736,6,736.0,CR_ventral_visual_area_4,CR_V4v,Cortex,R,mapped,298.5625000000001,False,19108,0,0.0,,,,cm033,unaccepted
L6:mapped:740,6,740.0,CR_visual_area_V3A,CR_V3A,Cortex,R,mapped,139.21875000000006,False,8910,8786,0.9860830527497194,0.2700036318868133,0.2733548546167348,1.2924287169539874,cm033,unaccepted
L6:mapped:741,6,741.0,CR_dorsal_visual_area_3,CR_V3d,Cortex,R,mapped,151.98437500000006,False,9727,8947,0.9198108358178266,0.2598667650508283,0.19708234513393758,1.1627866826560782,cm033,unaccepted
L6:mapped:742,6,742.0,CR_ventral_visual_area_3,CR_V3v,Cortex,R,mapped,224.7968750000001,False,14387,2073,0.1440884131507611,0.02875610898265775,0.00844239645786336,0.08770793850177033,cm033,unaccepted
L6:mapped:744,6,744.0,CR_possibly_part_of_visual_area_2,CR_possibly_V2,Cortex,R,mapped,30.281250000000014,False,1938,1938,1.0,0.1532337167592685,0.15665200408804597,0.7636687550202249,cm033,unaccepted
L6:mapped:745,6,745.0,CR_clearly_part_of_visual_area_2,CR_clearly_V2,Cortex,R,mapped,1545.0937500000007,False,98886,64848,0.6557854499120199,0.12731685209974242,0.09264291910400553,0.4902513404716672,cm033,unaccepted
L6:mapped:746,6,746.0,CR_primary_visual_cortex,CR_V1,Cortex,R,mapped,1965.546875000001,False,125795,77498,0.6160658213760484,0.10186594816177905,0.08950229490882698,0.4543318278797964,cm033,unaccepted
L6:mapped:1004,6,1004.0,SL_claustrum,SL_Cl,Subcortex,L,mapped,255.1562500000001,False,16330,10674,0.6536436007348438,-0.03391562263931997,-0.013772061739156058,-0.0853076642147634,cm033,unaccepted
L6:mapped:1007,6,1007.0,SL_dorsal_endopiriform_claustrum,SL_DEn,Subcortex,L,mapped,14.203125000000007,False,909,121,0.1331133113311331,-0.07033451736440277,-0.07418206027959198,-0.5751731561261988,cm033,unaccepted
L6:mapped:1008,6,1008.0,SL_ventral_endopiriform_claustrum,SL_VEn,Subcortex,L,mapped,9.515625000000004,False,609,15,0.024630541871921183,-0.059725253866546875,-0.061995420676290325,-0.521337258497045,cm033,unaccepted
L6:mapped:1009,6,1009.0,SL_piriform_cortex,SL_Pir,Subcortex,L,mapped,30.796875000000014,False,1971,0,0.0,,,,cm033,unaccepted
L6:mapped:1014,6,1014.0,SL_dentate_gyrus_anterior,SL_DGA,Subcortex,L,mapped,91.18750000000004,False,5836,150,0.02570253598355038,-0.10146638700452217,-0.07268163034736777,-0.6455533167742273,cm033,unaccepted
L6:mapped:1015,6,1015.0,SL_CA1_3_anterior,SL_CAA,Subcortex,L,mapped,180.68750000000009,False,11564,779,0.06736423382912488,-0.1848366146610463,-0.1668133837482418,-1.3874023053759783,cm033,unaccepted
L6:mapped:1016,6,1016.0,SL_subicular_complex_anterior,SL_SA,Subcortex,L,mapped,81.28125000000004,False,5202,126,0.02422145328719723,-0.1235543187474369,-0.09460849227161212,-0.7911724561509881,cm033,unaccepted
L6:mapped:1019,6,1019.0,SL_dentate_gyrus_posterior,SL_DGP,Subcortex,L,mapped,26.17187500000001,False,1675,435,0.25970149253731345,-0.019094848604790694,-0.019009808603507507,-0.15178168931739183,cm033,unaccepted
L6:mapped:1020,6,1020.0,SL_CA1_3_posterior,SL_CAP,Subcortex,L,mapped,88.10937500000004,False,5639,2160,0.3830466394750842,-0.05417681599160943,-0.03762043569209889,-0.23831081033659368,cm033,unaccepted
L6:mapped:1021,6,1021.0,SL_subicular_complex_posterior,SL_SP,Subcortex,L,mapped,52.06250000000002,False,3332,2022,0.6068427370948379,0.021738351089701378,-0.017306600126010922,-0.12778383673012153,cm033,unaccepted
L6:mapped:1022,6,1022.0,SL_fimbria,SL_fi,Subcortex,L,mapped,12.593750000000005,False,806,806,1.0,0.0973641354064841,0.08471621097148765,0.5983745898758879,cm033,unaccepted
L6:mapped:1023,6,1023.0,SL_fornix,SL_f,Subcortex,L,mapped,43.40625000000002,False,2778,2775,0.9989200863930886,0.259807624078662,0.25500893953348486,1.3273952022769524,cm033,unaccepted
L6:mapped:1027,6,1027.0,SL_basomedial_amygdaloid_nucleus,SL_BM,Subcortex,L,mapped,47.84375000000002,False,3062,0,0.0,,,,cm033,unaccepted
L6:mapped:1028,6,1028.0,SL_ventral_cortical_amygdaloid_nucleus,SL_VCo,Subcortex,L,mapped,22.76562500000001,False,1457,0,0.0,,,,cm033,unaccepted
L6:mapped:1029,6,1029.0,SL_amygdalohippocampal_area,SL_AHi,Subcortex,L,mapped,17.203125000000007,False,1101,0,0.0,,,,cm033,unaccepted
L6:mapped:1032,6,1032.0,SL_lateral_dorsal_amygdaloid_nucleus,SL_LaD,Subcortex,L,mapped,22.29687500000001,False,1427,732,0.5129642606867554,-0.14255908050986582,-0.14284988003301488,-1.1120701943996822,cm033,unaccepted
L6:mapped:1033,6,1033.0,SL_lateral_ventral_amygdaloid_nucleus,SL_LaV,Subcortex,L,mapped,18.531250000000007,False,1186,1039,0.8760539629005059,-0.12767397463547805,-0.1283276892110397,-0.941444471813799,cm033,unaccepted
L6:mapped:1034,6,1034.0,SL_amygdalopiriform_transition_area,SL_APir,Subcortex,L,mapped,27.85937500000001,False,1783,0,0.0,,,,cm033,unaccepted
L6:mapped:1036,6,1036.0,SL_basolateral_dorsal_amygdaloid_nucleus,SL_BLD,Subcortex,L,mapped,14.546875000000007,False,931,99,0.10633727175080558,-0.06755301627867952,-0.0598297564326145,-0.5306993633201726,cm033,unaccepted
L6:mapped:1037,6,1037.0,SL_basolateral_intermediate_amygdaloid_nucleus,SL_BLI,Subcortex,L,mapped,13.343750000000005,False,854,178,0.20843091334894615,-0.028072329907677517,-0.028994506187025877,-0.2570680666746086,cm033,unaccepted
L6:mapped:1038,6,1038.0,SL_basolateral_ventral_amygdaloid_nucleus,SL_BLV,Subcortex,L,mapped,19.656250000000007,False,1258,172,0.13672496025437203,-0.02914003483264598,-0.021795110945216176,-0.18460430829937785,cm033,unaccepted
L6:mapped:1039,6,1039.0,SL_paralaminar_amygdaloid_nucleus,SL_PaL,Subcortex,L,mapped,13.750000000000005,False,880,80,0.09090909090909091,-0.03103385608451441,-0.04044867063317438,-0.34730752951525184,cm033,unaccepted
L6:mapped:1042,6,1042.0,SL_central_amygdaloid_nucleus,SL_Ce,Subcortex,L,mapped,13.843750000000005,False,886,671,0.7573363431151241,-0.23555112665550654,-0.22716900001519663,-1.643090286274222,cm033,unaccepted
L6:mapped:1044,6,1044.0,SL_medial_amygdaloid_nucleus,SL_Me,Subcortex,L,mapped,16.984375000000007,False,1087,192,0.1766329346826127,-0.1445322138333673,-0.15476586380972535,-1.0942262529806879,cm033,unaccepted
L6:mapped:1045,6,1045.0,SL_anterior_amygdaloid_area,SL_AA,Subcortex,L,mapped,23.73437500000001,False,1519,99,0.065174456879526,-0.04727811018248819,-0.0426116719252131,-0.3583769708082359,cm033,unaccepted
L6:mapped:1047,6,1047.0,SL_extended_amygdala,SL_EA,Subcortex,L,mapped,9.140625000000004,False,585,30,0.05128205128205128,-0.07653562489034144,-0.07452626639129883,-0.36140439820212245,cm033,unaccepted
L6:mapped:1048,6,1048.0,SL_posterior_interstitial_nucleus,SL_IPAC,Subcortex,L,mapped,4.906250000000002,False,314,6,0.01910828025477707,-0.013117929052051856,-0.014597490670802056,-0.10332266411052005,cm033,unaccepted
L6:mapped:1049,6,1049.0,SL_intraamygdaloid_stria_terminalis,SL_STIA,Subcortex,L,mapped,15.593750000000007,False,998,20,0.02004008016032064,-0.11092121215318403,-0.11225036944985087,-0.8102296790568138,cm033,unaccepted
L6:mapped:1054,6,1054.0,SL_caudate_head,SL_CdH,Subcortex,L,mapped,566.5156250000002,False,36257,30346,0.8369694128030449,0.06122981531507334,0.05796123703587573,0.3088516825068714,cm033,unaccepted
L6:mapped:1055,6,1055.0,SL_caudate_tail,SL_CdT,Subcortex,L,mapped,83.04687500000004,False,5315,2986,0.5618062088428974,-0.06597188607204492,-0.058390629464086956,-0.3930233426191956,cm033,unaccepted
L6:mapped:1056,6,1056.0,SL_putamen,SL_Pu,Subcortex,L,mapped,895.1093750000003,False,57287,39062,0.6818649955487284,-0.11151385489192321,-0.10827406640249973,-0.5836555330081146,cm033,unaccepted
L6:mapped:1057,6,1057.0,SL_amygdalostriatal_transition,SL_ASt,Subcortex,L,mapped,33.812500000000014,False,2164,1809,0.8359519408502772,-0.26752300818539787,-0.27503240920092115,-1.9276207276624775,cm033,unaccepted
L6:mapped:1058,6,1058.0,SL_internal_capsule,SL_ic,Subcortex,L,mapped,230.7343750000001,False,14767,12991,0.8797318344958354,-0.2292596119824323,-0.24083142805662336,-1.0831750778214448,cm033,unaccepted
L6:mapped:1060,6,1060.0,SL_accumbens,SL_Acb,Subcortex,L,mapped,94.96875000000004,False,6078,9,0.0014807502467917078,0.09776541805121143,0.0913797009079616,0.5146297247822523,cm033,unaccepted
L6:mapped:1061,6,1061.0,SL_olfactory_tubercule,SL_Tu,Subcortex,L,mapped,18.234375000000007,False,1167,0,0.0,,,,cm033,unaccepted
L6:mapped:1064,6,1064.0,SL_external_globus_pallidus,SL_EGP,Subcortex,L,mapped,150.71875000000006,False,9646,8745,0.9065934065934066,-0.15405685639499977,-0.186594028726631,-1.1358173035212982,cm033,unaccepted
L6:mapped:1065,6,1065.0,SL_internal_globus_pallidus,SL_IGP,Subcortex,L,mapped,82.67187500000004,False,5291,4157,0.7856737856737857,-0.043384088237554595,-0.06231897577591012,-0.4213963025313177,cm033,unaccepted
L6:mapped:1066,6,1066.0,SL_ansa_lenticularis,SL_al,Subcortex,L,mapped,6.375000000000003,False,408,408,1.0,0.3081501872502206,0.3361741186745195,1.82063269930212,cm033,unaccepted
L6:mapped:1067,6,1067.0,SL_anterior_commissure,SL_ac,Subcortex,L,mapped,77.82812500000003,False,4981,929,0.1865087331861072,-0.09418525837632166,-0.09967792809506143,-0.5726686617067146,cm033,unaccepted
L6:mapped:1068,6,1068.0,SL_ventral_pallidum,SL_VP,Subcortex,L,mapped,21.00000000000001,False,1344,26,0.019345238095238096,-0.1441005766822545,-0.14098661716911204,-0.6815925516917734,cm033,unaccepted
L6:mapped:1071,6,1071.0,SL_peri-basal_region,SL_PeB,Subcortex,L,mapped,12.453125000000005,False,797,0,0.0,,,,cm033,unaccepted
L6:mapped:1072,6,1072.0,SL_basal_nucleus,SL_B,Subcortex,L,mapped,25.54687500000001,False,1635,773,0.472782874617737,-0.16556496598424178,-0.15980029722903338,-1.162877429098236,cm033,unaccepted
L6:mapped:1073,6,1073.0,SL_bed_nucleus_of_the_stria_terminalis,SL_ST,Subcortex,L,mapped,42.00000000000002,False,2688,1784,0.6636904761904762,-0.22034990614098385,-0.24519151033447156,-1.0907311688465295,cm033,unaccepted
L6:mapped:1075,6,1075.0,SL_septimbrial_nucleus,SL_SFi,Subcortex,L,mapped,11.359375000000005,False,727,727,1.0,0.21725478664196163,0.23671600196225856,1.0013632851828498,cm033,unaccepted
L6:mapped:1076,6,1076.0,SL_septum_diagonal_band,SL_SDB,Subcortex,L,mapped,91.34375000000004,False,5846,2841,0.4859733150872391,0.02066416813398557,-0.01334234702536739,-0.06889044272295439,cm033,unaccepted
L6:mapped:1078,6,1078.0,SL_optic_tract,SL_opt,Subcortex,L,mapped,151.82812500000006,False,9717,899,0.09251826695482145,0.11112093964029755,0.10892389710326528,0.5864595832643442,cm033,unaccepted
L6:mapped:1080,6,1080.0,SL_preoptic_area,SL_PO,Subcortex,L,mapped,21.90625000000001,False,1402,0,0.0,,,,cm033,unaccepted
L6:mapped:1081,6,1081.0,SL_lamina_terminalis,SL_LTer-VOLT,Subcortex,L,mapped,0.9375000000000004,False,60,0,0.0,,,,cm033,unaccepted
L6:mapped:1086,6,1086.0,SL_paraventricular_hypothalamus,SL_Pa,Subcortex,L,mapped,10.812500000000005,False,692,525,0.7586705202312138,0.008385989525433101,0.00030921519291112615,0.06334526280745748,cm033,unaccepted
L6:mapped:1088,6,1088.0,SL_ventromedial_hypothalamic_nucleus,SL_VMH,Subcortex,L,mapped,16.000000000000007,False,1024,42,0.041015625,-0.02983679482989644,-0.012297600472705814,-0.07044738645840533,cm033,unaccepted
L6:mapped:1089,6,1089.0,SL_medial_eminence,SL_MEm,Subcortex,L,mapped,3.7187500000000018,False,238,0,0.0,,,,cm033,unaccepted
L6:mapped:1090,6,1090.0,SL_arcuate_nucleus,SL_Arc,Subcortex,L,mapped,9.687500000000004,False,620,0,0.0,,,,cm033,unaccepted
L6:mapped:1092,6,1092.0,SL_supraoptic_hypothalamus,SL_SOpt,Subcortex,L,mapped,1.2968750000000007,False,83,0,0.0,,,,cm033,unaccepted
L6:mapped:1093,6,1093.0,SL_anterior_hypothalamic_area,SL_AH,Subcortex,L,mapped,8.609375000000004,False,551,27,0.04900181488203267,0.05339088276023355,0.05059329950899806,0.3864330692768427,cm033,unaccepted
L6:mapped:1094,6,1094.0,SL_dorsal_medial_hypothalamic_nucleus,SL_DM,Subcortex,L,mapped,4.875000000000002,False,312,86,0.27564102564102566,0.12472576905387328,0.12228743541458964,0.8750317521061528,cm033,unaccepted
L6:mapped:1096,6,1096.0,SL_lateral_hypothalamic_area,SL_LH,Subcortex,L,mapped,17.156250000000007,False,1098,71,0.06466302367941712,-0.22297686473466982,-0.2349753851583241,-1.1306711929782427,cm033,unaccepted
L6:mapped:1097,6,1097.0,SL_juxtaparaventricular_lateral_hypothalamus,SL_JPLH,Subcortex,L,mapped,3.4375000000000013,False,220,209,0.95,-0.1715146868751246,-0.1868317760993822,-0.8747396094314553,cm033,unaccepted
L6:mapped:1098,6,1098.0,SL_peduncular_lateral_hypothalamus,SL_PLH,Subcortex,L,mapped,56.84375000000003,False,3638,2881,0.7919186366135239,0.17126244172009733,0.18277648078824418,0.9724707358538791,cm033,unaccepted
L6:mapped:1099,6,1099.0,SL_subthalamic_nucleus,SL_STh,Subcortex,L,mapped,22.20312500000001,False,1421,1421,1.0,0.043208426683165616,-0.01859651418331066,-0.15260038703880985,cm033,unaccepted
L6:mapped:1102,6,1102.0,SL_posterior_hypothalamic_nucleus,SL_PH,Subcortex,L,mapped,21.87500000000001,False,1400,1378,0.9842857142857143,0.18148626049048355,0.1710405495991288,0.961514940127434,cm033,unaccepted
L6:mapped:1104,6,1104.0,SL_prefornical_hypothalamus,SL_PeF,Subcortex,L,mapped,1.3906250000000007,False,89,74,0.8314606741573034,-0.15459659553516875,-0.151870784733997,-0.9016859714257051,cm033,unaccepted
L6:mapped:1106,6,1106.0,SL_retromammillary_hypothalamus,SL_RM,Subcortex,L,mapped,3.5000000000000018,False,224,224,1.0,0.01177682819621112,0.07672167144635383,0.48537587367534796,cm033,unaccepted
L6:mapped:1107,6,1107.0,SL_mammillary_hypothalamus,SL_MM,Subcortex,L,mapped,10.078125000000005,False,645,261,0.4046511627906977,-0.04204724194900036,-0.052235669508644604,-0.29297121604946097,cm033,unaccepted
L6:mapped:1109,6,1109.0,SL_anterior_pituitary,SL_APit,Subcortex,L,mapped,29.906250000000014,False,1914,0,0.0,,,,cm033,unaccepted
L6:mapped:1110,6,1110.0,SL_posterior_pituitary,SL_PPit,Subcortex,L,mapped,14.390625000000007,False,921,0,0.0,,,,cm033,unaccepted
L6:mapped:1112,6,1112.0,SL_zona_incerta_and_lenticular_fascicles,SL_ZI-H,Subcortex,L,mapped,37.375000000000014,False,2392,2392,1.0,0.22418004200350067,0.21665070047598686,1.2142155673860717,cm033,unaccepted
L6:mapped:1114,6,1114.0,SL_reticular_thalamus,SL_Rt,Subcortex,L,mapped,68.90625000000003,False,4410,4410,1.0,0.0316814830725237,0.01828350440747472,0.11386472806178963,cm033,unaccepted
L6:mapped:1117,6,1117.0,SL_anterior_thalamus,SL_A,Subcortex,L,mapped,17.796875000000007,False,1139,1139,1.0,0.20525715335697756,0.22538350876300137,1.0040470884156507,cm033,unaccepted
L6:mapped:1118,6,1118.0,SL_capsule_of_the_antherior_thalamus,SL_caps,Subcortex,L,mapped,5.078125000000003,False,325,325,1.0,0.189928508307914,0.18226242877107385,0.8748850731662883,cm033,unaccepted
L6:mapped:1120,6,1120.0,SL_centrolateral_and_paracentral_thalamus,SL_CL-PC,Subcortex,L,mapped,36.468750000000014,False,2334,2334,1.0,0.21154981834164058,0.21885501644553673,1.1363817938937442,cm033,unaccepted
L6:mapped:1121,6,1121.0,SL_centromedial-parafascicular_thalamus,SL_CMn-PF,Subcortex,L,mapped,50.56250000000002,False,3236,3236,1.0,0.1443661847901202,0.1274731259223857,0.7974743791352228,cm033,unaccepted
L6:mapped:1123,6,1123.0,SL_subparafascicular_nucleus,SL_SPFPC,Subcortex,L,mapped,8.187500000000004,False,524,524,1.0,0.1489748994066439,0.16037697272936347,1.0105949615589633,cm033,unaccepted
L6:mapped:1124,6,1124.0,SL_supra_geniculate,SL_SG,Subcortex,L,mapped,1.7343750000000007,False,111,111,1.0,0.21314938225401234,0.21962899802990016,1.4641599849848406,cm033,unaccepted
L6:mapped:1125,6,1125.0,SL_limitans_thalamus,SL_Lim,Subcortex,L,mapped,9.593750000000004,False,614,614,1.0,0.18482657467888777,0.18426957941760136,1.1478441710894165,cm033,unaccepted
L6:mapped:1126,6,1126.0,SL_mediodorsal_thalamus,SL_MD,Subcortex,L,mapped,78.81250000000003,False,5044,5044,1.0,0.15364203511044447,0.149864919041357,0.8020463212474337,cm033,unaccepted
L6:mapped:1128,6,1128.0,SL_intermediodorsal_thalamus,SL_IMD,Subcortex,L,mapped,11.781250000000005,False,754,754,1.0,0.1445015110008526,0.1598662260563347,0.8699266369337291,cm033,unaccepted
L6:mapped:1129,6,1129.0,SL_paratenial-paraventral-thalamus,SL_PT-PV-sm,Subcortex,L,mapped,18.781250000000007,False,1202,1202,1.0,0.23507715841937285,0.23498622703852395,1.1037720772828998,cm033,unaccepted
L6:mapped:1130,6,1130.0,SL_paraventricular_posterior_thalamus,SL_PVP,Subcortex,L,mapped,1.9218750000000009,False,123,123,1.0,0.2588301090420009,0.25711466319874865,1.3861676090594521,cm033,unaccepted
L6:mapped:1131,6,1131.0,SL_paraventricular_anterior_thalamus,SL_PVA,Subcortex,L,mapped,2.6562500000000013,False,170,170,1.0,-0.03429030550218282,-0.02280373792525494,-0.1283572376730312,cm033,unaccepted
L6:mapped:1132,6,1132.0,SL_interanteromedial_thalamus,SL_IAM,Subcortex,L,mapped,4.687500000000002,False,300,300,1.0,0.13647016255535246,0.09634073757036456,0.5227001250938053,cm033,unaccepted
L6:mapped:1133,6,1133.0,SL_central_medial_thalamus,SL_CM,Subcortex,L,mapped,12.453125000000005,False,797,797,1.0,0.2382230610250958,0.24122609510408421,1.297933605924041,cm033,unaccepted
L6:mapped:1134,6,1134.0,SL_Reuniens-rhomboid-xiphoid_thalamus,SL_Re-Rh-Xi,Subcortex,L,mapped,18.937500000000007,False,1212,1212,1.0,0.31846437038710845,0.36436663977829803,1.7075716535880823,cm033,unaccepted
L6:mapped:1137,6,1137.0,SL_ventral_anterior_thalamus,SL_VA,Subcortex,L,mapped,48.87500000000002,False,3128,3128,1.0,0.1001175111290003,0.08582879835161548,0.41909406146297057,cm033,unaccepted
L6:mapped:1138,6,1138.0,SL_ventral_lateral_anterior_thalamus,SL_VLA,Subcortex,L,mapped,46.85937500000002,False,2999,2999,1.0,0.017092127897525625,-0.014079392612338378,-0.05436827093265528,cm033,unaccepted
L6:mapped:1140,6,1140.0,SL_ventral_lateral_x_thalamus,SL_VLX,Subcortex,L,mapped,11.500000000000005,False,736,736,1.0,0.18864446110863722,0.18600312337245145,0.9384765593101296,cm033,unaccepted
L6:mapped:1141,6,1141.0,SL_ventral_lateral_posteroventral_thalamus,SL_VLPV,Subcortex,L,mapped,65.56250000000003,False,4196,4196,1.0,0.18217904130216278,0.16720765099993956,0.9466927459255565,cm033,unaccepted
L6:mapped:1142,6,1142.0,SL_ventral_lateral_posterodorsal_thalamus,SL_VLPD,Subcortex,L,mapped,30.421875000000014,False,1947,1947,1.0,0.005897623989487911,0.009632604844710797,0.055355197863129924,cm033,unaccepted
L6:mapped:1144,6,1144.0,SL_ventroposterior_medial_and_lateral_thalamus,SL_VPM-VPL,Subcortex,L,mapped,44.14062500000002,False,2825,2825,1.0,0.1157416006134561,0.1251631911072986,0.7748281151873064,cm033,unaccepted
L6:mapped:1145,6,1145.0,SL_ventromedial_posterior+basal_thalamus,SL_VMPo-VMB,Subcortex,L,mapped,11.859375000000005,False,759,759,1.0,0.1243879085956688,0.12032595643467538,0.8047229194716482,cm033,unaccepted
L6:mapped:1146,6,1146.0,SL_ventroposterior_inferior_thalamus,SL_VPI,Subcortex,L,mapped,11.250000000000005,False,720,720,1.0,0.17621426169083446,0.1874588460062246,1.2671929560262505,cm033,unaccepted
L6:mapped:1147,6,1147.0,SL_ventral_medial_thalamus,SL_VM,Subcortex,L,mapped,20.95312500000001,False,1341,1341,1.0,0.3202583716628648,0.3328479841760718,1.791458575240282,cm033,unaccepted
L6:mapped:1149,6,1149.0,SL_lateral_posterior_thalamus,SL_LP,Subcortex,L,mapped,21.60937500000001,False,1383,1383,1.0,0.13390790121008533,0.1383054426679085,0.7806737730305678,cm033,unaccepted
L6:mapped:1150,6,1150.0,SL_lateral_dorsal_thalamus,SL_LD,Subcortex,L,mapped,4.328125000000002,False,277,277,1.0,0.16108529089102291,0.17368153682759996,0.9011439127494004,cm033,unaccepted
L6:mapped:1152,6,1152.0,SL_anterior_pulvinar,SL_APul,Subcortex,L,mapped,49.37500000000002,False,3160,3160,1.0,0.09214534868323458,0.09809270884876192,0.5950617730198109,cm033,unaccepted
L6:mapped:1153,6,1153.0,SL_medial_pulvinar,SL_MPul,Subcortex,L,mapped,44.68750000000002,False,2860,2860,1.0,0.19092079553038263,0.19132074103972196,0.9353509248739089,cm033,unaccepted
L6:mapped:1154,6,1154.0,SL_lateral_pulvinar,SL_LPul,Subcortex,L,mapped,31.859375000000014,False,2039,2039,1.0,0.11946932700667043,0.08989488390866915,0.6054170909277514,cm033,unaccepted
L6:mapped:1155,6,1155.0,SL_inferior_pulvinar,SL_IPul,Subcortex,L,mapped,44.84375000000002,False,2870,2867,0.9989547038327526,0.20032517297148447,0.1791581968947558,1.2069779081821916,cm033,unaccepted
L6:mapped:1156,6,1156.0,SL_brachium_superior_colliculus,SL_bsc,Subcortex,L,mapped,11.781250000000005,False,754,754,1.0,0.16118147345140135,0.1615974117566263,0.816120352158054,cm033,unaccepted
L6:mapped:1158,6,1158.0,SL_dorsal_lateral_geniculate,SL_DLG,Subcortex,L,mapped,93.35937500000004,False,5975,2995,0.501255230125523,0.08557072993399936,0.0556606125457202,0.38941079405501633,cm033,unaccepted
L6:mapped:1159,6,1159.0,SL_medial_geniculate,SL_MG,Subcortex,L,mapped,28.406250000000014,False,1818,1817,0.9994499449944995,0.3347713047480323,0.3370610292828374,2.0085930916826973,cm033,unaccepted
L6:mapped:1161,6,1161.0,SL_pineal_gland,SL_Pi,Subcortex,L,mapped,4.093750000000002,False,262,262,1.0,0.06611979064401516,0.12126319380384365,0.6657358886785634,cm033,unaccepted
L6:mapped:1162,6,1162.0,SL_habenula,SL_Hb,Subcortex,L,mapped,11.265625000000005,False,721,721,1.0,0.15296833798757029,0.1353691591375564,0.7094923638071458,cm033,unaccepted
L6:mapped:1165,6,1165.0,SL_posterior_commissure,SL_pc,Subcortex,L,mapped,2.468750000000001,False,158,158,1.0,0.2825697105830774,0.28092816714168034,1.5791717904223206,cm033,unaccepted
L6:mapped:1166,6,1166.0,SL_precommissural_nucleus,SL_PrC,Subcortex,L,mapped,1.9687500000000009,False,126,126,1.0,0.2795039240435022,0.27918933089380116,1.6081129965303311,cm033,unaccepted
L6:mapped:1167,6,1167.0,SL_posterior_commissural_nuclei,SL_PCom_MCPC,Subcortex,L,mapped,5.656250000000003,False,362,362,1.0,0.10081327152820573,0.08267106834460494,0.5698549664109644,cm033,unaccepted
L6:mapped:1168,6,1168.0,SL_p1_mesencephalic_reticulum,SL_p1Rt,Subcortex,L,mapped,16.453125000000007,False,1053,1053,1.0,0.08050772827181049,0.05978894776028175,0.4053421012249215,cm033,unaccepted
L6:mapped:1173,6,1173.0,SL_superior_colliculus,SL_SCo,Subcortex,L,mapped,78.59375000000003,False,5030,5030,1.0,0.13727865960462654,0.13319003078269748,0.811154435044651,cm033,unaccepted
L6:mapped:1175,6,1175.0,SL_inferior_colliculus,SL_ICo,Subcortex,L,mapped,58.62500000000003,False,3752,3678,0.9802771855010661,0.10188738312696788,0.09727894139975811,0.6707987901389744,cm033,unaccepted
L6:mapped:1176,6,1176.0,SL_saginum_nucleus,SL_Sag-RL,Subcortex,L,mapped,0.7187500000000003,False,46,26,0.5652173913043478,0.024521436357270596,0.024150828855361323,0.17295737773456427,cm033,unaccepted
L6:mapped:1178,6,1178.0,SL_fourth_nerve,SL_n4,Subcortex,L,mapped,1.6250000000000007,False,104,0,0.0,,,,cm033,unaccepted
L6:mapped:1179,6,1179.0,SL_periaqueductal_gray,SL_PAG,Subcortex,L,mapped,49.48437500000002,False,3167,3050,0.9630565203662772,0.09326869036319504,0.0890266987515424,0.5721553604798248,cm033,unaccepted
L6:mapped:1182,6,1182.0,SL_parabigeminal_nucleus,SL_PBG,Subcortex,L,mapped,2.6875000000000013,False,172,172,1.0,-0.005257487059813832,-0.004767072335063184,-0.05916444539715938,cm033,unaccepted
L6:mapped:1183,6,1183.0,SL_microcellular_tegmentum,SL_MiTg,Subcortex,L,mapped,5.125000000000003,False,328,328,1.0,0.004110881047431062,0.005036768529316157,0.018281239982719508,cm033,unaccepted
L6:mapped:1184,6,1184.0,SL_precuneiform_nucleus,SL_PrCnF,Subcortex,L,mapped,1.5312500000000007,False,98,98,1.0,-0.04627700251254222,-0.04569398784060895,-0.31740749960153236,cm033,unaccepted
L6:mapped:1185,6,1185.0,SL_cuneiform_nucleus,SL_CnF,Subcortex,L,mapped,8.218750000000004,False,526,368,0.6996197718631179,-0.017543120570710384,-0.02596909063427837,-0.20040909541714097,cm033,unaccepted
L6:mapped:1186,6,1186.0,SL_ventrolateral_tegmentum,SL_VLTg,Subcortex,L,mapped,1.3437500000000007,False,86,13,0.1511627906976744,-0.05490999760143856,-0.05724582614636138,-0.46535045754273663,cm033,unaccepted
L6:mapped:1187,6,1187.0,SL_pedunculopontine_nucleus,SL_PTg,Subcortex,L,mapped,16.546875000000007,False,1059,620,0.5854579792256847,-0.07305429903835,-0.07817179645431292,-0.5936447175813861,cm033,unaccepted
L6:mapped:1188,6,1188.0,SL_anterior_tegmental_nucleus,SL_ATg,Subcortex,L,mapped,1.4843750000000007,False,95,0,0.0,,,,cm033,unaccepted
L6:mapped:1190,6,1190.0,SL_mesencephalic_reticular_formation,SL_mRt,Subcortex,L,mapped,78.28125000000003,False,5010,4977,0.9934131736526947,0.020347160953949395,-0.007587222540490421,-0.04968181726431474,cm033,unaccepted
L6:mapped:1191,6,1191.0,SL_retroisthmic_nucleus,SL_RIs,Subcortex,L,mapped,3.2031250000000013,False,205,205,1.0,-0.07436923327349051,-0.0758491464379835,-0.5994417215418306,cm033,unaccepted
L6:mapped:1194,6,1194.0,SL_oculomotor_nuclei,SL_OM,Subcortex,L,mapped,15.796875000000007,False,1011,1004,0.9930761622156281,0.07815456225236034,0.070546536631212,0.44907928660767266,cm033,unaccepted
L6:mapped:1195,6,1195.0,SL_mediolateral_fascicle,SL_mlf,Subcortex,L,mapped,18.062500000000007,False,1156,256,0.22145328719723184,0.03599866173380578,0.03665788034149923,0.24853736466390586,cm033,unaccepted
L6:mapped:1197,6,1197.0,SL_medial_Raphe,SL_MR,Subcortex,L,mapped,13.000000000000005,False,832,0,0.0,,,,cm033,unaccepted
L6:mapped:1198,6,1198.0,SL_dorsal_Raphe,SL_DR,Subcortex,L,mapped,8.203125000000004,False,525,292,0.5561904761904762,0.09564244455011897,0.09457304901927571,0.633774936356012,cm033,unaccepted
L6:mapped:1199,6,1199.0,SL_linear_Raphe,SL_LiR,Subcortex,L,mapped,11.953125000000005,False,765,659,0.8614379084967321,0.011372525638626518,0.06417323598147613,0.37946922404956857,cm033,unaccepted
L6:mapped:1202,6,1202.0,SL_red_nucleus,SL_R,Subcortex,L,mapped,35.421875000000014,False,2267,2157,0.9514777238641376,0.019951763032337824,0.019129939339451833,0.10202318744701905,cm033,unaccepted
L6:mapped:1203,6,1203.0,SL_prerubral_field,SL_PR-RI,Subcortex,L,mapped,3.0468750000000013,False,195,195,1.0,0.004268498878587935,0.007109506956470668,0.027751689708846006,cm033,unaccepted
L6:mapped:1205,6,1205.0,SL_retrorubral_field,SL_RF,Subcortex,L,mapped,5.734375000000003,False,367,367,1.0,0.034074038398456956,0.032695974617579865,0.21836866274713865,cm033,unaccepted
L6:mapped:1206,6,1206.0,SL_substantia_nigra,SL_SN,Subcortex,L,mapped,111.21875000000004,False,7118,5267,0.7399550435515594,0.037343887509115464,0.03404583571937804,0.25710578254237554,cm033,unaccepted
L6:mapped:1207,6,1207.0,SL_ventral_tegmental_area,SL_VTA,Subcortex,L,mapped,24.42187500000001,False,1563,573,0.3666026871401152,-0.1504117365760777,-0.17577744343337978,-0.7916486169614319,cm033,unaccepted
L6:mapped:1208,6,1208.0,SL_interpeduncular_nucleus,SL_IP,Subcortex,L,mapped,4.375000000000002,False,280,0,0.0,,,,cm033,unaccepted
L6:mapped:1209,6,1209.0,SL_oculomotor_nerve,SL_n3,Subcortex,L,mapped,6.750000000000003,False,432,28,0.06481481481481481,-0.22913567302212506,-0.23129748787631377,-0.9639279486522028,cm033,unaccepted
L6:mapped:1210,6,1210.0,SL_cerebral_peduncle,SL_cp,Subcortex,L,mapped,70.39062500000003,False,4505,939,0.20843507214206436,0.11967886890993046,0.11802374683551847,0.9615917583302356,cm033,unaccepted
L6:mapped:1215,6,1215.0,SL_lateral_parabrachial_nucleus,SL_LPB,Subcortex,L,mapped,11.281250000000005,False,722,193,0.2673130193905817,-0.030735277062215346,-0.024338363764220432,-0.20754943865716416,cm033,unaccepted
L6:mapped:1216,6,1216.0,SL_medial_parabrachial_nucleus,SL_MPB,Subcortex,L,mapped,7.8593750000000036,False,503,0,0.0,,,,cm033,unaccepted
L6:mapped:1217,6,1217.0,SL_superior_cerebellar_peduncle,SL_scp,Subcortex,L,mapped,24.48437500000001,False,1567,251,0.16017868538608807,-0.0637845822890123,-0.06408755785294004,-0.5175610196738605,cm033,unaccepted
L6:mapped:1218,6,1218.0,SL_Kolliker-Fuse_nucleus,SL_KF,Subcortex,L,mapped,2.218750000000001,False,142,0,0.0,,,,cm033,unaccepted
L6:mapped:1220,6,1220.0,SL_locus-coeruleus_region,SL_LC-Me5,Subcortex,L,mapped,3.6875000000000018,False,236,0,0.0,,,,cm033,unaccepted
L6:mapped:1221,6,1221.0,SL_mesencephalic_trigeminal_nerve,SL_me5,Subcortex,L,mapped,0.3125000000000001,False,20,0,0.0,,,,cm033,unaccepted
L6:mapped:1222,6,1222.0,SL_central_gray_nucleus,SL_CG,Subcortex,L,mapped,4.187500000000002,False,268,0,0.0,,,,cm033,unaccepted
L6:mapped:1224,6,1224.0,SL_lateral_dorsal_tegmentum,SL_LDTg,Subcortex,L,mapped,7.7656250000000036,False,497,0,0.0,,,,cm033,unaccepted
L6:mapped:1225,6,1225.0,SL_medial_dorsal_tegmentum,SL_MDTg,Subcortex,L,mapped,7.6562500000000036,False,490,0,0.0,,,,cm033,unaccepted
L6:mapped:1228,6,1228.0,SL_lateral_lemniscus,SL_ll,Subcortex,L,mapped,23.67187500000001,False,1515,487,0.3214521452145215,-0.041570769518136486,-0.03811495687242086,-0.31342103177703634,cm033,unaccepted
L6:mapped:1229,6,1229.0,SL_dorsal_lateral_leminscus_nucleus,SL_DLL,Subcortex,L,mapped,1.2187500000000004,False,78,78,1.0,-0.07748902580625486,-0.08252662618188057,-0.6631980140140638,cm033,unaccepted
L6:mapped:1230,6,1230.0,SL_intermediate+ventral_lateral_lemniscus_nuclei,SL_ILL-VLL,Subcortex,L,mapped,2.8437500000000013,False,182,0,0.0,,,,cm033,unaccepted
L6:mapped:1233,6,1233.0,SL_subceruleus,SL_SubC,Subcortex,L,mapped,13.984375000000005,False,895,0,0.0,,,,cm033,unaccepted
L6:mapped:1234,6,1234.0,SL_reticulotegmentum,SL_RtTg,Subcortex,L,mapped,17.500000000000007,False,1120,0,0.0,,,,cm033,unaccepted
L6:mapped:1235,6,1235.0,SL_superior_cerebellar_peduncle_decussation,SL_xscp,Subcortex,L,mapped,16.156250000000007,False,1034,280,0.27079303675048355,0.046630351152956634,0.04312595337054808,0.27243732727176834,cm033,unaccepted
L6:mapped:1236,6,1236.0,SL_pontine_reticulum_oral,SL_PnO,Subcortex,L,mapped,45.07812500000002,False,2885,353,0.12235701906412479,-0.029272414895555706,-0.03441313961919122,-0.2629647063267755,cm033,unaccepted
L6:mapped:1237,6,1237.0,SL_pontine_reticulum_caudal,SL_PnC,Subcortex,L,mapped,42.78125000000002,False,2738,0,0.0,,,,cm033,unaccepted
L6:mapped:1239,6,1239.0,SL_superior_olive,SL_SuO,Subcortex,L,mapped,11.500000000000005,False,736,0,0.0,,,,cm033,unaccepted
L6:mapped:1240,6,1240.0,SL_medial_lemniscus,SL_ml,Subcortex,L,mapped,35.640625000000014,False,2281,106,0.046470846120122755,-0.019478394587327506,-0.021250121547002836,-0.16411797674320655,cm033,unaccepted
L6:mapped:1241,6,1241.0,SL_trapezoid_bundle_region,SL_tz,Subcortex,L,mapped,9.359375000000004,False,599,0,0.0,,,,cm033,unaccepted
L6:mapped:1243,6,1243.0,SL_pontine_nucleus,SL_Pn,Subcortex,L,mapped,254.6875000000001,False,16300,39,0.002392638036809816,0.007276660786578246,0.007342423850179334,0.06375508652294055,cm033,unaccepted
L6:mapped:1245,6,1245.0,SL_sensory_root_of_the_trigeminal_nerve,SL_s5,Subcortex,L,mapped,14.656250000000007,False,938,0,0.0,,,,cm033,unaccepted
L6:mapped:1246,6,1246.0,SL_transverse_fibers,SL_tfp,Subcortex,L,mapped,9.171875000000004,False,587,0,0.0,,,,cm033,unaccepted
L6:mapped:1247,6,1247.0,SL_medial_cerebellar_peduncle,SL_mcp,Subcortex,L,mapped,214.40625000000009,False,13722,0,0.0,,,,cm033,unaccepted
L6:mapped:1250,6,1250.0,SL_inferior_cerebellar_peduncle,SL_icp,Subcortex,L,mapped,27.71875000000001,False,1774,0,0.0,,,,cm033,unaccepted
L6:mapped:1251,6,1251.0,SL_olivocerebellar_tract,SL_oc,Subcortex,L,mapped,21.20312500000001,False,1357,0,0.0,,,,cm033,unaccepted
L6:mapped:1253,6,1253.0,SL_lateral_cerebellar_nucleus,SL_Lat,Subcortex,L,mapped,54.62500000000002,False,3496,48,0.013729977116704805,0.062450408521568114,0.056544187886409344,0.40975089073777826,cm033,unaccepted
L6:mapped:1255,6,1255.0,SL_anterior_interposed_cerebellar_nucleus,SL_IntA,Subcortex,L,mapped,15.062500000000007,False,964,39,0.04045643153526971,0.09407801326829329,0.08423774410895168,0.6100208145626795,cm033,unaccepted
L6:mapped:1256,6,1256.0,SL_posterior_interposed_cerebellar_nucleus,SL_IntP,Subcortex,L,mapped,41.04687500000002,False,2627,415,0.15797487628473544,0.23187890073716447,0.21905267598802583,1.353769843871805,cm033,unaccepted
L6:mapped:1257,6,1257.0,SL_fastigial_cerebellar_nucleus,SL_Fas,Subcortex,L,mapped,19.453125000000007,False,1245,697,0.5598393574297189,0.21331302951505968,0.2216253214519244,1.1403542399632498,cm033,unaccepted
L6:mapped:1260,6,1260.0,SL_flocculus,SL_Fl,Subcortex,L,mapped,110.84375000000004,False,7094,0,0.0,,,,cm033,unaccepted
L6:mapped:1261,6,1261.0,SL_paraflocculus,SL_PFl,Subcortex,L,mapped,277.7812500000001,False,17778,46,0.0025874676566542917,-0.01867966885871497,-0.018862795000859592,-0.14506531264017752,cm033,unaccepted
L6:mapped:1264,6,1264.0,SL_cerebellar_lobule_1_vermis,SL_Cb1V,Subcortex,L,mapped,13.937500000000005,False,892,0,0.0,,,,cm033,unaccepted
L6:mapped:1265,6,1265.0,SL_cerebellar_lobule_2_vermis,SL_Cb2V,Subcortex,L,mapped,23.07812500000001,False,1477,19,0.012863913337846988,0.04099133035204811,0.035387526285738935,0.23998168224538804,cm033,unaccepted
L6:mapped:1266,6,1266.0,SL_cerebellar_lobule_3_vermis,SL_Cb3V,Subcortex,L,mapped,42.21875000000002,False,2702,1071,0.3963730569948187,0.13979406304599826,0.1421755013235706,0.9334652123751526,cm033,unaccepted
L6:mapped:1267,6,1267.0,SL_cerebellar_lobule_4_vermis,SL_Cb4V,Subcortex,L,mapped,131.23437500000006,False,8399,7952,0.9467793784974402,0.1726403099522978,0.15599988283571276,0.7214335434684148,cm033,unaccepted
L6:mapped:1268,6,1268.0,SL_cerebellar_lobule_5_vermis,SL_Cb5V,Subcortex,L,mapped,270.0781250000001,False,17285,16984,0.982586057275094,0.0282497613984206,0.0730147397803699,0.24396444550460603,cm033,unaccepted
L6:mapped:1270,6,1270.0,SL_cerebellar_lobule_6_vermis,SL_Cb6V,Subcortex,L,mapped,207.89062500000009,False,13305,10705,0.8045847425779782,0.06296736024477914,0.06631486393853483,0.4013973750570486,cm033,unaccepted
L6:mapped:1271,6,1271.0,SL_cerebellar_lobule_7_vermis,SL_Cb7V,Subcortex,L,mapped,102.93750000000004,False,6588,1560,0.23679417122040072,-0.019498111060334715,0.0032110213729169734,0.016583498826206772,cm033,unaccepted
L6:mapped:1272,6,1272.0,SL_cerebellar_lobule_8_vermis,SL_Cb8V,Subcortex,L,mapped,34.812500000000014,False,2228,0,0.0,,,,cm033,unaccepted
L6:mapped:1273,6,1273.0,SL_cerebellar_lobule_9_vermis,SL_Cb9V,Subcortex,L,mapped,68.92187500000003,False,4411,72,0.01632282929041034,0.029252067573106846,0.062241048024515515,0.1246588801031525,cm033,unaccepted
L6:mapped:1274,6,1274.0,SL_cerebellar_lobule_10_vermis,SL_Cb10V,Subcortex,L,mapped,85.71875000000004,False,5486,93,0.016952242070725484,0.018833267247771002,0.006748802801547423,-0.0027022066342108544,cm033,unaccepted
L6:mapped:1276,6,1276.0,SL_cerebellar_lobule_3_intermediate,SL_Cb3I,Subcortex,L,mapped,31.937500000000014,False,2044,280,0.136986301369863,-0.0002849381018851524,0.0013381599358227012,0.00901750798126091,cm033,unaccepted
L6:mapped:1277,6,1277.0,SL_cerebellar_lobule_4_intermediate,SL_Cb4I,Subcortex,L,mapped,66.62500000000003,False,4264,2536,0.5947467166979362,-0.025420146499267476,-0.05392629140354001,-0.3397246221924425,cm033,unaccepted
L6:mapped:1278,6,1278.0,SL_cerebellar_lobule_5_intermediate,SL_Cb5I,Subcortex,L,mapped,160.43750000000009,False,10268,5371,0.5230814179976626,0.08211639516513944,0.03348229471215325,0.18210292870040717,cm033,unaccepted
L6:mapped:1279,6,1279.0,SL_cerebellar_lobule_6_intermediate,SL_Cb6I,Subcortex,L,mapped,137.14062500000006,False,8777,2811,0.32026888458471003,0.12098054500755108,0.1583488754754943,0.835819623388003,cm033,unaccepted
L6:mapped:1280,6,1280.0,SL_copula_of_the_pyramis,SL_Cop,Subcortex,L,mapped,113.28125000000006,False,7250,0,0.0,,,,cm033,unaccepted
L6:mapped:1281,6,1281.0,SL_simple_lobule,SL_Sim,Subcortex,L,mapped,277.1250000000001,False,17736,6026,0.33976093820478126,0.09100721479610496,0.10477272091407805,0.751201477910668,cm033,unaccepted
L6:mapped:1282,6,1282.0,SL_paramedian_lobule,SL_PM,Subcortex,L,mapped,384.18750000000017,False,24588,681,0.02769643728648121,0.036287771851205256,0.025916633362495542,0.1622551117697486,cm033,unaccepted
L6:mapped:1284,6,1284.0,SL_ansiform_lobule_crus1,SL_Crus1,Subcortex,L,mapped,395.84375000000017,False,25334,6035,0.2382174153311755,-0.007480187827763579,0.010428459396574297,0.07948323937854536,cm033,unaccepted
L6:mapped:1285,6,1285.0,SL_ansiform_lobule_crus2,SL_Crus2,Subcortex,L,mapped,322.03125000000017,False,20610,1824,0.08850072780203784,0.196630907381466,0.1981889033523836,1.3088463349059745,cm033,unaccepted
L6:mapped:1290,6,1290.0,SL_vestibular_nucleus,SL_Ve,Subcortex,L,mapped,62.18750000000003,False,3980,0,0.0,,,,cm033,unaccepted
L6:mapped:1291,6,1291.0,SL_cochlear_nucleus,SL_DVC,Subcortex,L,mapped,11.640625000000005,False,745,0,0.0,,,,cm033,unaccepted
L6:mapped:1292,6,1292.0,SL_vestibulochoclear_nerve,SL_n8,Subcortex,L,mapped,10.156250000000005,False,650,0,0.0,,,,cm033,unaccepted
L6:mapped:1293,6,1293.0,SL_prepositus_nucleus,SL_Pr,Subcortex,L,mapped,5.156250000000003,False,330,0,0.0,,,,cm033,unaccepted
L6:mapped:1295,6,1295.0,SL_motor_trigeminal_nucleus,SL_Nu5,Subcortex,L,mapped,7.5468750000000036,False,483,0,0.0,,,,cm033,unaccepted
L6:mapped:1296,6,1296.0,SL_principal_trigeminal_nucleus,SL_Pr5,Subcortex,L,mapped,11.625000000000005,False,744,0,0.0,,,,cm033,unaccepted
L6:mapped:1298,6,1298.0,SL_spinal_trigeminal_nucleus_oral,SL_Sp5O,Subcortex,L,mapped,4.765625000000002,False,305,0,0.0,,,,cm033,unaccepted
L6:mapped:1299,6,1299.0,SL_spinal_trigeminal_nucleus_intermediate,SL_Sp5I,Subcortex,L,mapped,23.60937500000001,False,1511,0,0.0,,,,cm033,unaccepted
L6:mapped:1300,6,1300.0,SL_spinal_trigeminal_nucleus_caudal,SL_Sp5C,Subcortex,L,mapped,9.984375000000004,False,639,0,0.0,,,,cm033,unaccepted
L6:mapped:1302,6,1302.0,SL_cuneate_gracile_nuclei,SL_CuGr,Subcortex,L,mapped,53.35937500000002,False,3415,0,0.0,,,,cm033,unaccepted
L6:mapped:1303,6,1303.0,SL_obex,SL_obex,Subcortex,L,mapped,0.12500000000000006,False,8,0,0.0,,,,cm033,unaccepted
L6:mapped:1304,6,1304.0,SL_solitary_tract_nucleus,SL_Sol,Subcortex,L,mapped,18.828125000000007,False,1205,0,0.0,,,,cm033,unaccepted
L6:mapped:1305,6,1305.0,SL_visceral_motor_nuclei,SL_Nu10-12,Subcortex,L,mapped,6.875000000000003,False,440,0,0.0,,,,cm033,unaccepted
L6:mapped:1308,6,1308.0,SL_abducens_motor_nucleus,SL_Nu6,Subcortex,L,mapped,5.875000000000003,False,376,0,0.0,,,,cm033,unaccepted
L6:mapped:1309,6,1309.0,SL_facial_motor_nucleus,SL_Nu7,Subcortex,L,mapped,4.906250000000002,False,314,0,0.0,,,,cm033,unaccepted
L6:mapped:1311,6,1311.0,SL_parvicellular_and_intermediate_reticular_nuclei,SL_PCIRt,Subcortex,L,mapped,31.406250000000014,False,2010,0,0.0,,,,cm033,unaccepted
L6:mapped:1312,6,1312.0,SL_dorsal_paragigantocellular_reticular_nucleus,SL_DPGi,Subcortex,L,mapped,6.125000000000003,False,392,0,0.0,,,,cm033,unaccepted
L6:mapped:1313,6,1313.0,SL_gigantocellular_reticular_nucleus,SL_Gi,Subcortex,L,mapped,70.50000000000003,False,4512,0,0.0,,,,cm033,unaccepted
L6:mapped:1314,6,1314.0,SL_medullar_reticular_nucleus,SL_MdRt,Subcortex,L,mapped,13.031250000000005,False,834,0,0.0,,,,cm033,unaccepted
L6:mapped:1316,6,1316.0,SL_Raphe_magnus_nucleus,SL_RMg,Subcortex,L,mapped,1.6718750000000007,False,107,0,0.0,,,,cm033,unaccepted
L6:mapped:1317,6,1317.0,SL_Raphe_obscurus_nucleus,SL_ROb,Subcortex,L,mapped,1.2656250000000007,False,81,0,0.0,,,,cm033,unaccepted
L6:mapped:1320,6,1320.0,SL_inferior_olive,SL_InO,Subcortex,L,mapped,52.23437500000002,False,3343,0,0.0,,,,cm033,unaccepted
L6:mapped:1321,6,1321.0,SL_lateral_reticular_nucleus,SL_LRt,Subcortex,L,mapped,12.468750000000005,False,798,0,0.0,,,,cm033,unaccepted
L6:mapped:1323,6,1323.0,SL_pyramidal_tract,SL_py,Subcortex,L,mapped,46.54687500000002,False,2979,0,0.0,,,,cm033,unaccepted
L6:mapped:1325,6,1325.0,SL_corticospinal_tract,SL_cst,Subcortex,L,mapped,0.34375000000000017,False,22,0,0.0,,,,cm033,unaccepted
L6:mapped:1504,6,1504.0,SR_claustrum,SR_Cl,Subcortex,R,mapped,255.1562500000001,False,16330,10174,0.6230251071647275,0.13075111971094952,0.13688573497294693,0.9415626277855311,cm033,unaccepted
L6:mapped:1507,6,1507.0,SR_dorsal_endopiriform_claustrum,SR_DEn,Subcortex,R,mapped,14.203125000000007,False,909,72,0.07920792079207921,-0.04291731993380984,-0.04546854270293817,-0.34466655116731343,cm033,unaccepted
L6:mapped:1508,6,1508.0,SR_ventral_endopiriform_claustrum,SR_VEn,Subcortex,R,mapped,9.515625000000004,False,609,0,0.0,,,,cm033,unaccepted
L6:mapped:1509,6,1509.0,SR_piriform_cortex,SR_Pir,Subcortex,R,mapped,30.796875000000014,False,1971,0,0.0,,,,cm033,unaccepted
L6:mapped:1514,6,1514.0,SR_dentate_gyrus_anterior,SR_DGA,Subcortex,R,mapped,91.18750000000004,False,5836,198,0.0339273474982865,-0.017518496497475094,-0.02076258551675403,-0.18636062546176865,cm033,unaccepted
L6:mapped:1515,6,1515.0,SR_CA1_3_anterior,SR_CAA,Subcortex,R,mapped,180.68750000000009,False,11564,369,0.031909373919059146,-0.025726015537755147,-0.02575522277123389,-0.21356143219652468,cm033,unaccepted
L6:mapped:1516,6,1516.0,SR_subicular_complex_anterior,SR_SA,Subcortex,R,mapped,81.28125000000004,False,5202,0,0.0,,,,cm033,unaccepted
L6:mapped:1519,6,1519.0,SR_dentate_gyrus_posterior,SR_DGP,Subcortex,R,mapped,26.17187500000001,False,1675,865,0.5164179104477612,-0.028945033113152316,-0.03048116267531001,-0.2635316649817028,cm033,unaccepted
L6:mapped:1520,6,1520.0,SR_CA1_3_posterior,SR_CAP,Subcortex,R,mapped,88.10937500000004,False,5639,2287,0.40556836318496187,0.06755068881289018,0.0323742167830025,0.1702969037402287,cm033,unaccepted
L6:mapped:1521,6,1521.0,SR_subicular_complex_posterior,SR_SP,Subcortex,R,mapped,52.06250000000002,False,3332,2023,0.6071428571428571,0.016325112768536546,0.004815085278766923,0.029049390961670002,cm033,unaccepted
L6:mapped:1522,6,1522.0,SR_fimbria,SR_fi,Subcortex,R,mapped,12.593750000000005,False,806,806,1.0,0.09246223270141726,0.09807168076770416,0.52795783601492,cm033,unaccepted
L6:mapped:1523,6,1523.0,SR_fornix,SR_f,Subcortex,R,mapped,43.40625000000002,False,2778,2771,0.9974802015838733,0.3286208375506735,0.32899047361314715,1.6333669208031587,cm033,unaccepted
L6:mapped:1527,6,1527.0,SR_basomedial_amygdaloid_nucleus,SR_BM,Subcortex,R,mapped,47.84375000000002,False,3062,33,0.01077726975832789,0.01620824563512104,0.01592484688252154,0.1247760448546075,cm033,unaccepted
L6:mapped:1528,6,1528.0,SR_ventral_cortical_amygdaloid_nucleus,SR_VCo,Subcortex,R,mapped,22.76562500000001,False,1457,0,0.0,,,,cm033,unaccepted
L6:mapped:1529,6,1529.0,SR_amygdalohippocampal_area,SR_AHi,Subcortex,R,mapped,17.203125000000007,False,1101,0,0.0,,,,cm033,unaccepted
L6:mapped:1532,6,1532.0,SR_lateral_dorsal_amygdaloid_nucleus,SR_LaD,Subcortex,R,mapped,22.29687500000001,False,1427,300,0.2102312543798178,-0.046506899661318664,-0.03499339264338316,-0.2694092077693565,cm033,unaccepted
L6:mapped:1533,6,1533.0,SR_lateral_ventral_amygdaloid_nucleus,SR_LaV,Subcortex,R,mapped,18.531250000000007,False,1186,978,0.8246205733558178,-0.03554477287734667,-0.04667444293907312,-0.3288728416477247,cm033,unaccepted
L6:mapped:1534,6,1534.0,SR_amygdalopiriform_transition_area,SR_APir,Subcortex,R,mapped,27.85937500000001,False,1783,0,0.0,,,,cm033,unaccepted
L6:mapped:1536,6,1536.0,SR_basolateral_dorsal_amygdaloid_nucleus,SR_BLD,Subcortex,R,mapped,14.546875000000007,False,931,49,0.05263157894736842,-0.006498837483981553,-0.006337606927198596,-0.051717564239855164,cm033,unaccepted
L6:mapped:1537,6,1537.0,SR_basolateral_intermediate_amygdaloid_nucleus,SR_BLI,Subcortex,R,mapped,13.343750000000005,False,854,199,0.23302107728337237,-0.018580318432550126,-0.011496312980600849,-0.0862785799259687,cm033,unaccepted
L6:mapped:1538,6,1538.0,SR_basolateral_ventral_amygdaloid_nucleus,SR_BLV,Subcortex,R,mapped,19.656250000000007,False,1258,167,0.1327503974562798,0.02276403772644548,0.007980670352717196,0.03192582199231098,cm033,unaccepted
L6:mapped:1539,6,1539.0,SR_paralaminar_amygdaloid_nucleus,SR_PaL,Subcortex,R,mapped,13.750000000000005,False,880,93,0.10568181818181818,0.10054880601390316,0.10149764079841944,0.47525893234892774,cm033,unaccepted
L6:mapped:1542,6,1542.0,SR_central_amygdaloid_nucleus,SR_Ce,Subcortex,R,mapped,13.843750000000005,False,886,192,0.21670428893905191,-0.04318433673469754,-0.03964859326090044,-0.2693378357776327,cm033,unaccepted
L6:mapped:1544,6,1544.0,SR_medial_amygdaloid_nucleus,SR_Me,Subcortex,R,mapped,16.984375000000007,False,1087,58,0.05335786568537258,-0.03927113387362602,-0.04261449222288907,-0.32499342060858566,cm033,unaccepted
L6:mapped:1545,6,1545.0,SR_anterior_amygdaloid_area,SR_AA,Subcortex,R,mapped,23.73437500000001,False,1519,14,0.009216589861751152,0.04708992138237793,0.04617017268314404,0.29593905408289534,cm033,unaccepted
L6:mapped:1547,6,1547.0,SR_extended_amygdala,SR_EA,Subcortex,R,mapped,9.140625000000004,False,585,1,0.0017094017094017094,0.18837780894960549,0.18837780894960549,1.1320702186528595,cm033,unaccepted
L6:mapped:1548,6,1548.0,SR_posterior_interstitial_nucleus,SR_IPAC,Subcortex,R,mapped,4.906250000000002,False,314,8,0.025477707006369428,0.1365413064756806,0.13666172555053197,0.5439017090009737,cm033,unaccepted
L6:mapped:1549,6,1549.0,SR_intraamygdaloid_stria_terminalis,SR_STIA,Subcortex,R,mapped,15.593750000000007,False,998,29,0.02905811623246493,-0.06326308511756994,-0.041350330245810876,-0.32290434183069855,cm033,unaccepted
L6:mapped:1554,6,1554.0,SR_caudate_head,SR_CdH,Subcortex,R,mapped,566.5156250000002,False,36257,25609,0.7063187798218276,0.09521645747323652,0.10460575385132859,0.5408180251356054,cm033,unaccepted
L6:mapped:1555,6,1555.0,SR_caudate_tail,SR_CdT,Subcortex,R,mapped,83.04687500000004,False,5315,3212,0.6043273753527751,0.03586926303761154,0.01475229454481419,0.10507730620724764,cm033,unaccepted
L6:mapped:1556,6,1556.0,SR_putamen,SR_Pu,Subcortex,R,mapped,895.1093750000003,False,57287,41758,0.7289262834499974,0.09978008238626224,0.10838959258610256,0.6152768630243841,cm033,unaccepted
L6:mapped:1557,6,1557.0,SR_amygdalostriatal_transition,SR_ASt,Subcortex,R,mapped,33.812500000000014,False,2164,1331,0.6150646950092421,-0.0423832887078001,-0.021217821548548385,-0.14618411502232195,cm033,unaccepted
L6:mapped:1558,6,1558.0,SR_internal_capsule,SR_ic,Subcortex,R,mapped,230.7343750000001,False,14767,12744,0.863005349766371,0.08141353237855205,0.08030043343071713,0.3989784175209169,cm033,unaccepted
L6:mapped:1560,6,1560.0,SR_accumbens,SR_Acb,Subcortex,R,mapped,94.96875000000004,False,6078,358,0.05890095426127016,0.022681701576606487,0.021243491765280474,0.12525043994787147,cm033,unaccepted
L6:mapped:1561,6,1561.0,SR_olfactory_tubercule,SR_Tu,Subcortex,R,mapped,18.234375000000007,False,1167,0,0.0,,,,cm033,unaccepted
L6:mapped:1564,6,1564.0,SR_external_globus_pallidus,SR_EGP,Subcortex,R,mapped,150.71875000000006,False,9646,9335,0.9677586564379017,0.0021312603067592654,-0.0037010941310579824,-0.058946336373273234,cm033,unaccepted
L6:mapped:1565,6,1565.0,SR_internal_globus_pallidus,SR_IGP,Subcortex,R,mapped,82.67187500000004,False,5291,4873,0.920997920997921,-0.03877235432463594,-0.0380167968090583,-0.27236209664753547,cm033,unaccepted
L6:mapped:1566,6,1566.0,SR_ansa_lenticularis,SR_al,Subcortex,R,mapped,6.375000000000003,False,408,408,1.0,0.0561607896036095,0.04546460200795495,0.3156521048926384,cm033,unaccepted
L6:mapped:1567,6,1567.0,SR_anterior_commissure,SR_ac,Subcortex,R,mapped,77.82812500000003,False,4981,1144,0.2296727564746035,0.12358624909676524,0.10314804535553221,0.600124253758152,cm033,unaccepted
L6:mapped:1568,6,1568.0,SR_ventral_pallidum,SR_VP,Subcortex,R,mapped,21.00000000000001,False,1344,65,0.04836309523809524,0.12740520429583654,0.14682605319472344,0.8702520707098118,cm033,unaccepted
L6:mapped:1571,6,1571.0,SR_peri-basal_region,SR_PeB,Subcortex,R,mapped,12.453125000000005,False,797,0,0.0,,,,cm033,unaccepted
L6:mapped:1572,6,1572.0,SR_basal_nucleus,SR_B,Subcortex,R,mapped,25.54687500000001,False,1635,767,0.4691131498470948,-0.08970619172919075,-0.0969523524246931,-0.7270232829927381,cm033,unaccepted
L6:mapped:1573,6,1573.0,SR_bed_nucleus_of_the_stria_terminalis,SR_ST,Subcortex,R,mapped,42.00000000000002,False,2688,1664,0.6190476190476191,0.19973311184094136,0.19297039523115236,1.0635581497087052,cm033,unaccepted
L6:mapped:1575,6,1575.0,SR_septimbrial_nucleus,SR_SFi,Subcortex,R,mapped,11.359375000000005,False,727,727,1.0,0.373649329245719,0.41573545245715215,1.9083587599906862,cm033,unaccepted
L6:mapped:1576,6,1576.0,SR_septum_diagonal_band,SR_SDB,Subcortex,R,mapped,91.34375000000004,False,5846,2836,0.4851180294218269,0.13537303463091965,0.12085787660834689,0.6471812186082267,cm033,unaccepted
L6:mapped:1578,6,1578.0,SR_optic_tract,SR_opt,Subcortex,R,mapped,151.82812500000006,False,9717,353,0.03632808479983534,0.02423046741544418,0.01753576605795497,0.12978561103692957,cm033,unaccepted
L6:mapped:1580,6,1580.0,SR_preoptic_area,SR_PO,Subcortex,R,mapped,21.90625000000001,False,1402,0,0.0,,,,cm033,unaccepted
L6:mapped:1581,6,1581.0,SR_lamina_terminalis,SR_LTer-VOLT,Subcortex,R,mapped,0.9375000000000004,False,60,0,0.0,,,,cm033,unaccepted
L6:mapped:1586,6,1586.0,SR_paraventricular_hypothalamus,SR_Pa,Subcortex,R,mapped,10.812500000000005,False,692,515,0.7442196531791907,0.11489860772628614,0.1459078742404647,0.8735920610169411,cm033,unaccepted
L6:mapped:1588,6,1588.0,SR_ventromedial_hypothalamic_nucleus,SR_VMH,Subcortex,R,mapped,16.000000000000007,False,1024,16,0.015625,-0.008934403177221223,-0.010259524546236753,-0.08135433448807122,cm033,unaccepted
L6:mapped:1589,6,1589.0,SR_medial_eminence,SR_MEm,Subcortex,R,mapped,3.7187500000000018,False,238,0,0.0,,,,cm033,unaccepted
L6:mapped:1590,6,1590.0,SR_arcuate_nucleus,SR_Arc,Subcortex,R,mapped,9.687500000000004,False,620,0,0.0,,,,cm033,unaccepted
L6:mapped:1592,6,1592.0,SR_supraoptic_hypothalamus,SR_SOpt,Subcortex,R,mapped,1.2968750000000007,False,83,0,0.0,,,,cm033,unaccepted
L6:mapped:1593,6,1593.0,SR_anterior_hypothalamic_area,SR_AH,Subcortex,R,mapped,8.609375000000004,False,551,27,0.04900181488203267,0.06549911957238087,0.06316155917133282,0.5092510728518187,cm033,unaccepted
L6:mapped:1594,6,1594.0,SR_dorsal_medial_hypothalamic_nucleus,SR_DM,Subcortex,R,mapped,4.875000000000002,False,312,163,0.5224358974358975,0.2052689138250595,0.2054527419418083,1.4566062047238761,cm033,unaccepted
L6:mapped:1596,6,1596.0,SR_lateral_hypothalamic_area,SR_LH,Subcortex,R,mapped,17.156250000000007,False,1098,352,0.3205828779599271,0.21533735433052878,0.22238673793832486,1.393498633610431,cm033,unaccepted
L6:mapped:1597,6,1597.0,SR_juxtaparaventricular_lateral_hypothalamus,SR_JPLH,Subcortex,R,mapped,3.4375000000000013,False,220,216,0.9818181818181818,0.04163050722223919,0.04851759658229745,0.28050474077202847,cm033,unaccepted
L6:mapped:1598,6,1598.0,SR_peduncular_lateral_hypothalamus,SR_PLH,Subcortex,R,mapped,56.84375000000003,False,3638,2935,0.8067619571192963,0.16395517454493816,0.17784567522287625,1.1528575065062505,cm033,unaccepted
L6:mapped:1599,6,1599.0,SR_subthalamic_nucleus,SR_STh,Subcortex,R,mapped,22.20312500000001,False,1421,1371,0.9648135116115412,-0.017343134255679935,-0.03612405663890566,-0.2233212753273959,cm033,unaccepted
L6:mapped:1602,6,1602.0,SR_posterior_hypothalamic_nucleus,SR_PH,Subcortex,R,mapped,21.87500000000001,False,1400,1378,0.9842857142857143,0.22242643918944197,0.2169912077639481,1.343043520861496,cm033,unaccepted
L6:mapped:1604,6,1604.0,SR_prefornical_hypothalamus,SR_PeF,Subcortex,R,mapped,1.3906250000000007,False,89,58,0.651685393258427,0.02430552228397762,0.01781083569576227,0.12948076960574412,cm033,unaccepted
L6:mapped:1606,6,1606.0,SR_retromammillary_hypothalamus,SR_RM,Subcortex,R,mapped,3.5000000000000018,False,224,224,1.0,0.020817137980339066,0.05714090169725213,0.4014063996792471,cm033,unaccepted
L6:mapped:1607,6,1607.0,SR_mammillary_hypothalamus,SR_MM,Subcortex,R,mapped,10.078125000000005,False,645,223,0.3457364341085271,-0.027680063451094136,-0.035954196683236184,-0.29651414504597373,cm033,unaccepted
L6:mapped:1609,6,1609.0,SR_anterior_pituitary,SR_APit,Subcortex,R,mapped,29.906250000000014,False,1914,0,0.0,,,,cm033,unaccepted
L6:mapped:1610,6,1610.0,SR_posterior_pituitary,SR_PPit,Subcortex,R,mapped,14.390625000000007,False,921,0,0.0,,,,cm033,unaccepted
L6:mapped:1612,6,1612.0,SR_zona_incerta_and_lenticular_fascicles,SR_ZI-H,Subcortex,R,mapped,37.375000000000014,False,2392,2392,1.0,0.14068559457395827,0.10454670207329383,0.7075077055210848,cm033,unaccepted
L6:mapped:1614,6,1614.0,SR_reticular_thalamus,SR_Rt,Subcortex,R,mapped,68.90625000000003,False,4410,4410,1.0,0.12381934082245356,0.07724325149987987,0.430023753329163,cm033,unaccepted
L6:mapped:1617,6,1617.0,SR_anterior_thalamus,SR_A,Subcortex,R,mapped,17.796875000000007,False,1139,1139,1.0,0.31143888771444245,0.3173580894372074,1.7378369070479045,cm033,unaccepted
L6:mapped:1618,6,1618.0,SR_capsule_of_the_antherior_thalamus,SR_caps,Subcortex,R,mapped,5.078125000000003,False,325,325,1.0,0.23209094829777419,0.2323963899511909,1.341911206310473,cm033,unaccepted
L6:mapped:1620,6,1620.0,SR_centrolateral_and_paracentral_thalamus,SR_CL-PC,Subcortex,R,mapped,36.468750000000014,False,2334,2334,1.0,0.35597806439597957,0.3721632935086633,1.8884689129464873,cm033,unaccepted
L6:mapped:1621,6,1621.0,SR_centromedial-parafascicular_thalamus,SR_CMn-PF,Subcortex,R,mapped,50.56250000000002,False,3236,3236,1.0,0.25689328600987743,0.2506866248191565,1.540492229643169,cm033,unaccepted
L6:mapped:1623,6,1623.0,SR_subparafascicular_nucleus,SR_SPFPC,Subcortex,R,mapped,8.187500000000004,False,524,524,1.0,0.12923948134894236,0.13658944669855716,0.910335075970981,cm033,unaccepted
L6:mapped:1624,6,1624.0,SR_supra_geniculate,SR_SG,Subcortex,R,mapped,1.7343750000000007,False,111,111,1.0,0.019526060625269372,0.018428590121895277,0.11577098175006967,cm033,unaccepted
L6:mapped:1625,6,1625.0,SR_limitans_thalamus,SR_Lim,Subcortex,R,mapped,9.593750000000004,False,614,614,1.0,0.14507351195671617,0.13808060259225124,0.8641107324572446,cm033,unaccepted
L6:mapped:1626,6,1626.0,SR_mediodorsal_thalamus,SR_MD,Subcortex,R,mapped,78.81250000000003,False,5044,5044,1.0,0.2940646653038501,0.30011458189354295,1.606993191498998,cm033,unaccepted
L6:mapped:1628,6,1628.0,SR_intermediodorsal_thalamus,SR_IMD,Subcortex,R,mapped,11.781250000000005,False,754,754,1.0,0.1977678148318587,0.2136862349708767,1.2086007309353053,cm033,unaccepted
L6:mapped:1629,6,1629.0,SR_paratenial-paraventral-thalamus,SR_PT-PV-sm,Subcortex,R,mapped,18.781250000000007,False,1202,1202,1.0,0.3448300536961331,0.36077827804270984,1.8315997920890175,cm033,unaccepted
L6:mapped:1630,6,1630.0,SR_paraventricular_posterior_thalamus,SR_PVP,Subcortex,R,mapped,1.9218750000000009,False,123,123,1.0,0.3141839632095797,0.31859721133184515,1.808410493481209,cm033,unaccepted
L6:mapped:1631,6,1631.0,SR_paraventricular_anterior_thalamus,SR_PVA,Subcortex,R,mapped,2.6562500000000013,False,170,170,1.0,0.03205357837454734,0.03925045108473116,0.2324339239178469,cm033,unaccepted
L6:mapped:1632,6,1632.0,SR_interanteromedial_thalamus,SR_IAM,Subcortex,R,mapped,4.687500000000002,False,300,300,1.0,0.15453790335506082,0.11012537007145648,0.6088703700413923,cm033,unaccepted
L6:mapped:1633,6,1633.0,SR_central_medial_thalamus,SR_CM,Subcortex,R,mapped,12.453125000000005,False,797,797,1.0,0.23751834057484364,0.24127141116123402,1.3052811133207367,cm033,unaccepted
L6:mapped:1634,6,1634.0,SR_Reuniens-rhomboid-xiphoid_thalamus,SR_Re-Rh-Xi,Subcortex,R,mapped,18.937500000000007,False,1212,1212,1.0,0.34817588719635345,0.37902491828170326,1.9126323357033486,cm033,unaccepted
L6:mapped:1637,6,1637.0,SR_ventral_anterior_thalamus,SR_VA,Subcortex,R,mapped,48.87500000000002,False,3128,3128,1.0,0.3672946687659841,0.34543956146516064,1.8013951746661179,cm033,unaccepted
L6:mapped:1638,6,1638.0,SR_ventral_lateral_anterior_thalamus,SR_VLA,Subcortex,R,mapped,46.85937500000002,False,2999,2999,1.0,0.2823721220669558,0.2742604906765988,1.3271269285801766,cm033,unaccepted
L6:mapped:1640,6,1640.0,SR_ventral_lateral_x_thalamus,SR_VLX,Subcortex,R,mapped,11.500000000000005,False,736,736,1.0,0.40935307926172276,0.39278403724796895,1.8938713056678202,cm033,unaccepted
L6:mapped:1641,6,1641.0,SR_ventral_lateral_posteroventral_thalamus,SR_VLPV,Subcortex,R,mapped,65.56250000000003,False,4196,4196,1.0,0.12003800795279132,0.08169505712668657,0.4399890293981251,cm033,unaccepted
L6:mapped:1642,6,1642.0,SR_ventral_lateral_posterodorsal_thalamus,SR_VLPD,Subcortex,R,mapped,30.421875000000014,False,1947,1947,1.0,0.24127573094894753,0.2797059561148684,1.303826275870965,cm033,unaccepted
L6:mapped:1644,6,1644.0,SR_ventroposterior_medial_and_lateral_thalamus,SR_VPM-VPL,Subcortex,R,mapped,44.14062500000002,False,2825,2825,1.0,0.12788733358852614,0.12071367359533626,0.7380357105229056,cm033,unaccepted
L6:mapped:1645,6,1645.0,SR_ventromedial_posterior+basal_thalamus,SR_VMPo-VMB,Subcortex,R,mapped,11.859375000000005,False,759,759,1.0,0.1139428623070208,0.11906864667698064,0.8067282779506784,cm033,unaccepted
L6:mapped:1646,6,1646.0,SR_ventroposterior_inferior_thalamus,SR_VPI,Subcortex,R,mapped,11.250000000000005,False,720,720,1.0,0.06760382448314323,0.0689925739862618,0.470660733144593,cm033,unaccepted
L6:mapped:1647,6,1647.0,SR_ventral_medial_thalamus,SR_VM,Subcortex,R,mapped,20.95312500000001,False,1341,1341,1.0,0.3393401390030979,0.3831984320100543,2.103996185486537,cm033,unaccepted
L6:mapped:1649,6,1649.0,SR_lateral_posterior_thalamus,SR_LP,Subcortex,R,mapped,21.60937500000001,False,1383,1383,1.0,0.1520138390661362,0.1698486337392509,0.9905471683667781,cm033,unaccepted
L6:mapped:1650,6,1650.0,SR_lateral_dorsal_thalamus,SR_LD,Subcortex,R,mapped,4.328125000000002,False,277,277,1.0,0.33096966272327255,0.3232560999736828,1.6055163974271045,cm033,unaccepted
L6:mapped:1652,6,1652.0,SR_anterior_pulvinar,SR_APul,Subcortex,R,mapped,49.37500000000002,False,3160,3160,1.0,0.17506602864749748,0.16735884483121838,1.0049534486322598,cm033,unaccepted
L6:mapped:1653,6,1653.0,SR_medial_pulvinar,SR_MPul,Subcortex,R,mapped,44.68750000000002,False,2860,2860,1.0,0.07588075900281506,0.08902140859238424,0.5175406247397534,cm033,unaccepted
L6:mapped:1654,6,1654.0,SR_lateral_pulvinar,SR_LPul,Subcortex,R,mapped,31.859375000000014,False,2039,2039,1.0,0.09826479653267971,0.09727574236543796,0.5902773666677966,cm033,unaccepted
L6:mapped:1655,6,1655.0,SR_inferior_pulvinar,SR_IPul,Subcortex,R,mapped,44.84375000000002,False,2870,2870,1.0,0.07177963314792263,0.06688946134123575,0.43437599546149075,cm033,unaccepted
L6:mapped:1656,6,1656.0,SR_brachium_superior_colliculus,SR_bsc,Subcortex,R,mapped,11.781250000000005,False,754,754,1.0,0.05081868261469151,0.028760391536364796,0.17653686958815973,cm033,unaccepted
L6:mapped:1658,6,1658.0,SR_dorsal_lateral_geniculate,SR_DLG,Subcortex,R,mapped,93.35937500000004,False,5975,2836,0.4746443514644351,0.09824190438487415,0.12288062364740146,0.8500353650891015,cm033,unaccepted
L6:mapped:1659,6,1659.0,SR_medial_geniculate,SR_MG,Subcortex,R,mapped,28.406250000000014,False,1818,1818,1.0,0.16161561426219803,0.17760396281965057,1.003826633060417,cm033,unaccepted
L6:mapped:1661,6,1661.0,SR_pineal_gland,SR_Pi,Subcortex,R,mapped,4.093750000000002,False,262,262,1.0,0.06981085084553613,0.14220898763738912,0.8121821511759477,cm033,unaccepted
L6:mapped:1662,6,1662.0,SR_habenula,SR_Hb,Subcortex,R,mapped,11.265625000000005,False,721,721,1.0,0.31923050363444483,0.3207196542359623,1.7326251068990732,cm033,unaccepted
L6:mapped:1665,6,1665.0,SR_posterior_commissure,SR_pc,Subcortex,R,mapped,2.468750000000001,False,158,158,1.0,0.3020672387402796,0.30451101230388616,1.7522271343291065,cm033,unaccepted
L6:mapped:1666,6,1666.0,SR_precommissural_nucleus,SR_PrC,Subcortex,R,mapped,1.9687500000000009,False,126,126,1.0,0.35298878194092154,0.351611649198188,2.0619849299515156,cm033,unaccepted
L6:mapped:1667,6,1667.0,SR_posterior_commissural_nuclei,SR_PCom_MCPC,Subcortex,R,mapped,5.656250000000003,False,362,362,1.0,0.22880703367619576,0.23909821740993714,1.6479601578131886,cm033,unaccepted
L6:mapped:1668,6,1668.0,SR_p1_mesencephalic_reticulum,SR_p1Rt,Subcortex,R,mapped,16.453125000000007,False,1053,1053,1.0,0.21437337894648553,0.21869671373384703,1.5596102252010577,cm033,unaccepted
L6:mapped:1673,6,1673.0,SR_superior_colliculus,SR_SCo,Subcortex,R,mapped,78.59375000000003,False,5030,5030,1.0,0.11999697446410354,0.13468491028715157,0.8455237058727479,cm033,unaccepted
L6:mapped:1675,6,1675.0,SR_inferior_colliculus,SR_ICo,Subcortex,R,mapped,58.62500000000003,False,3752,3712,0.9893390191897654,-0.002024151564448657,-0.008460905531864736,-0.06471199117303118,cm033,unaccepted
L6:mapped:1676,6,1676.0,SR_saginum_nucleus,SR_Sag-RL,Subcortex,R,mapped,0.7187500000000003,False,46,46,1.0,0.028053694484685456,0.027029547553335788,0.2024097124865129,cm033,unaccepted
L6:mapped:1678,6,1678.0,SR_fourth_nerve,SR_n4,Subcortex,R,mapped,1.6250000000000007,False,104,0,0.0,,,,cm033,unaccepted
L6:mapped:1679,6,1679.0,SR_periaqueductal_gray,SR_PAG,Subcortex,R,mapped,49.48437500000002,False,3167,3049,0.9627407641300916,0.09911147009170573,0.09933967299659544,0.6590227589121015,cm033,unaccepted
L6:mapped:1682,6,1682.0,SR_parabigeminal_nucleus,SR_PBG,Subcortex,R,mapped,2.6875000000000013,False,172,172,1.0,0.05162059358088686,0.05647036138901001,0.4037007482111462,cm033,unaccepted
L6:mapped:1683,6,1683.0,SR_microcellular_tegmentum,SR_MiTg,Subcortex,R,mapped,5.125000000000003,False,328,328,1.0,-0.006665104597948241,-0.006125710544339174,-0.03288615980429736,cm033,unaccepted
L6:mapped:1684,6,1684.0,SR_precuneiform_nucleus,SR_PrCnF,Subcortex,R,mapped,1.5312500000000007,False,98,98,1.0,-0.004923648620651707,-0.00042000679619500284,-0.004460848519917682,cm033,unaccepted
L6:mapped:1685,6,1685.0,SR_cuneiform_nucleus,SR_CnF,Subcortex,R,mapped,8.218750000000004,False,526,426,0.8098859315589354,-0.015021045065961625,-0.020743515144738378,-0.15731486405748116,cm033,unaccepted
L6:mapped:1686,6,1686.0,SR_ventrolateral_tegmentum,SR_VLTg,Subcortex,R,mapped,1.3437500000000007,False,86,10,0.11627906976744186,-0.00725903840084373,-0.007138885833362279,-0.056696182372630535,cm033,unaccepted
L6:mapped:1687,6,1687.0,SR_pedunculopontine_nucleus,SR_PTg,Subcortex,R,mapped,16.546875000000007,False,1059,764,0.7214353163361662,-0.05303633849296603,-0.056636048074400105,-0.4487535155938311,cm033,unaccepted
L6:mapped:1688,6,1688.0,SR_anterior_tegmental_nucleus,SR_ATg,Subcortex,R,mapped,1.4843750000000007,False,95,0,0.0,,,,cm033,unaccepted
L6:mapped:1690,6,1690.0,SR_mesencephalic_reticular_formation,SR_mRt,Subcortex,R,mapped,78.28125000000003,False,5010,4988,0.9956087824351297,0.05727277086487208,0.03150464213978327,0.22520146150861764,cm033,unaccepted
L6:mapped:1691,6,1691.0,SR_retroisthmic_nucleus,SR_RIs,Subcortex,R,mapped,3.2031250000000013,False,205,198,0.9658536585365853,-0.002160237724242688,-0.0017779047989156414,-0.012960897323208117,cm033,unaccepted
L6:mapped:1694,6,1694.0,SR_oculomotor_nuclei,SR_OM,Subcortex,R,mapped,15.796875000000007,False,1011,1011,1.0,0.07152297881563736,0.06910338407595201,0.4488934682018324,cm033,unaccepted
L6:mapped:1695,6,1695.0,SR_mediolateral_fascicle,SR_mlf,Subcortex,R,mapped,18.062500000000007,False,1156,256,0.22145328719723184,0.031237749429725035,0.03043495599002523,0.20573359108986372,cm033,unaccepted
L6:mapped:1697,6,1697.0,SR_medial_Raphe,SR_MR,Subcortex,R,mapped,13.000000000000005,False,832,0,0.0,,,,cm033,unaccepted
L6:mapped:1698,6,1698.0,SR_dorsal_Raphe,SR_DR,Subcortex,R,mapped,8.203125000000004,False,525,291,0.5542857142857143,0.09983739090386672,0.09784711826708797,0.6692987180724684,cm033,unaccepted
L6:mapped:1699,6,1699.0,SR_linear_Raphe,SR_LiR,Subcortex,R,mapped,11.953125000000005,False,765,713,0.9320261437908497,0.009689903750509469,0.016718592463817687,0.08040730104456889,cm033,unaccepted
L6:mapped:1702,6,1702.0,SR_red_nucleus,SR_R,Subcortex,R,mapped,35.421875000000014,False,2267,2267,1.0,0.0897381385816562,0.07793881084619668,0.5660835515794143,cm033,unaccepted
L6:mapped:1703,6,1703.0,SR_prerubral_field,SR_PR-RI,Subcortex,R,mapped,3.0468750000000013,False,195,195,1.0,0.009750429516059783,0.007602293072898637,0.061468579768705435,cm033,unaccepted
L6:mapped:1705,6,1705.0,SR_retrorubral_field,SR_RF,Subcortex,R,mapped,5.734375000000003,False,367,367,1.0,0.045246288335056985,0.05225076385611152,0.40068419333605176,cm033,unaccepted
L6:mapped:1706,6,1706.0,SR_substantia_nigra,SR_SN,Subcortex,R,mapped,111.21875000000004,False,7118,4479,0.629249789266648,0.06332379375922609,0.06755510199735912,0.559229092595713,cm033,unaccepted
L6:mapped:1707,6,1707.0,SR_ventral_tegmental_area,SR_VTA,Subcortex,R,mapped,24.42187500000001,False,1563,831,0.5316698656429942,-0.05548884356710349,-0.04285993046835962,-0.19123330391008808,cm033,unaccepted
L6:mapped:1708,6,1708.0,SR_interpeduncular_nucleus,SR_IP,Subcortex,R,mapped,4.375000000000002,False,280,0,0.0,,,,cm033,unaccepted
L6:mapped:1709,6,1709.0,SR_oculomotor_nerve,SR_n3,Subcortex,R,mapped,6.750000000000003,False,432,27,0.0625,-0.20777193223720727,-0.21190109463577372,-0.8616780652081684,cm033,unaccepted
L6:mapped:1710,6,1710.0,SR_cerebral_peduncle,SR_cp,Subcortex,R,mapped,70.39062500000003,False,4505,734,0.16293007769145393,0.09813663090322583,0.09700149060837715,0.836722313433892,cm033,unaccepted
L6:mapped:1715,6,1715.0,SR_lateral_parabrachial_nucleus,SR_LPB,Subcortex,R,mapped,11.281250000000005,False,722,231,0.31994459833795014,0.062431480470647865,0.06943903966930452,0.5218501342252884,cm033,unaccepted
L6:mapped:1716,6,1716.0,SR_medial_parabrachial_nucleus,SR_MPB,Subcortex,R,mapped,7.8593750000000036,False,503,0,0.0,,,,cm033,unaccepted
L6:mapped:1717,6,1717.0,SR_superior_cerebellar_peduncle,SR_scp,Subcortex,R,mapped,24.48437500000001,False,1567,353,0.22527121888959795,-0.02816310308425157,-0.033723826207162105,-0.2681781942719299,cm033,unaccepted
L6:mapped:1718,6,1718.0,SR_Kolliker-Fuse_nucleus,SR_KF,Subcortex,R,mapped,2.218750000000001,False,142,0,0.0,,,,cm033,unaccepted
L6:mapped:1720,6,1720.0,SR_locus-coeruleus_region,SR_LC-Me5,Subcortex,R,mapped,3.6875000000000018,False,236,0,0.0,,,,cm033,unaccepted
L6:mapped:1721,6,1721.0,SR_mesencephalic_trigeminal_nerve,SR_me5,Subcortex,R,mapped,0.3125000000000001,False,20,0,0.0,,,,cm033,unaccepted
L6:mapped:1722,6,1722.0,SR_central_gray_nucleus,SR_CG,Subcortex,R,mapped,4.187500000000002,False,268,0,0.0,,,,cm033,unaccepted
L6:mapped:1724,6,1724.0,SR_lateral_dorsal_tegmentum,SR_LDTg,Subcortex,R,mapped,7.7656250000000036,False,497,0,0.0,,,,cm033,unaccepted
L6:mapped:1725,6,1725.0,SR_medial_dorsal_tegmentum,SR_MDTg,Subcortex,R,mapped,7.6562500000000036,False,490,0,0.0,,,,cm033,unaccepted
L6:mapped:1728,6,1728.0,SR_lateral_lemniscus,SR_ll,Subcortex,R,mapped,23.67187500000001,False,1515,548,0.36171617161716174,0.04000245686303369,0.02733823436704185,0.22941331673246818,cm033,unaccepted
L6:mapped:1729,6,1729.0,SR_dorsal_lateral_leminscus_nucleus,SR_DLL,Subcortex,R,mapped,1.2187500000000004,False,78,78,1.0,0.0726466382908361,0.0742518341781866,0.5829464707846883,cm033,unaccepted
L6:mapped:1730,6,1730.0,SR_intermediate+ventral_lateral_lemniscus_nuclei,SR_ILL-VLL,Subcortex,R,mapped,2.8437500000000013,False,182,0,0.0,,,,cm033,unaccepted
L6:mapped:1733,6,1733.0,SR_subceruleus,SR_SubC,Subcortex,R,mapped,13.984375000000005,False,895,0,0.0,,,,cm033,unaccepted
L6:mapped:1734,6,1734.0,SR_reticulotegmentum,SR_RtTg,Subcortex,R,mapped,17.500000000000007,False,1120,0,0.0,,,,cm033,unaccepted
L6:mapped:1735,6,1735.0,SR_superior_cerebellar_peduncle_decussation,SR_xscp,Subcortex,R,mapped,16.156250000000007,False,1034,671,0.648936170212766,0.000594595150984594,-0.025174230446201772,-0.21860362267671976,cm033,unaccepted
L6:mapped:1736,6,1736.0,SR_pontine_reticulum_oral,SR_PnO,Subcortex,R,mapped,45.07812500000002,False,2885,344,0.11923743500866552,-0.042986238915724465,-0.04232118110884968,-0.3359807112230738,cm033,unaccepted
L6:mapped:1737,6,1737.0,SR_pontine_reticulum_caudal,SR_PnC,Subcortex,R,mapped,42.78125000000002,False,2738,0,0.0,,,,cm033,unaccepted
L6:mapped:1739,6,1739.0,SR_superior_olive,SR_SuO,Subcortex,R,mapped,11.500000000000005,False,736,0,0.0,,,,cm033,unaccepted
L6:mapped:1740,6,1740.0,SR_medial_lemniscus,SR_ml,Subcortex,R,mapped,35.640625000000014,False,2281,82,0.03594914511179308,0.01009852931327144,0.010971729956702014,0.08958539651371614,cm033,unaccepted
L6:mapped:1741,6,1741.0,SR_trapezoid_bundle_region,SR_tz,Subcortex,R,mapped,9.359375000000004,False,599,0,0.0,,,,cm033,unaccepted
L6:mapped:1743,6,1743.0,SR_pontine_nucleus,SR_Pn,Subcortex,R,mapped,254.6875000000001,False,16300,328,0.020122699386503066,0.011681308358322056,0.011373054986430538,0.10346049959200775,cm033,unaccepted
L6:mapped:1745,6,1745.0,SR_sensory_root_of_the_trigeminal_nerve,SR_s5,Subcortex,R,mapped,14.656250000000007,False,938,0,0.0,,,,cm033,unaccepted
L6:mapped:1746,6,1746.0,SR_transverse_fibers,SR_tfp,Subcortex,R,mapped,9.171875000000004,False,587,0,0.0,,,,cm033,unaccepted
L6:mapped:1747,6,1747.0,SR_medial_cerebellar_peduncle,SR_mcp,Subcortex,R,mapped,214.40625000000009,False,13722,196,0.014283632123597144,-0.030625341386410408,-0.02258344346759731,-0.13865209392708105,cm033,unaccepted
L6:mapped:1750,6,1750.0,SR_inferior_cerebellar_peduncle,SR_icp,Subcortex,R,mapped,27.71875000000001,False,1774,0,0.0,,,,cm033,unaccepted
L6:mapped:1751,6,1751.0,SR_olivocerebellar_tract,SR_oc,Subcortex,R,mapped,21.20312500000001,False,1357,0,0.0,,,,cm033,unaccepted
L6:mapped:1753,6,1753.0,SR_lateral_cerebellar_nucleus,SR_Lat,Subcortex,R,mapped,54.62500000000002,False,3496,3,0.0008581235697940503,0.02687218399922255,0.02476376225315277,0.19710815742876403,cm033,unaccepted
L6:mapped:1755,6,1755.0,SR_anterior_interposed_cerebellar_nucleus,SR_IntA,Subcortex,R,mapped,15.062500000000007,False,964,0,0.0,,,,cm033,unaccepted
L6:mapped:1756,6,1756.0,SR_posterior_interposed_cerebellar_nucleus,SR_IntP,Subcortex,R,mapped,41.04687500000002,False,2627,147,0.05595736581652075,0.05986631100894882,0.06008817014018603,0.385140969079933,cm033,unaccepted
L6:mapped:1757,6,1757.0,SR_fastigial_cerebellar_nucleus,SR_Fas,Subcortex,R,mapped,19.453125000000007,False,1245,628,0.5044176706827309,0.1299566157958445,0.12056136561669928,0.7584233335387588,cm033,unaccepted
L6:mapped:1760,6,1760.0,SR_flocculus,SR_Fl,Subcortex,R,mapped,110.84375000000004,False,7094,0,0.0,,,,cm033,unaccepted
L6:mapped:1761,6,1761.0,SR_paraflocculus,SR_PFl,Subcortex,R,mapped,277.7812500000001,False,17778,0,0.0,,,,cm033,unaccepted
L6:mapped:1764,6,1764.0,SR_cerebellar_lobule_1_vermis,SR_Cb1V,Subcortex,R,mapped,13.937500000000005,False,892,0,0.0,,,,cm033,unaccepted
L6:mapped:1765,6,1765.0,SR_cerebellar_lobule_2_vermis,SR_Cb2V,Subcortex,R,mapped,23.07812500000001,False,1477,20,0.013540961408259987,0.040132626837517074,0.04070467901237931,0.25752965961542373,cm033,unaccepted
L6:mapped:1766,6,1766.0,SR_cerebellar_lobule_3_vermis,SR_Cb3V,Subcortex,R,mapped,42.21875000000002,False,2702,1056,0.3908216136195411,0.042330399204802784,0.036050822652266126,0.21999231468067248,cm033,unaccepted
L6:mapped:1767,6,1767.0,SR_cerebellar_lobule_4_vermis,SR_Cb4V,Subcortex,R,mapped,131.23437500000006,False,8399,7510,0.8941540659602334,0.22500368818136807,0.2027227298732837,0.8355580180363708,cm033,unaccepted
L6:mapped:1768,6,1768.0,SR_cerebellar_lobule_5_vermis,SR_Cb5V,Subcortex,R,mapped,270.0781250000001,False,17285,17022,0.9847844952270755,0.08074958008096983,0.11862311048068533,0.5655300740392208,cm033,unaccepted
L6:mapped:1770,6,1770.0,SR_cerebellar_lobule_6_vermis,SR_Cb6V,Subcortex,R,mapped,207.89062500000009,False,13305,11544,0.8676437429537768,0.06076057022732321,0.05877465797725722,0.4191229336350629,cm033,unaccepted
L6:mapped:1771,6,1771.0,SR_cerebellar_lobule_7_vermis,SR_Cb7V,Subcortex,R,mapped,102.93750000000004,False,6588,1872,0.28415300546448086,0.010284570412035397,0.03379776424485537,0.20723306750152493,cm033,unaccepted
L6:mapped:1772,6,1772.0,SR_cerebellar_lobule_8_vermis,SR_Cb8V,Subcortex,R,mapped,34.812500000000014,False,2228,0,0.0,,,,cm033,unaccepted
L6:mapped:1773,6,1773.0,SR_cerebellar_lobule_9_vermis,SR_Cb9V,Subcortex,R,mapped,68.92187500000003,False,4411,71,0.016096123328043527,0.10379197415301318,0.11522611226342797,0.38119862059503423,cm033,unaccepted
L6:mapped:1774,6,1774.0,SR_cerebellar_lobule_10_vermis,SR_Cb10V,Subcortex,R,mapped,85.71875000000004,False,5486,91,0.016587677725118485,0.1180786442263358,0.11081541384261687,0.586969936151603,cm033,unaccepted
L6:mapped:1776,6,1776.0,SR_cerebellar_lobule_3_intermediate,SR_Cb3I,Subcortex,R,mapped,31.937500000000014,False,2044,375,0.1834637964774951,-0.0019250972935605712,-0.004315157796381126,-0.030412146611005927,cm033,unaccepted
L6:mapped:1777,6,1777.0,SR_cerebellar_lobule_4_intermediate,SR_Cb4I,Subcortex,R,mapped,66.62500000000003,False,4264,2498,0.5858348968105066,0.021286191518205922,0.028245076729791298,0.16891431359726136,cm033,unaccepted
L6:mapped:1778,6,1778.0,SR_cerebellar_lobule_5_intermediate,SR_Cb5I,Subcortex,R,mapped,160.43750000000009,False,10268,4582,0.44624074795481106,0.05827639198131962,0.05895765322073966,0.3915066881097514,cm033,unaccepted
L6:mapped:1779,6,1779.0,SR_cerebellar_lobule_6_intermediate,SR_Cb6I,Subcortex,R,mapped,137.14062500000006,False,8777,2237,0.25487068474421787,0.04242967351898243,0.025580023620805234,0.18156867285964898,cm033,unaccepted
L6:mapped:1780,6,1780.0,SR_copula_of_the_pyramis,SR_Cop,Subcortex,R,mapped,113.28125000000006,False,7250,0,0.0,,,,cm033,unaccepted
L6:mapped:1781,6,1781.0,SR_simple_lobule,SR_Sim,Subcortex,R,mapped,277.1250000000001,False,17736,7795,0.4395015787099684,0.014669134925199947,0.017398171185690786,0.13313101457663176,cm033,unaccepted
L6:mapped:1782,6,1782.0,SR_paramedian_lobule,SR_PM,Subcortex,R,mapped,384.18750000000017,False,24588,806,0.03278021799251667,-0.09660967022495857,-0.08861641971554676,-0.6117749757291806,cm033,unaccepted
L6:mapped:1784,6,1784.0,SR_ansiform_lobule_crus1,SR_Crus1,Subcortex,R,mapped,395.84375000000017,False,25334,5089,0.2008762927291387,-0.036779663515329394,-0.035958374234132034,-0.2893065901934904,cm033,unaccepted
L6:mapped:1785,6,1785.0,SR_ansiform_lobule_crus2,SR_Crus2,Subcortex,R,mapped,322.03125000000017,False,20610,1200,0.05822416302765648,0.0427865743556785,0.03790584552064637,0.2728387997866262,cm033,unaccepted
L6:mapped:1790,6,1790.0,SR_vestibular_nucleus,SR_Ve,Subcortex,R,mapped,62.18750000000003,False,3980,0,0.0,,,,cm033,unaccepted
L6:mapped:1791,6,1791.0,SR_cochlear_nucleus,SR_DVC,Subcortex,R,mapped,11.640625000000005,False,745,0,0.0,,,,cm033,unaccepted
L6:mapped:1792,6,1792.0,SR_vestibulochoclear_nerve,SR_n8,Subcortex,R,mapped,10.156250000000005,False,650,0,0.0,,,,cm033,unaccepted
L6:mapped:1793,6,1793.0,SR_prepositus_nucleus,SR_Pr,Subcortex,R,mapped,5.156250000000003,False,330,0,0.0,,,,cm033,unaccepted
L6:mapped:1795,6,1795.0,SR_motor_trigeminal_nucleus,SR_Nu5,Subcortex,R,mapped,7.5468750000000036,False,483,0,0.0,,,,cm033,unaccepted
L6:mapped:1796,6,1796.0,SR_principal_trigeminal_nucleus,SR_Pr5,Subcortex,R,mapped,11.625000000000005,False,744,0,0.0,,,,cm033,unaccepted
L6:mapped:1798,6,1798.0,SR_spinal_trigeminal_nucleus_oral,SR_Sp5O,Subcortex,R,mapped,4.765625000000002,False,305,0,0.0,,,,cm033,unaccepted
L6:mapped:1799,6,1799.0,SR_spinal_trigeminal_nucleus_intermediate,SR_Sp5I,Subcortex,R,mapped,23.60937500000001,False,1511,0,0.0,,,,cm033,unaccepted
L6:mapped:1800,6,1800.0,SR_spinal_trigeminal_nucleus_caudal,SR_Sp5C,Subcortex,R,mapped,9.984375000000004,False,639,0,0.0,,,,cm033,unaccepted
L6:mapped:1802,6,1802.0,SR_cuneate_gracile_nuclei,SR_CuGr,Subcortex,R,mapped,53.35937500000002,False,3415,0,0.0,,,,cm033,unaccepted
L6:mapped:1803,6,1803.0,SR_obex,SR_obex,Subcortex,R,mapped,0.12500000000000006,False,8,0,0.0,,,,cm033,unaccepted
L6:mapped:1804,6,1804.0,SR_solitary_tract_nucleus,SR_Sol,Subcortex,R,mapped,18.828125000000007,False,1205,0,0.0,,,,cm033,unaccepted
L6:mapped:1805,6,1805.0,SR_visceral_motor_nuclei,SR_Nu10-12,Subcortex,R,mapped,6.875000000000003,False,440,0,0.0,,,,cm033,unaccepted
L6:mapped:1808,6,1808.0,SR_abducens_motor_nucleus,SR_Nu6,Subcortex,R,mapped,5.875000000000003,False,376,0,0.0,,,,cm033,unaccepted
L6:mapped:1809,6,1809.0,SR_facial_motor_nucleus,SR_Nu7,Subcortex,R,mapped,4.906250000000002,False,314,0,0.0,,,,cm033,unaccepted
L6:mapped:1811,6,1811.0,SR_parvicellular_and_intermediate_reticular_nuclei,SR_PCIRt,Subcortex,R,mapped,31.406250000000014,False,2010,0,0.0,,,,cm033,unaccepted
L6:mapped:1812,6,1812.0,SR_dorsal_paragigantocellular_reticular_nucleus,SR_DPGi,Subcortex,R,mapped,6.125000000000003,False,392,0,0.0,,,,cm033,unaccepted
L6:mapped:1813,6,1813.0,SR_gigantocellular_reticular_nucleus,SR_Gi,Subcortex,R,mapped,70.50000000000003,False,4512,0,0.0,,,,cm033,unaccepted
L6:mapped:1814,6,1814.0,SR_medullar_reticular_nucleus,SR_MdRt,Subcortex,R,mapped,13.031250000000005,False,834,0,0.0,,,,cm033,unaccepted
L6:mapped:1816,6,1816.0,SR_Raphe_magnus_nucleus,SR_RMg,Subcortex,R,mapped,1.6718750000000007,False,107,0,0.0,,,,cm033,unaccepted
L6:mapped:1817,6,1817.0,SR_Raphe_obscurus_nucleus,SR_ROb,Subcortex,R,mapped,1.2656250000000007,False,81,0,0.0,,,,cm033,unaccepted
L6:mapped:1820,6,1820.0,SR_inferior_olive,SR_InO,Subcortex,R,mapped,52.23437500000002,False,3343,0,0.0,,,,cm033,unaccepted
L6:mapped:1821,6,1821.0,SR_lateral_reticular_nucleus,SR_LRt,Subcortex,R,mapped,12.468750000000005,False,798,0,0.0,,,,cm033,unaccepted
L6:mapped:1823,6,1823.0,SR_pyramidal_tract,SR_py,Subcortex,R,mapped,46.54687500000002,False,2979,0,0.0,,,,cm033,unaccepted
L6:mapped:1825,6,1825.0,SR_corticospinal_tract,SR_cst,Subcortex,R,mapped,0.34375000000000017,False,22,0,0.0,,,,cm033,unaccepted
