TargetID,Level,ARMIndex,OfficialFullName,Abbreviation,Domain,Hemisphere,TargetStatus,ActualVolumeMm3,KeyRangeConflict,region_voxels,covered_voxels,coverage_fraction,mean_signed_contrast,median_signed_contrast,median_T_descriptive_only,subject,registration_status
L1:zero_unassigned:0,1,0.0,Atlas label 0 (unassigned),,Unassigned,Unknown,zero_unassigned,190501.3437500001,False,12192086,2049469,0.16809830573701662,0.10816137594729608,0.03897473025308611,0.15332359406414445,cm032,unaccepted
L1:mapped:1,1,1.0,CL_Frontal_Lobe,CL_Frontal,Cortex,L,mapped,6154.890625000003,False,393913,351284,0.8917806723819727,0.04748820687848043,0.052757782787901726,0.20049668090800546,cm032,unaccepted
L1:mapped:90,1,90.0,CL_Parietal_Lobe,CL_Parietal,Cortex,L,mapped,3774.453125000002,False,241565,240406,0.9952021195123466,0.03299862619916988,-0.002088488280539891,-0.009385100783150864,cm032,unaccepted
L1:mapped:138,1,138.0,CL_Temporal_Lobe,CL_Temporal,Cortex,L,mapped,4285.390625000002,False,274265,158041,0.5762346635553206,0.016205551469563064,0.009081833585640738,0.03534496730959602,cm032,unaccepted
L1:mapped:231,1,231.0,CL_Occipital_Lobe,CL_Occipital,Cortex,L,mapped,4916.578125000002,False,314661,246435,0.7831761800795142,-0.14475230927247784,-0.11969498730393704,-0.45140820339835924,cm032,unaccepted
L1:mapped:501,1,501.0,CR_Frontal_Lobe,CR_Frontal,Cortex,R,mapped,6154.890625000003,False,393913,329744,0.83709854714112,0.4445141754418126,0.23472312286751476,0.8909607678845665,cm032,unaccepted
L1:mapped:590,1,590.0,CR_Parietal_Lobe,CR_Parietal,Cortex,R,mapped,3774.453125000002,False,241565,240630,0.9961294061639724,0.25022361553937533,0.1600372200393143,0.6183134108329413,cm032,unaccepted
L1:mapped:638,1,638.0,CR_Temporal_Lobe,CR_Temporal,Cortex,R,mapped,4285.390625000002,False,274265,158542,0.5780613640092611,0.6543752485585145,0.46596178287331214,1.754897947450431,cm032,unaccepted
L1:mapped:731,1,731.0,CR_Occipital_Lobe,CR_Occipital,Cortex,R,mapped,4916.578125000002,False,314661,268908,0.8545958984430864,-0.04790533421591999,-0.04444531853461367,-0.16662328205469681,cm032,unaccepted
L1:mapped:1001,1,1001.0,SL_telencephalon,SL_tel,Subcortex,L,mapped,3805.562500000002,False,243556,202781,0.8325847033125852,0.0320661162891549,0.022930302081250978,0.08705375974350771,cm032,unaccepted
L1:mapped:1082,1,1082.0,SL_diencephalon,SL_di,Subcortex,L,mapped,1285.0937500000007,False,82246,74173,0.9018432507355981,0.0380673759731025,-0.021559443043792564,-0.0815143810041723,cm032,unaccepted
L1:mapped:1169,1,1169.0,SL_mesencephalon,SL_mes,Subcortex,L,mapped,635.8437500000002,False,40694,35792,0.8795399813240281,-0.06846208645674386,-0.061687565481898576,-0.2352349371300137,cm032,unaccepted
L1:mapped:1211,1,1211.0,SL_metencephalon,SL_met,Subcortex,L,mapped,4219.281250000002,False,270034,165793,0.613970833302473,-0.012712507043461344,-0.006544609893161232,-0.019864063115411668,cm032,unaccepted
L1:mapped:1286,1,1286.0,SL_myelencephalon,SL_myel,Subcortex,L,mapped,472.2343750000002,False,30223,3326,0.11004863845415742,-0.03429595056828383,-0.031938895069738085,-0.12355124670396676,cm032,unaccepted
L1:mapped:1501,1,1501.0,SR_telencephalon,SR_tel,Subcortex,R,mapped,3805.562500000002,False,243556,202225,0.8303018607630278,0.8775262113125468,0.43408747017252014,1.595665838766967,cm032,unaccepted
L1:mapped:1582,1,1582.0,SR_diencephalon,SR_di,Subcortex,R,mapped,1285.0937500000007,False,82246,74954,0.9113391532718916,0.13810687132332772,0.05430832413225467,0.2133392009197927,cm032,unaccepted
L1:mapped:1669,1,1669.0,SR_mesencephalon,SR_mes,Subcortex,R,mapped,635.8437500000002,False,40694,37370,0.918317196638325,0.09651102527865955,0.10354882963938769,0.40236654079495937,cm032,unaccepted
L1:mapped:1711,1,1711.0,SR_metencephalon,SR_met,Subcortex,R,mapped,4219.281250000002,False,270034,171661,0.6357014301902724,-0.024499491382727303,-0.02238683914365321,-0.0838369295861856,cm032,unaccepted
L1:mapped:1786,1,1786.0,SR_myelencephalon,SR_myel,Subcortex,R,mapped,472.2343750000002,False,30223,3570,0.11812196009661516,-0.03188552686589106,-0.01804413662088059,-0.06679216389772062,cm032,unaccepted
L2:zero_unassigned:0,2,0.0,Atlas label 0 (unassigned),,Unassigned,Unknown,zero_unassigned,190501.3437500001,False,12192086,2049469,0.16809830573701662,0.10816137594729608,0.03897473025308611,0.15332359406414445,cm032,unaccepted
L2:mapped:2,2,2.0,CL_anterior_cingulate_gyrus,CL_ACgG,Cortex,L,mapped,602.7656250000002,False,38577,38031,0.9858464888405009,-0.01033807403136999,-0.006896878907016388,-0.005372683675074097,cm032,unaccepted
L2:mapped:16,2,16.0,CL_orbital_frontal_cortex,CL_OFC,Cortex,L,mapped,1344.9218750000007,False,86075,57730,0.670694162067964,0.034993900005393264,0.03820530355974358,0.1308596724538149,cm032,unaccepted
L2:mapped:50,2,50.0,CL_lateral_prefrontal_cortex,CL_lat_PFC,Cortex,L,mapped,1665.2031250000007,False,106573,94808,0.8896061854315821,0.11401762330393803,0.10836936455829309,0.4001857931990634,cm032,unaccepted
L2:mapped:77,2,77.0,CL_motor_cortex,CL_motor,Cortex,L,mapped,2542.000000000001,False,162688,160715,0.9878724921321794,0.026413426755909804,0.03439882037923003,0.1405026458708761,cm032,unaccepted
L2:mapped:91,2,91.0,CL_somatosensory_cortex,CL_SI/SII,Cortex,L,mapped,1186.0000000000005,False,75904,75752,0.9979974704890388,0.052737096444161184,0.04841343396073666,0.19864672426537971,cm032,unaccepted
L2:mapped:96,2,96.0,CL_superior_parietal_lobule,CL_SPL,Cortex,L,mapped,852.2656250000003,False,54545,54545,1.0,-0.04330371269025907,-0.04226485814642883,-0.1583023303819921,cm032,unaccepted
L2:mapped:112,2,112.0,CL_inferior_parietal_lobule,CL_IPL,Cortex,L,mapped,1044.0156250000005,False,66817,66017,0.9880269991169912,0.01069039085700501,-0.01543413532603885,-0.06160172426221089,cm032,unaccepted
L2:mapped:125,2,125.0,CL_posterior_medial_cortex,CL_PMC,Cortex,L,mapped,692.1718750000003,False,44299,44092,0.9953272082891261,0.12687972139351397,-0.010443696896976438,-0.05433409447442641,cm032,unaccepted
L2:mapped:139,2,139.0,CL_medial_temporal_lobe,CL_MTL,Cortex,L,mapped,423.42187500000017,False,27099,3006,0.11092660245765526,0.35325365356860206,0.2696381039766913,0.5463192601828353,cm032,unaccepted
L2:mapped:165,2,165.0,CL_temporal_pole,CL_TG,Cortex,L,mapped,315.5156250000001,False,20193,9857,0.48813945426632993,0.06439566791390319,0.046114836572955314,0.17700087698231515,cm032,unaccepted
L2:mapped:175,2,175.0,CL_inferior_temporal_cortex,CL_ITC,Cortex,L,mapped,1884.890625000001,False,120633,50520,0.4187908781179279,0.017272723016546677,0.003350182462402569,0.012074229235731357,cm032,unaccepted
L2:mapped:193,2,193.0,CL_superior_temporal_region,CL_STG/STSd,Cortex,L,mapped,854.1250000000003,False,54664,43274,0.7916361773745061,-0.021437145151482196,-0.015033434210387175,-0.06293227062298676,cm032,unaccepted
L2:mapped:204,2,204.0,CL_core_and_belt_areas_of_auditory_cortex,CL_core/belt,Cortex,L,mapped,504.1406250000002,False,32265,31973,0.9909499457616613,0.034175382380136184,0.04227432937022568,0.16735630223708176,cm032,unaccepted
L2:mapped:224,2,224.0,CL_floor_of_the_lateral_sulcus,CL_floor_of_ls,Cortex,L,mapped,303.2968750000001,False,19411,19411,1.0,-0.008918833125760495,-0.012683415942616134,-0.04975661798371672,cm032,unaccepted
L2:mapped:232,2,232.0,CL_middle_temporal_area,CL_MT,Cortex,L,mapped,94.67187500000004,False,6059,6059,1.0,-0.039321822855262444,-0.034322356716870006,-0.13402495699249084,cm032,unaccepted
L2:mapped:233,2,233.0,CL_extrastriate_visual_areas_2-4,CL_V2-V4,Cortex,L,mapped,2856.3593750000014,False,182807,138226,0.756130782738079,-0.12806961248942592,-0.11029147195222407,-0.4147891900851649,cm032,unaccepted
L2:mapped:246,2,246.0,CL_primary_visual_cortex,CL_V1,Cortex,L,mapped,1965.546875000001,False,125795,102150,0.8120354545093207,-0.17358036372902255,-0.1454740704344235,-0.545141243720908,cm032,unaccepted
L2:mapped:502,2,502.0,CR_anterior_cingulate_gyrus,CR_ACgG,Cortex,R,mapped,602.7656250000002,False,38577,38157,0.9891126837234622,0.2553623997683089,0.21639928514261447,0.7912274886882457,cm032,unaccepted
L2:mapped:516,2,516.0,CR_orbital_frontal_cortex,CR_OFC,Cortex,R,mapped,1344.9218750000007,False,86075,48551,0.5640546035434214,1.3885209894187798,0.7257174948126074,2.349516951124943,cm032,unaccepted
L2:mapped:550,2,550.0,CR_lateral_prefrontal_cortex,CR_lat_PFC,Cortex,R,mapped,1665.2031250000007,False,106573,90079,0.8452328450920965,0.3839809915920524,0.2745357161253146,1.0150966303618851,cm032,unaccepted
L2:mapped:577,2,577.0,CR_motor_cortex,CR_motor,Cortex,R,mapped,2542.000000000001,False,162688,152957,0.9401861231313926,0.22770656380573667,0.1436849528041131,0.5847581448561896,cm032,unaccepted
L2:mapped:591,2,591.0,CR_somatosensory_cortex,CR_SI/SII,Cortex,R,mapped,1186.0000000000005,False,75904,75384,0.9931492411467117,0.4207462153731561,0.2589118770835229,1.0312505678542214,cm032,unaccepted
L2:mapped:596,2,596.0,CR_superior_parietal_lobule,CR_SPL,Cortex,R,mapped,852.2656250000003,False,54545,54545,1.0,0.09510225123157473,0.10416748747476084,0.3976324441913982,cm032,unaccepted
L2:mapped:612,2,612.0,CR_inferior_parietal_lobule,CR_IPL,Cortex,R,mapped,1044.0156250000005,False,66817,66520,0.9955550234221829,0.2802401118442749,0.22517613503513903,0.8797344074264044,cm032,unaccepted
L2:mapped:625,2,625.0,CR_posterior_medial_cortex,CR_PMC,Cortex,R,mapped,692.1718750000003,False,44299,44181,0.9973362829860719,0.10558501107359435,0.021919186119662336,0.07382683668146128,cm032,unaccepted
L2:mapped:639,2,639.0,CR_medial_temporal_lobe,CR_MTL,Cortex,R,mapped,423.42187500000017,False,27099,2713,0.10011439536514262,0.7726089016473826,0.6334564805734729,2.1228344982834093,cm032,unaccepted
L2:mapped:665,2,665.0,CR_temporal_pole,CR_TG,Cortex,R,mapped,315.5156250000001,False,20193,8576,0.4247016292774724,1.036019846205632,0.8605544251025025,2.786609876185944,cm032,unaccepted
L2:mapped:675,2,675.0,CR_inferior_temporal_cortex,CR_ITC,Cortex,R,mapped,1884.890625000001,False,120633,54174,0.4490810972122056,0.3041961308735886,0.23302536108798963,0.9219450206801111,cm032,unaccepted
L2:mapped:693,2,693.0,CR_superior_temporal_region,CR_STG/STSd,Cortex,R,mapped,854.1250000000003,False,54664,42512,0.7776964729986828,0.6511134006269604,0.4875508739902321,1.8713146916030439,cm032,unaccepted
L2:mapped:704,2,704.0,CR_core_and_belt_areas_of_auditory_cortex,CR_core/belt,Cortex,R,mapped,504.1406250000002,False,32265,31156,0.9656283898961723,0.6557617470996558,0.5583619274352677,2.114351452659851,cm032,unaccepted
L2:mapped:724,2,724.0,CR_floor_of_the_lateral_sulcus,CR_floor_of_ls,Cortex,R,mapped,303.2968750000001,False,19411,19411,1.0,1.4514656345216197,1.1094999687463374,3.6866356693644757,cm032,unaccepted
L2:mapped:732,2,732.0,CR_middle_temporal_area,CR_MT,Cortex,R,mapped,94.67187500000004,False,6059,6059,1.0,-0.10528336864573945,-0.02212623558768334,-0.06116929897216042,cm032,unaccepted
L2:mapped:733,2,733.0,CR_extrastriate_visual_areas_2-4,CR_V2-V4,Cortex,R,mapped,2856.3593750000014,False,182807,154689,0.8461875092310469,-0.03488509675076693,-0.04120489481677814,-0.1569831060875232,cm032,unaccepted
L2:mapped:746,2,746.0,CR_primary_visual_cortex,CR_V1,Cortex,R,mapped,1965.546875000001,False,125795,108160,0.859811598235224,-0.06331245332313883,-0.04972433842608472,-0.1841795923289729,cm032,unaccepted
L2:mapped:1002,2,1002.0,SL_lateral_and_ventral_pallium,SL_LVPal,Subcortex,L,mapped,309.6718750000001,False,19819,19148,0.9661435995761642,0.015554795431362643,0.0035886192204919246,0.007030881071709072,cm032,unaccepted
L2:mapped:1010,2,1010.0,SL_medial_pallium,SL_MPal,Subcortex,L,mapped,575.5000000000002,False,36832,15706,0.4264226759339705,0.06024605682487914,0.03621358773759746,0.13274651196977905,cm032,unaccepted
L2:mapped:1024,2,1024.0,SL_amygdala,SL_Amy,Subcortex,L,mapped,302.0000000000001,False,19328,15994,0.8275041390728477,0.23518083018506292,0.2095157930904703,0.5451929088044569,cm032,unaccepted
L2:mapped:1050,2,1050.0,SL_basal_ganglia,SL_BG,Subcortex,L,mapped,2261.015625000001,False,144705,138311,0.9558135517086487,0.011096031460717408,0.012118324171816658,0.047181043437954484,cm032,unaccepted
L2:mapped:1069,2,1069.0,SL_diagonal_subpallium,SL_DSP,Subcortex,L,mapped,182.70312500000009,False,11693,10723,0.9170443855298042,-0.008165083236431885,0.03511703059521738,0.13037513757815788,cm032,unaccepted
L2:mapped:1077,2,1077.0,SL_preoptic_complex,SL_POC,Subcortex,L,mapped,174.67187500000009,False,11179,2899,0.259325521066285,0.017143883415285863,0.029181192008487566,0.09756674898371545,cm032,unaccepted
L2:mapped:1083,2,1083.0,SL_hypothalamus,SL_Hy,Subcortex,L,mapped,235.7812500000001,False,15090,9032,0.5985420808482439,-0.08749456103859651,-0.0795243216205963,-0.2796685080487339,cm032,unaccepted
L2:mapped:1111,2,1111.0,SL_prethalamus,SL_PreThal,Subcortex,L,mapped,37.375000000000014,False,2392,2356,0.9849498327759197,-0.12471266318327563,-0.1105748271017247,-0.3993016103558345,cm032,unaccepted
L2:mapped:1113,2,1113.0,SL_thalamus,SL_Thal,Subcortex,L,mapped,970.0312500000005,False,62082,60103,0.9681228053219935,0.06204873758327883,-0.012689375157867652,-0.04623554780805583,cm032,unaccepted
L2:mapped:1160,2,1160.0,SL_epithalamus,SL_EpiThal,Subcortex,L,mapped,15.359375000000007,False,983,983,1.0,0.3932909081322698,0.34449367357065735,1.0539676482838605,cm032,unaccepted
L2:mapped:1163,2,1163.0,SL_pretectum,SL_PrT,Subcortex,L,mapped,26.54687500000001,False,1699,1699,1.0,-0.12258672739758311,-0.11909158247272962,-0.46186187476045704,cm032,unaccepted
L2:mapped:1170,2,1170.0,SL_midbrain,SL_Mid,Subcortex,L,mapped,635.8437500000002,False,40694,35792,0.8795399813240281,-0.06846208645674386,-0.061687565481898576,-0.2352349371300137,cm032,unaccepted
L2:mapped:1212,2,1212.0,SL_pons,SL_Pons,Subcortex,L,mapped,782.1093750000003,False,50055,22440,0.4483068624513036,-0.06587530787919643,-0.02471775329270294,-0.0846053773967043,cm032,unaccepted
L2:mapped:1248,2,1248.0,SL_cerebellum,SL_Cb,Subcortex,L,mapped,3437.1718750000014,False,219979,143353,0.6516667500079553,-0.004390579698000168,-0.002792358573879588,-0.005915702664883744,cm032,unaccepted
L2:mapped:1287,2,1287.0,SL_medulla,SL_Med,Subcortex,L,mapped,472.2343750000002,False,30223,3326,0.11004863845415742,-0.03429595056828383,-0.031938895069738085,-0.12355124670396676,cm032,unaccepted
L2:mapped:1502,2,1502.0,SR_lateral_and_ventral_pallium,SR_LVPal,Subcortex,R,mapped,309.6718750000001,False,19819,18512,0.9340531812906807,2.4388896191238336,2.28776792389065,7.868024239489207,cm032,unaccepted
L2:mapped:1510,2,1510.0,SR_medial_pallium,SR_MPal,Subcortex,R,mapped,575.5000000000002,False,36832,15665,0.4253095134665508,0.3845886601961779,0.31081838115000743,1.137430431889976,cm032,unaccepted
L2:mapped:1524,2,1524.0,SR_amygdala,SR_Amy,Subcortex,R,mapped,302.0000000000001,False,19328,14809,0.7661941225165563,1.7327405401288443,1.650311500577235,4.345680215006013,cm032,unaccepted
L2:mapped:1550,2,1550.0,SR_basal_ganglia,SR_BG,Subcortex,R,mapped,2261.015625000001,False,144705,138591,0.9577485228568466,0.6571588727656097,0.29438234569182925,1.1147910531857534,cm032,unaccepted
L2:mapped:1569,2,1569.0,SR_diagonal_subpallium,SR_DSP,Subcortex,R,mapped,182.70312500000009,False,11693,10322,0.8827503634653211,0.6693791128718934,0.34646007485153996,1.327055383887779,cm032,unaccepted
L2:mapped:1577,2,1577.0,SR_preoptic_complex,SR_POC,Subcortex,R,mapped,174.67187500000009,False,11179,4326,0.38697557921102066,0.6099493514091247,0.2493800710414239,0.7112601452063627,cm032,unaccepted
L2:mapped:1583,2,1583.0,SR_hypothalamus,SR_Hy,Subcortex,R,mapped,235.7812500000001,False,15090,9174,0.6079522862823061,0.5730657105384296,0.23111756229908686,0.7641071163065181,cm032,unaccepted
L2:mapped:1611,2,1611.0,SR_prethalamus,SR_PreThal,Subcortex,R,mapped,37.375000000000014,False,2392,2392,1.0,0.22775755252700827,0.16663512889454754,0.5850140704247629,cm032,unaccepted
L2:mapped:1613,2,1613.0,SR_thalamus,SR_Thal,Subcortex,R,mapped,970.0312500000005,False,62082,60706,0.977835765600335,0.06959699256306778,0.023792106068669265,0.09858118711116948,cm032,unaccepted
L2:mapped:1660,2,1660.0,SR_epithalamus,SR_EpiThal,Subcortex,R,mapped,15.359375000000007,False,983,983,1.0,0.20603515279502654,0.17556374600122218,0.668899399973291,cm032,unaccepted
L2:mapped:1663,2,1663.0,SR_pretectum,SR_PrT,Subcortex,R,mapped,26.54687500000001,False,1699,1699,1.0,0.07185047281544621,0.08470034153687478,0.3495222732340466,cm032,unaccepted
L2:mapped:1670,2,1670.0,SR_midbrain,SR_Mid,Subcortex,R,mapped,635.8437500000002,False,40694,37370,0.918317196638325,0.09651102527865955,0.10354882963938769,0.40236654079495937,cm032,unaccepted
L2:mapped:1712,2,1712.0,SR_pons,SR_Pons,Subcortex,R,mapped,782.1093750000003,False,50055,21994,0.43939666366996305,-0.0693130357486572,-0.006183571050676465,-0.010295864735025728,cm032,unaccepted
L2:mapped:1748,2,1748.0,SR_cerebellum,SR_Cb,Subcortex,R,mapped,3437.1718750000014,False,219979,149667,0.6803694898149368,-0.017914010984347823,-0.025059111103149123,-0.09546032001759243,cm032,unaccepted
L2:mapped:1787,2,1787.0,SR_medulla,SR_Med,Subcortex,R,mapped,472.2343750000002,False,30223,3570,0.11812196009661516,-0.03188552686589106,-0.01804413662088059,-0.06679216389772062,cm032,unaccepted
L3:zero_unassigned:0,3,0.0,Atlas label 0 (unassigned),,Unassigned,Unknown,zero_unassigned,190501.3437500001,False,12192086,2049469,0.16809830573701662,0.10816137594729608,0.03897473025308611,0.15332359406414445,cm032,unaccepted
L3:mapped:3,3,3.0,CL_anterior_cingulate_cortex,CL_ACC,Cortex,L,mapped,414.39062500000017,False,26521,25975,0.9794125410052411,-0.015346037547932408,-0.02680992795318457,-0.06899567242959215,cm032,unaccepted
L3:mapped:11,3,11.0,CL_midcingulate_cortex,CL_MCC,Cortex,L,mapped,188.37500000000009,False,12056,12056,1.0,0.0004517279214094337,0.022392207733410267,0.11868042224324052,cm032,unaccepted
L3:mapped:17,3,17.0,CL_medial_orbital_frontal_cortex,CL_med_OFC,Cortex,L,mapped,305.6093750000001,False,19559,14489,0.7407842936755458,0.12727779251347157,0.11735065002009987,0.36908608168599366,cm032,unaccepted
L3:mapped:25,3,25.0,CL_lateral_orbital_frontal_cortex,CL_lat_OFC,Cortex,L,mapped,708.1406250000003,False,45321,29326,0.6470731007700624,0.011675737101811034,0.009943065116301698,0.02962009147028144,cm032,unaccepted
L3:mapped:37,3,37.0,CL_caudal_orbital_frontal_cortex,CL_caudal_OFC,Cortex,L,mapped,331.17187500000017,False,21195,13915,0.6565227648030196,-0.011953485782540196,0.026634987125091825,0.11291843456486705,cm032,unaccepted
L3:mapped:51,3,51.0,CL_periarcuate_area_8A_(Frontal_Eye_Fields),CL_area_8A,Cortex,L,mapped,105.62500000000004,False,6760,6600,0.9763313609467456,0.1256020389019762,0.1305177623833913,0.4970536499402845,cm032,unaccepted
L3:mapped:54,3,54.0,CL_dorsolateral_prefrontal_cortex,CL_dlPFC,Cortex,L,mapped,878.7187500000003,False,56238,53696,0.954799246061382,0.14020631276382842,0.1291905888824881,0.4714535168955927,cm032,unaccepted
L3:mapped:64,3,64.0,CL_ventrolateral_prefrontal_cortex,CL_vlPFC,Cortex,L,mapped,680.8593750000003,False,43575,34512,0.7920137693631669,0.07105618924664411,0.07305922058847537,0.27060707023197106,cm032,unaccepted
L3:mapped:78,3,78.0,CL_lateral_motor_cortex,CL_M1/PM,Cortex,L,mapped,2230.484375000001,False,142751,140871,0.9868302148496333,0.03239415723769375,0.03721334076345132,0.15370964531632877,cm032,unaccepted
L3:mapped:87,3,87.0,CL_medial_supplementary_motor_areas,CL_SMA/preSMA,Cortex,L,mapped,311.5156250000001,False,19937,19844,0.9953353062145759,-0.016043309975565048,0.01544890044594813,0.060501498301917256,cm032,unaccepted
L3:mapped:92,3,92.0,CL_primary_somatosensory_cortex,CL_SI,Cortex,L,mapped,900.6875000000005,False,57644,57492,0.9973631253903268,0.02626273228148466,0.02821367153689978,0.1181897232138632,cm032,unaccepted
L3:mapped:95,3,95.0,CL_secondary_somatosensory_cortex,CL_SII,Cortex,L,mapped,285.3125000000001,False,18260,18260,1.0,0.1360921974540516,0.1337818838661139,0.5185636398014594,cm032,unaccepted
L3:mapped:97,3,97.0,CL_visual_areas_V6_and_V6A,CL_V6/V6A,Cortex,L,mapped,95.54687500000004,False,6115,6115,1.0,-0.15636565852384018,-0.17433307487460264,-0.5958238176543106,cm032,unaccepted
L3:mapped:102,3,102.0,CL_area_5,CL_area_5,Cortex,L,mapped,446.93750000000017,False,28604,28604,1.0,-0.026481834441662057,-0.03130593579683143,-0.12171065655214203,cm032,unaccepted
L3:mapped:107,3,107.0,CL_ventromedial_intraparietal_sulcus,CL_vm_IPS,Cortex,L,mapped,309.7812500000001,False,19826,19826,1.0,-0.03270143319114279,-0.02592268162082116,-0.09330028822909277,cm032,unaccepted
L3:mapped:113,3,113.0,CL_lateral_intraparietal_sulcus,CL_lat_IPS,Cortex,L,mapped,333.00000000000017,False,21312,21312,1.0,-0.006233901732732426,-0.013573935789348793,-0.05424655693646149,cm032,unaccepted
L3:mapped:119,3,119.0,CL_medial_superior_temporal_area,CL_MST,Cortex,L,mapped,150.20312500000006,False,9613,9613,1.0,-0.11896213668958595,-0.1357030079246871,-0.5163466259427335,cm032,unaccepted
L3:mapped:120,3,120.0,CL_area_7_in_the_inferior_parietal_lobule,CL_area_7_in_IPL,Cortex,L,mapped,560.8125000000002,False,35892,35092,0.9777109105093057,0.0564854515824656,0.015207192523385371,0.06139139064022284,cm032,unaccepted
L3:mapped:126,3,126.0,CL_area_7_(PGm)_on_the_medial_wall,CL_area_7m,Cortex,L,mapped,183.04687500000009,False,11715,11688,0.9976952624839949,-0.13784550590814468,-0.11362580687007709,-0.4164306934157199,cm032,unaccepted
L3:mapped:127,3,127.0,CL_posterior_cingulate_gyrus,CL_PCgG,Cortex,L,mapped,509.1250000000002,False,32584,32404,0.9944758163515836,0.22236510766378267,0.04617912646745415,0.14287947808615953,cm032,unaccepted
L3:mapped:148,3,148.0,CL_parahippocampal_cortex,CL_paraHipp,Cortex,L,mapped,143.18750000000006,False,9164,696,0.0759493670886076,-0.10888764604871981,-0.08916672020413263,-0.376066888486709,cm032,unaccepted
L3:mapped:153,3,153.0,CL_rhinal_cortex,CL_Rh,Cortex,L,mapped,280.2343750000001,False,17935,2310,0.12879843880680233,0.49249622695979517,0.6005869180089772,0.9846346166720672,cm032,unaccepted
L3:mapped:165,3,165.0,CL_temporal_pole,CL_TG,Cortex,L,mapped,315.5156250000001,False,20193,9857,0.48813945426632993,0.06439566791390319,0.046114836572955314,0.17700087698231515,cm032,unaccepted
L3:mapped:176,3,176.0,CL_area_TEO,CL_TEO,Cortex,L,mapped,284.3437500000001,False,18198,3828,0.2103527860204418,0.034717076084234334,0.048616519939930644,0.21597219398947426,cm032,unaccepted
L3:mapped:177,3,177.0,CL_area_TE,CL_TE,Cortex,L,mapped,1175.3906250000005,False,75225,22677,0.3014556331006979,-0.032241992619383826,-0.040342868060009224,-0.16520323882992627,cm032,unaccepted
L3:mapped:188,3,188.0,CL_fundus_of_the_superior_temporal_sulcus,CL_STSf,Cortex,L,mapped,425.15625000000017,False,27210,24015,0.88257993384785,0.06124808103998568,0.04550847069488671,0.18399127027197387,cm032,unaccepted
L3:mapped:194,3,194.0,CL_rostral_superior_temporal_region,CL_STGr/STSd,Cortex,L,mapped,593.8125000000002,False,38004,31174,0.8202820755709925,0.012084715844882734,0.005621768675673995,0.0225860978708827,cm032,unaccepted
L3:mapped:199,3,199.0,CL_caudal_superior_temporal_gyrus,CL_STGc,Cortex,L,mapped,260.3125000000001,False,16660,12100,0.7262905162064826,-0.10780164884575329,-0.09452835670916475,-0.38179413457740685,cm032,unaccepted
L3:mapped:205,3,205.0,CL_belt_areas_of_auditory_cortex,CL_belt,Cortex,L,mapped,316.8750000000001,False,20280,19997,0.9860453648915187,0.02444072613986644,0.03590238527018837,0.14414198101224282,cm032,unaccepted
L3:mapped:218,3,218.0,CL_polar_rostrotemporal_cortex,CL_RTp,Cortex,L,mapped,28.031250000000014,False,1794,1785,0.9949832775919732,0.08671187434335254,0.10657219775974158,0.4380741660889527,cm032,unaccepted
L3:mapped:219,3,219.0,CL_core_areas_of_auditory_cortex,CL_core,Cortex,L,mapped,159.23437500000006,False,10191,10191,1.0,0.04407492930215886,0.03752582590901263,0.14365133232592342,cm032,unaccepted
L3:mapped:224,3,224.0,CL_floor_of_the_lateral_sulcus,CL_floor_of_ls,Cortex,L,mapped,303.2968750000001,False,19411,19411,1.0,-0.008918833125760495,-0.012683415942616134,-0.04975661798371672,cm032,unaccepted
L3:mapped:232,3,232.0,CL_middle_temporal_area,CL_MT,Cortex,L,mapped,94.67187500000004,False,6059,6059,1.0,-0.039321822855262444,-0.034322356716870006,-0.13402495699249084,cm032,unaccepted
L3:mapped:234,3,234.0,CL_visual_area_4,CL_V4,Cortex,L,mapped,764.9843750000003,False,48959,28334,0.5787291407095733,-0.10799667506680476,-0.10878709253348409,-0.41388520110044036,cm032,unaccepted
L3:mapped:237,3,237.0,CL_preoccipital_visual_areas_2-3,CL_V2-V3,Cortex,L,mapped,2091.375000000001,False,133848,109892,0.8210208594823979,-0.133245117612024,-0.11072505177346234,-0.41507952529878067,cm032,unaccepted
L3:mapped:246,3,246.0,CL_primary_visual_cortex,CL_V1,Cortex,L,mapped,1965.546875000001,False,125795,102150,0.8120354545093207,-0.17358036372902255,-0.1454740704344235,-0.545141243720908,cm032,unaccepted
L3:mapped:503,3,503.0,CR_anterior_cingulate_cortex,CR_ACC,Cortex,R,mapped,414.39062500000017,False,26521,26101,0.9841634930809547,0.3532122318996715,0.3338997324751797,1.0718529026665036,cm032,unaccepted
L3:mapped:511,3,511.0,CR_midcingulate_cortex,CR_MCC,Cortex,R,mapped,188.37500000000009,False,12056,12056,1.0,0.043519461110321574,0.04451930627692576,0.17997298017321472,cm032,unaccepted
L3:mapped:517,3,517.0,CR_medial_orbital_frontal_cortex,CR_med_OFC,Cortex,R,mapped,305.6093750000001,False,19559,13584,0.6945140344598395,0.42009295269665753,0.43577493361949976,1.3800307285211324,cm032,unaccepted
L3:mapped:525,3,525.0,CR_lateral_orbital_frontal_cortex,CR_lat_OFC,Cortex,R,mapped,708.1406250000003,False,45321,22231,0.4905231570353699,0.9590334303085126,0.7179245671590472,2.300193650574266,cm032,unaccepted
L3:mapped:537,3,537.0,CR_caudal_orbital_frontal_cortex,CR_caudal_OFC,Cortex,R,mapped,331.17187500000017,False,21195,12736,0.600896437839113,3.171110843172992,2.8847937974338773,9.714197817134707,cm032,unaccepted
L3:mapped:551,3,551.0,CR_periarcuate_area_8A_(Frontal_Eye_Fields),CR_area_8A,Cortex,R,mapped,105.62500000000004,False,6760,6162,0.9115384615384615,0.14815960711267961,0.13374994717479066,0.5084099235791641,cm032,unaccepted
L3:mapped:554,3,554.0,CR_dorsolateral_prefrontal_cortex,CR_dlPFC,Cortex,R,mapped,878.7187500000003,False,56238,50481,0.8976314947188734,0.22526983361122385,0.18517714305626098,0.6834074305959783,cm032,unaccepted
L3:mapped:564,3,564.0,CR_ventrolateral_prefrontal_cortex,CR_vlPFC,Cortex,R,mapped,680.8593750000003,False,43575,33436,0.767320711417097,0.6670599883976541,0.5159355710656437,1.915232300392104,cm032,unaccepted
L3:mapped:578,3,578.0,CR_lateral_motor_cortex,CR_M1/PM,Cortex,R,mapped,2230.484375000001,False,142751,133048,0.9320284971733999,0.2412210489178811,0.14599671897130734,0.5935801385448293,cm032,unaccepted
L3:mapped:587,3,587.0,CR_medial_supplementary_motor_areas,CR_SMA/preSMA,Cortex,R,mapped,311.5156250000001,False,19937,19909,0.9985955760646035,0.13739187119432478,0.13017932494667914,0.5303175809707081,cm032,unaccepted
L3:mapped:592,3,592.0,CR_primary_somatosensory_cortex,CR_SI,Cortex,R,mapped,900.6875000000005,False,57644,57124,0.9909791131774339,0.29413448768026845,0.17587201022171936,0.7067406546915967,cm032,unaccepted
L3:mapped:595,3,595.0,CR_secondary_somatosensory_cortex,CR_SII,Cortex,R,mapped,285.3125000000001,False,18260,18260,1.0,0.8168342949311251,0.6524400087450214,2.4554417299228284,cm032,unaccepted
L3:mapped:597,3,597.0,CR_visual_areas_V6_and_V6A,CR_V6/V6A,Cortex,R,mapped,95.54687500000004,False,6115,6115,1.0,-0.012384829077692184,0.023689974602197322,0.08440226136042805,cm032,unaccepted
L3:mapped:602,3,602.0,CR_area_5,CR_area_5,Cortex,R,mapped,446.93750000000017,False,28604,28604,1.0,0.14907927709720342,0.15019226377672842,0.5868055434739162,cm032,unaccepted
L3:mapped:607,3,607.0,CR_ventromedial_intraparietal_sulcus,CR_vm_IPS,Cortex,R,mapped,309.7812500000001,False,19826,19826,1.0,0.05037939479208736,0.04448201926529035,0.166852077304649,cm032,unaccepted
L3:mapped:613,3,613.0,CR_lateral_intraparietal_sulcus,CR_lat_IPS,Cortex,R,mapped,333.00000000000017,False,21312,21312,1.0,0.1304912469217067,0.12920787975208858,0.5124182363052485,cm032,unaccepted
L3:mapped:619,3,619.0,CR_medial_superior_temporal_area,CR_MST,Cortex,R,mapped,150.20312500000006,False,9613,9613,1.0,0.18105936447942783,0.17728276580204086,0.6706331779903562,cm032,unaccepted
L3:mapped:620,3,620.0,CR_area_7_in_the_inferior_parietal_lobule,CR_area_7_in_IPL,Cortex,R,mapped,560.8125000000002,False,35892,35595,0.9917251755265798,0.396685464664841,0.29940120606868187,1.1623239337632914,cm032,unaccepted
L3:mapped:626,3,626.0,CR_area_7_(PGm)_on_the_medial_wall,CR_area_7m,Cortex,R,mapped,183.04687500000009,False,11715,11715,1.0,-0.042326703819428005,-0.025437721314464423,-0.09090480943527535,cm032,unaccepted
L3:mapped:627,3,627.0,CR_posterior_cingulate_gyrus,CR_PCgG,Cortex,R,mapped,509.1250000000002,False,32584,32466,0.9963785907193715,0.15895733103822676,0.04227622221535674,0.14445249584300254,cm032,unaccepted
L3:mapped:648,3,648.0,CR_parahippocampal_cortex,CR_paraHipp,Cortex,R,mapped,143.18750000000006,False,9164,1430,0.156045395024007,0.9870385661268501,0.9959754176168651,3.7307585098084273,cm032,unaccepted
L3:mapped:653,3,653.0,CR_rhinal_cortex,CR_Rh,Cortex,R,mapped,280.2343750000001,False,17935,1283,0.07153610259269584,0.5336109123990284,0.49932524968857483,1.4634162246079478,cm032,unaccepted
L3:mapped:665,3,665.0,CR_temporal_pole,CR_TG,Cortex,R,mapped,315.5156250000001,False,20193,8576,0.4247016292774724,1.036019846205632,0.8605544251025025,2.786609876185944,cm032,unaccepted
L3:mapped:676,3,676.0,CR_area_TEO,CR_TEO,Cortex,R,mapped,284.3437500000001,False,18198,4969,0.2730519837344763,0.13795316294518212,0.122711166444501,0.5112911959536119,cm032,unaccepted
L3:mapped:677,3,677.0,CR_area_TE,CR_TE,Cortex,R,mapped,1175.3906250000005,False,75225,24248,0.32233964772349616,0.2923079304338234,0.22944371246467143,0.8827330983702455,cm032,unaccepted
L3:mapped:688,3,688.0,CR_fundus_of_the_superior_temporal_sulcus,CR_STSf,Cortex,R,mapped,425.15625000000017,False,27210,24957,0.9171995589856671,0.3488459842974648,0.27279985407205454,1.0812670350812792,cm032,unaccepted
L3:mapped:694,3,694.0,CR_rostral_superior_temporal_region,CR_STGr/STSd,Cortex,R,mapped,593.8125000000002,False,38004,30274,0.7966003578570677,0.7477547385692502,0.5749917011556867,2.2049014320398745,cm032,unaccepted
L3:mapped:699,3,699.0,CR_caudal_superior_temporal_gyrus,CR_STGc,Cortex,R,mapped,260.3125000000001,False,16660,12238,0.7345738295318127,0.41204493642816326,0.25519509116453903,0.9594055095224924,cm032,unaccepted
L3:mapped:705,3,705.0,CR_belt_areas_of_auditory_cortex,CR_belt,Cortex,R,mapped,316.8750000000001,False,20280,19293,0.9513313609467455,0.7276167247123698,0.6256192638255605,2.352678607826706,cm032,unaccepted
L3:mapped:718,3,718.0,CR_polar_rostrotemporal_cortex,CR_RTp,Cortex,R,mapped,28.031250000000014,False,1794,1672,0.9319955406911928,0.21593540205904782,0.18683952141592097,0.6761604502438548,cm032,unaccepted
L3:mapped:719,3,719.0,CR_core_areas_of_auditory_cortex,CR_core,Cortex,R,mapped,159.23437500000006,False,10191,10191,1.0,0.5918908380451768,0.49773877170212205,1.906276197991132,cm032,unaccepted
L3:mapped:724,3,724.0,CR_floor_of_the_lateral_sulcus,CR_floor_of_ls,Cortex,R,mapped,303.2968750000001,False,19411,19411,1.0,1.4514656345216197,1.1094999687463374,3.6866356693644757,cm032,unaccepted
L3:mapped:732,3,732.0,CR_middle_temporal_area,CR_MT,Cortex,R,mapped,94.67187500000004,False,6059,6059,1.0,-0.10528336864573945,-0.02212623558768334,-0.06116929897216042,cm032,unaccepted
L3:mapped:734,3,734.0,CR_visual_area_4,CR_V4,Cortex,R,mapped,764.9843750000003,False,48959,34099,0.696480728773055,0.059684522871980644,0.045567132469769345,0.17621958640654145,cm032,unaccepted
L3:mapped:737,3,737.0,CR_preoccipital_visual_areas_2-3,CR_V2-V3,Cortex,R,mapped,2091.375000000001,False,133848,120590,0.9009473432550356,-0.06162636434771584,-0.06958630617806082,-0.2625774843840565,cm032,unaccepted
L3:mapped:746,3,746.0,CR_primary_visual_cortex,CR_V1,Cortex,R,mapped,1965.546875000001,False,125795,108160,0.859811598235224,-0.06331245332313883,-0.04972433842608472,-0.1841795923289729,cm032,unaccepted
L3:mapped:1003,3,1003.0,SL_lateral_pallium,SL_LPal,Subcortex,L,mapped,255.1562500000001,False,16330,16330,1.0,-0.0016147555457746365,-0.012187585038454452,-0.05126827102599052,cm032,unaccepted
L3:mapped:1005,3,1005.0,SL_ventral_pallium,SL_VPal,Subcortex,L,mapped,54.51562500000002,False,3489,2818,0.8076812840355403,0.11505045457140943,0.13248070181038646,0.3990410177810186,cm032,unaccepted
L3:mapped:1011,3,1011.0,SL_hippocampal_formation,SL_HF,Subcortex,L,mapped,532.0937500000002,False,34054,12928,0.3796323486227756,0.0027216709816734286,0.01556233829395847,0.05492610156650091,cm032,unaccepted
L3:mapped:1023,3,1023.0,SL_fornix,SL_f,Subcortex,L,mapped,43.40625000000002,False,2778,2778,1.0,0.32794773435582353,0.2801602098018234,1.0733176096610886,cm032,unaccepted
L3:mapped:1025,3,1025.0,SL_pallial_amygdala,SL_pAmy,Subcortex,L,mapped,217.79687500000009,False,13939,11030,0.7913049716622427,0.29289177747711365,0.2895561085816125,0.647658200039392,cm032,unaccepted
L3:mapped:1040,3,1040.0,SL_subpallial_amygdala,SL_spAmy,Subcortex,L,mapped,84.20312500000004,False,5389,4964,0.9211356466876972,0.10694719830929354,0.09641046473447243,0.33878571695616644,cm032,unaccepted
L3:mapped:1051,3,1051.0,SL_striatum,SL_Str,Subcortex,L,mapped,1922.421875000001,False,123035,117029,0.951184622261958,0.004999257941545222,0.004994356781539394,0.02040382900641302,cm032,unaccepted
L3:mapped:1062,3,1062.0,SL_pallidum,SL_Pd,Subcortex,L,mapped,338.59375000000017,False,21670,21282,0.982095062298108,0.04462198335317124,0.04835661444385717,0.18780660504039845,cm032,unaccepted
L3:mapped:1069,3,1069.0,SL_diagonal_subpallium,SL_DSP,Subcortex,L,mapped,182.70312500000009,False,11693,10723,0.9170443855298042,-0.008165083236431885,0.03511703059521738,0.13037513757815788,cm032,unaccepted
L3:mapped:1077,3,1077.0,SL_preoptic_complex,SL_POC,Subcortex,L,mapped,174.67187500000009,False,11179,2899,0.259325521066285,0.017143883415285863,0.029181192008487566,0.09756674898371545,cm032,unaccepted
L3:mapped:1084,3,1084.0,SL_tuberal_hypothalamus,SL_THy,Subcortex,L,mapped,154.64062500000006,False,9897,7621,0.7700313226230171,-0.11914708747903027,-0.11546985567022863,-0.40235649821574687,cm032,unaccepted
L3:mapped:1100,3,1100.0,SL_posterior_hypothalamus,SL_PHy,Subcortex,L,mapped,36.843750000000014,False,2358,1411,0.5983884648006785,0.08346497404471001,0.0839378625606951,0.25841291848022724,cm032,unaccepted
L3:mapped:1108,3,1108.0,SL_pituitary,SL_Pit,Subcortex,L,mapped,44.29687500000002,False,2835,0,0.0,,,,cm032,unaccepted
L3:mapped:1112,3,1112.0,SL_zona_incerta_and_lenticular_fascicles,SL_ZI-H,Subcortex,L,mapped,37.375000000000014,False,2392,2356,0.9849498327759197,-0.12471266318327563,-0.1105748271017247,-0.3993016103558345,cm032,unaccepted
L3:mapped:1114,3,1114.0,SL_reticular_thalamus,SL_Rt,Subcortex,L,mapped,68.90625000000003,False,4410,4410,1.0,-0.08620539653610246,-0.10571815097434119,-0.4241067057583623,cm032,unaccepted
L3:mapped:1115,3,1115.0,SL_medial_thalamus,SL_MThal,Subcortex,L,mapped,208.23437500000009,False,13327,13327,1.0,0.24203126929035368,0.07685157357387024,0.3076599143106321,cm032,unaccepted
L3:mapped:1127,3,1127.0,SL_midline_thalamus,SL_MLThal,Subcortex,L,mapped,71.21875000000003,False,4558,4558,1.0,0.714436786732839,0.4838802446382737,1.8773378308866477,cm032,unaccepted
L3:mapped:1135,3,1135.0,SL_ventral_thalamus,SL_VThal,Subcortex,L,mapped,291.4218750000001,False,18651,18651,1.0,-0.03637834441741797,-0.034208814005088226,-0.1341584665856541,cm032,unaccepted
L3:mapped:1148,3,1148.0,SL_posterior_thalamus,SL_PThal,Subcortex,L,mapped,208.48437500000009,False,13343,13343,1.0,-0.1055975288087852,-0.06530117892765877,-0.25479915729879454,cm032,unaccepted
L3:mapped:1157,3,1157.0,SL_geniculate_thalamus,SL_GThal,Subcortex,L,mapped,121.76562500000006,False,7793,5814,0.7460541511612986,-0.04901826581422778,-0.01964351173527093,-0.046315730505484945,cm032,unaccepted
L3:mapped:1160,3,1160.0,SL_epithalamus,SL_EpiThal,Subcortex,L,mapped,15.359375000000007,False,983,983,1.0,0.3932909081322698,0.34449367357065735,1.0539676482838605,cm032,unaccepted
L3:mapped:1163,3,1163.0,SL_pretectum,SL_PrT,Subcortex,L,mapped,26.54687500000001,False,1699,1699,1.0,-0.12258672739758311,-0.11909158247272962,-0.46186187476045704,cm032,unaccepted
L3:mapped:1171,3,1171.0,SL_dorsal_midbrain,SL_DMid,Subcortex,L,mapped,189.04687500000009,False,12099,12099,1.0,-0.034365242194485814,-0.08070147216120654,-0.31864395737715767,cm032,unaccepted
L3:mapped:1180,3,1180.0,SL_lateral_midbrain,SL_LMid,Subcortex,L,mapped,118.42187500000006,False,7579,7579,1.0,-0.07007875151082357,-0.0642117169981935,-0.26636792694809425,cm032,unaccepted
L3:mapped:1192,3,1192.0,SL_medial_midbrain,SL_MMid,Subcortex,L,mapped,67.01562500000003,False,4289,3802,0.8864537188155748,0.10456487825156571,0.07670355248894287,0.30937450572697706,cm032,unaccepted
L3:mapped:1200,3,1200.0,SL_ventral_midbrain,SL_VMid,Subcortex,L,mapped,261.3593750000001,False,16727,12312,0.7360554791654211,-0.15440535595846439,-0.11348912203003964,-0.4071508437824304,cm032,unaccepted
L3:mapped:1213,3,1213.0,SL_dorsal_pons,SL_DPons,Subcortex,L,mapped,69.45312500000003,False,4445,4445,1.0,0.0012486978843694475,0.0057159432674245975,0.022579700839535644,cm032,unaccepted
L3:mapped:1226,3,1226.0,SL_lateral_pons,SL_LPons,Subcortex,L,mapped,27.73437500000001,False,1775,1748,0.9847887323943662,-0.05307480790227667,-0.04561707226758957,-0.18523915272105426,cm032,unaccepted
L3:mapped:1231,3,1231.0,SL_ventral_pons,SL_VPons,Subcortex,L,mapped,684.9218750000003,False,43835,16247,0.37063989962358845,-0.08561688968375764,-0.030503798183683234,-0.10289555100057647,cm032,unaccepted
L3:mapped:1249,3,1249.0,SL_cerebellar_white_matter,SL_wmCB,Subcortex,L,mapped,48.92187500000002,False,3131,1069,0.34142446502714785,0.019970311464333514,-0.028260076966927353,-0.1140649980707295,cm032,unaccepted
L3:mapped:1252,3,1252.0,SL_deep_cerebellar_nuclei,SL_DCb,Subcortex,L,mapped,130.18750000000006,False,8332,8132,0.9759961593855017,0.014235400299431782,-0.01701345475983136,-0.057192436504434466,cm032,unaccepted
L3:mapped:1258,3,1258.0,SL_cerebellar_cortex,SL_CbCx,Subcortex,L,mapped,3258.0625000000014,False,208516,134152,0.6433654971321145,-0.0057137672911158266,-0.002110916358332566,-0.0020737057354888095,cm032,unaccepted
L3:mapped:1288,3,1288.0,SL_dorsal_medulla,SL_DMed,Subcortex,L,mapped,225.8593750000001,False,14455,3101,0.2145278450363196,-0.031133009667027534,-0.028077807397067393,-0.1111706628998507,cm032,unaccepted
L3:mapped:1306,3,1306.0,SL_intermediate_medulla,SL_IMed,Subcortex,L,mapped,134.78125000000006,False,8626,225,0.026083932297704615,-0.0778883049451539,-0.06302335642849151,-0.2516790347717549,cm032,unaccepted
L3:mapped:1318,3,1318.0,SL_ventral_medulla,SL_VMed,Subcortex,L,mapped,111.59375000000004,False,7142,0,0.0,,,,cm032,unaccepted
L3:mapped:1503,3,1503.0,SR_lateral_pallium,SR_LPal,Subcortex,R,mapped,255.1562500000001,False,16330,16121,0.9872014696876914,2.401772787986307,2.220230436620541,7.809256607338231,cm032,unaccepted
L3:mapped:1505,3,1505.0,SR_ventral_pallium,SR_VPal,Subcortex,R,mapped,54.51562500000002,False,3489,2391,0.6852966466036113,2.6891449243384127,3.18883512999479,8.29764468048026,cm032,unaccepted
L3:mapped:1511,3,1511.0,SR_hippocampal_formation,SR_HF,Subcortex,R,mapped,532.0937500000002,False,34054,12887,0.3784283784577436,0.40403253907960135,0.33732408940576597,1.210480921767337,cm032,unaccepted
L3:mapped:1523,3,1523.0,SR_fornix,SR_f,Subcortex,R,mapped,43.40625000000002,False,2778,2778,1.0,0.2943894999475535,0.21838677673375323,0.8850828373350248,cm032,unaccepted
L3:mapped:1525,3,1525.0,SR_pallial_amygdala,SR_pAmy,Subcortex,R,mapped,217.79687500000009,False,13939,10107,0.7250878829184303,1.589066466615149,1.463748480958544,3.7810096668311535,cm032,unaccepted
L3:mapped:1540,3,1540.0,SR_subpallial_amygdala,SR_spAmy,Subcortex,R,mapped,84.20312500000004,False,5389,4702,0.8725180924104657,2.0415695194999457,2.0536647275791893,5.818099544740225,cm032,unaccepted
L3:mapped:1551,3,1551.0,SR_striatum,SR_Str,Subcortex,R,mapped,1922.421875000001,False,123035,117081,0.9516072662250579,0.5748965838574865,0.23677535637015812,0.9014334658731324,cm032,unaccepted
L3:mapped:1562,3,1562.0,SR_pallidum,SR_Pd,Subcortex,R,mapped,338.59375000000017,False,21670,21510,0.9926165205353022,1.104920427747105,0.8116159521155113,2.917954324475544,cm032,unaccepted
L3:mapped:1569,3,1569.0,SR_diagonal_subpallium,SR_DSP,Subcortex,R,mapped,182.70312500000009,False,11693,10322,0.8827503634653211,0.6693791128718934,0.34646007485153996,1.327055383887779,cm032,unaccepted
L3:mapped:1577,3,1577.0,SR_preoptic_complex,SR_POC,Subcortex,R,mapped,174.67187500000009,False,11179,4326,0.38697557921102066,0.6099493514091247,0.2493800710414239,0.7112601452063627,cm032,unaccepted
L3:mapped:1584,3,1584.0,SR_tuberal_hypothalamus,SR_THy,Subcortex,R,mapped,154.64062500000006,False,9897,7591,0.7670001010407194,0.6718269922900597,0.26594959935228024,0.8745153064448732,cm032,unaccepted
L3:mapped:1600,3,1600.0,SR_posterior_hypothalamus,SR_PHy,Subcortex,R,mapped,36.843750000000014,False,2358,1583,0.6713316369804919,0.09947323436873577,0.09528457082973417,0.2900238145503391,cm032,unaccepted
L3:mapped:1608,3,1608.0,SR_pituitary,SR_Pit,Subcortex,R,mapped,44.29687500000002,False,2835,0,0.0,,,,cm032,unaccepted
L3:mapped:1612,3,1612.0,SR_zona_incerta_and_lenticular_fascicles,SR_ZI-H,Subcortex,R,mapped,37.375000000000014,False,2392,2392,1.0,0.22775755252700827,0.16663512889454754,0.5850140704247629,cm032,unaccepted
L3:mapped:1614,3,1614.0,SR_reticular_thalamus,SR_Rt,Subcortex,R,mapped,68.90625000000003,False,4410,4410,1.0,-0.20025150919801718,-0.25612078726280973,-1.0460188304318603,cm032,unaccepted
L3:mapped:1615,3,1615.0,SR_medial_thalamus,SR_MThal,Subcortex,R,mapped,208.23437500000009,False,13327,13327,1.0,0.18641220436095804,0.18215248021807617,0.7446820299207788,cm032,unaccepted
L3:mapped:1627,3,1627.0,SR_midline_thalamus,SR_MLThal,Subcortex,R,mapped,71.21875000000003,False,4558,4558,1.0,0.6371645111911349,0.5458621684205663,2.168402278735794,cm032,unaccepted
L3:mapped:1635,3,1635.0,SR_ventral_thalamus,SR_VThal,Subcortex,R,mapped,291.4218750000001,False,18651,18651,1.0,-0.037463856779604184,-0.0536125784565529,-0.2181472467090133,cm032,unaccepted
L3:mapped:1648,3,1648.0,SR_posterior_thalamus,SR_PThal,Subcortex,R,mapped,208.48437500000009,False,13343,13343,1.0,0.02523880575204959,0.019323749981056362,0.07449936508504074,cm032,unaccepted
L3:mapped:1657,3,1657.0,SR_geniculate_thalamus,SR_GThal,Subcortex,R,mapped,121.76562500000006,False,7793,6417,0.8234312844860773,0.012705299083055465,-0.0766169745298744,-0.25456046480275024,cm032,unaccepted
L3:mapped:1660,3,1660.0,SR_epithalamus,SR_EpiThal,Subcortex,R,mapped,15.359375000000007,False,983,983,1.0,0.20603515279502654,0.17556374600122218,0.668899399973291,cm032,unaccepted
L3:mapped:1663,3,1663.0,SR_pretectum,SR_PrT,Subcortex,R,mapped,26.54687500000001,False,1699,1699,1.0,0.07185047281544621,0.08470034153687478,0.3495222732340466,cm032,unaccepted
L3:mapped:1671,3,1671.0,SR_dorsal_midbrain,SR_DMid,Subcortex,R,mapped,189.04687500000009,False,12099,12099,1.0,0.06554214888503339,0.06555614299300161,0.2536348493627738,cm032,unaccepted
L3:mapped:1680,3,1680.0,SR_lateral_midbrain,SR_LMid,Subcortex,R,mapped,118.42187500000006,False,7579,7579,1.0,0.13389485918135002,0.13606467593914087,0.553684618551745,cm032,unaccepted
L3:mapped:1692,3,1692.0,SR_medial_midbrain,SR_MMid,Subcortex,R,mapped,67.01562500000003,False,4289,3788,0.8831895546747494,0.11480012694857794,0.07789537513145761,0.31166495538658634,cm032,unaccepted
L3:mapped:1700,3,1700.0,SR_ventral_midbrain,SR_VMid,Subcortex,R,mapped,261.3593750000001,False,16727,13904,0.8312309439827823,0.0980991467697658,0.11830779130522207,0.43542446836782667,cm032,unaccepted
L3:mapped:1713,3,1713.0,SR_dorsal_pons,SR_DPons,Subcortex,R,mapped,69.45312500000003,False,4445,4445,1.0,-0.005804554152500595,-0.01373160070567958,-0.05541645565853659,cm032,unaccepted
L3:mapped:1726,3,1726.0,SR_lateral_pons,SR_LPons,Subcortex,R,mapped,27.73437500000001,False,1775,1667,0.9391549295774648,0.07012385047235319,0.06158664589497583,0.280193033111714,cm032,unaccepted
L3:mapped:1731,3,1731.0,SR_ventral_pons,SR_VPons,Subcortex,R,mapped,684.9218750000003,False,43835,15882,0.36231322002965666,-0.10172309052924783,-0.01437448014941455,-0.03976100173167657,cm032,unaccepted
L3:mapped:1749,3,1749.0,SR_cerebellar_white_matter,SR_wmCB,Subcortex,R,mapped,48.92187500000002,False,3131,985,0.3145959757266049,-0.09817690279396121,-0.10886446284605839,-0.412329932470322,cm032,unaccepted
L3:mapped:1752,3,1752.0,SR_deep_cerebellar_nuclei,SR_DCb,Subcortex,R,mapped,130.18750000000006,False,8332,7807,0.9369899183869419,-0.05139635307667164,-0.06502897195980356,-0.21380371970347983,cm032,unaccepted
L3:mapped:1758,3,1758.0,SR_cerebellar_cortex,SR_CbCx,Subcortex,R,mapped,3258.0625000000014,False,208516,140875,0.6756076272324426,-0.01549728982624851,-0.022575736383344074,-0.086384852003248,cm032,unaccepted
L3:mapped:1788,3,1788.0,SR_dorsal_medulla,SR_DMed,Subcortex,R,mapped,225.8593750000001,False,14455,3356,0.23216879972327914,-0.03302483894366689,-0.022238926765004,-0.07826688958201031,cm032,unaccepted
L3:mapped:1806,3,1806.0,SR_intermediate_medulla,SR_IMed,Subcortex,R,mapped,134.78125000000006,False,8626,214,0.024808717829816834,-0.014018558020023403,0.010144589710961632,0.04601168720937561,cm032,unaccepted
L3:mapped:1818,3,1818.0,SR_ventral_medulla,SR_VMed,Subcortex,R,mapped,111.59375000000004,False,7142,0,0.0,,,,cm032,unaccepted
L4:zero_unassigned:0,4,0.0,Atlas label 0 (unassigned),,Unassigned,Unknown,zero_unassigned,190501.3437500001,False,12192086,2049469,0.16809830573701662,0.10816137594729608,0.03897473025308611,0.15332359406414445,cm032,unaccepted
L4:mapped:4,4,4.0,CL_area_32,CL_area_32,Cortex,L,mapped,91.60937500000004,False,5863,5863,1.0,0.0380181529709217,0.06591204298677131,0.157050473390558,cm032,unaccepted
L4:mapped:5,4,5.0,CL_subgenual_cortex,CL_area_25,Cortex,L,mapped,32.890625000000014,False,2105,1648,0.7828978622327791,0.25355659632386457,0.18395054851919457,0.3914754076831257,cm032,unaccepted
L4:mapped:6,4,6.0,CL_area_24,CL_area_24,Cortex,L,mapped,289.8906250000001,False,18553,18464,0.9952029321403547,-0.05629197502804307,-0.05762479779837695,-0.16709247164809032,cm032,unaccepted
L4:mapped:11,4,11.0,CL_midcingulate_cortex,CL_MCC,Cortex,L,mapped,188.37500000000009,False,12056,12056,1.0,0.0004517279214094337,0.022392207733410267,0.11868042224324052,cm032,unaccepted
L4:mapped:18,4,18.0,CL_frontal_pole,CL_area_10,Cortex,L,mapped,235.2968750000001,False,15059,13515,0.8974699515240055,0.12415178641660377,0.111046474110303,0.3518430308757747,cm032,unaccepted
L4:mapped:22,4,22.0,CL_gyrus_rectus,CL_area_14,Cortex,L,mapped,70.31250000000003,False,4500,974,0.21644444444444444,0.1706535341963962,0.19716511140070814,0.5135079847106416,cm032,unaccepted
L4:mapped:26,4,26.0,CL_areas_11_and_13,CL_areas_11/13,Cortex,L,mapped,557.4062500000002,False,35674,23294,0.6529685485227337,-0.0031160628802984537,-0.005030654573273303,-0.019774664938315714,cm032,unaccepted
L4:mapped:34,4,34.0,CL_medial_and_orbital_area_12,CL_area_12m/o,Cortex,L,mapped,150.73437500000006,False,9647,6032,0.6252721053177154,0.06879778431388968,0.054248280540061644,0.20155493722231388,cm032,unaccepted
L4:mapped:38,4,38.0,CL_agranular_orbitofrontal_cortex,CL_OFa-p,Cortex,L,mapped,169.45312500000009,False,10845,6046,0.5574919317657907,-0.01571258440012676,0.014432133554220652,0.055443334080542306,cm032,unaccepted
L4:key_level_conflict:45,4,45.0,CL_anterior_olfactory_cortex,CL_AON/TTv,Cortex,L,key_level_conflict,25.64062500000001,True,1641,334,0.20353443022547227,-0.05978852769351971,-0.05613985274342629,-0.17747925260187103,cm032,unaccepted
L4:mapped:47,4,47.0,CL_caudolateral_orbitofrontal_cortex,CL_cl_OFC,Cortex,L,mapped,136.07812500000006,False,8709,7535,0.8651969227236193,-0.006816868099700711,0.043416825648759774,0.18664724851874098,cm032,unaccepted
L4:mapped:51,4,51.0,CL_periarcuate_area_8A_(Frontal_Eye_Fields),CL_area_8A,Cortex,L,mapped,105.62500000000004,False,6760,6600,0.9763313609467456,0.1256020389019762,0.1305177623833913,0.4970536499402845,cm032,unaccepted
L4:mapped:55,4,55.0,CL_area_8B,CL_area_8B,Cortex,L,mapped,284.1562500000001,False,18186,18004,0.9899923017705927,0.22379554709048327,0.19510084513047463,0.7346586431450948,cm032,unaccepted
L4:mapped:59,4,59.0,CL_rostral_dorsolateral_prefrontal_cortex,CL_rostral_dlPFC,Cortex,L,mapped,594.5625000000002,False,38052,35692,0.937979606853779,0.09804166592932506,0.0927375641048834,0.330399767778252,cm032,unaccepted
L4:mapped:65,4,65.0,CL_rostral_ventrolateral_prefrontal_cortex,CL_rostral_vlPFC,Cortex,L,mapped,465.9531250000002,False,29821,21651,0.7260319908789108,0.0753971258384202,0.07196449235049496,0.2588796022947201,cm032,unaccepted
L4:mapped:72,4,72.0,CL_caudal_ventrolateral_prefrontal_cortex,CL_caudal_vlPFC,Cortex,L,mapped,214.90625000000009,False,13754,12861,0.935073433183074,0.06374838906403436,0.07546626835770709,0.2939276697237324,cm032,unaccepted
L4:mapped:79,4,79.0,CL_primary_motor_cortex,CL_M1,Cortex,L,mapped,762.1250000000003,False,48776,48772,0.9999179924553059,-0.026232006187551227,-0.0016770112958521693,-0.005148768142029522,cm032,unaccepted
L4:mapped:80,4,80.0,CL_premotor_cortex,CL_PM,Cortex,L,mapped,1468.3593750000007,False,93975,92099,0.9800372439478585,0.0634402624351014,0.05725328177478279,0.23602317373138973,cm032,unaccepted
L4:mapped:87,4,87.0,CL_medial_supplementary_motor_areas,CL_SMA/preSMA,Cortex,L,mapped,311.5156250000001,False,19937,19844,0.9953353062145759,-0.016043309975565048,0.01544890044594813,0.060501498301917256,cm032,unaccepted
L4:mapped:92,4,92.0,CL_primary_somatosensory_cortex,CL_SI,Cortex,L,mapped,900.6875000000005,False,57644,57492,0.9973631253903268,0.02626273228148466,0.02821367153689978,0.1181897232138632,cm032,unaccepted
L4:mapped:95,4,95.0,CL_secondary_somatosensory_cortex,CL_SII,Cortex,L,mapped,285.3125000000001,False,18260,18260,1.0,0.1360921974540516,0.1337818838661139,0.5185636398014594,cm032,unaccepted
L4:mapped:98,4,98.0,CL_visual_area_V6,CL_V6,Cortex,L,mapped,37.437500000000014,False,2396,2396,1.0,-0.19483561293704588,-0.20649645077295858,-0.7619669644820415,cm032,unaccepted
L4:mapped:99,4,99.0,CL_visual_area_V6A,CL_V6A,Cortex,L,mapped,58.10937500000003,False,3719,3719,1.0,-0.13158103610543717,-0.13537778362827407,-0.4346059855515436,cm032,unaccepted
L4:mapped:102,4,102.0,CL_area_5,CL_area_5,Cortex,L,mapped,446.93750000000017,False,28604,28604,1.0,-0.026481834441662057,-0.03130593579683143,-0.12171065655214203,cm032,unaccepted
L4:mapped:107,4,107.0,CL_ventromedial_intraparietal_sulcus,CL_vm_IPS,Cortex,L,mapped,309.7812500000001,False,19826,19826,1.0,-0.03270143319114279,-0.02592268162082116,-0.09330028822909277,cm032,unaccepted
L4:mapped:113,4,113.0,CL_lateral_intraparietal_sulcus,CL_lat_IPS,Cortex,L,mapped,333.00000000000017,False,21312,21312,1.0,-0.006233901732732426,-0.013573935789348793,-0.05424655693646149,cm032,unaccepted
L4:mapped:119,4,119.0,CL_medial_superior_temporal_area,CL_MST,Cortex,L,mapped,150.20312500000006,False,9613,9613,1.0,-0.11896213668958595,-0.1357030079246871,-0.5163466259427335,cm032,unaccepted
L4:mapped:120,4,120.0,CL_area_7_in_the_inferior_parietal_lobule,CL_area_7_in_IPL,Cortex,L,mapped,560.8125000000002,False,35892,35092,0.9777109105093057,0.0564854515824656,0.015207192523385371,0.06139139064022284,cm032,unaccepted
L4:mapped:126,4,126.0,CL_area_7_(PGm)_on_the_medial_wall,CL_area_7m,Cortex,L,mapped,183.04687500000009,False,11715,11688,0.9976952624839949,-0.13784550590814468,-0.11362580687007709,-0.4164306934157199,cm032,unaccepted
L4:mapped:128,4,128.0,CL_posterior_cingulate_cortex,CL_PCC,Cortex,L,mapped,464.3281250000002,False,29717,29542,0.9941111148500859,0.24555574844260777,0.05121610464063789,0.15818967330651582,cm032,unaccepted
L4:mapped:135,4,135.0,CL_retrosplenial_cortex,CL_RSC,Cortex,L,mapped,44.79687500000002,False,2867,2862,0.9982560167422393,-0.017012219341127545,-0.004902329728310346,-0.039689699338832804,cm032,unaccepted
L4:mapped:148,4,148.0,CL_parahippocampal_cortex,CL_paraHipp,Cortex,L,mapped,143.18750000000006,False,9164,696,0.0759493670886076,-0.10888764604871981,-0.08916672020413263,-0.376066888486709,cm032,unaccepted
L4:mapped:154,4,154.0,CL_entorhinal_cortex,CL_ERh,Cortex,L,mapped,130.48437500000006,False,8351,1315,0.15746617171596217,0.6153178035824555,0.7128691385938305,1.1848079058146173,cm032,unaccepted
L4:mapped:160,4,160.0,CL_perirhinal_cortex,CL_PRh,Cortex,L,mapped,149.75000000000006,False,9584,995,0.10381886477462438,0.3301742437851235,0.43565254596386854,0.7313252736711968,cm032,unaccepted
L4:mapped:166,4,166.0,CL_agranular_temporal_pole,CL_TGa,Cortex,L,mapped,76.29687500000003,False,4883,3250,0.6655744419414295,0.12020224591744566,0.09866205840872283,0.36019811653980427,cm032,unaccepted
L4:mapped:167,4,167.0,CL_granular_and_dysgranular_temporal_pole,CL_TGg/TGd,Cortex,L,mapped,239.2187500000001,False,15310,6607,0.4315480078380144,0.03694427113601415,0.026495616491628696,0.09950809591135718,cm032,unaccepted
L4:mapped:176,4,176.0,CL_area_TEO,CL_TEO,Cortex,L,mapped,284.3437500000001,False,18198,3828,0.2103527860204418,0.034717076084234334,0.048616519939930644,0.21597219398947426,cm032,unaccepted
L4:mapped:178,4,178.0,CL_gyral_aspect_of_area_TE,CL_gyral_TE,Cortex,L,mapped,874.3125000000003,False,55956,7992,0.14282650654085352,-0.011665242242279592,-0.021674551365365217,-0.09172984099830064,cm032,unaccepted
L4:mapped:185,4,185.0,CL_area_TE_in_the_ventral_STS,CL_TE_in_STSv,Cortex,L,mapped,301.0781250000001,False,19269,14685,0.7621049353884478,-0.04344045288590184,-0.06172574148022289,-0.24674664999860538,cm032,unaccepted
L4:mapped:188,4,188.0,CL_fundus_of_the_superior_temporal_sulcus,CL_STSf,Cortex,L,mapped,425.15625000000017,False,27210,24015,0.88257993384785,0.06124808103998568,0.04550847069488671,0.18399127027197387,cm032,unaccepted
L4:mapped:195,4,195.0,CL_dorsal_bank_of_the_superior_temporal_sulcus,CL_STSd,Cortex,L,mapped,451.8750000000002,False,28920,25812,0.8925311203319503,0.01625289586714701,0.011038949465357606,0.04493965987208606,cm032,unaccepted
L4:mapped:198,4,198.0,CL_rostral_superior_temporal_gyrus,CL_STGr,Cortex,L,mapped,141.93750000000006,False,9084,5362,0.5902686041391457,-0.007980383508844526,-0.014355972463182277,-0.06224738217228057,cm032,unaccepted
L4:mapped:199,4,199.0,CL_caudal_superior_temporal_gyrus,CL_STGc,Cortex,L,mapped,260.3125000000001,False,16660,12100,0.7262905162064826,-0.10780164884575329,-0.09452835670916475,-0.38179413457740685,cm032,unaccepted
L4:mapped:206,4,206.0,CL_lateral_belt_areas,CL_lat_belt,Cortex,L,mapped,188.89062500000009,False,12089,11806,0.9765902886921995,-0.007564941980774355,0.014906849883551083,0.059931564298690176,cm032,unaccepted
L4:mapped:213,4,213.0,CL_medial_belt_areas,CL_med_belt,Cortex,L,mapped,127.98437500000006,False,8191,8191,1.0,0.07057171354461375,0.0589984685370239,0.23054996317307203,cm032,unaccepted
L4:mapped:218,4,218.0,CL_polar_rostrotemporal_cortex,CL_RTp,Cortex,L,mapped,28.031250000000014,False,1794,1785,0.9949832775919732,0.08671187434335254,0.10657219775974158,0.4380741660889527,cm032,unaccepted
L4:mapped:219,4,219.0,CL_core_areas_of_auditory_cortex,CL_core,Cortex,L,mapped,159.23437500000006,False,10191,10191,1.0,0.04407492930215886,0.03752582590901263,0.14365133232592342,cm032,unaccepted
L4:mapped:225,4,225.0,CL_insula_and_parainsula,CL_Ins/Pi,Cortex,L,mapped,288.1875000000001,False,18444,18444,1.0,-0.00598368543020858,-0.011673267964578894,-0.04479295619322675,cm032,unaccepted
L4:mapped:230,4,230.0,CL_retroinsula,CL_Ri,Cortex,L,mapped,15.109375000000007,False,967,967,1.0,-0.06490214656604952,-0.0325837737026953,-0.1385959335092415,cm032,unaccepted
L4:mapped:232,4,232.0,CL_middle_temporal_area,CL_MT,Cortex,L,mapped,94.67187500000004,False,6059,6059,1.0,-0.039321822855262444,-0.034322356716870006,-0.13402495699249084,cm032,unaccepted
L4:mapped:234,4,234.0,CL_visual_area_4,CL_V4,Cortex,L,mapped,764.9843750000003,False,48959,28334,0.5787291407095733,-0.10799667506680476,-0.10878709253348409,-0.41388520110044036,cm032,unaccepted
L4:mapped:238,4,238.0,CL_visual_area_3,CL_V3,Cortex,L,mapped,516.0000000000002,False,33024,25700,0.7782218992248062,-0.08942857580101127,-0.08912846257184293,-0.3371801277974496,cm032,unaccepted
L4:mapped:243,4,243.0,CL_visual_area_2,CL_V2,Cortex,L,mapped,1575.3750000000007,False,100824,84192,0.8350392763627708,-0.14662032101072017,-0.11693288449463665,-0.43847456797960505,cm032,unaccepted
L4:mapped:246,4,246.0,CL_primary_visual_cortex,CL_V1,Cortex,L,mapped,1965.546875000001,False,125795,102150,0.8120354545093207,-0.17358036372902255,-0.1454740704344235,-0.545141243720908,cm032,unaccepted
L4:mapped:504,4,504.0,CR_area_32,CR_area_32,Cortex,R,mapped,91.60937500000004,False,5863,5863,1.0,0.6205974862301566,0.571399805343702,1.587738630860609,cm032,unaccepted
L4:mapped:505,4,505.0,CR_subgenual_cortex,CR_area_25,Cortex,R,mapped,32.890625000000014,False,2105,1685,0.8004750593824228,1.0554299974695265,1.045141686878472,2.6528113165395446,cm032,unaccepted
L4:mapped:506,4,506.0,CR_area_24,CR_area_24,Cortex,R,mapped,289.8906250000001,False,18553,18553,1.0,0.20493881621892768,0.18748488380772096,0.6847624464841102,cm032,unaccepted
L4:mapped:511,4,511.0,CR_midcingulate_cortex,CR_MCC,Cortex,R,mapped,188.37500000000009,False,12056,12056,1.0,0.043519461110321574,0.04451930627692576,0.17997298017321472,cm032,unaccepted
L4:mapped:518,4,518.0,CR_frontal_pole,CR_area_10,Cortex,R,mapped,235.2968750000001,False,15059,12811,0.8507204993691481,0.42155878503398525,0.44112062335751456,1.4037586559517714,cm032,unaccepted
L4:mapped:522,4,522.0,CR_gyrus_rectus,CR_area_14,Cortex,R,mapped,70.31250000000003,False,4500,773,0.17177777777777778,0.39579957873351784,0.3569089313931587,1.0449853284789423,cm032,unaccepted
L4:mapped:526,4,526.0,CR_areas_11_and_13,CR_areas_11/13,Cortex,R,mapped,557.4062500000002,False,35674,19003,0.5326848685317037,0.8375950916291147,0.637868745359081,2.0438545311398766,cm032,unaccepted
L4:mapped:534,4,534.0,CR_medial_and_orbital_area_12,CR_area_12m/o,Cortex,R,mapped,150.73437500000006,False,9647,3228,0.3346117964133928,1.673932051722577,1.1927482607319364,3.6993358501308604,cm032,unaccepted
L4:mapped:538,4,538.0,CR_agranular_orbitofrontal_cortex,CR_OFa-p,Cortex,R,mapped,169.45312500000009,False,10845,5856,0.5399723374827109,4.0765227623611615,3.8677276874977697,11.280939453802816,cm032,unaccepted
L4:key_level_conflict:545,4,545.0,CR_anterior_olfactory_cortex,CR_AON/TTv,Cortex,R,key_level_conflict,25.64062500000001,True,1641,593,0.36136502132845827,0.23470096449991465,0.23539037185248926,0.7330849239000738,cm032,unaccepted
L4:mapped:547,4,547.0,CR_caudolateral_orbitofrontal_cortex,CR_cl_OFC,Cortex,R,mapped,136.07812500000006,False,8709,6287,0.7218968882764956,2.6047356020861807,2.417406831988748,8.832558690541035,cm032,unaccepted
L4:mapped:551,4,551.0,CR_periarcuate_area_8A_(Frontal_Eye_Fields),CR_area_8A,Cortex,R,mapped,105.62500000000004,False,6760,6162,0.9115384615384615,0.14815960711267961,0.13374994717479066,0.5084099235791641,cm032,unaccepted
L4:mapped:555,4,555.0,CR_area_8B,CR_area_8B,Cortex,R,mapped,284.1562500000001,False,18186,17434,0.9586495106125591,0.2407523669739414,0.1675349134413755,0.6423451045262916,cm032,unaccepted
L4:mapped:559,4,559.0,CR_rostral_dorsolateral_prefrontal_cortex,CR_rostral_dlPFC,Cortex,R,mapped,594.5625000000002,False,38052,33047,0.8684694628403238,0.2171019972979241,0.1950680510166431,0.7018265389350112,cm032,unaccepted
L4:mapped:565,4,565.0,CR_rostral_ventrolateral_prefrontal_cortex,CR_rostral_vlPFC,Cortex,R,mapped,465.9531250000002,False,29821,20730,0.6951477146976962,0.5609979402090968,0.4316025083788757,1.583622011448794,cm032,unaccepted
L4:mapped:572,4,572.0,CR_caudal_ventrolateral_prefrontal_cortex,CR_caudal_vlPFC,Cortex,R,mapped,214.90625000000009,False,13754,12706,0.9238039842954777,0.8401015639484801,0.6586689647772797,2.604835113989269,cm032,unaccepted
L4:mapped:579,4,579.0,CR_primary_motor_cortex,CR_M1,Cortex,R,mapped,762.1250000000003,False,48776,47535,0.9745571592586518,0.09113483526371147,0.07023528072379773,0.2861042734264463,cm032,unaccepted
L4:mapped:580,4,580.0,CR_premotor_cortex,CR_PM,Cortex,R,mapped,1468.3593750000007,False,93975,85513,0.9099547752061719,0.3246510322660382,0.19959123623814395,0.8065791333612635,cm032,unaccepted
L4:mapped:587,4,587.0,CR_medial_supplementary_motor_areas,CR_SMA/preSMA,Cortex,R,mapped,311.5156250000001,False,19937,19909,0.9985955760646035,0.13739187119432478,0.13017932494667914,0.5303175809707081,cm032,unaccepted
L4:mapped:592,4,592.0,CR_primary_somatosensory_cortex,CR_SI,Cortex,R,mapped,900.6875000000005,False,57644,57124,0.9909791131774339,0.29413448768026845,0.17587201022171936,0.7067406546915967,cm032,unaccepted
L4:mapped:595,4,595.0,CR_secondary_somatosensory_cortex,CR_SII,Cortex,R,mapped,285.3125000000001,False,18260,18260,1.0,0.8168342949311251,0.6524400087450214,2.4554417299228284,cm032,unaccepted
L4:mapped:598,4,598.0,CR_visual_area_V6,CR_V6,Cortex,R,mapped,37.437500000000014,False,2396,2396,1.0,-0.07567974495255193,-0.0768815830008002,-0.27555505562248617,cm032,unaccepted
L4:mapped:599,4,599.0,CR_visual_area_V6A,CR_V6A,Cortex,R,mapped,58.10937500000003,False,3719,3719,1.0,0.028393503386992928,0.08676839848287941,0.3114405743737044,cm032,unaccepted
L4:mapped:602,4,602.0,CR_area_5,CR_area_5,Cortex,R,mapped,446.93750000000017,False,28604,28604,1.0,0.14907927709720342,0.15019226377672842,0.5868055434739162,cm032,unaccepted
L4:mapped:607,4,607.0,CR_ventromedial_intraparietal_sulcus,CR_vm_IPS,Cortex,R,mapped,309.7812500000001,False,19826,19826,1.0,0.05037939479208736,0.04448201926529035,0.166852077304649,cm032,unaccepted
L4:mapped:613,4,613.0,CR_lateral_intraparietal_sulcus,CR_lat_IPS,Cortex,R,mapped,333.00000000000017,False,21312,21312,1.0,0.1304912469217067,0.12920787975208858,0.5124182363052485,cm032,unaccepted
L4:mapped:619,4,619.0,CR_medial_superior_temporal_area,CR_MST,Cortex,R,mapped,150.20312500000006,False,9613,9613,1.0,0.18105936447942783,0.17728276580204086,0.6706331779903562,cm032,unaccepted
L4:mapped:620,4,620.0,CR_area_7_in_the_inferior_parietal_lobule,CR_area_7_in_IPL,Cortex,R,mapped,560.8125000000002,False,35892,35595,0.9917251755265798,0.396685464664841,0.29940120606868187,1.1623239337632914,cm032,unaccepted
L4:mapped:626,4,626.0,CR_area_7_(PGm)_on_the_medial_wall,CR_area_7m,Cortex,R,mapped,183.04687500000009,False,11715,11715,1.0,-0.042326703819428005,-0.025437721314464423,-0.09090480943527535,cm032,unaccepted
L4:mapped:628,4,628.0,CR_posterior_cingulate_cortex,CR_PCC,Cortex,R,mapped,464.3281250000002,False,29717,29599,0.9960292088703436,0.17254657089940612,0.040503250476542796,0.13842903096456816,cm032,unaccepted
L4:mapped:635,4,635.0,CR_retrosplenial_cortex,CR_RSC,Cortex,R,mapped,44.79687500000002,False,2867,2867,1.0,0.018661582642326334,0.06731505505556046,0.2502682027024265,cm032,unaccepted
L4:mapped:648,4,648.0,CR_parahippocampal_cortex,CR_paraHipp,Cortex,R,mapped,143.18750000000006,False,9164,1430,0.156045395024007,0.9870385661268501,0.9959754176168651,3.7307585098084273,cm032,unaccepted
L4:mapped:654,4,654.0,CR_entorhinal_cortex,CR_ERh,Cortex,R,mapped,130.48437500000006,False,8351,608,0.07280565201772243,0.6502254890457627,0.5861953602528489,1.4078777660206179,cm032,unaccepted
L4:mapped:660,4,660.0,CR_perirhinal_cortex,CR_PRh,Cortex,R,mapped,149.75000000000006,False,9584,675,0.07042988313856427,0.4285714122490809,0.4398126655760123,1.5285356836825235,cm032,unaccepted
L4:mapped:666,4,666.0,CR_agranular_temporal_pole,CR_TGa,Cortex,R,mapped,76.29687500000003,False,4883,2759,0.5650215031742781,1.8027787914207525,1.815256744310265,5.731489339176458,cm032,unaccepted
L4:mapped:667,4,667.0,CR_granular_and_dysgranular_temporal_pole,CR_TGg/TGd,Cortex,R,mapped,239.2187500000001,False,15310,5817,0.3799477465708687,0.6723464871118522,0.5188426804657831,1.7072633273200113,cm032,unaccepted
L4:mapped:676,4,676.0,CR_area_TEO,CR_TEO,Cortex,R,mapped,284.3437500000001,False,18198,4969,0.2730519837344763,0.13795316294518212,0.122711166444501,0.5112911959536119,cm032,unaccepted
L4:mapped:678,4,678.0,CR_gyral_aspect_of_area_TE,CR_gyral_TE,Cortex,R,mapped,874.3125000000003,False,55956,9405,0.16807849024233326,0.26108097173014455,0.16291155180846817,0.6667713631513711,cm032,unaccepted
L4:mapped:685,4,685.0,CR_area_TE_in_the_ventral_STS,CR_TE_in_STSv,Cortex,R,mapped,301.0781250000001,False,19269,14843,0.7703046343868389,0.31209433120240787,0.259364490303697,0.9790526303104137,cm032,unaccepted
L4:mapped:688,4,688.0,CR_fundus_of_the_superior_temporal_sulcus,CR_STSf,Cortex,R,mapped,425.15625000000017,False,27210,24957,0.9171995589856671,0.3488459842974648,0.27279985407205454,1.0812670350812792,cm032,unaccepted
L4:mapped:695,4,695.0,CR_dorsal_bank_of_the_superior_temporal_sulcus,CR_STSd,Cortex,R,mapped,451.8750000000002,False,28920,25896,0.8954356846473029,0.6983606319539619,0.5429679471049644,2.0865314568718407,cm032,unaccepted
L4:mapped:698,4,698.0,CR_rostral_superior_temporal_gyrus,CR_STGr,Cortex,R,mapped,141.93750000000006,False,9084,4378,0.48194627917217087,1.0399223459035363,0.9782355582748183,3.756977073802939,cm032,unaccepted
L4:mapped:699,4,699.0,CR_caudal_superior_temporal_gyrus,CR_STGc,Cortex,R,mapped,260.3125000000001,False,16660,12238,0.7345738295318127,0.41204493642816326,0.25519509116453903,0.9594055095224924,cm032,unaccepted
L4:mapped:706,4,706.0,CR_lateral_belt_areas,CR_lat_belt,Cortex,R,mapped,188.89062500000009,False,12089,11102,0.918355529820498,0.7496802951348214,0.7036557283973961,2.6477889358611564,cm032,unaccepted
L4:mapped:713,4,713.0,CR_medial_belt_areas,CR_med_belt,Cortex,R,mapped,127.98437500000006,False,8191,8191,1.0,0.6977119806237289,0.5488459523002265,2.083917120308141,cm032,unaccepted
L4:mapped:718,4,718.0,CR_polar_rostrotemporal_cortex,CR_RTp,Cortex,R,mapped,28.031250000000014,False,1794,1672,0.9319955406911928,0.21593540205904782,0.18683952141592097,0.6761604502438548,cm032,unaccepted
L4:mapped:719,4,719.0,CR_core_areas_of_auditory_cortex,CR_core,Cortex,R,mapped,159.23437500000006,False,10191,10191,1.0,0.5918908380451768,0.49773877170212205,1.906276197991132,cm032,unaccepted
L4:mapped:725,4,725.0,CR_insula_and_parainsula,CR_Ins/Pi,Cortex,R,mapped,288.1875000000001,False,18444,18444,1.0,1.5037711750385259,1.1728409643363304,3.856663223633288,cm032,unaccepted
L4:mapped:730,4,730.0,CR_retroinsula,CR_Ri,Cortex,R,mapped,15.109375000000007,False,967,967,1.0,0.4538199372167415,0.4222512398945501,1.6960751806817163,cm032,unaccepted
L4:mapped:732,4,732.0,CR_middle_temporal_area,CR_MT,Cortex,R,mapped,94.67187500000004,False,6059,6059,1.0,-0.10528336864573945,-0.02212623558768334,-0.06116929897216042,cm032,unaccepted
L4:mapped:734,4,734.0,CR_visual_area_4,CR_V4,Cortex,R,mapped,764.9843750000003,False,48959,34099,0.696480728773055,0.059684522871980644,0.045567132469769345,0.17621958640654145,cm032,unaccepted
L4:mapped:738,4,738.0,CR_visual_area_3,CR_V3,Cortex,R,mapped,516.0000000000002,False,33024,29130,0.8820857558139535,-0.04143224991689832,-0.05170492236179647,-0.1909514694917327,cm032,unaccepted
L4:mapped:743,4,743.0,CR_visual_area_2,CR_V2,Cortex,R,mapped,1575.3750000000007,False,100824,91460,0.9071252876299294,-0.06805818758595897,-0.0752709828854028,-0.28379347431508606,cm032,unaccepted
L4:mapped:746,4,746.0,CR_primary_visual_cortex,CR_V1,Cortex,R,mapped,1965.546875000001,False,125795,108160,0.859811598235224,-0.06331245332313883,-0.04972433842608472,-0.1841795923289729,cm032,unaccepted
L4:mapped:1004,4,1004.0,SL_claustrum,SL_Cl,Subcortex,L,mapped,255.1562500000001,False,16330,16330,1.0,-0.0016147555457746365,-0.012187585038454452,-0.05126827102599052,cm032,unaccepted
L4:mapped:1006,4,1006.0,SL_endopiriform_claustrum,SL_En,Subcortex,L,mapped,23.71875000000001,False,1518,1518,1.0,0.2240262948788977,0.228909499334024,0.6258451828490509,cm032,unaccepted
L4:mapped:1009,4,1009.0,SL_piriform_cortex,SL_Pir,Subcortex,L,mapped,30.796875000000014,False,1971,1300,0.6595636732623034,-0.012199795879949972,0.03609690791221774,0.10296960649021492,cm032,unaccepted
L4:mapped:1012,4,1012.0,SL_hippocampal_formation_anterior,SL_HFA,Subcortex,L,mapped,353.15625000000017,False,22602,4583,0.20276966640120345,0.0644649561327765,0.07825614132343185,0.19988555889816256,cm032,unaccepted
L4:mapped:1017,4,1017.0,SL_hippocampal_formation_posterior,SL_HFP,Subcortex,L,mapped,178.93750000000009,False,11452,8345,0.7286936779601816,-0.031187193709459615,-0.0016528220749149423,-0.012374878485153416,cm032,unaccepted
L4:mapped:1023,4,1023.0,SL_fornix,SL_f,Subcortex,L,mapped,43.40625000000002,False,2778,2778,1.0,0.32794773435582353,0.2801602098018234,1.0733176096610886,cm032,unaccepted
L4:mapped:1026,4,1026.0,SL_ventropallial_amygdala,SL_vpAmy,Subcortex,L,mapped,87.81250000000004,False,5620,4689,0.8343416370106762,0.09810457764633318,0.09871210635760823,0.23734679874936904,cm032,unaccepted
L4:mapped:1030,4,1030.0,SL_lateropallial_amygdala,SL_lpAmy,Subcortex,L,mapped,129.98437500000006,False,8319,6341,0.762231037384301,0.43693170493438055,0.49038749982142693,1.0821691249286016,cm032,unaccepted
L4:mapped:1041,4,1041.0,SL_striatal_amygdala,SL_stAmy,Subcortex,L,mapped,13.843750000000005,False,886,886,1.0,-0.2157948199957537,-0.22102649105283945,-0.6631622451320678,cm032,unaccepted
L4:mapped:1043,4,1043.0,SL_medial_amygdala,SL_mAmy,Subcortex,L,mapped,40.71875000000002,False,2606,2548,0.977743668457406,0.16357569309859538,0.17363912602021747,0.5751920469949154,cm032,unaccepted
L4:mapped:1046,4,1046.0,SL_pallidal_amygdala,SL_pdAmy,Subcortex,L,mapped,29.640625000000014,False,1897,1530,0.8065366367949394,0.19953544895970576,0.15509451191498586,0.5485120143864294,cm032,unaccepted
L4:mapped:1052,4,1052.0,SL_dorsal_striatum,SL_DStr,Subcortex,L,mapped,1809.218750000001,False,115790,113873,0.9834441661628811,0.012721522396757345,0.008825599634305925,0.03414689439830709,cm032,unaccepted
L4:mapped:1059,4,1059.0,SL_ventral_striatum,SL_VStr,Subcortex,L,mapped,113.20312500000006,False,7245,3156,0.43561076604554866,-0.27363110337289387,-0.2444473411106815,-0.7770408327591003,cm032,unaccepted
L4:mapped:1062,4,1062.0,SL_pallidum,SL_Pd,Subcortex,L,mapped,338.59375000000017,False,21670,21282,0.982095062298108,0.04462198335317124,0.04835661444385717,0.18780660504039845,cm032,unaccepted
L4:mapped:1070,4,1070.0,SL_basal_nucleus_region,SL_BR,Subcortex,L,mapped,38.000000000000014,False,2432,2300,0.9457236842105263,0.268822718041694,0.23488033488289856,0.8240679760021921,cm032,unaccepted
L4:mapped:1073,4,1073.0,SL_bed_nucleus_of_the_stria_terminalis,SL_ST,Subcortex,L,mapped,42.00000000000002,False,2688,2688,1.0,0.0021877170220297474,0.011561185723233725,0.04455013659361025,cm032,unaccepted
L4:mapped:1074,4,1074.0,SL_septum_diagonal_band_complex,SL_SDBR,Subcortex,L,mapped,102.70312500000004,False,6573,5735,0.872508747908109,-0.12410235787190431,-0.08274498459565383,-0.2968148113291351,cm032,unaccepted
L4:mapped:1078,4,1078.0,SL_optic_tract,SL_opt,Subcortex,L,mapped,151.82812500000006,False,9717,1879,0.19337244005351445,0.07730062135245694,0.0946310618569576,0.3060277445971339,cm032,unaccepted
L4:mapped:1079,4,1079.0,SL_preoptic_region,SL_POR,Subcortex,L,mapped,22.84375000000001,False,1462,1020,0.6976744186046512,-0.09367426421603223,-0.10575960787922581,-0.35961142465395257,cm032,unaccepted
L4:mapped:1085,4,1085.0,SL_medial_tuberal_hypothalamus,SL_MTHy,Subcortex,L,mapped,10.812500000000005,False,692,692,1.0,0.04303299421735193,0.03215970100193299,0.1200087851463206,cm032,unaccepted
L4:mapped:1087,4,1087.0,SL_ventral_tuberal_hypothalamus,SL_VTHy,Subcortex,L,mapped,29.406250000000014,False,1882,485,0.25770456960680127,0.16843427474167474,0.17418736289633027,0.503122659793966,cm032,unaccepted
L4:mapped:1091,4,1091.0,SL_dorsal_tuberal_hypothalamus,SL_DTHy,Subcortex,L,mapped,114.42187500000006,False,7323,6444,0.8799672265464973,-0.15820754328457626,-0.1556738081433141,-0.549433463932235,cm032,unaccepted
L4:mapped:1101,4,1101.0,SL_dorsal_posterior_hypothalamus,SL_DPHy,Subcortex,L,mapped,21.87500000000001,False,1400,1167,0.8335714285714285,0.0861230991971991,0.08501485515381939,0.2562466721048004,cm032,unaccepted
L4:mapped:1103,4,1103.0,SL_ventral_posterior_hypothalamus,SL_VPHy,Subcortex,L,mapped,14.968750000000007,False,958,244,0.2546972860125261,0.07075172792604287,0.07922353042998037,0.2764843627338906,cm032,unaccepted
L4:mapped:1108,4,1108.0,SL_pituitary,SL_Pit,Subcortex,L,mapped,44.29687500000002,False,2835,0,0.0,,,,cm032,unaccepted
L4:mapped:1112,4,1112.0,SL_zona_incerta_and_lenticular_fascicles,SL_ZI-H,Subcortex,L,mapped,37.375000000000014,False,2392,2356,0.9849498327759197,-0.12471266318327563,-0.1105748271017247,-0.3993016103558345,cm032,unaccepted
L4:mapped:1114,4,1114.0,SL_reticular_thalamus,SL_Rt,Subcortex,L,mapped,68.90625000000003,False,4410,4410,1.0,-0.08620539653610246,-0.10571815097434119,-0.4241067057583623,cm032,unaccepted
L4:mapped:1116,4,1116.0,SL_anterior_thalamus_region,SL_AR,Subcortex,L,mapped,22.87500000000001,False,1464,1464,1.0,0.36208234726801997,0.38123577048466994,1.495211662248376,cm032,unaccepted
L4:mapped:1119,4,1119.0,SL_intralaminar_thalamus,SL_ILThal,Subcortex,L,mapped,106.54687500000004,False,6819,6819,1.0,-0.03075508756324698,-0.024170709649224693,-0.09421218036465934,cm032,unaccepted
L4:mapped:1126,4,1126.0,SL_mediodorsal_thalamus,SL_MD,Subcortex,L,mapped,78.81250000000003,False,5044,5044,1.0,0.5759677064880933,0.37688987727501766,1.4783907781788517,cm032,unaccepted
L4:mapped:1127,4,1127.0,SL_midline_thalamus,SL_MLThal,Subcortex,L,mapped,71.21875000000003,False,4558,4558,1.0,0.714436786732839,0.4838802446382737,1.8773378308866477,cm032,unaccepted
L4:mapped:1136,4,1136.0,SL_pallido_nigral_thalamus,SL_PNThal,Subcortex,L,mapped,95.73437500000004,False,6127,6127,1.0,-0.017848791003215424,-0.04768235094455647,-0.19306290272149257,cm032,unaccepted
L4:mapped:1139,4,1139.0,SL_cerebellar_thalamus,SL_CbThal,Subcortex,L,mapped,107.48437500000004,False,6879,6879,1.0,-0.05498666559493215,-0.03717774899961481,-0.14736281700805814,cm032,unaccepted
L4:mapped:1143,4,1143.0,SL_spinal_thalamus,SL_SpThal,Subcortex,L,mapped,88.20312500000004,False,5645,5645,1.0,-0.03381393917183765,-0.02006502656076995,-0.07283048760928218,cm032,unaccepted
L4:mapped:1149,4,1149.0,SL_lateral_posterior_thalamus,SL_LP,Subcortex,L,mapped,21.60937500000001,False,1383,1383,1.0,-0.012662871967452074,0.007885917152070168,0.03551400483364351,cm032,unaccepted
L4:mapped:1150,4,1150.0,SL_lateral_dorsal_thalamus,SL_LD,Subcortex,L,mapped,4.328125000000002,False,277,277,1.0,-0.16227100574322392,-0.1252475355109394,-0.4931348710414327,cm032,unaccepted
L4:mapped:1151,4,1151.0,SL_pulvinar_thalamus,SL_Pul,Subcortex,L,mapped,182.54687500000009,False,11683,11683,1.0,-0.11525515761138076,-0.07737039284356426,-0.3036385286339983,cm032,unaccepted
L4:mapped:1158,4,1158.0,SL_dorsal_lateral_geniculate,SL_DLG,Subcortex,L,mapped,93.35937500000004,False,5975,3996,0.6687866108786611,0.0061607422547525015,0.0024563336560420304,0.026737636153165906,cm032,unaccepted
L4:mapped:1159,4,1159.0,SL_medial_geniculate,SL_MG,Subcortex,L,mapped,28.406250000000014,False,1818,1818,1.0,-0.1703028182034715,-0.12408393171874109,-0.26169847848669536,cm032,unaccepted
L4:mapped:1161,4,1161.0,SL_pineal_gland,SL_Pi,Subcortex,L,mapped,4.093750000000002,False,262,262,1.0,0.5009167247532739,0.544393985958181,1.6568641185203807,cm032,unaccepted
L4:mapped:1162,4,1162.0,SL_habenula,SL_Hb,Subcortex,L,mapped,11.265625000000005,False,721,721,1.0,0.35418138808413796,0.23190800198904526,0.7627065168448904,cm032,unaccepted
L4:mapped:1163,4,1163.0,SL_pretectum,SL_PrT,Subcortex,L,mapped,26.54687500000001,False,1699,1699,1.0,-0.12258672739758311,-0.11909158247272962,-0.46186187476045704,cm032,unaccepted
L4:mapped:1172,4,1172.0,SL_colliculi,SL_Co,Subcortex,L,mapped,137.93750000000006,False,8828,8828,1.0,-0.032873285887175765,-0.07819382156629312,-0.31434455995902133,cm032,unaccepted
L4:mapped:1177,4,1177.0,SL_periaqueductal_gray_region,SL_PAGR,Subcortex,L,mapped,51.10937500000002,False,3271,3271,1.0,-0.03839183659403734,-0.08504720489377621,-0.3294706585853155,cm032,unaccepted
L4:mapped:1181,4,1181.0,SL_midbrain_tegmentum,SL_TgMid,Subcortex,L,mapped,36.937500000000014,False,2364,2364,1.0,-0.09081943515097983,-0.06497724616508309,-0.27645888620851855,cm032,unaccepted
L4:mapped:1189,4,1189.0,SL_midbrain_reticulum,SL_RtMid,Subcortex,L,mapped,81.48437500000004,False,5215,5215,1.0,-0.06067683854335869,-0.06402973258853648,-0.2585219177271414,cm032,unaccepted
L4:mapped:1193,4,1193.0,SL_oculomotor_region,SL_OC+,Subcortex,L,mapped,33.859375000000014,False,2167,1687,0.7784956160590678,0.08979064644748748,0.055829411664679265,0.22343594542900283,cm032,unaccepted
L4:mapped:1196,4,1196.0,SL_midbrain_raphe,SL_raphe_Mid,Subcortex,L,mapped,33.156250000000014,False,2122,2115,0.9967012252591895,0.1163493364328801,0.09215489464079554,0.3681300638136189,cm032,unaccepted
L4:mapped:1201,4,1201.0,SL_rubral_region,SL_R+,Subcortex,L,mapped,38.468750000000014,False,2462,2462,1.0,0.10817355608031398,0.11008876982835827,0.44655436539112237,cm032,unaccepted
L4:mapped:1204,4,1204.0,SL_midbrain_dopaminergic_complex,SL_DA_Mid,Subcortex,L,mapped,222.89062500000009,False,14265,9850,0.6905012267788293,-0.22003675508937529,-0.17902942003116812,-0.6382186300783692,cm032,unaccepted
L4:mapped:1214,4,1214.0,SL_parabrachial_complex,SL_PBC,Subcortex,L,mapped,45.84375000000002,False,2934,2934,1.0,0.0016713595183616967,-0.0001663515762981016,0.0012492214642716992,cm032,unaccepted
L4:mapped:1219,4,1219.0,SL_locus-central_gray_region,SL_LGR,Subcortex,L,mapped,8.187500000000004,False,524,524,1.0,-0.07692993915780293,-0.05120817773814042,-0.2030668368550986,cm032,unaccepted
L4:mapped:1223,4,1223.0,SL_pontine_dorsal_tegmentum,SL_tgPons,Subcortex,L,mapped,15.421875000000007,False,987,987,1.0,0.041497448214627856,0.08939119601782446,0.3610014187437541,cm032,unaccepted
L4:mapped:1227,4,1227.0,SL_lateral_lemniscus_complex,SL_ll+,Subcortex,L,mapped,27.73437500000001,False,1775,1748,0.9847887323943662,-0.05307480790227667,-0.04561707226758957,-0.18523915272105426,cm032,unaccepted
L4:mapped:1232,4,1232.0,SL_pontine_reticulum,SL_retPons,Subcortex,L,mapped,135.50000000000006,False,8672,5671,0.6539437269372693,-0.02631749199609522,-0.006495588858279095,-0.028384591420425914,cm032,unaccepted
L4:mapped:1238,4,1238.0,SL_superior_olive+lemiscal_region,SL_SuO/ml,Subcortex,L,mapped,56.50000000000003,False,3616,607,0.16786504424778761,-0.23517053354274894,-0.24723682448497783,-1.1085782557269646,cm032,unaccepted
L4:mapped:1242,4,1242.0,SL_pontine_nucleus_region,SL_Pn+,Subcortex,L,mapped,492.9218750000002,False,31547,9969,0.3160046914128126,-0.11024401602183828,-0.03318031439835878,-0.1016342443806559,cm032,unaccepted
L4:mapped:1249,4,1249.0,SL_cerebellar_white_matter,SL_wmCB,Subcortex,L,mapped,48.92187500000002,False,3131,1069,0.34142446502714785,0.019970311464333514,-0.028260076966927353,-0.1140649980707295,cm032,unaccepted
L4:mapped:1252,4,1252.0,SL_deep_cerebellar_nuclei,SL_DCb,Subcortex,L,mapped,130.18750000000006,False,8332,8132,0.9759961593855017,0.014235400299431782,-0.01701345475983136,-0.057192436504434466,cm032,unaccepted
L4:mapped:1259,4,1259.0,SL_floculus_parafloculus,SL_Fl-PFl,Subcortex,L,mapped,388.62500000000017,False,24872,3325,0.1336844644580251,-0.1088266452466952,-0.08592523750859621,-0.3730462154173676,cm032,unaccepted
L4:mapped:1262,4,1262.0,SL_vermis_cerebellar_cortex,SL_VCbCx,Subcortex,L,mapped,980.8281250000005,False,62773,55539,0.8847593710671786,0.04224309188083212,0.04406916634502169,0.18270412707830563,cm032,unaccepted
L4:mapped:1275,4,1275.0,SL_intermediate_cerebellar_cortex,SL_ICbCx,Subcortex,L,mapped,1170.7343750000005,False,74927,53401,0.7127070348472513,-0.045472322680085435,-0.04298963591129398,-0.16786003675492273,cm032,unaccepted
L4:mapped:1283,4,1283.0,SL_lateral_cerebellar_cortex,SL_LCbCx,Subcortex,L,mapped,717.8750000000003,False,45944,21887,0.4763842939230367,-0.014736432161685086,0.011497674527447141,0.052598336400145565,cm032,unaccepted
L4:mapped:1289,4,1289.0,SL_vestibulo_cochlear_complex,SL_VCC,Subcortex,L,mapped,89.14062500000004,False,5705,2166,0.3796669588080631,-0.05667904576173477,-0.061777882704614054,-0.24493555762783265,cm032,unaccepted
L4:mapped:1294,4,1294.0,SL_trigeminal_complex,SL_C5,Subcortex,L,mapped,57.53125000000003,False,3682,751,0.20396523628462793,0.004472365360779832,0.0025440219465924815,0.0037912523396660125,cm032,unaccepted
L4:mapped:1301,4,1301.0,SL_somatovisceral_complex,SL_SVC,Subcortex,L,mapped,79.18750000000003,False,5068,184,0.036306235201262825,0.1242641508506493,0.11979063396651093,0.5951625275452233,cm032,unaccepted
L4:mapped:1307,4,1307.0,SL_medullar_motor_complex,SL_MedMC,Subcortex,L,mapped,10.781250000000005,False,690,198,0.28695652173913044,-0.09277243385205602,-0.07691771523187402,-0.2968498194799284,cm032,unaccepted
L4:mapped:1310,4,1310.0,SL_medullar_reticulum,SL_MedRet,Subcortex,L,mapped,121.06250000000006,False,7748,27,0.0034847702632937534,0.03126197370546163,0.04023651489344425,0.15638233270425858,cm032,unaccepted
L4:mapped:1315,4,1315.0,SL_medullar-Raphe,SL_MedRaphe,Subcortex,L,mapped,2.9375000000000013,False,188,0,0.0,,,,cm032,unaccepted
L4:mapped:1319,4,1319.0,SL_precerebellar_medulla,SL_PreCbMed,Subcortex,L,mapped,64.70312500000003,False,4141,0,0.0,,,,cm032,unaccepted
L4:mapped:1322,4,1322.0,SL_ventral_medullar_tracts,SL_vmt,Subcortex,L,mapped,46.89062500000002,False,3001,0,0.0,,,,cm032,unaccepted
L4:mapped:1504,4,1504.0,SR_claustrum,SR_Cl,Subcortex,R,mapped,255.1562500000001,False,16330,16121,0.9872014696876914,2.401772787986307,2.220230436620541,7.809256607338231,cm032,unaccepted
L4:mapped:1506,4,1506.0,SR_endopiriform_claustrum,SR_En,Subcortex,R,mapped,23.71875000000001,False,1518,1518,1.0,3.578083535836446,3.5466726059760765,9.776569587537558,cm032,unaccepted
L4:mapped:1509,4,1509.0,SR_piriform_cortex,SR_Pir,Subcortex,R,mapped,30.796875000000014,False,1971,873,0.4429223744292237,1.1434303627645146,1.0822537252851432,3.071063248065655,cm032,unaccepted
L4:mapped:1512,4,1512.0,SR_hippocampal_formation_anterior,SR_HFA,Subcortex,R,mapped,353.15625000000017,False,22602,4297,0.1901159189452261,0.513318479838392,0.5013514151082535,1.6593320523606239,cm032,unaccepted
L4:mapped:1517,4,1517.0,SR_hippocampal_formation_posterior,SR_HFP,Subcortex,R,mapped,178.93750000000009,False,11452,8590,0.7500873209919665,0.3493641237780271,0.25855451435833043,0.9773678304543576,cm032,unaccepted
L4:mapped:1523,4,1523.0,SR_fornix,SR_f,Subcortex,R,mapped,43.40625000000002,False,2778,2778,1.0,0.2943894999475535,0.21838677673375323,0.8850828373350248,cm032,unaccepted
L4:mapped:1526,4,1526.0,SR_ventropallial_amygdala,SR_vpAmy,Subcortex,R,mapped,87.81250000000004,False,5620,4097,0.7290035587188612,1.2195110681584724,1.1606250867497228,2.771174849032534,cm032,unaccepted
L4:mapped:1530,4,1530.0,SR_lateropallial_amygdala,SR_lpAmy,Subcortex,R,mapped,129.98437500000006,False,8319,6010,0.7224426012741916,1.8409913364116555,1.7415615460726992,4.636738869388731,cm032,unaccepted
L4:mapped:1541,4,1541.0,SR_striatal_amygdala,SR_stAmy,Subcortex,R,mapped,13.843750000000005,False,886,886,1.0,1.9150546586108164,2.085361832527904,6.720425581889245,cm032,unaccepted
L4:mapped:1543,4,1543.0,SR_medial_amygdala,SR_mAmy,Subcortex,R,mapped,40.71875000000002,False,2606,2534,0.9723714504988488,2.225823306387048,2.188738991019636,5.792342499814537,cm032,unaccepted
L4:mapped:1546,4,1546.0,SR_pallidal_amygdala,SR_pdAmy,Subcortex,R,mapped,29.640625000000014,False,1897,1282,0.6758039008961518,1.7648090442861006,1.134192381063525,3.548104365259662,cm032,unaccepted
L4:mapped:1552,4,1552.0,SR_dorsal_striatum,SR_DStr,Subcortex,R,mapped,1809.218750000001,False,115790,113277,0.9782969168321962,0.5798548777033535,0.23825410756546328,0.9154366573544412,cm032,unaccepted
L4:mapped:1559,4,1559.0,SR_ventral_striatum,SR_VStr,Subcortex,R,mapped,113.20312500000006,False,7245,3804,0.5250517598343686,0.42724657019338,0.20027292792281434,0.6306487407982724,cm032,unaccepted
L4:mapped:1562,4,1562.0,SR_pallidum,SR_Pd,Subcortex,R,mapped,338.59375000000017,False,21670,21510,0.9926165205353022,1.104920427747105,0.8116159521155113,2.917954324475544,cm032,unaccepted
L4:mapped:1570,4,1570.0,SR_basal_nucleus_region,SR_BR,Subcortex,R,mapped,38.000000000000014,False,2432,2019,0.8301809210526315,2.2857361130535647,2.088360669495237,7.339436895725733,cm032,unaccepted
L4:mapped:1573,4,1573.0,SR_bed_nucleus_of_the_stria_terminalis,SR_ST,Subcortex,R,mapped,42.00000000000002,False,2688,2688,1.0,0.3507138392861953,0.3392850236212838,1.3055365410744075,cm032,unaccepted
L4:mapped:1574,4,1574.0,SR_septum_diagonal_band_complex,SR_SDBR,Subcortex,R,mapped,102.70312500000004,False,6573,5615,0.8542522440286019,0.24073218001909932,0.2777377131714287,1.073449999036821,cm032,unaccepted
L4:mapped:1578,4,1578.0,SR_optic_tract,SR_opt,Subcortex,R,mapped,151.82812500000006,False,9717,3321,0.34177215189873417,0.869455340588533,0.6139484680791996,1.685456675762246,cm032,unaccepted
L4:mapped:1579,4,1579.0,SR_preoptic_region,SR_POR,Subcortex,R,mapped,22.84375000000001,False,1462,1005,0.6874145006839946,-0.2475823799986526,-0.2742642854016135,-0.9032426310248252,cm032,unaccepted
L4:mapped:1585,4,1585.0,SR_medial_tuberal_hypothalamus,SR_MTHy,Subcortex,R,mapped,10.812500000000005,False,692,692,1.0,0.15387742181579023,0.15658031145003046,0.599476003869815,cm032,unaccepted
L4:mapped:1587,4,1587.0,SR_ventral_tuberal_hypothalamus,SR_VTHy,Subcortex,R,mapped,29.406250000000014,False,1882,471,0.2502656748140276,0.06806647962526462,0.04503024456477172,0.11816778279501516,cm032,unaccepted
L4:mapped:1591,4,1591.0,SR_dorsal_tuberal_hypothalamus,SR_DTHy,Subcortex,R,mapped,114.42187500000006,False,7323,6428,0.8777823296463199,0.7718257950643775,0.3230185390573971,1.0580291719925277,cm032,unaccepted
L4:mapped:1601,4,1601.0,SR_dorsal_posterior_hypothalamus,SR_DPHy,Subcortex,R,mapped,21.87500000000001,False,1400,1247,0.8907142857142857,0.1720267175754497,0.14127249730336286,0.44709690587447987,cm032,unaccepted
L4:mapped:1603,4,1603.0,SR_ventral_posterior_hypothalamus,SR_VPHy,Subcortex,R,mapped,14.968750000000007,False,958,336,0.35073068893528186,-0.1697951988418961,-0.2776419486808155,-0.7651067956915073,cm032,unaccepted
L4:mapped:1608,4,1608.0,SR_pituitary,SR_Pit,Subcortex,R,mapped,44.29687500000002,False,2835,0,0.0,,,,cm032,unaccepted
L4:mapped:1612,4,1612.0,SR_zona_incerta_and_lenticular_fascicles,SR_ZI-H,Subcortex,R,mapped,37.375000000000014,False,2392,2392,1.0,0.22775755252700827,0.16663512889454754,0.5850140704247629,cm032,unaccepted
L4:mapped:1614,4,1614.0,SR_reticular_thalamus,SR_Rt,Subcortex,R,mapped,68.90625000000003,False,4410,4410,1.0,-0.20025150919801718,-0.25612078726280973,-1.0460188304318603,cm032,unaccepted
L4:mapped:1616,4,1616.0,SR_anterior_thalamus_region,SR_AR,Subcortex,R,mapped,22.87500000000001,False,1464,1464,1.0,0.4726940644520089,0.5274329392728319,2.1586560953480656,cm032,unaccepted
L4:mapped:1619,4,1619.0,SR_intralaminar_thalamus,SR_ILThal,Subcortex,R,mapped,106.54687500000004,False,6819,6819,1.0,0.199644913388031,0.2277867810878753,0.9299834031313611,cm032,unaccepted
L4:mapped:1626,4,1626.0,SR_mediodorsal_thalamus,SR_MD,Subcortex,R,mapped,78.81250000000003,False,5044,5044,1.0,0.08543074400629724,0.0013611877052397622,0.014151502159717395,cm032,unaccepted
L4:mapped:1627,4,1627.0,SR_midline_thalamus,SR_MLThal,Subcortex,R,mapped,71.21875000000003,False,4558,4558,1.0,0.6371645111911349,0.5458621684205663,2.168402278735794,cm032,unaccepted
L4:mapped:1636,4,1636.0,SR_pallido_nigral_thalamus,SR_PNThal,Subcortex,R,mapped,95.73437500000004,False,6127,6127,1.0,0.0003894132178403234,-0.0011289119574986947,-0.003810140639654458,cm032,unaccepted
L4:mapped:1639,4,1639.0,SR_cerebellar_thalamus,SR_CbThal,Subcortex,R,mapped,107.48437500000004,False,6879,6879,1.0,-0.09155429270612055,-0.10555969086662044,-0.42415978402244503,cm032,unaccepted
L4:mapped:1643,4,1643.0,SR_spinal_thalamus,SR_SpThal,Subcortex,R,mapped,88.20312500000004,False,5645,5645,1.0,-0.01263460550163012,-0.02722245856970984,-0.1056719918781164,cm032,unaccepted
L4:mapped:1649,4,1649.0,SR_lateral_posterior_thalamus,SR_LP,Subcortex,R,mapped,21.60937500000001,False,1383,1383,1.0,-0.03194161083286854,-0.04256203246315751,-0.1597019035054277,cm032,unaccepted
L4:mapped:1650,4,1650.0,SR_lateral_dorsal_thalamus,SR_LD,Subcortex,R,mapped,4.328125000000002,False,277,277,1.0,0.163664147423146,0.1626098285312228,0.6572556149553541,cm032,unaccepted
L4:mapped:1651,4,1651.0,SR_pulvinar_thalamus,SR_Pul,Subcortex,R,mapped,182.54687500000009,False,11683,11683,1.0,0.02872564102501441,0.02511397942731179,0.0943086098862782,cm032,unaccepted
L4:mapped:1658,4,1658.0,SR_dorsal_lateral_geniculate,SR_DLG,Subcortex,R,mapped,93.35937500000004,False,5975,4599,0.7697071129707113,-0.11443784186465095,-0.10258051634027192,-0.4006777000084297,cm032,unaccepted
L4:mapped:1659,4,1659.0,SR_medial_geniculate,SR_MG,Subcortex,R,mapped,28.406250000000014,False,1818,1818,1.0,0.3343396803913623,0.07850208222015083,0.40718186577182236,cm032,unaccepted
L4:mapped:1661,4,1661.0,SR_pineal_gland,SR_Pi,Subcortex,R,mapped,4.093750000000002,False,262,262,1.0,0.4423724315598454,0.3776091840232776,1.249204034997082,cm032,unaccepted
L4:mapped:1662,4,1662.0,SR_habenula,SR_Hb,Subcortex,R,mapped,11.265625000000005,False,721,721,1.0,0.12015392250878167,0.09420477818059528,0.37005965235755606,cm032,unaccepted
L4:mapped:1663,4,1663.0,SR_pretectum,SR_PrT,Subcortex,R,mapped,26.54687500000001,False,1699,1699,1.0,0.07185047281544621,0.08470034153687478,0.3495222732340466,cm032,unaccepted
L4:mapped:1672,4,1672.0,SR_colliculi,SR_Co,Subcortex,R,mapped,137.93750000000006,False,8828,8828,1.0,0.012646109656497758,0.039176057550323766,0.1617446960503044,cm032,unaccepted
L4:mapped:1677,4,1677.0,SR_periaqueductal_gray_region,SR_PAGR,Subcortex,R,mapped,51.10937500000002,False,3271,3271,1.0,0.20830162131227664,0.16126405415420073,0.577536037699738,cm032,unaccepted
L4:mapped:1681,4,1681.0,SR_midbrain_tegmentum,SR_TgMid,Subcortex,R,mapped,36.937500000000014,False,2364,2364,1.0,0.025199885924731637,0.057245802735346345,0.23674481069955283,cm032,unaccepted
L4:mapped:1689,4,1689.0,SR_midbrain_reticulum,SR_RtMid,Subcortex,R,mapped,81.48437500000004,False,5215,5215,1.0,0.18316713469019874,0.17273232175491904,0.6947942819274402,cm032,unaccepted
L4:mapped:1693,4,1693.0,SR_oculomotor_region,SR_OC+,Subcortex,R,mapped,33.859375000000014,False,2167,1678,0.7743424088601754,0.11433272273142164,0.07780880759078612,0.31952577175159913,cm032,unaccepted
L4:mapped:1696,4,1696.0,SR_midbrain_raphe,SR_raphe_Mid,Subcortex,R,mapped,33.156250000000014,False,2122,2110,0.9943449575871819,0.11517183513643968,0.07859412844157825,0.2999883758192837,cm032,unaccepted
L4:mapped:1701,4,1701.0,SR_rubral_region,SR_R+,Subcortex,R,mapped,38.468750000000014,False,2462,2462,1.0,0.2269929743649399,0.24897620535375925,0.9910469964657234,cm032,unaccepted
L4:mapped:1704,4,1704.0,SR_midbrain_dopaminergic_complex,SR_DA_Mid,Subcortex,R,mapped,222.89062500000009,False,14265,11442,0.8021030494216614,0.0703647818388692,0.07684201128157017,0.2803024507438616,cm032,unaccepted
L4:mapped:1714,4,1714.0,SR_parabrachial_complex,SR_PBC,Subcortex,R,mapped,45.84375000000002,False,2934,2934,1.0,0.0037667751726406713,-0.007016594794697781,-0.03190060542270606,cm032,unaccepted
L4:mapped:1719,4,1719.0,SR_locus-central_gray_region,SR_LGR,Subcortex,R,mapped,8.187500000000004,False,524,524,1.0,-0.061726823270706235,-0.050271610380387716,-0.1912247921188756,cm032,unaccepted
L4:mapped:1723,4,1723.0,SR_pontine_dorsal_tegmentum,SR_tgPons,Subcortex,R,mapped,15.421875000000007,False,987,987,1.0,-0.004567483455463842,-0.018357369571703308,-0.07780919122337375,cm032,unaccepted
L4:mapped:1727,4,1727.0,SR_lateral_lemniscus_complex,SR_ll+,Subcortex,R,mapped,27.73437500000001,False,1775,1667,0.9391549295774648,0.07012385047235319,0.06158664589497583,0.280193033111714,cm032,unaccepted
L4:mapped:1732,4,1732.0,SR_pontine_reticulum,SR_retPons,Subcortex,R,mapped,135.50000000000006,False,8672,5426,0.6256918819188192,0.02347030062240915,0.019740556002914224,0.08953005216745871,cm032,unaccepted
L4:mapped:1738,4,1738.0,SR_superior_olive+lemiscal_region,SR_SuO/ml,Subcortex,R,mapped,56.50000000000003,False,3616,542,0.14988938053097345,-0.00345713347623687,0.015639855434575127,0.06282536905155023,cm032,unaccepted
L4:mapped:1742,4,1742.0,SR_pontine_nucleus_region,SR_Pn+,Subcortex,R,mapped,492.9218750000002,False,31547,9914,0.3142612609756871,-0.1756145056101055,-0.03559499202523496,-0.11581255722114467,cm032,unaccepted
L4:mapped:1749,4,1749.0,SR_cerebellar_white_matter,SR_wmCB,Subcortex,R,mapped,48.92187500000002,False,3131,985,0.3145959757266049,-0.09817690279396121,-0.10886446284605839,-0.412329932470322,cm032,unaccepted
L4:mapped:1752,4,1752.0,SR_deep_cerebellar_nuclei,SR_DCb,Subcortex,R,mapped,130.18750000000006,False,8332,7807,0.9369899183869419,-0.05139635307667164,-0.06502897195980356,-0.21380371970347983,cm032,unaccepted
L4:mapped:1759,4,1759.0,SR_floculus_parafloculus,SR_Fl-PFl,Subcortex,R,mapped,388.62500000000017,False,24872,4941,0.1986571244773239,-0.0600553051028975,-0.040015899609684484,-0.18070076877435076,cm032,unaccepted
L4:mapped:1762,4,1762.0,SR_vermis_cerebellar_cortex,SR_VCbCx,Subcortex,R,mapped,980.8281250000005,False,62773,55090,0.8776066143086996,-0.012670382804126518,-0.026144005464506508,-0.09130318914755979,cm032,unaccepted
L4:mapped:1775,4,1775.0,SR_intermediate_cerebellar_cortex,SR_ICbCx,Subcortex,R,mapped,1170.7343750000005,False,74927,54726,0.7303909138227875,-0.01775775507224433,-0.02855024798232906,-0.11339516515694364,cm032,unaccepted
L4:mapped:1783,4,1783.0,SR_lateral_cerebellar_cortex,SR_LCbCx,Subcortex,R,mapped,717.8750000000003,False,45944,26118,0.5684746648093331,-0.00829409407291405,-0.0025948242397153976,-0.008501274302015534,cm032,unaccepted
L4:mapped:1789,4,1789.0,SR_vestibulo_cochlear_complex,SR_VCC,Subcortex,R,mapped,89.14062500000004,False,5705,2424,0.42489044697633654,-0.03202253772744527,-0.015649222647409266,-0.05653200356923162,cm032,unaccepted
L4:mapped:1794,4,1794.0,SR_trigeminal_complex,SR_C5,Subcortex,R,mapped,57.53125000000003,False,3682,574,0.155893536121673,-0.14646081769105992,-0.15941655438264257,-0.6804252094829524,cm032,unaccepted
L4:mapped:1801,4,1801.0,SR_somatovisceral_complex,SR_SVC,Subcortex,R,mapped,79.18750000000003,False,5068,358,0.07063930544593527,0.14206642824315538,0.13189966166346545,0.5988005572576501,cm032,unaccepted
L4:mapped:1807,4,1807.0,SR_medullar_motor_complex,SR_MedMC,Subcortex,R,mapped,10.781250000000005,False,690,156,0.22608695652173913,-0.023972000411577595,-0.008753418277395173,-0.03563268957955312,cm032,unaccepted
L4:mapped:1810,4,1810.0,SR_medullar_reticulum,SR_MedRet,Subcortex,R,mapped,121.06250000000006,False,7748,58,0.0074858027878162104,0.012752769791743043,0.011027337467254816,0.05296215224140657,cm032,unaccepted
L4:mapped:1815,4,1815.0,SR_medullar-Raphe,SR_MedRaphe,Subcortex,R,mapped,2.9375000000000013,False,188,0,0.0,,,,cm032,unaccepted
L4:mapped:1819,4,1819.0,SR_precerebellar_medulla,SR_PreCbMed,Subcortex,R,mapped,64.70312500000003,False,4141,0,0.0,,,,cm032,unaccepted
L4:mapped:1822,4,1822.0,SR_ventral_medullar_tracts,SR_vmt,Subcortex,R,mapped,46.89062500000002,False,3001,0,0.0,,,,cm032,unaccepted
L5:zero_unassigned:0,5,0.0,Atlas label 0 (unassigned),,Unassigned,Unknown,zero_unassigned,190501.3437500001,False,12192086,2049469,0.16809830573701662,0.10816137594729608,0.03897473025308611,0.15332359406414445,cm032,unaccepted
L5:mapped:4,5,4.0,CL_area_32,CL_area_32,Cortex,L,mapped,91.60937500000004,False,5863,5863,1.0,0.0380181529709217,0.06591204298677131,0.157050473390558,cm032,unaccepted
L5:mapped:5,5,5.0,CL_subgenual_cortex,CL_area_25,Cortex,L,mapped,32.890625000000014,False,2105,1648,0.7828978622327791,0.25355659632386457,0.18395054851919457,0.3914754076831257,cm032,unaccepted
L5:mapped:7,5,7.0,CL_areas_24a_and_24b,CL_area_24a/b,Cortex,L,mapped,92.98437500000004,False,5951,5862,0.9850445303310368,-0.08897130453624218,-0.044415122088240624,-0.10909608171575746,cm032,unaccepted
L5:mapped:10,5,10.0,CL_area_24c,CL_area_24c,Cortex,L,mapped,196.90625000000009,False,12602,12602,1.0,-0.041090718911786665,-0.06096445920878295,-0.18312426964521425,cm032,unaccepted
L5:mapped:12,5,12.0,CL_areas_24a'_and_24b',CL_area_24a/b_prime,Cortex,L,mapped,72.70312500000003,False,4653,4653,1.0,0.0018658630960969001,0.011027025121449707,0.07463915820258737,cm032,unaccepted
L5:mapped:15,5,15.0,CL_area_24c',CL_area_24c_prime,Cortex,L,mapped,115.67187500000006,False,7403,7403,1.0,-0.00043709701008061164,0.027979361266571384,0.13737500591988477,cm032,unaccepted
L5:mapped:18,5,18.0,CL_frontal_pole,CL_area_10,Cortex,L,mapped,235.2968750000001,False,15059,13515,0.8974699515240055,0.12415178641660377,0.111046474110303,0.3518430308757747,cm032,unaccepted
L5:mapped:22,5,22.0,CL_gyrus_rectus,CL_area_14,Cortex,L,mapped,70.31250000000003,False,4500,974,0.21644444444444444,0.1706535341963962,0.19716511140070814,0.5135079847106416,cm032,unaccepted
L5:mapped:27,5,27.0,CL_area_11,CL_area_11,Cortex,L,mapped,138.23437500000006,False,8847,5373,0.6073245167853509,-0.028938359925998344,-0.01893105875793924,-0.056755251315006465,cm032,unaccepted
L5:mapped:30,5,30.0,CL_area_13,CL_area_13,Cortex,L,mapped,419.17187500000017,False,26827,17921,0.6680210235956313,0.004625871276642874,0.000782582103629692,0.0027750928700621567,cm032,unaccepted
L5:mapped:34,5,34.0,CL_medial_and_orbital_area_12,CL_area_12m/o,Cortex,L,mapped,150.73437500000006,False,9647,6032,0.6252721053177154,0.06879778431388968,0.054248280540061644,0.20155493722231388,cm032,unaccepted
L5:mapped:39,5,39.0,CL_medial_agranular_insular_region,CL_Iam/Iapm,Cortex,L,mapped,24.17187500000001,False,1547,281,0.18164188752424046,-0.022046431541205475,0.0030094301762415977,0.014422323688104546,cm032,unaccepted
L5:mapped:40,5,40.0,CL_lateral_agranular_insular_region,CL_lat_Ia,Cortex,L,mapped,145.28125000000006,False,9298,5765,0.6200258120025812,-0.015403857418922407,0.015479129772966893,0.05850204994814741,cm032,unaccepted
L5:key_level_conflict:45,5,45.0,CL_anterior_olfactory_cortex,CL_AON/TTv,Cortex,L,key_level_conflict,25.64062500000001,True,1641,334,0.20353443022547227,-0.05978852769351971,-0.05613985274342629,-0.17747925260187103,cm032,unaccepted
L5:mapped:48,5,48.0,CL_gustatory_cortex,CL_G,Cortex,L,mapped,40.12500000000002,False,2568,2568,1.0,0.09665773474527503,0.09431861897255044,0.3700879517578557,cm032,unaccepted
L5:mapped:49,5,49.0,CL_precentral_operular_area,CL_PrCO,Cortex,L,mapped,95.95312500000004,False,6141,4967,0.8088259241165934,-0.06031450854783795,-0.0011259374845693226,0.013496942395248568,cm032,unaccepted
L5:mapped:51,5,51.0,CL_periarcuate_area_8A_(Frontal_Eye_Fields),CL_area_8A,Cortex,L,mapped,105.62500000000004,False,6760,6600,0.9763313609467456,0.1256020389019762,0.1305177623833913,0.4970536499402845,cm032,unaccepted
L5:mapped:55,5,55.0,CL_area_8B,CL_area_8B,Cortex,L,mapped,284.1562500000001,False,18186,18004,0.9899923017705927,0.22379554709048327,0.19510084513047463,0.7346586431450948,cm032,unaccepted
L5:mapped:60,5,60.0,CL_area_9,CL_area_9,Cortex,L,mapped,312.0625000000001,False,19972,19124,0.9575405567794912,0.11052844233275728,0.09395836895746511,0.3484185118908488,cm032,unaccepted
L5:mapped:63,5,63.0,CL_dorsal_area_46,CL_area_46d,Cortex,L,mapped,282.5000000000001,False,18080,16568,0.9163716814159292,0.08362851334969941,0.09146179070086924,0.3113587912547123,cm032,unaccepted
L5:mapped:66,5,66.0,CL_ventral_and_fundus_portion_of_area_46,CL_area_46v/f,Cortex,L,mapped,316.7187500000001,False,20270,18011,0.8885545140601875,0.07869884506438497,0.07828727855620841,0.274931572099733,cm032,unaccepted
L5:mapped:69,5,69.0,CL_rostral_and_lateral_area_12,CL_area_12r/l,Cortex,L,mapped,149.23437500000006,False,9551,3640,0.3811119254528322,0.0590599651299445,0.0380540539867866,0.1579404365881952,cm032,unaccepted
L5:mapped:73,5,73.0,CL_area_45,CL_area_45,Cortex,L,mapped,165.54687500000009,False,10595,9702,0.915714959886739,0.06264894217378145,0.0760391818948543,0.2964293348829147,cm032,unaccepted
L5:mapped:76,5,76.0,CL_area_44,CL_area_44,Cortex,L,mapped,49.35937500000002,False,3159,3159,1.0,0.06712503791785958,0.072628270183039,0.2875961984821511,cm032,unaccepted
L5:mapped:79,5,79.0,CL_primary_motor_cortex,CL_M1,Cortex,L,mapped,762.1250000000003,False,48776,48772,0.9999179924553059,-0.026232006187551227,-0.0016770112958521693,-0.005148768142029522,cm032,unaccepted
L5:mapped:81,5,81.0,CL_dorsal_premotor_cortex,CL_PMd,Cortex,L,mapped,767.7500000000003,False,49136,48526,0.9875854770433083,0.0731427075824988,0.06567543649351332,0.2700149470649481,cm032,unaccepted
L5:mapped:84,5,84.0,CL_ventral_premotor_cortex,CL_PMv,Cortex,L,mapped,700.6093750000003,False,44839,43573,0.9717656504382346,0.05263492763550977,0.04541735326613429,0.18744936664214898,cm032,unaccepted
L5:mapped:88,5,88.0,CL_presupplementary_motor_area,CL_preSMA,Cortex,L,mapped,115.06250000000006,False,7364,7364,1.0,0.16081667223272206,0.09558194698154887,0.32813785190578754,cm032,unaccepted
L5:mapped:89,5,89.0,CL_supplementary_motor_area,CL_SMA,Cortex,L,mapped,196.45312500000009,False,12573,12480,0.9926031973276068,-0.1204020366568011,-0.05778701617732851,-0.1878103387443577,cm032,unaccepted
L5:mapped:93,5,93.0,CL_areas_3a_and_3b,CL_area_3a/b,Cortex,L,mapped,245.3906250000001,False,15705,15705,1.0,0.03857773091926072,0.04027235436102486,0.16915890169223877,cm032,unaccepted
L5:mapped:94,5,94.0,CL_areas_1-2,CL_areas_1-2,Cortex,L,mapped,655.2968750000003,False,41939,41787,0.9963756884999643,0.021634329821239296,0.02276324560184001,0.09427792735450163,cm032,unaccepted
L5:mapped:95,5,95.0,CL_secondary_somatosensory_cortex,CL_SII,Cortex,L,mapped,285.3125000000001,False,18260,18260,1.0,0.1360921974540516,0.1337818838661139,0.5185636398014594,cm032,unaccepted
L5:mapped:98,5,98.0,CL_visual_area_V6,CL_V6,Cortex,L,mapped,37.437500000000014,False,2396,2396,1.0,-0.19483561293704588,-0.20649645077295858,-0.7619669644820415,cm032,unaccepted
L5:mapped:99,5,99.0,CL_visual_area_V6A,CL_V6A,Cortex,L,mapped,58.10937500000003,False,3719,3719,1.0,-0.13158103610543717,-0.13537778362827407,-0.4346059855515436,cm032,unaccepted
L5:mapped:103,5,103.0,CL_dorsal_area_5,CL_area_5d,Cortex,L,mapped,252.4843750000001,False,16159,16159,1.0,-0.07667949213005125,-0.07478369310673766,-0.29238358701924116,cm032,unaccepted
L5:mapped:106,5,106.0,CL_area_PEa,CL_PEa,Cortex,L,mapped,194.45312500000009,False,12445,12445,1.0,0.03869646612777796,0.03404872090260703,0.13297908403769731,cm032,unaccepted
L5:mapped:108,5,108.0,CL_medial_intraparietal_area,CL_MIP,Cortex,L,mapped,159.53125000000006,False,10210,10210,1.0,-0.05499221556608953,-0.052657058564405224,-0.18248465843229994,cm032,unaccepted
L5:mapped:109,5,109.0,CL_fundus_of_the_intraparietal_sulcus,CL_fundus_IPS,Cortex,L,mapped,150.25000000000006,False,9616,9616,1.0,-0.00903370356882518,0.008856619966853253,0.032496838907968034,cm032,unaccepted
L5:mapped:114,5,114.0,CL_anterior_intraparietal_area,CL_AIP,Cortex,L,mapped,42.20312500000002,False,2701,2701,1.0,0.10079276471746769,0.0573951692159575,0.23216536644551966,cm032,unaccepted
L5:mapped:115,5,115.0,CL_lateral_intraparietal_area,CL_LIP,Cortex,L,mapped,268.2812500000001,False,17170,17170,1.0,-0.020326396572375754,-0.02640383126188709,-0.10585813658762133,cm032,unaccepted
L5:mapped:118,5,118.0,CL_lateral_occipital_parietal_area,CL_LOP,Cortex,L,mapped,22.51562500000001,False,1441,1441,1.0,-0.03892709374197217,-0.03821292809826561,-0.1380963090155256,cm032,unaccepted
L5:mapped:119,5,119.0,CL_medial_superior_temporal_area,CL_MST,Cortex,L,mapped,150.20312500000006,False,9613,9613,1.0,-0.11896213668958595,-0.1357030079246871,-0.5163466259427335,cm032,unaccepted
L5:mapped:121,5,121.0,CL_inferior_parietal_lobule_areas_7a_and_7b,CL_area_7a/b,Cortex,L,mapped,393.17187500000017,False,25163,24371,0.968525215594325,-0.013854418927156843,-0.015514767301135907,-0.05974039487925986,cm032,unaccepted
L5:mapped:124,5,124.0,CL_parietal_operculum,CL_area_7op,Cortex,L,mapped,167.64062500000009,False,10729,10721,0.9992543573492404,0.2163821948144411,0.14464675618031528,0.5615787430344927,cm032,unaccepted
L5:mapped:126,5,126.0,CL_area_7_(PGm)_on_the_medial_wall,CL_area_7m,Cortex,L,mapped,183.04687500000009,False,11715,11688,0.9976952624839949,-0.13784550590814468,-0.11362580687007709,-0.4164306934157199,cm032,unaccepted
L5:mapped:129,5,129.0,CL_area_31,CL_area_31,Cortex,L,mapped,63.62500000000003,False,4072,4072,1.0,0.0006107790233716309,0.016666643167339935,0.06238677336666161,cm032,unaccepted
L5:mapped:130,5,130.0,CL_area_23,CL_area_23,Cortex,L,mapped,296.8125000000001,False,18996,18930,0.9965255843335439,0.4137960102913761,0.10507588000404472,0.3422709491622484,cm032,unaccepted
L5:mapped:134,5,134.0,CL_area_v23,CL_area_v23,Cortex,L,mapped,103.89062500000004,False,6649,6540,0.9836065573770492,-0.08890483891550438,-0.05496992866140571,-0.1814697327353717,cm032,unaccepted
L5:mapped:136,5,136.0,CL_area_29,CL_area_29,Cortex,L,mapped,21.65625000000001,False,1386,1386,1.0,-0.005372868403690783,-0.004506922517110337,-0.024360550171879533,cm032,unaccepted
L5:mapped:137,5,137.0,CL_area_30,CL_area_30,Cortex,L,mapped,23.14062500000001,False,1481,1476,0.9966239027683997,-0.027941853757988903,-0.007035080846723156,-0.07327637871378875,cm032,unaccepted
L5:mapped:149,5,149.0,CL_areas_TF_and_TFO,CL_TF/TFO,Cortex,L,mapped,138.75000000000006,False,8880,695,0.07826576576576577,-0.10899626721073968,-0.08931163082484747,-0.376316386644321,cm032,unaccepted
L5:mapped:152,5,152.0,CL_area_TH,CL_TH,Cortex,L,mapped,4.437500000000002,False,284,1,0.0035211267605633804,-0.03339593844492148,-0.03339593844492148,-0.13650962457897647,cm032,unaccepted
L5:mapped:155,5,155.0,CL_caudal_entorhinal_cortex,CL_caudal_ERh,Cortex,L,mapped,50.67187500000002,False,3243,0,0.0,,,,cm032,unaccepted
L5:mapped:158,5,158.0,CL_middle_entorhinal_cortex,CL_mid_ERh,Cortex,L,mapped,31.984375000000014,False,2047,249,0.12164142647777235,-0.13459964219981413,-0.13657679367850042,-0.29219437625282474,cm032,unaccepted
L5:mapped:159,5,159.0,CL_rostral_entorhinal_cortex,CL_rostral_ERh,Cortex,L,mapped,47.82812500000002,False,3061,1066,0.34825220516171185,0.7904861375409781,0.8504762593254318,1.3847473479253076,cm032,unaccepted
L5:mapped:161,5,161.0,CL_area_35,CL_area_35,Cortex,L,mapped,34.593750000000014,False,2214,583,0.26332429990966577,0.6185867116639131,0.7088690069798531,1.114303152828388,cm032,unaccepted
L5:mapped:162,5,162.0,CL_area_36,CL_area_36,Cortex,L,mapped,115.15625000000006,False,7370,412,0.0559023066485753,-0.07794339886860047,-0.09041876208594371,-0.3079100973263062,cm032,unaccepted
L5:mapped:166,5,166.0,CL_agranular_temporal_pole,CL_TGa,Cortex,L,mapped,76.29687500000003,False,4883,3250,0.6655744419414295,0.12020224591744566,0.09866205840872283,0.36019811653980427,cm032,unaccepted
L5:mapped:168,5,168.0,CL_dysgranular_temporal_pole,CL_TGd,Cortex,L,mapped,91.85937500000004,False,5879,3224,0.5483925837727505,-0.0204702217508158,-0.005538772572802192,-0.017880150496790287,cm032,unaccepted
L5:mapped:171,5,171.0,CL_granular_temporal_pole,CL_TGg,Cortex,L,mapped,147.35937500000006,False,9431,3383,0.3587106351394338,0.09166029982863601,0.05272532309537614,0.20276384464018662,cm032,unaccepted
L5:mapped:176,5,176.0,CL_area_TEO,CL_TEO,Cortex,L,mapped,284.3437500000001,False,18198,3828,0.2103527860204418,0.034717076084234334,0.048616519939930644,0.21597219398947426,cm032,unaccepted
L5:mapped:179,5,179.0,CL_posterior_area_TE,CL_post_TE,Cortex,L,mapped,454.8906250000002,False,29113,2789,0.09579912753752619,-0.015015866716114427,-0.0274166717208177,-0.11756604566175959,cm032,unaccepted
L5:mapped:182,5,182.0,CL_anterior_area_TE,CL_ant_TE,Cortex,L,mapped,419.42187500000017,False,26843,5203,0.19383079387549826,-0.009869183880272034,-0.012681848143402586,-0.05804879797730099,cm032,unaccepted
L5:mapped:185,5,185.0,CL_area_TE_in_the_ventral_STS,CL_TE_in_STSv,Cortex,L,mapped,301.0781250000001,False,19269,14685,0.7621049353884478,-0.04344045288590184,-0.06172574148022289,-0.24674664999860538,cm032,unaccepted
L5:mapped:189,5,189.0,CL_anterior_fundus_of_the_superior_temporal_sulcus,CL_ant_STSf,Cortex,L,mapped,332.81250000000017,False,21300,19504,0.915680751173709,0.08782439037897959,0.07392853795737411,0.29653102147005267,cm032,unaccepted
L5:mapped:192,5,192.0,CL_floor_of_the_superior_temporal_area,CL_FST,Cortex,L,mapped,92.34375000000004,False,5910,4511,0.7632825719120135,-0.05365866632151666,-0.04375112847221081,-0.1819157058849432,cm032,unaccepted
L5:mapped:196,5,196.0,CL_temporal_parietooccipital_associated_area,CL_TPO,Cortex,L,mapped,280.6406250000001,False,17961,17947,0.9992205333778743,0.02494732766066994,0.02444822350689328,0.10074352893091429,cm032,unaccepted
L5:mapped:197,5,197.0,CL_area_TAa,CL_TAa,Cortex,L,mapped,171.23437500000009,False,10959,7865,0.7176749703440095,-0.0035867694091856026,-0.00694824691515826,-0.03152830134922491,cm032,unaccepted
L5:mapped:198,5,198.0,CL_rostral_superior_temporal_gyrus,CL_STGr,Cortex,L,mapped,141.93750000000006,False,9084,5362,0.5902686041391457,-0.007980383508844526,-0.014355972463182277,-0.06224738217228057,cm032,unaccepted
L5:mapped:200,5,200.0,CL_temporo-parietal_area,CL_Tpt,Cortex,L,mapped,97.45312500000004,False,6237,6200,0.9940676607343274,-0.20183739125445585,-0.20984281291860413,-0.8194035065123668,cm032,unaccepted
L5:mapped:201,5,201.0,CL_parabelt_areas_of_auditory_cortex,CL_parabelt,Cortex,L,mapped,162.85937500000009,False,10423,5900,0.5660558380504653,-0.00898442800948963,-0.017957036717576765,-0.07802037723762399,cm032,unaccepted
L5:mapped:207,5,207.0,CL_caudal_areas_of_the_lateral_belt,CL_CL/ML,Cortex,L,mapped,63.14062500000003,False,4041,3873,0.9584261321455085,-0.07929657871931962,-0.043828076169787344,-0.16934936199130016,cm032,unaccepted
L5:mapped:210,5,210.0,CL_rostral_areas_of_the_lateral_belt,CL_AL/RTL,Cortex,L,mapped,125.75000000000006,False,8048,7933,0.9857107355864811,0.027455432289789843,0.04219594374811019,0.17343269362867964,cm032,unaccepted
L5:mapped:214,5,214.0,CL_caudomedial_belt_region,CL_CM,Cortex,L,mapped,60.00000000000003,False,3840,3840,1.0,0.012009844786802438,0.016404149820390568,0.06038816154411764,cm032,unaccepted
L5:mapped:215,5,215.0,CL_rostral_areas_of_the_medial_belt,CL_RM/RTM,Cortex,L,mapped,67.98437500000003,False,4351,4351,1.0,0.12225582662896113,0.09231450886103895,0.37281284079072874,cm032,unaccepted
L5:mapped:218,5,218.0,CL_polar_rostrotemporal_cortex,CL_RTp,Cortex,L,mapped,28.031250000000014,False,1794,1785,0.9949832775919732,0.08671187434335254,0.10657219775974158,0.4380741660889527,cm032,unaccepted
L5:mapped:220,5,220.0,CL_rostral_areas_of_the_core,CL_R/RT,Cortex,L,mapped,69.73437500000003,False,4463,4463,1.0,0.0365068768733779,0.041675777661032254,0.1575194973961454,cm032,unaccepted
L5:mapped:223,5,223.0,CL_primary_auditory_cortex,CL_AI,Cortex,L,mapped,89.50000000000004,False,5728,5728,1.0,0.0499716154037038,0.033384274227837726,0.13174656270957974,cm032,unaccepted
L5:mapped:226,5,226.0,CL_parainsula,CL_Pi,Cortex,L,mapped,27.28125000000001,False,1746,1746,1.0,0.10154753969091121,0.09285596430200281,0.3643169451891797,cm032,unaccepted
L5:mapped:227,5,227.0,CL_insula,CL_Ins,Cortex,L,mapped,260.9062500000001,False,16698,16698,1.0,-0.017227518168349387,-0.020987495508510215,-0.07890467470469796,cm032,unaccepted
L5:mapped:230,5,230.0,CL_retroinsula,CL_Ri,Cortex,L,mapped,15.109375000000007,False,967,967,1.0,-0.06490214656604952,-0.0325837737026953,-0.1385959335092415,cm032,unaccepted
L5:mapped:232,5,232.0,CL_middle_temporal_area,CL_MT,Cortex,L,mapped,94.67187500000004,False,6059,6059,1.0,-0.039321822855262444,-0.034322356716870006,-0.13402495699249084,cm032,unaccepted
L5:mapped:235,5,235.0,CL_dorsal_visual_area_4,CL_V4d,Cortex,L,mapped,466.4218750000002,False,29851,27418,0.9184951927908612,-0.11614953560599106,-0.11626638063916997,-0.4425036352027442,cm032,unaccepted
L5:mapped:236,5,236.0,CL_ventral_visual_area_4,CL_V4v,Cortex,L,mapped,298.5625000000001,False,19108,916,0.047938036424534224,0.13603730993691768,0.09909317694510894,0.3420289856988979,cm032,unaccepted
L5:mapped:239,5,239.0,CL_visual_areas_V3d_and_V3A,CL_V3d/V3A,Cortex,L,mapped,291.2031250000001,False,18637,18637,1.0,-0.1351811282639095,-0.1255439617625614,-0.47359607178295016,cm032,unaccepted
L5:mapped:242,5,242.0,CL_ventral_visual_area_3,CL_V3v,Cortex,L,mapped,224.7968750000001,False,14387,7063,0.49092931118370753,0.031297789801570296,0.006008540315351252,0.0187567905881319,cm032,unaccepted
L5:mapped:243,5,243.0,CL_visual_area_2,CL_V2,Cortex,L,mapped,1575.3750000000007,False,100824,84192,0.8350392763627708,-0.14662032101072017,-0.11693288449463665,-0.43847456797960505,cm032,unaccepted
L5:mapped:246,5,246.0,CL_primary_visual_cortex,CL_V1,Cortex,L,mapped,1965.546875000001,False,125795,102150,0.8120354545093207,-0.17358036372902255,-0.1454740704344235,-0.545141243720908,cm032,unaccepted
L5:mapped:504,5,504.0,CR_area_32,CR_area_32,Cortex,R,mapped,91.60937500000004,False,5863,5863,1.0,0.6205974862301566,0.571399805343702,1.587738630860609,cm032,unaccepted
L5:mapped:505,5,505.0,CR_subgenual_cortex,CR_area_25,Cortex,R,mapped,32.890625000000014,False,2105,1685,0.8004750593824228,1.0554299974695265,1.045141686878472,2.6528113165395446,cm032,unaccepted
L5:mapped:507,5,507.0,CR_areas_24a_and_24b,CR_area_24a/b,Cortex,R,mapped,92.98437500000004,False,5951,5951,1.0,0.1093772018218378,0.07076991974200965,0.25998145232684133,cm032,unaccepted
L5:mapped:510,5,510.0,CR_area_24c,CR_area_24c,Cortex,R,mapped,196.90625000000009,False,12602,12602,1.0,0.2500655554093008,0.24355069150301406,0.8811217925360164,cm032,unaccepted
L5:mapped:512,5,512.0,CR_areas_24a'_and_24b',CR_area_24a/b_prime,Cortex,R,mapped,72.70312500000003,False,4653,4653,1.0,0.004037506506595465,0.0051204760433187085,0.019613668011140506,cm032,unaccepted
L5:mapped:515,5,515.0,CR_area_24c',CR_area_24c_prime,Cortex,R,mapped,115.67187500000006,False,7403,7403,1.0,0.06833501355813158,0.06720258846673643,0.2785052274821468,cm032,unaccepted
L5:mapped:518,5,518.0,CR_frontal_pole,CR_area_10,Cortex,R,mapped,235.2968750000001,False,15059,12811,0.8507204993691481,0.42155878503398525,0.44112062335751456,1.4037586559517714,cm032,unaccepted
L5:mapped:522,5,522.0,CR_gyrus_rectus,CR_area_14,Cortex,R,mapped,70.31250000000003,False,4500,773,0.17177777777777778,0.39579957873351784,0.3569089313931587,1.0449853284789423,cm032,unaccepted
L5:mapped:527,5,527.0,CR_area_11,CR_area_11,Cortex,R,mapped,138.23437500000006,False,8847,4248,0.4801627670396745,0.6002805865544144,0.534697093531324,1.653704710534422,cm032,unaccepted
L5:mapped:530,5,530.0,CR_area_13,CR_area_13,Cortex,R,mapped,419.17187500000017,False,26827,14755,0.5500055913818168,0.905918508610296,0.7051611888928273,2.2750653122498674,cm032,unaccepted
L5:mapped:534,5,534.0,CR_medial_and_orbital_area_12,CR_area_12m/o,Cortex,R,mapped,150.73437500000006,False,9647,3228,0.3346117964133928,1.673932051722577,1.1927482607319364,3.6993358501308604,cm032,unaccepted
L5:mapped:539,5,539.0,CR_medial_agranular_insular_region,CR_Iam/Iapm,Cortex,R,mapped,24.17187500000001,False,1547,148,0.09566903684550743,0.15522183755871719,0.044095677782544224,0.12488608635376809,cm032,unaccepted
L5:mapped:540,5,540.0,CR_lateral_agranular_insular_region,CR_lat_Ia,Cortex,R,mapped,145.28125000000006,False,9298,5708,0.6138954613895461,4.178196297201869,3.920804448526653,11.406625258078375,cm032,unaccepted
L5:key_level_conflict:545,5,545.0,CR_anterior_olfactory_cortex,CR_AON/TTv,Cortex,R,key_level_conflict,25.64062500000001,True,1641,593,0.36136502132845827,0.23470096449991465,0.23539037185248926,0.7330849239000738,cm032,unaccepted
L5:mapped:548,5,548.0,CR_gustatory_cortex,CR_G,Cortex,R,mapped,40.12500000000002,False,2568,2565,0.9988317757009346,2.0323403739190646,1.928910877434112,7.303051306051394,cm032,unaccepted
L5:mapped:549,5,549.0,CR_precentral_operular_area,CR_PrCO,Cortex,R,mapped,95.95312500000004,False,6141,3722,0.6060902133203061,2.9991992668493865,2.7934615518171007,10.08632907610058,cm032,unaccepted
L5:mapped:551,5,551.0,CR_periarcuate_area_8A_(Frontal_Eye_Fields),CR_area_8A,Cortex,R,mapped,105.62500000000004,False,6760,6162,0.9115384615384615,0.14815960711267961,0.13374994717479066,0.5084099235791641,cm032,unaccepted
L5:mapped:555,5,555.0,CR_area_8B,CR_area_8B,Cortex,R,mapped,284.1562500000001,False,18186,17434,0.9586495106125591,0.2407523669739414,0.1675349134413755,0.6423451045262916,cm032,unaccepted
L5:mapped:560,5,560.0,CR_area_9,CR_area_9,Cortex,R,mapped,312.0625000000001,False,19972,18423,0.9224414179851792,0.17630543278362124,0.1481202675249522,0.5444962203093213,cm032,unaccepted
L5:mapped:563,5,563.0,CR_dorsal_area_46,CR_area_46d,Cortex,R,mapped,282.5000000000001,False,18080,14624,0.8088495575221238,0.2684966299597814,0.2586392754737089,0.9031487486465914,cm032,unaccepted
L5:mapped:566,5,566.0,CR_ventral_and_fundus_portion_of_area_46,CR_area_46v/f,Cortex,R,mapped,316.7187500000001,False,20270,17600,0.8682782437099161,0.5690921991514319,0.46736401044604714,1.690752756386124,cm032,unaccepted
L5:mapped:569,5,569.0,CR_rostral_and_lateral_area_12,CR_area_12r/l,Cortex,R,mapped,149.23437500000006,False,9551,3130,0.3277143754580672,0.5154838963160941,0.30475114023670014,1.1506703424514764,cm032,unaccepted
L5:mapped:573,5,573.0,CR_area_45,CR_area_45,Cortex,R,mapped,165.54687500000009,False,10595,9814,0.9262859839546956,0.6711537772516675,0.5845604191971162,2.306216768808509,cm032,unaccepted
L5:mapped:576,5,576.0,CR_area_44,CR_area_44,Cortex,R,mapped,49.35937500000002,False,3159,2892,0.9154795821462488,1.4134257612660874,1.1746519772882653,4.759913733649311,cm032,unaccepted
L5:mapped:579,5,579.0,CR_primary_motor_cortex,CR_M1,Cortex,R,mapped,762.1250000000003,False,48776,47535,0.9745571592586518,0.09113483526371147,0.07023528072379773,0.2861042734264463,cm032,unaccepted
L5:mapped:581,5,581.0,CR_dorsal_premotor_cortex,CR_PMd,Cortex,R,mapped,767.7500000000003,False,49136,45903,0.9342030283295344,0.07408509431219985,0.07276327899101959,0.29686852286073906,cm032,unaccepted
L5:mapped:584,5,584.0,CR_ventral_premotor_cortex,CR_PMv,Cortex,R,mapped,700.6093750000003,False,44839,39610,0.8833827694640826,0.6150253884865643,0.4974710377146593,1.9162360176662636,cm032,unaccepted
L5:mapped:588,5,588.0,CR_presupplementary_motor_area,CR_preSMA,Cortex,R,mapped,115.06250000000006,False,7364,7364,1.0,0.303145140690134,0.2820865477376574,1.1319523961113696,cm032,unaccepted
L5:mapped:589,5,589.0,CR_supplementary_motor_area,CR_SMA,Cortex,R,mapped,196.45312500000009,False,12573,12545,0.9977730056470214,0.0400935789211371,0.04114996225432395,0.1698362271801308,cm032,unaccepted
L5:mapped:593,5,593.0,CR_areas_3a_and_3b,CR_area_3a/b,Cortex,R,mapped,245.3906250000001,False,15705,15697,0.9994906080865966,0.2753861852017912,0.21044175743044496,0.8446381994191383,cm032,unaccepted
L5:mapped:594,5,594.0,CR_areas_1-2,CR_areas_1-2,Cortex,R,mapped,655.2968750000003,False,41939,41427,0.9877917928419848,0.30123835964793827,0.1643524407956318,0.6602282562530102,cm032,unaccepted
L5:mapped:595,5,595.0,CR_secondary_somatosensory_cortex,CR_SII,Cortex,R,mapped,285.3125000000001,False,18260,18260,1.0,0.8168342949311251,0.6524400087450214,2.4554417299228284,cm032,unaccepted
L5:mapped:598,5,598.0,CR_visual_area_V6,CR_V6,Cortex,R,mapped,37.437500000000014,False,2396,2396,1.0,-0.07567974495255193,-0.0768815830008002,-0.27555505562248617,cm032,unaccepted
L5:mapped:599,5,599.0,CR_visual_area_V6A,CR_V6A,Cortex,R,mapped,58.10937500000003,False,3719,3719,1.0,0.028393503386992928,0.08676839848287941,0.3114405743737044,cm032,unaccepted
L5:mapped:603,5,603.0,CR_dorsal_area_5,CR_area_5d,Cortex,R,mapped,252.4843750000001,False,16159,16159,1.0,0.16194219833199278,0.16611257727473855,0.6526256317707053,cm032,unaccepted
L5:mapped:606,5,606.0,CR_area_PEa,CR_PEa,Cortex,R,mapped,194.45312500000009,False,12445,12445,1.0,0.1323776343303925,0.12555734260704116,0.48539801110041403,cm032,unaccepted
L5:mapped:608,5,608.0,CR_medial_intraparietal_area,CR_MIP,Cortex,R,mapped,159.53125000000006,False,10210,10210,1.0,0.06622837220423786,0.07024668933048306,0.25601033934406253,cm032,unaccepted
L5:mapped:609,5,609.0,CR_fundus_of_the_intraparietal_sulcus,CR_fundus_IPS,Cortex,R,mapped,150.25000000000006,False,9616,9616,1.0,0.03355139360884521,0.017048607527540394,0.06549364850423328,cm032,unaccepted
L5:mapped:614,5,614.0,CR_anterior_intraparietal_area,CR_AIP,Cortex,R,mapped,42.20312500000002,False,2701,2701,1.0,0.14792551488629105,0.14669305606398003,0.59480292306704,cm032,unaccepted
L5:mapped:615,5,615.0,CR_lateral_intraparietal_area,CR_LIP,Cortex,R,mapped,268.2812500000001,False,17170,17170,1.0,0.13848577033568976,0.14010745218452786,0.5559276312980308,cm032,unaccepted
L5:mapped:618,5,618.0,CR_lateral_occipital_parietal_area,CR_LOP,Cortex,R,mapped,22.51562500000001,False,1441,1441,1.0,0.0025551436667226846,-0.048479964348009774,-0.1972372876973506,cm032,unaccepted
L5:mapped:619,5,619.0,CR_medial_superior_temporal_area,CR_MST,Cortex,R,mapped,150.20312500000006,False,9613,9613,1.0,0.18105936447942783,0.17728276580204086,0.6706331779903562,cm032,unaccepted
L5:mapped:621,5,621.0,CR_inferior_parietal_lobule_areas_7a_and_7b,CR_area_7a/b,Cortex,R,mapped,393.17187500000017,False,25163,24886,0.988991773635894,0.3801061190020783,0.2970228110947075,1.1571892553576957,cm032,unaccepted
L5:mapped:624,5,624.0,CR_parietal_operculum,CR_area_7op,Cortex,R,mapped,167.64062500000009,False,10729,10709,0.9981358933731009,0.43521320732648183,0.30802212255103834,1.1828988390693493,cm032,unaccepted
L5:mapped:626,5,626.0,CR_area_7_(PGm)_on_the_medial_wall,CR_area_7m,Cortex,R,mapped,183.04687500000009,False,11715,11715,1.0,-0.042326703819428005,-0.025437721314464423,-0.09090480943527535,cm032,unaccepted
L5:mapped:629,5,629.0,CR_area_31,CR_area_31,Cortex,R,mapped,63.62500000000003,False,4072,4072,1.0,-0.011087479172725387,-0.03359034975897913,-0.13134627426140272,cm032,unaccepted
L5:mapped:630,5,630.0,CR_area_23,CR_area_23,Cortex,R,mapped,296.8125000000001,False,18996,18898,0.9948410191619288,0.21539711973262762,0.050845772340627704,0.17494531442252662,cm032,unaccepted
L5:mapped:634,5,634.0,CR_area_v23,CR_area_v23,Cortex,R,mapped,103.89062500000004,False,6649,6629,0.9969920288765228,0.1631889272191376,0.11375870159138682,0.4206069523231938,cm032,unaccepted
L5:mapped:636,5,636.0,CR_area_29,CR_area_29,Cortex,R,mapped,21.65625000000001,False,1386,1386,1.0,0.06639733377966558,0.15864470723808377,0.6089035374463332,cm032,unaccepted
L5:mapped:637,5,637.0,CR_area_30,CR_area_30,Cortex,R,mapped,23.14062500000001,False,1481,1481,1.0,-0.026012118287013462,-0.032620966450111116,-0.1271956250025742,cm032,unaccepted
L5:mapped:649,5,649.0,CR_areas_TF_and_TFO,CR_TF/TFO,Cortex,R,mapped,138.75000000000006,False,8880,1430,0.16103603603603603,0.9870385661268501,0.9959754176168651,3.7307585098084273,cm032,unaccepted
L5:mapped:652,5,652.0,CR_area_TH,CR_TH,Cortex,R,mapped,4.437500000000002,False,284,0,0.0,,,,cm032,unaccepted
L5:mapped:655,5,655.0,CR_caudal_entorhinal_cortex,CR_caudal_ERh,Cortex,R,mapped,50.67187500000002,False,3243,0,0.0,,,,cm032,unaccepted
L5:mapped:658,5,658.0,CR_middle_entorhinal_cortex,CR_mid_ERh,Cortex,R,mapped,31.984375000000014,False,2047,103,0.05031753786028334,0.4315593253967416,0.4076195764040202,1.472410954517634,cm032,unaccepted
L5:mapped:659,5,659.0,CR_rostral_entorhinal_cortex,CR_rostral_ERh,Cortex,R,mapped,47.82812500000002,False,3061,505,0.16497876510944137,0.694824726384078,0.6719966026538444,1.4027106388018078,cm032,unaccepted
L5:mapped:661,5,661.0,CR_area_35,CR_area_35,Cortex,R,mapped,34.593750000000014,False,2214,531,0.23983739837398374,0.4151967395738625,0.4161864459446327,1.3168539406384203,cm032,unaccepted
L5:mapped:662,5,662.0,CR_area_36,CR_area_36,Cortex,R,mapped,115.15625000000006,False,7370,144,0.01953867028493894,0.4778905177389491,0.5212011417619494,2.711685914014513,cm032,unaccepted
L5:mapped:666,5,666.0,CR_agranular_temporal_pole,CR_TGa,Cortex,R,mapped,76.29687500000003,False,4883,2759,0.5650215031742781,1.8027787914207525,1.815256744310265,5.731489339176458,cm032,unaccepted
L5:mapped:668,5,668.0,CR_dysgranular_temporal_pole,CR_TGd,Cortex,R,mapped,91.85937500000004,False,5879,2928,0.49804388501445823,0.7110712767005848,0.6188520523007254,2.120274138412708,cm032,unaccepted
L5:mapped:671,5,671.0,CR_granular_temporal_pole,CR_TGg,Cortex,R,mapped,147.35937500000006,False,9431,2889,0.30633018767893117,0.6330989329700006,0.45339224609624074,1.4174233252743835,cm032,unaccepted
L5:mapped:676,5,676.0,CR_area_TEO,CR_TEO,Cortex,R,mapped,284.3437500000001,False,18198,4969,0.2730519837344763,0.13795316294518212,0.122711166444501,0.5112911959536119,cm032,unaccepted
L5:mapped:679,5,679.0,CR_posterior_area_TE,CR_post_TE,Cortex,R,mapped,454.8906250000002,False,29113,5792,0.19894892316147425,0.2593523544697136,0.11457971819053789,0.4731712066003881,cm032,unaccepted
L5:mapped:682,5,682.0,CR_anterior_area_TE,CR_ant_TE,Cortex,R,mapped,419.42187500000017,False,26843,3613,0.13459747420184032,0.2638521179168082,0.22423123566387476,0.8875419369562332,cm032,unaccepted
L5:mapped:685,5,685.0,CR_area_TE_in_the_ventral_STS,CR_TE_in_STSv,Cortex,R,mapped,301.0781250000001,False,19269,14843,0.7703046343868389,0.31209433120240787,0.259364490303697,0.9790526303104137,cm032,unaccepted
L5:mapped:689,5,689.0,CR_anterior_fundus_of_the_superior_temporal_sulcus,CR_ant_STSf,Cortex,R,mapped,332.81250000000017,False,21300,19314,0.9067605633802817,0.41306445370444206,0.3605257994943881,1.3796311319318662,cm032,unaccepted
L5:mapped:692,5,692.0,CR_floor_of_the_superior_temporal_area,CR_FST,Cortex,R,mapped,92.34375000000004,False,5910,5643,0.9548223350253807,0.12904879873546596,0.10472784902852415,0.4223063837246597,cm032,unaccepted
L5:mapped:696,5,696.0,CR_temporal_parietooccipital_associated_area,CR_TPO,Cortex,R,mapped,280.6406250000001,False,17961,17858,0.9942653527086465,0.6334370349874047,0.5205403760821907,1.9822495564593714,cm032,unaccepted
L5:mapped:697,5,697.0,CR_area_TAa,CR_TAa,Cortex,R,mapped,171.23437500000009,False,10959,8038,0.7334610822155306,0.8426011886383087,0.6147696402832912,2.4153011552344443,cm032,unaccepted
L5:mapped:698,5,698.0,CR_rostral_superior_temporal_gyrus,CR_STGr,Cortex,R,mapped,141.93750000000006,False,9084,4378,0.48194627917217087,1.0399223459035363,0.9782355582748183,3.756977073802939,cm032,unaccepted
L5:mapped:700,5,700.0,CR_temporo-parietal_area,CR_Tpt,Cortex,R,mapped,97.45312500000004,False,6237,6237,1.0,0.2632226504275929,0.1449922266482828,0.5529312832914288,cm032,unaccepted
L5:mapped:701,5,701.0,CR_parabelt_areas_of_auditory_cortex,CR_parabelt,Cortex,R,mapped,162.85937500000009,False,10423,6001,0.5757459464645496,0.5667199235612338,0.40710842398372726,1.608813248998134,cm032,unaccepted
L5:mapped:707,5,707.0,CR_caudal_areas_of_the_lateral_belt,CR_CL/ML,Cortex,R,mapped,63.14062500000003,False,4041,4030,0.9972779015095273,0.959660991091041,0.8503568284379197,3.0971052447781604,cm032,unaccepted
L5:mapped:710,5,710.0,CR_rostral_areas_of_the_lateral_belt,CR_AL/RTL,Cortex,R,mapped,125.75000000000006,False,8048,7072,0.878727634194831,0.6300221779538876,0.6184081271445983,2.3779851802287117,cm032,unaccepted
L5:mapped:714,5,714.0,CR_caudomedial_belt_region,CR_CM,Cortex,R,mapped,60.00000000000003,False,3840,3840,1.0,0.36329064760146834,0.3430753754857086,1.3587343860599925,cm032,unaccepted
L5:mapped:715,5,715.0,CR_rostral_areas_of_the_medial_belt,CR_RM/RTM,Cortex,R,mapped,67.98437500000003,False,4351,4351,1.0,0.9928574457594402,0.7716589287398385,2.8391490421175822,cm032,unaccepted
L5:mapped:718,5,718.0,CR_polar_rostrotemporal_cortex,CR_RTp,Cortex,R,mapped,28.031250000000014,False,1794,1672,0.9319955406911928,0.21593540205904782,0.18683952141592097,0.6761604502438548,cm032,unaccepted
L5:mapped:720,5,720.0,CR_rostral_areas_of_the_core,CR_R/RT,Cortex,R,mapped,69.73437500000003,False,4463,4463,1.0,0.7721121749161066,0.6336607508473929,2.51519647761911,cm032,unaccepted
L5:mapped:723,5,723.0,CR_primary_auditory_cortex,CR_AI,Cortex,R,mapped,89.50000000000004,False,5728,5728,1.0,0.4514704772813917,0.40878847262953427,1.546646243211998,cm032,unaccepted
L5:mapped:726,5,726.0,CR_parainsula,CR_Pi,Cortex,R,mapped,27.28125000000001,False,1746,1746,1.0,2.026680055483944,1.6509553245087225,5.114229487500159,cm032,unaccepted
L5:mapped:727,5,727.0,CR_insula,CR_Ins,Cortex,R,mapped,260.9062500000001,False,16698,16698,1.0,1.4490940337486882,1.1309358701374363,3.751148586536345,cm032,unaccepted
L5:mapped:730,5,730.0,CR_retroinsula,CR_Ri,Cortex,R,mapped,15.109375000000007,False,967,967,1.0,0.4538199372167415,0.4222512398945501,1.6960751806817163,cm032,unaccepted
L5:mapped:732,5,732.0,CR_middle_temporal_area,CR_MT,Cortex,R,mapped,94.67187500000004,False,6059,6059,1.0,-0.10528336864573945,-0.02212623558768334,-0.06116929897216042,cm032,unaccepted
L5:mapped:735,5,735.0,CR_dorsal_visual_area_4,CR_V4d,Cortex,R,mapped,466.4218750000002,False,29851,28225,0.9455294629995645,0.07275775929246846,0.06848359361837289,0.2642940547972328,cm032,unaccepted
L5:mapped:736,5,736.0,CR_ventral_visual_area_4,CR_V4v,Cortex,R,mapped,298.5625000000001,False,19108,5874,0.3074105086874607,-0.003133335141003524,-0.05236837435963008,-0.22092143008989945,cm032,unaccepted
L5:mapped:739,5,739.0,CR_visual_areas_V3d_and_V3A,CR_V3d/V3A,Cortex,R,mapped,291.2031250000001,False,18637,18637,1.0,0.010058696002458935,0.007056213929902175,0.030579134448337042,cm032,unaccepted
L5:mapped:742,5,742.0,CR_ventral_visual_area_3,CR_V3v,Cortex,R,mapped,224.7968750000001,False,14387,10493,0.7293389865851115,-0.13288719693863288,-0.16334120411919786,-0.6003014357017847,cm032,unaccepted
L5:mapped:743,5,743.0,CR_visual_area_2,CR_V2,Cortex,R,mapped,1575.3750000000007,False,100824,91460,0.9071252876299294,-0.06805818758595897,-0.0752709828854028,-0.28379347431508606,cm032,unaccepted
L5:mapped:746,5,746.0,CR_primary_visual_cortex,CR_V1,Cortex,R,mapped,1965.546875000001,False,125795,108160,0.859811598235224,-0.06331245332313883,-0.04972433842608472,-0.1841795923289729,cm032,unaccepted
L5:mapped:1004,5,1004.0,SL_claustrum,SL_Cl,Subcortex,L,mapped,255.1562500000001,False,16330,16330,1.0,-0.0016147555457746365,-0.012187585038454452,-0.05126827102599052,cm032,unaccepted
L5:mapped:1007,5,1007.0,SL_dorsal_endopiriform_claustrum,SL_DEn,Subcortex,L,mapped,14.203125000000007,False,909,909,1.0,0.2647121811237323,0.2725433206434029,0.7158642694638534,cm032,unaccepted
L5:mapped:1008,5,1008.0,SL_ventral_endopiriform_claustrum,SL_VEn,Subcortex,L,mapped,9.515625000000004,False,609,609,1.0,0.1632981001390707,0.17458157573546573,0.47439712388085276,cm032,unaccepted
L5:mapped:1009,5,1009.0,SL_piriform_cortex,SL_Pir,Subcortex,L,mapped,30.796875000000014,False,1971,1300,0.6595636732623034,-0.012199795879949972,0.03609690791221774,0.10296960649021492,cm032,unaccepted
L5:mapped:1013,5,1013.0,SL_hippocampus_anterior,SL_HiA,Subcortex,L,mapped,271.8750000000001,False,17400,4128,0.23724137931034484,0.07366437297092326,0.08646205439952817,0.2194870045118858,cm032,unaccepted
L5:mapped:1016,5,1016.0,SL_subicular_complex_anterior,SL_SA,Subcortex,L,mapped,81.28125000000004,False,5202,455,0.08746635909265667,-0.018997005862541865,0.014034196027792979,0.040118091046246376,cm032,unaccepted
L5:mapped:1018,5,1018.0,SL_hippocampus_posterior,SL_HiP,Subcortex,L,mapped,114.28125000000006,False,7314,4865,0.6651627016680339,0.006425746233873877,0.02887408965106981,0.1220122099397607,cm032,unaccepted
L5:mapped:1021,5,1021.0,SL_subicular_complex_posterior,SL_SP,Subcortex,L,mapped,52.06250000000002,False,3332,2674,0.8025210084033614,-0.06512257305776292,-0.04442964649251046,-0.19631222001420257,cm032,unaccepted
L5:mapped:1022,5,1022.0,SL_fimbria,SL_fi,Subcortex,L,mapped,12.593750000000005,False,806,806,1.0,-0.14563353173297633,-0.1488377486509307,-0.6076184329989005,cm032,unaccepted
L5:mapped:1023,5,1023.0,SL_fornix,SL_f,Subcortex,L,mapped,43.40625000000002,False,2778,2778,1.0,0.32794773435582353,0.2801602098018234,1.0733176096610886,cm032,unaccepted
L5:mapped:1027,5,1027.0,SL_basomedial_amygdaloid_nucleus,SL_BM,Subcortex,L,mapped,47.84375000000002,False,3062,2966,0.968647942521228,-0.015128804171103325,0.04973040553114198,0.10597434683057069,cm032,unaccepted
L5:mapped:1028,5,1028.0,SL_ventral_cortical_amygdaloid_nucleus,SL_VCo,Subcortex,L,mapped,22.76562500000001,False,1457,1110,0.7618393960192176,0.06009078307895768,0.04717136797229615,0.12554680641575072,cm032,unaccepted
L5:mapped:1029,5,1029.0,SL_amygdalohippocampal_area,SL_AHi,Subcortex,L,mapped,17.203125000000007,False,1101,613,0.5567665758401453,0.7148183173531902,0.7284470024536313,1.3006506837851737,cm032,unaccepted
L5:mapped:1031,5,1031.0,SL_lateral_amygdaloid_nucleus,SL_La,Subcortex,L,mapped,40.82812500000002,False,2613,2613,1.0,0.5316342910865771,0.6237546901409786,1.389690799384304,cm032,unaccepted
L5:mapped:1034,5,1034.0,SL_amygdalopiriform_transition_area,SL_APir,Subcortex,L,mapped,27.85937500000001,False,1783,381,0.213684800897364,0.008139127656780525,0.023118982457206116,0.05749541478548891,cm032,unaccepted
L5:mapped:1035,5,1035.0,SL_basolateral_amygdaloid_nucleus,SL_BL,Subcortex,L,mapped,47.54687500000002,False,3043,2778,0.912914886625041,0.412808456441075,0.438311837530859,0.9613009724366643,cm032,unaccepted
L5:mapped:1039,5,1039.0,SL_paralaminar_amygdaloid_nucleus,SL_PaL,Subcortex,L,mapped,13.750000000000005,False,880,569,0.6465909090909091,0.4069255514044671,0.3075522091892512,0.6188187176200152,cm032,unaccepted
L5:mapped:1042,5,1042.0,SL_central_amygdaloid_nucleus,SL_Ce,Subcortex,L,mapped,13.843750000000005,False,886,886,1.0,-0.2157948199957537,-0.22102649105283945,-0.6631622451320678,cm032,unaccepted
L5:mapped:1044,5,1044.0,SL_medial_amygdaloid_nucleus,SL_Me,Subcortex,L,mapped,16.984375000000007,False,1087,1029,0.9466421343146274,0.22399393063497952,0.22390867433134493,0.7033365449876757,cm032,unaccepted
L5:mapped:1045,5,1045.0,SL_anterior_amygdaloid_area,SL_AA,Subcortex,L,mapped,23.73437500000001,False,1519,1519,1.0,0.12264720960620606,0.12236083479754484,0.4162223858285291,cm032,unaccepted
L5:mapped:1047,5,1047.0,SL_extended_amygdala,SL_EA,Subcortex,L,mapped,9.140625000000004,False,585,585,1.0,0.13366673557599035,0.01566913157521186,0.08395536106347429,cm032,unaccepted
L5:mapped:1048,5,1048.0,SL_posterior_interstitial_nucleus,SL_IPAC,Subcortex,L,mapped,4.906250000000002,False,314,314,1.0,0.2728665904961773,0.13120771760921687,0.3425990809158943,cm032,unaccepted
L5:mapped:1049,5,1049.0,SL_intraamygdaloid_stria_terminalis,SL_STIA,Subcortex,L,mapped,15.593750000000007,False,998,631,0.6322645290581163,0.2241110731863642,0.17992589017326976,0.6367728526740785,cm032,unaccepted
L5:mapped:1053,5,1053.0,SL_caudate,SL_Cd,Subcortex,L,mapped,649.5625000000003,False,41572,40352,0.9706533243529298,-0.014962545577894013,-0.014704135304623587,-0.0554661324859331,cm032,unaccepted
L5:mapped:1056,5,1056.0,SL_putamen,SL_Pu,Subcortex,L,mapped,895.1093750000003,False,57287,56639,0.9886885331750659,0.027253226089786517,0.026248412682072866,0.10231607724721062,cm032,unaccepted
L5:mapped:1057,5,1057.0,SL_amygdalostriatal_transition,SL_ASt,Subcortex,L,mapped,33.812500000000014,False,2164,2159,0.9976894639556377,0.15460638338087365,0.169271608507374,0.5645908920687439,cm032,unaccepted
L5:mapped:1058,5,1058.0,SL_internal_capsule,SL_ic,Subcortex,L,mapped,230.7343750000001,False,14767,14723,0.997020383287059,0.011887244775276987,0.006690490831446884,0.024588529709233864,cm032,unaccepted
L5:mapped:1060,5,1060.0,SL_accumbens,SL_Acb,Subcortex,L,mapped,94.96875000000004,False,6078,3080,0.5067456400131622,-0.26608728946061994,-0.23845433521970663,-0.7518615632910175,cm032,unaccepted
L5:mapped:1061,5,1061.0,SL_olfactory_tubercule,SL_Tu,Subcortex,L,mapped,18.234375000000007,False,1167,76,0.06512425021422451,-0.5793540882387309,-0.6296006396100958,-1.69274558460183,cm032,unaccepted
L5:mapped:1063,5,1063.0,SL_globus_pallidus,SL_GP,Subcortex,L,mapped,239.7656250000001,False,15345,15122,0.9854675790159662,0.04610080015769631,0.03907969922904203,0.14766980218983375,cm032,unaccepted
L5:mapped:1067,5,1067.0,SL_anterior_commissure,SL_ac,Subcortex,L,mapped,77.82812500000003,False,4981,4933,0.9903633808472194,0.10835332169736622,0.11077487968990585,0.4378085373593905,cm032,unaccepted
L5:mapped:1068,5,1068.0,SL_ventral_pallidum,SL_VP,Subcortex,L,mapped,21.00000000000001,False,1344,1227,0.9129464285714286,-0.22982737261255182,-0.0018636311479162924,-0.008213790559402745,cm032,unaccepted
L5:mapped:1070,5,1070.0,SL_basal_nucleus_region,SL_BR,Subcortex,L,mapped,38.000000000000014,False,2432,2300,0.9457236842105263,0.268822718041694,0.23488033488289856,0.8240679760021921,cm032,unaccepted
L5:mapped:1073,5,1073.0,SL_bed_nucleus_of_the_stria_terminalis,SL_ST,Subcortex,L,mapped,42.00000000000002,False,2688,2688,1.0,0.0021877170220297474,0.011561185723233725,0.04455013659361025,cm032,unaccepted
L5:mapped:1075,5,1075.0,SL_septimbrial_nucleus,SL_SFi,Subcortex,L,mapped,11.359375000000005,False,727,727,1.0,0.4630515841599523,0.486419668681556,1.7356281528349653,cm032,unaccepted
L5:mapped:1076,5,1076.0,SL_septum_diagonal_band,SL_SDB,Subcortex,L,mapped,91.34375000000004,False,5846,5008,0.8566541224769073,-0.20933816375392503,-0.15687681139104173,-0.5563567241432696,cm032,unaccepted
L5:mapped:1078,5,1078.0,SL_optic_tract,SL_opt,Subcortex,L,mapped,151.82812500000006,False,9717,1879,0.19337244005351445,0.07730062135245694,0.0946310618569576,0.3060277445971339,cm032,unaccepted
L5:mapped:1080,5,1080.0,SL_preoptic_area,SL_PO,Subcortex,L,mapped,21.90625000000001,False,1402,1020,0.7275320970042796,-0.09367426421603223,-0.10575960787922581,-0.35961142465395257,cm032,unaccepted
L5:mapped:1081,5,1081.0,SL_lamina_terminalis,SL_LTer-VOLT,Subcortex,L,mapped,0.9375000000000004,False,60,0,0.0,,,,cm032,unaccepted
L5:mapped:1086,5,1086.0,SL_paraventricular_hypothalamus,SL_Pa,Subcortex,L,mapped,10.812500000000005,False,692,692,1.0,0.04303299421735193,0.03215970100193299,0.1200087851463206,cm032,unaccepted
L5:mapped:1088,5,1088.0,SL_ventromedial_hypothalamic_nucleus,SL_VMH,Subcortex,L,mapped,16.000000000000007,False,1024,399,0.3896484375,0.11548331874680473,0.09179646015497969,0.2631091765099591,cm032,unaccepted
L5:mapped:1089,5,1089.0,SL_medial_eminence,SL_MEm,Subcortex,L,mapped,3.7187500000000018,False,238,21,0.08823529411764706,0.33028900890267265,0.31374380478356306,0.748975782270317,cm032,unaccepted
L5:mapped:1090,5,1090.0,SL_arcuate_nucleus,SL_Arc,Subcortex,L,mapped,9.687500000000004,False,620,65,0.10483870967741936,0.441180152042785,0.43832339875820914,1.0425484301116543,cm032,unaccepted
L5:mapped:1092,5,1092.0,SL_supraoptic_hypothalamus,SL_SOpt,Subcortex,L,mapped,1.2968750000000007,False,83,54,0.6506024096385542,-0.4288169381512508,-0.4320310766049601,-1.3994131562951817,cm032,unaccepted
L5:mapped:1093,5,1093.0,SL_anterior_hypothalamic_area,SL_AH,Subcortex,L,mapped,8.609375000000004,False,551,482,0.8747731397459165,-0.13717100610764763,-0.16088895107579382,-0.5726153702340103,cm032,unaccepted
L5:mapped:1094,5,1094.0,SL_dorsal_medial_hypothalamic_nucleus,SL_DM,Subcortex,L,mapped,4.875000000000002,False,312,312,1.0,-0.19531145478465595,-0.2072045025746133,-0.8332374740100279,cm032,unaccepted
L5:mapped:1095,5,1095.0,SL_lateral_hypothalamic_region,SL_LHy,Subcortex,L,mapped,77.43750000000003,False,4956,4243,0.856133979015335,-0.12490475409802325,-0.1373920004312873,-0.47380505613303175,cm032,unaccepted
L5:mapped:1099,5,1099.0,SL_subthalamic_nucleus,SL_STh,Subcortex,L,mapped,22.20312500000001,False,1421,1353,0.952146375791696,-0.25078257486402833,-0.1773115295375126,-0.6447660513652939,cm032,unaccepted
L5:mapped:1102,5,1102.0,SL_posterior_hypothalamic_nucleus,SL_PH,Subcortex,L,mapped,21.87500000000001,False,1400,1167,0.8335714285714285,0.0861230991971991,0.08501485515381939,0.2562466721048004,cm032,unaccepted
L5:mapped:1104,5,1104.0,SL_prefornical_hypothalamus,SL_PeF,Subcortex,L,mapped,1.3906250000000007,False,89,83,0.9325842696629213,0.035693210784129965,0.018137552603855613,0.03521453806538539,cm032,unaccepted
L5:mapped:1105,5,1105.0,SL_mammillary/retromammillary_hypothalamus,SL_MM/RM,Subcortex,L,mapped,13.578125000000005,False,869,161,0.1852704257767549,0.08882537340914082,0.1917439916747501,0.5193694372119784,cm032,unaccepted
L5:mapped:1109,5,1109.0,SL_anterior_pituitary,SL_APit,Subcortex,L,mapped,29.906250000000014,False,1914,0,0.0,,,,cm032,unaccepted
L5:mapped:1110,5,1110.0,SL_posterior_pituitary,SL_PPit,Subcortex,L,mapped,14.390625000000007,False,921,0,0.0,,,,cm032,unaccepted
L5:mapped:1112,5,1112.0,SL_zona_incerta_and_lenticular_fascicles,SL_ZI-H,Subcortex,L,mapped,37.375000000000014,False,2392,2356,0.9849498327759197,-0.12471266318327563,-0.1105748271017247,-0.3993016103558345,cm032,unaccepted
L5:mapped:1114,5,1114.0,SL_reticular_thalamus,SL_Rt,Subcortex,L,mapped,68.90625000000003,False,4410,4410,1.0,-0.08620539653610246,-0.10571815097434119,-0.4241067057583623,cm032,unaccepted
L5:mapped:1116,5,1116.0,SL_anterior_thalamus_region,SL_AR,Subcortex,L,mapped,22.87500000000001,False,1464,1464,1.0,0.36208234726801997,0.38123577048466994,1.495211662248376,cm032,unaccepted
L5:mapped:1120,5,1120.0,SL_centrolateral_and_paracentral_thalamus,SL_CL-PC,Subcortex,L,mapped,36.468750000000014,False,2334,2334,1.0,-0.0679973841121764,-0.06059756551576986,-0.23701827674161613,cm032,unaccepted
L5:mapped:1121,5,1121.0,SL_centromedial-parafascicular_thalamus,SL_CMn-PF,Subcortex,L,mapped,50.56250000000002,False,3236,3236,1.0,0.012670941200224571,0.01796605179871645,0.0741177488765759,cm032,unaccepted
L5:mapped:1122,5,1122.0,SL_suprafascicular_nucleus,SL_SPFC,Subcortex,L,mapped,8.187500000000004,False,524,524,1.0,-0.035133896552787064,-0.027558592812177457,-0.11766001975054724,cm032,unaccepted
L5:mapped:1124,5,1124.0,SL_supra_geniculate,SL_SG,Subcortex,L,mapped,1.7343750000000007,False,111,111,1.0,0.015034085766015455,0.05435615950857739,0.22089768065323323,cm032,unaccepted
L5:mapped:1125,5,1125.0,SL_limitans_thalamus,SL_Lim,Subcortex,L,mapped,9.593750000000004,False,614,614,1.0,-0.12259745118282653,-0.10951758120360877,-0.42975381070496443,cm032,unaccepted
L5:mapped:1126,5,1126.0,SL_mediodorsal_thalamus,SL_MD,Subcortex,L,mapped,78.81250000000003,False,5044,5044,1.0,0.5759677064880933,0.37688987727501766,1.4783907781788517,cm032,unaccepted
L5:mapped:1128,5,1128.0,SL_intermediodorsal_thalamus,SL_IMD,Subcortex,L,mapped,11.781250000000005,False,754,754,1.0,1.3863836461853378,1.4713020072416085,5.599114583980247,cm032,unaccepted
L5:mapped:1129,5,1129.0,SL_paratenial-paraventral-thalamus,SL_PT-PV-sm,Subcortex,L,mapped,18.781250000000007,False,1202,1202,1.0,1.2820111960628249,1.171211935438333,4.712346143333994,cm032,unaccepted
L5:mapped:1130,5,1130.0,SL_paraventricular_posterior_thalamus,SL_PVP,Subcortex,L,mapped,1.9218750000000009,False,123,123,1.0,-0.10134309953258704,-0.10493936668133608,-0.3745694869426921,cm032,unaccepted
L5:mapped:1131,5,1131.0,SL_paraventricular_anterior_thalamus,SL_PVA,Subcortex,L,mapped,2.6562500000000013,False,170,170,1.0,0.22707965932198276,0.2431077649734843,0.8571328577942987,cm032,unaccepted
L5:mapped:1132,5,1132.0,SL_interanteromedial_thalamus,SL_IAM,Subcortex,L,mapped,4.687500000000002,False,300,300,1.0,0.7907647494759478,0.8553749665782214,3.4358758030282384,cm032,unaccepted
L5:mapped:1133,5,1133.0,SL_central_medial_thalamus,SL_CM,Subcortex,L,mapped,12.453125000000005,False,797,797,1.0,0.49320365851337367,0.49020163100821085,1.9399628131591173,cm032,unaccepted
L5:mapped:1134,5,1134.0,SL_Reuniens-rhomboid-xiphoid_thalamus,SL_Re-Rh-Xi,Subcortex,L,mapped,18.937500000000007,False,1212,1212,1.0,0.0112550045518545,0.011978638072448394,0.04622482155638352,cm032,unaccepted
L5:mapped:1137,5,1137.0,SL_ventral_anterior_thalamus,SL_VA,Subcortex,L,mapped,48.87500000000002,False,3128,3128,1.0,0.07999896013574394,0.06166394458868664,0.2522120044140611,cm032,unaccepted
L5:mapped:1138,5,1138.0,SL_ventral_lateral_anterior_thalamus,SL_VLA,Subcortex,L,mapped,46.85937500000002,False,2999,2999,1.0,-0.11990539839323373,-0.14161289399830396,-0.5678205957797983,cm032,unaccepted
L5:mapped:1140,5,1140.0,SL_ventral_lateral_x_thalamus,SL_VLX,Subcortex,L,mapped,11.500000000000005,False,736,736,1.0,0.03691075081619679,0.043062398261584374,0.1767705433116362,cm032,unaccepted
L5:mapped:1141,5,1141.0,SL_ventral_lateral_posteroventral_thalamus,SL_VLPV,Subcortex,L,mapped,65.56250000000003,False,4196,4196,1.0,-0.03744460095953172,-0.03555935201506279,-0.14105802364562353,cm032,unaccepted
L5:mapped:1142,5,1142.0,SL_ventral_lateral_posterodorsal_thalamus,SL_VLPD,Subcortex,L,mapped,30.421875000000014,False,1947,1947,1.0,-0.12753058017568772,-0.09995521851442506,-0.3936960234178213,cm032,unaccepted
L5:mapped:1144,5,1144.0,SL_ventroposterior_medial_and_lateral_thalamus,SL_VPM-VPL,Subcortex,L,mapped,44.14062500000002,False,2825,2825,1.0,-0.0486329563170795,-0.03239126983482829,-0.12885411717682427,cm032,unaccepted
L5:mapped:1145,5,1145.0,SL_ventromedial_posterior+basal_thalamus,SL_VMPo-VMB,Subcortex,L,mapped,11.859375000000005,False,759,759,1.0,-0.0038150699269717714,0.0024805738729287465,0.006361668312696883,cm032,unaccepted
L5:mapped:1146,5,1146.0,SL_ventroposterior_inferior_thalamus,SL_VPI,Subcortex,L,mapped,11.250000000000005,False,720,720,1.0,0.06603527245028439,0.0693069953036218,0.2740777992540807,cm032,unaccepted
L5:mapped:1147,5,1147.0,SL_ventral_medial_thalamus,SL_VM,Subcortex,L,mapped,20.95312500000001,False,1341,1341,1.0,-0.07318519248240653,-0.07463585113072158,-0.2940041454555171,cm032,unaccepted
L5:mapped:1149,5,1149.0,SL_lateral_posterior_thalamus,SL_LP,Subcortex,L,mapped,21.60937500000001,False,1383,1383,1.0,-0.012662871967452074,0.007885917152070168,0.03551400483364351,cm032,unaccepted
L5:mapped:1150,5,1150.0,SL_lateral_dorsal_thalamus,SL_LD,Subcortex,L,mapped,4.328125000000002,False,277,277,1.0,-0.16227100574322392,-0.1252475355109394,-0.4931348710414327,cm032,unaccepted
L5:mapped:1152,5,1152.0,SL_anterior_pulvinar,SL_APul,Subcortex,L,mapped,49.37500000000002,False,3160,3160,1.0,0.005406069854159488,0.011810403279134359,0.049665648379487656,cm032,unaccepted
L5:mapped:1153,5,1153.0,SL_medial_pulvinar,SL_MPul,Subcortex,L,mapped,44.68750000000002,False,2860,2860,1.0,-0.19849495223933933,-0.13535492134211266,-0.4926193372756843,cm032,unaccepted
L5:mapped:1154,5,1154.0,SL_lateral_pulvinar,SL_LPul,Subcortex,L,mapped,31.859375000000014,False,2039,2039,1.0,-0.0883122766665431,-0.047675885414743685,-0.19335103598059072,cm032,unaccepted
L5:mapped:1155,5,1155.0,SL_inferior_pulvinar,SL_IPul,Subcortex,L,mapped,44.84375000000002,False,2870,2870,1.0,-0.12542688093697976,-0.12541984213216584,-0.5039479128972408,cm032,unaccepted
L5:mapped:1156,5,1156.0,SL_brachium_superior_colliculus,SL_bsc,Subcortex,L,mapped,11.781250000000005,False,754,754,1.0,-0.33934979217000216,-0.3133994790991599,-1.0485093778079366,cm032,unaccepted
L5:mapped:1158,5,1158.0,SL_dorsal_lateral_geniculate,SL_DLG,Subcortex,L,mapped,93.35937500000004,False,5975,3996,0.6687866108786611,0.0061607422547525015,0.0024563336560420304,0.026737636153165906,cm032,unaccepted
L5:mapped:1159,5,1159.0,SL_medial_geniculate,SL_MG,Subcortex,L,mapped,28.406250000000014,False,1818,1818,1.0,-0.1703028182034715,-0.12408393171874109,-0.26169847848669536,cm032,unaccepted
L5:mapped:1161,5,1161.0,SL_pineal_gland,SL_Pi,Subcortex,L,mapped,4.093750000000002,False,262,262,1.0,0.5009167247532739,0.544393985958181,1.6568641185203807,cm032,unaccepted
L5:mapped:1162,5,1162.0,SL_habenula,SL_Hb,Subcortex,L,mapped,11.265625000000005,False,721,721,1.0,0.35418138808413796,0.23190800198904526,0.7627065168448904,cm032,unaccepted
L5:mapped:1164,5,1164.0,SL_posterior_commissural_region,SL_PCR,Subcortex,L,mapped,10.093750000000005,False,646,646,1.0,-0.23174429241745897,-0.2884462739407887,-0.9989881543252117,cm032,unaccepted
L5:mapped:1168,5,1168.0,SL_p1_mesencephalic_reticulum,SL_p1Rt,Subcortex,L,mapped,16.453125000000007,False,1053,1053,1.0,-0.05562016804066025,-0.06917030514324286,-0.27238899466502686,cm032,unaccepted
L5:mapped:1173,5,1173.0,SL_superior_colliculus,SL_SCo,Subcortex,L,mapped,78.59375000000003,False,5030,5030,1.0,0.010644728329672507,-0.022059435382755448,-0.0907536687456511,cm032,unaccepted
L5:mapped:1174,5,1174.0,SL_inferior_colliculus_complex,SL_ICoC,Subcortex,L,mapped,59.34375000000003,False,3798,3798,1.0,-0.09050772809642985,-0.12024577293176913,-0.4793734232058475,cm032,unaccepted
L5:mapped:1178,5,1178.0,SL_fourth_nerve,SL_n4,Subcortex,L,mapped,1.6250000000000007,False,104,104,1.0,0.0281526973641492,-0.04034077645248735,-0.1917762228004677,cm032,unaccepted
L5:mapped:1179,5,1179.0,SL_periaqueductal_gray,SL_PAG,Subcortex,L,mapped,49.48437500000002,False,3167,3167,1.0,-0.040577069158499415,-0.08548646979654195,-0.3314793251299739,cm032,unaccepted
L5:mapped:1182,5,1182.0,SL_parabigeminal_nucleus,SL_PBG,Subcortex,L,mapped,2.6875000000000013,False,172,172,1.0,-0.6123196209817703,-0.6192806054597404,-1.8410699960533492,cm032,unaccepted
L5:mapped:1183,5,1183.0,SL_microcellular_tegmentum,SL_MiTg,Subcortex,L,mapped,5.125000000000003,False,328,328,1.0,-0.2643956739681773,-0.23356597148708774,-0.9117406085384296,cm032,unaccepted
L5:mapped:1184,5,1184.0,SL_precuneiform_nucleus,SL_PrCnF,Subcortex,L,mapped,1.5312500000000007,False,98,98,1.0,0.05363254060756878,0.05714166043237223,0.23706728940218874,cm032,unaccepted
L5:mapped:1185,5,1185.0,SL_cuneiform_nucleus,SL_CnF,Subcortex,L,mapped,8.218750000000004,False,526,526,1.0,-0.08829584898120882,-0.09857228029131603,-0.4180908676216317,cm032,unaccepted
L5:mapped:1186,5,1186.0,SL_ventrolateral_tegmentum,SL_VLTg,Subcortex,L,mapped,1.3437500000000007,False,86,86,1.0,-0.1696661079397648,-0.17471322530438704,-0.7745451363510165,cm032,unaccepted
L5:mapped:1187,5,1187.0,SL_pedunculopontine_nucleus,SL_PTg,Subcortex,L,mapped,16.546875000000007,False,1059,1059,1.0,0.04950365446375358,0.052874689353941795,0.2150129176744886,cm032,unaccepted
L5:mapped:1188,5,1188.0,SL_anterior_tegmental_nucleus,SL_ATg,Subcortex,L,mapped,1.4843750000000007,False,95,95,1.0,-0.203177326696956,-0.20298755525120243,-0.7835336047529243,cm032,unaccepted
L5:mapped:1190,5,1190.0,SL_mesencephalic_reticular_formation,SL_mRt,Subcortex,L,mapped,78.28125000000003,False,5010,5010,1.0,-0.055973178664472475,-0.04887842344082957,-0.198387785921981,cm032,unaccepted
L5:mapped:1191,5,1191.0,SL_retroisthmic_nucleus,SL_RIs,Subcortex,L,mapped,3.2031250000000013,False,205,205,1.0,-0.17562969704686984,-0.17667988477767332,-0.7594495189000107,cm032,unaccepted
L5:mapped:1194,5,1194.0,SL_oculomotor_nuclei,SL_OM,Subcortex,L,mapped,15.796875000000007,False,1011,1011,1.0,0.11215716044169413,0.06086184966595854,0.2534102152846315,cm032,unaccepted
L5:mapped:1195,5,1195.0,SL_mediolateral_fascicle,SL_mlf,Subcortex,L,mapped,18.062500000000007,False,1156,676,0.5847750865051903,0.05634013513366661,0.02796288582744054,0.11606283085520495,cm032,unaccepted
L5:mapped:1197,5,1197.0,SL_medial_Raphe,SL_MR,Subcortex,L,mapped,13.000000000000005,False,832,826,0.9927884615384616,0.11866050013861597,0.12376969906863515,0.453362554266719,cm032,unaccepted
L5:mapped:1198,5,1198.0,SL_dorsal_Raphe,SL_DR,Subcortex,L,mapped,8.203125000000004,False,525,525,1.0,0.14925971516926412,0.11103337718100392,0.45257059918464504,cm032,unaccepted
L5:mapped:1199,5,1199.0,SL_linear_Raphe,SL_LiR,Subcortex,L,mapped,11.953125000000005,False,765,764,0.9986928104575163,0.0912355012790327,0.06924298130040844,0.2641880508776835,cm032,unaccepted
L5:mapped:1201,5,1201.0,SL_rubral_region,SL_R+,Subcortex,L,mapped,38.468750000000014,False,2462,2462,1.0,0.10817355608031398,0.11008876982835827,0.44655436539112237,cm032,unaccepted
L5:mapped:1205,5,1205.0,SL_retrorubral_field,SL_RF,Subcortex,L,mapped,5.734375000000003,False,367,367,1.0,0.14563251625965115,0.1301080947981743,0.5534110388715903,cm032,unaccepted
L5:mapped:1206,5,1206.0,SL_substantia_nigra,SL_SN,Subcortex,L,mapped,111.21875000000004,False,7118,6444,0.9053104804720427,-0.20123369635806496,-0.19922372239738878,-0.758752654464913,cm032,unaccepted
L5:mapped:1207,5,1207.0,SL_ventral_tegmental_area,SL_VTA,Subcortex,L,mapped,24.42187500000001,False,1563,1378,0.8816378758797185,-0.24496807930295578,-0.039977392325277326,-0.13008228101878064,cm032,unaccepted
L5:mapped:1208,5,1208.0,SL_interpeduncular_nucleus,SL_IP,Subcortex,L,mapped,4.375000000000002,False,280,113,0.4035714285714286,-1.0024708164479408,-1.0434757761974187,-2.1801302315503426,cm032,unaccepted
L5:mapped:1209,5,1209.0,SL_oculomotor_nerve,SL_n3,Subcortex,L,mapped,6.750000000000003,False,432,262,0.6064814814814815,-0.8309840209959193,-0.8743397554023675,-1.7225022892030033,cm032,unaccepted
L5:mapped:1210,5,1210.0,SL_cerebral_peduncle,SL_cp,Subcortex,L,mapped,70.39062500000003,False,4505,1286,0.28546059933407325,-0.1986751187614674,-0.18193200118673414,-0.5406186863971961,cm032,unaccepted
L5:mapped:1214,5,1214.0,SL_parabrachial_complex,SL_PBC,Subcortex,L,mapped,45.84375000000002,False,2934,2934,1.0,0.0016713595183616967,-0.0001663515762981016,0.0012492214642716992,cm032,unaccepted
L5:mapped:1220,5,1220.0,SL_locus-coeruleus_region,SL_LC-Me5,Subcortex,L,mapped,3.6875000000000018,False,236,236,1.0,0.017433210992669482,0.008165255219014088,0.02620046821259836,cm032,unaccepted
L5:mapped:1221,5,1221.0,SL_mesencephalic_trigeminal_nerve,SL_me5,Subcortex,L,mapped,0.3125000000000001,False,20,20,1.0,0.028420097599253402,0.02747468712648879,0.10289797223174091,cm032,unaccepted
L5:mapped:1222,5,1222.0,SL_central_gray_nucleus,SL_CG,Subcortex,L,mapped,4.187500000000002,False,268,268,1.0,-0.1678877905408351,-0.14172144273085524,-0.5504952140286281,cm032,unaccepted
L5:mapped:1224,5,1224.0,SL_lateral_dorsal_tegmentum,SL_LDTg,Subcortex,L,mapped,7.7656250000000036,False,497,497,1.0,0.12458846507074246,0.15132319243029504,0.5992082408038303,cm032,unaccepted
L5:mapped:1225,5,1225.0,SL_medial_dorsal_tegmentum,SL_MDTg,Subcortex,L,mapped,7.6562500000000036,False,490,490,1.0,-0.04278058316800268,0.019699257203482402,0.07615412959649269,cm032,unaccepted
L5:mapped:1228,5,1228.0,SL_lateral_lemniscus,SL_ll,Subcortex,L,mapped,23.67187500000001,False,1515,1488,0.9821782178217822,-0.06577423410572975,-0.05929173909111653,-0.23872536570717978,cm032,unaccepted
L5:mapped:1229,5,1229.0,SL_dorsal_lateral_leminscus_nucleus,SL_DLL,Subcortex,L,mapped,1.2187500000000004,False,78,78,1.0,-0.12421291286671231,-0.1410300152292619,-0.5757510352376558,cm032,unaccepted
L5:mapped:1230,5,1230.0,SL_intermediate+ventral_lateral_lemniscus_nuclei,SL_ILL-VLL,Subcortex,L,mapped,2.8437500000000013,False,182,182,1.0,0.08124122714148245,0.08635458790297589,0.40902781380381925,cm032,unaccepted
L5:mapped:1233,5,1233.0,SL_subceruleus,SL_SubC,Subcortex,L,mapped,13.984375000000005,False,895,626,0.6994413407821229,-0.04494900838215426,-0.021845546527858306,-0.09150199644198505,cm032,unaccepted
L5:mapped:1234,5,1234.0,SL_reticulotegmentum,SL_RtTg,Subcortex,L,mapped,17.500000000000007,False,1120,822,0.7339285714285714,0.05298515620908367,0.06377874405329984,0.28062851888873863,cm032,unaccepted
L5:mapped:1235,5,1235.0,SL_superior_cerebellar_peduncle_decussation,SL_xscp,Subcortex,L,mapped,16.156250000000007,False,1034,1028,0.9941972920696325,0.0872039010344276,0.08471457993114806,0.3200829663540992,cm032,unaccepted
L5:mapped:1236,5,1236.0,SL_pontine_reticulum_oral,SL_PnO,Subcortex,L,mapped,45.07812500000002,False,2885,2852,0.9885615251299826,-0.09558163664909763,-0.06391605024224195,-0.26399765567272093,cm032,unaccepted
L5:mapped:1237,5,1237.0,SL_pontine_reticulum_caudal,SL_PnC,Subcortex,L,mapped,42.78125000000002,False,2738,343,0.12527392257121986,0.053326534091372335,0.04926889545847176,0.2127312744757658,cm032,unaccepted
L5:mapped:1239,5,1239.0,SL_superior_olive,SL_SuO,Subcortex,L,mapped,11.500000000000005,False,736,0,0.0,,,,cm032,unaccepted
L5:mapped:1240,5,1240.0,SL_medial_lemniscus,SL_ml,Subcortex,L,mapped,35.640625000000014,False,2281,607,0.2661113546690048,-0.23517053354274894,-0.24723682448497783,-1.1085782557269646,cm032,unaccepted
L5:mapped:1241,5,1241.0,SL_trapezoid_bundle_region,SL_tz,Subcortex,L,mapped,9.359375000000004,False,599,0,0.0,,,,cm032,unaccepted
L5:mapped:1243,5,1243.0,SL_pontine_nucleus,SL_Pn,Subcortex,L,mapped,254.6875000000001,False,16300,3290,0.201840490797546,-0.21513331573929334,-0.06449695523811488,-0.12321894406175654,cm032,unaccepted
L5:mapped:1244,5,1244.0,SL_pontine_fibers,SL_spf,Subcortex,L,mapped,238.2343750000001,False,15247,6679,0.4380533875516495,-0.05857673108840105,-0.02150554770081449,-0.09559962520352105,cm032,unaccepted
L5:mapped:1250,5,1250.0,SL_inferior_cerebellar_peduncle,SL_icp,Subcortex,L,mapped,27.71875000000001,False,1774,319,0.1798196166854566,-0.0073337365202671536,-0.046941378504865044,-0.19287102581737617,cm032,unaccepted
L5:mapped:1251,5,1251.0,SL_olivocerebellar_tract,SL_oc,Subcortex,L,mapped,21.20312500000001,False,1357,750,0.552689756816507,0.031583633207117004,0.009606452554472915,0.05317979215454879,cm032,unaccepted
L5:mapped:1253,5,1253.0,SL_lateral_cerebellar_nucleus,SL_Lat,Subcortex,L,mapped,54.62500000000002,False,3496,3296,0.9427917620137299,-0.08254878391554454,-0.08451320716310111,-0.32090348183796513,cm032,unaccepted
L5:mapped:1254,5,1254.0,SL_interposed_cerebellar_nuclei,SL_Int,Subcortex,L,mapped,56.10937500000003,False,3591,3591,1.0,0.005357498005364444,0.0011907389069367377,0.0048348232904736055,cm032,unaccepted
L5:mapped:1257,5,1257.0,SL_fastigial_cerebellar_nucleus,SL_Fas,Subcortex,L,mapped,19.453125000000007,False,1245,1245,1.0,0.29606770416333367,0.2138376121733528,0.5992675319368476,cm032,unaccepted
L5:mapped:1259,5,1259.0,SL_floculus_parafloculus,SL_Fl-PFl,Subcortex,L,mapped,388.62500000000017,False,24872,3325,0.1336844644580251,-0.1088266452466952,-0.08592523750859621,-0.3730462154173676,cm032,unaccepted
L5:mapped:1263,5,1263.0,SL_anterior_vermis_cerebellar_cortex,SL_AVCbCx,Subcortex,L,mapped,480.5468750000002,False,30755,30755,1.0,0.01842721393436744,0.023617503123943714,0.0960179053735351,cm032,unaccepted
L5:mapped:1269,5,1269.0,SL_posterior_vermis_cerebellar_cortex,SL_PVCbCx,Subcortex,L,mapped,500.2812500000002,False,32018,24784,0.7740645886688737,0.07179672834966366,0.07399923684716406,0.31244099254980573,cm032,unaccepted
L5:mapped:1275,5,1275.0,SL_intermediate_cerebellar_cortex,SL_ICbCx,Subcortex,L,mapped,1170.7343750000005,False,74927,53401,0.7127070348472513,-0.045472322680085435,-0.04298963591129398,-0.16786003675492273,cm032,unaccepted
L5:mapped:1283,5,1283.0,SL_lateral_cerebellar_cortex,SL_LCbCx,Subcortex,L,mapped,717.8750000000003,False,45944,21887,0.4763842939230367,-0.014736432161685086,0.011497674527447141,0.052598336400145565,cm032,unaccepted
L5:mapped:1290,5,1290.0,SL_vestibular_nucleus,SL_Ve,Subcortex,L,mapped,62.18750000000003,False,3980,1933,0.485678391959799,-0.05875942350303711,-0.06828291886365594,-0.26199380010255424,cm032,unaccepted
L5:mapped:1291,5,1291.0,SL_cochlear_nucleus,SL_DVC,Subcortex,L,mapped,11.640625000000005,False,745,9,0.012080536912751677,-0.008698854544689475,-0.030592659973900743,-0.12599324332604078,cm032,unaccepted
L5:mapped:1292,5,1292.0,SL_vestibulochoclear_nerve,SL_n8,Subcortex,L,mapped,10.156250000000005,False,650,66,0.10153846153846154,-0.050452313035206066,-0.06205703001904653,-0.26339975248246195,cm032,unaccepted
L5:mapped:1293,5,1293.0,SL_prepositus_nucleus,SL_Pr,Subcortex,L,mapped,5.156250000000003,False,330,158,0.47878787878787876,-0.03656142491975304,-0.02136798319274791,-0.07854960324860849,cm032,unaccepted
L5:mapped:1295,5,1295.0,SL_motor_trigeminal_nucleus,SL_Nu5,Subcortex,L,mapped,7.5468750000000036,False,483,474,0.9813664596273292,0.03869113025363911,0.04615184233705544,0.20065658178570883,cm032,unaccepted
L5:mapped:1296,5,1296.0,SL_principal_trigeminal_nucleus,SL_Pr5,Subcortex,L,mapped,11.625000000000005,False,744,277,0.37231182795698925,-0.05408248864360751,-0.052848936315177696,-0.23625773843886752,cm032,unaccepted
L5:mapped:1297,5,1297.0,SL_spinal_trigeminal_nucleus,SL_Sp5,Subcortex,L,mapped,38.359375000000014,False,2455,0,0.0,,,,cm032,unaccepted
L5:mapped:1302,5,1302.0,SL_cuneate_gracile_nuclei,SL_CuGr,Subcortex,L,mapped,53.35937500000002,False,3415,15,0.004392386530014641,-0.004101563386219386,-0.00041502216625866837,-0.0018127437067091078,cm032,unaccepted
L5:mapped:1303,5,1303.0,SL_obex,SL_obex,Subcortex,L,mapped,0.12500000000000006,False,8,0,0.0,,,,cm032,unaccepted
L5:mapped:1304,5,1304.0,SL_solitary_tract_nucleus,SL_Sol,Subcortex,L,mapped,18.828125000000007,False,1205,122,0.1012448132780083,0.1151541186026299,0.10299956018276736,0.5084674605538622,cm032,unaccepted
L5:mapped:1305,5,1305.0,SL_visceral_motor_nuclei,SL_Nu10-12,Subcortex,L,mapped,6.875000000000003,False,440,47,0.10681818181818181,0.1888792497402535,0.1889136870001102,0.9729283472445152,cm032,unaccepted
L5:mapped:1308,5,1308.0,SL_abducens_motor_nucleus,SL_Nu6,Subcortex,L,mapped,5.875000000000003,False,376,198,0.526595744680851,-0.09277243385205602,-0.07691771523187402,-0.2968498194799284,cm032,unaccepted
L5:mapped:1309,5,1309.0,SL_facial_motor_nucleus,SL_Nu7,Subcortex,L,mapped,4.906250000000002,False,314,0,0.0,,,,cm032,unaccepted
L5:mapped:1311,5,1311.0,SL_parvicellular_and_intermediate_reticular_nuclei,SL_PCIRt,Subcortex,L,mapped,31.406250000000014,False,2010,10,0.004975124378109453,-0.05614162233263089,-0.054179593307236915,-0.23207779803002432,cm032,unaccepted
L5:mapped:1312,5,1312.0,SL_dorsal_paragigantocellular_reticular_nucleus,SL_DPGi,Subcortex,L,mapped,6.125000000000003,False,392,17,0.04336734693877551,0.08267585372786901,0.08612289530331393,0.33372090861324755,cm032,unaccepted
L5:mapped:1313,5,1313.0,SL_gigantocellular_reticular_nucleus,SL_Gi,Subcortex,L,mapped,70.50000000000003,False,4512,0,0.0,,,,cm032,unaccepted
L5:mapped:1314,5,1314.0,SL_medullar_reticular_nucleus,SL_MdRt,Subcortex,L,mapped,13.031250000000005,False,834,0,0.0,,,,cm032,unaccepted
L5:mapped:1316,5,1316.0,SL_Raphe_magnus_nucleus,SL_RMg,Subcortex,L,mapped,1.6718750000000007,False,107,0,0.0,,,,cm032,unaccepted
L5:mapped:1317,5,1317.0,SL_Raphe_obscurus_nucleus,SL_ROb,Subcortex,L,mapped,1.2656250000000007,False,81,0,0.0,,,,cm032,unaccepted
L5:mapped:1320,5,1320.0,SL_inferior_olive,SL_InO,Subcortex,L,mapped,52.23437500000002,False,3343,0,0.0,,,,cm032,unaccepted
L5:mapped:1321,5,1321.0,SL_lateral_reticular_nucleus,SL_LRt,Subcortex,L,mapped,12.468750000000005,False,798,0,0.0,,,,cm032,unaccepted
L5:mapped:1323,5,1323.0,SL_pyramidal_tract,SL_py,Subcortex,L,mapped,46.54687500000002,False,2979,0,0.0,,,,cm032,unaccepted
L5:mapped:1325,5,1325.0,SL_corticospinal_tract,SL_cst,Subcortex,L,mapped,0.34375000000000017,False,22,0,0.0,,,,cm032,unaccepted
L5:mapped:1504,5,1504.0,SR_claustrum,SR_Cl,Subcortex,R,mapped,255.1562500000001,False,16330,16121,0.9872014696876914,2.401772787986307,2.220230436620541,7.809256607338231,cm032,unaccepted
L5:mapped:1507,5,1507.0,SR_dorsal_endopiriform_claustrum,SR_DEn,Subcortex,R,mapped,14.203125000000007,False,909,909,1.0,3.5301967912726475,3.505004776039805,9.078551163487752,cm032,unaccepted
L5:mapped:1508,5,1508.0,SR_ventral_endopiriform_claustrum,SR_VEn,Subcortex,R,mapped,9.515625000000004,False,609,609,1.0,3.649559809742016,3.7697605453742478,11.276250646149812,cm032,unaccepted
L5:mapped:1509,5,1509.0,SR_piriform_cortex,SR_Pir,Subcortex,R,mapped,30.796875000000014,False,1971,873,0.4429223744292237,1.1434303627645146,1.0822537252851432,3.071063248065655,cm032,unaccepted
L5:mapped:1513,5,1513.0,SR_hippocampus_anterior,SR_HiA,Subcortex,R,mapped,271.8750000000001,False,17400,4103,0.23580459770114942,0.5210192971689385,0.5130188758692238,1.6796535416054321,cm032,unaccepted
L5:mapped:1516,5,1516.0,SR_subicular_complex_anterior,SR_SA,Subcortex,R,mapped,81.28125000000004,False,5202,194,0.03729334871203383,0.3504501627908027,0.30115901909934006,1.2431332266528856,cm032,unaccepted
L5:mapped:1518,5,1518.0,SR_hippocampus_posterior,SR_HiP,Subcortex,R,mapped,114.28125000000006,False,7314,4633,0.6334427126059612,0.26436309582621326,0.2640003314342385,0.9970619695174132,cm032,unaccepted
L5:mapped:1521,5,1521.0,SR_subicular_complex_posterior,SR_SP,Subcortex,R,mapped,52.06250000000002,False,3332,3151,0.9456782713085234,0.5264910666077492,0.33676588984569583,1.2472251013529803,cm032,unaccepted
L5:mapped:1522,5,1522.0,SR_fimbria,SR_fi,Subcortex,R,mapped,12.593750000000005,False,806,806,1.0,0.1454965873565619,0.1679976445880124,0.6304355090935428,cm032,unaccepted
L5:mapped:1523,5,1523.0,SR_fornix,SR_f,Subcortex,R,mapped,43.40625000000002,False,2778,2778,1.0,0.2943894999475535,0.21838677673375323,0.8850828373350248,cm032,unaccepted
L5:mapped:1527,5,1527.0,SR_basomedial_amygdaloid_nucleus,SR_BM,Subcortex,R,mapped,47.84375000000002,False,3062,2742,0.8954931417374266,1.5022979154169345,1.4466625443665433,3.677938610951613,cm032,unaccepted
L5:mapped:1528,5,1528.0,SR_ventral_cortical_amygdaloid_nucleus,SR_VCo,Subcortex,R,mapped,22.76562500000001,False,1457,710,0.48730267673301303,0.9107503052579041,0.6717332681717051,1.4115289317390998,cm032,unaccepted
L5:mapped:1529,5,1529.0,SR_amygdalohippocampal_area,SR_AHi,Subcortex,R,mapped,17.203125000000007,False,1101,645,0.5858310626702997,0.3572143340138203,0.30729351463864846,0.6716371333056361,cm032,unaccepted
L5:mapped:1531,5,1531.0,SR_lateral_amygdaloid_nucleus,SR_La,Subcortex,R,mapped,40.82812500000002,False,2613,2613,1.0,2.0575763344082154,1.9812356308201076,5.400005734469445,cm032,unaccepted
L5:mapped:1534,5,1534.0,SR_amygdalopiriform_transition_area,SR_APir,Subcortex,R,mapped,27.85937500000001,False,1783,64,0.0358945597307908,0.2839088350366167,0.2716837595141809,0.7061572200305626,cm032,unaccepted
L5:mapped:1535,5,1535.0,SR_basolateral_amygdaloid_nucleus,SR_BL,Subcortex,R,mapped,47.54687500000002,False,3043,2731,0.8974696023660861,1.8931942875819796,1.8241634925164554,4.834116674164226,cm032,unaccepted
L5:mapped:1539,5,1539.0,SR_paralaminar_amygdaloid_nucleus,SR_PaL,Subcortex,R,mapped,13.750000000000005,False,880,602,0.6840909090909091,0.8296132976688579,0.7958030777424563,1.9155432277519053,cm032,unaccepted
L5:mapped:1542,5,1542.0,SR_central_amygdaloid_nucleus,SR_Ce,Subcortex,R,mapped,13.843750000000005,False,886,886,1.0,1.9150546586108164,2.085361832527904,6.720425581889245,cm032,unaccepted
L5:mapped:1544,5,1544.0,SR_medial_amygdaloid_nucleus,SR_Me,Subcortex,R,mapped,16.984375000000007,False,1087,1037,0.954001839926403,1.5137817469293133,1.4959015538079408,3.6711185242229267,cm032,unaccepted
L5:mapped:1545,5,1545.0,SR_anterior_amygdaloid_area,SR_AA,Subcortex,R,mapped,23.73437500000001,False,1519,1497,0.9855167873601053,2.7190678602665868,2.706141501699144,7.89815770652981,cm032,unaccepted
L5:mapped:1547,5,1547.0,SR_extended_amygdala,SR_EA,Subcortex,R,mapped,9.140625000000004,False,585,550,0.9401709401709402,1.7785870224782836,1.197416761417539,3.9457086262775625,cm032,unaccepted
L5:mapped:1548,5,1548.0,SR_posterior_interstitial_nucleus,SR_IPAC,Subcortex,R,mapped,4.906250000000002,False,314,314,1.0,3.788127208037653,3.801416172982936,12.466539102212177,cm032,unaccepted
L5:mapped:1549,5,1549.0,SR_intraamygdaloid_stria_terminalis,SR_STIA,Subcortex,R,mapped,15.593750000000007,False,998,418,0.4188376753507014,0.22677126576053236,0.03310265167761344,0.025524819113184015,cm032,unaccepted
L5:mapped:1553,5,1553.0,SR_caudate,SR_Cd,Subcortex,R,mapped,649.5625000000003,False,41572,40159,0.966010776484172,0.15678821454648198,0.1031102385443104,0.4010055583635047,cm032,unaccepted
L5:mapped:1556,5,1556.0,SR_putamen,SR_Pu,Subcortex,R,mapped,895.1093750000003,False,57287,56255,0.9819854417232531,0.9348297100997814,0.5442397029614945,2.0485767470109932,cm032,unaccepted
L5:mapped:1557,5,1557.0,SR_amygdalostriatal_transition,SR_ASt,Subcortex,R,mapped,33.812500000000014,False,2164,2146,0.9916820702402958,1.94673410160332,2.0449155940735824,7.026448944049504,cm032,unaccepted
L5:mapped:1558,5,1558.0,SR_internal_capsule,SR_ic,Subcortex,R,mapped,230.7343750000001,False,14767,14717,0.9966140719171125,0.17810874158637402,0.1250185427827818,0.49966895775641607,cm032,unaccepted
L5:mapped:1560,5,1560.0,SR_accumbens,SR_Acb,Subcortex,R,mapped,94.96875000000004,False,6078,3753,0.6174728529121422,0.4311419964733537,0.20478407082089378,0.6457460799447937,cm032,unaccepted
L5:mapped:1561,5,1561.0,SR_olfactory_tubercule,SR_Tu,Subcortex,R,mapped,18.234375000000007,False,1167,51,0.043701799485861184,0.14058902453179506,0.015801581981909566,0.046106998408873154,cm032,unaccepted
L5:mapped:1563,5,1563.0,SR_globus_pallidus,SR_GP,Subcortex,R,mapped,239.7656250000001,False,15345,15302,0.9971977842945585,0.7907718103735627,0.5957812406222147,2.1792420270785557,cm032,unaccepted
L5:mapped:1567,5,1567.0,SR_anterior_commissure,SR_ac,Subcortex,R,mapped,77.82812500000003,False,4981,4981,1.0,1.8901813107799095,1.8898964865505552,6.841655197644347,cm032,unaccepted
L5:mapped:1568,5,1568.0,SR_ventral_pallidum,SR_VP,Subcortex,R,mapped,21.00000000000001,False,1344,1227,0.9129464285714286,1.8349266907165742,1.456039492276113,4.626985149092255,cm032,unaccepted
L5:mapped:1570,5,1570.0,SR_basal_nucleus_region,SR_BR,Subcortex,R,mapped,38.000000000000014,False,2432,2019,0.8301809210526315,2.2857361130535647,2.088360669495237,7.339436895725733,cm032,unaccepted
L5:mapped:1573,5,1573.0,SR_bed_nucleus_of_the_stria_terminalis,SR_ST,Subcortex,R,mapped,42.00000000000002,False,2688,2688,1.0,0.3507138392861953,0.3392850236212838,1.3055365410744075,cm032,unaccepted
L5:mapped:1575,5,1575.0,SR_septimbrial_nucleus,SR_SFi,Subcortex,R,mapped,11.359375000000005,False,727,727,1.0,0.61957632001009,0.6354325742152725,2.5576178546356436,cm032,unaccepted
L5:mapped:1576,5,1576.0,SR_septum_diagonal_band,SR_SDB,Subcortex,R,mapped,91.34375000000004,False,5846,4888,0.8361272665070133,0.18438608963991557,0.2318335270462915,0.888610729021587,cm032,unaccepted
L5:mapped:1578,5,1578.0,SR_optic_tract,SR_opt,Subcortex,R,mapped,151.82812500000006,False,9717,3321,0.34177215189873417,0.869455340588533,0.6139484680791996,1.685456675762246,cm032,unaccepted
L5:mapped:1580,5,1580.0,SR_preoptic_area,SR_PO,Subcortex,R,mapped,21.90625000000001,False,1402,1005,0.7168330955777461,-0.2475823799986526,-0.2742642854016135,-0.9032426310248252,cm032,unaccepted
L5:mapped:1581,5,1581.0,SR_lamina_terminalis,SR_LTer-VOLT,Subcortex,R,mapped,0.9375000000000004,False,60,0,0.0,,,,cm032,unaccepted
L5:mapped:1586,5,1586.0,SR_paraventricular_hypothalamus,SR_Pa,Subcortex,R,mapped,10.812500000000005,False,692,692,1.0,0.15387742181579023,0.15658031145003046,0.599476003869815,cm032,unaccepted
L5:mapped:1588,5,1588.0,SR_ventromedial_hypothalamic_nucleus,SR_VMH,Subcortex,R,mapped,16.000000000000007,False,1024,366,0.357421875,-0.04965930946528403,-0.08548324631826243,-0.280389479654899,cm032,unaccepted
L5:mapped:1589,5,1589.0,SR_medial_eminence,SR_MEm,Subcortex,R,mapped,3.7187500000000018,False,238,21,0.08823529411764706,0.3671535135124355,0.3532381705970704,0.8135172008151818,cm032,unaccepted
L5:mapped:1590,5,1590.0,SR_arcuate_nucleus,SR_Arc,Subcortex,R,mapped,9.687500000000004,False,620,84,0.13548387096774195,0.5062428021908624,0.5103647180828967,1.1824111609553811,cm032,unaccepted
L5:mapped:1592,5,1592.0,SR_supraoptic_hypothalamus,SR_SOpt,Subcortex,R,mapped,1.2968750000000007,False,83,65,0.7831325301204819,-0.41421075289559695,-0.43986138456797524,-1.2942828535126154,cm032,unaccepted
L5:mapped:1593,5,1593.0,SR_anterior_hypothalamic_area,SR_AH,Subcortex,R,mapped,8.609375000000004,False,551,549,0.9963702359346642,-0.3633048012611663,-0.3593528606514729,-1.0638879638229208,cm032,unaccepted
L5:mapped:1594,5,1594.0,SR_dorsal_medial_hypothalamic_nucleus,SR_DM,Subcortex,R,mapped,4.875000000000002,False,312,312,1.0,-0.15189927445853255,-0.08414240416297257,-0.3206522735487388,cm032,unaccepted
L5:mapped:1595,5,1595.0,SR_lateral_hypothalamic_region,SR_LHy,Subcortex,R,mapped,77.43750000000003,False,4956,4110,0.8292978208232445,1.0266140530307644,0.5813342760549347,1.7534617920922764,cm032,unaccepted
L5:mapped:1599,5,1599.0,SR_subthalamic_nucleus,SR_STh,Subcortex,R,mapped,22.20312500000001,False,1421,1392,0.9795918367346939,0.729657371536661,0.3933348458957606,1.1647992847142576,cm032,unaccepted
L5:mapped:1602,5,1602.0,SR_posterior_hypothalamic_nucleus,SR_PH,Subcortex,R,mapped,21.87500000000001,False,1400,1247,0.8907142857142857,0.1720267175754497,0.14127249730336286,0.44709690587447987,cm032,unaccepted
L5:mapped:1604,5,1604.0,SR_prefornical_hypothalamus,SR_PeF,Subcortex,R,mapped,1.3906250000000007,False,89,82,0.9213483146067416,-0.7156397901339515,-0.7023178535365706,-2.3841952153426575,cm032,unaccepted
L5:mapped:1605,5,1605.0,SR_mammillary/retromammillary_hypothalamus,SR_MM/RM,Subcortex,R,mapped,13.578125000000005,False,869,254,0.29228998849252014,0.00642234637837379,-0.13950184112269715,0.09734068005237981,cm032,unaccepted
L5:mapped:1609,5,1609.0,SR_anterior_pituitary,SR_APit,Subcortex,R,mapped,29.906250000000014,False,1914,0,0.0,,,,cm032,unaccepted
L5:mapped:1610,5,1610.0,SR_posterior_pituitary,SR_PPit,Subcortex,R,mapped,14.390625000000007,False,921,0,0.0,,,,cm032,unaccepted
L5:mapped:1612,5,1612.0,SR_zona_incerta_and_lenticular_fascicles,SR_ZI-H,Subcortex,R,mapped,37.375000000000014,False,2392,2392,1.0,0.22775755252700827,0.16663512889454754,0.5850140704247629,cm032,unaccepted
L5:mapped:1614,5,1614.0,SR_reticular_thalamus,SR_Rt,Subcortex,R,mapped,68.90625000000003,False,4410,4410,1.0,-0.20025150919801718,-0.25612078726280973,-1.0460188304318603,cm032,unaccepted
L5:mapped:1616,5,1616.0,SR_anterior_thalamus_region,SR_AR,Subcortex,R,mapped,22.87500000000001,False,1464,1464,1.0,0.4726940644520089,0.5274329392728319,2.1586560953480656,cm032,unaccepted
L5:mapped:1620,5,1620.0,SR_centrolateral_and_paracentral_thalamus,SR_CL-PC,Subcortex,R,mapped,36.468750000000014,False,2334,2334,1.0,0.23679751658722814,0.2705324471947065,1.0799750747649017,cm032,unaccepted
L5:mapped:1621,5,1621.0,SR_centromedial-parafascicular_thalamus,SR_CMn-PF,Subcortex,R,mapped,50.56250000000002,False,3236,3236,1.0,0.2019692442343216,0.23843965252816368,0.9829899117630928,cm032,unaccepted
L5:mapped:1622,5,1622.0,SR_suprafascicular_nucleus,SR_SPFC,Subcortex,R,mapped,8.187500000000004,False,524,524,1.0,0.13716060352326367,0.19290959907188804,0.784006353985836,cm032,unaccepted
L5:mapped:1624,5,1624.0,SR_supra_geniculate,SR_SG,Subcortex,R,mapped,1.7343750000000007,False,111,111,1.0,0.3585207821460191,0.3386034215791271,1.3684230765210854,cm032,unaccepted
L5:mapped:1625,5,1625.0,SR_limitans_thalamus,SR_Lim,Subcortex,R,mapped,9.593750000000004,False,614,614,1.0,0.07077007047513004,0.04372211714015212,0.1794097940612038,cm032,unaccepted
L5:mapped:1626,5,1626.0,SR_mediodorsal_thalamus,SR_MD,Subcortex,R,mapped,78.81250000000003,False,5044,5044,1.0,0.08543074400629724,0.0013611877052397622,0.014151502159717395,cm032,unaccepted
L5:mapped:1628,5,1628.0,SR_intermediodorsal_thalamus,SR_IMD,Subcortex,R,mapped,11.781250000000005,False,754,754,1.0,1.0432865909927085,1.1059096875955527,4.451115873305806,cm032,unaccepted
L5:mapped:1629,5,1629.0,SR_paratenial-paraventral-thalamus,SR_PT-PV-sm,Subcortex,R,mapped,18.781250000000007,False,1202,1202,1.0,0.7521137206583023,0.7012022289124786,2.8236673160116403,cm032,unaccepted
L5:mapped:1630,5,1630.0,SR_paraventricular_posterior_thalamus,SR_PVP,Subcortex,R,mapped,1.9218750000000009,False,123,123,1.0,0.1113610214553945,0.12190772133335079,0.49945570187217236,cm032,unaccepted
L5:mapped:1631,5,1631.0,SR_paraventricular_anterior_thalamus,SR_PVA,Subcortex,R,mapped,2.6562500000000013,False,170,170,1.0,0.3969995366163548,0.3734864095063245,1.4478908098745977,cm032,unaccepted
L5:mapped:1632,5,1632.0,SR_interanteromedial_thalamus,SR_IAM,Subcortex,R,mapped,4.687500000000002,False,300,300,1.0,0.8731518461079985,0.9139877990959666,3.698549099426251,cm032,unaccepted
L5:mapped:1633,5,1633.0,SR_central_medial_thalamus,SR_CM,Subcortex,R,mapped,12.453125000000005,False,797,797,1.0,0.6427794308050265,0.6236828502646029,2.5311990605638153,cm032,unaccepted
L5:mapped:1634,5,1634.0,SR_Reuniens-rhomboid-xiphoid_thalamus,SR_Re-Rh-Xi,Subcortex,R,mapped,18.937500000000007,False,1212,1212,1.0,0.2954529481201423,0.31514049738567224,1.219487075877145,cm032,unaccepted
L5:mapped:1637,5,1637.0,SR_ventral_anterior_thalamus,SR_VA,Subcortex,R,mapped,48.87500000000002,False,3128,3128,1.0,0.10903626191415554,0.1067805346295885,0.4370227162751069,cm032,unaccepted
L5:mapped:1638,5,1638.0,SR_ventral_lateral_anterior_thalamus,SR_VLA,Subcortex,R,mapped,46.85937500000002,False,2999,2999,1.0,-0.11293080776317806,-0.08877715389981625,-0.36094653144126937,cm032,unaccepted
L5:mapped:1640,5,1640.0,SR_ventral_lateral_x_thalamus,SR_VLX,Subcortex,R,mapped,11.500000000000005,False,736,736,1.0,-0.007793977628157729,-0.0017795094919829807,0.00489963522115619,cm032,unaccepted
L5:mapped:1641,5,1641.0,SR_ventral_lateral_posteroventral_thalamus,SR_VLPV,Subcortex,R,mapped,65.56250000000003,False,4196,4196,1.0,-0.04939734383862667,-0.07351303371083417,-0.2985947735846973,cm032,unaccepted
L5:mapped:1642,5,1642.0,SR_ventral_lateral_posterodorsal_thalamus,SR_VLPD,Subcortex,R,mapped,30.421875000000014,False,1947,1947,1.0,-0.21407003453734036,-0.18971876799863818,-0.7601228861806724,cm032,unaccepted
L5:mapped:1644,5,1644.0,SR_ventroposterior_medial_and_lateral_thalamus,SR_VPM-VPL,Subcortex,R,mapped,44.14062500000002,False,2825,2825,1.0,-0.14397267562593372,-0.15363833666135268,-0.6229110090932454,cm032,unaccepted
L5:mapped:1645,5,1645.0,SR_ventromedial_posterior+basal_thalamus,SR_VMPo-VMB,Subcortex,R,mapped,11.859375000000005,False,759,759,1.0,0.1917852559623751,0.17492370591727466,0.7103019309135807,cm032,unaccepted
L5:mapped:1646,5,1646.0,SR_ventroposterior_inferior_thalamus,SR_VPI,Subcortex,R,mapped,11.250000000000005,False,720,720,1.0,0.1727606383243804,0.21614044400592458,0.8669903287784357,cm032,unaccepted
L5:mapped:1647,5,1647.0,SR_ventral_medial_thalamus,SR_VM,Subcortex,R,mapped,20.95312500000001,False,1341,1341,1.0,0.04880521380877258,0.03759122487773614,0.1406190026852583,cm032,unaccepted
L5:mapped:1649,5,1649.0,SR_lateral_posterior_thalamus,SR_LP,Subcortex,R,mapped,21.60937500000001,False,1383,1383,1.0,-0.03194161083286854,-0.04256203246315751,-0.1597019035054277,cm032,unaccepted
L5:mapped:1650,5,1650.0,SR_lateral_dorsal_thalamus,SR_LD,Subcortex,R,mapped,4.328125000000002,False,277,277,1.0,0.163664147423146,0.1626098285312228,0.6572556149553541,cm032,unaccepted
L5:mapped:1652,5,1652.0,SR_anterior_pulvinar,SR_APul,Subcortex,R,mapped,49.37500000000002,False,3160,3160,1.0,0.0787478015463243,0.07443670959271612,0.2970462704338669,cm032,unaccepted
L5:mapped:1653,5,1653.0,SR_medial_pulvinar,SR_MPul,Subcortex,R,mapped,44.68750000000002,False,2860,2860,1.0,0.042384487857376,0.10490261650730243,0.3552205044284346,cm032,unaccepted
L5:mapped:1654,5,1654.0,SR_lateral_pulvinar,SR_LPul,Subcortex,R,mapped,31.859375000000014,False,2039,2039,1.0,-0.09485093871278008,-0.13342964045001288,-0.538774002491556,cm032,unaccepted
L5:mapped:1655,5,1655.0,SR_inferior_pulvinar,SR_IPul,Subcortex,R,mapped,44.84375000000002,False,2870,2870,1.0,0.06362914677671977,0.02444201601227585,0.053678902223252,cm032,unaccepted
L5:mapped:1656,5,1656.0,SR_brachium_superior_colliculus,SR_bsc,Subcortex,R,mapped,11.781250000000005,False,754,754,1.0,-0.03140001495631799,0.021218795805949042,0.23941161465649302,cm032,unaccepted
L5:mapped:1658,5,1658.0,SR_dorsal_lateral_geniculate,SR_DLG,Subcortex,R,mapped,93.35937500000004,False,5975,4599,0.7697071129707113,-0.11443784186465095,-0.10258051634027192,-0.4006777000084297,cm032,unaccepted
L5:mapped:1659,5,1659.0,SR_medial_geniculate,SR_MG,Subcortex,R,mapped,28.406250000000014,False,1818,1818,1.0,0.3343396803913623,0.07850208222015083,0.40718186577182236,cm032,unaccepted
L5:mapped:1661,5,1661.0,SR_pineal_gland,SR_Pi,Subcortex,R,mapped,4.093750000000002,False,262,262,1.0,0.4423724315598454,0.3776091840232776,1.249204034997082,cm032,unaccepted
L5:mapped:1662,5,1662.0,SR_habenula,SR_Hb,Subcortex,R,mapped,11.265625000000005,False,721,721,1.0,0.12015392250878167,0.09420477818059528,0.37005965235755606,cm032,unaccepted
L5:mapped:1664,5,1664.0,SR_posterior_commissural_region,SR_PCR,Subcortex,R,mapped,10.093750000000005,False,646,646,1.0,0.023157904571231465,0.03560103307349291,0.15709550424308213,cm032,unaccepted
L5:mapped:1668,5,1668.0,SR_p1_mesencephalic_reticulum,SR_p1Rt,Subcortex,R,mapped,16.453125000000007,False,1053,1053,1.0,0.10172264668606608,0.11108059591195835,0.45721424864648086,cm032,unaccepted
L5:mapped:1673,5,1673.0,SR_superior_colliculus,SR_SCo,Subcortex,R,mapped,78.59375000000003,False,5030,5030,1.0,-0.009728640050283092,-0.01009820675473172,-0.04212143325433687,cm032,unaccepted
L5:mapped:1674,5,1674.0,SR_inferior_colliculus_complex,SR_ICoC,Subcortex,R,mapped,59.34375000000003,False,3798,3798,1.0,0.04227880871524121,0.09633387707792934,0.38709021431405377,cm032,unaccepted
L5:mapped:1678,5,1678.0,SR_fourth_nerve,SR_n4,Subcortex,R,mapped,1.6250000000000007,False,104,104,1.0,0.6921578834428959,0.6939748268288455,2.523111199633157,cm032,unaccepted
L5:mapped:1679,5,1679.0,SR_periaqueductal_gray,SR_PAG,Subcortex,R,mapped,49.48437500000002,False,3167,3167,1.0,0.1924124355650128,0.14269352076702282,0.5198299137897128,cm032,unaccepted
L5:mapped:1682,5,1682.0,SR_parabigeminal_nucleus,SR_PBG,Subcortex,R,mapped,2.6875000000000013,False,172,172,1.0,-0.5446268902384427,-0.5218364642566675,-1.2002617805130336,cm032,unaccepted
L5:mapped:1683,5,1683.0,SR_microcellular_tegmentum,SR_MiTg,Subcortex,R,mapped,5.125000000000003,False,328,328,1.0,0.053308008918469645,0.09744742051695887,0.45438409952622355,cm032,unaccepted
L5:mapped:1684,5,1684.0,SR_precuneiform_nucleus,SR_PrCnF,Subcortex,R,mapped,1.5312500000000007,False,98,98,1.0,0.15446485797869366,0.14694424396453198,0.573026741324409,cm032,unaccepted
L5:mapped:1685,5,1685.0,SR_cuneiform_nucleus,SR_CnF,Subcortex,R,mapped,8.218750000000004,False,526,526,1.0,0.11011089789459938,0.13502182189066103,0.5531415116173577,cm032,unaccepted
L5:mapped:1686,5,1686.0,SR_ventrolateral_tegmentum,SR_VLTg,Subcortex,R,mapped,1.3437500000000007,False,86,86,1.0,0.034425151028002976,0.030836890740249423,0.12171277351004478,cm032,unaccepted
L5:mapped:1687,5,1687.0,SR_pedunculopontine_nucleus,SR_PTg,Subcortex,R,mapped,16.546875000000007,False,1059,1059,1.0,0.05018820800440886,0.04180341937314064,0.16678503237819847,cm032,unaccepted
L5:mapped:1688,5,1688.0,SR_anterior_tegmental_nucleus,SR_ATg,Subcortex,R,mapped,1.4843750000000007,False,95,95,1.0,0.06944805139232829,0.07324685706730309,0.2998320529302939,cm032,unaccepted
L5:mapped:1690,5,1690.0,SR_mesencephalic_reticular_formation,SR_mRt,Subcortex,R,mapped,78.28125000000003,False,5010,5010,1.0,0.18494235396467193,0.17372355200870396,0.7007082147169968,cm032,unaccepted
L5:mapped:1691,5,1691.0,SR_retroisthmic_nucleus,SR_RIs,Subcortex,R,mapped,3.2031250000000013,False,205,205,1.0,0.13978250754331728,0.14685513331298772,0.5803292810576894,cm032,unaccepted
L5:mapped:1694,5,1694.0,SR_oculomotor_nuclei,SR_OM,Subcortex,R,mapped,15.796875000000007,False,1011,1011,1.0,0.1408348371025427,0.09531931025379924,0.3886338247387584,cm032,unaccepted
L5:mapped:1695,5,1695.0,SR_mediolateral_fascicle,SR_mlf,Subcortex,R,mapped,18.062500000000007,False,1156,667,0.5769896193771626,0.07416235147324562,0.05214363719116972,0.2102466384819308,cm032,unaccepted
L5:mapped:1697,5,1697.0,SR_medial_Raphe,SR_MR,Subcortex,R,mapped,13.000000000000005,False,832,821,0.9867788461538461,0.13179076124028366,0.10503256941612957,0.38654963724085456,cm032,unaccepted
L5:mapped:1698,5,1698.0,SR_dorsal_Raphe,SR_DR,Subcortex,R,mapped,8.203125000000004,False,525,525,1.0,0.16343633766710344,0.12283987647142552,0.4869219343884264,cm032,unaccepted
L5:mapped:1699,5,1699.0,SR_linear_Raphe,SR_LiR,Subcortex,R,mapped,11.953125000000005,False,765,764,0.9986928104575163,0.06414696319945754,0.011342224228504533,0.05686444965202368,cm032,unaccepted
L5:mapped:1701,5,1701.0,SR_rubral_region,SR_R+,Subcortex,R,mapped,38.468750000000014,False,2462,2462,1.0,0.2269929743649399,0.24897620535375925,0.9910469964657234,cm032,unaccepted
L5:mapped:1705,5,1705.0,SR_retrorubral_field,SR_RF,Subcortex,R,mapped,5.734375000000003,False,367,367,1.0,-0.08880857036981055,-0.09579790672356953,-0.4014551048195757,cm032,unaccepted
L5:mapped:1706,5,1706.0,SR_substantia_nigra,SR_SN,Subcortex,R,mapped,111.21875000000004,False,7118,6706,0.942118572632762,0.03675082606067601,0.04394106910547646,0.1729547115955671,cm032,unaccepted
L5:mapped:1707,5,1707.0,SR_ventral_tegmental_area,SR_VTA,Subcortex,R,mapped,24.42187500000001,False,1563,1491,0.9539347408829175,-0.5613154664183981,-0.3611078534411486,-0.726516189086353,cm032,unaccepted
L5:mapped:1708,5,1708.0,SR_interpeduncular_nucleus,SR_IP,Subcortex,R,mapped,4.375000000000002,False,280,191,0.6821428571428572,-0.6858237941670023,-0.7548520082899409,-1.3541199379160669,cm032,unaccepted
L5:mapped:1709,5,1709.0,SR_oculomotor_nerve,SR_n3,Subcortex,R,mapped,6.750000000000003,False,432,103,0.23842592592592593,-0.8582009883222765,-0.9304193286020467,-1.797883174999388,cm032,unaccepted
L5:mapped:1710,5,1710.0,SR_cerebral_peduncle,SR_cp,Subcortex,R,mapped,70.39062500000003,False,4505,2584,0.5735849056603773,0.637602146469076,0.43172263439946784,1.415265164843135,cm032,unaccepted
L5:mapped:1714,5,1714.0,SR_parabrachial_complex,SR_PBC,Subcortex,R,mapped,45.84375000000002,False,2934,2934,1.0,0.0037667751726406713,-0.007016594794697781,-0.03190060542270606,cm032,unaccepted
L5:mapped:1720,5,1720.0,SR_locus-coeruleus_region,SR_LC-Me5,Subcortex,R,mapped,3.6875000000000018,False,236,236,1.0,0.012543207542723795,0.006286920531179144,0.023066595104236698,cm032,unaccepted
L5:mapped:1721,5,1721.0,SR_mesencephalic_trigeminal_nerve,SR_me5,Subcortex,R,mapped,0.3125000000000001,False,20,20,1.0,-0.21254737532615908,-0.21033995940986983,-0.8334706348754135,cm032,unaccepted
L5:mapped:1722,5,1722.0,SR_central_gray_nucleus,SR_CG,Subcortex,R,mapped,4.187500000000002,False,268,268,1.0,-0.11587352562466305,-0.11033464186600708,-0.4293286051437481,cm032,unaccepted
L5:mapped:1724,5,1724.0,SR_lateral_dorsal_tegmentum,SR_LDTg,Subcortex,R,mapped,7.7656250000000036,False,497,497,1.0,0.0743511605087215,0.06399617383957898,0.25760372666451364,cm032,unaccepted
L5:mapped:1725,5,1725.0,SR_medial_dorsal_tegmentum,SR_MDTg,Subcortex,R,mapped,7.6562500000000036,False,490,490,1.0,-0.08461353661913754,-0.1160646685411941,-0.47605596082470447,cm032,unaccepted
L5:mapped:1728,5,1728.0,SR_lateral_lemniscus,SR_ll,Subcortex,R,mapped,23.67187500000001,False,1515,1407,0.9287128712871288,0.07852960280705983,0.06539983124281304,0.2936255997573751,cm032,unaccepted
L5:mapped:1729,5,1729.0,SR_dorsal_lateral_leminscus_nucleus,SR_DLL,Subcortex,R,mapped,1.2187500000000004,False,78,78,1.0,0.06373762338931457,0.09265102321275363,0.39884943969799824,cm032,unaccepted
L5:mapped:1730,5,1730.0,SR_intermediate+ventral_lateral_lemniscus_nuclei,SR_ILL-VLL,Subcortex,R,mapped,2.8437500000000013,False,182,182,1.0,0.007877873425895791,0.006884015792044041,0.03842166240079369,cm032,unaccepted
L5:mapped:1733,5,1733.0,SR_subceruleus,SR_SubC,Subcortex,R,mapped,13.984375000000005,False,895,510,0.5698324022346368,-0.16024242607412031,-0.16742041587500073,-0.6928969753877017,cm032,unaccepted
L5:mapped:1734,5,1734.0,SR_reticulotegmentum,SR_RtTg,Subcortex,R,mapped,17.500000000000007,False,1120,787,0.7026785714285714,0.027825595954866576,0.017896623889247325,0.18438853924032683,cm032,unaccepted
L5:mapped:1735,5,1735.0,SR_superior_cerebellar_peduncle_decussation,SR_xscp,Subcortex,R,mapped,16.156250000000007,False,1034,1029,0.995164410058027,0.1351158583829075,0.08794512091519892,0.3357931521708123,cm032,unaccepted
L5:mapped:1736,5,1736.0,SR_pontine_reticulum_oral,SR_PnO,Subcortex,R,mapped,45.07812500000002,False,2885,2820,0.9774696707105719,0.014171944218796919,0.003697984750338915,0.009360916891034906,cm032,unaccepted
L5:mapped:1737,5,1737.0,SR_pontine_reticulum_caudal,SR_PnC,Subcortex,R,mapped,42.78125000000002,False,2738,280,0.10226442658875091,0.029198726733908352,0.027437799126579517,0.11273405062709298,cm032,unaccepted
L5:mapped:1739,5,1739.0,SR_superior_olive,SR_SuO,Subcortex,R,mapped,11.500000000000005,False,736,0,0.0,,,,cm032,unaccepted
L5:mapped:1740,5,1740.0,SR_medial_lemniscus,SR_ml,Subcortex,R,mapped,35.640625000000014,False,2281,542,0.2376150811047786,-0.00345713347623687,0.015639855434575127,0.06282536905155023,cm032,unaccepted
L5:mapped:1741,5,1741.0,SR_trapezoid_bundle_region,SR_tz,Subcortex,R,mapped,9.359375000000004,False,599,0,0.0,,,,cm032,unaccepted
L5:mapped:1743,5,1743.0,SR_pontine_nucleus,SR_Pn,Subcortex,R,mapped,254.6875000000001,False,16300,4596,0.2819631901840491,-0.32146826247834925,-0.0627406784303528,-0.1772845151940616,cm032,unaccepted
L5:mapped:1744,5,1744.0,SR_pontine_fibers,SR_spf,Subcortex,R,mapped,238.2343750000001,False,15247,5318,0.34878992588705976,-0.049562631490803415,-0.008514798359995409,-0.038869463016842916,cm032,unaccepted
L5:mapped:1750,5,1750.0,SR_inferior_cerebellar_peduncle,SR_icp,Subcortex,R,mapped,27.71875000000001,False,1774,277,0.15614430665163473,-0.11847165661217315,-0.10779225260895586,-0.4261480434846466,cm032,unaccepted
L5:mapped:1751,5,1751.0,SR_olivocerebellar_tract,SR_oc,Subcortex,R,mapped,21.20312500000001,False,1357,708,0.5217391304347826,-0.0902367236871184,-0.10965625217233636,-0.40697278613750887,cm032,unaccepted
L5:mapped:1753,5,1753.0,SR_lateral_cerebellar_nucleus,SR_Lat,Subcortex,R,mapped,54.62500000000002,False,3496,2971,0.8498283752860412,-0.07587425472026453,-0.06260848978291175,-0.2191914776524694,cm032,unaccepted
L5:mapped:1754,5,1754.0,SR_interposed_cerebellar_nuclei,SR_Int,Subcortex,R,mapped,56.10937500000003,False,3591,3591,1.0,-0.020748266806226774,-0.07208009597120098,-0.24189488425903508,cm032,unaccepted
L5:mapped:1757,5,1757.0,SR_fastigial_cerebellar_nucleus,SR_Fas,Subcortex,R,mapped,19.453125000000007,False,1245,1245,1.0,-0.08138304545743703,-0.03620611554065656,0.10890453336490213,cm032,unaccepted
L5:mapped:1759,5,1759.0,SR_floculus_parafloculus,SR_Fl-PFl,Subcortex,R,mapped,388.62500000000017,False,24872,4941,0.1986571244773239,-0.0600553051028975,-0.040015899609684484,-0.18070076877435076,cm032,unaccepted
L5:mapped:1763,5,1763.0,SR_anterior_vermis_cerebellar_cortex,SR_AVCbCx,Subcortex,R,mapped,480.5468750000002,False,30755,30755,1.0,-0.012417384889398926,-0.020073043111126287,-0.08016697944933326,cm032,unaccepted
L5:mapped:1769,5,1769.0,SR_posterior_vermis_cerebellar_cortex,SR_PVCbCx,Subcortex,R,mapped,500.2812500000002,False,32018,24335,0.7600412268099194,-0.012990126008048726,-0.03306802481447749,-0.10345608679866147,cm032,unaccepted
L5:mapped:1775,5,1775.0,SR_intermediate_cerebellar_cortex,SR_ICbCx,Subcortex,R,mapped,1170.7343750000005,False,74927,54726,0.7303909138227875,-0.01775775507224433,-0.02855024798232906,-0.11339516515694364,cm032,unaccepted
L5:mapped:1783,5,1783.0,SR_lateral_cerebellar_cortex,SR_LCbCx,Subcortex,R,mapped,717.8750000000003,False,45944,26118,0.5684746648093331,-0.00829409407291405,-0.0025948242397153976,-0.008501274302015534,cm032,unaccepted
L5:mapped:1790,5,1790.0,SR_vestibular_nucleus,SR_Ve,Subcortex,R,mapped,62.18750000000003,False,3980,2220,0.5577889447236181,-0.026558387787870622,-0.011551067623651105,-0.04399331876242757,cm032,unaccepted
L5:mapped:1791,5,1791.0,SR_cochlear_nucleus,SR_DVC,Subcortex,R,mapped,11.640625000000005,False,745,12,0.016107382550335572,0.005226486586920795,0.004535714629714919,0.017625243433125083,cm032,unaccepted
L5:mapped:1792,5,1792.0,SR_vestibulochoclear_nerve,SR_n8,Subcortex,R,mapped,10.156250000000005,False,650,0,0.0,,,,cm032,unaccepted
L5:mapped:1793,5,1793.0,SR_prepositus_nucleus,SR_Pr,Subcortex,R,mapped,5.156250000000003,False,330,192,0.5818181818181818,-0.09752983542342492,-0.07263921051383629,-0.20154830340657737,cm032,unaccepted
L5:mapped:1795,5,1795.0,SR_motor_trigeminal_nucleus,SR_Nu5,Subcortex,R,mapped,7.5468750000000036,False,483,397,0.8219461697722568,-0.18751555625948924,-0.18277109486449222,-0.7880280209882079,cm032,unaccepted
L5:mapped:1796,5,1796.0,SR_principal_trigeminal_nucleus,SR_Pr5,Subcortex,R,mapped,11.625000000000005,False,744,177,0.23790322580645162,-0.05437759050650371,-0.06711534181359409,-0.29060476690396037,cm032,unaccepted
L5:mapped:1797,5,1797.0,SR_spinal_trigeminal_nucleus,SR_Sp5,Subcortex,R,mapped,38.359375000000014,False,2455,0,0.0,,,,cm032,unaccepted
L5:mapped:1802,5,1802.0,SR_cuneate_gracile_nuclei,SR_CuGr,Subcortex,R,mapped,53.35937500000002,False,3415,49,0.014348462664714495,0.2232996364188999,0.23292009661980784,1.0790964616685315,cm032,unaccepted
L5:mapped:1803,5,1803.0,SR_obex,SR_obex,Subcortex,R,mapped,0.12500000000000006,False,8,0,0.0,,,,cm032,unaccepted
L5:mapped:1804,5,1804.0,SR_solitary_tract_nucleus,SR_Sol,Subcortex,R,mapped,18.828125000000007,False,1205,243,0.2016597510373444,0.1499199117769486,0.14505971036530674,0.6453986878340869,cm032,unaccepted
L5:mapped:1805,5,1805.0,SR_visceral_motor_nuclei,SR_Nu10-12,Subcortex,R,mapped,6.875000000000003,False,440,66,0.15,0.05284182673825775,0.054734251891595954,0.2578029564765317,cm032,unaccepted
L5:mapped:1808,5,1808.0,SR_abducens_motor_nucleus,SR_Nu6,Subcortex,R,mapped,5.875000000000003,False,376,156,0.4148936170212766,-0.023972000411577595,-0.008753418277395173,-0.03563268957955312,cm032,unaccepted
L5:mapped:1809,5,1809.0,SR_facial_motor_nucleus,SR_Nu7,Subcortex,R,mapped,4.906250000000002,False,314,0,0.0,,,,cm032,unaccepted
L5:mapped:1811,5,1811.0,SR_parvicellular_and_intermediate_reticular_nuclei,SR_PCIRt,Subcortex,R,mapped,31.406250000000014,False,2010,0,0.0,,,,cm032,unaccepted
L5:mapped:1812,5,1812.0,SR_dorsal_paragigantocellular_reticular_nucleus,SR_DPGi,Subcortex,R,mapped,6.125000000000003,False,392,24,0.061224489795918366,0.005854474928915811,0.007241513783359325,0.035382816171865075,cm032,unaccepted
L5:mapped:1813,5,1813.0,SR_gigantocellular_reticular_nucleus,SR_Gi,Subcortex,R,mapped,70.50000000000003,False,4512,34,0.007535460992907801,0.017622154400797563,0.01372603709792052,0.06706689539415923,cm032,unaccepted
L5:mapped:1814,5,1814.0,SR_medullar_reticular_nucleus,SR_MdRt,Subcortex,R,mapped,13.031250000000005,False,834,0,0.0,,,,cm032,unaccepted
L5:mapped:1816,5,1816.0,SR_Raphe_magnus_nucleus,SR_RMg,Subcortex,R,mapped,1.6718750000000007,False,107,0,0.0,,,,cm032,unaccepted
L5:mapped:1817,5,1817.0,SR_Raphe_obscurus_nucleus,SR_ROb,Subcortex,R,mapped,1.2656250000000007,False,81,0,0.0,,,,cm032,unaccepted
L5:mapped:1820,5,1820.0,SR_inferior_olive,SR_InO,Subcortex,R,mapped,52.23437500000002,False,3343,0,0.0,,,,cm032,unaccepted
L5:mapped:1821,5,1821.0,SR_lateral_reticular_nucleus,SR_LRt,Subcortex,R,mapped,12.468750000000005,False,798,0,0.0,,,,cm032,unaccepted
L5:mapped:1823,5,1823.0,SR_pyramidal_tract,SR_py,Subcortex,R,mapped,46.54687500000002,False,2979,0,0.0,,,,cm032,unaccepted
L5:mapped:1825,5,1825.0,SR_corticospinal_tract,SR_cst,Subcortex,R,mapped,0.34375000000000017,False,22,0,0.0,,,,cm032,unaccepted
L6:zero_unassigned:0,6,0.0,Atlas label 0 (unassigned),,Unassigned,Unknown,zero_unassigned,190501.3437500001,False,12192086,2049469,0.16809830573701662,0.10816137594729608,0.03897473025308611,0.15332359406414445,cm032,unaccepted
L6:mapped:4,6,4.0,CL_area_32,CL_area_32,Cortex,L,mapped,91.60937500000004,False,5863,5863,1.0,0.0380181529709217,0.06591204298677131,0.157050473390558,cm032,unaccepted
L6:mapped:5,6,5.0,CL_subgenual_cortex,CL_area_25,Cortex,L,mapped,32.890625000000014,False,2105,1648,0.7828978622327791,0.25355659632386457,0.18395054851919457,0.3914754076831257,cm032,unaccepted
L6:mapped:8,6,8.0,CL_area_24a,CL_area_24a,Cortex,L,mapped,16.890625000000007,False,1081,1036,0.9583718778908418,-0.2838700253716675,-0.22123590017940864,-0.6290984552418166,cm032,unaccepted
L6:mapped:9,6,9.0,CL_area_24b,CL_area_24b,Cortex,L,mapped,76.09375000000003,False,4870,4826,0.9909650924024641,-0.0471322919408214,-0.02299886961083525,-0.02808322283575293,cm032,unaccepted
L6:mapped:10,6,10.0,CL_area_24c,CL_area_24c,Cortex,L,mapped,196.90625000000009,False,12602,12602,1.0,-0.041090718911786665,-0.06096445920878295,-0.18312426964521425,cm032,unaccepted
L6:mapped:13,6,13.0,CL_area_24a',CL_area_24a_prime,Cortex,L,mapped,16.656250000000007,False,1066,1066,1.0,0.024395466740713394,0.01749617830555616,0.07136295376167454,cm032,unaccepted
L6:mapped:14,6,14.0,CL_area_24b',CL_area_24b_prime,Cortex,L,mapped,56.04687500000003,False,3587,3587,1.0,-0.004829580864081848,0.009558565756947007,0.07576663262880401,cm032,unaccepted
L6:mapped:15,6,15.0,CL_area_24c',CL_area_24c_prime,Cortex,L,mapped,115.67187500000006,False,7403,7403,1.0,-0.00043709701008061164,0.027979361266571384,0.13737500591988477,cm032,unaccepted
L6:mapped:19,6,19.0,CL_rostral_medial_frontal_pole,CL_area_10mr,Cortex,L,mapped,105.60937500000004,False,6759,6240,0.9232134931202841,0.10011200805275072,0.11721861045941095,0.37130974627268065,cm032,unaccepted
L6:mapped:20,6,20.0,CL_caudal_medial_frontal_pole,CL_area_10mc,Cortex,L,mapped,81.95312500000004,False,5245,5227,0.9965681601525263,0.20952688196866717,0.22230522490916643,0.6494055514291573,cm032,unaccepted
L6:mapped:21,6,21.0,CL_orbital_frontal_pole,CL_area_10o,Cortex,L,mapped,47.73437500000002,False,3055,2048,0.6703764320785598,-0.020500268007318495,0.0002639360833431443,-0.0064198481967040755,cm032,unaccepted
L6:mapped:23,6,23.0,CL_rostral_gyrus_rectus,CL_area_14r,Cortex,L,mapped,30.843750000000014,False,1974,563,0.28520770010131713,0.16414109720722117,0.1725601202917758,0.4591875233047131,cm032,unaccepted
L6:mapped:24,6,24.0,CL_caudal_gyrus_rectus,CL_area_14c,Cortex,L,mapped,39.468750000000014,False,2526,411,0.16270783847980996,0.17957446369738297,0.23830595700957424,0.6741702906878032,cm032,unaccepted
L6:mapped:28,6,28.0,CL_medial_area_11,CL_area_11m,Cortex,L,mapped,66.00000000000003,False,4224,3065,0.7256155303030303,-0.019227723335525523,-0.010586379767322717,-0.05021124259058867,cm032,unaccepted
L6:mapped:29,6,29.0,CL_lateral_area_11,CL_area_11l,Cortex,L,mapped,72.23437500000003,False,4623,2308,0.49924291585550507,-0.04183398434098931,-0.02110862262185141,-0.0587014142775726,cm032,unaccepted
L6:mapped:31,6,31.0,CL_areas_13a_and_13b,CL_area_13a/b,Cortex,L,mapped,124.10937500000006,False,7943,3644,0.4587687271811658,0.0010432581162886164,-0.010443919996578798,-0.0318476130235855,cm032,unaccepted
L6:mapped:32,6,32.0,CL_medial_area_13,CL_area_13m,Cortex,L,mapped,174.45312500000009,False,11165,8844,0.7921182266009852,-0.03332446625583475,-0.04806937995190369,-0.15201080171840953,cm032,unaccepted
L6:mapped:33,6,33.0,CL_lateral_area_13,CL_area_13l,Cortex,L,mapped,120.60937500000006,False,7719,5433,0.7038476486591527,0.06880548244792266,0.09380437195116156,0.3442923559771018,cm032,unaccepted
L6:mapped:35,6,35.0,CL_medial_area_12,CL_area_12m,Cortex,L,mapped,82.07812500000004,False,5253,3764,0.7165429278507519,0.06125379927790304,0.04915421060029423,0.17709937511104293,cm032,unaccepted
L6:mapped:36,6,36.0,CL_orbital_area_12,CL_area_12o,Cortex,L,mapped,68.65625000000003,False,4394,2268,0.5161583978152026,0.0813178723542132,0.06483695864755269,0.2588518339524622,cm032,unaccepted
L6:mapped:39,6,39.0,CL_medial_agranular_insular_region,CL_Iam/Iapm,Cortex,L,mapped,24.17187500000001,False,1547,281,0.18164188752424046,-0.022046431541205475,0.0030094301762415977,0.014422323688104546,cm032,unaccepted
L6:mapped:41,6,41.0,CL_intermediate_agranular_insula_area,CL_Iai,Cortex,L,mapped,81.48437500000004,False,5215,1981,0.37986577181208053,0.012061658272255003,0.01056523971106671,0.046041391885352,cm032,unaccepted
L6:mapped:42,6,42.0,CL_lateral_agranular_insula_area,CL_Ial,Cortex,L,mapped,47.98437500000002,False,3071,2772,0.9026375773363725,-0.07011755072057307,-0.040666129516879285,-0.12415339344460534,cm032,unaccepted
L6:mapped:43,6,43.0,CL_posterior_lateral_agranular_insula_area,CL_Iapl,Cortex,L,mapped,15.812500000000007,False,1012,1012,1.0,0.08070006673913413,0.12256275474598786,0.4466703113055647,cm032,unaccepted
L6:mapped:45,6,45.0,CL_anterior_olfactory_cortex,CL_AON/TTv,Cortex,L,mapped,25.64062500000001,False,1641,334,0.20353443022547227,-0.05978852769351971,-0.05613985274342629,-0.17747925260187103,cm032,unaccepted
L6:mapped:48,6,48.0,CL_gustatory_cortex,CL_G,Cortex,L,mapped,40.12500000000002,False,2568,2568,1.0,0.09665773474527503,0.09431861897255044,0.3700879517578557,cm032,unaccepted
L6:mapped:49,6,49.0,CL_precentral_operular_area,CL_PrCO,Cortex,L,mapped,95.95312500000004,False,6141,4967,0.8088259241165934,-0.06031450854783795,-0.0011259374845693226,0.013496942395248568,cm032,unaccepted
L6:mapped:52,6,52.0,CL_dorsal_periarcuate_area_8A,CL_area_8Ad,Cortex,L,mapped,75.26562500000003,False,4817,4658,0.9669919036744862,0.11126693343059754,0.11765841353461229,0.4417763953822134,cm032,unaccepted
L6:mapped:53,6,53.0,CL_ventral_periarcuate_area_8A,CL_area_8Av,Cortex,L,mapped,30.359375000000014,False,1943,1942,0.9994853319608852,0.15998562349810483,0.16878709202967457,0.6526864599674262,cm032,unaccepted
L6:mapped:56,6,56.0,CL_dorsal_area_8B,CL_area_8Bd,Cortex,L,mapped,108.01562500000004,False,6913,6808,0.9848112252278316,0.21002520031677707,0.2007903575975632,0.7781108865896988,cm032,unaccepted
L6:mapped:57,6,57.0,CL_medial_area_8B,CL_area_8Bm,Cortex,L,mapped,68.85937500000003,False,4407,4407,1.0,0.408896678294179,0.3632850063053209,1.4279688904163568,cm032,unaccepted
L6:mapped:58,6,58.0,CL_arcuate_sulcus_area_8B,CL_area_8Bs,Cortex,L,mapped,107.28125000000004,False,6866,6789,0.9887853189630061,0.11744819632022326,0.12413648236500252,0.4489672378417737,cm032,unaccepted
L6:mapped:61,6,61.0,CL_dorsal_area_9,CL_area_9d,Cortex,L,mapped,248.4687500000001,False,15902,15091,0.9490001257703433,0.07611474484339391,0.07315771322304206,0.27138856987038695,cm032,unaccepted
L6:mapped:62,6,62.0,CL_medial_area_9,CL_area_9m,Cortex,L,mapped,63.59375000000003,False,4070,4033,0.990909090909091,0.2393003512868814,0.2482640916473785,0.8323135464582849,cm032,unaccepted
L6:mapped:63,6,63.0,CL_dorsal_area_46,CL_area_46d,Cortex,L,mapped,282.5000000000001,False,18080,16568,0.9163716814159292,0.08362851334969941,0.09146179070086924,0.3113587912547123,cm032,unaccepted
L6:mapped:67,6,67.0,CL_area_46_in_fundus_of_the_principal_sulcus,CL_area_46f,Cortex,L,mapped,71.79687500000003,False,4595,4595,1.0,0.09563167952833966,0.08992078525849306,0.29253838848291513,cm032,unaccepted
L6:mapped:68,6,68.0,CL_ventral_area_46,CL_area_46v,Cortex,L,mapped,244.9218750000001,False,15675,13416,0.8558851674641148,0.07289932401773382,0.07469152267332241,0.2698694905840343,cm032,unaccepted
L6:mapped:70,6,70.0,CL_lateral_area_12,CL_area_12l,Cortex,L,mapped,61.20312500000003,False,3917,1885,0.48123563952004084,0.13797300784649444,0.10965278661975597,0.44441614672880975,cm032,unaccepted
L6:mapped:71,6,71.0,CL_rostral_area_12,CL_area_12r,Cortex,L,mapped,88.03125000000004,False,5634,1755,0.31150159744408945,-0.02569848815820175,-0.021632739619398676,-0.08402542218854114,cm032,unaccepted
L6:mapped:74,6,74.0,CL_area_45a,CL_area_45a,Cortex,L,mapped,90.45312500000004,False,5789,4898,0.8460874071514942,0.05373065459550181,0.06477075039644775,0.2531236319510261,cm032,unaccepted
L6:mapped:75,6,75.0,CL_area_45b,CL_area_45b,Cortex,L,mapped,75.09375000000003,False,4806,4804,0.9995838535164377,0.07174173413015397,0.08554101572294222,0.33244189304706195,cm032,unaccepted
L6:mapped:76,6,76.0,CL_area_44,CL_area_44,Cortex,L,mapped,49.35937500000002,False,3159,3159,1.0,0.06712503791785958,0.072628270183039,0.2875961984821511,cm032,unaccepted
L6:mapped:79,6,79.0,CL_primary_motor_cortex,CL_M1,Cortex,L,mapped,762.1250000000003,False,48776,48772,0.9999179924553059,-0.026232006187551227,-0.0016770112958521693,-0.005148768142029522,cm032,unaccepted
L6:mapped:82,6,82.0,CL_caudal_dorsal_premotor_cortex,CL_PMdc,Cortex,L,mapped,687.1875000000003,False,43980,43458,0.9881309686221009,0.05525803029816256,0.05278418420281483,0.2189973671514809,cm032,unaccepted
L6:mapped:83,6,83.0,CL_rostral_dorsal_premotor_cortex,CL_PMdr,Cortex,L,mapped,80.56250000000004,False,5156,5068,0.9829325058184639,0.22650346240149738,0.20153208880341206,0.7571042328295023,cm032,unaccepted
L6:mapped:85,6,85.0,CL_area_F4_of_ventral_premotor_cortex,CL_F4,Cortex,L,mapped,266.5937500000001,False,17062,17051,0.9993552924627828,0.0749650698191266,0.0697858610721479,0.2937506916049323,cm032,unaccepted
L6:mapped:86,6,86.0,CL_area_F5_of_ventral_premotor_cortex,CL_F5,Cortex,L,mapped,434.01562500000017,False,27777,26522,0.9548187349245779,0.03827887400558554,0.03049874146405239,0.1230033801474325,cm032,unaccepted
L6:mapped:88,6,88.0,CL_presupplementary_motor_area,CL_preSMA,Cortex,L,mapped,115.06250000000006,False,7364,7364,1.0,0.16081667223272206,0.09558194698154887,0.32813785190578754,cm032,unaccepted
L6:mapped:89,6,89.0,CL_supplementary_motor_area,CL_SMA,Cortex,L,mapped,196.45312500000009,False,12573,12480,0.9926031973276068,-0.1204020366568011,-0.05778701617732851,-0.1878103387443577,cm032,unaccepted
L6:mapped:93,6,93.0,CL_areas_3a_and_3b,CL_area_3a/b,Cortex,L,mapped,245.3906250000001,False,15705,15705,1.0,0.03857773091926072,0.04027235436102486,0.16915890169223877,cm032,unaccepted
L6:mapped:94,6,94.0,CL_areas_1-2,CL_areas_1-2,Cortex,L,mapped,655.2968750000003,False,41939,41787,0.9963756884999643,0.021634329821239296,0.02276324560184001,0.09427792735450163,cm032,unaccepted
L6:mapped:95,6,95.0,CL_secondary_somatosensory_cortex,CL_SII,Cortex,L,mapped,285.3125000000001,False,18260,18260,1.0,0.1360921974540516,0.1337818838661139,0.5185636398014594,cm032,unaccepted
L6:mapped:98,6,98.0,CL_visual_area_V6,CL_V6,Cortex,L,mapped,37.437500000000014,False,2396,2396,1.0,-0.19483561293704588,-0.20649645077295858,-0.7619669644820415,cm032,unaccepted
L6:mapped:100,6,100.0,CL_ventral_visual_area_6A,CL_V6Av,Cortex,L,mapped,34.000000000000014,False,2176,2176,1.0,-0.2217160270715615,-0.2485180924672833,-0.8519801990741428,cm032,unaccepted
L6:mapped:101,6,101.0,CL_dorsal_visual_area_6A,CL_V6Ad,Cortex,L,mapped,24.10937500000001,False,1543,1543,1.0,-0.0044690851383040135,0.008811690032831547,0.0444586502400047,cm032,unaccepted
L6:mapped:104,6,104.0,CL_areas_PEc_and_PEci,CL_PEc/PEci,Cortex,L,mapped,149.70312500000006,False,9581,9581,1.0,-0.12478889106520884,-0.12462641503679558,-0.4881883829542448,cm032,unaccepted
L6:mapped:105,6,105.0,CL_area_PE,CL_PE,Cortex,L,mapped,102.78125000000004,False,6578,6578,1.0,-0.0066071067244956455,0.008880184996047986,0.03818931897056767,cm032,unaccepted
L6:mapped:106,6,106.0,CL_area_PEa,CL_PEa,Cortex,L,mapped,194.45312500000009,False,12445,12445,1.0,0.03869646612777796,0.03404872090260703,0.13297908403769731,cm032,unaccepted
L6:mapped:108,6,108.0,CL_medial_intraparietal_area,CL_MIP,Cortex,L,mapped,159.53125000000006,False,10210,10210,1.0,-0.05499221556608953,-0.052657058564405224,-0.18248465843229994,cm032,unaccepted
L6:mapped:110,6,110.0,CL_ventral_intraparietal_area,CL_VIP,Cortex,L,mapped,119.62500000000006,False,7656,7656,1.0,0.02725951289843717,0.03145508847472116,0.12057419758066061,cm032,unaccepted
L6:mapped:111,6,111.0,CL_posterior_intraparietal_area,CL_PIP,Cortex,L,mapped,30.625000000000014,False,1960,1960,1.0,-0.15079945115727444,-0.14042729015885114,-0.553421009472158,cm032,unaccepted
L6:mapped:114,6,114.0,CL_anterior_intraparietal_area,CL_AIP,Cortex,L,mapped,42.20312500000002,False,2701,2701,1.0,0.10079276471746769,0.0573951692159575,0.23216536644551966,cm032,unaccepted
L6:mapped:116,6,116.0,CL_dorsal_lateral_intraparietal_area,CL_LIPd,Cortex,L,mapped,158.54687500000006,False,10147,10147,1.0,-0.050390853171549996,-0.046672694021087854,-0.18774737758936114,cm032,unaccepted
L6:mapped:117,6,117.0,CL_ventral_lateral_intraparietal_area,CL_LIPv,Cortex,L,mapped,109.73437500000004,False,7023,7023,1.0,0.023111456355407373,0.005579273175407934,0.021932729600740164,cm032,unaccepted
L6:mapped:118,6,118.0,CL_lateral_occipital_parietal_area,CL_LOP,Cortex,L,mapped,22.51562500000001,False,1441,1441,1.0,-0.03892709374197217,-0.03821292809826561,-0.1380963090155256,cm032,unaccepted
L6:mapped:119,6,119.0,CL_medial_superior_temporal_area,CL_MST,Cortex,L,mapped,150.20312500000006,False,9613,9613,1.0,-0.11896213668958595,-0.1357030079246871,-0.5163466259427335,cm032,unaccepted
L6:mapped:122,6,122.0,CL_caudal_inferior_parietal_lobule_area_7a_(Opt/PG),CL_area_7a,Cortex,L,mapped,295.5781250000001,False,18917,18723,0.989744674102659,-0.03308749752602889,-0.026082172949743007,-0.09885924598359686,cm032,unaccepted
L6:mapped:123,6,123.0,CL_rostral_inferior_parietal_lobule_area_7b_(PFG/PF),CL_area_7b,Cortex,L,mapped,97.59375000000004,False,6246,5648,0.904258725584374,0.04990282799328954,0.02122580040196566,0.08559607583527556,cm032,unaccepted
L6:mapped:124,6,124.0,CL_parietal_operculum,CL_area_7op,Cortex,L,mapped,167.64062500000009,False,10729,10721,0.9992543573492404,0.2163821948144411,0.14464675618031528,0.5615787430344927,cm032,unaccepted
L6:mapped:126,6,126.0,CL_area_7_(PGm)_on_the_medial_wall,CL_area_7m,Cortex,L,mapped,183.04687500000009,False,11715,11688,0.9976952624839949,-0.13784550590814468,-0.11362580687007709,-0.4164306934157199,cm032,unaccepted
L6:mapped:129,6,129.0,CL_area_31,CL_area_31,Cortex,L,mapped,63.62500000000003,False,4072,4072,1.0,0.0006107790233716309,0.016666643167339935,0.06238677336666161,cm032,unaccepted
L6:mapped:131,6,131.0,CL_area_23a,CL_area_23a,Cortex,L,mapped,36.453125000000014,False,2333,2268,0.9721388769824261,1.049796018110821,0.5395601024568999,1.4565090196438768,cm032,unaccepted
L6:mapped:132,6,132.0,CL_area_23b,CL_area_23b,Cortex,L,mapped,115.29687500000006,False,7379,7378,0.999864480281881,0.7472285082716942,0.2595665732737733,0.7089706071301001,cm032,unaccepted
L6:mapped:133,6,133.0,CL_area_23c,CL_area_23c,Cortex,L,mapped,145.06250000000006,False,9284,9284,1.0,-0.006552221918155181,0.010835770545884594,0.030866357966172098,cm032,unaccepted
L6:mapped:134,6,134.0,CL_area_v23,CL_area_v23,Cortex,L,mapped,103.89062500000004,False,6649,6540,0.9836065573770492,-0.08890483891550438,-0.05496992866140571,-0.1814697327353717,cm032,unaccepted
L6:mapped:136,6,136.0,CL_area_29,CL_area_29,Cortex,L,mapped,21.65625000000001,False,1386,1386,1.0,-0.005372868403690783,-0.004506922517110337,-0.024360550171879533,cm032,unaccepted
L6:mapped:137,6,137.0,CL_area_30,CL_area_30,Cortex,L,mapped,23.14062500000001,False,1481,1476,0.9966239027683997,-0.027941853757988903,-0.007035080846723156,-0.07327637871378875,cm032,unaccepted
L6:mapped:150,6,150.0,CL_area_TFO,CL_TFO,Cortex,L,mapped,65.18750000000003,False,4172,690,0.1653883029721956,-0.10963179901967333,-0.08989095469456096,-0.3777175475334318,cm032,unaccepted
L6:mapped:151,6,151.0,CL_area_TF,CL_TF,Cortex,L,mapped,73.56250000000003,False,4708,5,0.0010620220900594733,-0.02129287757789409,-0.022320950678136383,-0.09123937637936354,cm032,unaccepted
L6:mapped:152,6,152.0,CL_area_TH,CL_TH,Cortex,L,mapped,4.437500000000002,False,284,1,0.0035211267605633804,-0.03339593844492148,-0.03339593844492148,-0.13650962457897647,cm032,unaccepted
L6:mapped:156,6,156.0,CL_caudal_division_of_entorhinal_cortex,CL_EC,Cortex,L,mapped,41.98437500000002,False,2687,0,0.0,,,,cm032,unaccepted
L6:mapped:157,6,157.0,CL_caudal_limiting_division_of_entorhinal_cortex,CL_ECL,Cortex,L,mapped,8.687500000000004,False,556,0,0.0,,,,cm032,unaccepted
L6:mapped:158,6,158.0,CL_middle_entorhinal_cortex,CL_mid_ERh,Cortex,L,mapped,31.984375000000014,False,2047,249,0.12164142647777235,-0.13459964219981413,-0.13657679367850042,-0.29219437625282474,cm032,unaccepted
L6:mapped:159,6,159.0,CL_rostral_entorhinal_cortex,CL_rostral_ERh,Cortex,L,mapped,47.82812500000002,False,3061,1066,0.34825220516171185,0.7904861375409781,0.8504762593254318,1.3847473479253076,cm032,unaccepted
L6:mapped:161,6,161.0,CL_area_35,CL_area_35,Cortex,L,mapped,34.593750000000014,False,2214,583,0.26332429990966577,0.6185867116639131,0.7088690069798531,1.114303152828388,cm032,unaccepted
L6:mapped:163,6,163.0,CL_caudal_area_36,CL_area_36c,Cortex,L,mapped,53.96875000000002,False,3454,204,0.05906195715112913,-0.08903640193934972,0.01718599616901475,0.10706625873966054,cm032,unaccepted
L6:mapped:164,6,164.0,CL_rostral_and_polar_area_36,CL_area_36r/p,Cortex,L,mapped,61.18750000000003,False,3916,208,0.05311542390194075,-0.06706372277998102,-0.14653032101915692,-0.44554011156057804,cm032,unaccepted
L6:mapped:166,6,166.0,CL_agranular_temporal_pole,CL_TGa,Cortex,L,mapped,76.29687500000003,False,4883,3250,0.6655744419414295,0.12020224591744566,0.09866205840872283,0.36019811653980427,cm032,unaccepted
L6:mapped:169,6,169.0,CL_dorsal_dysgranular_temporal_pole,CL_TGdd,Cortex,L,mapped,70.73437500000003,False,4527,2769,0.6116633532140491,-0.05463022109184594,-0.018049533789643177,-0.07137939097074372,cm032,unaccepted
L6:mapped:170,6,170.0,CL_ventral_dysgranular_temporal_pole,CL_TGvd,Cortex,L,mapped,21.12500000000001,False,1352,455,0.33653846153846156,0.18741777423888192,0.08247880736026772,0.2919462335646524,cm032,unaccepted
L6:mapped:172,6,172.0,CL_dorsal_granular_temporal_pole,CL_TGdg,Cortex,L,mapped,52.21875000000002,False,3342,1053,0.31508078994614,0.02884977303208194,0.03163138928533656,0.1264837198422466,cm032,unaccepted
L6:mapped:173,6,173.0,CL_ventral_granular_temporal_pole,CL_TGvg,Cortex,L,mapped,16.859375000000007,False,1079,96,0.08897126969416126,0.003528543588362757,-0.02923965589376734,-0.0949856381891217,cm032,unaccepted
L6:mapped:174,6,174.0,CL_sts_part_of_temporal_pole,CL_TGsts,Cortex,L,mapped,78.28125000000003,False,5010,2234,0.44590818363273454,0.1250533765143288,0.07528500194210005,0.2817937843942291,cm032,unaccepted
L6:mapped:176,6,176.0,CL_area_TEO,CL_TEO,Cortex,L,mapped,284.3437500000001,False,18198,3828,0.2103527860204418,0.034717076084234334,0.048616519939930644,0.21597219398947426,cm032,unaccepted
L6:mapped:180,6,180.0,CL_posterior_ventral_area_TE,CL_TEpv,Cortex,L,mapped,206.85937500000009,False,13239,288,0.021753908905506457,-0.061761464681163725,-0.048562814887817315,-0.21751320620233444,cm032,unaccepted
L6:mapped:181,6,181.0,CL_posterior_dorsal_area_TE,CL_TEpd,Cortex,L,mapped,248.0312500000001,False,15874,2501,0.15755323169963462,-0.009632927006424628,-0.024367999762781044,-0.10478136055138954,cm032,unaccepted
L6:mapped:183,6,183.0,CL_anterior_ventral_area_TE,CL_TEav,Cortex,L,mapped,255.0781250000001,False,16325,3210,0.19663093415007657,0.07553322179887179,0.0702185597314671,0.21363706515185188,cm032,unaccepted
L6:mapped:184,6,184.0,CL_anterior_dorsal_area_TE,CL_TEad,Cortex,L,mapped,164.34375000000009,False,10518,1993,0.18948469290739683,-0.1474214780248037,-0.05978496013266108,-0.23849253686437033,cm032,unaccepted
L6:mapped:186,6,186.0,CL_area_TEm,CL_TEm,Cortex,L,mapped,212.89062500000009,False,13625,9351,0.6863119266055046,-0.10854968567997846,-0.08740280790420984,-0.34780791212694023,cm032,unaccepted
L6:mapped:187,6,187.0,CL_area_TEa,CL_TEa,Cortex,L,mapped,88.18750000000004,False,5644,5334,0.945074415308292,0.07070211101687479,0.0235607980401961,0.0796886563690711,cm032,unaccepted
L6:mapped:190,6,190.0,CL_area_IPa,CL_IPa,Cortex,L,mapped,200.31250000000009,False,12820,11024,0.8599063962558502,0.1456605503905516,0.10959963702381037,0.45148420193775696,cm032,unaccepted
L6:mapped:191,6,191.0,CL_area_PGa,CL_PGa,Cortex,L,mapped,132.50000000000006,False,8480,8480,1.0,0.012637382363935943,0.027733675863290036,0.10624422127444437,cm032,unaccepted
L6:mapped:192,6,192.0,CL_floor_of_the_superior_temporal_area,CL_FST,Cortex,L,mapped,92.34375000000004,False,5910,4511,0.7632825719120135,-0.05365866632151666,-0.04375112847221081,-0.1819157058849432,cm032,unaccepted
L6:mapped:196,6,196.0,CL_temporal_parietooccipital_associated_area,CL_TPO,Cortex,L,mapped,280.6406250000001,False,17961,17947,0.9992205333778743,0.02494732766066994,0.02444822350689328,0.10074352893091429,cm032,unaccepted
L6:mapped:197,6,197.0,CL_area_TAa,CL_TAa,Cortex,L,mapped,171.23437500000009,False,10959,7865,0.7176749703440095,-0.0035867694091856026,-0.00694824691515826,-0.03152830134922491,cm032,unaccepted
L6:mapped:198,6,198.0,CL_rostral_superior_temporal_gyrus,CL_STGr,Cortex,L,mapped,141.93750000000006,False,9084,5362,0.5902686041391457,-0.007980383508844526,-0.014355972463182277,-0.06224738217228057,cm032,unaccepted
L6:mapped:200,6,200.0,CL_temporo-parietal_area,CL_Tpt,Cortex,L,mapped,97.45312500000004,False,6237,6200,0.9940676607343274,-0.20183739125445585,-0.20984281291860413,-0.8194035065123668,cm032,unaccepted
L6:mapped:202,6,202.0,CL_caudal_parabelt_region,CL_CPB,Cortex,L,mapped,91.32812500000004,False,5845,2841,0.48605645851154833,-0.13220885494407641,-0.09156347038903684,-0.3707095167367141,cm032,unaccepted
L6:mapped:203,6,203.0,CL_rostral_parabelt_region,CL_RPB,Cortex,L,mapped,71.53125000000003,False,4578,3059,0.6681957186544343,0.10545839543646038,0.11961737900151898,0.4767320198956179,cm032,unaccepted
L6:mapped:208,6,208.0,CL_caudal_lateral_belt_region,CL_CL,Cortex,L,mapped,27.81250000000001,False,1780,1780,1.0,-0.183425997165073,-0.11699099946924194,-0.4174853658195735,cm032,unaccepted
L6:mapped:209,6,209.0,CL_middle_lateral_belt_region,CL_ML,Cortex,L,mapped,35.328125000000014,False,2261,2093,0.9256965944272446,0.009260690670762102,-0.0015532892256672204,-0.017121514055435317,cm032,unaccepted
L6:mapped:211,6,211.0,CL_anterior_lateral_belt_region,CL_AL,Cortex,L,mapped,93.21875000000004,False,5966,5892,0.9875963794837412,0.009499375352759035,0.031992286053424746,0.12915160279419016,cm032,unaccepted
L6:mapped:212,6,212.0,CL_lateral_rostrotemporal_belt_region,CL_RTL,Cortex,L,mapped,32.531250000000014,False,2082,2041,0.9803073967339097,0.07929133991986605,0.06753127207037601,0.2756705172613263,cm032,unaccepted
L6:mapped:214,6,214.0,CL_caudomedial_belt_region,CL_CM,Cortex,L,mapped,60.00000000000003,False,3840,3840,1.0,0.012009844786802438,0.016404149820390568,0.06038816154411764,cm032,unaccepted
L6:mapped:216,6,216.0,CL_rostromedial_belt_region,CL_RM,Cortex,L,mapped,47.87500000000002,False,3064,3064,1.0,0.06143733250957891,0.06038513730579166,0.24013696998253925,cm032,unaccepted
L6:mapped:217,6,217.0,CL_medial_rostrotemporal_belt_region,CL_RTM,Cortex,L,mapped,20.10937500000001,False,1287,1287,1.0,0.26704826328924636,0.25256467512954045,0.9486948369578547,cm032,unaccepted
L6:mapped:218,6,218.0,CL_polar_rostrotemporal_cortex,CL_RTp,Cortex,L,mapped,28.031250000000014,False,1794,1785,0.9949832775919732,0.08671187434335254,0.10657219775974158,0.4380741660889527,cm032,unaccepted
L6:mapped:221,6,221.0,CL_rostral_core_region,CL_R,Cortex,L,mapped,53.67187500000002,False,3435,3435,1.0,0.005974821013634033,0.01218058778279188,0.033428351472319706,cm032,unaccepted
L6:mapped:222,6,222.0,CL_rostrotemporal_core_region,CL_RT,Cortex,L,mapped,16.062500000000007,False,1028,1028,1.0,0.13852790010121852,0.13783095197464793,0.5580640300713307,cm032,unaccepted
L6:mapped:223,6,223.0,CL_primary_auditory_cortex,CL_AI,Cortex,L,mapped,89.50000000000004,False,5728,5728,1.0,0.0499716154037038,0.033384274227837726,0.13174656270957974,cm032,unaccepted
L6:mapped:226,6,226.0,CL_parainsula,CL_Pi,Cortex,L,mapped,27.28125000000001,False,1746,1746,1.0,0.10154753969091121,0.09285596430200281,0.3643169451891797,cm032,unaccepted
L6:mapped:228,6,228.0,CL_agranular_and_dysgranular_insula,CL_Ia/Id,Cortex,L,mapped,164.56250000000009,False,10532,10532,1.0,-0.029025176595706418,-0.02751243198093795,-0.10132774465909611,cm032,unaccepted
L6:mapped:229,6,229.0,CL_granular_insula,CL_Ig,Cortex,L,mapped,96.34375000000004,False,6166,6166,1.0,0.0029237855223616664,-0.009658161021087987,-0.040621185370167345,cm032,unaccepted
L6:mapped:230,6,230.0,CL_retroinsula,CL_Ri,Cortex,L,mapped,15.109375000000007,False,967,967,1.0,-0.06490214656604952,-0.0325837737026953,-0.1385959335092415,cm032,unaccepted
L6:mapped:232,6,232.0,CL_middle_temporal_area,CL_MT,Cortex,L,mapped,94.67187500000004,False,6059,6059,1.0,-0.039321822855262444,-0.034322356716870006,-0.13402495699249084,cm032,unaccepted
L6:mapped:235,6,235.0,CL_dorsal_visual_area_4,CL_V4d,Cortex,L,mapped,466.4218750000002,False,29851,27418,0.9184951927908612,-0.11614953560599106,-0.11626638063916997,-0.4425036352027442,cm032,unaccepted
L6:mapped:236,6,236.0,CL_ventral_visual_area_4,CL_V4v,Cortex,L,mapped,298.5625000000001,False,19108,916,0.047938036424534224,0.13603730993691768,0.09909317694510894,0.3420289856988979,cm032,unaccepted
L6:mapped:240,6,240.0,CL_visual_area_V3A,CL_V3A,Cortex,L,mapped,139.21875000000006,False,8910,8910,1.0,-0.14702692425163028,-0.13206405402540586,-0.4932826852442318,cm032,unaccepted
L6:mapped:241,6,241.0,CL_dorsal_visual_area_3,CL_V3d,Cortex,L,mapped,151.98437500000006,False,9727,9727,1.0,-0.12433029632697185,-0.12203714648772318,-0.45906117429467885,cm032,unaccepted
L6:mapped:242,6,242.0,CL_ventral_visual_area_3,CL_V3v,Cortex,L,mapped,224.7968750000001,False,14387,7063,0.49092931118370753,0.031297789801570296,0.006008540315351252,0.0187567905881319,cm032,unaccepted
L6:mapped:244,6,244.0,CL_possibly_part_of_visual_area_2,CL_possibly_V2,Cortex,L,mapped,30.281250000000014,False,1938,1938,1.0,-0.05141385908528303,-0.011934660099277905,-0.015885812594418576,cm032,unaccepted
L6:mapped:245,6,245.0,CL_clearly_part_of_visual_area_2,CL_clearly_V2,Cortex,L,mapped,1545.0937500000007,False,98886,82254,0.8318063224318912,-0.1488634960929228,-0.11846563718055199,-0.4460174525771349,cm032,unaccepted
L6:mapped:246,6,246.0,CL_primary_visual_cortex,CL_V1,Cortex,L,mapped,1965.546875000001,False,125795,102150,0.8120354545093207,-0.17358036372902255,-0.1454740704344235,-0.545141243720908,cm032,unaccepted
L6:mapped:504,6,504.0,CR_area_32,CR_area_32,Cortex,R,mapped,91.60937500000004,False,5863,5863,1.0,0.6205974862301566,0.571399805343702,1.587738630860609,cm032,unaccepted
L6:mapped:505,6,505.0,CR_subgenual_cortex,CR_area_25,Cortex,R,mapped,32.890625000000014,False,2105,1685,0.8004750593824228,1.0554299974695265,1.045141686878472,2.6528113165395446,cm032,unaccepted
L6:mapped:508,6,508.0,CR_area_24a,CR_area_24a,Cortex,R,mapped,16.890625000000007,False,1081,1081,1.0,0.0362497196051143,-0.07286431458468631,-0.2686977497398648,cm032,unaccepted
L6:mapped:509,6,509.0,CR_area_24b,CR_area_24b,Cortex,R,mapped,76.09375000000003,False,4870,4870,1.0,0.12560940064653553,0.08915920077958556,0.3262147375300397,cm032,unaccepted
L6:mapped:510,6,510.0,CR_area_24c,CR_area_24c,Cortex,R,mapped,196.90625000000009,False,12602,12602,1.0,0.2500655554093008,0.24355069150301406,0.8811217925360164,cm032,unaccepted
L6:mapped:513,6,513.0,CR_area_24a',CR_area_24a_prime,Cortex,R,mapped,16.656250000000007,False,1066,1066,1.0,0.07117988416673973,0.10375525682424938,0.4061262340789171,cm032,unaccepted
L6:mapped:514,6,514.0,CR_area_24b',CR_area_24b_prime,Cortex,R,mapped,56.04687500000003,False,3587,3587,1.0,-0.01591615242446497,-0.015451848558332398,-0.06551655478152574,cm032,unaccepted
L6:mapped:515,6,515.0,CR_area_24c',CR_area_24c_prime,Cortex,R,mapped,115.67187500000006,False,7403,7403,1.0,0.06833501355813158,0.06720258846673643,0.2785052274821468,cm032,unaccepted
L6:mapped:519,6,519.0,CR_rostral_medial_frontal_pole,CR_area_10mr,Cortex,R,mapped,105.60937500000004,False,6759,6147,0.9094540612516645,0.3222167707684555,0.32552446702210597,1.038289589359074,cm032,unaccepted
L6:mapped:520,6,520.0,CR_caudal_medial_frontal_pole,CR_area_10mc,Cortex,R,mapped,81.95312500000004,False,5245,4751,0.905815061963775,0.5181066458169633,0.5087658624570868,1.5780703305008592,cm032,unaccepted
L6:mapped:521,6,521.0,CR_orbital_frontal_pole,CR_area_10o,Cortex,R,mapped,47.73437500000002,False,3055,1913,0.6261865793780688,0.5009923841507042,0.49312609880773506,1.6189150918006145,cm032,unaccepted
L6:mapped:523,6,523.0,CR_rostral_gyrus_rectus,CR_area_14r,Cortex,R,mapped,30.843750000000014,False,1974,367,0.18591691995947315,0.29556191219856137,0.27605879864035426,0.8128901695200644,cm032,unaccepted
L6:mapped:524,6,524.0,CR_caudal_gyrus_rectus,CR_area_14c,Cortex,R,mapped,39.468750000000014,False,2526,406,0.16072842438638163,0.4864085039018159,0.4582550338868001,1.3886514382960375,cm032,unaccepted
L6:mapped:528,6,528.0,CR_medial_area_11,CR_area_11m,Cortex,R,mapped,66.00000000000003,False,4224,2368,0.5606060606060606,0.3148457493165985,0.3184533710286753,0.9618804604565913,cm032,unaccepted
L6:mapped:529,6,529.0,CR_lateral_area_11,CR_area_11l,Cortex,R,mapped,72.23437500000003,False,4623,1880,0.40666234047155525,0.9598070198411953,0.9172629006060886,2.917216659986938,cm032,unaccepted
L6:mapped:531,6,531.0,CR_areas_13a_and_13b,CR_area_13a/b,Cortex,R,mapped,124.10937500000006,False,7943,2713,0.34155860506106006,0.25880404006374774,0.23284180850406122,0.7719542332229682,cm032,unaccepted
L6:mapped:532,6,532.0,CR_medial_area_13,CR_area_13m,Cortex,R,mapped,174.45312500000009,False,11165,7509,0.6725481415136587,0.6174635063901945,0.62107027928251,1.9972574477624776,cm032,unaccepted
L6:mapped:533,6,533.0,CR_lateral_area_13,CR_area_13l,Cortex,R,mapped,120.60937500000006,False,7719,4533,0.5872522347454333,1.7710475985810716,1.4829872644538482,4.6670037194977025,cm032,unaccepted
L6:mapped:535,6,535.0,CR_medial_area_12,CR_area_12m,Cortex,R,mapped,82.07812500000004,False,5253,1778,0.3384732533790215,0.9296530589060316,0.8811782072096415,2.7092152781057983,cm032,unaccepted
L6:mapped:536,6,536.0,CR_orbital_area_12,CR_area_12o,Cortex,R,mapped,68.65625000000003,False,4394,1450,0.3299954483386436,2.586572085672796,2.645896253901574,10.486800470478968,cm032,unaccepted
L6:mapped:539,6,539.0,CR_medial_agranular_insular_region,CR_Iam/Iapm,Cortex,R,mapped,24.17187500000001,False,1547,148,0.09566903684550743,0.15522183755871719,0.044095677782544224,0.12488608635376809,cm032,unaccepted
L6:mapped:541,6,541.0,CR_intermediate_agranular_insula_area,CR_Iai,Cortex,R,mapped,81.48437500000004,False,5215,2371,0.45465004793863856,3.464939703146501,3.358059323148089,12.094824408436903,cm032,unaccepted
L6:mapped:542,6,542.0,CR_lateral_agranular_insula_area,CR_Ial,Cortex,R,mapped,47.98437500000002,False,3071,2325,0.7570823835884077,5.189987737367138,5.3211765667694015,11.73117387191577,cm032,unaccepted
L6:mapped:543,6,543.0,CR_posterior_lateral_agranular_insula_area,CR_Iapl,Cortex,R,mapped,15.812500000000007,False,1012,1012,1.0,3.524753892183122,3.2466212517999713,10.339685743140873,cm032,unaccepted
L6:mapped:545,6,545.0,CR_anterior_olfactory_cortex,CR_AON/TTv,Cortex,R,mapped,25.64062500000001,False,1641,593,0.36136502132845827,0.23470096449991465,0.23539037185248926,0.7330849239000738,cm032,unaccepted
L6:mapped:548,6,548.0,CR_gustatory_cortex,CR_G,Cortex,R,mapped,40.12500000000002,False,2568,2565,0.9988317757009346,2.0323403739190646,1.928910877434112,7.303051306051394,cm032,unaccepted
L6:mapped:549,6,549.0,CR_precentral_operular_area,CR_PrCO,Cortex,R,mapped,95.95312500000004,False,6141,3722,0.6060902133203061,2.9991992668493865,2.7934615518171007,10.08632907610058,cm032,unaccepted
L6:mapped:552,6,552.0,CR_dorsal_periarcuate_area_8A,CR_area_8Ad,Cortex,R,mapped,75.26562500000003,False,4817,4219,0.8758563421216525,0.09505531814291265,0.10036699164978506,0.38565175513024147,cm032,unaccepted
L6:mapped:553,6,553.0,CR_ventral_periarcuate_area_8A,CR_area_8Av,Cortex,R,mapped,30.359375000000014,False,1943,1943,1.0,0.2634694347830073,0.22458302265735974,0.8346754413937275,cm032,unaccepted
L6:mapped:556,6,556.0,CR_dorsal_area_8B,CR_area_8Bd,Cortex,R,mapped,108.01562500000004,False,6913,6267,0.9065528714017069,0.28139982886908776,0.17922808712097144,0.72176404200495,cm032,unaccepted
L6:mapped:557,6,557.0,CR_medial_area_8B,CR_area_8Bm,Cortex,R,mapped,68.85937500000003,False,4407,4407,1.0,0.4480460428508546,0.4172084931635564,1.5889638984055143,cm032,unaccepted
L6:mapped:558,6,558.0,CR_arcuate_sulcus_area_8B,CR_area_8Bs,Cortex,R,mapped,107.28125000000004,False,6866,6760,0.9845616079230993,0.06792975258245647,0.07444439594497414,0.268464285683125,cm032,unaccepted
L6:mapped:561,6,561.0,CR_dorsal_area_9,CR_area_9d,Cortex,R,mapped,248.4687500000001,False,15902,14353,0.9025908690730726,0.1316388795940627,0.11531448008731543,0.42511676519291675,cm032,unaccepted
L6:mapped:562,6,562.0,CR_medial_area_9,CR_area_9m,Cortex,R,mapped,63.59375000000003,False,4070,4070,1.0,0.3338236239211478,0.33020777869679424,1.1519125347216483,cm032,unaccepted
L6:mapped:563,6,563.0,CR_dorsal_area_46,CR_area_46d,Cortex,R,mapped,282.5000000000001,False,18080,14624,0.8088495575221238,0.2684966299597814,0.2586392754737089,0.9031487486465914,cm032,unaccepted
L6:mapped:567,6,567.0,CR_area_46_in_fundus_of_the_principal_sulcus,CR_area_46f,Cortex,R,mapped,71.79687500000003,False,4595,4586,0.9980413492927095,0.5577145626504727,0.4670365782258452,1.5948200101299235,cm032,unaccepted
L6:mapped:568,6,568.0,CR_ventral_area_46,CR_area_46v,Cortex,R,mapped,244.9218750000001,False,15675,13014,0.8302392344497608,0.573101561453061,0.4674323730809249,1.7187836669136192,cm032,unaccepted
L6:mapped:570,6,570.0,CR_lateral_area_12,CR_area_12l,Cortex,R,mapped,61.20312500000003,False,3917,1267,0.32346183303548637,0.9046987343683077,0.6754775692753806,2.5750817462869495,cm032,unaccepted
L6:mapped:571,6,571.0,CR_rostral_area_12,CR_area_12r,Cortex,R,mapped,88.03125000000004,False,5634,1863,0.3306709265175719,0.25078437950871113,0.25237374668431817,0.9188522995767358,cm032,unaccepted
L6:mapped:574,6,574.0,CR_area_45a,CR_area_45a,Cortex,R,mapped,90.45312500000004,False,5789,5232,0.9037830367939195,0.7695704808130952,0.6680914461732983,2.6716676154719,cm032,unaccepted
L6:mapped:575,6,575.0,CR_area_45b,CR_area_45b,Cortex,R,mapped,75.09375000000003,False,4806,4582,0.953391593841032,0.5587757342500548,0.46614409275818,1.8211429351231032,cm032,unaccepted
L6:mapped:576,6,576.0,CR_area_44,CR_area_44,Cortex,R,mapped,49.35937500000002,False,3159,2892,0.9154795821462488,1.4134257612660874,1.1746519772882653,4.759913733649311,cm032,unaccepted
L6:mapped:579,6,579.0,CR_primary_motor_cortex,CR_M1,Cortex,R,mapped,762.1250000000003,False,48776,47535,0.9745571592586518,0.09113483526371147,0.07023528072379773,0.2861042734264463,cm032,unaccepted
L6:mapped:582,6,582.0,CR_caudal_dorsal_premotor_cortex,CR_PMdc,Cortex,R,mapped,687.1875000000003,False,43980,41249,0.9379035925420646,0.07010433312137694,0.06797159210396411,0.2803717702965264,cm032,unaccepted
L6:mapped:583,6,583.0,CR_rostral_dorsal_premotor_cortex,CR_PMdr,Cortex,R,mapped,80.56250000000004,False,5156,4654,0.9026377036462374,0.10936709224091802,0.10808038573460538,0.4231032572734634,cm032,unaccepted
L6:mapped:585,6,585.0,CR_area_F4_of_ventral_premotor_cortex,CR_F4,Cortex,R,mapped,266.5937500000001,False,17062,16617,0.9739186496307584,0.39173575940235095,0.3864473249487258,1.5405978343001414,cm032,unaccepted
L6:mapped:586,6,586.0,CR_area_F5_of_ventral_premotor_cortex,CR_F5,Cortex,R,mapped,434.01562500000017,False,27777,22993,0.8277711775929726,0.7763964042953921,0.605165618391312,2.3029927146603946,cm032,unaccepted
L6:mapped:588,6,588.0,CR_presupplementary_motor_area,CR_preSMA,Cortex,R,mapped,115.06250000000006,False,7364,7364,1.0,0.303145140690134,0.2820865477376574,1.1319523961113696,cm032,unaccepted
L6:mapped:589,6,589.0,CR_supplementary_motor_area,CR_SMA,Cortex,R,mapped,196.45312500000009,False,12573,12545,0.9977730056470214,0.0400935789211371,0.04114996225432395,0.1698362271801308,cm032,unaccepted
L6:mapped:593,6,593.0,CR_areas_3a_and_3b,CR_area_3a/b,Cortex,R,mapped,245.3906250000001,False,15705,15697,0.9994906080865966,0.2753861852017912,0.21044175743044496,0.8446381994191383,cm032,unaccepted
L6:mapped:594,6,594.0,CR_areas_1-2,CR_areas_1-2,Cortex,R,mapped,655.2968750000003,False,41939,41427,0.9877917928419848,0.30123835964793827,0.1643524407956318,0.6602282562530102,cm032,unaccepted
L6:mapped:595,6,595.0,CR_secondary_somatosensory_cortex,CR_SII,Cortex,R,mapped,285.3125000000001,False,18260,18260,1.0,0.8168342949311251,0.6524400087450214,2.4554417299228284,cm032,unaccepted
L6:mapped:598,6,598.0,CR_visual_area_V6,CR_V6,Cortex,R,mapped,37.437500000000014,False,2396,2396,1.0,-0.07567974495255193,-0.0768815830008002,-0.27555505562248617,cm032,unaccepted
L6:mapped:600,6,600.0,CR_ventral_visual_area_6A,CR_V6Av,Cortex,R,mapped,34.000000000000014,False,2176,2176,1.0,-0.056802711452582706,0.03202523446148781,0.10703060600012382,cm032,unaccepted
L6:mapped:601,6,601.0,CR_dorsal_visual_area_6A,CR_V6Ad,Cortex,R,mapped,24.10937500000001,False,1543,1543,1.0,0.14854059573366601,0.15123563801297463,0.5393309035110154,cm032,unaccepted
L6:mapped:604,6,604.0,CR_areas_PEc_and_PEci,CR_PEc/PEci,Cortex,R,mapped,149.70312500000006,False,9581,9581,1.0,0.1557072705742528,0.15142650254223425,0.5889562980722953,cm032,unaccepted
L6:mapped:605,6,605.0,CR_area_PE,CR_PE,Cortex,R,mapped,102.78125000000004,False,6578,6578,1.0,0.17102350615304893,0.18996582384031208,0.7538785079814777,cm032,unaccepted
L6:mapped:606,6,606.0,CR_area_PEa,CR_PEa,Cortex,R,mapped,194.45312500000009,False,12445,12445,1.0,0.1323776343303925,0.12555734260704116,0.48539801110041403,cm032,unaccepted
L6:mapped:608,6,608.0,CR_medial_intraparietal_area,CR_MIP,Cortex,R,mapped,159.53125000000006,False,10210,10210,1.0,0.06622837220423786,0.07024668933048306,0.25601033934406253,cm032,unaccepted
L6:mapped:610,6,610.0,CR_ventral_intraparietal_area,CR_VIP,Cortex,R,mapped,119.62500000000006,False,7656,7656,1.0,0.06793140271655777,0.05830402567476983,0.22787942775421674,cm032,unaccepted
L6:mapped:611,6,611.0,CR_posterior_intraparietal_area,CR_PIP,Cortex,R,mapped,30.625000000000014,False,1960,1960,1.0,-0.10074113176291366,-0.10432883819179364,-0.4124323619679352,cm032,unaccepted
L6:mapped:614,6,614.0,CR_anterior_intraparietal_area,CR_AIP,Cortex,R,mapped,42.20312500000002,False,2701,2701,1.0,0.14792551488629105,0.14669305606398003,0.59480292306704,cm032,unaccepted
L6:mapped:616,6,616.0,CR_dorsal_lateral_intraparietal_area,CR_LIPd,Cortex,R,mapped,158.54687500000006,False,10147,10147,1.0,0.15185276403817624,0.15538487290792763,0.6110076916031185,cm032,unaccepted
L6:mapped:617,6,617.0,CR_ventral_lateral_intraparietal_area,CR_LIPv,Cortex,R,mapped,109.73437500000004,False,7023,7023,1.0,0.11917281503181247,0.11690531144495023,0.46496737367892016,cm032,unaccepted
L6:mapped:618,6,618.0,CR_lateral_occipital_parietal_area,CR_LOP,Cortex,R,mapped,22.51562500000001,False,1441,1441,1.0,0.0025551436667226846,-0.048479964348009774,-0.1972372876973506,cm032,unaccepted
L6:mapped:619,6,619.0,CR_medial_superior_temporal_area,CR_MST,Cortex,R,mapped,150.20312500000006,False,9613,9613,1.0,0.18105936447942783,0.17728276580204086,0.6706331779903562,cm032,unaccepted
L6:mapped:622,6,622.0,CR_caudal_inferior_parietal_lobule_area_7a_(Opt/PG),CR_area_7a,Cortex,R,mapped,295.5781250000001,False,18917,18844,0.9961410371623407,0.2949671495508626,0.28046171392558317,1.0940521175073759,cm032,unaccepted
L6:mapped:623,6,623.0,CR_rostral_inferior_parietal_lobule_area_7b_(PFG/PF),CR_area_7b,Cortex,R,mapped,97.59375000000004,False,6246,6042,0.9673390970220941,0.6456405017128874,0.4156491625774932,1.6278804401509719,cm032,unaccepted
L6:mapped:624,6,624.0,CR_parietal_operculum,CR_area_7op,Cortex,R,mapped,167.64062500000009,False,10729,10709,0.9981358933731009,0.43521320732648183,0.30802212255103834,1.1828988390693493,cm032,unaccepted
L6:mapped:626,6,626.0,CR_area_7_(PGm)_on_the_medial_wall,CR_area_7m,Cortex,R,mapped,183.04687500000009,False,11715,11715,1.0,-0.042326703819428005,-0.025437721314464423,-0.09090480943527535,cm032,unaccepted
L6:mapped:629,6,629.0,CR_area_31,CR_area_31,Cortex,R,mapped,63.62500000000003,False,4072,4072,1.0,-0.011087479172725387,-0.03359034975897913,-0.13134627426140272,cm032,unaccepted
L6:mapped:631,6,631.0,CR_area_23a,CR_area_23a,Cortex,R,mapped,36.453125000000014,False,2333,2285,0.9794256322331761,0.6053978600851309,0.17789676135180027,0.530787445662063,cm032,unaccepted
L6:mapped:632,6,632.0,CR_area_23b,CR_area_23b,Cortex,R,mapped,115.29687500000006,False,7379,7329,0.9932240140940507,0.36414937199990666,0.09191619497484278,0.2796868821349413,cm032,unaccepted
L6:mapped:633,6,633.0,CR_area_23c,CR_area_23c,Cortex,R,mapped,145.06250000000006,False,9284,9284,1.0,0.001980817645988385,0.01847912021214894,0.07321085146976032,cm032,unaccepted
L6:mapped:634,6,634.0,CR_area_v23,CR_area_v23,Cortex,R,mapped,103.89062500000004,False,6649,6629,0.9969920288765228,0.1631889272191376,0.11375870159138682,0.4206069523231938,cm032,unaccepted
L6:mapped:636,6,636.0,CR_area_29,CR_area_29,Cortex,R,mapped,21.65625000000001,False,1386,1386,1.0,0.06639733377966558,0.15864470723808377,0.6089035374463332,cm032,unaccepted
L6:mapped:637,6,637.0,CR_area_30,CR_area_30,Cortex,R,mapped,23.14062500000001,False,1481,1481,1.0,-0.026012118287013462,-0.032620966450111116,-0.1271956250025742,cm032,unaccepted
L6:mapped:650,6,650.0,CR_area_TFO,CR_TFO,Cortex,R,mapped,65.18750000000003,False,4172,1430,0.34276126558005754,0.9870385661268501,0.9959754176168651,3.7307585098084273,cm032,unaccepted
L6:mapped:651,6,651.0,CR_area_TF,CR_TF,Cortex,R,mapped,73.56250000000003,False,4708,0,0.0,,,,cm032,unaccepted
L6:mapped:652,6,652.0,CR_area_TH,CR_TH,Cortex,R,mapped,4.437500000000002,False,284,0,0.0,,,,cm032,unaccepted
L6:mapped:656,6,656.0,CR_caudal_division_of_entorhinal_cortex,CR_EC,Cortex,R,mapped,41.98437500000002,False,2687,0,0.0,,,,cm032,unaccepted
L6:mapped:657,6,657.0,CR_caudal_limiting_division_of_entorhinal_cortex,CR_ECL,Cortex,R,mapped,8.687500000000004,False,556,0,0.0,,,,cm032,unaccepted
L6:mapped:658,6,658.0,CR_middle_entorhinal_cortex,CR_mid_ERh,Cortex,R,mapped,31.984375000000014,False,2047,103,0.05031753786028334,0.4315593253967416,0.4076195764040202,1.472410954517634,cm032,unaccepted
L6:mapped:659,6,659.0,CR_rostral_entorhinal_cortex,CR_rostral_ERh,Cortex,R,mapped,47.82812500000002,False,3061,505,0.16497876510944137,0.694824726384078,0.6719966026538444,1.4027106388018078,cm032,unaccepted
L6:mapped:661,6,661.0,CR_area_35,CR_area_35,Cortex,R,mapped,34.593750000000014,False,2214,531,0.23983739837398374,0.4151967395738625,0.4161864459446327,1.3168539406384203,cm032,unaccepted
L6:mapped:663,6,663.0,CR_caudal_area_36,CR_area_36c,Cortex,R,mapped,53.96875000000002,False,3454,71,0.020555877243775333,0.4753769216528291,0.493054215971103,2.6414099306738916,cm032,unaccepted
L6:mapped:664,6,664.0,CR_rostral_and_polar_area_36,CR_area_36r/p,Cortex,R,mapped,61.18750000000003,False,3916,73,0.0186414708886619,0.4803352481788742,0.5814269975921926,2.8032277734985995,cm032,unaccepted
L6:mapped:666,6,666.0,CR_agranular_temporal_pole,CR_TGa,Cortex,R,mapped,76.29687500000003,False,4883,2759,0.5650215031742781,1.8027787914207525,1.815256744310265,5.731489339176458,cm032,unaccepted
L6:mapped:669,6,669.0,CR_dorsal_dysgranular_temporal_pole,CR_TGdd,Cortex,R,mapped,70.73437500000003,False,4527,2559,0.5652750165672631,0.7513476757676751,0.6778694422553315,2.4896214528701917,cm032,unaccepted
L6:mapped:670,6,670.0,CR_ventral_dysgranular_temporal_pole,CR_TGvd,Cortex,R,mapped,21.12500000000001,False,1352,369,0.2729289940828402,0.4317560864223083,0.36527679093964327,0.9467153410770748,cm032,unaccepted
L6:mapped:672,6,672.0,CR_dorsal_granular_temporal_pole,CR_TGdg,Cortex,R,mapped,52.21875000000002,False,3342,622,0.18611609814482347,0.08718769009686184,0.2439291812885676,0.962708532643767,cm032,unaccepted
L6:mapped:673,6,673.0,CR_ventral_granular_temporal_pole,CR_TGvg,Cortex,R,mapped,16.859375000000007,False,1079,9,0.008341056533827619,0.18800353755219526,0.18692589892333678,0.5304304564576794,cm032,unaccepted
L6:mapped:674,6,674.0,CR_sts_part_of_temporal_pole,CR_TGsts,Cortex,R,mapped,78.28125000000003,False,5010,2258,0.45069860279441115,0.785252454504922,0.49366218324572286,1.524238262075921,cm032,unaccepted
L6:mapped:676,6,676.0,CR_area_TEO,CR_TEO,Cortex,R,mapped,284.3437500000001,False,18198,4969,0.2730519837344763,0.13795316294518212,0.122711166444501,0.5112911959536119,cm032,unaccepted
L6:mapped:680,6,680.0,CR_posterior_ventral_area_TE,CR_TEpv,Cortex,R,mapped,206.85937500000009,False,13239,1467,0.11080897348742352,0.0903818675518562,0.05141282651182876,0.2318489971863826,cm032,unaccepted
L6:mapped:681,6,681.0,CR_posterior_dorsal_area_TE,CR_TEpd,Cortex,R,mapped,248.0312500000001,False,15874,4325,0.27245810759732897,0.3166655808994239,0.15558294933891975,0.6146696601049999,cm032,unaccepted
L6:mapped:683,6,683.0,CR_anterior_ventral_area_TE,CR_TEav,Cortex,R,mapped,255.0781250000001,False,16325,1832,0.11222052067381318,0.5322951921206273,0.49099660040977644,1.9527352494529007,cm032,unaccepted
L6:mapped:684,6,684.0,CR_anterior_dorsal_area_TE,CR_TEad,Cortex,R,mapped,164.34375000000009,False,10518,1781,0.1693287697280852,-0.012277984240068058,-0.03611585446729813,-0.14028845965538916,cm032,unaccepted
L6:mapped:686,6,686.0,CR_area_TEm,CR_TEm,Cortex,R,mapped,212.89062500000009,False,13625,10009,0.734605504587156,0.25018044495556535,0.21782040377587458,0.8253211719456177,cm032,unaccepted
L6:mapped:687,6,687.0,CR_area_TEa,CR_TEa,Cortex,R,mapped,88.18750000000004,False,5644,4834,0.8564847625797307,0.4402896327010937,0.3324787981856624,1.2451729741798756,cm032,unaccepted
L6:mapped:690,6,690.0,CR_area_IPa,CR_IPa,Cortex,R,mapped,200.31250000000009,False,12820,10873,0.8481279251170046,0.3860565576979973,0.3293292917801414,1.3055858538858798,cm032,unaccepted
L6:mapped:691,6,691.0,CR_area_PGa,CR_PGa,Cortex,R,mapped,132.50000000000006,False,8480,8441,0.9954009433962264,0.4478537977724522,0.3927898413906765,1.4594961255204186,cm032,unaccepted
L6:mapped:692,6,692.0,CR_floor_of_the_superior_temporal_area,CR_FST,Cortex,R,mapped,92.34375000000004,False,5910,5643,0.9548223350253807,0.12904879873546596,0.10472784902852415,0.4223063837246597,cm032,unaccepted
L6:mapped:696,6,696.0,CR_temporal_parietooccipital_associated_area,CR_TPO,Cortex,R,mapped,280.6406250000001,False,17961,17858,0.9942653527086465,0.6334370349874047,0.5205403760821907,1.9822495564593714,cm032,unaccepted
L6:mapped:697,6,697.0,CR_area_TAa,CR_TAa,Cortex,R,mapped,171.23437500000009,False,10959,8038,0.7334610822155306,0.8426011886383087,0.6147696402832912,2.4153011552344443,cm032,unaccepted
L6:mapped:698,6,698.0,CR_rostral_superior_temporal_gyrus,CR_STGr,Cortex,R,mapped,141.93750000000006,False,9084,4378,0.48194627917217087,1.0399223459035363,0.9782355582748183,3.756977073802939,cm032,unaccepted
L6:mapped:700,6,700.0,CR_temporo-parietal_area,CR_Tpt,Cortex,R,mapped,97.45312500000004,False,6237,6237,1.0,0.2632226504275929,0.1449922266482828,0.5529312832914288,cm032,unaccepted
L6:mapped:702,6,702.0,CR_caudal_parabelt_region,CR_CPB,Cortex,R,mapped,91.32812500000004,False,5845,4308,0.7370402053036783,0.3248352734680766,0.24159430308140978,0.9508516920172785,cm032,unaccepted
L6:mapped:703,6,703.0,CR_rostral_parabelt_region,CR_RPB,Cortex,R,mapped,71.53125000000003,False,4578,1693,0.36981214504150284,1.182218489775836,1.116576699478859,4.45575762801522,cm032,unaccepted
L6:mapped:708,6,708.0,CR_caudal_lateral_belt_region,CR_CL,Cortex,R,mapped,27.81250000000001,False,1780,1780,1.0,0.9201310152753176,0.7465612998179818,2.609722664133162,cm032,unaccepted
L6:mapped:709,6,709.0,CR_middle_lateral_belt_region,CR_ML,Cortex,R,mapped,35.328125000000014,False,2261,2250,0.9951348960636887,0.9909335941808133,0.9184374790657337,3.4206139266201308,cm032,unaccepted
L6:mapped:711,6,711.0,CR_anterior_lateral_belt_region,CR_AL,Cortex,R,mapped,93.21875000000004,False,5966,5097,0.8543412671806906,0.641035254514541,0.5877754657035368,2.2971466614236635,cm032,unaccepted
L6:mapped:712,6,712.0,CR_lateral_rostrotemporal_belt_region,CR_RTL,Cortex,R,mapped,32.531250000000014,False,2082,1975,0.9486071085494716,0.6016000760654564,0.6874314336634489,2.5643926404128927,cm032,unaccepted
L6:mapped:714,6,714.0,CR_caudomedial_belt_region,CR_CM,Cortex,R,mapped,60.00000000000003,False,3840,3840,1.0,0.36329064760146834,0.3430753754857086,1.3587343860599925,cm032,unaccepted
L6:mapped:716,6,716.0,CR_rostromedial_belt_region,CR_RM,Cortex,R,mapped,47.87500000000002,False,3064,3064,1.0,0.6306523051223807,0.6135870989642831,2.283429691480867,cm032,unaccepted
L6:mapped:717,6,717.0,CR_medial_rostrotemporal_belt_region,CR_RTM,Cortex,R,mapped,20.10937500000001,False,1287,1287,1.0,1.8551702281308082,1.6631684972953362,6.063529221835737,cm032,unaccepted
L6:mapped:718,6,718.0,CR_polar_rostrotemporal_cortex,CR_RTp,Cortex,R,mapped,28.031250000000014,False,1794,1672,0.9319955406911928,0.21593540205904782,0.18683952141592097,0.6761604502438548,cm032,unaccepted
L6:mapped:721,6,721.0,CR_rostral_core_region,CR_R,Cortex,R,mapped,53.67187500000002,False,3435,3435,1.0,0.5900318744218168,0.5409612822240625,2.1560145052384376,cm032,unaccepted
L6:mapped:722,6,722.0,CR_rostrotemporal_core_region,CR_RT,Cortex,R,mapped,16.062500000000007,False,1028,1028,1.0,1.380522517521054,1.4068259271713934,5.645374007235278,cm032,unaccepted
L6:mapped:723,6,723.0,CR_primary_auditory_cortex,CR_AI,Cortex,R,mapped,89.50000000000004,False,5728,5728,1.0,0.4514704772813917,0.40878847262953427,1.546646243211998,cm032,unaccepted
L6:mapped:726,6,726.0,CR_parainsula,CR_Pi,Cortex,R,mapped,27.28125000000001,False,1746,1746,1.0,2.026680055483944,1.6509553245087225,5.114229487500159,cm032,unaccepted
L6:mapped:728,6,728.0,CR_agranular_and_dysgranular_insula,CR_Ia/Id,Cortex,R,mapped,164.56250000000009,False,10532,10532,1.0,1.651770302971489,1.4731859235051186,4.3284606212471255,cm032,unaccepted
L6:mapped:729,6,729.0,CR_granular_insula,CR_Ig,Cortex,R,mapped,96.34375000000004,False,6166,6166,1.0,1.1029074512876877,0.8429349676534488,3.2368595701262315,cm032,unaccepted
L6:mapped:730,6,730.0,CR_retroinsula,CR_Ri,Cortex,R,mapped,15.109375000000007,False,967,967,1.0,0.4538199372167415,0.4222512398945501,1.6960751806817163,cm032,unaccepted
L6:mapped:732,6,732.0,CR_middle_temporal_area,CR_MT,Cortex,R,mapped,94.67187500000004,False,6059,6059,1.0,-0.10528336864573945,-0.02212623558768334,-0.06116929897216042,cm032,unaccepted
L6:mapped:735,6,735.0,CR_dorsal_visual_area_4,CR_V4d,Cortex,R,mapped,466.4218750000002,False,29851,28225,0.9455294629995645,0.07275775929246846,0.06848359361837289,0.2642940547972328,cm032,unaccepted
L6:mapped:736,6,736.0,CR_ventral_visual_area_4,CR_V4v,Cortex,R,mapped,298.5625000000001,False,19108,5874,0.3074105086874607,-0.003133335141003524,-0.05236837435963008,-0.22092143008989945,cm032,unaccepted
L6:mapped:740,6,740.0,CR_visual_area_V3A,CR_V3A,Cortex,R,mapped,139.21875000000006,False,8910,8910,1.0,0.020724911128023035,0.02218628504399445,0.08599684593954568,cm032,unaccepted
L6:mapped:741,6,741.0,CR_dorsal_visual_area_3,CR_V3d,Cortex,R,mapped,151.98437500000006,False,9727,9727,1.0,0.0002883683815299412,-0.0018917103563506968,-0.010992583258692679,cm032,unaccepted
L6:mapped:742,6,742.0,CR_ventral_visual_area_3,CR_V3v,Cortex,R,mapped,224.7968750000001,False,14387,10493,0.7293389865851115,-0.13288719693863288,-0.16334120411919786,-0.6003014357017847,cm032,unaccepted
L6:mapped:744,6,744.0,CR_possibly_part_of_visual_area_2,CR_possibly_V2,Cortex,R,mapped,30.281250000000014,False,1938,1938,1.0,0.13346598332101564,0.2137985180597931,0.7464387748267729,cm032,unaccepted
L6:mapped:745,6,745.0,CR_clearly_part_of_visual_area_2,CR_clearly_V2,Cortex,R,mapped,1545.0937500000007,False,98886,89522,0.9053050988006391,-0.07242084529264241,-0.0781612865512659,-0.29615340644437244,cm032,unaccepted
L6:mapped:746,6,746.0,CR_primary_visual_cortex,CR_V1,Cortex,R,mapped,1965.546875000001,False,125795,108160,0.859811598235224,-0.06331245332313883,-0.04972433842608472,-0.1841795923289729,cm032,unaccepted
L6:mapped:1004,6,1004.0,SL_claustrum,SL_Cl,Subcortex,L,mapped,255.1562500000001,False,16330,16330,1.0,-0.0016147555457746365,-0.012187585038454452,-0.05126827102599052,cm032,unaccepted
L6:mapped:1007,6,1007.0,SL_dorsal_endopiriform_claustrum,SL_DEn,Subcortex,L,mapped,14.203125000000007,False,909,909,1.0,0.2647121811237323,0.2725433206434029,0.7158642694638534,cm032,unaccepted
L6:mapped:1008,6,1008.0,SL_ventral_endopiriform_claustrum,SL_VEn,Subcortex,L,mapped,9.515625000000004,False,609,609,1.0,0.1632981001390707,0.17458157573546573,0.47439712388085276,cm032,unaccepted
L6:mapped:1009,6,1009.0,SL_piriform_cortex,SL_Pir,Subcortex,L,mapped,30.796875000000014,False,1971,1300,0.6595636732623034,-0.012199795879949972,0.03609690791221774,0.10296960649021492,cm032,unaccepted
L6:mapped:1014,6,1014.0,SL_dentate_gyrus_anterior,SL_DGA,Subcortex,L,mapped,91.18750000000004,False,5836,798,0.136737491432488,0.05908975738575822,0.08510180672331508,0.2106901347009516,cm032,unaccepted
L6:mapped:1015,6,1015.0,SL_CA1_3_anterior,SL_CAA,Subcortex,L,mapped,180.68750000000009,False,11564,3330,0.2879626426841923,0.07715702859763848,0.08678847442560825,0.22273664160752776,cm032,unaccepted
L6:mapped:1016,6,1016.0,SL_subicular_complex_anterior,SL_SA,Subcortex,L,mapped,81.28125000000004,False,5202,455,0.08746635909265667,-0.018997005862541865,0.014034196027792979,0.040118091046246376,cm032,unaccepted
L6:mapped:1019,6,1019.0,SL_dentate_gyrus_posterior,SL_DGP,Subcortex,L,mapped,26.17187500000001,False,1675,1315,0.7850746268656716,0.015713355223003423,0.018686303886647094,0.07722791413494777,cm032,unaccepted
L6:mapped:1020,6,1020.0,SL_CA1_3_posterior,SL_CAP,Subcortex,L,mapped,88.10937500000004,False,5639,3550,0.6295442454335876,0.0029854065660695575,0.03198794582970393,0.134121032809249,cm032,unaccepted
L6:mapped:1021,6,1021.0,SL_subicular_complex_posterior,SL_SP,Subcortex,L,mapped,52.06250000000002,False,3332,2674,0.8025210084033614,-0.06512257305776292,-0.04442964649251046,-0.19631222001420257,cm032,unaccepted
L6:mapped:1022,6,1022.0,SL_fimbria,SL_fi,Subcortex,L,mapped,12.593750000000005,False,806,806,1.0,-0.14563353173297633,-0.1488377486509307,-0.6076184329989005,cm032,unaccepted
L6:mapped:1023,6,1023.0,SL_fornix,SL_f,Subcortex,L,mapped,43.40625000000002,False,2778,2778,1.0,0.32794773435582353,0.2801602098018234,1.0733176096610886,cm032,unaccepted
L6:mapped:1027,6,1027.0,SL_basomedial_amygdaloid_nucleus,SL_BM,Subcortex,L,mapped,47.84375000000002,False,3062,2966,0.968647942521228,-0.015128804171103325,0.04973040553114198,0.10597434683057069,cm032,unaccepted
L6:mapped:1028,6,1028.0,SL_ventral_cortical_amygdaloid_nucleus,SL_VCo,Subcortex,L,mapped,22.76562500000001,False,1457,1110,0.7618393960192176,0.06009078307895768,0.04717136797229615,0.12554680641575072,cm032,unaccepted
L6:mapped:1029,6,1029.0,SL_amygdalohippocampal_area,SL_AHi,Subcortex,L,mapped,17.203125000000007,False,1101,613,0.5567665758401453,0.7148183173531902,0.7284470024536313,1.3006506837851737,cm032,unaccepted
L6:mapped:1032,6,1032.0,SL_lateral_dorsal_amygdaloid_nucleus,SL_LaD,Subcortex,L,mapped,22.29687500000001,False,1427,1427,1.0,0.5208739094580371,0.6327672894461616,1.4059553617215634,cm032,unaccepted
L6:mapped:1033,6,1033.0,SL_lateral_ventral_amygdaloid_nucleus,SL_LaV,Subcortex,L,mapped,18.531250000000007,False,1186,1186,1.0,0.5445812258116415,0.6070908578712765,1.347696131712389,cm032,unaccepted
L6:mapped:1034,6,1034.0,SL_amygdalopiriform_transition_area,SL_APir,Subcortex,L,mapped,27.85937500000001,False,1783,381,0.213684800897364,0.008139127656780525,0.023118982457206116,0.05749541478548891,cm032,unaccepted
L6:mapped:1036,6,1036.0,SL_basolateral_dorsal_amygdaloid_nucleus,SL_BLD,Subcortex,L,mapped,14.546875000000007,False,931,931,1.0,0.19279817261950252,0.27159532627711114,0.6723295658743786,cm032,unaccepted
L6:mapped:1037,6,1037.0,SL_basolateral_intermediate_amygdaloid_nucleus,SL_BLI,Subcortex,L,mapped,13.343750000000005,False,854,854,1.0,0.5250617988184466,0.6886965845466653,1.4702664159379317,cm032,unaccepted
L6:mapped:1038,6,1038.0,SL_basolateral_ventral_amygdaloid_nucleus,SL_BLV,Subcortex,L,mapped,19.656250000000007,False,1258,993,0.7893481717011129,0.5225418097619294,0.4787649113822828,0.9665439020358991,cm032,unaccepted
L6:mapped:1039,6,1039.0,SL_paralaminar_amygdaloid_nucleus,SL_PaL,Subcortex,L,mapped,13.750000000000005,False,880,569,0.6465909090909091,0.4069255514044671,0.3075522091892512,0.6188187176200152,cm032,unaccepted
L6:mapped:1042,6,1042.0,SL_central_amygdaloid_nucleus,SL_Ce,Subcortex,L,mapped,13.843750000000005,False,886,886,1.0,-0.2157948199957537,-0.22102649105283945,-0.6631622451320678,cm032,unaccepted
L6:mapped:1044,6,1044.0,SL_medial_amygdaloid_nucleus,SL_Me,Subcortex,L,mapped,16.984375000000007,False,1087,1029,0.9466421343146274,0.22399393063497952,0.22390867433134493,0.7033365449876757,cm032,unaccepted
L6:mapped:1045,6,1045.0,SL_anterior_amygdaloid_area,SL_AA,Subcortex,L,mapped,23.73437500000001,False,1519,1519,1.0,0.12264720960620606,0.12236083479754484,0.4162223858285291,cm032,unaccepted
L6:mapped:1047,6,1047.0,SL_extended_amygdala,SL_EA,Subcortex,L,mapped,9.140625000000004,False,585,585,1.0,0.13366673557599035,0.01566913157521186,0.08395536106347429,cm032,unaccepted
L6:mapped:1048,6,1048.0,SL_posterior_interstitial_nucleus,SL_IPAC,Subcortex,L,mapped,4.906250000000002,False,314,314,1.0,0.2728665904961773,0.13120771760921687,0.3425990809158943,cm032,unaccepted
L6:mapped:1049,6,1049.0,SL_intraamygdaloid_stria_terminalis,SL_STIA,Subcortex,L,mapped,15.593750000000007,False,998,631,0.6322645290581163,0.2241110731863642,0.17992589017326976,0.6367728526740785,cm032,unaccepted
L6:mapped:1054,6,1054.0,SL_caudate_head,SL_CdH,Subcortex,L,mapped,566.5156250000002,False,36257,36257,1.0,-0.015107796804253355,-0.013321326794298463,-0.05080750070132534,cm032,unaccepted
L6:mapped:1055,6,1055.0,SL_caudate_tail,SL_CdT,Subcortex,L,mapped,83.04687500000004,False,5315,4095,0.7704609595484478,-0.013676495830858464,-0.027626988773970546,-0.10498172201521538,cm032,unaccepted
L6:mapped:1056,6,1056.0,SL_putamen,SL_Pu,Subcortex,L,mapped,895.1093750000003,False,57287,56639,0.9886885331750659,0.027253226089786517,0.026248412682072866,0.10231607724721062,cm032,unaccepted
L6:mapped:1057,6,1057.0,SL_amygdalostriatal_transition,SL_ASt,Subcortex,L,mapped,33.812500000000014,False,2164,2159,0.9976894639556377,0.15460638338087365,0.169271608507374,0.5645908920687439,cm032,unaccepted
L6:mapped:1058,6,1058.0,SL_internal_capsule,SL_ic,Subcortex,L,mapped,230.7343750000001,False,14767,14723,0.997020383287059,0.011887244775276987,0.006690490831446884,0.024588529709233864,cm032,unaccepted
L6:mapped:1060,6,1060.0,SL_accumbens,SL_Acb,Subcortex,L,mapped,94.96875000000004,False,6078,3080,0.5067456400131622,-0.26608728946061994,-0.23845433521970663,-0.7518615632910175,cm032,unaccepted
L6:mapped:1061,6,1061.0,SL_olfactory_tubercule,SL_Tu,Subcortex,L,mapped,18.234375000000007,False,1167,76,0.06512425021422451,-0.5793540882387309,-0.6296006396100958,-1.69274558460183,cm032,unaccepted
L6:mapped:1064,6,1064.0,SL_external_globus_pallidus,SL_EGP,Subcortex,L,mapped,150.71875000000006,False,9646,9430,0.9776072983620153,0.07289997126120874,0.06354383496632793,0.25658025152970465,cm032,unaccepted
L6:mapped:1065,6,1065.0,SL_internal_globus_pallidus,SL_IGP,Subcortex,L,mapped,82.67187500000004,False,5291,5291,1.0,0.0065674837426140074,-0.012119935676646314,-0.0725234424183347,cm032,unaccepted
L6:mapped:1066,6,1066.0,SL_ansa_lenticularis,SL_al,Subcortex,L,mapped,6.375000000000003,False,408,401,0.9828431372549019,-0.06249123563761965,-0.11874868633581155,-0.47719500287100725,cm032,unaccepted
L6:mapped:1067,6,1067.0,SL_anterior_commissure,SL_ac,Subcortex,L,mapped,77.82812500000003,False,4981,4933,0.9903633808472194,0.10835332169736622,0.11077487968990585,0.4378085373593905,cm032,unaccepted
L6:mapped:1068,6,1068.0,SL_ventral_pallidum,SL_VP,Subcortex,L,mapped,21.00000000000001,False,1344,1227,0.9129464285714286,-0.22982737261255182,-0.0018636311479162924,-0.008213790559402745,cm032,unaccepted
L6:mapped:1071,6,1071.0,SL_peri-basal_region,SL_PeB,Subcortex,L,mapped,12.453125000000005,False,797,671,0.8419071518193224,0.10846217659962279,0.11368313161719644,0.3627561677442588,cm032,unaccepted
L6:mapped:1072,6,1072.0,SL_basal_nucleus,SL_B,Subcortex,L,mapped,25.54687500000001,False,1635,1629,0.9963302752293578,0.33487669183397745,0.25727537846270265,0.9140774906708693,cm032,unaccepted
L6:mapped:1073,6,1073.0,SL_bed_nucleus_of_the_stria_terminalis,SL_ST,Subcortex,L,mapped,42.00000000000002,False,2688,2688,1.0,0.0021877170220297474,0.011561185723233725,0.04455013659361025,cm032,unaccepted
L6:mapped:1075,6,1075.0,SL_septimbrial_nucleus,SL_SFi,Subcortex,L,mapped,11.359375000000005,False,727,727,1.0,0.4630515841599523,0.486419668681556,1.7356281528349653,cm032,unaccepted
L6:mapped:1076,6,1076.0,SL_septum_diagonal_band,SL_SDB,Subcortex,L,mapped,91.34375000000004,False,5846,5008,0.8566541224769073,-0.20933816375392503,-0.15687681139104173,-0.5563567241432696,cm032,unaccepted
L6:mapped:1078,6,1078.0,SL_optic_tract,SL_opt,Subcortex,L,mapped,151.82812500000006,False,9717,1879,0.19337244005351445,0.07730062135245694,0.0946310618569576,0.3060277445971339,cm032,unaccepted
L6:mapped:1080,6,1080.0,SL_preoptic_area,SL_PO,Subcortex,L,mapped,21.90625000000001,False,1402,1020,0.7275320970042796,-0.09367426421603223,-0.10575960787922581,-0.35961142465395257,cm032,unaccepted
L6:mapped:1081,6,1081.0,SL_lamina_terminalis,SL_LTer-VOLT,Subcortex,L,mapped,0.9375000000000004,False,60,0,0.0,,,,cm032,unaccepted
L6:mapped:1086,6,1086.0,SL_paraventricular_hypothalamus,SL_Pa,Subcortex,L,mapped,10.812500000000005,False,692,692,1.0,0.04303299421735193,0.03215970100193299,0.1200087851463206,cm032,unaccepted
L6:mapped:1088,6,1088.0,SL_ventromedial_hypothalamic_nucleus,SL_VMH,Subcortex,L,mapped,16.000000000000007,False,1024,399,0.3896484375,0.11548331874680473,0.09179646015497969,0.2631091765099591,cm032,unaccepted
L6:mapped:1089,6,1089.0,SL_medial_eminence,SL_MEm,Subcortex,L,mapped,3.7187500000000018,False,238,21,0.08823529411764706,0.33028900890267265,0.31374380478356306,0.748975782270317,cm032,unaccepted
L6:mapped:1090,6,1090.0,SL_arcuate_nucleus,SL_Arc,Subcortex,L,mapped,9.687500000000004,False,620,65,0.10483870967741936,0.441180152042785,0.43832339875820914,1.0425484301116543,cm032,unaccepted
L6:mapped:1092,6,1092.0,SL_supraoptic_hypothalamus,SL_SOpt,Subcortex,L,mapped,1.2968750000000007,False,83,54,0.6506024096385542,-0.4288169381512508,-0.4320310766049601,-1.3994131562951817,cm032,unaccepted
L6:mapped:1093,6,1093.0,SL_anterior_hypothalamic_area,SL_AH,Subcortex,L,mapped,8.609375000000004,False,551,482,0.8747731397459165,-0.13717100610764763,-0.16088895107579382,-0.5726153702340103,cm032,unaccepted
L6:mapped:1094,6,1094.0,SL_dorsal_medial_hypothalamic_nucleus,SL_DM,Subcortex,L,mapped,4.875000000000002,False,312,312,1.0,-0.19531145478465595,-0.2072045025746133,-0.8332374740100279,cm032,unaccepted
L6:mapped:1096,6,1096.0,SL_lateral_hypothalamic_area,SL_LH,Subcortex,L,mapped,17.156250000000007,False,1098,1093,0.9954462659380692,-0.26088374641478346,-0.3361864803725234,-1.224997982203712,cm032,unaccepted
L6:mapped:1097,6,1097.0,SL_juxtaparaventricular_lateral_hypothalamus,SL_JPLH,Subcortex,L,mapped,3.4375000000000013,False,220,220,1.0,0.02381812726031834,0.015077883216611585,0.05668226456954237,cm032,unaccepted
L6:mapped:1098,6,1098.0,SL_peduncular_lateral_hypothalamus,SL_PLH,Subcortex,L,mapped,56.84375000000003,False,3638,2930,0.8053875755909841,-0.0853463907180288,-0.07916223595696885,-0.2642564388232722,cm032,unaccepted
L6:mapped:1099,6,1099.0,SL_subthalamic_nucleus,SL_STh,Subcortex,L,mapped,22.20312500000001,False,1421,1353,0.952146375791696,-0.25078257486402833,-0.1773115295375126,-0.6447660513652939,cm032,unaccepted
L6:mapped:1102,6,1102.0,SL_posterior_hypothalamic_nucleus,SL_PH,Subcortex,L,mapped,21.87500000000001,False,1400,1167,0.8335714285714285,0.0861230991971991,0.08501485515381939,0.2562466721048004,cm032,unaccepted
L6:mapped:1104,6,1104.0,SL_prefornical_hypothalamus,SL_PeF,Subcortex,L,mapped,1.3906250000000007,False,89,83,0.9325842696629213,0.035693210784129965,0.018137552603855613,0.03521453806538539,cm032,unaccepted
L6:mapped:1106,6,1106.0,SL_retromammillary_hypothalamus,SL_RM,Subcortex,L,mapped,3.5000000000000018,False,224,149,0.6651785714285714,0.09053887608223676,0.21141371173362428,0.6082538170992312,cm032,unaccepted
L6:mapped:1107,6,1107.0,SL_mammillary_hypothalamus,SL_MM,Subcortex,L,mapped,10.078125000000005,False,645,12,0.018604651162790697,0.06754938188486614,0.05379548799580505,0.17013703589450024,cm032,unaccepted
L6:mapped:1109,6,1109.0,SL_anterior_pituitary,SL_APit,Subcortex,L,mapped,29.906250000000014,False,1914,0,0.0,,,,cm032,unaccepted
L6:mapped:1110,6,1110.0,SL_posterior_pituitary,SL_PPit,Subcortex,L,mapped,14.390625000000007,False,921,0,0.0,,,,cm032,unaccepted
L6:mapped:1112,6,1112.0,SL_zona_incerta_and_lenticular_fascicles,SL_ZI-H,Subcortex,L,mapped,37.375000000000014,False,2392,2356,0.9849498327759197,-0.12471266318327563,-0.1105748271017247,-0.3993016103558345,cm032,unaccepted
L6:mapped:1114,6,1114.0,SL_reticular_thalamus,SL_Rt,Subcortex,L,mapped,68.90625000000003,False,4410,4410,1.0,-0.08620539653610246,-0.10571815097434119,-0.4241067057583623,cm032,unaccepted
L6:mapped:1117,6,1117.0,SL_anterior_thalamus,SL_A,Subcortex,L,mapped,17.796875000000007,False,1139,1139,1.0,0.3856808197907222,0.41858430542484976,1.6303640718930221,cm032,unaccepted
L6:mapped:1118,6,1118.0,SL_capsule_of_the_antherior_thalamus,SL_caps,Subcortex,L,mapped,5.078125000000003,False,325,325,1.0,0.2793787774115344,0.2707373155917195,1.0643323054911424,cm032,unaccepted
L6:mapped:1120,6,1120.0,SL_centrolateral_and_paracentral_thalamus,SL_CL-PC,Subcortex,L,mapped,36.468750000000014,False,2334,2334,1.0,-0.0679973841121764,-0.06059756551576986,-0.23701827674161613,cm032,unaccepted
L6:mapped:1121,6,1121.0,SL_centromedial-parafascicular_thalamus,SL_CMn-PF,Subcortex,L,mapped,50.56250000000002,False,3236,3236,1.0,0.012670941200224571,0.01796605179871645,0.0741177488765759,cm032,unaccepted
L6:mapped:1123,6,1123.0,SL_subparafascicular_nucleus,SL_SPFPC,Subcortex,L,mapped,8.187500000000004,False,524,524,1.0,-0.035133896552787064,-0.027558592812177457,-0.11766001975054724,cm032,unaccepted
L6:mapped:1124,6,1124.0,SL_supra_geniculate,SL_SG,Subcortex,L,mapped,1.7343750000000007,False,111,111,1.0,0.015034085766015455,0.05435615950857739,0.22089768065323323,cm032,unaccepted
L6:mapped:1125,6,1125.0,SL_limitans_thalamus,SL_Lim,Subcortex,L,mapped,9.593750000000004,False,614,614,1.0,-0.12259745118282653,-0.10951758120360877,-0.42975381070496443,cm032,unaccepted
L6:mapped:1126,6,1126.0,SL_mediodorsal_thalamus,SL_MD,Subcortex,L,mapped,78.81250000000003,False,5044,5044,1.0,0.5759677064880933,0.37688987727501766,1.4783907781788517,cm032,unaccepted
L6:mapped:1128,6,1128.0,SL_intermediodorsal_thalamus,SL_IMD,Subcortex,L,mapped,11.781250000000005,False,754,754,1.0,1.3863836461853378,1.4713020072416085,5.599114583980247,cm032,unaccepted
L6:mapped:1129,6,1129.0,SL_paratenial-paraventral-thalamus,SL_PT-PV-sm,Subcortex,L,mapped,18.781250000000007,False,1202,1202,1.0,1.2820111960628249,1.171211935438333,4.712346143333994,cm032,unaccepted
L6:mapped:1130,6,1130.0,SL_paraventricular_posterior_thalamus,SL_PVP,Subcortex,L,mapped,1.9218750000000009,False,123,123,1.0,-0.10134309953258704,-0.10493936668133608,-0.3745694869426921,cm032,unaccepted
L6:mapped:1131,6,1131.0,SL_paraventricular_anterior_thalamus,SL_PVA,Subcortex,L,mapped,2.6562500000000013,False,170,170,1.0,0.22707965932198276,0.2431077649734843,0.8571328577942987,cm032,unaccepted
L6:mapped:1132,6,1132.0,SL_interanteromedial_thalamus,SL_IAM,Subcortex,L,mapped,4.687500000000002,False,300,300,1.0,0.7907647494759478,0.8553749665782214,3.4358758030282384,cm032,unaccepted
L6:mapped:1133,6,1133.0,SL_central_medial_thalamus,SL_CM,Subcortex,L,mapped,12.453125000000005,False,797,797,1.0,0.49320365851337367,0.49020163100821085,1.9399628131591173,cm032,unaccepted
L6:mapped:1134,6,1134.0,SL_Reuniens-rhomboid-xiphoid_thalamus,SL_Re-Rh-Xi,Subcortex,L,mapped,18.937500000000007,False,1212,1212,1.0,0.0112550045518545,0.011978638072448394,0.04622482155638352,cm032,unaccepted
L6:mapped:1137,6,1137.0,SL_ventral_anterior_thalamus,SL_VA,Subcortex,L,mapped,48.87500000000002,False,3128,3128,1.0,0.07999896013574394,0.06166394458868664,0.2522120044140611,cm032,unaccepted
L6:mapped:1138,6,1138.0,SL_ventral_lateral_anterior_thalamus,SL_VLA,Subcortex,L,mapped,46.85937500000002,False,2999,2999,1.0,-0.11990539839323373,-0.14161289399830396,-0.5678205957797983,cm032,unaccepted
L6:mapped:1140,6,1140.0,SL_ventral_lateral_x_thalamus,SL_VLX,Subcortex,L,mapped,11.500000000000005,False,736,736,1.0,0.03691075081619679,0.043062398261584374,0.1767705433116362,cm032,unaccepted
L6:mapped:1141,6,1141.0,SL_ventral_lateral_posteroventral_thalamus,SL_VLPV,Subcortex,L,mapped,65.56250000000003,False,4196,4196,1.0,-0.03744460095953172,-0.03555935201506279,-0.14105802364562353,cm032,unaccepted
L6:mapped:1142,6,1142.0,SL_ventral_lateral_posterodorsal_thalamus,SL_VLPD,Subcortex,L,mapped,30.421875000000014,False,1947,1947,1.0,-0.12753058017568772,-0.09995521851442506,-0.3936960234178213,cm032,unaccepted
L6:mapped:1144,6,1144.0,SL_ventroposterior_medial_and_lateral_thalamus,SL_VPM-VPL,Subcortex,L,mapped,44.14062500000002,False,2825,2825,1.0,-0.0486329563170795,-0.03239126983482829,-0.12885411717682427,cm032,unaccepted
L6:mapped:1145,6,1145.0,SL_ventromedial_posterior+basal_thalamus,SL_VMPo-VMB,Subcortex,L,mapped,11.859375000000005,False,759,759,1.0,-0.0038150699269717714,0.0024805738729287465,0.006361668312696883,cm032,unaccepted
L6:mapped:1146,6,1146.0,SL_ventroposterior_inferior_thalamus,SL_VPI,Subcortex,L,mapped,11.250000000000005,False,720,720,1.0,0.06603527245028439,0.0693069953036218,0.2740777992540807,cm032,unaccepted
L6:mapped:1147,6,1147.0,SL_ventral_medial_thalamus,SL_VM,Subcortex,L,mapped,20.95312500000001,False,1341,1341,1.0,-0.07318519248240653,-0.07463585113072158,-0.2940041454555171,cm032,unaccepted
L6:mapped:1149,6,1149.0,SL_lateral_posterior_thalamus,SL_LP,Subcortex,L,mapped,21.60937500000001,False,1383,1383,1.0,-0.012662871967452074,0.007885917152070168,0.03551400483364351,cm032,unaccepted
L6:mapped:1150,6,1150.0,SL_lateral_dorsal_thalamus,SL_LD,Subcortex,L,mapped,4.328125000000002,False,277,277,1.0,-0.16227100574322392,-0.1252475355109394,-0.4931348710414327,cm032,unaccepted
L6:mapped:1152,6,1152.0,SL_anterior_pulvinar,SL_APul,Subcortex,L,mapped,49.37500000000002,False,3160,3160,1.0,0.005406069854159488,0.011810403279134359,0.049665648379487656,cm032,unaccepted
L6:mapped:1153,6,1153.0,SL_medial_pulvinar,SL_MPul,Subcortex,L,mapped,44.68750000000002,False,2860,2860,1.0,-0.19849495223933933,-0.13535492134211266,-0.4926193372756843,cm032,unaccepted
L6:mapped:1154,6,1154.0,SL_lateral_pulvinar,SL_LPul,Subcortex,L,mapped,31.859375000000014,False,2039,2039,1.0,-0.0883122766665431,-0.047675885414743685,-0.19335103598059072,cm032,unaccepted
L6:mapped:1155,6,1155.0,SL_inferior_pulvinar,SL_IPul,Subcortex,L,mapped,44.84375000000002,False,2870,2870,1.0,-0.12542688093697976,-0.12541984213216584,-0.5039479128972408,cm032,unaccepted
L6:mapped:1156,6,1156.0,SL_brachium_superior_colliculus,SL_bsc,Subcortex,L,mapped,11.781250000000005,False,754,754,1.0,-0.33934979217000216,-0.3133994790991599,-1.0485093778079366,cm032,unaccepted
L6:mapped:1158,6,1158.0,SL_dorsal_lateral_geniculate,SL_DLG,Subcortex,L,mapped,93.35937500000004,False,5975,3996,0.6687866108786611,0.0061607422547525015,0.0024563336560420304,0.026737636153165906,cm032,unaccepted
L6:mapped:1159,6,1159.0,SL_medial_geniculate,SL_MG,Subcortex,L,mapped,28.406250000000014,False,1818,1818,1.0,-0.1703028182034715,-0.12408393171874109,-0.26169847848669536,cm032,unaccepted
L6:mapped:1161,6,1161.0,SL_pineal_gland,SL_Pi,Subcortex,L,mapped,4.093750000000002,False,262,262,1.0,0.5009167247532739,0.544393985958181,1.6568641185203807,cm032,unaccepted
L6:mapped:1162,6,1162.0,SL_habenula,SL_Hb,Subcortex,L,mapped,11.265625000000005,False,721,721,1.0,0.35418138808413796,0.23190800198904526,0.7627065168448904,cm032,unaccepted
L6:mapped:1165,6,1165.0,SL_posterior_commissure,SL_pc,Subcortex,L,mapped,2.468750000000001,False,158,158,1.0,-0.4575174119346553,-0.46050961047325323,-1.4779384786324559,cm032,unaccepted
L6:mapped:1166,6,1166.0,SL_precommissural_nucleus,SL_PrC,Subcortex,L,mapped,1.9687500000000009,False,126,126,1.0,-0.5121575411584558,-0.5359997174955163,-1.864402431111385,cm032,unaccepted
L6:mapped:1167,6,1167.0,SL_posterior_commissural_nuclei,SL_PCom_MCPC,Subcortex,L,mapped,5.656250000000003,False,362,362,1.0,-0.03560003212717554,0.023391594947787267,0.11253772547828744,cm032,unaccepted
L6:mapped:1168,6,1168.0,SL_p1_mesencephalic_reticulum,SL_p1Rt,Subcortex,L,mapped,16.453125000000007,False,1053,1053,1.0,-0.05562016804066025,-0.06917030514324286,-0.27238899466502686,cm032,unaccepted
L6:mapped:1173,6,1173.0,SL_superior_colliculus,SL_SCo,Subcortex,L,mapped,78.59375000000003,False,5030,5030,1.0,0.010644728329672507,-0.022059435382755448,-0.0907536687456511,cm032,unaccepted
L6:mapped:1175,6,1175.0,SL_inferior_colliculus,SL_ICo,Subcortex,L,mapped,58.62500000000003,False,3752,3752,1.0,-0.0901860518317616,-0.12024577293176913,-0.4786015900159961,cm032,unaccepted
L6:mapped:1176,6,1176.0,SL_saginum_nucleus,SL_Sag-RL,Subcortex,L,mapped,0.7187500000000003,False,46,46,1.0,-0.11674532255371778,-0.11588540021553097,-0.5043461540566988,cm032,unaccepted
L6:mapped:1178,6,1178.0,SL_fourth_nerve,SL_n4,Subcortex,L,mapped,1.6250000000000007,False,104,104,1.0,0.0281526973641492,-0.04034077645248735,-0.1917762228004677,cm032,unaccepted
L6:mapped:1179,6,1179.0,SL_periaqueductal_gray,SL_PAG,Subcortex,L,mapped,49.48437500000002,False,3167,3167,1.0,-0.040577069158499415,-0.08548646979654195,-0.3314793251299739,cm032,unaccepted
L6:mapped:1182,6,1182.0,SL_parabigeminal_nucleus,SL_PBG,Subcortex,L,mapped,2.6875000000000013,False,172,172,1.0,-0.6123196209817703,-0.6192806054597404,-1.8410699960533492,cm032,unaccepted
L6:mapped:1183,6,1183.0,SL_microcellular_tegmentum,SL_MiTg,Subcortex,L,mapped,5.125000000000003,False,328,328,1.0,-0.2643956739681773,-0.23356597148708774,-0.9117406085384296,cm032,unaccepted
L6:mapped:1184,6,1184.0,SL_precuneiform_nucleus,SL_PrCnF,Subcortex,L,mapped,1.5312500000000007,False,98,98,1.0,0.05363254060756878,0.05714166043237223,0.23706728940218874,cm032,unaccepted
L6:mapped:1185,6,1185.0,SL_cuneiform_nucleus,SL_CnF,Subcortex,L,mapped,8.218750000000004,False,526,526,1.0,-0.08829584898120882,-0.09857228029131603,-0.4180908676216317,cm032,unaccepted
L6:mapped:1186,6,1186.0,SL_ventrolateral_tegmentum,SL_VLTg,Subcortex,L,mapped,1.3437500000000007,False,86,86,1.0,-0.1696661079397648,-0.17471322530438704,-0.7745451363510165,cm032,unaccepted
L6:mapped:1187,6,1187.0,SL_pedunculopontine_nucleus,SL_PTg,Subcortex,L,mapped,16.546875000000007,False,1059,1059,1.0,0.04950365446375358,0.052874689353941795,0.2150129176744886,cm032,unaccepted
L6:mapped:1188,6,1188.0,SL_anterior_tegmental_nucleus,SL_ATg,Subcortex,L,mapped,1.4843750000000007,False,95,95,1.0,-0.203177326696956,-0.20298755525120243,-0.7835336047529243,cm032,unaccepted
L6:mapped:1190,6,1190.0,SL_mesencephalic_reticular_formation,SL_mRt,Subcortex,L,mapped,78.28125000000003,False,5010,5010,1.0,-0.055973178664472475,-0.04887842344082957,-0.198387785921981,cm032,unaccepted
L6:mapped:1191,6,1191.0,SL_retroisthmic_nucleus,SL_RIs,Subcortex,L,mapped,3.2031250000000013,False,205,205,1.0,-0.17562969704686984,-0.17667988477767332,-0.7594495189000107,cm032,unaccepted
L6:mapped:1194,6,1194.0,SL_oculomotor_nuclei,SL_OM,Subcortex,L,mapped,15.796875000000007,False,1011,1011,1.0,0.11215716044169413,0.06086184966595854,0.2534102152846315,cm032,unaccepted
L6:mapped:1195,6,1195.0,SL_mediolateral_fascicle,SL_mlf,Subcortex,L,mapped,18.062500000000007,False,1156,676,0.5847750865051903,0.05634013513366661,0.02796288582744054,0.11606283085520495,cm032,unaccepted
L6:mapped:1197,6,1197.0,SL_medial_Raphe,SL_MR,Subcortex,L,mapped,13.000000000000005,False,832,826,0.9927884615384616,0.11866050013861597,0.12376969906863515,0.453362554266719,cm032,unaccepted
L6:mapped:1198,6,1198.0,SL_dorsal_Raphe,SL_DR,Subcortex,L,mapped,8.203125000000004,False,525,525,1.0,0.14925971516926412,0.11103337718100392,0.45257059918464504,cm032,unaccepted
L6:mapped:1199,6,1199.0,SL_linear_Raphe,SL_LiR,Subcortex,L,mapped,11.953125000000005,False,765,764,0.9986928104575163,0.0912355012790327,0.06924298130040844,0.2641880508776835,cm032,unaccepted
L6:mapped:1202,6,1202.0,SL_red_nucleus,SL_R,Subcortex,L,mapped,35.421875000000014,False,2267,2267,1.0,0.09590792142192038,0.09050252840852893,0.3663457705435512,cm032,unaccepted
L6:mapped:1203,6,1203.0,SL_prerubral_field,SL_PR-RI,Subcortex,L,mapped,3.0468750000000013,False,195,195,1.0,0.2507694215704592,0.25827273962373226,0.9440669628985938,cm032,unaccepted
L6:mapped:1205,6,1205.0,SL_retrorubral_field,SL_RF,Subcortex,L,mapped,5.734375000000003,False,367,367,1.0,0.14563251625965115,0.1301080947981743,0.5534110388715903,cm032,unaccepted
L6:mapped:1206,6,1206.0,SL_substantia_nigra,SL_SN,Subcortex,L,mapped,111.21875000000004,False,7118,6444,0.9053104804720427,-0.20123369635806496,-0.19922372239738878,-0.758752654464913,cm032,unaccepted
L6:mapped:1207,6,1207.0,SL_ventral_tegmental_area,SL_VTA,Subcortex,L,mapped,24.42187500000001,False,1563,1378,0.8816378758797185,-0.24496807930295578,-0.039977392325277326,-0.13008228101878064,cm032,unaccepted
L6:mapped:1208,6,1208.0,SL_interpeduncular_nucleus,SL_IP,Subcortex,L,mapped,4.375000000000002,False,280,113,0.4035714285714286,-1.0024708164479408,-1.0434757761974187,-2.1801302315503426,cm032,unaccepted
L6:mapped:1209,6,1209.0,SL_oculomotor_nerve,SL_n3,Subcortex,L,mapped,6.750000000000003,False,432,262,0.6064814814814815,-0.8309840209959193,-0.8743397554023675,-1.7225022892030033,cm032,unaccepted
L6:mapped:1210,6,1210.0,SL_cerebral_peduncle,SL_cp,Subcortex,L,mapped,70.39062500000003,False,4505,1286,0.28546059933407325,-0.1986751187614674,-0.18193200118673414,-0.5406186863971961,cm032,unaccepted
L6:mapped:1215,6,1215.0,SL_lateral_parabrachial_nucleus,SL_LPB,Subcortex,L,mapped,11.281250000000005,False,722,722,1.0,-0.04659667806027406,-0.07413504912307953,-0.31566277077146654,cm032,unaccepted
L6:mapped:1216,6,1216.0,SL_medial_parabrachial_nucleus,SL_MPB,Subcortex,L,mapped,7.8593750000000036,False,503,503,1.0,0.011508646879393963,0.026550783442981847,0.11553761241634464,cm032,unaccepted
L6:mapped:1217,6,1217.0,SL_superior_cerebellar_peduncle,SL_scp,Subcortex,L,mapped,24.48437500000001,False,1567,1567,1.0,0.0332227474090032,0.036132071879163855,0.15058692966452636,cm032,unaccepted
L6:mapped:1218,6,1218.0,SL_Kolliker-Fuse_nucleus,SL_KF,Subcortex,L,mapped,2.218750000000001,False,142,142,1.0,-0.13593186044966254,-0.12304479791084957,-0.5545582532503419,cm032,unaccepted
L6:mapped:1220,6,1220.0,SL_locus-coeruleus_region,SL_LC-Me5,Subcortex,L,mapped,3.6875000000000018,False,236,236,1.0,0.017433210992669482,0.008165255219014088,0.02620046821259836,cm032,unaccepted
L6:mapped:1221,6,1221.0,SL_mesencephalic_trigeminal_nerve,SL_me5,Subcortex,L,mapped,0.3125000000000001,False,20,20,1.0,0.028420097599253402,0.02747468712648879,0.10289797223174091,cm032,unaccepted
L6:mapped:1222,6,1222.0,SL_central_gray_nucleus,SL_CG,Subcortex,L,mapped,4.187500000000002,False,268,268,1.0,-0.1678877905408351,-0.14172144273085524,-0.5504952140286281,cm032,unaccepted
L6:mapped:1224,6,1224.0,SL_lateral_dorsal_tegmentum,SL_LDTg,Subcortex,L,mapped,7.7656250000000036,False,497,497,1.0,0.12458846507074246,0.15132319243029504,0.5992082408038303,cm032,unaccepted
L6:mapped:1225,6,1225.0,SL_medial_dorsal_tegmentum,SL_MDTg,Subcortex,L,mapped,7.6562500000000036,False,490,490,1.0,-0.04278058316800268,0.019699257203482402,0.07615412959649269,cm032,unaccepted
L6:mapped:1228,6,1228.0,SL_lateral_lemniscus,SL_ll,Subcortex,L,mapped,23.67187500000001,False,1515,1488,0.9821782178217822,-0.06577423410572975,-0.05929173909111653,-0.23872536570717978,cm032,unaccepted
L6:mapped:1229,6,1229.0,SL_dorsal_lateral_leminscus_nucleus,SL_DLL,Subcortex,L,mapped,1.2187500000000004,False,78,78,1.0,-0.12421291286671231,-0.1410300152292619,-0.5757510352376558,cm032,unaccepted
L6:mapped:1230,6,1230.0,SL_intermediate+ventral_lateral_lemniscus_nuclei,SL_ILL-VLL,Subcortex,L,mapped,2.8437500000000013,False,182,182,1.0,0.08124122714148245,0.08635458790297589,0.40902781380381925,cm032,unaccepted
L6:mapped:1233,6,1233.0,SL_subceruleus,SL_SubC,Subcortex,L,mapped,13.984375000000005,False,895,626,0.6994413407821229,-0.04494900838215426,-0.021845546527858306,-0.09150199644198505,cm032,unaccepted
L6:mapped:1234,6,1234.0,SL_reticulotegmentum,SL_RtTg,Subcortex,L,mapped,17.500000000000007,False,1120,822,0.7339285714285714,0.05298515620908367,0.06377874405329984,0.28062851888873863,cm032,unaccepted
L6:mapped:1235,6,1235.0,SL_superior_cerebellar_peduncle_decussation,SL_xscp,Subcortex,L,mapped,16.156250000000007,False,1034,1028,0.9941972920696325,0.0872039010344276,0.08471457993114806,0.3200829663540992,cm032,unaccepted
L6:mapped:1236,6,1236.0,SL_pontine_reticulum_oral,SL_PnO,Subcortex,L,mapped,45.07812500000002,False,2885,2852,0.9885615251299826,-0.09558163664909763,-0.06391605024224195,-0.26399765567272093,cm032,unaccepted
L6:mapped:1237,6,1237.0,SL_pontine_reticulum_caudal,SL_PnC,Subcortex,L,mapped,42.78125000000002,False,2738,343,0.12527392257121986,0.053326534091372335,0.04926889545847176,0.2127312744757658,cm032,unaccepted
L6:mapped:1239,6,1239.0,SL_superior_olive,SL_SuO,Subcortex,L,mapped,11.500000000000005,False,736,0,0.0,,,,cm032,unaccepted
L6:mapped:1240,6,1240.0,SL_medial_lemniscus,SL_ml,Subcortex,L,mapped,35.640625000000014,False,2281,607,0.2661113546690048,-0.23517053354274894,-0.24723682448497783,-1.1085782557269646,cm032,unaccepted
L6:mapped:1241,6,1241.0,SL_trapezoid_bundle_region,SL_tz,Subcortex,L,mapped,9.359375000000004,False,599,0,0.0,,,,cm032,unaccepted
L6:mapped:1243,6,1243.0,SL_pontine_nucleus,SL_Pn,Subcortex,L,mapped,254.6875000000001,False,16300,3290,0.201840490797546,-0.21513331573929334,-0.06449695523811488,-0.12321894406175654,cm032,unaccepted
L6:mapped:1245,6,1245.0,SL_sensory_root_of_the_trigeminal_nerve,SL_s5,Subcortex,L,mapped,14.656250000000007,False,938,131,0.1396588486140725,-0.17942832163313618,-0.15890243815616914,-0.6439149606425115,cm032,unaccepted
L6:mapped:1246,6,1246.0,SL_transverse_fibers,SL_tfp,Subcortex,L,mapped,9.171875000000004,False,587,0,0.0,,,,cm032,unaccepted
L6:mapped:1247,6,1247.0,SL_medial_cerebellar_peduncle,SL_mcp,Subcortex,L,mapped,214.40625000000009,False,13722,6548,0.4771899140067046,-0.05615896102710594,-0.017720514068156876,-0.07875888469499857,cm032,unaccepted
L6:mapped:1250,6,1250.0,SL_inferior_cerebellar_peduncle,SL_icp,Subcortex,L,mapped,27.71875000000001,False,1774,319,0.1798196166854566,-0.0073337365202671536,-0.046941378504865044,-0.19287102581737617,cm032,unaccepted
L6:mapped:1251,6,1251.0,SL_olivocerebellar_tract,SL_oc,Subcortex,L,mapped,21.20312500000001,False,1357,750,0.552689756816507,0.031583633207117004,0.009606452554472915,0.05317979215454879,cm032,unaccepted
L6:mapped:1253,6,1253.0,SL_lateral_cerebellar_nucleus,SL_Lat,Subcortex,L,mapped,54.62500000000002,False,3496,3296,0.9427917620137299,-0.08254878391554454,-0.08451320716310111,-0.32090348183796513,cm032,unaccepted
L6:mapped:1255,6,1255.0,SL_anterior_interposed_cerebellar_nucleus,SL_IntA,Subcortex,L,mapped,15.062500000000007,False,964,964,1.0,0.051409863228922645,0.07407783683850304,0.29303795718409387,cm032,unaccepted
L6:mapped:1256,6,1256.0,SL_posterior_interposed_cerebellar_nucleus,SL_IntP,Subcortex,L,mapped,41.04687500000002,False,2627,2627,1.0,-0.011541809217897868,-0.030450204849117146,-0.1101964923686578,cm032,unaccepted
L6:mapped:1257,6,1257.0,SL_fastigial_cerebellar_nucleus,SL_Fas,Subcortex,L,mapped,19.453125000000007,False,1245,1245,1.0,0.29606770416333367,0.2138376121733528,0.5992675319368476,cm032,unaccepted
L6:mapped:1260,6,1260.0,SL_flocculus,SL_Fl,Subcortex,L,mapped,110.84375000000004,False,7094,222,0.03129405131096701,-0.05169990533112695,-0.012762313786590918,-0.04757388211111219,cm032,unaccepted
L6:mapped:1261,6,1261.0,SL_paraflocculus,SL_PFl,Subcortex,L,mapped,277.7812500000001,False,17778,3103,0.17454156823039713,-0.11291370172792503,-0.09517102441296679,-0.41584037086265163,cm032,unaccepted
L6:mapped:1264,6,1264.0,SL_cerebellar_lobule_1_vermis,SL_Cb1V,Subcortex,L,mapped,13.937500000000005,False,892,892,1.0,-0.13920219057157693,-0.1052840027399119,-0.3784401643917524,cm032,unaccepted
L6:mapped:1265,6,1265.0,SL_cerebellar_lobule_2_vermis,SL_Cb2V,Subcortex,L,mapped,23.07812500000001,False,1477,1477,1.0,0.10061844264218088,0.028290093935850816,0.06532799602918046,cm032,unaccepted
L6:mapped:1266,6,1266.0,SL_cerebellar_lobule_3_vermis,SL_Cb3V,Subcortex,L,mapped,42.21875000000002,False,2702,2702,1.0,0.10253130577630849,0.09486219704184759,0.3822978394341593,cm032,unaccepted
L6:mapped:1267,6,1267.0,SL_cerebellar_lobule_4_vermis,SL_Cb4V,Subcortex,L,mapped,131.23437500000006,False,8399,8399,1.0,0.02781166350215612,0.05040191111891626,0.2061268397279148,cm032,unaccepted
L6:mapped:1268,6,1268.0,SL_cerebellar_lobule_5_vermis,SL_Cb5V,Subcortex,L,mapped,270.0781250000001,False,17285,17285,1.0,0.001831306265352682,0.010764299871672378,0.0431381321504469,cm032,unaccepted
L6:mapped:1270,6,1270.0,SL_cerebellar_lobule_6_vermis,SL_Cb6V,Subcortex,L,mapped,207.89062500000009,False,13305,13240,0.9951146185644495,0.03282683059562452,0.041855325439562996,0.16654647427384184,cm032,unaccepted
L6:mapped:1271,6,1271.0,SL_cerebellar_lobule_7_vermis,SL_Cb7V,Subcortex,L,mapped,102.93750000000004,False,6588,5412,0.8214936247723132,-0.029238397748450606,-0.026417764662075086,-0.1006080288002426,cm032,unaccepted
L6:mapped:1272,6,1272.0,SL_cerebellar_lobule_8_vermis,SL_Cb8V,Subcortex,L,mapped,34.812500000000014,False,2228,703,0.31552962298025133,0.006012151666696421,0.06151711331252646,0.2602781946094763,cm032,unaccepted
L6:mapped:1273,6,1273.0,SL_cerebellar_lobule_9_vermis,SL_Cb9V,Subcortex,L,mapped,68.92187500000003,False,4411,1429,0.3239628202221718,0.2952490461638746,0.3158505117672279,1.3134082318393545,cm032,unaccepted
L6:mapped:1274,6,1274.0,SL_cerebellar_lobule_10_vermis,SL_Cb10V,Subcortex,L,mapped,85.71875000000004,False,5486,4000,0.7291286912139993,0.2692209143391865,0.27138811780509087,1.185153152820311,cm032,unaccepted
L6:mapped:1276,6,1276.0,SL_cerebellar_lobule_3_intermediate,SL_Cb3I,Subcortex,L,mapped,31.937500000000014,False,2044,2044,1.0,0.04687832456172319,0.05553248275416679,0.22519773488699144,cm032,unaccepted
L6:mapped:1277,6,1277.0,SL_cerebellar_lobule_4_intermediate,SL_Cb4I,Subcortex,L,mapped,66.62500000000003,False,4264,4264,1.0,-0.1252038127832648,-0.12557059393369222,-0.4531095369119572,cm032,unaccepted
L6:mapped:1278,6,1278.0,SL_cerebellar_lobule_5_intermediate,SL_Cb5I,Subcortex,L,mapped,160.43750000000009,False,10268,10268,1.0,-0.05021911611051433,-0.059403547577093666,-0.23594991479629673,cm032,unaccepted
L6:mapped:1279,6,1279.0,SL_cerebellar_lobule_6_intermediate,SL_Cb6I,Subcortex,L,mapped,137.14062500000006,False,8777,8719,0.9933918195283127,-0.004347351071044012,0.0018607764863505794,0.009169651991350614,cm032,unaccepted
L6:mapped:1280,6,1280.0,SL_copula_of_the_pyramis,SL_Cop,Subcortex,L,mapped,113.28125000000006,False,7250,1342,0.18510344827586206,0.1366728827833789,0.15024351149349224,0.703731929868787,cm032,unaccepted
L6:mapped:1281,6,1281.0,SL_simple_lobule,SL_Sim,Subcortex,L,mapped,277.1250000000001,False,17736,17405,0.9813373928732522,-0.10594046871338293,-0.11289485205799202,-0.4554236322052393,cm032,unaccepted
L6:mapped:1282,6,1282.0,SL_paramedian_lobule,SL_PM,Subcortex,L,mapped,384.18750000000017,False,24588,9359,0.3806328290222873,0.023914472308661852,0.033931191866827526,0.1527096112115237,cm032,unaccepted
L6:mapped:1284,6,1284.0,SL_ansiform_lobule_crus1,SL_Crus1,Subcortex,L,mapped,395.84375000000017,False,25334,9264,0.36567458751085496,-0.13130784760047412,-0.1484576224795029,-0.6186075333538277,cm032,unaccepted
L6:mapped:1285,6,1285.0,SL_ansiform_lobule_crus2,SL_Crus2,Subcortex,L,mapped,322.03125000000017,False,20610,12623,0.6124696749150897,0.07081514770244718,0.0753812060840474,0.32349259073803627,cm032,unaccepted
L6:mapped:1290,6,1290.0,SL_vestibular_nucleus,SL_Ve,Subcortex,L,mapped,62.18750000000003,False,3980,1933,0.485678391959799,-0.05875942350303711,-0.06828291886365594,-0.26199380010255424,cm032,unaccepted
L6:mapped:1291,6,1291.0,SL_cochlear_nucleus,SL_DVC,Subcortex,L,mapped,11.640625000000005,False,745,9,0.012080536912751677,-0.008698854544689475,-0.030592659973900743,-0.12599324332604078,cm032,unaccepted
L6:mapped:1292,6,1292.0,SL_vestibulochoclear_nerve,SL_n8,Subcortex,L,mapped,10.156250000000005,False,650,66,0.10153846153846154,-0.050452313035206066,-0.06205703001904653,-0.26339975248246195,cm032,unaccepted
L6:mapped:1293,6,1293.0,SL_prepositus_nucleus,SL_Pr,Subcortex,L,mapped,5.156250000000003,False,330,158,0.47878787878787876,-0.03656142491975304,-0.02136798319274791,-0.07854960324860849,cm032,unaccepted
L6:mapped:1295,6,1295.0,SL_motor_trigeminal_nucleus,SL_Nu5,Subcortex,L,mapped,7.5468750000000036,False,483,474,0.9813664596273292,0.03869113025363911,0.04615184233705544,0.20065658178570883,cm032,unaccepted
L6:mapped:1296,6,1296.0,SL_principal_trigeminal_nucleus,SL_Pr5,Subcortex,L,mapped,11.625000000000005,False,744,277,0.37231182795698925,-0.05408248864360751,-0.052848936315177696,-0.23625773843886752,cm032,unaccepted
L6:mapped:1298,6,1298.0,SL_spinal_trigeminal_nucleus_oral,SL_Sp5O,Subcortex,L,mapped,4.765625000000002,False,305,0,0.0,,,,cm032,unaccepted
L6:mapped:1299,6,1299.0,SL_spinal_trigeminal_nucleus_intermediate,SL_Sp5I,Subcortex,L,mapped,23.60937500000001,False,1511,0,0.0,,,,cm032,unaccepted
L6:mapped:1300,6,1300.0,SL_spinal_trigeminal_nucleus_caudal,SL_Sp5C,Subcortex,L,mapped,9.984375000000004,False,639,0,0.0,,,,cm032,unaccepted
L6:mapped:1302,6,1302.0,SL_cuneate_gracile_nuclei,SL_CuGr,Subcortex,L,mapped,53.35937500000002,False,3415,15,0.004392386530014641,-0.004101563386219386,-0.00041502216625866837,-0.0018127437067091078,cm032,unaccepted
L6:mapped:1303,6,1303.0,SL_obex,SL_obex,Subcortex,L,mapped,0.12500000000000006,False,8,0,0.0,,,,cm032,unaccepted
L6:mapped:1304,6,1304.0,SL_solitary_tract_nucleus,SL_Sol,Subcortex,L,mapped,18.828125000000007,False,1205,122,0.1012448132780083,0.1151541186026299,0.10299956018276736,0.5084674605538622,cm032,unaccepted
L6:mapped:1305,6,1305.0,SL_visceral_motor_nuclei,SL_Nu10-12,Subcortex,L,mapped,6.875000000000003,False,440,47,0.10681818181818181,0.1888792497402535,0.1889136870001102,0.9729283472445152,cm032,unaccepted
L6:mapped:1308,6,1308.0,SL_abducens_motor_nucleus,SL_Nu6,Subcortex,L,mapped,5.875000000000003,False,376,198,0.526595744680851,-0.09277243385205602,-0.07691771523187402,-0.2968498194799284,cm032,unaccepted
L6:mapped:1309,6,1309.0,SL_facial_motor_nucleus,SL_Nu7,Subcortex,L,mapped,4.906250000000002,False,314,0,0.0,,,,cm032,unaccepted
L6:mapped:1311,6,1311.0,SL_parvicellular_and_intermediate_reticular_nuclei,SL_PCIRt,Subcortex,L,mapped,31.406250000000014,False,2010,10,0.004975124378109453,-0.05614162233263089,-0.054179593307236915,-0.23207779803002432,cm032,unaccepted
L6:mapped:1312,6,1312.0,SL_dorsal_paragigantocellular_reticular_nucleus,SL_DPGi,Subcortex,L,mapped,6.125000000000003,False,392,17,0.04336734693877551,0.08267585372786901,0.08612289530331393,0.33372090861324755,cm032,unaccepted
L6:mapped:1313,6,1313.0,SL_gigantocellular_reticular_nucleus,SL_Gi,Subcortex,L,mapped,70.50000000000003,False,4512,0,0.0,,,,cm032,unaccepted
L6:mapped:1314,6,1314.0,SL_medullar_reticular_nucleus,SL_MdRt,Subcortex,L,mapped,13.031250000000005,False,834,0,0.0,,,,cm032,unaccepted
L6:mapped:1316,6,1316.0,SL_Raphe_magnus_nucleus,SL_RMg,Subcortex,L,mapped,1.6718750000000007,False,107,0,0.0,,,,cm032,unaccepted
L6:mapped:1317,6,1317.0,SL_Raphe_obscurus_nucleus,SL_ROb,Subcortex,L,mapped,1.2656250000000007,False,81,0,0.0,,,,cm032,unaccepted
L6:mapped:1320,6,1320.0,SL_inferior_olive,SL_InO,Subcortex,L,mapped,52.23437500000002,False,3343,0,0.0,,,,cm032,unaccepted
L6:mapped:1321,6,1321.0,SL_lateral_reticular_nucleus,SL_LRt,Subcortex,L,mapped,12.468750000000005,False,798,0,0.0,,,,cm032,unaccepted
L6:mapped:1323,6,1323.0,SL_pyramidal_tract,SL_py,Subcortex,L,mapped,46.54687500000002,False,2979,0,0.0,,,,cm032,unaccepted
L6:mapped:1325,6,1325.0,SL_corticospinal_tract,SL_cst,Subcortex,L,mapped,0.34375000000000017,False,22,0,0.0,,,,cm032,unaccepted
L6:mapped:1504,6,1504.0,SR_claustrum,SR_Cl,Subcortex,R,mapped,255.1562500000001,False,16330,16121,0.9872014696876914,2.401772787986307,2.220230436620541,7.809256607338231,cm032,unaccepted
L6:mapped:1507,6,1507.0,SR_dorsal_endopiriform_claustrum,SR_DEn,Subcortex,R,mapped,14.203125000000007,False,909,909,1.0,3.5301967912726475,3.505004776039805,9.078551163487752,cm032,unaccepted
L6:mapped:1508,6,1508.0,SR_ventral_endopiriform_claustrum,SR_VEn,Subcortex,R,mapped,9.515625000000004,False,609,609,1.0,3.649559809742016,3.7697605453742478,11.276250646149812,cm032,unaccepted
L6:mapped:1509,6,1509.0,SR_piriform_cortex,SR_Pir,Subcortex,R,mapped,30.796875000000014,False,1971,873,0.4429223744292237,1.1434303627645146,1.0822537252851432,3.071063248065655,cm032,unaccepted
L6:mapped:1514,6,1514.0,SR_dentate_gyrus_anterior,SR_DGA,Subcortex,R,mapped,91.18750000000004,False,5836,840,0.1439342015078821,0.42907285644938836,0.4290220389209257,1.493879122344268,cm032,unaccepted
L6:mapped:1515,6,1515.0,SR_CA1_3_anterior,SR_CAA,Subcortex,R,mapped,180.68750000000009,False,11564,3263,0.28216879972327913,0.5446892359382985,0.5452044263480617,1.7361593303197342,cm032,unaccepted
L6:mapped:1516,6,1516.0,SR_subicular_complex_anterior,SR_SA,Subcortex,R,mapped,81.28125000000004,False,5202,194,0.03729334871203383,0.3504501627908027,0.30115901909934006,1.2431332266528856,cm032,unaccepted
L6:mapped:1519,6,1519.0,SR_dentate_gyrus_posterior,SR_DGP,Subcortex,R,mapped,26.17187500000001,False,1675,1091,0.6513432835820896,0.39744958597466223,0.4221722092187104,1.6514112534629573,cm032,unaccepted
L6:mapped:1520,6,1520.0,SR_CA1_3_posterior,SR_CAP,Subcortex,R,mapped,88.10937500000004,False,5639,3542,0.6281255541762724,0.22337005213565486,0.23266256482540987,0.8911616207393611,cm032,unaccepted
L6:mapped:1521,6,1521.0,SR_subicular_complex_posterior,SR_SP,Subcortex,R,mapped,52.06250000000002,False,3332,3151,0.9456782713085234,0.5264910666077492,0.33676588984569583,1.2472251013529803,cm032,unaccepted
L6:mapped:1522,6,1522.0,SR_fimbria,SR_fi,Subcortex,R,mapped,12.593750000000005,False,806,806,1.0,0.1454965873565619,0.1679976445880124,0.6304355090935428,cm032,unaccepted
L6:mapped:1523,6,1523.0,SR_fornix,SR_f,Subcortex,R,mapped,43.40625000000002,False,2778,2778,1.0,0.2943894999475535,0.21838677673375323,0.8850828373350248,cm032,unaccepted
L6:mapped:1527,6,1527.0,SR_basomedial_amygdaloid_nucleus,SR_BM,Subcortex,R,mapped,47.84375000000002,False,3062,2742,0.8954931417374266,1.5022979154169345,1.4466625443665433,3.677938610951613,cm032,unaccepted
L6:mapped:1528,6,1528.0,SR_ventral_cortical_amygdaloid_nucleus,SR_VCo,Subcortex,R,mapped,22.76562500000001,False,1457,710,0.48730267673301303,0.9107503052579041,0.6717332681717051,1.4115289317390998,cm032,unaccepted
L6:mapped:1529,6,1529.0,SR_amygdalohippocampal_area,SR_AHi,Subcortex,R,mapped,17.203125000000007,False,1101,645,0.5858310626702997,0.3572143340138203,0.30729351463864846,0.6716371333056361,cm032,unaccepted
L6:mapped:1532,6,1532.0,SR_lateral_dorsal_amygdaloid_nucleus,SR_LaD,Subcortex,R,mapped,22.29687500000001,False,1427,1427,1.0,2.1270079748063364,2.1254569225517486,6.540693895844953,cm032,unaccepted
L6:mapped:1533,6,1533.0,SR_lateral_ventral_amygdaloid_nucleus,SR_LaV,Subcortex,R,mapped,18.531250000000007,False,1186,1186,1.0,1.9740359036762438,1.8998713160694511,4.8157593385414525,cm032,unaccepted
L6:mapped:1534,6,1534.0,SR_amygdalopiriform_transition_area,SR_APir,Subcortex,R,mapped,27.85937500000001,False,1783,64,0.0358945597307908,0.2839088350366167,0.2716837595141809,0.7061572200305626,cm032,unaccepted
L6:mapped:1536,6,1536.0,SR_basolateral_dorsal_amygdaloid_nucleus,SR_BLD,Subcortex,R,mapped,14.546875000000007,False,931,931,1.0,2.6271213737310757,2.5764923295113813,6.943790303914268,cm032,unaccepted
L6:mapped:1537,6,1537.0,SR_basolateral_intermediate_amygdaloid_nucleus,SR_BLI,Subcortex,R,mapped,13.343750000000005,False,854,854,1.0,1.955036090623669,1.92541126848603,4.835061035627509,cm032,unaccepted
L6:mapped:1538,6,1538.0,SR_basolateral_ventral_amygdaloid_nucleus,SR_BLV,Subcortex,R,mapped,19.656250000000007,False,1258,946,0.7519872813990461,1.1150769334568087,0.9998194524202378,2.5451110709929763,cm032,unaccepted
L6:mapped:1539,6,1539.0,SR_paralaminar_amygdaloid_nucleus,SR_PaL,Subcortex,R,mapped,13.750000000000005,False,880,602,0.6840909090909091,0.8296132976688579,0.7958030777424563,1.9155432277519053,cm032,unaccepted
L6:mapped:1542,6,1542.0,SR_central_amygdaloid_nucleus,SR_Ce,Subcortex,R,mapped,13.843750000000005,False,886,886,1.0,1.9150546586108164,2.085361832527904,6.720425581889245,cm032,unaccepted
L6:mapped:1544,6,1544.0,SR_medial_amygdaloid_nucleus,SR_Me,Subcortex,R,mapped,16.984375000000007,False,1087,1037,0.954001839926403,1.5137817469293133,1.4959015538079408,3.6711185242229267,cm032,unaccepted
L6:mapped:1545,6,1545.0,SR_anterior_amygdaloid_area,SR_AA,Subcortex,R,mapped,23.73437500000001,False,1519,1497,0.9855167873601053,2.7190678602665868,2.706141501699144,7.89815770652981,cm032,unaccepted
L6:mapped:1547,6,1547.0,SR_extended_amygdala,SR_EA,Subcortex,R,mapped,9.140625000000004,False,585,550,0.9401709401709402,1.7785870224782836,1.197416761417539,3.9457086262775625,cm032,unaccepted
L6:mapped:1548,6,1548.0,SR_posterior_interstitial_nucleus,SR_IPAC,Subcortex,R,mapped,4.906250000000002,False,314,314,1.0,3.788127208037653,3.801416172982936,12.466539102212177,cm032,unaccepted
L6:mapped:1549,6,1549.0,SR_intraamygdaloid_stria_terminalis,SR_STIA,Subcortex,R,mapped,15.593750000000007,False,998,418,0.4188376753507014,0.22677126576053236,0.03310265167761344,0.025524819113184015,cm032,unaccepted
L6:mapped:1554,6,1554.0,SR_caudate_head,SR_CdH,Subcortex,R,mapped,566.5156250000002,False,36257,36257,1.0,0.1738926420355583,0.10987892903895213,0.4244523724997359,cm032,unaccepted
L6:mapped:1555,6,1555.0,SR_caudate_tail,SR_CdT,Subcortex,R,mapped,83.04687500000004,False,5315,3902,0.7341486359360301,-0.0021444424169826328,0.04149608107861946,0.16507881496601992,cm032,unaccepted
L6:mapped:1556,6,1556.0,SR_putamen,SR_Pu,Subcortex,R,mapped,895.1093750000003,False,57287,56255,0.9819854417232531,0.9348297100997814,0.5442397029614945,2.0485767470109932,cm032,unaccepted
L6:mapped:1557,6,1557.0,SR_amygdalostriatal_transition,SR_ASt,Subcortex,R,mapped,33.812500000000014,False,2164,2146,0.9916820702402958,1.94673410160332,2.0449155940735824,7.026448944049504,cm032,unaccepted
L6:mapped:1558,6,1558.0,SR_internal_capsule,SR_ic,Subcortex,R,mapped,230.7343750000001,False,14767,14717,0.9966140719171125,0.17810874158637402,0.1250185427827818,0.49966895775641607,cm032,unaccepted
L6:mapped:1560,6,1560.0,SR_accumbens,SR_Acb,Subcortex,R,mapped,94.96875000000004,False,6078,3753,0.6174728529121422,0.4311419964733537,0.20478407082089378,0.6457460799447937,cm032,unaccepted
L6:mapped:1561,6,1561.0,SR_olfactory_tubercule,SR_Tu,Subcortex,R,mapped,18.234375000000007,False,1167,51,0.043701799485861184,0.14058902453179506,0.015801581981909566,0.046106998408873154,cm032,unaccepted
L6:mapped:1564,6,1564.0,SR_external_globus_pallidus,SR_EGP,Subcortex,R,mapped,150.71875000000006,False,9646,9607,0.9959568733153639,0.6598918127923157,0.5122490399199322,1.9570023726411079,cm032,unaccepted
L6:mapped:1565,6,1565.0,SR_internal_globus_pallidus,SR_IGP,Subcortex,R,mapped,82.67187500000004,False,5291,5291,1.0,1.0067441009254368,0.807899357538597,2.7822522304949255,cm032,unaccepted
L6:mapped:1566,6,1566.0,SR_ansa_lenticularis,SR_al,Subcortex,R,mapped,6.375000000000003,False,408,404,0.9901960784313726,1.0745706902079106,0.9251499276946993,2.9762040313390026,cm032,unaccepted
L6:mapped:1567,6,1567.0,SR_anterior_commissure,SR_ac,Subcortex,R,mapped,77.82812500000003,False,4981,4981,1.0,1.8901813107799095,1.8898964865505552,6.841655197644347,cm032,unaccepted
L6:mapped:1568,6,1568.0,SR_ventral_pallidum,SR_VP,Subcortex,R,mapped,21.00000000000001,False,1344,1227,0.9129464285714286,1.8349266907165742,1.456039492276113,4.626985149092255,cm032,unaccepted
L6:mapped:1571,6,1571.0,SR_peri-basal_region,SR_PeB,Subcortex,R,mapped,12.453125000000005,False,797,463,0.5809284818067754,3.466930460193949,3.81025702500094,11.817962287856906,cm032,unaccepted
L6:mapped:1572,6,1572.0,SR_basal_nucleus,SR_B,Subcortex,R,mapped,25.54687500000001,False,1635,1556,0.9516819571865444,1.9342624737695049,1.880916109097913,6.387069287884127,cm032,unaccepted
L6:mapped:1573,6,1573.0,SR_bed_nucleus_of_the_stria_terminalis,SR_ST,Subcortex,R,mapped,42.00000000000002,False,2688,2688,1.0,0.3507138392861953,0.3392850236212838,1.3055365410744075,cm032,unaccepted
L6:mapped:1575,6,1575.0,SR_septimbrial_nucleus,SR_SFi,Subcortex,R,mapped,11.359375000000005,False,727,727,1.0,0.61957632001009,0.6354325742152725,2.5576178546356436,cm032,unaccepted
L6:mapped:1576,6,1576.0,SR_septum_diagonal_band,SR_SDB,Subcortex,R,mapped,91.34375000000004,False,5846,4888,0.8361272665070133,0.18438608963991557,0.2318335270462915,0.888610729021587,cm032,unaccepted
L6:mapped:1578,6,1578.0,SR_optic_tract,SR_opt,Subcortex,R,mapped,151.82812500000006,False,9717,3321,0.34177215189873417,0.869455340588533,0.6139484680791996,1.685456675762246,cm032,unaccepted
L6:mapped:1580,6,1580.0,SR_preoptic_area,SR_PO,Subcortex,R,mapped,21.90625000000001,False,1402,1005,0.7168330955777461,-0.2475823799986526,-0.2742642854016135,-0.9032426310248252,cm032,unaccepted
L6:mapped:1581,6,1581.0,SR_lamina_terminalis,SR_LTer-VOLT,Subcortex,R,mapped,0.9375000000000004,False,60,0,0.0,,,,cm032,unaccepted
L6:mapped:1586,6,1586.0,SR_paraventricular_hypothalamus,SR_Pa,Subcortex,R,mapped,10.812500000000005,False,692,692,1.0,0.15387742181579023,0.15658031145003046,0.599476003869815,cm032,unaccepted
L6:mapped:1588,6,1588.0,SR_ventromedial_hypothalamic_nucleus,SR_VMH,Subcortex,R,mapped,16.000000000000007,False,1024,366,0.357421875,-0.04965930946528403,-0.08548324631826243,-0.280389479654899,cm032,unaccepted
L6:mapped:1589,6,1589.0,SR_medial_eminence,SR_MEm,Subcortex,R,mapped,3.7187500000000018,False,238,21,0.08823529411764706,0.3671535135124355,0.3532381705970704,0.8135172008151818,cm032,unaccepted
L6:mapped:1590,6,1590.0,SR_arcuate_nucleus,SR_Arc,Subcortex,R,mapped,9.687500000000004,False,620,84,0.13548387096774195,0.5062428021908624,0.5103647180828967,1.1824111609553811,cm032,unaccepted
L6:mapped:1592,6,1592.0,SR_supraoptic_hypothalamus,SR_SOpt,Subcortex,R,mapped,1.2968750000000007,False,83,65,0.7831325301204819,-0.41421075289559695,-0.43986138456797524,-1.2942828535126154,cm032,unaccepted
L6:mapped:1593,6,1593.0,SR_anterior_hypothalamic_area,SR_AH,Subcortex,R,mapped,8.609375000000004,False,551,549,0.9963702359346642,-0.3633048012611663,-0.3593528606514729,-1.0638879638229208,cm032,unaccepted
L6:mapped:1594,6,1594.0,SR_dorsal_medial_hypothalamic_nucleus,SR_DM,Subcortex,R,mapped,4.875000000000002,False,312,312,1.0,-0.15189927445853255,-0.08414240416297257,-0.3206522735487388,cm032,unaccepted
L6:mapped:1596,6,1596.0,SR_lateral_hypothalamic_area,SR_LH,Subcortex,R,mapped,17.156250000000007,False,1098,1090,0.9927140255009107,0.8543015428094496,0.08005460303202366,0.25117773093950835,cm032,unaccepted
L6:mapped:1597,6,1597.0,SR_juxtaparaventricular_lateral_hypothalamus,SR_JPLH,Subcortex,R,mapped,3.4375000000000013,False,220,220,1.0,0.2621950005794504,0.2733275920007706,1.093068089566568,cm032,unaccepted
L6:mapped:1598,6,1598.0,SR_peduncular_lateral_hypothalamus,SR_PLH,Subcortex,R,mapped,56.84375000000003,False,3638,2800,0.7696536558548653,1.153754348630951,0.851029695357454,2.302546983543756,cm032,unaccepted
L6:mapped:1599,6,1599.0,SR_subthalamic_nucleus,SR_STh,Subcortex,R,mapped,22.20312500000001,False,1421,1392,0.9795918367346939,0.729657371536661,0.3933348458957606,1.1647992847142576,cm032,unaccepted
L6:mapped:1602,6,1602.0,SR_posterior_hypothalamic_nucleus,SR_PH,Subcortex,R,mapped,21.87500000000001,False,1400,1247,0.8907142857142857,0.1720267175754497,0.14127249730336286,0.44709690587447987,cm032,unaccepted
L6:mapped:1604,6,1604.0,SR_prefornical_hypothalamus,SR_PeF,Subcortex,R,mapped,1.3906250000000007,False,89,82,0.9213483146067416,-0.7156397901339515,-0.7023178535365706,-2.3841952153426575,cm032,unaccepted
L6:mapped:1606,6,1606.0,SR_retromammillary_hypothalamus,SR_RM,Subcortex,R,mapped,3.5000000000000018,False,224,170,0.7589285714285714,0.19770382229290312,0.23706418493168613,0.7583492522434063,cm032,unaccepted
L6:mapped:1607,6,1607.0,SR_mammillary_hypothalamus,SR_MM,Subcortex,R,mapped,10.078125000000005,False,645,84,0.13023255813953488,-0.38069492630579266,-0.3960639004784957,-1.477078793062784,cm032,unaccepted
L6:mapped:1609,6,1609.0,SR_anterior_pituitary,SR_APit,Subcortex,R,mapped,29.906250000000014,False,1914,0,0.0,,,,cm032,unaccepted
L6:mapped:1610,6,1610.0,SR_posterior_pituitary,SR_PPit,Subcortex,R,mapped,14.390625000000007,False,921,0,0.0,,,,cm032,unaccepted
L6:mapped:1612,6,1612.0,SR_zona_incerta_and_lenticular_fascicles,SR_ZI-H,Subcortex,R,mapped,37.375000000000014,False,2392,2392,1.0,0.22775755252700827,0.16663512889454754,0.5850140704247629,cm032,unaccepted
L6:mapped:1614,6,1614.0,SR_reticular_thalamus,SR_Rt,Subcortex,R,mapped,68.90625000000003,False,4410,4410,1.0,-0.20025150919801718,-0.25612078726280973,-1.0460188304318603,cm032,unaccepted
L6:mapped:1617,6,1617.0,SR_anterior_thalamus,SR_A,Subcortex,R,mapped,17.796875000000007,False,1139,1139,1.0,0.4424422115742498,0.5149773474092277,2.093500598950826,cm032,unaccepted
L6:mapped:1618,6,1618.0,SR_capsule_of_the_antherior_thalamus,SR_caps,Subcortex,R,mapped,5.078125000000003,False,325,325,1.0,0.5787151734605247,0.5836129261803131,2.386420352455907,cm032,unaccepted
L6:mapped:1620,6,1620.0,SR_centrolateral_and_paracentral_thalamus,SR_CL-PC,Subcortex,R,mapped,36.468750000000014,False,2334,2334,1.0,0.23679751658722814,0.2705324471947065,1.0799750747649017,cm032,unaccepted
L6:mapped:1621,6,1621.0,SR_centromedial-parafascicular_thalamus,SR_CMn-PF,Subcortex,R,mapped,50.56250000000002,False,3236,3236,1.0,0.2019692442343216,0.23843965252816368,0.9829899117630928,cm032,unaccepted
L6:mapped:1623,6,1623.0,SR_subparafascicular_nucleus,SR_SPFPC,Subcortex,R,mapped,8.187500000000004,False,524,524,1.0,0.13716060352326367,0.19290959907188804,0.784006353985836,cm032,unaccepted
L6:mapped:1624,6,1624.0,SR_supra_geniculate,SR_SG,Subcortex,R,mapped,1.7343750000000007,False,111,111,1.0,0.3585207821460191,0.3386034215791271,1.3684230765210854,cm032,unaccepted
L6:mapped:1625,6,1625.0,SR_limitans_thalamus,SR_Lim,Subcortex,R,mapped,9.593750000000004,False,614,614,1.0,0.07077007047513004,0.04372211714015212,0.1794097940612038,cm032,unaccepted
L6:mapped:1626,6,1626.0,SR_mediodorsal_thalamus,SR_MD,Subcortex,R,mapped,78.81250000000003,False,5044,5044,1.0,0.08543074400629724,0.0013611877052397622,0.014151502159717395,cm032,unaccepted
L6:mapped:1628,6,1628.0,SR_intermediodorsal_thalamus,SR_IMD,Subcortex,R,mapped,11.781250000000005,False,754,754,1.0,1.0432865909927085,1.1059096875955527,4.451115873305806,cm032,unaccepted
L6:mapped:1629,6,1629.0,SR_paratenial-paraventral-thalamus,SR_PT-PV-sm,Subcortex,R,mapped,18.781250000000007,False,1202,1202,1.0,0.7521137206583023,0.7012022289124786,2.8236673160116403,cm032,unaccepted
L6:mapped:1630,6,1630.0,SR_paraventricular_posterior_thalamus,SR_PVP,Subcortex,R,mapped,1.9218750000000009,False,123,123,1.0,0.1113610214553945,0.12190772133335079,0.49945570187217236,cm032,unaccepted
L6:mapped:1631,6,1631.0,SR_paraventricular_anterior_thalamus,SR_PVA,Subcortex,R,mapped,2.6562500000000013,False,170,170,1.0,0.3969995366163548,0.3734864095063245,1.4478908098745977,cm032,unaccepted
L6:mapped:1632,6,1632.0,SR_interanteromedial_thalamus,SR_IAM,Subcortex,R,mapped,4.687500000000002,False,300,300,1.0,0.8731518461079985,0.9139877990959666,3.698549099426251,cm032,unaccepted
L6:mapped:1633,6,1633.0,SR_central_medial_thalamus,SR_CM,Subcortex,R,mapped,12.453125000000005,False,797,797,1.0,0.6427794308050265,0.6236828502646029,2.5311990605638153,cm032,unaccepted
L6:mapped:1634,6,1634.0,SR_Reuniens-rhomboid-xiphoid_thalamus,SR_Re-Rh-Xi,Subcortex,R,mapped,18.937500000000007,False,1212,1212,1.0,0.2954529481201423,0.31514049738567224,1.219487075877145,cm032,unaccepted
L6:mapped:1637,6,1637.0,SR_ventral_anterior_thalamus,SR_VA,Subcortex,R,mapped,48.87500000000002,False,3128,3128,1.0,0.10903626191415554,0.1067805346295885,0.4370227162751069,cm032,unaccepted
L6:mapped:1638,6,1638.0,SR_ventral_lateral_anterior_thalamus,SR_VLA,Subcortex,R,mapped,46.85937500000002,False,2999,2999,1.0,-0.11293080776317806,-0.08877715389981625,-0.36094653144126937,cm032,unaccepted
L6:mapped:1640,6,1640.0,SR_ventral_lateral_x_thalamus,SR_VLX,Subcortex,R,mapped,11.500000000000005,False,736,736,1.0,-0.007793977628157729,-0.0017795094919829807,0.00489963522115619,cm032,unaccepted
L6:mapped:1641,6,1641.0,SR_ventral_lateral_posteroventral_thalamus,SR_VLPV,Subcortex,R,mapped,65.56250000000003,False,4196,4196,1.0,-0.04939734383862667,-0.07351303371083417,-0.2985947735846973,cm032,unaccepted
L6:mapped:1642,6,1642.0,SR_ventral_lateral_posterodorsal_thalamus,SR_VLPD,Subcortex,R,mapped,30.421875000000014,False,1947,1947,1.0,-0.21407003453734036,-0.18971876799863818,-0.7601228861806724,cm032,unaccepted
L6:mapped:1644,6,1644.0,SR_ventroposterior_medial_and_lateral_thalamus,SR_VPM-VPL,Subcortex,R,mapped,44.14062500000002,False,2825,2825,1.0,-0.14397267562593372,-0.15363833666135268,-0.6229110090932454,cm032,unaccepted
L6:mapped:1645,6,1645.0,SR_ventromedial_posterior+basal_thalamus,SR_VMPo-VMB,Subcortex,R,mapped,11.859375000000005,False,759,759,1.0,0.1917852559623751,0.17492370591727466,0.7103019309135807,cm032,unaccepted
L6:mapped:1646,6,1646.0,SR_ventroposterior_inferior_thalamus,SR_VPI,Subcortex,R,mapped,11.250000000000005,False,720,720,1.0,0.1727606383243804,0.21614044400592458,0.8669903287784357,cm032,unaccepted
L6:mapped:1647,6,1647.0,SR_ventral_medial_thalamus,SR_VM,Subcortex,R,mapped,20.95312500000001,False,1341,1341,1.0,0.04880521380877258,0.03759122487773614,0.1406190026852583,cm032,unaccepted
L6:mapped:1649,6,1649.0,SR_lateral_posterior_thalamus,SR_LP,Subcortex,R,mapped,21.60937500000001,False,1383,1383,1.0,-0.03194161083286854,-0.04256203246315751,-0.1597019035054277,cm032,unaccepted
L6:mapped:1650,6,1650.0,SR_lateral_dorsal_thalamus,SR_LD,Subcortex,R,mapped,4.328125000000002,False,277,277,1.0,0.163664147423146,0.1626098285312228,0.6572556149553541,cm032,unaccepted
L6:mapped:1652,6,1652.0,SR_anterior_pulvinar,SR_APul,Subcortex,R,mapped,49.37500000000002,False,3160,3160,1.0,0.0787478015463243,0.07443670959271612,0.2970462704338669,cm032,unaccepted
L6:mapped:1653,6,1653.0,SR_medial_pulvinar,SR_MPul,Subcortex,R,mapped,44.68750000000002,False,2860,2860,1.0,0.042384487857376,0.10490261650730243,0.3552205044284346,cm032,unaccepted
L6:mapped:1654,6,1654.0,SR_lateral_pulvinar,SR_LPul,Subcortex,R,mapped,31.859375000000014,False,2039,2039,1.0,-0.09485093871278008,-0.13342964045001288,-0.538774002491556,cm032,unaccepted
L6:mapped:1655,6,1655.0,SR_inferior_pulvinar,SR_IPul,Subcortex,R,mapped,44.84375000000002,False,2870,2870,1.0,0.06362914677671977,0.02444201601227585,0.053678902223252,cm032,unaccepted
L6:mapped:1656,6,1656.0,SR_brachium_superior_colliculus,SR_bsc,Subcortex,R,mapped,11.781250000000005,False,754,754,1.0,-0.03140001495631799,0.021218795805949042,0.23941161465649302,cm032,unaccepted
L6:mapped:1658,6,1658.0,SR_dorsal_lateral_geniculate,SR_DLG,Subcortex,R,mapped,93.35937500000004,False,5975,4599,0.7697071129707113,-0.11443784186465095,-0.10258051634027192,-0.4006777000084297,cm032,unaccepted
L6:mapped:1659,6,1659.0,SR_medial_geniculate,SR_MG,Subcortex,R,mapped,28.406250000000014,False,1818,1818,1.0,0.3343396803913623,0.07850208222015083,0.40718186577182236,cm032,unaccepted
L6:mapped:1661,6,1661.0,SR_pineal_gland,SR_Pi,Subcortex,R,mapped,4.093750000000002,False,262,262,1.0,0.4423724315598454,0.3776091840232776,1.249204034997082,cm032,unaccepted
L6:mapped:1662,6,1662.0,SR_habenula,SR_Hb,Subcortex,R,mapped,11.265625000000005,False,721,721,1.0,0.12015392250878167,0.09420477818059528,0.37005965235755606,cm032,unaccepted
L6:mapped:1665,6,1665.0,SR_posterior_commissure,SR_pc,Subcortex,R,mapped,2.468750000000001,False,158,158,1.0,-0.11977491199425869,-0.12108954981133727,-0.4028265088860959,cm032,unaccepted
L6:mapped:1666,6,1666.0,SR_precommissural_nucleus,SR_PrC,Subcortex,R,mapped,1.9687500000000009,False,126,126,1.0,-0.03538352906224329,-0.04828501696479498,-0.18271180224438244,cm032,unaccepted
L6:mapped:1667,6,1667.0,SR_posterior_commissural_nuclei,SR_PCom_MCPC,Subcortex,R,mapped,5.656250000000003,False,362,362,1.0,0.10591924616008579,0.09008374789257999,0.3691440593841075,cm032,unaccepted
L6:mapped:1668,6,1668.0,SR_p1_mesencephalic_reticulum,SR_p1Rt,Subcortex,R,mapped,16.453125000000007,False,1053,1053,1.0,0.10172264668606608,0.11108059591195835,0.45721424864648086,cm032,unaccepted
L6:mapped:1673,6,1673.0,SR_superior_colliculus,SR_SCo,Subcortex,R,mapped,78.59375000000003,False,5030,5030,1.0,-0.009728640050283092,-0.01009820675473172,-0.04212143325433687,cm032,unaccepted
L6:mapped:1675,6,1675.0,SR_inferior_colliculus,SR_ICo,Subcortex,R,mapped,58.62500000000003,False,3752,3752,1.0,0.042082761812366726,0.0979529388358163,0.39490112684462786,cm032,unaccepted
L6:mapped:1676,6,1676.0,SR_saginum_nucleus,SR_Sag-RL,Subcortex,R,mapped,0.7187500000000003,False,46,46,1.0,0.058269416967091474,0.06170172391345886,0.25257346217795784,cm032,unaccepted
L6:mapped:1678,6,1678.0,SR_fourth_nerve,SR_n4,Subcortex,R,mapped,1.6250000000000007,False,104,104,1.0,0.6921578834428959,0.6939748268288455,2.523111199633157,cm032,unaccepted
L6:mapped:1679,6,1679.0,SR_periaqueductal_gray,SR_PAG,Subcortex,R,mapped,49.48437500000002,False,3167,3167,1.0,0.1924124355650128,0.14269352076702282,0.5198299137897128,cm032,unaccepted
L6:mapped:1682,6,1682.0,SR_parabigeminal_nucleus,SR_PBG,Subcortex,R,mapped,2.6875000000000013,False,172,172,1.0,-0.5446268902384427,-0.5218364642566675,-1.2002617805130336,cm032,unaccepted
L6:mapped:1683,6,1683.0,SR_microcellular_tegmentum,SR_MiTg,Subcortex,R,mapped,5.125000000000003,False,328,328,1.0,0.053308008918469645,0.09744742051695887,0.45438409952622355,cm032,unaccepted
L6:mapped:1684,6,1684.0,SR_precuneiform_nucleus,SR_PrCnF,Subcortex,R,mapped,1.5312500000000007,False,98,98,1.0,0.15446485797869366,0.14694424396453198,0.573026741324409,cm032,unaccepted
L6:mapped:1685,6,1685.0,SR_cuneiform_nucleus,SR_CnF,Subcortex,R,mapped,8.218750000000004,False,526,526,1.0,0.11011089789459938,0.13502182189066103,0.5531415116173577,cm032,unaccepted
L6:mapped:1686,6,1686.0,SR_ventrolateral_tegmentum,SR_VLTg,Subcortex,R,mapped,1.3437500000000007,False,86,86,1.0,0.034425151028002976,0.030836890740249423,0.12171277351004478,cm032,unaccepted
L6:mapped:1687,6,1687.0,SR_pedunculopontine_nucleus,SR_PTg,Subcortex,R,mapped,16.546875000000007,False,1059,1059,1.0,0.05018820800440886,0.04180341937314064,0.16678503237819847,cm032,unaccepted
L6:mapped:1688,6,1688.0,SR_anterior_tegmental_nucleus,SR_ATg,Subcortex,R,mapped,1.4843750000000007,False,95,95,1.0,0.06944805139232829,0.07324685706730309,0.2998320529302939,cm032,unaccepted
L6:mapped:1690,6,1690.0,SR_mesencephalic_reticular_formation,SR_mRt,Subcortex,R,mapped,78.28125000000003,False,5010,5010,1.0,0.18494235396467193,0.17372355200870396,0.7007082147169968,cm032,unaccepted
L6:mapped:1691,6,1691.0,SR_retroisthmic_nucleus,SR_RIs,Subcortex,R,mapped,3.2031250000000013,False,205,205,1.0,0.13978250754331728,0.14685513331298772,0.5803292810576894,cm032,unaccepted
L6:mapped:1694,6,1694.0,SR_oculomotor_nuclei,SR_OM,Subcortex,R,mapped,15.796875000000007,False,1011,1011,1.0,0.1408348371025427,0.09531931025379924,0.3886338247387584,cm032,unaccepted
L6:mapped:1695,6,1695.0,SR_mediolateral_fascicle,SR_mlf,Subcortex,R,mapped,18.062500000000007,False,1156,667,0.5769896193771626,0.07416235147324562,0.05214363719116972,0.2102466384819308,cm032,unaccepted
L6:mapped:1697,6,1697.0,SR_medial_Raphe,SR_MR,Subcortex,R,mapped,13.000000000000005,False,832,821,0.9867788461538461,0.13179076124028366,0.10503256941612957,0.38654963724085456,cm032,unaccepted
L6:mapped:1698,6,1698.0,SR_dorsal_Raphe,SR_DR,Subcortex,R,mapped,8.203125000000004,False,525,525,1.0,0.16343633766710344,0.12283987647142552,0.4869219343884264,cm032,unaccepted
L6:mapped:1699,6,1699.0,SR_linear_Raphe,SR_LiR,Subcortex,R,mapped,11.953125000000005,False,765,764,0.9986928104575163,0.06414696319945754,0.011342224228504533,0.05686444965202368,cm032,unaccepted
L6:mapped:1702,6,1702.0,SR_red_nucleus,SR_R,Subcortex,R,mapped,35.421875000000014,False,2267,2267,1.0,0.23051487848375876,0.25295224746326067,1.0083906960203275,cm032,unaccepted
L6:mapped:1703,6,1703.0,SR_prerubral_field,SR_PR-RI,Subcortex,R,mapped,3.0468750000000013,False,195,195,1.0,0.18604858135282482,0.1716657247482485,0.6697082556201138,cm032,unaccepted
L6:mapped:1705,6,1705.0,SR_retrorubral_field,SR_RF,Subcortex,R,mapped,5.734375000000003,False,367,367,1.0,-0.08880857036981055,-0.09579790672356953,-0.4014551048195757,cm032,unaccepted
L6:mapped:1706,6,1706.0,SR_substantia_nigra,SR_SN,Subcortex,R,mapped,111.21875000000004,False,7118,6706,0.942118572632762,0.03675082606067601,0.04394106910547646,0.1729547115955671,cm032,unaccepted
L6:mapped:1707,6,1707.0,SR_ventral_tegmental_area,SR_VTA,Subcortex,R,mapped,24.42187500000001,False,1563,1491,0.9539347408829175,-0.5613154664183981,-0.3611078534411486,-0.726516189086353,cm032,unaccepted
L6:mapped:1708,6,1708.0,SR_interpeduncular_nucleus,SR_IP,Subcortex,R,mapped,4.375000000000002,False,280,191,0.6821428571428572,-0.6858237941670023,-0.7548520082899409,-1.3541199379160669,cm032,unaccepted
L6:mapped:1709,6,1709.0,SR_oculomotor_nerve,SR_n3,Subcortex,R,mapped,6.750000000000003,False,432,103,0.23842592592592593,-0.8582009883222765,-0.9304193286020467,-1.797883174999388,cm032,unaccepted
L6:mapped:1710,6,1710.0,SR_cerebral_peduncle,SR_cp,Subcortex,R,mapped,70.39062500000003,False,4505,2584,0.5735849056603773,0.637602146469076,0.43172263439946784,1.415265164843135,cm032,unaccepted
L6:mapped:1715,6,1715.0,SR_lateral_parabrachial_nucleus,SR_LPB,Subcortex,R,mapped,11.281250000000005,False,722,722,1.0,0.043297325270928215,0.04629198209838806,0.1893558016433565,cm032,unaccepted
L6:mapped:1716,6,1716.0,SR_medial_parabrachial_nucleus,SR_MPB,Subcortex,R,mapped,7.8593750000000036,False,503,503,1.0,-0.0644723960645358,-0.08568937271180599,-0.34587571692103514,cm032,unaccepted
L6:mapped:1717,6,1717.0,SR_superior_cerebellar_peduncle,SR_scp,Subcortex,R,mapped,24.48437500000001,False,1567,1567,1.0,0.019128468616504548,-0.0005045064105141661,0.0024498676361313122,cm032,unaccepted
L6:mapped:1718,6,1718.0,SR_Kolliker-Fuse_nucleus,SR_KF,Subcortex,R,mapped,2.218750000000001,False,142,142,1.0,-0.12502567317382787,-0.1464860551893466,-0.628728066972446,cm032,unaccepted
L6:mapped:1720,6,1720.0,SR_locus-coeruleus_region,SR_LC-Me5,Subcortex,R,mapped,3.6875000000000018,False,236,236,1.0,0.012543207542723795,0.006286920531179144,0.023066595104236698,cm032,unaccepted
L6:mapped:1721,6,1721.0,SR_mesencephalic_trigeminal_nerve,SR_me5,Subcortex,R,mapped,0.3125000000000001,False,20,20,1.0,-0.21254737532615908,-0.21033995940986983,-0.8334706348754135,cm032,unaccepted
L6:mapped:1722,6,1722.0,SR_central_gray_nucleus,SR_CG,Subcortex,R,mapped,4.187500000000002,False,268,268,1.0,-0.11587352562466305,-0.11033464186600708,-0.4293286051437481,cm032,unaccepted
L6:mapped:1724,6,1724.0,SR_lateral_dorsal_tegmentum,SR_LDTg,Subcortex,R,mapped,7.7656250000000036,False,497,497,1.0,0.0743511605087215,0.06399617383957898,0.25760372666451364,cm032,unaccepted
L6:mapped:1725,6,1725.0,SR_medial_dorsal_tegmentum,SR_MDTg,Subcortex,R,mapped,7.6562500000000036,False,490,490,1.0,-0.08461353661913754,-0.1160646685411941,-0.47605596082470447,cm032,unaccepted
L6:mapped:1728,6,1728.0,SR_lateral_lemniscus,SR_ll,Subcortex,R,mapped,23.67187500000001,False,1515,1407,0.9287128712871288,0.07852960280705983,0.06539983124281304,0.2936255997573751,cm032,unaccepted
L6:mapped:1729,6,1729.0,SR_dorsal_lateral_leminscus_nucleus,SR_DLL,Subcortex,R,mapped,1.2187500000000004,False,78,78,1.0,0.06373762338931457,0.09265102321275363,0.39884943969799824,cm032,unaccepted
L6:mapped:1730,6,1730.0,SR_intermediate+ventral_lateral_lemniscus_nuclei,SR_ILL-VLL,Subcortex,R,mapped,2.8437500000000013,False,182,182,1.0,0.007877873425895791,0.006884015792044041,0.03842166240079369,cm032,unaccepted
L6:mapped:1733,6,1733.0,SR_subceruleus,SR_SubC,Subcortex,R,mapped,13.984375000000005,False,895,510,0.5698324022346368,-0.16024242607412031,-0.16742041587500073,-0.6928969753877017,cm032,unaccepted
L6:mapped:1734,6,1734.0,SR_reticulotegmentum,SR_RtTg,Subcortex,R,mapped,17.500000000000007,False,1120,787,0.7026785714285714,0.027825595954866576,0.017896623889247325,0.18438853924032683,cm032,unaccepted
L6:mapped:1735,6,1735.0,SR_superior_cerebellar_peduncle_decussation,SR_xscp,Subcortex,R,mapped,16.156250000000007,False,1034,1029,0.995164410058027,0.1351158583829075,0.08794512091519892,0.3357931521708123,cm032,unaccepted
L6:mapped:1736,6,1736.0,SR_pontine_reticulum_oral,SR_PnO,Subcortex,R,mapped,45.07812500000002,False,2885,2820,0.9774696707105719,0.014171944218796919,0.003697984750338915,0.009360916891034906,cm032,unaccepted
L6:mapped:1737,6,1737.0,SR_pontine_reticulum_caudal,SR_PnC,Subcortex,R,mapped,42.78125000000002,False,2738,280,0.10226442658875091,0.029198726733908352,0.027437799126579517,0.11273405062709298,cm032,unaccepted
L6:mapped:1739,6,1739.0,SR_superior_olive,SR_SuO,Subcortex,R,mapped,11.500000000000005,False,736,0,0.0,,,,cm032,unaccepted
L6:mapped:1740,6,1740.0,SR_medial_lemniscus,SR_ml,Subcortex,R,mapped,35.640625000000014,False,2281,542,0.2376150811047786,-0.00345713347623687,0.015639855434575127,0.06282536905155023,cm032,unaccepted
L6:mapped:1741,6,1741.0,SR_trapezoid_bundle_region,SR_tz,Subcortex,R,mapped,9.359375000000004,False,599,0,0.0,,,,cm032,unaccepted
L6:mapped:1743,6,1743.0,SR_pontine_nucleus,SR_Pn,Subcortex,R,mapped,254.6875000000001,False,16300,4596,0.2819631901840491,-0.32146826247834925,-0.0627406784303528,-0.1772845151940616,cm032,unaccepted
L6:mapped:1745,6,1745.0,SR_sensory_root_of_the_trigeminal_nerve,SR_s5,Subcortex,R,mapped,14.656250000000007,False,938,0,0.0,,,,cm032,unaccepted
L6:mapped:1746,6,1746.0,SR_transverse_fibers,SR_tfp,Subcortex,R,mapped,9.171875000000004,False,587,0,0.0,,,,cm032,unaccepted
L6:mapped:1747,6,1747.0,SR_medial_cerebellar_peduncle,SR_mcp,Subcortex,R,mapped,214.40625000000009,False,13722,5318,0.3875528348637225,-0.049562631490803415,-0.008514798359995409,-0.038869463016842916,cm032,unaccepted
L6:mapped:1750,6,1750.0,SR_inferior_cerebellar_peduncle,SR_icp,Subcortex,R,mapped,27.71875000000001,False,1774,277,0.15614430665163473,-0.11847165661217315,-0.10779225260895586,-0.4261480434846466,cm032,unaccepted
L6:mapped:1751,6,1751.0,SR_olivocerebellar_tract,SR_oc,Subcortex,R,mapped,21.20312500000001,False,1357,708,0.5217391304347826,-0.0902367236871184,-0.10965625217233636,-0.40697278613750887,cm032,unaccepted
L6:mapped:1753,6,1753.0,SR_lateral_cerebellar_nucleus,SR_Lat,Subcortex,R,mapped,54.62500000000002,False,3496,2971,0.8498283752860412,-0.07587425472026453,-0.06260848978291175,-0.2191914776524694,cm032,unaccepted
L6:mapped:1755,6,1755.0,SR_anterior_interposed_cerebellar_nucleus,SR_IntA,Subcortex,R,mapped,15.062500000000007,False,964,964,1.0,-0.11782229267310858,-0.11998147788897437,-0.39653526453460564,cm032,unaccepted
L6:mapped:1756,6,1756.0,SR_posterior_interposed_cerebellar_nucleus,SR_IntP,Subcortex,R,mapped,41.04687500000002,False,2627,2627,1.0,0.014873872872370112,-0.030273133725876603,-0.12595757753664433,cm032,unaccepted
L6:mapped:1757,6,1757.0,SR_fastigial_cerebellar_nucleus,SR_Fas,Subcortex,R,mapped,19.453125000000007,False,1245,1245,1.0,-0.08138304545743703,-0.03620611554065656,0.10890453336490213,cm032,unaccepted
L6:mapped:1760,6,1760.0,SR_flocculus,SR_Fl,Subcortex,R,mapped,110.84375000000004,False,7094,197,0.027769946433605863,-0.027511420557007508,-0.029514585100101104,-0.17612402636899172,cm032,unaccepted
L6:mapped:1761,6,1761.0,SR_paraflocculus,SR_PFl,Subcortex,R,mapped,277.7812500000001,False,17778,4744,0.2668466644166948,-0.06140672695271629,-0.04080130848787057,-0.1813917998043284,cm032,unaccepted
L6:mapped:1764,6,1764.0,SR_cerebellar_lobule_1_vermis,SR_Cb1V,Subcortex,R,mapped,13.937500000000005,False,892,892,1.0,-0.021534187852641672,0.02097707630257167,0.061670208718971956,cm032,unaccepted
L6:mapped:1765,6,1765.0,SR_cerebellar_lobule_2_vermis,SR_Cb2V,Subcortex,R,mapped,23.07812500000001,False,1477,1477,1.0,0.18518091059031333,0.18520112116590776,0.5934446008118356,cm032,unaccepted
L6:mapped:1766,6,1766.0,SR_cerebellar_lobule_3_vermis,SR_Cb3V,Subcortex,R,mapped,42.21875000000002,False,2702,2702,1.0,-0.037117288687225386,-0.08875161486297586,-0.34342586169039235,cm032,unaccepted
L6:mapped:1767,6,1767.0,SR_cerebellar_lobule_4_vermis,SR_Cb4V,Subcortex,R,mapped,131.23437500000006,False,8399,8399,1.0,-0.01753852887613906,-0.027559709301139462,-0.10462492509713123,cm032,unaccepted
L6:mapped:1768,6,1768.0,SR_cerebellar_lobule_5_vermis,SR_Cb5V,Subcortex,R,mapped,270.0781250000001,False,17285,17285,1.0,-0.022482115336258345,-0.01810653364563694,-0.072398758516247,cm032,unaccepted
L6:mapped:1770,6,1770.0,SR_cerebellar_lobule_6_vermis,SR_Cb6V,Subcortex,R,mapped,207.89062500000009,False,13305,13133,0.9870725291243894,-0.03807243906181619,-0.029294763966397235,-0.11401589314986724,cm032,unaccepted
L6:mapped:1771,6,1771.0,SR_cerebellar_lobule_7_vermis,SR_Cb7V,Subcortex,R,mapped,102.93750000000004,False,6588,5278,0.8011536126290225,-0.1332662969175383,-0.1552243972705939,-0.5874365511007209,cm032,unaccepted
L6:mapped:1772,6,1772.0,SR_cerebellar_lobule_8_vermis,SR_Cb8V,Subcortex,R,mapped,34.812500000000014,False,2228,623,0.2796229802513465,-0.07818957007426747,-0.09327782258160774,-0.3602526244911819,cm032,unaccepted
L6:mapped:1773,6,1773.0,SR_cerebellar_lobule_9_vermis,SR_Cb9V,Subcortex,R,mapped,68.92187500000003,False,4411,1302,0.29517116300158697,0.09828102289124464,0.11766519740555834,0.5329121747740986,cm032,unaccepted
L6:mapped:1774,6,1774.0,SR_cerebellar_lobule_10_vermis,SR_Cb10V,Subcortex,R,mapped,85.71875000000004,False,5486,3999,0.7289464090411958,0.20205560171933018,0.2163390308475923,0.9483230707001805,cm032,unaccepted
L6:mapped:1776,6,1776.0,SR_cerebellar_lobule_3_intermediate,SR_Cb3I,Subcortex,R,mapped,31.937500000000014,False,2044,2044,1.0,0.021936256941312654,0.029130338569425894,0.11511282281710847,cm032,unaccepted
L6:mapped:1777,6,1777.0,SR_cerebellar_lobule_4_intermediate,SR_Cb4I,Subcortex,R,mapped,66.62500000000003,False,4264,4264,1.0,-0.04221069561206672,-0.02951865733976239,-0.09484384010675165,cm032,unaccepted
L6:mapped:1778,6,1778.0,SR_cerebellar_lobule_5_intermediate,SR_Cb5I,Subcortex,R,mapped,160.43750000000009,False,10268,10268,1.0,-0.08120439880207071,-0.08746169051903072,-0.326957249607076,cm032,unaccepted
L6:mapped:1779,6,1779.0,SR_cerebellar_lobule_6_intermediate,SR_Cb6I,Subcortex,R,mapped,137.14062500000006,False,8777,8777,1.0,-0.06567801239479225,-0.08098068508993872,-0.3242783089353152,cm032,unaccepted
L6:mapped:1780,6,1780.0,SR_copula_of_the_pyramis,SR_Cop,Subcortex,R,mapped,113.28125000000006,False,7250,2030,0.28,0.24012484027494332,0.27089623717073685,1.2505104304531165,cm032,unaccepted
L6:mapped:1781,6,1781.0,SR_simple_lobule,SR_Sim,Subcortex,R,mapped,277.1250000000001,False,17736,17707,0.9983649075327018,-0.03177422904202245,-0.0459130623181995,-0.18392560073362746,cm032,unaccepted
L6:mapped:1782,6,1782.0,SR_paramedian_lobule,SR_PM,Subcortex,R,mapped,384.18750000000017,False,24588,9636,0.39189848706686187,0.0673280741382188,0.05363992267827159,0.21808656744786717,cm032,unaccepted
L6:mapped:1784,6,1784.0,SR_ansiform_lobule_crus1,SR_Crus1,Subcortex,R,mapped,395.84375000000017,False,25334,13110,0.5174863819373174,-0.04985652561399311,-0.04068239390699478,-0.16829897971547003,cm032,unaccepted
L6:mapped:1785,6,1785.0,SR_ansiform_lobule_crus2,SR_Crus2,Subcortex,R,mapped,322.03125000000017,False,20610,13008,0.6311499272197962,0.03359424214353325,0.027775021901537713,0.1301950899874825,cm032,unaccepted
L6:mapped:1790,6,1790.0,SR_vestibular_nucleus,SR_Ve,Subcortex,R,mapped,62.18750000000003,False,3980,2220,0.5577889447236181,-0.026558387787870622,-0.011551067623651105,-0.04399331876242757,cm032,unaccepted
L6:mapped:1791,6,1791.0,SR_cochlear_nucleus,SR_DVC,Subcortex,R,mapped,11.640625000000005,False,745,12,0.016107382550335572,0.005226486586920795,0.004535714629714919,0.017625243433125083,cm032,unaccepted
L6:mapped:1792,6,1792.0,SR_vestibulochoclear_nerve,SR_n8,Subcortex,R,mapped,10.156250000000005,False,650,0,0.0,,,,cm032,unaccepted
L6:mapped:1793,6,1793.0,SR_prepositus_nucleus,SR_Pr,Subcortex,R,mapped,5.156250000000003,False,330,192,0.5818181818181818,-0.09752983542342492,-0.07263921051383629,-0.20154830340657737,cm032,unaccepted
L6:mapped:1795,6,1795.0,SR_motor_trigeminal_nucleus,SR_Nu5,Subcortex,R,mapped,7.5468750000000036,False,483,397,0.8219461697722568,-0.18751555625948924,-0.18277109486449222,-0.7880280209882079,cm032,unaccepted
L6:mapped:1796,6,1796.0,SR_principal_trigeminal_nucleus,SR_Pr5,Subcortex,R,mapped,11.625000000000005,False,744,177,0.23790322580645162,-0.05437759050650371,-0.06711534181359409,-0.29060476690396037,cm032,unaccepted
L6:mapped:1798,6,1798.0,SR_spinal_trigeminal_nucleus_oral,SR_Sp5O,Subcortex,R,mapped,4.765625000000002,False,305,0,0.0,,,,cm032,unaccepted
L6:mapped:1799,6,1799.0,SR_spinal_trigeminal_nucleus_intermediate,SR_Sp5I,Subcortex,R,mapped,23.60937500000001,False,1511,0,0.0,,,,cm032,unaccepted
L6:mapped:1800,6,1800.0,SR_spinal_trigeminal_nucleus_caudal,SR_Sp5C,Subcortex,R,mapped,9.984375000000004,False,639,0,0.0,,,,cm032,unaccepted
L6:mapped:1802,6,1802.0,SR_cuneate_gracile_nuclei,SR_CuGr,Subcortex,R,mapped,53.35937500000002,False,3415,49,0.014348462664714495,0.2232996364188999,0.23292009661980784,1.0790964616685315,cm032,unaccepted
L6:mapped:1803,6,1803.0,SR_obex,SR_obex,Subcortex,R,mapped,0.12500000000000006,False,8,0,0.0,,,,cm032,unaccepted
L6:mapped:1804,6,1804.0,SR_solitary_tract_nucleus,SR_Sol,Subcortex,R,mapped,18.828125000000007,False,1205,243,0.2016597510373444,0.1499199117769486,0.14505971036530674,0.6453986878340869,cm032,unaccepted
L6:mapped:1805,6,1805.0,SR_visceral_motor_nuclei,SR_Nu10-12,Subcortex,R,mapped,6.875000000000003,False,440,66,0.15,0.05284182673825775,0.054734251891595954,0.2578029564765317,cm032,unaccepted
L6:mapped:1808,6,1808.0,SR_abducens_motor_nucleus,SR_Nu6,Subcortex,R,mapped,5.875000000000003,False,376,156,0.4148936170212766,-0.023972000411577595,-0.008753418277395173,-0.03563268957955312,cm032,unaccepted
L6:mapped:1809,6,1809.0,SR_facial_motor_nucleus,SR_Nu7,Subcortex,R,mapped,4.906250000000002,False,314,0,0.0,,,,cm032,unaccepted
L6:mapped:1811,6,1811.0,SR_parvicellular_and_intermediate_reticular_nuclei,SR_PCIRt,Subcortex,R,mapped,31.406250000000014,False,2010,0,0.0,,,,cm032,unaccepted
L6:mapped:1812,6,1812.0,SR_dorsal_paragigantocellular_reticular_nucleus,SR_DPGi,Subcortex,R,mapped,6.125000000000003,False,392,24,0.061224489795918366,0.005854474928915811,0.007241513783359325,0.035382816171865075,cm032,unaccepted
L6:mapped:1813,6,1813.0,SR_gigantocellular_reticular_nucleus,SR_Gi,Subcortex,R,mapped,70.50000000000003,False,4512,34,0.007535460992907801,0.017622154400797563,0.01372603709792052,0.06706689539415923,cm032,unaccepted
L6:mapped:1814,6,1814.0,SR_medullar_reticular_nucleus,SR_MdRt,Subcortex,R,mapped,13.031250000000005,False,834,0,0.0,,,,cm032,unaccepted
L6:mapped:1816,6,1816.0,SR_Raphe_magnus_nucleus,SR_RMg,Subcortex,R,mapped,1.6718750000000007,False,107,0,0.0,,,,cm032,unaccepted
L6:mapped:1817,6,1817.0,SR_Raphe_obscurus_nucleus,SR_ROb,Subcortex,R,mapped,1.2656250000000007,False,81,0,0.0,,,,cm032,unaccepted
L6:mapped:1820,6,1820.0,SR_inferior_olive,SR_InO,Subcortex,R,mapped,52.23437500000002,False,3343,0,0.0,,,,cm032,unaccepted
L6:mapped:1821,6,1821.0,SR_lateral_reticular_nucleus,SR_LRt,Subcortex,R,mapped,12.468750000000005,False,798,0,0.0,,,,cm032,unaccepted
L6:mapped:1823,6,1823.0,SR_pyramidal_tract,SR_py,Subcortex,R,mapped,46.54687500000002,False,2979,0,0.0,,,,cm032,unaccepted
L6:mapped:1825,6,1825.0,SR_corticospinal_tract,SR_cst,Subcortex,R,mapped,0.34375000000000017,False,22,0,0.0,,,,cm032,unaccepted
