AnimalID,Subregion,level,target_status,target_index,target_abbreviation,target_full_name,target_volume_mm3,endpoint_count,neurons_with_target_evidence,n_selected,n_computable,frequency_per_computable_neuron,mean_endpoints_per_computable_neuron,map_available,biological_innervation_state
331,AtlasINS_L,1,mapped,1.0,CL_Frontal,CL_Frontal_Lobe,6154.890625000003,2227,14,14,14,1.0,159.07142857142858,True,unassessed
331,AtlasINS_L,1,mapped,90.0,CL_Parietal,CL_Parietal_Lobe,3774.453125000002,29,1,14,14,0.07142857142857142,2.0714285714285716,True,unassessed
331,AtlasINS_L,1,mapped,138.0,CL_Temporal,CL_Temporal_Lobe,4285.390625000002,771,8,14,14,0.5714285714285714,55.07142857142857,True,unassessed
331,AtlasINS_L,1,mapped,1001.0,SL_tel,SL_telencephalon,3805.562500000002,112,7,14,14,0.5,8.0,True,unassessed
331,AtlasINS_L,1,zero_unassigned,0.0,,,,332,12,14,14,0.8571428571428571,23.714285714285715,True,unassessed
331,AtlasINS_L,2,mapped,2.0,CL_ACgG,CL_anterior_cingulate_gyrus,602.7656250000002,140,1,14,14,0.07142857142857142,10.0,True,unassessed
331,AtlasINS_L,2,mapped,16.0,CL_OFC,CL_orbital_frontal_cortex,1344.9218750000007,1376,14,14,14,1.0,98.28571428571429,True,unassessed
331,AtlasINS_L,2,mapped,50.0,CL_lat_PFC,CL_lateral_prefrontal_cortex,1665.2031250000007,595,3,14,14,0.21428571428571427,42.5,True,unassessed
331,AtlasINS_L,2,mapped,77.0,CL_motor,CL_motor_cortex,2542.000000000001,116,4,14,14,0.2857142857142857,8.285714285714286,True,unassessed
331,AtlasINS_L,2,mapped,91.0,CL_SI/SII,CL_somatosensory_cortex,1186.0000000000005,29,1,14,14,0.07142857142857142,2.0714285714285716,True,unassessed
331,AtlasINS_L,2,mapped,139.0,CL_MTL,CL_medial_temporal_lobe,423.42187500000017,5,2,14,14,0.14285714285714285,0.35714285714285715,True,unassessed
331,AtlasINS_L,2,mapped,165.0,CL_TG,CL_temporal_pole,315.5156250000001,178,4,14,14,0.2857142857142857,12.714285714285714,True,unassessed
331,AtlasINS_L,2,mapped,175.0,CL_ITC,CL_inferior_temporal_cortex,1884.890625000001,17,2,14,14,0.14285714285714285,1.2142857142857142,True,unassessed
331,AtlasINS_L,2,mapped,193.0,CL_STG/STSd,CL_superior_temporal_region,854.1250000000003,20,2,14,14,0.14285714285714285,1.4285714285714286,True,unassessed
331,AtlasINS_L,2,mapped,204.0,CL_core/belt,CL_core_and_belt_areas_of_auditory_cortex,504.1406250000002,32,1,14,14,0.07142857142857142,2.2857142857142856,True,unassessed
331,AtlasINS_L,2,mapped,224.0,CL_floor_of_ls,CL_floor_of_the_lateral_sulcus,303.2968750000001,519,6,14,14,0.42857142857142855,37.07142857142857,True,unassessed
331,AtlasINS_L,2,mapped,1002.0,SL_LVPal,SL_lateral_and_ventral_pallium,309.6718750000001,64,7,14,14,0.5,4.571428571428571,True,unassessed
331,AtlasINS_L,2,mapped,1050.0,SL_BG,SL_basal_ganglia,2261.015625000001,48,3,14,14,0.21428571428571427,3.4285714285714284,True,unassessed
331,AtlasINS_L,2,zero_unassigned,0.0,,,,332,12,14,14,0.8571428571428571,23.714285714285715,True,unassessed
331,AtlasINS_L,3,mapped,3.0,CL_ACC,CL_anterior_cingulate_cortex,414.39062500000017,140,1,14,14,0.07142857142857142,10.0,True,unassessed
331,AtlasINS_L,3,mapped,17.0,CL_med_OFC,CL_medial_orbital_frontal_cortex,305.6093750000001,10,1,14,14,0.07142857142857142,0.7142857142857143,True,unassessed
331,AtlasINS_L,3,mapped,25.0,CL_lat_OFC,CL_lateral_orbital_frontal_cortex,708.1406250000003,345,5,14,14,0.35714285714285715,24.642857142857142,True,unassessed
331,AtlasINS_L,3,mapped,37.0,CL_caudal_OFC,CL_caudal_orbital_frontal_cortex,331.17187500000017,1021,14,14,14,1.0,72.92857142857143,True,unassessed
331,AtlasINS_L,3,mapped,64.0,CL_vlPFC,CL_ventrolateral_prefrontal_cortex,680.8593750000003,595,3,14,14,0.21428571428571427,42.5,True,unassessed
331,AtlasINS_L,3,mapped,78.0,CL_M1/PM,CL_lateral_motor_cortex,2230.484375000001,116,4,14,14,0.2857142857142857,8.285714285714286,True,unassessed
331,AtlasINS_L,3,mapped,95.0,CL_SII,CL_secondary_somatosensory_cortex,285.3125000000001,29,1,14,14,0.07142857142857142,2.0714285714285716,True,unassessed
331,AtlasINS_L,3,mapped,153.0,CL_Rh,CL_rhinal_cortex,280.2343750000001,5,2,14,14,0.14285714285714285,0.35714285714285715,True,unassessed
331,AtlasINS_L,3,mapped,165.0,CL_TG,CL_temporal_pole,315.5156250000001,178,4,14,14,0.2857142857142857,12.714285714285714,True,unassessed
331,AtlasINS_L,3,mapped,177.0,CL_TE,CL_area_TE,1175.3906250000005,3,1,14,14,0.07142857142857142,0.21428571428571427,True,unassessed
331,AtlasINS_L,3,mapped,188.0,CL_STSf,CL_fundus_of_the_superior_temporal_sulcus,425.15625000000017,14,1,14,14,0.07142857142857142,1.0,True,unassessed
331,AtlasINS_L,3,mapped,194.0,CL_STGr/STSd,CL_rostral_superior_temporal_region,593.8125000000002,20,2,14,14,0.14285714285714285,1.4285714285714286,True,unassessed
331,AtlasINS_L,3,mapped,205.0,CL_belt,CL_belt_areas_of_auditory_cortex,316.8750000000001,18,1,14,14,0.07142857142857142,1.2857142857142858,True,unassessed
331,AtlasINS_L,3,mapped,219.0,CL_core,CL_core_areas_of_auditory_cortex,159.23437500000006,14,1,14,14,0.07142857142857142,1.0,True,unassessed
331,AtlasINS_L,3,mapped,224.0,CL_floor_of_ls,CL_floor_of_the_lateral_sulcus,303.2968750000001,519,6,14,14,0.42857142857142855,37.07142857142857,True,unassessed
331,AtlasINS_L,3,mapped,1003.0,SL_LPal,SL_lateral_pallium,255.1562500000001,59,6,14,14,0.42857142857142855,4.214285714285714,True,unassessed
331,AtlasINS_L,3,mapped,1005.0,SL_VPal,SL_ventral_pallium,54.51562500000002,5,3,14,14,0.21428571428571427,0.35714285714285715,True,unassessed
331,AtlasINS_L,3,mapped,1051.0,SL_Str,SL_striatum,1922.421875000001,48,3,14,14,0.21428571428571427,3.4285714285714284,True,unassessed
331,AtlasINS_L,3,zero_unassigned,0.0,,,,332,12,14,14,0.8571428571428571,23.714285714285715,True,unassessed
331,AtlasINS_L,4,key_level_conflict,45.0,CL_AON/TTv,CL_anterior_olfactory_cortex,,11,1,14,14,0.07142857142857142,0.7857142857142857,True,unassessed
331,AtlasINS_L,4,mapped,4.0,CL_area_32,CL_area_32,91.60937500000004,15,1,14,14,0.07142857142857142,1.0714285714285714,True,unassessed
331,AtlasINS_L,4,mapped,6.0,CL_area_24,CL_area_24,289.8906250000001,125,1,14,14,0.07142857142857142,8.928571428571429,True,unassessed
331,AtlasINS_L,4,mapped,22.0,CL_area_14,CL_gyrus_rectus,70.31250000000003,10,1,14,14,0.07142857142857142,0.7142857142857143,True,unassessed
331,AtlasINS_L,4,mapped,26.0,CL_areas_11/13,CL_areas_11_and_13,557.4062500000002,246,4,14,14,0.2857142857142857,17.571428571428573,True,unassessed
331,AtlasINS_L,4,mapped,34.0,CL_area_12m/o,CL_medial_and_orbital_area_12,150.73437500000006,99,5,14,14,0.35714285714285715,7.071428571428571,True,unassessed
331,AtlasINS_L,4,mapped,38.0,CL_OFa-p,CL_agranular_orbitofrontal_cortex,169.45312500000009,671,12,14,14,0.8571428571428571,47.92857142857143,True,unassessed
331,AtlasINS_L,4,mapped,47.0,CL_cl_OFC,CL_caudolateral_orbitofrontal_cortex,136.07812500000006,339,7,14,14,0.5,24.214285714285715,True,unassessed
331,AtlasINS_L,4,mapped,65.0,CL_rostral_vlPFC,CL_rostral_ventrolateral_prefrontal_cortex,465.9531250000002,587,3,14,14,0.21428571428571427,41.92857142857143,True,unassessed
331,AtlasINS_L,4,mapped,72.0,CL_caudal_vlPFC,CL_caudal_ventrolateral_prefrontal_cortex,214.90625000000009,8,2,14,14,0.14285714285714285,0.5714285714285714,True,unassessed
331,AtlasINS_L,4,mapped,80.0,CL_PM,CL_premotor_cortex,1468.3593750000007,116,4,14,14,0.2857142857142857,8.285714285714286,True,unassessed
331,AtlasINS_L,4,mapped,95.0,CL_SII,CL_secondary_somatosensory_cortex,285.3125000000001,29,1,14,14,0.07142857142857142,2.0714285714285716,True,unassessed
331,AtlasINS_L,4,mapped,160.0,CL_PRh,CL_perirhinal_cortex,149.75000000000006,5,2,14,14,0.14285714285714285,0.35714285714285715,True,unassessed
331,AtlasINS_L,4,mapped,166.0,CL_TGa,CL_agranular_temporal_pole,76.29687500000003,41,3,14,14,0.21428571428571427,2.9285714285714284,True,unassessed
331,AtlasINS_L,4,mapped,167.0,CL_TGg/TGd,CL_granular_and_dysgranular_temporal_pole,239.2187500000001,137,3,14,14,0.21428571428571427,9.785714285714286,True,unassessed
331,AtlasINS_L,4,mapped,178.0,CL_gyral_TE,CL_gyral_aspect_of_area_TE,874.3125000000003,3,1,14,14,0.07142857142857142,0.21428571428571427,True,unassessed
331,AtlasINS_L,4,mapped,188.0,CL_STSf,CL_fundus_of_the_superior_temporal_sulcus,425.15625000000017,14,1,14,14,0.07142857142857142,1.0,True,unassessed
331,AtlasINS_L,4,mapped,195.0,CL_STSd,CL_dorsal_bank_of_the_superior_temporal_sulcus,451.8750000000002,16,2,14,14,0.14285714285714285,1.1428571428571428,True,unassessed
331,AtlasINS_L,4,mapped,198.0,CL_STGr,CL_rostral_superior_temporal_gyrus,141.93750000000006,4,1,14,14,0.07142857142857142,0.2857142857142857,True,unassessed
331,AtlasINS_L,4,mapped,206.0,CL_lat_belt,CL_lateral_belt_areas,188.89062500000009,5,1,14,14,0.07142857142857142,0.35714285714285715,True,unassessed
331,AtlasINS_L,4,mapped,213.0,CL_med_belt,CL_medial_belt_areas,127.98437500000006,13,1,14,14,0.07142857142857142,0.9285714285714286,True,unassessed
331,AtlasINS_L,4,mapped,219.0,CL_core,CL_core_areas_of_auditory_cortex,159.23437500000006,14,1,14,14,0.07142857142857142,1.0,True,unassessed
331,AtlasINS_L,4,mapped,225.0,CL_Ins/Pi,CL_insula_and_parainsula,288.1875000000001,519,6,14,14,0.42857142857142855,37.07142857142857,True,unassessed
331,AtlasINS_L,4,mapped,1004.0,SL_Cl,SL_claustrum,255.1562500000001,59,6,14,14,0.42857142857142855,4.214285714285714,True,unassessed
331,AtlasINS_L,4,mapped,1009.0,SL_Pir,SL_piriform_cortex,30.796875000000014,5,3,14,14,0.21428571428571427,0.35714285714285715,True,unassessed
331,AtlasINS_L,4,mapped,1052.0,SL_DStr,SL_dorsal_striatum,1809.218750000001,24,3,14,14,0.21428571428571427,1.7142857142857142,True,unassessed
331,AtlasINS_L,4,mapped,1059.0,SL_VStr,SL_ventral_striatum,113.20312500000006,24,1,14,14,0.07142857142857142,1.7142857142857142,True,unassessed
331,AtlasINS_L,4,zero_unassigned,0.0,,,,332,12,14,14,0.8571428571428571,23.714285714285715,True,unassessed
331,AtlasINS_L,5,key_level_conflict,45.0,CL_AON/TTv,CL_anterior_olfactory_cortex,,11,1,14,14,0.07142857142857142,0.7857142857142857,True,unassessed
331,AtlasINS_L,5,mapped,4.0,CL_area_32,CL_area_32,91.60937500000004,15,1,14,14,0.07142857142857142,1.0714285714285714,True,unassessed
331,AtlasINS_L,5,mapped,7.0,CL_area_24a/b,CL_areas_24a_and_24b,92.98437500000004,86,1,14,14,0.07142857142857142,6.142857142857143,True,unassessed
331,AtlasINS_L,5,mapped,10.0,CL_area_24c,CL_area_24c,196.90625000000009,39,1,14,14,0.07142857142857142,2.7857142857142856,True,unassessed
331,AtlasINS_L,5,mapped,22.0,CL_area_14,CL_gyrus_rectus,70.31250000000003,10,1,14,14,0.07142857142857142,0.7142857142857143,True,unassessed
331,AtlasINS_L,5,mapped,30.0,CL_area_13,CL_area_13,419.17187500000017,246,4,14,14,0.2857142857142857,17.571428571428573,True,unassessed
331,AtlasINS_L,5,mapped,34.0,CL_area_12m/o,CL_medial_and_orbital_area_12,150.73437500000006,99,5,14,14,0.35714285714285715,7.071428571428571,True,unassessed
331,AtlasINS_L,5,mapped,39.0,CL_Iam/Iapm,CL_medial_agranular_insular_region,24.17187500000001,129,4,14,14,0.2857142857142857,9.214285714285714,True,unassessed
331,AtlasINS_L,5,mapped,40.0,CL_lat_Ia,CL_lateral_agranular_insular_region,145.28125000000006,542,12,14,14,0.8571428571428571,38.714285714285715,True,unassessed
331,AtlasINS_L,5,mapped,48.0,CL_G,CL_gustatory_cortex,40.12500000000002,84,3,14,14,0.21428571428571427,6.0,True,unassessed
331,AtlasINS_L,5,mapped,49.0,CL_PrCO,CL_precentral_operular_area,95.95312500000004,255,5,14,14,0.35714285714285715,18.214285714285715,True,unassessed
331,AtlasINS_L,5,mapped,66.0,CL_area_46v/f,CL_ventral_and_fundus_portion_of_area_46,316.7187500000001,48,2,14,14,0.14285714285714285,3.4285714285714284,True,unassessed
331,AtlasINS_L,5,mapped,69.0,CL_area_12r/l,CL_rostral_and_lateral_area_12,149.23437500000006,539,3,14,14,0.21428571428571427,38.5,True,unassessed
331,AtlasINS_L,5,mapped,73.0,CL_area_45,CL_area_45,165.54687500000009,8,2,14,14,0.14285714285714285,0.5714285714285714,True,unassessed
331,AtlasINS_L,5,mapped,84.0,CL_PMv,CL_ventral_premotor_cortex,700.6093750000003,116,4,14,14,0.2857142857142857,8.285714285714286,True,unassessed
331,AtlasINS_L,5,mapped,95.0,CL_SII,CL_secondary_somatosensory_cortex,285.3125000000001,29,1,14,14,0.07142857142857142,2.0714285714285716,True,unassessed
331,AtlasINS_L,5,mapped,162.0,CL_area_36,CL_area_36,115.15625000000006,5,2,14,14,0.14285714285714285,0.35714285714285715,True,unassessed
331,AtlasINS_L,5,mapped,166.0,CL_TGa,CL_agranular_temporal_pole,76.29687500000003,41,3,14,14,0.21428571428571427,2.9285714285714284,True,unassessed
331,AtlasINS_L,5,mapped,168.0,CL_TGd,CL_dysgranular_temporal_pole,91.85937500000004,74,2,14,14,0.14285714285714285,5.285714285714286,True,unassessed
331,AtlasINS_L,5,mapped,171.0,CL_TGg,CL_granular_temporal_pole,147.35937500000006,63,3,14,14,0.21428571428571427,4.5,True,unassessed
331,AtlasINS_L,5,mapped,182.0,CL_ant_TE,CL_anterior_area_TE,419.42187500000017,3,1,14,14,0.07142857142857142,0.21428571428571427,True,unassessed
331,AtlasINS_L,5,mapped,189.0,CL_ant_STSf,CL_anterior_fundus_of_the_superior_temporal_sulcus,332.81250000000017,14,1,14,14,0.07142857142857142,1.0,True,unassessed
331,AtlasINS_L,5,mapped,196.0,CL_TPO,CL_temporal_parietooccipital_associated_area,280.6406250000001,16,2,14,14,0.14285714285714285,1.1428571428571428,True,unassessed
331,AtlasINS_L,5,mapped,198.0,CL_STGr,CL_rostral_superior_temporal_gyrus,141.93750000000006,4,1,14,14,0.07142857142857142,0.2857142857142857,True,unassessed
331,AtlasINS_L,5,mapped,210.0,CL_AL/RTL,CL_rostral_areas_of_the_lateral_belt,125.75000000000006,5,1,14,14,0.07142857142857142,0.35714285714285715,True,unassessed
331,AtlasINS_L,5,mapped,215.0,CL_RM/RTM,CL_rostral_areas_of_the_medial_belt,67.98437500000003,13,1,14,14,0.07142857142857142,0.9285714285714286,True,unassessed
331,AtlasINS_L,5,mapped,220.0,CL_R/RT,CL_rostral_areas_of_the_core,69.73437500000003,14,1,14,14,0.07142857142857142,1.0,True,unassessed
331,AtlasINS_L,5,mapped,226.0,CL_Pi,CL_parainsula,27.28125000000001,16,1,14,14,0.07142857142857142,1.1428571428571428,True,unassessed
331,AtlasINS_L,5,mapped,227.0,CL_Ins,CL_insula,260.9062500000001,503,6,14,14,0.42857142857142855,35.92857142857143,True,unassessed
331,AtlasINS_L,5,mapped,1004.0,SL_Cl,SL_claustrum,255.1562500000001,59,6,14,14,0.42857142857142855,4.214285714285714,True,unassessed
331,AtlasINS_L,5,mapped,1009.0,SL_Pir,SL_piriform_cortex,30.796875000000014,5,3,14,14,0.21428571428571427,0.35714285714285715,True,unassessed
331,AtlasINS_L,5,mapped,1056.0,SL_Pu,SL_putamen,895.1093750000003,24,3,14,14,0.21428571428571427,1.7142857142857142,True,unassessed
331,AtlasINS_L,5,mapped,1060.0,SL_Acb,SL_accumbens,94.96875000000004,24,1,14,14,0.07142857142857142,1.7142857142857142,True,unassessed
331,AtlasINS_L,5,zero_unassigned,0.0,,,,332,12,14,14,0.8571428571428571,23.714285714285715,True,unassessed
331,AtlasINS_L,6,mapped,4.0,CL_area_32,CL_area_32,91.60937500000004,15,1,14,14,0.07142857142857142,1.0714285714285714,True,unassessed
331,AtlasINS_L,6,mapped,9.0,CL_area_24b,CL_area_24b,76.09375000000003,86,1,14,14,0.07142857142857142,6.142857142857143,True,unassessed
331,AtlasINS_L,6,mapped,10.0,CL_area_24c,CL_area_24c,196.90625000000009,39,1,14,14,0.07142857142857142,2.7857142857142856,True,unassessed
331,AtlasINS_L,6,mapped,24.0,CL_area_14c,CL_caudal_gyrus_rectus,39.468750000000014,10,1,14,14,0.07142857142857142,0.7142857142857143,True,unassessed
331,AtlasINS_L,6,mapped,31.0,CL_area_13a/b,CL_areas_13a_and_13b,124.10937500000006,1,1,14,14,0.07142857142857142,0.07142857142857142,True,unassessed
331,AtlasINS_L,6,mapped,32.0,CL_area_13m,CL_medial_area_13,174.45312500000009,130,3,14,14,0.21428571428571427,9.285714285714286,True,unassessed
331,AtlasINS_L,6,mapped,33.0,CL_area_13l,CL_lateral_area_13,120.60937500000006,115,4,14,14,0.2857142857142857,8.214285714285714,True,unassessed
331,AtlasINS_L,6,mapped,35.0,CL_area_12m,CL_medial_area_12,82.07812500000004,58,3,14,14,0.21428571428571427,4.142857142857143,True,unassessed
331,AtlasINS_L,6,mapped,36.0,CL_area_12o,CL_orbital_area_12,68.65625000000003,41,3,14,14,0.21428571428571427,2.9285714285714284,True,unassessed
331,AtlasINS_L,6,mapped,39.0,CL_Iam/Iapm,CL_medial_agranular_insular_region,24.17187500000001,129,4,14,14,0.2857142857142857,9.214285714285714,True,unassessed
331,AtlasINS_L,6,mapped,41.0,CL_Iai,CL_intermediate_agranular_insula_area,81.48437500000004,170,7,14,14,0.5,12.142857142857142,True,unassessed
331,AtlasINS_L,6,mapped,42.0,CL_Ial,CL_lateral_agranular_insula_area,47.98437500000002,368,11,14,14,0.7857142857142857,26.285714285714285,True,unassessed
331,AtlasINS_L,6,mapped,43.0,CL_Iapl,CL_posterior_lateral_agranular_insula_area,15.812500000000007,4,2,14,14,0.14285714285714285,0.2857142857142857,True,unassessed
331,AtlasINS_L,6,mapped,45.0,CL_AON/TTv,CL_anterior_olfactory_cortex,25.64062500000001,11,1,14,14,0.07142857142857142,0.7857142857142857,True,unassessed
331,AtlasINS_L,6,mapped,48.0,CL_G,CL_gustatory_cortex,40.12500000000002,84,3,14,14,0.21428571428571427,6.0,True,unassessed
331,AtlasINS_L,6,mapped,49.0,CL_PrCO,CL_precentral_operular_area,95.95312500000004,255,5,14,14,0.35714285714285715,18.214285714285715,True,unassessed
331,AtlasINS_L,6,mapped,68.0,CL_area_46v,CL_ventral_area_46,244.9218750000001,48,2,14,14,0.14285714285714285,3.4285714285714284,True,unassessed
331,AtlasINS_L,6,mapped,70.0,CL_area_12l,CL_lateral_area_12,61.20312500000003,11,2,14,14,0.14285714285714285,0.7857142857142857,True,unassessed
331,AtlasINS_L,6,mapped,71.0,CL_area_12r,CL_rostral_area_12,88.03125000000004,528,2,14,14,0.14285714285714285,37.714285714285715,True,unassessed
331,AtlasINS_L,6,mapped,74.0,CL_area_45a,CL_area_45a,90.45312500000004,8,2,14,14,0.14285714285714285,0.5714285714285714,True,unassessed
331,AtlasINS_L,6,mapped,86.0,CL_F5,CL_area_F5_of_ventral_premotor_cortex,434.01562500000017,116,4,14,14,0.2857142857142857,8.285714285714286,True,unassessed
331,AtlasINS_L,6,mapped,95.0,CL_SII,CL_secondary_somatosensory_cortex,285.3125000000001,29,1,14,14,0.07142857142857142,2.0714285714285716,True,unassessed
331,AtlasINS_L,6,mapped,164.0,CL_area_36r/p,CL_rostral_and_polar_area_36,61.18750000000003,5,2,14,14,0.14285714285714285,0.35714285714285715,True,unassessed
331,AtlasINS_L,6,mapped,166.0,CL_TGa,CL_agranular_temporal_pole,76.29687500000003,41,3,14,14,0.21428571428571427,2.9285714285714284,True,unassessed
331,AtlasINS_L,6,mapped,169.0,CL_TGdd,CL_dorsal_dysgranular_temporal_pole,70.73437500000003,12,1,14,14,0.07142857142857142,0.8571428571428571,True,unassessed
331,AtlasINS_L,6,mapped,170.0,CL_TGvd,CL_ventral_dysgranular_temporal_pole,21.12500000000001,62,2,14,14,0.14285714285714285,4.428571428571429,True,unassessed
331,AtlasINS_L,6,mapped,173.0,CL_TGvg,CL_ventral_granular_temporal_pole,16.859375000000007,20,2,14,14,0.14285714285714285,1.4285714285714286,True,unassessed
331,AtlasINS_L,6,mapped,174.0,CL_TGsts,CL_sts_part_of_temporal_pole,78.28125000000003,43,2,14,14,0.14285714285714285,3.0714285714285716,True,unassessed
331,AtlasINS_L,6,mapped,183.0,CL_TEav,CL_anterior_ventral_area_TE,255.0781250000001,3,1,14,14,0.07142857142857142,0.21428571428571427,True,unassessed
331,AtlasINS_L,6,mapped,190.0,CL_IPa,CL_area_IPa,200.31250000000009,12,1,14,14,0.07142857142857142,0.8571428571428571,True,unassessed
331,AtlasINS_L,6,mapped,191.0,CL_PGa,CL_area_PGa,132.50000000000006,2,1,14,14,0.07142857142857142,0.14285714285714285,True,unassessed
331,AtlasINS_L,6,mapped,196.0,CL_TPO,CL_temporal_parietooccipital_associated_area,280.6406250000001,16,2,14,14,0.14285714285714285,1.1428571428571428,True,unassessed
331,AtlasINS_L,6,mapped,198.0,CL_STGr,CL_rostral_superior_temporal_gyrus,141.93750000000006,4,1,14,14,0.07142857142857142,0.2857142857142857,True,unassessed
331,AtlasINS_L,6,mapped,212.0,CL_RTL,CL_lateral_rostrotemporal_belt_region,32.531250000000014,5,1,14,14,0.07142857142857142,0.35714285714285715,True,unassessed
331,AtlasINS_L,6,mapped,216.0,CL_RM,CL_rostromedial_belt_region,47.87500000000002,12,1,14,14,0.07142857142857142,0.8571428571428571,True,unassessed
331,AtlasINS_L,6,mapped,217.0,CL_RTM,CL_medial_rostrotemporal_belt_region,20.10937500000001,1,1,14,14,0.07142857142857142,0.07142857142857142,True,unassessed
331,AtlasINS_L,6,mapped,222.0,CL_RT,CL_rostrotemporal_core_region,16.062500000000007,14,1,14,14,0.07142857142857142,1.0,True,unassessed
331,AtlasINS_L,6,mapped,226.0,CL_Pi,CL_parainsula,27.28125000000001,16,1,14,14,0.07142857142857142,1.1428571428571428,True,unassessed
331,AtlasINS_L,6,mapped,228.0,CL_Ia/Id,CL_agranular_and_dysgranular_insula,164.56250000000009,498,6,14,14,0.42857142857142855,35.57142857142857,True,unassessed
331,AtlasINS_L,6,mapped,229.0,CL_Ig,CL_granular_insula,96.34375000000004,5,1,14,14,0.07142857142857142,0.35714285714285715,True,unassessed
331,AtlasINS_L,6,mapped,1004.0,SL_Cl,SL_claustrum,255.1562500000001,59,6,14,14,0.42857142857142855,4.214285714285714,True,unassessed
331,AtlasINS_L,6,mapped,1009.0,SL_Pir,SL_piriform_cortex,30.796875000000014,5,3,14,14,0.21428571428571427,0.35714285714285715,True,unassessed
331,AtlasINS_L,6,mapped,1056.0,SL_Pu,SL_putamen,895.1093750000003,24,3,14,14,0.21428571428571427,1.7142857142857142,True,unassessed
331,AtlasINS_L,6,mapped,1060.0,SL_Acb,SL_accumbens,94.96875000000004,24,1,14,14,0.07142857142857142,1.7142857142857142,True,unassessed
331,AtlasINS_L,6,zero_unassigned,0.0,,,,332,12,14,14,0.8571428571428571,23.714285714285715,True,unassessed
331,AtlasINS_R,1,mapped,501.0,CR_Frontal,CR_Frontal_Lobe,6154.890625000003,323,2,4,4,0.5,80.75,True,unassessed
331,AtlasINS_R,1,mapped,590.0,CR_Parietal,CR_Parietal_Lobe,3774.453125000002,81,2,4,4,0.5,20.25,True,unassessed
331,AtlasINS_R,1,mapped,638.0,CR_Temporal,CR_Temporal_Lobe,4285.390625000002,191,3,4,4,0.75,47.75,True,unassessed
331,AtlasINS_R,1,mapped,1501.0,SR_tel,SR_telencephalon,3805.562500000002,8,1,4,4,0.25,2.0,True,unassessed
331,AtlasINS_R,1,zero_unassigned,0.0,,,,29,2,4,4,0.5,7.25,True,unassessed
331,AtlasINS_R,2,mapped,516.0,CR_OFC,CR_orbital_frontal_cortex,1344.9218750000007,323,2,4,4,0.5,80.75,True,unassessed
331,AtlasINS_R,2,mapped,591.0,CR_SI/SII,CR_somatosensory_cortex,1186.0000000000005,45,2,4,4,0.5,11.25,True,unassessed
331,AtlasINS_R,2,mapped,612.0,CR_IPL,CR_inferior_parietal_lobule,1044.0156250000005,36,2,4,4,0.5,9.0,True,unassessed
331,AtlasINS_R,2,mapped,665.0,CR_TG,CR_temporal_pole,315.5156250000001,3,1,4,4,0.25,0.75,True,unassessed
331,AtlasINS_R,2,mapped,724.0,CR_floor_of_ls,CR_floor_of_the_lateral_sulcus,303.2968750000001,188,3,4,4,0.75,47.0,True,unassessed
331,AtlasINS_R,2,mapped,1502.0,SR_LVPal,SR_lateral_and_ventral_pallium,309.6718750000001,8,1,4,4,0.25,2.0,True,unassessed
331,AtlasINS_R,2,zero_unassigned,0.0,,,,29,2,4,4,0.5,7.25,True,unassessed
331,AtlasINS_R,3,mapped,537.0,CR_caudal_OFC,CR_caudal_orbital_frontal_cortex,331.17187500000017,323,2,4,4,0.5,80.75,True,unassessed
331,AtlasINS_R,3,mapped,595.0,CR_SII,CR_secondary_somatosensory_cortex,285.3125000000001,45,2,4,4,0.5,11.25,True,unassessed
331,AtlasINS_R,3,mapped,620.0,CR_area_7_in_IPL,CR_area_7_in_the_inferior_parietal_lobule,560.8125000000002,36,2,4,4,0.5,9.0,True,unassessed
331,AtlasINS_R,3,mapped,665.0,CR_TG,CR_temporal_pole,315.5156250000001,3,1,4,4,0.25,0.75,True,unassessed
331,AtlasINS_R,3,mapped,724.0,CR_floor_of_ls,CR_floor_of_the_lateral_sulcus,303.2968750000001,188,3,4,4,0.75,47.0,True,unassessed
331,AtlasINS_R,3,mapped,1503.0,SR_LPal,SR_lateral_pallium,255.1562500000001,3,1,4,4,0.25,0.75,True,unassessed
331,AtlasINS_R,3,mapped,1505.0,SR_VPal,SR_ventral_pallium,54.51562500000002,5,1,4,4,0.25,1.25,True,unassessed
331,AtlasINS_R,3,zero_unassigned,0.0,,,,29,2,4,4,0.5,7.25,True,unassessed
331,AtlasINS_R,4,mapped,538.0,CR_OFa-p,CR_agranular_orbitofrontal_cortex,169.45312500000009,184,2,4,4,0.5,46.0,True,unassessed
331,AtlasINS_R,4,mapped,547.0,CR_cl_OFC,CR_caudolateral_orbitofrontal_cortex,136.07812500000006,139,2,4,4,0.5,34.75,True,unassessed
331,AtlasINS_R,4,mapped,595.0,CR_SII,CR_secondary_somatosensory_cortex,285.3125000000001,45,2,4,4,0.5,11.25,True,unassessed
331,AtlasINS_R,4,mapped,620.0,CR_area_7_in_IPL,CR_area_7_in_the_inferior_parietal_lobule,560.8125000000002,36,2,4,4,0.5,9.0,True,unassessed
331,AtlasINS_R,4,mapped,666.0,CR_TGa,CR_agranular_temporal_pole,76.29687500000003,3,1,4,4,0.25,0.75,True,unassessed
331,AtlasINS_R,4,mapped,725.0,CR_Ins/Pi,CR_insula_and_parainsula,288.1875000000001,188,3,4,4,0.75,47.0,True,unassessed
331,AtlasINS_R,4,mapped,1504.0,SR_Cl,SR_claustrum,255.1562500000001,3,1,4,4,0.25,0.75,True,unassessed
331,AtlasINS_R,4,mapped,1509.0,SR_Pir,SR_piriform_cortex,30.796875000000014,5,1,4,4,0.25,1.25,True,unassessed
331,AtlasINS_R,4,zero_unassigned,0.0,,,,29,2,4,4,0.5,7.25,True,unassessed
331,AtlasINS_R,5,mapped,539.0,CR_Iam/Iapm,CR_medial_agranular_insular_region,24.17187500000001,3,1,4,4,0.25,0.75,True,unassessed
331,AtlasINS_R,5,mapped,540.0,CR_lat_Ia,CR_lateral_agranular_insular_region,145.28125000000006,181,2,4,4,0.5,45.25,True,unassessed
331,AtlasINS_R,5,mapped,548.0,CR_G,CR_gustatory_cortex,40.12500000000002,1,1,4,4,0.25,0.25,True,unassessed
331,AtlasINS_R,5,mapped,549.0,CR_PrCO,CR_precentral_operular_area,95.95312500000004,138,2,4,4,0.5,34.5,True,unassessed
331,AtlasINS_R,5,mapped,595.0,CR_SII,CR_secondary_somatosensory_cortex,285.3125000000001,45,2,4,4,0.5,11.25,True,unassessed
331,AtlasINS_R,5,mapped,624.0,CR_area_7op,CR_parietal_operculum,167.64062500000009,36,2,4,4,0.5,9.0,True,unassessed
331,AtlasINS_R,5,mapped,666.0,CR_TGa,CR_agranular_temporal_pole,76.29687500000003,3,1,4,4,0.25,0.75,True,unassessed
331,AtlasINS_R,5,mapped,727.0,CR_Ins,CR_insula,260.9062500000001,188,3,4,4,0.75,47.0,True,unassessed
331,AtlasINS_R,5,mapped,1504.0,SR_Cl,SR_claustrum,255.1562500000001,3,1,4,4,0.25,0.75,True,unassessed
331,AtlasINS_R,5,mapped,1509.0,SR_Pir,SR_piriform_cortex,30.796875000000014,5,1,4,4,0.25,1.25,True,unassessed
331,AtlasINS_R,5,zero_unassigned,0.0,,,,29,2,4,4,0.5,7.25,True,unassessed
331,AtlasINS_R,6,mapped,539.0,CR_Iam/Iapm,CR_medial_agranular_insular_region,24.17187500000001,3,1,4,4,0.25,0.75,True,unassessed
331,AtlasINS_R,6,mapped,541.0,CR_Iai,CR_intermediate_agranular_insula_area,81.48437500000004,10,1,4,4,0.25,2.5,True,unassessed
331,AtlasINS_R,6,mapped,542.0,CR_Ial,CR_lateral_agranular_insula_area,47.98437500000002,171,2,4,4,0.5,42.75,True,unassessed
331,AtlasINS_R,6,mapped,548.0,CR_G,CR_gustatory_cortex,40.12500000000002,1,1,4,4,0.25,0.25,True,unassessed
331,AtlasINS_R,6,mapped,549.0,CR_PrCO,CR_precentral_operular_area,95.95312500000004,138,2,4,4,0.5,34.5,True,unassessed
331,AtlasINS_R,6,mapped,595.0,CR_SII,CR_secondary_somatosensory_cortex,285.3125000000001,45,2,4,4,0.5,11.25,True,unassessed
331,AtlasINS_R,6,mapped,624.0,CR_area_7op,CR_parietal_operculum,167.64062500000009,36,2,4,4,0.5,9.0,True,unassessed
331,AtlasINS_R,6,mapped,666.0,CR_TGa,CR_agranular_temporal_pole,76.29687500000003,3,1,4,4,0.25,0.75,True,unassessed
331,AtlasINS_R,6,mapped,728.0,CR_Ia/Id,CR_agranular_and_dysgranular_insula,164.56250000000009,40,1,4,4,0.25,10.0,True,unassessed
331,AtlasINS_R,6,mapped,729.0,CR_Ig,CR_granular_insula,96.34375000000004,148,2,4,4,0.5,37.0,True,unassessed
331,AtlasINS_R,6,mapped,1504.0,SR_Cl,SR_claustrum,255.1562500000001,3,1,4,4,0.25,0.75,True,unassessed
331,AtlasINS_R,6,mapped,1509.0,SR_Pir,SR_piriform_cortex,30.796875000000014,5,1,4,4,0.25,1.25,True,unassessed
331,AtlasINS_R,6,zero_unassigned,0.0,,,,29,2,4,4,0.5,7.25,True,unassessed
331,Candidate_L,1,mapped,1.0,CL_Frontal,CL_Frontal_Lobe,6154.890625000003,663,11,11,11,1.0,60.27272727272727,True,unassessed
331,Candidate_L,1,mapped,90.0,CL_Parietal,CL_Parietal_Lobe,3774.453125000002,105,3,11,11,0.2727272727272727,9.545454545454545,True,unassessed
331,Candidate_L,1,mapped,138.0,CL_Temporal,CL_Temporal_Lobe,4285.390625000002,310,7,11,11,0.6363636363636364,28.181818181818183,True,unassessed
331,Candidate_L,1,mapped,1001.0,SL_tel,SL_telencephalon,3805.562500000002,398,5,11,11,0.45454545454545453,36.18181818181818,True,unassessed
331,Candidate_L,1,mapped,1082.0,SL_di,SL_diencephalon,1285.0937500000007,36,1,11,11,0.09090909090909091,3.272727272727273,True,unassessed
331,Candidate_L,1,zero_unassigned,0.0,,,,115,8,11,11,0.7272727272727273,10.454545454545455,True,unassessed
331,Candidate_L,2,mapped,16.0,CL_OFC,CL_orbital_frontal_cortex,1344.9218750000007,642,11,11,11,1.0,58.36363636363637,True,unassessed
331,Candidate_L,2,mapped,77.0,CL_motor,CL_motor_cortex,2542.000000000001,21,2,11,11,0.18181818181818182,1.9090909090909092,True,unassessed
331,Candidate_L,2,mapped,91.0,CL_SI/SII,CL_somatosensory_cortex,1186.0000000000005,105,3,11,11,0.2727272727272727,9.545454545454545,True,unassessed
331,Candidate_L,2,mapped,139.0,CL_MTL,CL_medial_temporal_lobe,423.42187500000017,6,1,11,11,0.09090909090909091,0.5454545454545454,True,unassessed
331,Candidate_L,2,mapped,224.0,CL_floor_of_ls,CL_floor_of_the_lateral_sulcus,303.2968750000001,304,6,11,11,0.5454545454545454,27.636363636363637,True,unassessed
331,Candidate_L,2,mapped,1002.0,SL_LVPal,SL_lateral_and_ventral_pallium,309.6718750000001,109,4,11,11,0.36363636363636365,9.909090909090908,True,unassessed
331,Candidate_L,2,mapped,1010.0,SL_MPal,SL_medial_pallium,575.5000000000002,43,1,11,11,0.09090909090909091,3.909090909090909,True,unassessed
331,Candidate_L,2,mapped,1024.0,SL_Amy,SL_amygdala,302.0000000000001,5,1,11,11,0.09090909090909091,0.45454545454545453,True,unassessed
331,Candidate_L,2,mapped,1050.0,SL_BG,SL_basal_ganglia,2261.015625000001,241,4,11,11,0.36363636363636365,21.90909090909091,True,unassessed
331,Candidate_L,2,mapped,1113.0,SL_Thal,SL_thalamus,970.0312500000005,36,1,11,11,0.09090909090909091,3.272727272727273,True,unassessed
331,Candidate_L,2,zero_unassigned,0.0,,,,115,8,11,11,0.7272727272727273,10.454545454545455,True,unassessed
331,Candidate_L,3,mapped,25.0,CL_lat_OFC,CL_lateral_orbital_frontal_cortex,708.1406250000003,14,1,11,11,0.09090909090909091,1.2727272727272727,True,unassessed
331,Candidate_L,3,mapped,37.0,CL_caudal_OFC,CL_caudal_orbital_frontal_cortex,331.17187500000017,628,11,11,11,1.0,57.09090909090909,True,unassessed
331,Candidate_L,3,mapped,78.0,CL_M1/PM,CL_lateral_motor_cortex,2230.484375000001,21,2,11,11,0.18181818181818182,1.9090909090909092,True,unassessed
331,Candidate_L,3,mapped,95.0,CL_SII,CL_secondary_somatosensory_cortex,285.3125000000001,105,3,11,11,0.2727272727272727,9.545454545454545,True,unassessed
331,Candidate_L,3,mapped,153.0,CL_Rh,CL_rhinal_cortex,280.2343750000001,6,1,11,11,0.09090909090909091,0.5454545454545454,True,unassessed
331,Candidate_L,3,mapped,224.0,CL_floor_of_ls,CL_floor_of_the_lateral_sulcus,303.2968750000001,304,6,11,11,0.5454545454545454,27.636363636363637,True,unassessed
331,Candidate_L,3,mapped,1003.0,SL_LPal,SL_lateral_pallium,255.1562500000001,108,4,11,11,0.36363636363636365,9.818181818181818,True,unassessed
331,Candidate_L,3,mapped,1005.0,SL_VPal,SL_ventral_pallium,54.51562500000002,1,1,11,11,0.09090909090909091,0.09090909090909091,True,unassessed
331,Candidate_L,3,mapped,1011.0,SL_HF,SL_hippocampal_formation,532.0937500000002,43,1,11,11,0.09090909090909091,3.909090909090909,True,unassessed
331,Candidate_L,3,mapped,1025.0,SL_pAmy,SL_pallial_amygdala,217.79687500000009,5,1,11,11,0.09090909090909091,0.45454545454545453,True,unassessed
331,Candidate_L,3,mapped,1051.0,SL_Str,SL_striatum,1922.421875000001,237,4,11,11,0.36363636363636365,21.545454545454547,True,unassessed
331,Candidate_L,3,mapped,1062.0,SL_Pd,SL_pallidum,338.59375000000017,4,1,11,11,0.09090909090909091,0.36363636363636365,True,unassessed
331,Candidate_L,3,mapped,1115.0,SL_MThal,SL_medial_thalamus,208.23437500000009,5,1,11,11,0.09090909090909091,0.45454545454545453,True,unassessed
331,Candidate_L,3,mapped,1148.0,SL_PThal,SL_posterior_thalamus,208.48437500000009,31,1,11,11,0.09090909090909091,2.8181818181818183,True,unassessed
331,Candidate_L,3,zero_unassigned,0.0,,,,115,8,11,11,0.7272727272727273,10.454545454545455,True,unassessed
331,Candidate_L,4,mapped,26.0,CL_areas_11/13,CL_areas_11_and_13,557.4062500000002,12,1,11,11,0.09090909090909091,1.0909090909090908,True,unassessed
331,Candidate_L,4,mapped,34.0,CL_area_12m/o,CL_medial_and_orbital_area_12,150.73437500000006,2,1,11,11,0.09090909090909091,0.18181818181818182,True,unassessed
331,Candidate_L,4,mapped,38.0,CL_OFa-p,CL_agranular_orbitofrontal_cortex,169.45312500000009,7,2,11,11,0.18181818181818182,0.6363636363636364,True,unassessed
331,Candidate_L,4,mapped,47.0,CL_cl_OFC,CL_caudolateral_orbitofrontal_cortex,136.07812500000006,621,9,11,11,0.8181818181818182,56.45454545454545,True,unassessed
331,Candidate_L,4,mapped,80.0,CL_PM,CL_premotor_cortex,1468.3593750000007,21,2,11,11,0.18181818181818182,1.9090909090909092,True,unassessed
331,Candidate_L,4,mapped,95.0,CL_SII,CL_secondary_somatosensory_cortex,285.3125000000001,105,3,11,11,0.2727272727272727,9.545454545454545,True,unassessed
331,Candidate_L,4,mapped,154.0,CL_ERh,CL_entorhinal_cortex,130.48437500000006,6,1,11,11,0.09090909090909091,0.5454545454545454,True,unassessed
331,Candidate_L,4,mapped,225.0,CL_Ins/Pi,CL_insula_and_parainsula,288.1875000000001,304,6,11,11,0.5454545454545454,27.636363636363637,True,unassessed
331,Candidate_L,4,mapped,1004.0,SL_Cl,SL_claustrum,255.1562500000001,108,4,11,11,0.36363636363636365,9.818181818181818,True,unassessed
331,Candidate_L,4,mapped,1006.0,SL_En,SL_endopiriform_claustrum,23.71875000000001,1,1,11,11,0.09090909090909091,0.09090909090909091,True,unassessed
331,Candidate_L,4,mapped,1012.0,SL_HFA,SL_hippocampal_formation_anterior,353.15625000000017,43,1,11,11,0.09090909090909091,3.909090909090909,True,unassessed
331,Candidate_L,4,mapped,1026.0,SL_vpAmy,SL_ventropallial_amygdala,87.81250000000004,1,1,11,11,0.09090909090909091,0.09090909090909091,True,unassessed
331,Candidate_L,4,mapped,1030.0,SL_lpAmy,SL_lateropallial_amygdala,129.98437500000006,4,1,11,11,0.09090909090909091,0.36363636363636365,True,unassessed
331,Candidate_L,4,mapped,1052.0,SL_DStr,SL_dorsal_striatum,1809.218750000001,224,4,11,11,0.36363636363636365,20.363636363636363,True,unassessed
331,Candidate_L,4,mapped,1059.0,SL_VStr,SL_ventral_striatum,113.20312500000006,13,1,11,11,0.09090909090909091,1.1818181818181819,True,unassessed
331,Candidate_L,4,mapped,1062.0,SL_Pd,SL_pallidum,338.59375000000017,4,1,11,11,0.09090909090909091,0.36363636363636365,True,unassessed
331,Candidate_L,4,mapped,1119.0,SL_ILThal,SL_intralaminar_thalamus,106.54687500000004,5,1,11,11,0.09090909090909091,0.45454545454545453,True,unassessed
331,Candidate_L,4,mapped,1151.0,SL_Pul,SL_pulvinar_thalamus,182.54687500000009,31,1,11,11,0.09090909090909091,2.8181818181818183,True,unassessed
331,Candidate_L,4,zero_unassigned,0.0,,,,115,8,11,11,0.7272727272727273,10.454545454545455,True,unassessed
331,Candidate_L,5,mapped,30.0,CL_area_13,CL_area_13,419.17187500000017,12,1,11,11,0.09090909090909091,1.0909090909090908,True,unassessed
331,Candidate_L,5,mapped,34.0,CL_area_12m/o,CL_medial_and_orbital_area_12,150.73437500000006,2,1,11,11,0.09090909090909091,0.18181818181818182,True,unassessed
331,Candidate_L,5,mapped,39.0,CL_Iam/Iapm,CL_medial_agranular_insular_region,24.17187500000001,2,1,11,11,0.09090909090909091,0.18181818181818182,True,unassessed
331,Candidate_L,5,mapped,40.0,CL_lat_Ia,CL_lateral_agranular_insular_region,145.28125000000006,5,2,11,11,0.18181818181818182,0.45454545454545453,True,unassessed
331,Candidate_L,5,mapped,48.0,CL_G,CL_gustatory_cortex,40.12500000000002,616,8,11,11,0.7272727272727273,56.0,True,unassessed
331,Candidate_L,5,mapped,49.0,CL_PrCO,CL_precentral_operular_area,95.95312500000004,5,1,11,11,0.09090909090909091,0.45454545454545453,True,unassessed
331,Candidate_L,5,mapped,84.0,CL_PMv,CL_ventral_premotor_cortex,700.6093750000003,21,2,11,11,0.18181818181818182,1.9090909090909092,True,unassessed
331,Candidate_L,5,mapped,95.0,CL_SII,CL_secondary_somatosensory_cortex,285.3125000000001,105,3,11,11,0.2727272727272727,9.545454545454545,True,unassessed
331,Candidate_L,5,mapped,155.0,CL_caudal_ERh,CL_caudal_entorhinal_cortex,50.67187500000002,3,1,11,11,0.09090909090909091,0.2727272727272727,True,unassessed
331,Candidate_L,5,mapped,158.0,CL_mid_ERh,CL_middle_entorhinal_cortex,31.984375000000014,3,1,11,11,0.09090909090909091,0.2727272727272727,True,unassessed
331,Candidate_L,5,mapped,227.0,CL_Ins,CL_insula,260.9062500000001,304,6,11,11,0.5454545454545454,27.636363636363637,True,unassessed
331,Candidate_L,5,mapped,1004.0,SL_Cl,SL_claustrum,255.1562500000001,108,4,11,11,0.36363636363636365,9.818181818181818,True,unassessed
331,Candidate_L,5,mapped,1007.0,SL_DEn,SL_dorsal_endopiriform_claustrum,14.203125000000007,1,1,11,11,0.09090909090909091,0.09090909090909091,True,unassessed
331,Candidate_L,5,mapped,1013.0,SL_HiA,SL_hippocampus_anterior,271.8750000000001,26,1,11,11,0.09090909090909091,2.3636363636363638,True,unassessed
331,Candidate_L,5,mapped,1016.0,SL_SA,SL_subicular_complex_anterior,81.28125000000004,17,1,11,11,0.09090909090909091,1.5454545454545454,True,unassessed
331,Candidate_L,5,mapped,1029.0,SL_AHi,SL_amygdalohippocampal_area,17.203125000000007,1,1,11,11,0.09090909090909091,0.09090909090909091,True,unassessed
331,Candidate_L,5,mapped,1034.0,SL_APir,SL_amygdalopiriform_transition_area,27.85937500000001,4,1,11,11,0.09090909090909091,0.36363636363636365,True,unassessed
331,Candidate_L,5,mapped,1056.0,SL_Pu,SL_putamen,895.1093750000003,214,4,11,11,0.36363636363636365,19.454545454545453,True,unassessed
331,Candidate_L,5,mapped,1057.0,SL_ASt,SL_amygdalostriatal_transition,33.812500000000014,10,1,11,11,0.09090909090909091,0.9090909090909091,True,unassessed
331,Candidate_L,5,mapped,1060.0,SL_Acb,SL_accumbens,94.96875000000004,13,1,11,11,0.09090909090909091,1.1818181818181819,True,unassessed
331,Candidate_L,5,mapped,1067.0,SL_ac,SL_anterior_commissure,77.82812500000003,4,1,11,11,0.09090909090909091,0.36363636363636365,True,unassessed
331,Candidate_L,5,mapped,1121.0,SL_CMn-PF,SL_centromedial-parafascicular_thalamus,50.56250000000002,5,1,11,11,0.09090909090909091,0.45454545454545453,True,unassessed
331,Candidate_L,5,mapped,1152.0,SL_APul,SL_anterior_pulvinar,49.37500000000002,31,1,11,11,0.09090909090909091,2.8181818181818183,True,unassessed
331,Candidate_L,5,zero_unassigned,0.0,,,,115,8,11,11,0.7272727272727273,10.454545454545455,True,unassessed
331,Candidate_L,6,mapped,33.0,CL_area_13l,CL_lateral_area_13,120.60937500000006,12,1,11,11,0.09090909090909091,1.0909090909090908,True,unassessed
331,Candidate_L,6,mapped,36.0,CL_area_12o,CL_orbital_area_12,68.65625000000003,2,1,11,11,0.09090909090909091,0.18181818181818182,True,unassessed
331,Candidate_L,6,mapped,39.0,CL_Iam/Iapm,CL_medial_agranular_insular_region,24.17187500000001,2,1,11,11,0.09090909090909091,0.18181818181818182,True,unassessed
331,Candidate_L,6,mapped,41.0,CL_Iai,CL_intermediate_agranular_insula_area,81.48437500000004,2,1,11,11,0.09090909090909091,0.18181818181818182,True,unassessed
331,Candidate_L,6,mapped,42.0,CL_Ial,CL_lateral_agranular_insula_area,47.98437500000002,3,2,11,11,0.18181818181818182,0.2727272727272727,True,unassessed
331,Candidate_L,6,mapped,48.0,CL_G,CL_gustatory_cortex,40.12500000000002,616,8,11,11,0.7272727272727273,56.0,True,unassessed
331,Candidate_L,6,mapped,49.0,CL_PrCO,CL_precentral_operular_area,95.95312500000004,5,1,11,11,0.09090909090909091,0.45454545454545453,True,unassessed
331,Candidate_L,6,mapped,86.0,CL_F5,CL_area_F5_of_ventral_premotor_cortex,434.01562500000017,21,2,11,11,0.18181818181818182,1.9090909090909092,True,unassessed
331,Candidate_L,6,mapped,95.0,CL_SII,CL_secondary_somatosensory_cortex,285.3125000000001,105,3,11,11,0.2727272727272727,9.545454545454545,True,unassessed
331,Candidate_L,6,mapped,156.0,CL_EC,CL_caudal_division_of_entorhinal_cortex,41.98437500000002,3,1,11,11,0.09090909090909091,0.2727272727272727,True,unassessed
331,Candidate_L,6,mapped,158.0,CL_mid_ERh,CL_middle_entorhinal_cortex,31.984375000000014,3,1,11,11,0.09090909090909091,0.2727272727272727,True,unassessed
331,Candidate_L,6,mapped,228.0,CL_Ia/Id,CL_agranular_and_dysgranular_insula,164.56250000000009,280,6,11,11,0.5454545454545454,25.454545454545453,True,unassessed
331,Candidate_L,6,mapped,229.0,CL_Ig,CL_granular_insula,96.34375000000004,24,1,11,11,0.09090909090909091,2.1818181818181817,True,unassessed
331,Candidate_L,6,mapped,1004.0,SL_Cl,SL_claustrum,255.1562500000001,108,4,11,11,0.36363636363636365,9.818181818181818,True,unassessed
331,Candidate_L,6,mapped,1007.0,SL_DEn,SL_dorsal_endopiriform_claustrum,14.203125000000007,1,1,11,11,0.09090909090909091,0.09090909090909091,True,unassessed
331,Candidate_L,6,mapped,1014.0,SL_DGA,SL_dentate_gyrus_anterior,91.18750000000004,13,1,11,11,0.09090909090909091,1.1818181818181819,True,unassessed
331,Candidate_L,6,mapped,1015.0,SL_CAA,SL_CA1_3_anterior,180.68750000000009,13,1,11,11,0.09090909090909091,1.1818181818181819,True,unassessed
331,Candidate_L,6,mapped,1016.0,SL_SA,SL_subicular_complex_anterior,81.28125000000004,17,1,11,11,0.09090909090909091,1.5454545454545454,True,unassessed
331,Candidate_L,6,mapped,1029.0,SL_AHi,SL_amygdalohippocampal_area,17.203125000000007,1,1,11,11,0.09090909090909091,0.09090909090909091,True,unassessed
331,Candidate_L,6,mapped,1034.0,SL_APir,SL_amygdalopiriform_transition_area,27.85937500000001,4,1,11,11,0.09090909090909091,0.36363636363636365,True,unassessed
331,Candidate_L,6,mapped,1056.0,SL_Pu,SL_putamen,895.1093750000003,214,4,11,11,0.36363636363636365,19.454545454545453,True,unassessed
331,Candidate_L,6,mapped,1057.0,SL_ASt,SL_amygdalostriatal_transition,33.812500000000014,10,1,11,11,0.09090909090909091,0.9090909090909091,True,unassessed
331,Candidate_L,6,mapped,1060.0,SL_Acb,SL_accumbens,94.96875000000004,13,1,11,11,0.09090909090909091,1.1818181818181819,True,unassessed
331,Candidate_L,6,mapped,1067.0,SL_ac,SL_anterior_commissure,77.82812500000003,4,1,11,11,0.09090909090909091,0.36363636363636365,True,unassessed
331,Candidate_L,6,mapped,1121.0,SL_CMn-PF,SL_centromedial-parafascicular_thalamus,50.56250000000002,5,1,11,11,0.09090909090909091,0.45454545454545453,True,unassessed
331,Candidate_L,6,mapped,1152.0,SL_APul,SL_anterior_pulvinar,49.37500000000002,31,1,11,11,0.09090909090909091,2.8181818181818183,True,unassessed
331,Candidate_L,6,zero_unassigned,0.0,,,,115,8,11,11,0.7272727272727273,10.454545454545455,True,unassessed
331,Candidate_R,1,mapped,1.0,CL_Frontal,CL_Frontal_Lobe,6154.890625000003,85,1,21,21,0.047619047619047616,4.0476190476190474,True,unassessed
331,Candidate_R,1,mapped,501.0,CR_Frontal,CR_Frontal_Lobe,6154.890625000003,1576,21,21,21,1.0,75.04761904761905,True,unassessed
331,Candidate_R,1,mapped,590.0,CR_Parietal,CR_Parietal_Lobe,3774.453125000002,48,2,21,21,0.09523809523809523,2.2857142857142856,True,unassessed
331,Candidate_R,1,mapped,638.0,CR_Temporal,CR_Temporal_Lobe,4285.390625000002,38,3,21,21,0.14285714285714285,1.8095238095238095,True,unassessed
331,Candidate_R,1,mapped,1082.0,SL_di,SL_diencephalon,1285.0937500000007,1,1,21,21,0.047619047619047616,0.047619047619047616,True,unassessed
331,Candidate_R,1,mapped,1501.0,SR_tel,SR_telencephalon,3805.562500000002,20,4,21,21,0.19047619047619047,0.9523809523809523,True,unassessed
331,Candidate_R,1,mapped,1582.0,SR_di,SR_diencephalon,1285.0937500000007,2,1,21,21,0.047619047619047616,0.09523809523809523,True,unassessed
331,Candidate_R,1,zero_unassigned,0.0,,,,187,9,21,21,0.42857142857142855,8.904761904761905,True,unassessed
331,Candidate_R,2,mapped,2.0,CL_ACgG,CL_anterior_cingulate_gyrus,602.7656250000002,80,1,21,21,0.047619047619047616,3.8095238095238093,True,unassessed
331,Candidate_R,2,mapped,16.0,CL_OFC,CL_orbital_frontal_cortex,1344.9218750000007,5,1,21,21,0.047619047619047616,0.23809523809523808,True,unassessed
331,Candidate_R,2,mapped,516.0,CR_OFC,CR_orbital_frontal_cortex,1344.9218750000007,1542,21,21,21,1.0,73.42857142857143,True,unassessed
331,Candidate_R,2,mapped,550.0,CR_lat_PFC,CR_lateral_prefrontal_cortex,1665.2031250000007,15,2,21,21,0.09523809523809523,0.7142857142857143,True,unassessed
331,Candidate_R,2,mapped,577.0,CR_motor,CR_motor_cortex,2542.000000000001,19,3,21,21,0.14285714285714285,0.9047619047619048,True,unassessed
331,Candidate_R,2,mapped,591.0,CR_SI/SII,CR_somatosensory_cortex,1186.0000000000005,48,2,21,21,0.09523809523809523,2.2857142857142856,True,unassessed
331,Candidate_R,2,mapped,639.0,CR_MTL,CR_medial_temporal_lobe,423.42187500000017,3,1,21,21,0.047619047619047616,0.14285714285714285,True,unassessed
331,Candidate_R,2,mapped,724.0,CR_floor_of_ls,CR_floor_of_the_lateral_sulcus,303.2968750000001,35,3,21,21,0.14285714285714285,1.6666666666666667,True,unassessed
331,Candidate_R,2,mapped,1113.0,SL_Thal,SL_thalamus,970.0312500000005,1,1,21,21,0.047619047619047616,0.047619047619047616,True,unassessed
331,Candidate_R,2,mapped,1502.0,SR_LVPal,SR_lateral_and_ventral_pallium,309.6718750000001,3,2,21,21,0.09523809523809523,0.14285714285714285,True,unassessed
331,Candidate_R,2,mapped,1550.0,SR_BG,SR_basal_ganglia,2261.015625000001,17,2,21,21,0.09523809523809523,0.8095238095238095,True,unassessed
331,Candidate_R,2,mapped,1613.0,SR_Thal,SR_thalamus,970.0312500000005,2,1,21,21,0.047619047619047616,0.09523809523809523,True,unassessed
331,Candidate_R,2,zero_unassigned,0.0,,,,187,9,21,21,0.42857142857142855,8.904761904761905,True,unassessed
331,Candidate_R,3,mapped,3.0,CL_ACC,CL_anterior_cingulate_cortex,414.39062500000017,80,1,21,21,0.047619047619047616,3.8095238095238093,True,unassessed
331,Candidate_R,3,mapped,37.0,CL_caudal_OFC,CL_caudal_orbital_frontal_cortex,331.17187500000017,5,1,21,21,0.047619047619047616,0.23809523809523808,True,unassessed
331,Candidate_R,3,mapped,525.0,CR_lat_OFC,CR_lateral_orbital_frontal_cortex,708.1406250000003,72,1,21,21,0.047619047619047616,3.4285714285714284,True,unassessed
331,Candidate_R,3,mapped,537.0,CR_caudal_OFC,CR_caudal_orbital_frontal_cortex,331.17187500000017,1470,21,21,21,1.0,70.0,True,unassessed
331,Candidate_R,3,mapped,564.0,CR_vlPFC,CR_ventrolateral_prefrontal_cortex,680.8593750000003,15,2,21,21,0.09523809523809523,0.7142857142857143,True,unassessed
331,Candidate_R,3,mapped,578.0,CR_M1/PM,CR_lateral_motor_cortex,2230.484375000001,19,3,21,21,0.14285714285714285,0.9047619047619048,True,unassessed
331,Candidate_R,3,mapped,595.0,CR_SII,CR_secondary_somatosensory_cortex,285.3125000000001,48,2,21,21,0.09523809523809523,2.2857142857142856,True,unassessed
331,Candidate_R,3,mapped,653.0,CR_Rh,CR_rhinal_cortex,280.2343750000001,3,1,21,21,0.047619047619047616,0.14285714285714285,True,unassessed
331,Candidate_R,3,mapped,724.0,CR_floor_of_ls,CR_floor_of_the_lateral_sulcus,303.2968750000001,35,3,21,21,0.14285714285714285,1.6666666666666667,True,unassessed
331,Candidate_R,3,mapped,1127.0,SL_MLThal,SL_midline_thalamus,71.21875000000003,1,1,21,21,0.047619047619047616,0.047619047619047616,True,unassessed
331,Candidate_R,3,mapped,1503.0,SR_LPal,SR_lateral_pallium,255.1562500000001,3,2,21,21,0.09523809523809523,0.14285714285714285,True,unassessed
331,Candidate_R,3,mapped,1551.0,SR_Str,SR_striatum,1922.421875000001,17,2,21,21,0.09523809523809523,0.8095238095238095,True,unassessed
331,Candidate_R,3,mapped,1615.0,SR_MThal,SR_medial_thalamus,208.23437500000009,1,1,21,21,0.047619047619047616,0.047619047619047616,True,unassessed
331,Candidate_R,3,mapped,1635.0,SR_VThal,SR_ventral_thalamus,291.4218750000001,1,1,21,21,0.047619047619047616,0.047619047619047616,True,unassessed
331,Candidate_R,3,zero_unassigned,0.0,,,,187,9,21,21,0.42857142857142855,8.904761904761905,True,unassessed
331,Candidate_R,4,mapped,6.0,CL_area_24,CL_area_24,289.8906250000001,80,1,21,21,0.047619047619047616,3.8095238095238093,True,unassessed
331,Candidate_R,4,mapped,47.0,CL_cl_OFC,CL_caudolateral_orbitofrontal_cortex,136.07812500000006,5,1,21,21,0.047619047619047616,0.23809523809523808,True,unassessed
331,Candidate_R,4,mapped,526.0,CR_areas_11/13,CR_areas_11_and_13,557.4062500000002,48,1,21,21,0.047619047619047616,2.2857142857142856,True,unassessed
331,Candidate_R,4,mapped,534.0,CR_area_12m/o,CR_medial_and_orbital_area_12,150.73437500000006,24,1,21,21,0.047619047619047616,1.1428571428571428,True,unassessed
331,Candidate_R,4,mapped,538.0,CR_OFa-p,CR_agranular_orbitofrontal_cortex,169.45312500000009,103,11,21,21,0.5238095238095238,4.904761904761905,True,unassessed
331,Candidate_R,4,mapped,547.0,CR_cl_OFC,CR_caudolateral_orbitofrontal_cortex,136.07812500000006,1367,20,21,21,0.9523809523809523,65.0952380952381,True,unassessed
331,Candidate_R,4,mapped,565.0,CR_rostral_vlPFC,CR_rostral_ventrolateral_prefrontal_cortex,465.9531250000002,11,1,21,21,0.047619047619047616,0.5238095238095238,True,unassessed
331,Candidate_R,4,mapped,572.0,CR_caudal_vlPFC,CR_caudal_ventrolateral_prefrontal_cortex,214.90625000000009,4,1,21,21,0.047619047619047616,0.19047619047619047,True,unassessed
331,Candidate_R,4,mapped,580.0,CR_PM,CR_premotor_cortex,1468.3593750000007,19,3,21,21,0.14285714285714285,0.9047619047619048,True,unassessed
331,Candidate_R,4,mapped,595.0,CR_SII,CR_secondary_somatosensory_cortex,285.3125000000001,48,2,21,21,0.09523809523809523,2.2857142857142856,True,unassessed
331,Candidate_R,4,mapped,654.0,CR_ERh,CR_entorhinal_cortex,130.48437500000006,3,1,21,21,0.047619047619047616,0.14285714285714285,True,unassessed
331,Candidate_R,4,mapped,725.0,CR_Ins/Pi,CR_insula_and_parainsula,288.1875000000001,35,3,21,21,0.14285714285714285,1.6666666666666667,True,unassessed
331,Candidate_R,4,mapped,1127.0,SL_MLThal,SL_midline_thalamus,71.21875000000003,1,1,21,21,0.047619047619047616,0.047619047619047616,True,unassessed
331,Candidate_R,4,mapped,1504.0,SR_Cl,SR_claustrum,255.1562500000001,3,2,21,21,0.09523809523809523,0.14285714285714285,True,unassessed
331,Candidate_R,4,mapped,1552.0,SR_DStr,SR_dorsal_striatum,1809.218750000001,17,2,21,21,0.09523809523809523,0.8095238095238095,True,unassessed
331,Candidate_R,4,mapped,1619.0,SR_ILThal,SR_intralaminar_thalamus,106.54687500000004,1,1,21,21,0.047619047619047616,0.047619047619047616,True,unassessed
331,Candidate_R,4,mapped,1643.0,SR_SpThal,SR_spinal_thalamus,88.20312500000004,1,1,21,21,0.047619047619047616,0.047619047619047616,True,unassessed
331,Candidate_R,4,zero_unassigned,0.0,,,,187,9,21,21,0.42857142857142855,8.904761904761905,True,unassessed
331,Candidate_R,5,mapped,10.0,CL_area_24c,CL_area_24c,196.90625000000009,80,1,21,21,0.047619047619047616,3.8095238095238093,True,unassessed
331,Candidate_R,5,mapped,49.0,CL_PrCO,CL_precentral_operular_area,95.95312500000004,5,1,21,21,0.047619047619047616,0.23809523809523808,True,unassessed
331,Candidate_R,5,mapped,527.0,CR_area_11,CR_area_11,138.23437500000006,28,1,21,21,0.047619047619047616,1.3333333333333333,True,unassessed
331,Candidate_R,5,mapped,530.0,CR_area_13,CR_area_13,419.17187500000017,20,1,21,21,0.047619047619047616,0.9523809523809523,True,unassessed
331,Candidate_R,5,mapped,534.0,CR_area_12m/o,CR_medial_and_orbital_area_12,150.73437500000006,24,1,21,21,0.047619047619047616,1.1428571428571428,True,unassessed
331,Candidate_R,5,mapped,539.0,CR_Iam/Iapm,CR_medial_agranular_insular_region,24.17187500000001,1,1,21,21,0.047619047619047616,0.047619047619047616,True,unassessed
331,Candidate_R,5,mapped,540.0,CR_lat_Ia,CR_lateral_agranular_insular_region,145.28125000000006,102,11,21,21,0.5238095238095238,4.857142857142857,True,unassessed
331,Candidate_R,5,mapped,548.0,CR_G,CR_gustatory_cortex,40.12500000000002,6,1,21,21,0.047619047619047616,0.2857142857142857,True,unassessed
331,Candidate_R,5,mapped,549.0,CR_PrCO,CR_precentral_operular_area,95.95312500000004,1361,20,21,21,0.9523809523809523,64.80952380952381,True,unassessed
331,Candidate_R,5,mapped,569.0,CR_area_12r/l,CR_rostral_and_lateral_area_12,149.23437500000006,11,1,21,21,0.047619047619047616,0.5238095238095238,True,unassessed
331,Candidate_R,5,mapped,576.0,CR_area_44,CR_area_44,49.35937500000002,4,1,21,21,0.047619047619047616,0.19047619047619047,True,unassessed
331,Candidate_R,5,mapped,584.0,CR_PMv,CR_ventral_premotor_cortex,700.6093750000003,19,3,21,21,0.14285714285714285,0.9047619047619048,True,unassessed
331,Candidate_R,5,mapped,595.0,CR_SII,CR_secondary_somatosensory_cortex,285.3125000000001,48,2,21,21,0.09523809523809523,2.2857142857142856,True,unassessed
331,Candidate_R,5,mapped,659.0,CR_rostral_ERh,CR_rostral_entorhinal_cortex,47.82812500000002,3,1,21,21,0.047619047619047616,0.14285714285714285,True,unassessed
331,Candidate_R,5,mapped,727.0,CR_Ins,CR_insula,260.9062500000001,35,3,21,21,0.14285714285714285,1.6666666666666667,True,unassessed
331,Candidate_R,5,mapped,1133.0,SL_CM,SL_central_medial_thalamus,12.453125000000005,1,1,21,21,0.047619047619047616,0.047619047619047616,True,unassessed
331,Candidate_R,5,mapped,1504.0,SR_Cl,SR_claustrum,255.1562500000001,3,2,21,21,0.09523809523809523,0.14285714285714285,True,unassessed
331,Candidate_R,5,mapped,1556.0,SR_Pu,SR_putamen,895.1093750000003,17,2,21,21,0.09523809523809523,0.8095238095238095,True,unassessed
331,Candidate_R,5,mapped,1621.0,SR_CMn-PF,SR_centromedial-parafascicular_thalamus,50.56250000000002,1,1,21,21,0.047619047619047616,0.047619047619047616,True,unassessed
331,Candidate_R,5,mapped,1647.0,SR_VM,SR_ventral_medial_thalamus,20.95312500000001,1,1,21,21,0.047619047619047616,0.047619047619047616,True,unassessed
331,Candidate_R,5,zero_unassigned,0.0,,,,187,9,21,21,0.42857142857142855,8.904761904761905,True,unassessed
331,Candidate_R,6,mapped,10.0,CL_area_24c,CL_area_24c,196.90625000000009,80,1,21,21,0.047619047619047616,3.8095238095238093,True,unassessed
331,Candidate_R,6,mapped,49.0,CL_PrCO,CL_precentral_operular_area,95.95312500000004,5,1,21,21,0.047619047619047616,0.23809523809523808,True,unassessed
331,Candidate_R,6,mapped,529.0,CR_area_11l,CR_lateral_area_11,72.23437500000003,28,1,21,21,0.047619047619047616,1.3333333333333333,True,unassessed
331,Candidate_R,6,mapped,532.0,CR_area_13m,CR_medial_area_13,174.45312500000009,13,1,21,21,0.047619047619047616,0.6190476190476191,True,unassessed
331,Candidate_R,6,mapped,533.0,CR_area_13l,CR_lateral_area_13,120.60937500000006,7,1,21,21,0.047619047619047616,0.3333333333333333,True,unassessed
331,Candidate_R,6,mapped,536.0,CR_area_12o,CR_orbital_area_12,68.65625000000003,24,1,21,21,0.047619047619047616,1.1428571428571428,True,unassessed
331,Candidate_R,6,mapped,539.0,CR_Iam/Iapm,CR_medial_agranular_insular_region,24.17187500000001,1,1,21,21,0.047619047619047616,0.047619047619047616,True,unassessed
331,Candidate_R,6,mapped,541.0,CR_Iai,CR_intermediate_agranular_insula_area,81.48437500000004,66,2,21,21,0.09523809523809523,3.142857142857143,True,unassessed
331,Candidate_R,6,mapped,542.0,CR_Ial,CR_lateral_agranular_insula_area,47.98437500000002,35,8,21,21,0.38095238095238093,1.6666666666666667,True,unassessed
331,Candidate_R,6,mapped,543.0,CR_Iapl,CR_posterior_lateral_agranular_insula_area,15.812500000000007,1,1,21,21,0.047619047619047616,0.047619047619047616,True,unassessed
331,Candidate_R,6,mapped,548.0,CR_G,CR_gustatory_cortex,40.12500000000002,6,1,21,21,0.047619047619047616,0.2857142857142857,True,unassessed
331,Candidate_R,6,mapped,549.0,CR_PrCO,CR_precentral_operular_area,95.95312500000004,1361,20,21,21,0.9523809523809523,64.80952380952381,True,unassessed
331,Candidate_R,6,mapped,570.0,CR_area_12l,CR_lateral_area_12,61.20312500000003,11,1,21,21,0.047619047619047616,0.5238095238095238,True,unassessed
331,Candidate_R,6,mapped,576.0,CR_area_44,CR_area_44,49.35937500000002,4,1,21,21,0.047619047619047616,0.19047619047619047,True,unassessed
331,Candidate_R,6,mapped,586.0,CR_F5,CR_area_F5_of_ventral_premotor_cortex,434.01562500000017,19,3,21,21,0.14285714285714285,0.9047619047619048,True,unassessed
331,Candidate_R,6,mapped,595.0,CR_SII,CR_secondary_somatosensory_cortex,285.3125000000001,48,2,21,21,0.09523809523809523,2.2857142857142856,True,unassessed
331,Candidate_R,6,mapped,659.0,CR_rostral_ERh,CR_rostral_entorhinal_cortex,47.82812500000002,3,1,21,21,0.047619047619047616,0.14285714285714285,True,unassessed
331,Candidate_R,6,mapped,728.0,CR_Ia/Id,CR_agranular_and_dysgranular_insula,164.56250000000009,35,3,21,21,0.14285714285714285,1.6666666666666667,True,unassessed
331,Candidate_R,6,mapped,1133.0,SL_CM,SL_central_medial_thalamus,12.453125000000005,1,1,21,21,0.047619047619047616,0.047619047619047616,True,unassessed
331,Candidate_R,6,mapped,1504.0,SR_Cl,SR_claustrum,255.1562500000001,3,2,21,21,0.09523809523809523,0.14285714285714285,True,unassessed
331,Candidate_R,6,mapped,1556.0,SR_Pu,SR_putamen,895.1093750000003,17,2,21,21,0.09523809523809523,0.8095238095238095,True,unassessed
331,Candidate_R,6,mapped,1621.0,SR_CMn-PF,SR_centromedial-parafascicular_thalamus,50.56250000000002,1,1,21,21,0.047619047619047616,0.047619047619047616,True,unassessed
331,Candidate_R,6,mapped,1647.0,SR_VM,SR_ventral_medial_thalamus,20.95312500000001,1,1,21,21,0.047619047619047616,0.047619047619047616,True,unassessed
331,Candidate_R,6,zero_unassigned,0.0,,,,187,9,21,21,0.42857142857142855,8.904761904761905,True,unassessed
331,G_exploratory_L,1,mapped,1.0,CL_Frontal,CL_Frontal_Lobe,6154.890625000003,224,3,3,3,1.0,74.66666666666667,True,unassessed
331,G_exploratory_L,1,mapped,90.0,CL_Parietal,CL_Parietal_Lobe,3774.453125000002,3,1,3,3,0.3333333333333333,1.0,True,unassessed
331,G_exploratory_L,1,mapped,138.0,CL_Temporal,CL_Temporal_Lobe,4285.390625000002,142,1,3,3,0.3333333333333333,47.333333333333336,True,unassessed
331,G_exploratory_L,1,zero_unassigned,0.0,,,,53,3,3,3,1.0,17.666666666666668,True,unassessed
331,G_exploratory_L,2,mapped,16.0,CL_OFC,CL_orbital_frontal_cortex,1344.9218750000007,224,3,3,3,1.0,74.66666666666667,True,unassessed
331,G_exploratory_L,2,mapped,91.0,CL_SI/SII,CL_somatosensory_cortex,1186.0000000000005,3,1,3,3,0.3333333333333333,1.0,True,unassessed
331,G_exploratory_L,2,mapped,224.0,CL_floor_of_ls,CL_floor_of_the_lateral_sulcus,303.2968750000001,142,1,3,3,0.3333333333333333,47.333333333333336,True,unassessed
331,G_exploratory_L,2,zero_unassigned,0.0,,,,53,3,3,3,1.0,17.666666666666668,True,unassessed
331,G_exploratory_L,3,mapped,37.0,CL_caudal_OFC,CL_caudal_orbital_frontal_cortex,331.17187500000017,224,3,3,3,1.0,74.66666666666667,True,unassessed
331,G_exploratory_L,3,mapped,95.0,CL_SII,CL_secondary_somatosensory_cortex,285.3125000000001,3,1,3,3,0.3333333333333333,1.0,True,unassessed
331,G_exploratory_L,3,mapped,224.0,CL_floor_of_ls,CL_floor_of_the_lateral_sulcus,303.2968750000001,142,1,3,3,0.3333333333333333,47.333333333333336,True,unassessed
331,G_exploratory_L,3,zero_unassigned,0.0,,,,53,3,3,3,1.0,17.666666666666668,True,unassessed
331,G_exploratory_L,4,mapped,38.0,CL_OFa-p,CL_agranular_orbitofrontal_cortex,169.45312500000009,2,1,3,3,0.3333333333333333,0.6666666666666666,True,unassessed
331,G_exploratory_L,4,mapped,47.0,CL_cl_OFC,CL_caudolateral_orbitofrontal_cortex,136.07812500000006,222,3,3,3,1.0,74.0,True,unassessed
331,G_exploratory_L,4,mapped,95.0,CL_SII,CL_secondary_somatosensory_cortex,285.3125000000001,3,1,3,3,0.3333333333333333,1.0,True,unassessed
331,G_exploratory_L,4,mapped,225.0,CL_Ins/Pi,CL_insula_and_parainsula,288.1875000000001,142,1,3,3,0.3333333333333333,47.333333333333336,True,unassessed
331,G_exploratory_L,4,zero_unassigned,0.0,,,,53,3,3,3,1.0,17.666666666666668,True,unassessed
331,G_exploratory_L,5,mapped,40.0,CL_lat_Ia,CL_lateral_agranular_insular_region,145.28125000000006,2,1,3,3,0.3333333333333333,0.6666666666666666,True,unassessed
331,G_exploratory_L,5,mapped,48.0,CL_G,CL_gustatory_cortex,40.12500000000002,155,3,3,3,1.0,51.666666666666664,True,unassessed
331,G_exploratory_L,5,mapped,49.0,CL_PrCO,CL_precentral_operular_area,95.95312500000004,67,1,3,3,0.3333333333333333,22.333333333333332,True,unassessed
331,G_exploratory_L,5,mapped,95.0,CL_SII,CL_secondary_somatosensory_cortex,285.3125000000001,3,1,3,3,0.3333333333333333,1.0,True,unassessed
331,G_exploratory_L,5,mapped,227.0,CL_Ins,CL_insula,260.9062500000001,142,1,3,3,0.3333333333333333,47.333333333333336,True,unassessed
331,G_exploratory_L,5,zero_unassigned,0.0,,,,53,3,3,3,1.0,17.666666666666668,True,unassessed
331,G_exploratory_L,6,mapped,43.0,CL_Iapl,CL_posterior_lateral_agranular_insula_area,15.812500000000007,2,1,3,3,0.3333333333333333,0.6666666666666666,True,unassessed
331,G_exploratory_L,6,mapped,48.0,CL_G,CL_gustatory_cortex,40.12500000000002,155,3,3,3,1.0,51.666666666666664,True,unassessed
331,G_exploratory_L,6,mapped,49.0,CL_PrCO,CL_precentral_operular_area,95.95312500000004,67,1,3,3,0.3333333333333333,22.333333333333332,True,unassessed
331,G_exploratory_L,6,mapped,95.0,CL_SII,CL_secondary_somatosensory_cortex,285.3125000000001,3,1,3,3,0.3333333333333333,1.0,True,unassessed
331,G_exploratory_L,6,mapped,228.0,CL_Ia/Id,CL_agranular_and_dysgranular_insula,164.56250000000009,142,1,3,3,0.3333333333333333,47.333333333333336,True,unassessed
331,G_exploratory_L,6,zero_unassigned,0.0,,,,53,3,3,3,1.0,17.666666666666668,True,unassessed
605,AtlasINS_L,1,mapped,90.0,CL_Parietal,CL_Parietal_Lobe,3774.453125000002,57,1,1,1,1.0,57.0,True,unassessed
605,AtlasINS_L,1,mapped,138.0,CL_Temporal,CL_Temporal_Lobe,4285.390625000002,37,1,1,1,1.0,37.0,True,unassessed
605,AtlasINS_L,1,zero_unassigned,0.0,,,,30,1,1,1,1.0,30.0,True,unassessed
605,AtlasINS_L,2,mapped,91.0,CL_SI/SII,CL_somatosensory_cortex,1186.0000000000005,57,1,1,1,1.0,57.0,True,unassessed
605,AtlasINS_L,2,mapped,224.0,CL_floor_of_ls,CL_floor_of_the_lateral_sulcus,303.2968750000001,37,1,1,1,1.0,37.0,True,unassessed
605,AtlasINS_L,2,zero_unassigned,0.0,,,,30,1,1,1,1.0,30.0,True,unassessed
605,AtlasINS_L,3,mapped,95.0,CL_SII,CL_secondary_somatosensory_cortex,285.3125000000001,57,1,1,1,1.0,57.0,True,unassessed
605,AtlasINS_L,3,mapped,224.0,CL_floor_of_ls,CL_floor_of_the_lateral_sulcus,303.2968750000001,37,1,1,1,1.0,37.0,True,unassessed
605,AtlasINS_L,3,zero_unassigned,0.0,,,,30,1,1,1,1.0,30.0,True,unassessed
605,AtlasINS_L,4,mapped,95.0,CL_SII,CL_secondary_somatosensory_cortex,285.3125000000001,57,1,1,1,1.0,57.0,True,unassessed
605,AtlasINS_L,4,mapped,225.0,CL_Ins/Pi,CL_insula_and_parainsula,288.1875000000001,37,1,1,1,1.0,37.0,True,unassessed
605,AtlasINS_L,4,zero_unassigned,0.0,,,,30,1,1,1,1.0,30.0,True,unassessed
605,AtlasINS_L,5,mapped,95.0,CL_SII,CL_secondary_somatosensory_cortex,285.3125000000001,57,1,1,1,1.0,57.0,True,unassessed
605,AtlasINS_L,5,mapped,227.0,CL_Ins,CL_insula,260.9062500000001,37,1,1,1,1.0,37.0,True,unassessed
605,AtlasINS_L,5,zero_unassigned,0.0,,,,30,1,1,1,1.0,30.0,True,unassessed
605,AtlasINS_L,6,mapped,95.0,CL_SII,CL_secondary_somatosensory_cortex,285.3125000000001,57,1,1,1,1.0,57.0,True,unassessed
605,AtlasINS_L,6,mapped,229.0,CL_Ig,CL_granular_insula,96.34375000000004,37,1,1,1,1.0,37.0,True,unassessed
605,AtlasINS_L,6,zero_unassigned,0.0,,,,30,1,1,1,1.0,30.0,True,unassessed
605,AtlasINS_R,1,mapped,501.0,CR_Frontal,CR_Frontal_Lobe,6154.890625000003,57,1,5,5,0.2,11.4,True,unassessed
605,AtlasINS_R,1,mapped,590.0,CR_Parietal,CR_Parietal_Lobe,3774.453125000002,44,5,5,5,1.0,8.8,True,unassessed
605,AtlasINS_R,1,mapped,638.0,CR_Temporal,CR_Temporal_Lobe,4285.390625000002,289,5,5,5,1.0,57.8,True,unassessed
605,AtlasINS_R,1,zero_unassigned,0.0,,,,46,4,5,5,0.8,9.2,True,unassessed
605,AtlasINS_R,2,mapped,577.0,CR_motor,CR_motor_cortex,2542.000000000001,57,1,5,5,0.2,11.4,True,unassessed
605,AtlasINS_R,2,mapped,591.0,CR_SI/SII,CR_somatosensory_cortex,1186.0000000000005,34,3,5,5,0.6,6.8,True,unassessed
605,AtlasINS_R,2,mapped,612.0,CR_IPL,CR_inferior_parietal_lobule,1044.0156250000005,10,3,5,5,0.6,2.0,True,unassessed
605,AtlasINS_R,2,mapped,693.0,CR_STG/STSd,CR_superior_temporal_region,854.1250000000003,6,2,5,5,0.4,1.2,True,unassessed
605,AtlasINS_R,2,mapped,704.0,CR_core/belt,CR_core_and_belt_areas_of_auditory_cortex,504.1406250000002,2,1,5,5,0.2,0.4,True,unassessed
605,AtlasINS_R,2,mapped,724.0,CR_floor_of_ls,CR_floor_of_the_lateral_sulcus,303.2968750000001,281,5,5,5,1.0,56.2,True,unassessed
605,AtlasINS_R,2,zero_unassigned,0.0,,,,46,4,5,5,0.8,9.2,True,unassessed
605,AtlasINS_R,3,mapped,578.0,CR_M1/PM,CR_lateral_motor_cortex,2230.484375000001,57,1,5,5,0.2,11.4,True,unassessed
605,AtlasINS_R,3,mapped,592.0,CR_SI,CR_primary_somatosensory_cortex,900.6875000000005,9,1,5,5,0.2,1.8,True,unassessed
605,AtlasINS_R,3,mapped,595.0,CR_SII,CR_secondary_somatosensory_cortex,285.3125000000001,25,2,5,5,0.4,5.0,True,unassessed
605,AtlasINS_R,3,mapped,620.0,CR_area_7_in_IPL,CR_area_7_in_the_inferior_parietal_lobule,560.8125000000002,10,3,5,5,0.6,2.0,True,unassessed
605,AtlasINS_R,3,mapped,699.0,CR_STGc,CR_caudal_superior_temporal_gyrus,260.3125000000001,6,2,5,5,0.4,1.2,True,unassessed
605,AtlasINS_R,3,mapped,705.0,CR_belt,CR_belt_areas_of_auditory_cortex,316.8750000000001,2,1,5,5,0.2,0.4,True,unassessed
605,AtlasINS_R,3,mapped,724.0,CR_floor_of_ls,CR_floor_of_the_lateral_sulcus,303.2968750000001,281,5,5,5,1.0,56.2,True,unassessed
605,AtlasINS_R,3,zero_unassigned,0.0,,,,46,4,5,5,0.8,9.2,True,unassessed
605,AtlasINS_R,4,mapped,580.0,CR_PM,CR_premotor_cortex,1468.3593750000007,57,1,5,5,0.2,11.4,True,unassessed
605,AtlasINS_R,4,mapped,592.0,CR_SI,CR_primary_somatosensory_cortex,900.6875000000005,9,1,5,5,0.2,1.8,True,unassessed
605,AtlasINS_R,4,mapped,595.0,CR_SII,CR_secondary_somatosensory_cortex,285.3125000000001,25,2,5,5,0.4,5.0,True,unassessed
605,AtlasINS_R,4,mapped,620.0,CR_area_7_in_IPL,CR_area_7_in_the_inferior_parietal_lobule,560.8125000000002,10,3,5,5,0.6,2.0,True,unassessed
605,AtlasINS_R,4,mapped,699.0,CR_STGc,CR_caudal_superior_temporal_gyrus,260.3125000000001,6,2,5,5,0.4,1.2,True,unassessed
605,AtlasINS_R,4,mapped,713.0,CR_med_belt,CR_medial_belt_areas,127.98437500000006,2,1,5,5,0.2,0.4,True,unassessed
605,AtlasINS_R,4,mapped,725.0,CR_Ins/Pi,CR_insula_and_parainsula,288.1875000000001,280,5,5,5,1.0,56.0,True,unassessed
605,AtlasINS_R,4,mapped,730.0,CR_Ri,CR_retroinsula,15.109375000000007,1,1,5,5,0.2,0.2,True,unassessed
605,AtlasINS_R,4,zero_unassigned,0.0,,,,46,4,5,5,0.8,9.2,True,unassessed
605,AtlasINS_R,5,mapped,581.0,CR_PMd,CR_dorsal_premotor_cortex,767.7500000000003,57,1,5,5,0.2,11.4,True,unassessed
605,AtlasINS_R,5,mapped,594.0,CR_areas_1-2,CR_areas_1-2,655.2968750000003,9,1,5,5,0.2,1.8,True,unassessed
605,AtlasINS_R,5,mapped,595.0,CR_SII,CR_secondary_somatosensory_cortex,285.3125000000001,25,2,5,5,0.4,5.0,True,unassessed
605,AtlasINS_R,5,mapped,624.0,CR_area_7op,CR_parietal_operculum,167.64062500000009,10,3,5,5,0.6,2.0,True,unassessed
605,AtlasINS_R,5,mapped,700.0,CR_Tpt,CR_temporo-parietal_area,97.45312500000004,6,2,5,5,0.4,1.2,True,unassessed
605,AtlasINS_R,5,mapped,714.0,CR_CM,CR_caudomedial_belt_region,60.00000000000003,2,1,5,5,0.2,0.4,True,unassessed
605,AtlasINS_R,5,mapped,727.0,CR_Ins,CR_insula,260.9062500000001,280,5,5,5,1.0,56.0,True,unassessed
605,AtlasINS_R,5,mapped,730.0,CR_Ri,CR_retroinsula,15.109375000000007,1,1,5,5,0.2,0.2,True,unassessed
605,AtlasINS_R,5,zero_unassigned,0.0,,,,46,4,5,5,0.8,9.2,True,unassessed
605,AtlasINS_R,6,mapped,582.0,CR_PMdc,CR_caudal_dorsal_premotor_cortex,687.1875000000003,57,1,5,5,0.2,11.4,True,unassessed
605,AtlasINS_R,6,mapped,594.0,CR_areas_1-2,CR_areas_1-2,655.2968750000003,9,1,5,5,0.2,1.8,True,unassessed
605,AtlasINS_R,6,mapped,595.0,CR_SII,CR_secondary_somatosensory_cortex,285.3125000000001,25,2,5,5,0.4,5.0,True,unassessed
605,AtlasINS_R,6,mapped,624.0,CR_area_7op,CR_parietal_operculum,167.64062500000009,10,3,5,5,0.6,2.0,True,unassessed
605,AtlasINS_R,6,mapped,700.0,CR_Tpt,CR_temporo-parietal_area,97.45312500000004,6,2,5,5,0.4,1.2,True,unassessed
605,AtlasINS_R,6,mapped,714.0,CR_CM,CR_caudomedial_belt_region,60.00000000000003,2,1,5,5,0.2,0.4,True,unassessed
605,AtlasINS_R,6,mapped,729.0,CR_Ig,CR_granular_insula,96.34375000000004,280,5,5,5,1.0,56.0,True,unassessed
605,AtlasINS_R,6,mapped,730.0,CR_Ri,CR_retroinsula,15.109375000000007,1,1,5,5,0.2,0.2,True,unassessed
605,AtlasINS_R,6,zero_unassigned,0.0,,,,46,4,5,5,0.8,9.2,True,unassessed
631,AtlasINS_L,1,mapped,1.0,CL_Frontal,CL_Frontal_Lobe,6154.890625000003,1127,3,3,3,1.0,375.6666666666667,True,unassessed
631,AtlasINS_L,1,mapped,90.0,CL_Parietal,CL_Parietal_Lobe,3774.453125000002,95,2,3,3,0.6666666666666666,31.666666666666668,True,unassessed
631,AtlasINS_L,1,mapped,138.0,CL_Temporal,CL_Temporal_Lobe,4285.390625000002,453,3,3,3,1.0,151.0,True,unassessed
631,AtlasINS_L,1,mapped,1001.0,SL_tel,SL_telencephalon,3805.562500000002,194,3,3,3,1.0,64.66666666666667,True,unassessed
631,AtlasINS_L,1,zero_unassigned,0.0,,,,369,3,3,3,1.0,123.0,True,unassessed
631,AtlasINS_L,2,mapped,16.0,CL_OFC,CL_orbital_frontal_cortex,1344.9218750000007,978,3,3,3,1.0,326.0,True,unassessed
631,AtlasINS_L,2,mapped,50.0,CL_lat_PFC,CL_lateral_prefrontal_cortex,1665.2031250000007,4,1,3,3,0.3333333333333333,1.3333333333333333,True,unassessed
631,AtlasINS_L,2,mapped,77.0,CL_motor,CL_motor_cortex,2542.000000000001,145,2,3,3,0.6666666666666666,48.333333333333336,True,unassessed
631,AtlasINS_L,2,mapped,91.0,CL_SI/SII,CL_somatosensory_cortex,1186.0000000000005,95,2,3,3,0.6666666666666666,31.666666666666668,True,unassessed
631,AtlasINS_L,2,mapped,139.0,CL_MTL,CL_medial_temporal_lobe,423.42187500000017,17,1,3,3,0.3333333333333333,5.666666666666667,True,unassessed
631,AtlasINS_L,2,mapped,165.0,CL_TG,CL_temporal_pole,315.5156250000001,47,1,3,3,0.3333333333333333,15.666666666666666,True,unassessed
631,AtlasINS_L,2,mapped,224.0,CL_floor_of_ls,CL_floor_of_the_lateral_sulcus,303.2968750000001,389,3,3,3,1.0,129.66666666666666,True,unassessed
631,AtlasINS_L,2,mapped,1002.0,SL_LVPal,SL_lateral_and_ventral_pallium,309.6718750000001,34,3,3,3,1.0,11.333333333333334,True,unassessed
631,AtlasINS_L,2,mapped,1024.0,SL_Amy,SL_amygdala,302.0000000000001,104,2,3,3,0.6666666666666666,34.666666666666664,True,unassessed
631,AtlasINS_L,2,mapped,1050.0,SL_BG,SL_basal_ganglia,2261.015625000001,54,2,3,3,0.6666666666666666,18.0,True,unassessed
631,AtlasINS_L,2,mapped,1069.0,SL_DSP,SL_diagonal_subpallium,182.70312500000009,2,1,3,3,0.3333333333333333,0.6666666666666666,True,unassessed
631,AtlasINS_L,2,zero_unassigned,0.0,,,,369,3,3,3,1.0,123.0,True,unassessed
631,AtlasINS_L,3,mapped,25.0,CL_lat_OFC,CL_lateral_orbital_frontal_cortex,708.1406250000003,311,2,3,3,0.6666666666666666,103.66666666666667,True,unassessed
631,AtlasINS_L,3,mapped,37.0,CL_caudal_OFC,CL_caudal_orbital_frontal_cortex,331.17187500000017,667,3,3,3,1.0,222.33333333333334,True,unassessed
631,AtlasINS_L,3,mapped,64.0,CL_vlPFC,CL_ventrolateral_prefrontal_cortex,680.8593750000003,4,1,3,3,0.3333333333333333,1.3333333333333333,True,unassessed
631,AtlasINS_L,3,mapped,78.0,CL_M1/PM,CL_lateral_motor_cortex,2230.484375000001,145,2,3,3,0.6666666666666666,48.333333333333336,True,unassessed
631,AtlasINS_L,3,mapped,92.0,CL_SI,CL_primary_somatosensory_cortex,900.6875000000005,8,1,3,3,0.3333333333333333,2.6666666666666665,True,unassessed
631,AtlasINS_L,3,mapped,95.0,CL_SII,CL_secondary_somatosensory_cortex,285.3125000000001,87,2,3,3,0.6666666666666666,29.0,True,unassessed
631,AtlasINS_L,3,mapped,153.0,CL_Rh,CL_rhinal_cortex,280.2343750000001,17,1,3,3,0.3333333333333333,5.666666666666667,True,unassessed
631,AtlasINS_L,3,mapped,165.0,CL_TG,CL_temporal_pole,315.5156250000001,47,1,3,3,0.3333333333333333,15.666666666666666,True,unassessed
631,AtlasINS_L,3,mapped,224.0,CL_floor_of_ls,CL_floor_of_the_lateral_sulcus,303.2968750000001,389,3,3,3,1.0,129.66666666666666,True,unassessed
631,AtlasINS_L,3,mapped,1003.0,SL_LPal,SL_lateral_pallium,255.1562500000001,2,2,3,3,0.6666666666666666,0.6666666666666666,True,unassessed
631,AtlasINS_L,3,mapped,1005.0,SL_VPal,SL_ventral_pallium,54.51562500000002,32,2,3,3,0.6666666666666666,10.666666666666666,True,unassessed
631,AtlasINS_L,3,mapped,1025.0,SL_pAmy,SL_pallial_amygdala,217.79687500000009,86,2,3,3,0.6666666666666666,28.666666666666668,True,unassessed
631,AtlasINS_L,3,mapped,1040.0,SL_spAmy,SL_subpallial_amygdala,84.20312500000004,18,1,3,3,0.3333333333333333,6.0,True,unassessed
631,AtlasINS_L,3,mapped,1051.0,SL_Str,SL_striatum,1922.421875000001,54,2,3,3,0.6666666666666666,18.0,True,unassessed
631,AtlasINS_L,3,mapped,1069.0,SL_DSP,SL_diagonal_subpallium,182.70312500000009,2,1,3,3,0.3333333333333333,0.6666666666666666,True,unassessed
631,AtlasINS_L,3,zero_unassigned,0.0,,,,369,3,3,3,1.0,123.0,True,unassessed
631,AtlasINS_L,4,mapped,26.0,CL_areas_11/13,CL_areas_11_and_13,557.4062500000002,289,1,3,3,0.3333333333333333,96.33333333333333,True,unassessed
631,AtlasINS_L,4,mapped,34.0,CL_area_12m/o,CL_medial_and_orbital_area_12,150.73437500000006,22,2,3,3,0.6666666666666666,7.333333333333333,True,unassessed
631,AtlasINS_L,4,mapped,38.0,CL_OFa-p,CL_agranular_orbitofrontal_cortex,169.45312500000009,111,3,3,3,1.0,37.0,True,unassessed
631,AtlasINS_L,4,mapped,47.0,CL_cl_OFC,CL_caudolateral_orbitofrontal_cortex,136.07812500000006,556,3,3,3,1.0,185.33333333333334,True,unassessed
631,AtlasINS_L,4,mapped,65.0,CL_rostral_vlPFC,CL_rostral_ventrolateral_prefrontal_cortex,465.9531250000002,4,1,3,3,0.3333333333333333,1.3333333333333333,True,unassessed
631,AtlasINS_L,4,mapped,80.0,CL_PM,CL_premotor_cortex,1468.3593750000007,145,2,3,3,0.6666666666666666,48.333333333333336,True,unassessed
631,AtlasINS_L,4,mapped,92.0,CL_SI,CL_primary_somatosensory_cortex,900.6875000000005,8,1,3,3,0.3333333333333333,2.6666666666666665,True,unassessed
631,AtlasINS_L,4,mapped,95.0,CL_SII,CL_secondary_somatosensory_cortex,285.3125000000001,87,2,3,3,0.6666666666666666,29.0,True,unassessed
631,AtlasINS_L,4,mapped,154.0,CL_ERh,CL_entorhinal_cortex,130.48437500000006,16,1,3,3,0.3333333333333333,5.333333333333333,True,unassessed
631,AtlasINS_L,4,mapped,160.0,CL_PRh,CL_perirhinal_cortex,149.75000000000006,1,1,3,3,0.3333333333333333,0.3333333333333333,True,unassessed
631,AtlasINS_L,4,mapped,166.0,CL_TGa,CL_agranular_temporal_pole,76.29687500000003,23,1,3,3,0.3333333333333333,7.666666666666667,True,unassessed
631,AtlasINS_L,4,mapped,167.0,CL_TGg/TGd,CL_granular_and_dysgranular_temporal_pole,239.2187500000001,24,1,3,3,0.3333333333333333,8.0,True,unassessed
631,AtlasINS_L,4,mapped,225.0,CL_Ins/Pi,CL_insula_and_parainsula,288.1875000000001,389,3,3,3,1.0,129.66666666666666,True,unassessed
631,AtlasINS_L,4,mapped,1004.0,SL_Cl,SL_claustrum,255.1562500000001,2,2,3,3,0.6666666666666666,0.6666666666666666,True,unassessed
631,AtlasINS_L,4,mapped,1006.0,SL_En,SL_endopiriform_claustrum,23.71875000000001,4,1,3,3,0.3333333333333333,1.3333333333333333,True,unassessed
631,AtlasINS_L,4,mapped,1009.0,SL_Pir,SL_piriform_cortex,30.796875000000014,28,2,3,3,0.6666666666666666,9.333333333333334,True,unassessed
631,AtlasINS_L,4,mapped,1026.0,SL_vpAmy,SL_ventropallial_amygdala,87.81250000000004,57,2,3,3,0.6666666666666666,19.0,True,unassessed
631,AtlasINS_L,4,mapped,1030.0,SL_lpAmy,SL_lateropallial_amygdala,129.98437500000006,29,2,3,3,0.6666666666666666,9.666666666666666,True,unassessed
631,AtlasINS_L,4,mapped,1043.0,SL_mAmy,SL_medial_amygdala,40.71875000000002,15,1,3,3,0.3333333333333333,5.0,True,unassessed
631,AtlasINS_L,4,mapped,1046.0,SL_pdAmy,SL_pallidal_amygdala,29.640625000000014,3,1,3,3,0.3333333333333333,1.0,True,unassessed
631,AtlasINS_L,4,mapped,1052.0,SL_DStr,SL_dorsal_striatum,1809.218750000001,53,1,3,3,0.3333333333333333,17.666666666666668,True,unassessed
631,AtlasINS_L,4,mapped,1059.0,SL_VStr,SL_ventral_striatum,113.20312500000006,1,1,3,3,0.3333333333333333,0.3333333333333333,True,unassessed
631,AtlasINS_L,4,mapped,1070.0,SL_BR,SL_basal_nucleus_region,38.000000000000014,2,1,3,3,0.3333333333333333,0.6666666666666666,True,unassessed
631,AtlasINS_L,4,zero_unassigned,0.0,,,,369,3,3,3,1.0,123.0,True,unassessed
631,AtlasINS_L,5,mapped,27.0,CL_area_11,CL_area_11,138.23437500000006,82,1,3,3,0.3333333333333333,27.333333333333332,True,unassessed
631,AtlasINS_L,5,mapped,30.0,CL_area_13,CL_area_13,419.17187500000017,207,1,3,3,0.3333333333333333,69.0,True,unassessed
631,AtlasINS_L,5,mapped,34.0,CL_area_12m/o,CL_medial_and_orbital_area_12,150.73437500000006,22,2,3,3,0.6666666666666666,7.333333333333333,True,unassessed
631,AtlasINS_L,5,mapped,40.0,CL_lat_Ia,CL_lateral_agranular_insular_region,145.28125000000006,111,3,3,3,1.0,37.0,True,unassessed
631,AtlasINS_L,5,mapped,48.0,CL_G,CL_gustatory_cortex,40.12500000000002,118,3,3,3,1.0,39.333333333333336,True,unassessed
631,AtlasINS_L,5,mapped,49.0,CL_PrCO,CL_precentral_operular_area,95.95312500000004,438,3,3,3,1.0,146.0,True,unassessed
631,AtlasINS_L,5,mapped,69.0,CL_area_12r/l,CL_rostral_and_lateral_area_12,149.23437500000006,4,1,3,3,0.3333333333333333,1.3333333333333333,True,unassessed
631,AtlasINS_L,5,mapped,84.0,CL_PMv,CL_ventral_premotor_cortex,700.6093750000003,145,2,3,3,0.6666666666666666,48.333333333333336,True,unassessed
631,AtlasINS_L,5,mapped,94.0,CL_areas_1-2,CL_areas_1-2,655.2968750000003,8,1,3,3,0.3333333333333333,2.6666666666666665,True,unassessed
631,AtlasINS_L,5,mapped,95.0,CL_SII,CL_secondary_somatosensory_cortex,285.3125000000001,87,2,3,3,0.6666666666666666,29.0,True,unassessed
631,AtlasINS_L,5,mapped,159.0,CL_rostral_ERh,CL_rostral_entorhinal_cortex,47.82812500000002,16,1,3,3,0.3333333333333333,5.333333333333333,True,unassessed
631,AtlasINS_L,5,mapped,162.0,CL_area_36,CL_area_36,115.15625000000006,1,1,3,3,0.3333333333333333,0.3333333333333333,True,unassessed
631,AtlasINS_L,5,mapped,166.0,CL_TGa,CL_agranular_temporal_pole,76.29687500000003,23,1,3,3,0.3333333333333333,7.666666666666667,True,unassessed
631,AtlasINS_L,5,mapped,168.0,CL_TGd,CL_dysgranular_temporal_pole,91.85937500000004,10,1,3,3,0.3333333333333333,3.3333333333333335,True,unassessed
631,AtlasINS_L,5,mapped,171.0,CL_TGg,CL_granular_temporal_pole,147.35937500000006,14,1,3,3,0.3333333333333333,4.666666666666667,True,unassessed
631,AtlasINS_L,5,mapped,227.0,CL_Ins,CL_insula,260.9062500000001,389,3,3,3,1.0,129.66666666666666,True,unassessed
631,AtlasINS_L,5,mapped,1004.0,SL_Cl,SL_claustrum,255.1562500000001,2,2,3,3,0.6666666666666666,0.6666666666666666,True,unassessed
631,AtlasINS_L,5,mapped,1008.0,SL_VEn,SL_ventral_endopiriform_claustrum,9.515625000000004,4,1,3,3,0.3333333333333333,1.3333333333333333,True,unassessed
631,AtlasINS_L,5,mapped,1009.0,SL_Pir,SL_piriform_cortex,30.796875000000014,28,2,3,3,0.6666666666666666,9.333333333333334,True,unassessed
631,AtlasINS_L,5,mapped,1027.0,SL_BM,SL_basomedial_amygdaloid_nucleus,47.84375000000002,12,2,3,3,0.6666666666666666,4.0,True,unassessed
631,AtlasINS_L,5,mapped,1028.0,SL_VCo,SL_ventral_cortical_amygdaloid_nucleus,22.76562500000001,45,2,3,3,0.6666666666666666,15.0,True,unassessed
631,AtlasINS_L,5,mapped,1031.0,SL_La,SL_lateral_amygdaloid_nucleus,40.82812500000002,20,1,3,3,0.3333333333333333,6.666666666666667,True,unassessed
631,AtlasINS_L,5,mapped,1034.0,SL_APir,SL_amygdalopiriform_transition_area,27.85937500000001,9,2,3,3,0.6666666666666666,3.0,True,unassessed
631,AtlasINS_L,5,mapped,1045.0,SL_AA,SL_anterior_amygdaloid_area,23.73437500000001,15,1,3,3,0.3333333333333333,5.0,True,unassessed
631,AtlasINS_L,5,mapped,1048.0,SL_IPAC,SL_posterior_interstitial_nucleus,4.906250000000002,3,1,3,3,0.3333333333333333,1.0,True,unassessed
631,AtlasINS_L,5,mapped,1056.0,SL_Pu,SL_putamen,895.1093750000003,50,1,3,3,0.3333333333333333,16.666666666666668,True,unassessed
631,AtlasINS_L,5,mapped,1057.0,SL_ASt,SL_amygdalostriatal_transition,33.812500000000014,3,1,3,3,0.3333333333333333,1.0,True,unassessed
631,AtlasINS_L,5,mapped,1060.0,SL_Acb,SL_accumbens,94.96875000000004,1,1,3,3,0.3333333333333333,0.3333333333333333,True,unassessed
631,AtlasINS_L,5,mapped,1070.0,SL_BR,SL_basal_nucleus_region,38.000000000000014,2,1,3,3,0.3333333333333333,0.6666666666666666,True,unassessed
631,AtlasINS_L,5,zero_unassigned,0.0,,,,369,3,3,3,1.0,123.0,True,unassessed
631,AtlasINS_L,6,mapped,29.0,CL_area_11l,CL_lateral_area_11,72.23437500000003,82,1,3,3,0.3333333333333333,27.333333333333332,True,unassessed
631,AtlasINS_L,6,mapped,32.0,CL_area_13m,CL_medial_area_13,174.45312500000009,10,1,3,3,0.3333333333333333,3.3333333333333335,True,unassessed
631,AtlasINS_L,6,mapped,33.0,CL_area_13l,CL_lateral_area_13,120.60937500000006,197,1,3,3,0.3333333333333333,65.66666666666667,True,unassessed
631,AtlasINS_L,6,mapped,35.0,CL_area_12m,CL_medial_area_12,82.07812500000004,8,1,3,3,0.3333333333333333,2.6666666666666665,True,unassessed
631,AtlasINS_L,6,mapped,36.0,CL_area_12o,CL_orbital_area_12,68.65625000000003,14,2,3,3,0.6666666666666666,4.666666666666667,True,unassessed
631,AtlasINS_L,6,mapped,41.0,CL_Iai,CL_intermediate_agranular_insula_area,81.48437500000004,22,1,3,3,0.3333333333333333,7.333333333333333,True,unassessed
631,AtlasINS_L,6,mapped,42.0,CL_Ial,CL_lateral_agranular_insula_area,47.98437500000002,38,3,3,3,1.0,12.666666666666666,True,unassessed
631,AtlasINS_L,6,mapped,43.0,CL_Iapl,CL_posterior_lateral_agranular_insula_area,15.812500000000007,51,3,3,3,1.0,17.0,True,unassessed
631,AtlasINS_L,6,mapped,48.0,CL_G,CL_gustatory_cortex,40.12500000000002,118,3,3,3,1.0,39.333333333333336,True,unassessed
631,AtlasINS_L,6,mapped,49.0,CL_PrCO,CL_precentral_operular_area,95.95312500000004,438,3,3,3,1.0,146.0,True,unassessed
631,AtlasINS_L,6,mapped,70.0,CL_area_12l,CL_lateral_area_12,61.20312500000003,4,1,3,3,0.3333333333333333,1.3333333333333333,True,unassessed
631,AtlasINS_L,6,mapped,86.0,CL_F5,CL_area_F5_of_ventral_premotor_cortex,434.01562500000017,145,2,3,3,0.6666666666666666,48.333333333333336,True,unassessed
631,AtlasINS_L,6,mapped,94.0,CL_areas_1-2,CL_areas_1-2,655.2968750000003,8,1,3,3,0.3333333333333333,2.6666666666666665,True,unassessed
631,AtlasINS_L,6,mapped,95.0,CL_SII,CL_secondary_somatosensory_cortex,285.3125000000001,87,2,3,3,0.6666666666666666,29.0,True,unassessed
631,AtlasINS_L,6,mapped,159.0,CL_rostral_ERh,CL_rostral_entorhinal_cortex,47.82812500000002,16,1,3,3,0.3333333333333333,5.333333333333333,True,unassessed
631,AtlasINS_L,6,mapped,164.0,CL_area_36r/p,CL_rostral_and_polar_area_36,61.18750000000003,1,1,3,3,0.3333333333333333,0.3333333333333333,True,unassessed
631,AtlasINS_L,6,mapped,166.0,CL_TGa,CL_agranular_temporal_pole,76.29687500000003,23,1,3,3,0.3333333333333333,7.666666666666667,True,unassessed
631,AtlasINS_L,6,mapped,170.0,CL_TGvd,CL_ventral_dysgranular_temporal_pole,21.12500000000001,10,1,3,3,0.3333333333333333,3.3333333333333335,True,unassessed
631,AtlasINS_L,6,mapped,173.0,CL_TGvg,CL_ventral_granular_temporal_pole,16.859375000000007,14,1,3,3,0.3333333333333333,4.666666666666667,True,unassessed
631,AtlasINS_L,6,mapped,228.0,CL_Ia/Id,CL_agranular_and_dysgranular_insula,164.56250000000009,389,3,3,3,1.0,129.66666666666666,True,unassessed
631,AtlasINS_L,6,mapped,1004.0,SL_Cl,SL_claustrum,255.1562500000001,2,2,3,3,0.6666666666666666,0.6666666666666666,True,unassessed
631,AtlasINS_L,6,mapped,1008.0,SL_VEn,SL_ventral_endopiriform_claustrum,9.515625000000004,4,1,3,3,0.3333333333333333,1.3333333333333333,True,unassessed
631,AtlasINS_L,6,mapped,1009.0,SL_Pir,SL_piriform_cortex,30.796875000000014,28,2,3,3,0.6666666666666666,9.333333333333334,True,unassessed
631,AtlasINS_L,6,mapped,1027.0,SL_BM,SL_basomedial_amygdaloid_nucleus,47.84375000000002,12,2,3,3,0.6666666666666666,4.0,True,unassessed
631,AtlasINS_L,6,mapped,1028.0,SL_VCo,SL_ventral_cortical_amygdaloid_nucleus,22.76562500000001,45,2,3,3,0.6666666666666666,15.0,True,unassessed
631,AtlasINS_L,6,mapped,1032.0,SL_LaD,SL_lateral_dorsal_amygdaloid_nucleus,22.29687500000001,9,1,3,3,0.3333333333333333,3.0,True,unassessed
631,AtlasINS_L,6,mapped,1033.0,SL_LaV,SL_lateral_ventral_amygdaloid_nucleus,18.531250000000007,11,1,3,3,0.3333333333333333,3.6666666666666665,True,unassessed
631,AtlasINS_L,6,mapped,1034.0,SL_APir,SL_amygdalopiriform_transition_area,27.85937500000001,9,2,3,3,0.6666666666666666,3.0,True,unassessed
631,AtlasINS_L,6,mapped,1045.0,SL_AA,SL_anterior_amygdaloid_area,23.73437500000001,15,1,3,3,0.3333333333333333,5.0,True,unassessed
631,AtlasINS_L,6,mapped,1048.0,SL_IPAC,SL_posterior_interstitial_nucleus,4.906250000000002,3,1,3,3,0.3333333333333333,1.0,True,unassessed
631,AtlasINS_L,6,mapped,1056.0,SL_Pu,SL_putamen,895.1093750000003,50,1,3,3,0.3333333333333333,16.666666666666668,True,unassessed
631,AtlasINS_L,6,mapped,1057.0,SL_ASt,SL_amygdalostriatal_transition,33.812500000000014,3,1,3,3,0.3333333333333333,1.0,True,unassessed
631,AtlasINS_L,6,mapped,1060.0,SL_Acb,SL_accumbens,94.96875000000004,1,1,3,3,0.3333333333333333,0.3333333333333333,True,unassessed
631,AtlasINS_L,6,mapped,1071.0,SL_PeB,SL_peri-basal_region,12.453125000000005,2,1,3,3,0.3333333333333333,0.6666666666666666,True,unassessed
631,AtlasINS_L,6,zero_unassigned,0.0,,,,369,3,3,3,1.0,123.0,True,unassessed
631,AtlasINS_R,1,mapped,501.0,CR_Frontal,CR_Frontal_Lobe,6154.890625000003,147,1,1,1,1.0,147.0,True,unassessed
631,AtlasINS_R,1,mapped,590.0,CR_Parietal,CR_Parietal_Lobe,3774.453125000002,135,1,1,1,1.0,135.0,True,unassessed
631,AtlasINS_R,1,mapped,638.0,CR_Temporal,CR_Temporal_Lobe,4285.390625000002,129,1,1,1,1.0,129.0,True,unassessed
631,AtlasINS_R,1,mapped,1082.0,SL_di,SL_diencephalon,1285.0937500000007,2,1,1,1,1.0,2.0,True,unassessed
631,AtlasINS_R,1,mapped,1501.0,SR_tel,SR_telencephalon,3805.562500000002,144,1,1,1,1.0,144.0,True,unassessed
631,AtlasINS_R,1,mapped,1582.0,SR_di,SR_diencephalon,1285.0937500000007,35,1,1,1,1.0,35.0,True,unassessed
631,AtlasINS_R,1,zero_unassigned,0.0,,,,174,1,1,1,1.0,174.0,True,unassessed
631,AtlasINS_R,2,mapped,516.0,CR_OFC,CR_orbital_frontal_cortex,1344.9218750000007,134,1,1,1,1.0,134.0,True,unassessed
631,AtlasINS_R,2,mapped,577.0,CR_motor,CR_motor_cortex,2542.000000000001,13,1,1,1,1.0,13.0,True,unassessed
631,AtlasINS_R,2,mapped,591.0,CR_SI/SII,CR_somatosensory_cortex,1186.0000000000005,135,1,1,1,1.0,135.0,True,unassessed
631,AtlasINS_R,2,mapped,724.0,CR_floor_of_ls,CR_floor_of_the_lateral_sulcus,303.2968750000001,129,1,1,1,1.0,129.0,True,unassessed
631,AtlasINS_R,2,mapped,1113.0,SL_Thal,SL_thalamus,970.0312500000005,2,1,1,1,1.0,2.0,True,unassessed
631,AtlasINS_R,2,mapped,1524.0,SR_Amy,SR_amygdala,302.0000000000001,1,1,1,1,1.0,1.0,True,unassessed
631,AtlasINS_R,2,mapped,1550.0,SR_BG,SR_basal_ganglia,2261.015625000001,143,1,1,1,1.0,143.0,True,unassessed
631,AtlasINS_R,2,mapped,1613.0,SR_Thal,SR_thalamus,970.0312500000005,35,1,1,1,1.0,35.0,True,unassessed
631,AtlasINS_R,2,zero_unassigned,0.0,,,,174,1,1,1,1.0,174.0,True,unassessed
631,AtlasINS_R,3,mapped,537.0,CR_caudal_OFC,CR_caudal_orbital_frontal_cortex,331.17187500000017,134,1,1,1,1.0,134.0,True,unassessed
631,AtlasINS_R,3,mapped,578.0,CR_M1/PM,CR_lateral_motor_cortex,2230.484375000001,13,1,1,1,1.0,13.0,True,unassessed
631,AtlasINS_R,3,mapped,592.0,CR_SI,CR_primary_somatosensory_cortex,900.6875000000005,72,1,1,1,1.0,72.0,True,unassessed
631,AtlasINS_R,3,mapped,595.0,CR_SII,CR_secondary_somatosensory_cortex,285.3125000000001,63,1,1,1,1.0,63.0,True,unassessed
631,AtlasINS_R,3,mapped,724.0,CR_floor_of_ls,CR_floor_of_the_lateral_sulcus,303.2968750000001,129,1,1,1,1.0,129.0,True,unassessed
631,AtlasINS_R,3,mapped,1115.0,SL_MThal,SL_medial_thalamus,208.23437500000009,1,1,1,1,1.0,1.0,True,unassessed
631,AtlasINS_R,3,mapped,1127.0,SL_MLThal,SL_midline_thalamus,71.21875000000003,1,1,1,1,1.0,1.0,True,unassessed
631,AtlasINS_R,3,mapped,1540.0,SR_spAmy,SR_subpallial_amygdala,84.20312500000004,1,1,1,1,1.0,1.0,True,unassessed
631,AtlasINS_R,3,mapped,1551.0,SR_Str,SR_striatum,1922.421875000001,113,1,1,1,1.0,113.0,True,unassessed
631,AtlasINS_R,3,mapped,1562.0,SR_Pd,SR_pallidum,338.59375000000017,30,1,1,1,1.0,30.0,True,unassessed
631,AtlasINS_R,3,mapped,1615.0,SR_MThal,SR_medial_thalamus,208.23437500000009,29,1,1,1,1.0,29.0,True,unassessed
631,AtlasINS_R,3,mapped,1627.0,SR_MLThal,SR_midline_thalamus,71.21875000000003,4,1,1,1,1.0,4.0,True,unassessed
631,AtlasINS_R,3,mapped,1635.0,SR_VThal,SR_ventral_thalamus,291.4218750000001,2,1,1,1,1.0,2.0,True,unassessed
631,AtlasINS_R,3,zero_unassigned,0.0,,,,174,1,1,1,1.0,174.0,True,unassessed
631,AtlasINS_R,4,mapped,538.0,CR_OFa-p,CR_agranular_orbitofrontal_cortex,169.45312500000009,29,1,1,1,1.0,29.0,True,unassessed
631,AtlasINS_R,4,mapped,547.0,CR_cl_OFC,CR_caudolateral_orbitofrontal_cortex,136.07812500000006,105,1,1,1,1.0,105.0,True,unassessed
631,AtlasINS_R,4,mapped,579.0,CR_M1,CR_primary_motor_cortex,762.1250000000003,2,1,1,1,1.0,2.0,True,unassessed
631,AtlasINS_R,4,mapped,580.0,CR_PM,CR_premotor_cortex,1468.3593750000007,11,1,1,1,1.0,11.0,True,unassessed
631,AtlasINS_R,4,mapped,592.0,CR_SI,CR_primary_somatosensory_cortex,900.6875000000005,72,1,1,1,1.0,72.0,True,unassessed
631,AtlasINS_R,4,mapped,595.0,CR_SII,CR_secondary_somatosensory_cortex,285.3125000000001,63,1,1,1,1.0,63.0,True,unassessed
631,AtlasINS_R,4,mapped,725.0,CR_Ins/Pi,CR_insula_and_parainsula,288.1875000000001,129,1,1,1,1.0,129.0,True,unassessed
631,AtlasINS_R,4,mapped,1126.0,SL_MD,SL_mediodorsal_thalamus,78.81250000000003,1,1,1,1,1.0,1.0,True,unassessed
631,AtlasINS_R,4,mapped,1127.0,SL_MLThal,SL_midline_thalamus,71.21875000000003,1,1,1,1,1.0,1.0,True,unassessed
631,AtlasINS_R,4,mapped,1546.0,SR_pdAmy,SR_pallidal_amygdala,29.640625000000014,1,1,1,1,1.0,1.0,True,unassessed
631,AtlasINS_R,4,mapped,1552.0,SR_DStr,SR_dorsal_striatum,1809.218750000001,108,1,1,1,1.0,108.0,True,unassessed
631,AtlasINS_R,4,mapped,1559.0,SR_VStr,SR_ventral_striatum,113.20312500000006,5,1,1,1,1.0,5.0,True,unassessed
631,AtlasINS_R,4,mapped,1562.0,SR_Pd,SR_pallidum,338.59375000000017,30,1,1,1,1.0,30.0,True,unassessed
631,AtlasINS_R,4,mapped,1626.0,SR_MD,SR_mediodorsal_thalamus,78.81250000000003,29,1,1,1,1.0,29.0,True,unassessed
631,AtlasINS_R,4,mapped,1627.0,SR_MLThal,SR_midline_thalamus,71.21875000000003,4,1,1,1,1.0,4.0,True,unassessed
631,AtlasINS_R,4,mapped,1643.0,SR_SpThal,SR_spinal_thalamus,88.20312500000004,2,1,1,1,1.0,2.0,True,unassessed
631,AtlasINS_R,4,zero_unassigned,0.0,,,,174,1,1,1,1.0,174.0,True,unassessed
631,AtlasINS_R,5,mapped,540.0,CR_lat_Ia,CR_lateral_agranular_insular_region,145.28125000000006,29,1,1,1,1.0,29.0,True,unassessed
631,AtlasINS_R,5,mapped,548.0,CR_G,CR_gustatory_cortex,40.12500000000002,102,1,1,1,1.0,102.0,True,unassessed
631,AtlasINS_R,5,mapped,549.0,CR_PrCO,CR_precentral_operular_area,95.95312500000004,3,1,1,1,1.0,3.0,True,unassessed
631,AtlasINS_R,5,mapped,579.0,CR_M1,CR_primary_motor_cortex,762.1250000000003,2,1,1,1,1.0,2.0,True,unassessed
631,AtlasINS_R,5,mapped,584.0,CR_PMv,CR_ventral_premotor_cortex,700.6093750000003,11,1,1,1,1.0,11.0,True,unassessed
631,AtlasINS_R,5,mapped,593.0,CR_area_3a/b,CR_areas_3a_and_3b,245.3906250000001,8,1,1,1,1.0,8.0,True,unassessed
631,AtlasINS_R,5,mapped,594.0,CR_areas_1-2,CR_areas_1-2,655.2968750000003,64,1,1,1,1.0,64.0,True,unassessed
631,AtlasINS_R,5,mapped,595.0,CR_SII,CR_secondary_somatosensory_cortex,285.3125000000001,63,1,1,1,1.0,63.0,True,unassessed
631,AtlasINS_R,5,mapped,727.0,CR_Ins,CR_insula,260.9062500000001,129,1,1,1,1.0,129.0,True,unassessed
631,AtlasINS_R,5,mapped,1126.0,SL_MD,SL_mediodorsal_thalamus,78.81250000000003,1,1,1,1,1.0,1.0,True,unassessed
631,AtlasINS_R,5,mapped,1128.0,SL_IMD,SL_intermediodorsal_thalamus,11.781250000000005,1,1,1,1,1.0,1.0,True,unassessed
631,AtlasINS_R,5,mapped,1548.0,SR_IPAC,SR_posterior_interstitial_nucleus,4.906250000000002,1,1,1,1,1.0,1.0,True,unassessed
631,AtlasINS_R,5,mapped,1556.0,SR_Pu,SR_putamen,895.1093750000003,108,1,1,1,1.0,108.0,True,unassessed
631,AtlasINS_R,5,mapped,1560.0,SR_Acb,SR_accumbens,94.96875000000004,5,1,1,1,1.0,5.0,True,unassessed
631,AtlasINS_R,5,mapped,1563.0,SR_GP,SR_globus_pallidus,239.7656250000001,1,1,1,1,1.0,1.0,True,unassessed
631,AtlasINS_R,5,mapped,1567.0,SR_ac,SR_anterior_commissure,77.82812500000003,29,1,1,1,1.0,29.0,True,unassessed
631,AtlasINS_R,5,mapped,1626.0,SR_MD,SR_mediodorsal_thalamus,78.81250000000003,29,1,1,1,1.0,29.0,True,unassessed
631,AtlasINS_R,5,mapped,1628.0,SR_IMD,SR_intermediodorsal_thalamus,11.781250000000005,1,1,1,1,1.0,1.0,True,unassessed
631,AtlasINS_R,5,mapped,1634.0,SR_Re-Rh-Xi,SR_Reuniens-rhomboid-xiphoid_thalamus,18.937500000000007,3,1,1,1,1.0,3.0,True,unassessed
631,AtlasINS_R,5,mapped,1647.0,SR_VM,SR_ventral_medial_thalamus,20.95312500000001,2,1,1,1,1.0,2.0,True,unassessed
631,AtlasINS_R,5,zero_unassigned,0.0,,,,174,1,1,1,1.0,174.0,True,unassessed
631,AtlasINS_R,6,mapped,541.0,CR_Iai,CR_intermediate_agranular_insula_area,81.48437500000004,29,1,1,1,1.0,29.0,True,unassessed
631,AtlasINS_R,6,mapped,548.0,CR_G,CR_gustatory_cortex,40.12500000000002,102,1,1,1,1.0,102.0,True,unassessed
631,AtlasINS_R,6,mapped,549.0,CR_PrCO,CR_precentral_operular_area,95.95312500000004,3,1,1,1,1.0,3.0,True,unassessed
631,AtlasINS_R,6,mapped,579.0,CR_M1,CR_primary_motor_cortex,762.1250000000003,2,1,1,1,1.0,2.0,True,unassessed
631,AtlasINS_R,6,mapped,585.0,CR_F4,CR_area_F4_of_ventral_premotor_cortex,266.5937500000001,1,1,1,1,1.0,1.0,True,unassessed
631,AtlasINS_R,6,mapped,586.0,CR_F5,CR_area_F5_of_ventral_premotor_cortex,434.01562500000017,10,1,1,1,1.0,10.0,True,unassessed
631,AtlasINS_R,6,mapped,593.0,CR_area_3a/b,CR_areas_3a_and_3b,245.3906250000001,8,1,1,1,1.0,8.0,True,unassessed
631,AtlasINS_R,6,mapped,594.0,CR_areas_1-2,CR_areas_1-2,655.2968750000003,64,1,1,1,1.0,64.0,True,unassessed
631,AtlasINS_R,6,mapped,595.0,CR_SII,CR_secondary_somatosensory_cortex,285.3125000000001,63,1,1,1,1.0,63.0,True,unassessed
631,AtlasINS_R,6,mapped,728.0,CR_Ia/Id,CR_agranular_and_dysgranular_insula,164.56250000000009,129,1,1,1,1.0,129.0,True,unassessed
631,AtlasINS_R,6,mapped,1126.0,SL_MD,SL_mediodorsal_thalamus,78.81250000000003,1,1,1,1,1.0,1.0,True,unassessed
631,AtlasINS_R,6,mapped,1128.0,SL_IMD,SL_intermediodorsal_thalamus,11.781250000000005,1,1,1,1,1.0,1.0,True,unassessed
631,AtlasINS_R,6,mapped,1548.0,SR_IPAC,SR_posterior_interstitial_nucleus,4.906250000000002,1,1,1,1,1.0,1.0,True,unassessed
631,AtlasINS_R,6,mapped,1556.0,SR_Pu,SR_putamen,895.1093750000003,108,1,1,1,1.0,108.0,True,unassessed
631,AtlasINS_R,6,mapped,1560.0,SR_Acb,SR_accumbens,94.96875000000004,5,1,1,1,1.0,5.0,True,unassessed
631,AtlasINS_R,6,mapped,1564.0,SR_EGP,SR_external_globus_pallidus,150.71875000000006,1,1,1,1,1.0,1.0,True,unassessed
631,AtlasINS_R,6,mapped,1567.0,SR_ac,SR_anterior_commissure,77.82812500000003,29,1,1,1,1.0,29.0,True,unassessed
631,AtlasINS_R,6,mapped,1626.0,SR_MD,SR_mediodorsal_thalamus,78.81250000000003,29,1,1,1,1.0,29.0,True,unassessed
631,AtlasINS_R,6,mapped,1628.0,SR_IMD,SR_intermediodorsal_thalamus,11.781250000000005,1,1,1,1,1.0,1.0,True,unassessed
631,AtlasINS_R,6,mapped,1634.0,SR_Re-Rh-Xi,SR_Reuniens-rhomboid-xiphoid_thalamus,18.937500000000007,3,1,1,1,1.0,3.0,True,unassessed
631,AtlasINS_R,6,mapped,1647.0,SR_VM,SR_ventral_medial_thalamus,20.95312500000001,2,1,1,1,1.0,2.0,True,unassessed
631,AtlasINS_R,6,zero_unassigned,0.0,,,,174,1,1,1,1.0,174.0,True,unassessed
631,G_exploratory_L,1,mapped,1.0,CL_Frontal,CL_Frontal_Lobe,6154.890625000003,2623,7,7,7,1.0,374.7142857142857,True,unassessed
631,G_exploratory_L,1,mapped,90.0,CL_Parietal,CL_Parietal_Lobe,3774.453125000002,338,7,7,7,1.0,48.285714285714285,True,unassessed
631,G_exploratory_L,1,mapped,138.0,CL_Temporal,CL_Temporal_Lobe,4285.390625000002,998,5,7,7,0.7142857142857143,142.57142857142858,True,unassessed
631,G_exploratory_L,1,mapped,501.0,CR_Frontal,CR_Frontal_Lobe,6154.890625000003,201,1,7,7,0.14285714285714285,28.714285714285715,True,unassessed
631,G_exploratory_L,1,mapped,590.0,CR_Parietal,CR_Parietal_Lobe,3774.453125000002,337,1,7,7,0.14285714285714285,48.142857142857146,True,unassessed
631,G_exploratory_L,1,mapped,1001.0,SL_tel,SL_telencephalon,3805.562500000002,894,3,7,7,0.42857142857142855,127.71428571428571,True,unassessed
631,G_exploratory_L,1,zero_unassigned,0.0,,,,753,7,7,7,1.0,107.57142857142857,True,unassessed
631,G_exploratory_L,2,mapped,16.0,CL_OFC,CL_orbital_frontal_cortex,1344.9218750000007,1765,7,7,7,1.0,252.14285714285714,True,unassessed
631,G_exploratory_L,2,mapped,50.0,CL_lat_PFC,CL_lateral_prefrontal_cortex,1665.2031250000007,13,1,7,7,0.14285714285714285,1.8571428571428572,True,unassessed
631,G_exploratory_L,2,mapped,77.0,CL_motor,CL_motor_cortex,2542.000000000001,845,5,7,7,0.7142857142857143,120.71428571428571,True,unassessed
631,G_exploratory_L,2,mapped,91.0,CL_SI/SII,CL_somatosensory_cortex,1186.0000000000005,338,7,7,7,1.0,48.285714285714285,True,unassessed
631,G_exploratory_L,2,mapped,139.0,CL_MTL,CL_medial_temporal_lobe,423.42187500000017,54,1,7,7,0.14285714285714285,7.714285714285714,True,unassessed
631,G_exploratory_L,2,mapped,165.0,CL_TG,CL_temporal_pole,315.5156250000001,26,1,7,7,0.14285714285714285,3.7142857142857144,True,unassessed
631,G_exploratory_L,2,mapped,224.0,CL_floor_of_ls,CL_floor_of_the_lateral_sulcus,303.2968750000001,918,5,7,7,0.7142857142857143,131.14285714285714,True,unassessed
631,G_exploratory_L,2,mapped,516.0,CR_OFC,CR_orbital_frontal_cortex,1344.9218750000007,127,1,7,7,0.14285714285714285,18.142857142857142,True,unassessed
631,G_exploratory_L,2,mapped,577.0,CR_motor,CR_motor_cortex,2542.000000000001,74,1,7,7,0.14285714285714285,10.571428571428571,True,unassessed
631,G_exploratory_L,2,mapped,591.0,CR_SI/SII,CR_somatosensory_cortex,1186.0000000000005,337,1,7,7,0.14285714285714285,48.142857142857146,True,unassessed
631,G_exploratory_L,2,mapped,1002.0,SL_LVPal,SL_lateral_and_ventral_pallium,309.6718750000001,19,1,7,7,0.14285714285714285,2.7142857142857144,True,unassessed
631,G_exploratory_L,2,mapped,1024.0,SL_Amy,SL_amygdala,302.0000000000001,766,3,7,7,0.42857142857142855,109.42857142857143,True,unassessed
631,G_exploratory_L,2,mapped,1050.0,SL_BG,SL_basal_ganglia,2261.015625000001,107,2,7,7,0.2857142857142857,15.285714285714286,True,unassessed
631,G_exploratory_L,2,mapped,1069.0,SL_DSP,SL_diagonal_subpallium,182.70312500000009,2,1,7,7,0.14285714285714285,0.2857142857142857,True,unassessed
631,G_exploratory_L,2,zero_unassigned,0.0,,,,753,7,7,7,1.0,107.57142857142857,True,unassessed
631,G_exploratory_L,3,mapped,25.0,CL_lat_OFC,CL_lateral_orbital_frontal_cortex,708.1406250000003,70,1,7,7,0.14285714285714285,10.0,True,unassessed
631,G_exploratory_L,3,mapped,37.0,CL_caudal_OFC,CL_caudal_orbital_frontal_cortex,331.17187500000017,1695,7,7,7,1.0,242.14285714285714,True,unassessed
631,G_exploratory_L,3,mapped,64.0,CL_vlPFC,CL_ventrolateral_prefrontal_cortex,680.8593750000003,13,1,7,7,0.14285714285714285,1.8571428571428572,True,unassessed
631,G_exploratory_L,3,mapped,78.0,CL_M1/PM,CL_lateral_motor_cortex,2230.484375000001,845,5,7,7,0.7142857142857143,120.71428571428571,True,unassessed
631,G_exploratory_L,3,mapped,92.0,CL_SI,CL_primary_somatosensory_cortex,900.6875000000005,43,3,7,7,0.42857142857142855,6.142857142857143,True,unassessed
631,G_exploratory_L,3,mapped,95.0,CL_SII,CL_secondary_somatosensory_cortex,285.3125000000001,295,7,7,7,1.0,42.142857142857146,True,unassessed
631,G_exploratory_L,3,mapped,153.0,CL_Rh,CL_rhinal_cortex,280.2343750000001,54,1,7,7,0.14285714285714285,7.714285714285714,True,unassessed
631,G_exploratory_L,3,mapped,165.0,CL_TG,CL_temporal_pole,315.5156250000001,26,1,7,7,0.14285714285714285,3.7142857142857144,True,unassessed
631,G_exploratory_L,3,mapped,224.0,CL_floor_of_ls,CL_floor_of_the_lateral_sulcus,303.2968750000001,918,5,7,7,0.7142857142857143,131.14285714285714,True,unassessed
631,G_exploratory_L,3,mapped,537.0,CR_caudal_OFC,CR_caudal_orbital_frontal_cortex,331.17187500000017,127,1,7,7,0.14285714285714285,18.142857142857142,True,unassessed
631,G_exploratory_L,3,mapped,578.0,CR_M1/PM,CR_lateral_motor_cortex,2230.484375000001,74,1,7,7,0.14285714285714285,10.571428571428571,True,unassessed
631,G_exploratory_L,3,mapped,595.0,CR_SII,CR_secondary_somatosensory_cortex,285.3125000000001,337,1,7,7,0.14285714285714285,48.142857142857146,True,unassessed
631,G_exploratory_L,3,mapped,1003.0,SL_LPal,SL_lateral_pallium,255.1562500000001,8,1,7,7,0.14285714285714285,1.1428571428571428,True,unassessed
631,G_exploratory_L,3,mapped,1005.0,SL_VPal,SL_ventral_pallium,54.51562500000002,11,1,7,7,0.14285714285714285,1.5714285714285714,True,unassessed
631,G_exploratory_L,3,mapped,1025.0,SL_pAmy,SL_pallial_amygdala,217.79687500000009,751,2,7,7,0.2857142857142857,107.28571428571429,True,unassessed
631,G_exploratory_L,3,mapped,1040.0,SL_spAmy,SL_subpallial_amygdala,84.20312500000004,15,2,7,7,0.2857142857142857,2.142857142857143,True,unassessed
631,G_exploratory_L,3,mapped,1051.0,SL_Str,SL_striatum,1922.421875000001,69,2,7,7,0.2857142857142857,9.857142857142858,True,unassessed
631,G_exploratory_L,3,mapped,1062.0,SL_Pd,SL_pallidum,338.59375000000017,38,2,7,7,0.2857142857142857,5.428571428571429,True,unassessed
631,G_exploratory_L,3,mapped,1069.0,SL_DSP,SL_diagonal_subpallium,182.70312500000009,2,1,7,7,0.14285714285714285,0.2857142857142857,True,unassessed
631,G_exploratory_L,3,zero_unassigned,0.0,,,,753,7,7,7,1.0,107.57142857142857,True,unassessed
631,G_exploratory_L,4,mapped,26.0,CL_areas_11/13,CL_areas_11_and_13,557.4062500000002,17,1,7,7,0.14285714285714285,2.4285714285714284,True,unassessed
631,G_exploratory_L,4,mapped,34.0,CL_area_12m/o,CL_medial_and_orbital_area_12,150.73437500000006,53,1,7,7,0.14285714285714285,7.571428571428571,True,unassessed
631,G_exploratory_L,4,mapped,38.0,CL_OFa-p,CL_agranular_orbitofrontal_cortex,169.45312500000009,229,6,7,7,0.8571428571428571,32.714285714285715,True,unassessed
631,G_exploratory_L,4,mapped,47.0,CL_cl_OFC,CL_caudolateral_orbitofrontal_cortex,136.07812500000006,1466,7,7,7,1.0,209.42857142857142,True,unassessed
631,G_exploratory_L,4,mapped,65.0,CL_rostral_vlPFC,CL_rostral_ventrolateral_prefrontal_cortex,465.9531250000002,13,1,7,7,0.14285714285714285,1.8571428571428572,True,unassessed
631,G_exploratory_L,4,mapped,80.0,CL_PM,CL_premotor_cortex,1468.3593750000007,845,5,7,7,0.7142857142857143,120.71428571428571,True,unassessed
631,G_exploratory_L,4,mapped,92.0,CL_SI,CL_primary_somatosensory_cortex,900.6875000000005,43,3,7,7,0.42857142857142855,6.142857142857143,True,unassessed
631,G_exploratory_L,4,mapped,95.0,CL_SII,CL_secondary_somatosensory_cortex,285.3125000000001,295,7,7,7,1.0,42.142857142857146,True,unassessed
631,G_exploratory_L,4,mapped,154.0,CL_ERh,CL_entorhinal_cortex,130.48437500000006,54,1,7,7,0.14285714285714285,7.714285714285714,True,unassessed
631,G_exploratory_L,4,mapped,166.0,CL_TGa,CL_agranular_temporal_pole,76.29687500000003,26,1,7,7,0.14285714285714285,3.7142857142857144,True,unassessed
631,G_exploratory_L,4,mapped,225.0,CL_Ins/Pi,CL_insula_and_parainsula,288.1875000000001,918,5,7,7,0.7142857142857143,131.14285714285714,True,unassessed
631,G_exploratory_L,4,mapped,547.0,CR_cl_OFC,CR_caudolateral_orbitofrontal_cortex,136.07812500000006,127,1,7,7,0.14285714285714285,18.142857142857142,True,unassessed
631,G_exploratory_L,4,mapped,580.0,CR_PM,CR_premotor_cortex,1468.3593750000007,74,1,7,7,0.14285714285714285,10.571428571428571,True,unassessed
631,G_exploratory_L,4,mapped,595.0,CR_SII,CR_secondary_somatosensory_cortex,285.3125000000001,337,1,7,7,0.14285714285714285,48.142857142857146,True,unassessed
631,G_exploratory_L,4,mapped,1004.0,SL_Cl,SL_claustrum,255.1562500000001,8,1,7,7,0.14285714285714285,1.1428571428571428,True,unassessed
631,G_exploratory_L,4,mapped,1006.0,SL_En,SL_endopiriform_claustrum,23.71875000000001,8,1,7,7,0.14285714285714285,1.1428571428571428,True,unassessed
631,G_exploratory_L,4,mapped,1009.0,SL_Pir,SL_piriform_cortex,30.796875000000014,3,1,7,7,0.14285714285714285,0.42857142857142855,True,unassessed
631,G_exploratory_L,4,mapped,1026.0,SL_vpAmy,SL_ventropallial_amygdala,87.81250000000004,40,2,7,7,0.2857142857142857,5.714285714285714,True,unassessed
631,G_exploratory_L,4,mapped,1030.0,SL_lpAmy,SL_lateropallial_amygdala,129.98437500000006,711,2,7,7,0.2857142857142857,101.57142857142857,True,unassessed
631,G_exploratory_L,4,mapped,1043.0,SL_mAmy,SL_medial_amygdala,40.71875000000002,15,2,7,7,0.2857142857142857,2.142857142857143,True,unassessed
631,G_exploratory_L,4,mapped,1052.0,SL_DStr,SL_dorsal_striatum,1809.218750000001,66,2,7,7,0.2857142857142857,9.428571428571429,True,unassessed
631,G_exploratory_L,4,mapped,1059.0,SL_VStr,SL_ventral_striatum,113.20312500000006,3,1,7,7,0.14285714285714285,0.42857142857142855,True,unassessed
631,G_exploratory_L,4,mapped,1062.0,SL_Pd,SL_pallidum,338.59375000000017,38,2,7,7,0.2857142857142857,5.428571428571429,True,unassessed
631,G_exploratory_L,4,mapped,1070.0,SL_BR,SL_basal_nucleus_region,38.000000000000014,2,1,7,7,0.14285714285714285,0.2857142857142857,True,unassessed
631,G_exploratory_L,4,zero_unassigned,0.0,,,,753,7,7,7,1.0,107.57142857142857,True,unassessed
631,G_exploratory_L,5,mapped,27.0,CL_area_11,CL_area_11,138.23437500000006,6,1,7,7,0.14285714285714285,0.8571428571428571,True,unassessed
631,G_exploratory_L,5,mapped,30.0,CL_area_13,CL_area_13,419.17187500000017,11,1,7,7,0.14285714285714285,1.5714285714285714,True,unassessed
631,G_exploratory_L,5,mapped,34.0,CL_area_12m/o,CL_medial_and_orbital_area_12,150.73437500000006,53,1,7,7,0.14285714285714285,7.571428571428571,True,unassessed
631,G_exploratory_L,5,mapped,40.0,CL_lat_Ia,CL_lateral_agranular_insular_region,145.28125000000006,229,6,7,7,0.8571428571428571,32.714285714285715,True,unassessed
631,G_exploratory_L,5,mapped,48.0,CL_G,CL_gustatory_cortex,40.12500000000002,926,7,7,7,1.0,132.28571428571428,True,unassessed
631,G_exploratory_L,5,mapped,49.0,CL_PrCO,CL_precentral_operular_area,95.95312500000004,540,4,7,7,0.5714285714285714,77.14285714285714,True,unassessed
631,G_exploratory_L,5,mapped,69.0,CL_area_12r/l,CL_rostral_and_lateral_area_12,149.23437500000006,13,1,7,7,0.14285714285714285,1.8571428571428572,True,unassessed
631,G_exploratory_L,5,mapped,84.0,CL_PMv,CL_ventral_premotor_cortex,700.6093750000003,845,5,7,7,0.7142857142857143,120.71428571428571,True,unassessed
631,G_exploratory_L,5,mapped,94.0,CL_areas_1-2,CL_areas_1-2,655.2968750000003,43,3,7,7,0.42857142857142855,6.142857142857143,True,unassessed
631,G_exploratory_L,5,mapped,95.0,CL_SII,CL_secondary_somatosensory_cortex,285.3125000000001,295,7,7,7,1.0,42.142857142857146,True,unassessed
631,G_exploratory_L,5,mapped,159.0,CL_rostral_ERh,CL_rostral_entorhinal_cortex,47.82812500000002,54,1,7,7,0.14285714285714285,7.714285714285714,True,unassessed
631,G_exploratory_L,5,mapped,166.0,CL_TGa,CL_agranular_temporal_pole,76.29687500000003,26,1,7,7,0.14285714285714285,3.7142857142857144,True,unassessed
631,G_exploratory_L,5,mapped,227.0,CL_Ins,CL_insula,260.9062500000001,918,5,7,7,0.7142857142857143,131.14285714285714,True,unassessed
631,G_exploratory_L,5,mapped,548.0,CR_G,CR_gustatory_cortex,40.12500000000002,127,1,7,7,0.14285714285714285,18.142857142857142,True,unassessed
631,G_exploratory_L,5,mapped,584.0,CR_PMv,CR_ventral_premotor_cortex,700.6093750000003,74,1,7,7,0.14285714285714285,10.571428571428571,True,unassessed
631,G_exploratory_L,5,mapped,595.0,CR_SII,CR_secondary_somatosensory_cortex,285.3125000000001,337,1,7,7,0.14285714285714285,48.142857142857146,True,unassessed
631,G_exploratory_L,5,mapped,1004.0,SL_Cl,SL_claustrum,255.1562500000001,8,1,7,7,0.14285714285714285,1.1428571428571428,True,unassessed
631,G_exploratory_L,5,mapped,1008.0,SL_VEn,SL_ventral_endopiriform_claustrum,9.515625000000004,8,1,7,7,0.14285714285714285,1.1428571428571428,True,unassessed
631,G_exploratory_L,5,mapped,1009.0,SL_Pir,SL_piriform_cortex,30.796875000000014,3,1,7,7,0.14285714285714285,0.42857142857142855,True,unassessed
631,G_exploratory_L,5,mapped,1027.0,SL_BM,SL_basomedial_amygdaloid_nucleus,47.84375000000002,14,2,7,7,0.2857142857142857,2.0,True,unassessed
631,G_exploratory_L,5,mapped,1028.0,SL_VCo,SL_ventral_cortical_amygdaloid_nucleus,22.76562500000001,26,1,7,7,0.14285714285714285,3.7142857142857144,True,unassessed
631,G_exploratory_L,5,mapped,1031.0,SL_La,SL_lateral_amygdaloid_nucleus,40.82812500000002,642,2,7,7,0.2857142857142857,91.71428571428571,True,unassessed
631,G_exploratory_L,5,mapped,1034.0,SL_APir,SL_amygdalopiriform_transition_area,27.85937500000001,9,2,7,7,0.2857142857142857,1.2857142857142858,True,unassessed
631,G_exploratory_L,5,mapped,1035.0,SL_BL,SL_basolateral_amygdaloid_nucleus,47.54687500000002,52,2,7,7,0.2857142857142857,7.428571428571429,True,unassessed
631,G_exploratory_L,5,mapped,1039.0,SL_PaL,SL_paralaminar_amygdaloid_nucleus,13.750000000000005,8,1,7,7,0.14285714285714285,1.1428571428571428,True,unassessed
631,G_exploratory_L,5,mapped,1045.0,SL_AA,SL_anterior_amygdaloid_area,23.73437500000001,15,2,7,7,0.2857142857142857,2.142857142857143,True,unassessed
631,G_exploratory_L,5,mapped,1056.0,SL_Pu,SL_putamen,895.1093750000003,50,2,7,7,0.2857142857142857,7.142857142857143,True,unassessed
631,G_exploratory_L,5,mapped,1057.0,SL_ASt,SL_amygdalostriatal_transition,33.812500000000014,15,2,7,7,0.2857142857142857,2.142857142857143,True,unassessed
631,G_exploratory_L,5,mapped,1058.0,SL_ic,SL_internal_capsule,230.7343750000001,1,1,7,7,0.14285714285714285,0.14285714285714285,True,unassessed
631,G_exploratory_L,5,mapped,1060.0,SL_Acb,SL_accumbens,94.96875000000004,3,1,7,7,0.14285714285714285,0.42857142857142855,True,unassessed
631,G_exploratory_L,5,mapped,1063.0,SL_GP,SL_globus_pallidus,239.7656250000001,11,1,7,7,0.14285714285714285,1.5714285714285714,True,unassessed
631,G_exploratory_L,5,mapped,1067.0,SL_ac,SL_anterior_commissure,77.82812500000003,24,2,7,7,0.2857142857142857,3.4285714285714284,True,unassessed
631,G_exploratory_L,5,mapped,1068.0,SL_VP,SL_ventral_pallidum,21.00000000000001,3,1,7,7,0.14285714285714285,0.42857142857142855,True,unassessed
631,G_exploratory_L,5,mapped,1070.0,SL_BR,SL_basal_nucleus_region,38.000000000000014,2,1,7,7,0.14285714285714285,0.2857142857142857,True,unassessed
631,G_exploratory_L,5,zero_unassigned,0.0,,,,753,7,7,7,1.0,107.57142857142857,True,unassessed
631,G_exploratory_L,6,mapped,29.0,CL_area_11l,CL_lateral_area_11,72.23437500000003,6,1,7,7,0.14285714285714285,0.8571428571428571,True,unassessed
631,G_exploratory_L,6,mapped,32.0,CL_area_13m,CL_medial_area_13,174.45312500000009,6,1,7,7,0.14285714285714285,0.8571428571428571,True,unassessed
631,G_exploratory_L,6,mapped,33.0,CL_area_13l,CL_lateral_area_13,120.60937500000006,5,1,7,7,0.14285714285714285,0.7142857142857143,True,unassessed
631,G_exploratory_L,6,mapped,35.0,CL_area_12m,CL_medial_area_12,82.07812500000004,52,1,7,7,0.14285714285714285,7.428571428571429,True,unassessed
631,G_exploratory_L,6,mapped,36.0,CL_area_12o,CL_orbital_area_12,68.65625000000003,1,1,7,7,0.14285714285714285,0.14285714285714285,True,unassessed
631,G_exploratory_L,6,mapped,41.0,CL_Iai,CL_intermediate_agranular_insula_area,81.48437500000004,1,1,7,7,0.14285714285714285,0.14285714285714285,True,unassessed
631,G_exploratory_L,6,mapped,42.0,CL_Ial,CL_lateral_agranular_insula_area,47.98437500000002,136,5,7,7,0.7142857142857143,19.428571428571427,True,unassessed
631,G_exploratory_L,6,mapped,43.0,CL_Iapl,CL_posterior_lateral_agranular_insula_area,15.812500000000007,92,5,7,7,0.7142857142857143,13.142857142857142,True,unassessed
631,G_exploratory_L,6,mapped,48.0,CL_G,CL_gustatory_cortex,40.12500000000002,926,7,7,7,1.0,132.28571428571428,True,unassessed
631,G_exploratory_L,6,mapped,49.0,CL_PrCO,CL_precentral_operular_area,95.95312500000004,540,4,7,7,0.5714285714285714,77.14285714285714,True,unassessed
631,G_exploratory_L,6,mapped,70.0,CL_area_12l,CL_lateral_area_12,61.20312500000003,13,1,7,7,0.14285714285714285,1.8571428571428572,True,unassessed
631,G_exploratory_L,6,mapped,85.0,CL_F4,CL_area_F4_of_ventral_premotor_cortex,266.5937500000001,173,3,7,7,0.42857142857142855,24.714285714285715,True,unassessed
631,G_exploratory_L,6,mapped,86.0,CL_F5,CL_area_F5_of_ventral_premotor_cortex,434.01562500000017,672,5,7,7,0.7142857142857143,96.0,True,unassessed
631,G_exploratory_L,6,mapped,94.0,CL_areas_1-2,CL_areas_1-2,655.2968750000003,43,3,7,7,0.42857142857142855,6.142857142857143,True,unassessed
631,G_exploratory_L,6,mapped,95.0,CL_SII,CL_secondary_somatosensory_cortex,285.3125000000001,295,7,7,7,1.0,42.142857142857146,True,unassessed
631,G_exploratory_L,6,mapped,159.0,CL_rostral_ERh,CL_rostral_entorhinal_cortex,47.82812500000002,54,1,7,7,0.14285714285714285,7.714285714285714,True,unassessed
631,G_exploratory_L,6,mapped,166.0,CL_TGa,CL_agranular_temporal_pole,76.29687500000003,26,1,7,7,0.14285714285714285,3.7142857142857144,True,unassessed
631,G_exploratory_L,6,mapped,228.0,CL_Ia/Id,CL_agranular_and_dysgranular_insula,164.56250000000009,918,5,7,7,0.7142857142857143,131.14285714285714,True,unassessed
631,G_exploratory_L,6,mapped,548.0,CR_G,CR_gustatory_cortex,40.12500000000002,127,1,7,7,0.14285714285714285,18.142857142857142,True,unassessed
631,G_exploratory_L,6,mapped,586.0,CR_F5,CR_area_F5_of_ventral_premotor_cortex,434.01562500000017,74,1,7,7,0.14285714285714285,10.571428571428571,True,unassessed
631,G_exploratory_L,6,mapped,595.0,CR_SII,CR_secondary_somatosensory_cortex,285.3125000000001,337,1,7,7,0.14285714285714285,48.142857142857146,True,unassessed
631,G_exploratory_L,6,mapped,1004.0,SL_Cl,SL_claustrum,255.1562500000001,8,1,7,7,0.14285714285714285,1.1428571428571428,True,unassessed
631,G_exploratory_L,6,mapped,1008.0,SL_VEn,SL_ventral_endopiriform_claustrum,9.515625000000004,8,1,7,7,0.14285714285714285,1.1428571428571428,True,unassessed
631,G_exploratory_L,6,mapped,1009.0,SL_Pir,SL_piriform_cortex,30.796875000000014,3,1,7,7,0.14285714285714285,0.42857142857142855,True,unassessed
631,G_exploratory_L,6,mapped,1027.0,SL_BM,SL_basomedial_amygdaloid_nucleus,47.84375000000002,14,2,7,7,0.2857142857142857,2.0,True,unassessed
631,G_exploratory_L,6,mapped,1028.0,SL_VCo,SL_ventral_cortical_amygdaloid_nucleus,22.76562500000001,26,1,7,7,0.14285714285714285,3.7142857142857144,True,unassessed
631,G_exploratory_L,6,mapped,1032.0,SL_LaD,SL_lateral_dorsal_amygdaloid_nucleus,22.29687500000001,637,2,7,7,0.2857142857142857,91.0,True,unassessed
631,G_exploratory_L,6,mapped,1033.0,SL_LaV,SL_lateral_ventral_amygdaloid_nucleus,18.531250000000007,5,2,7,7,0.2857142857142857,0.7142857142857143,True,unassessed
631,G_exploratory_L,6,mapped,1034.0,SL_APir,SL_amygdalopiriform_transition_area,27.85937500000001,9,2,7,7,0.2857142857142857,1.2857142857142858,True,unassessed
631,G_exploratory_L,6,mapped,1036.0,SL_BLD,SL_basolateral_dorsal_amygdaloid_nucleus,14.546875000000007,22,2,7,7,0.2857142857142857,3.142857142857143,True,unassessed
631,G_exploratory_L,6,mapped,1037.0,SL_BLI,SL_basolateral_intermediate_amygdaloid_nucleus,13.343750000000005,8,2,7,7,0.2857142857142857,1.1428571428571428,True,unassessed
631,G_exploratory_L,6,mapped,1038.0,SL_BLV,SL_basolateral_ventral_amygdaloid_nucleus,19.656250000000007,22,1,7,7,0.14285714285714285,3.142857142857143,True,unassessed
631,G_exploratory_L,6,mapped,1039.0,SL_PaL,SL_paralaminar_amygdaloid_nucleus,13.750000000000005,8,1,7,7,0.14285714285714285,1.1428571428571428,True,unassessed
631,G_exploratory_L,6,mapped,1045.0,SL_AA,SL_anterior_amygdaloid_area,23.73437500000001,15,2,7,7,0.2857142857142857,2.142857142857143,True,unassessed
631,G_exploratory_L,6,mapped,1056.0,SL_Pu,SL_putamen,895.1093750000003,50,2,7,7,0.2857142857142857,7.142857142857143,True,unassessed
631,G_exploratory_L,6,mapped,1057.0,SL_ASt,SL_amygdalostriatal_transition,33.812500000000014,15,2,7,7,0.2857142857142857,2.142857142857143,True,unassessed
631,G_exploratory_L,6,mapped,1058.0,SL_ic,SL_internal_capsule,230.7343750000001,1,1,7,7,0.14285714285714285,0.14285714285714285,True,unassessed
631,G_exploratory_L,6,mapped,1060.0,SL_Acb,SL_accumbens,94.96875000000004,3,1,7,7,0.14285714285714285,0.42857142857142855,True,unassessed
631,G_exploratory_L,6,mapped,1064.0,SL_EGP,SL_external_globus_pallidus,150.71875000000006,11,1,7,7,0.14285714285714285,1.5714285714285714,True,unassessed
631,G_exploratory_L,6,mapped,1067.0,SL_ac,SL_anterior_commissure,77.82812500000003,24,2,7,7,0.2857142857142857,3.4285714285714284,True,unassessed
631,G_exploratory_L,6,mapped,1068.0,SL_VP,SL_ventral_pallidum,21.00000000000001,3,1,7,7,0.14285714285714285,0.42857142857142855,True,unassessed
631,G_exploratory_L,6,mapped,1072.0,SL_B,SL_basal_nucleus,25.54687500000001,2,1,7,7,0.14285714285714285,0.2857142857142857,True,unassessed
631,G_exploratory_L,6,zero_unassigned,0.0,,,,753,7,7,7,1.0,107.57142857142857,True,unassessed
631,G_exploratory_R,1,mapped,1.0,CL_Frontal,CL_Frontal_Lobe,6154.890625000003,320,1,5,5,0.2,64.0,True,unassessed
631,G_exploratory_R,1,mapped,90.0,CL_Parietal,CL_Parietal_Lobe,3774.453125000002,2,1,5,5,0.2,0.4,True,unassessed
631,G_exploratory_R,1,mapped,138.0,CL_Temporal,CL_Temporal_Lobe,4285.390625000002,1,1,5,5,0.2,0.2,True,unassessed
631,G_exploratory_R,1,mapped,501.0,CR_Frontal,CR_Frontal_Lobe,6154.890625000003,751,5,5,5,1.0,150.2,True,unassessed
631,G_exploratory_R,1,mapped,590.0,CR_Parietal,CR_Parietal_Lobe,3774.453125000002,27,3,5,5,0.6,5.4,True,unassessed
631,G_exploratory_R,1,mapped,638.0,CR_Temporal,CR_Temporal_Lobe,4285.390625000002,30,3,5,5,0.6,6.0,True,unassessed
631,G_exploratory_R,1,mapped,1501.0,SR_tel,SR_telencephalon,3805.562500000002,244,4,5,5,0.8,48.8,True,unassessed
631,G_exploratory_R,1,mapped,1582.0,SR_di,SR_diencephalon,1285.0937500000007,149,3,5,5,0.6,29.8,True,unassessed
631,G_exploratory_R,1,mapped,1669.0,SR_mes,SR_mesencephalon,635.8437500000002,2,1,5,5,0.2,0.4,True,unassessed
631,G_exploratory_R,1,mapped,1711.0,SR_met,SR_metencephalon,4219.281250000002,18,1,5,5,0.2,3.6,True,unassessed
631,G_exploratory_R,1,mapped,1786.0,SR_myel,SR_myelencephalon,472.2343750000002,140,1,5,5,0.2,28.0,True,unassessed
631,G_exploratory_R,1,zero_unassigned,0.0,,,,216,5,5,5,1.0,43.2,True,unassessed
631,G_exploratory_R,2,mapped,16.0,CL_OFC,CL_orbital_frontal_cortex,1344.9218750000007,320,1,5,5,0.2,64.0,True,unassessed
631,G_exploratory_R,2,mapped,91.0,CL_SI/SII,CL_somatosensory_cortex,1186.0000000000005,2,1,5,5,0.2,0.4,True,unassessed
631,G_exploratory_R,2,mapped,224.0,CL_floor_of_ls,CL_floor_of_the_lateral_sulcus,303.2968750000001,1,1,5,5,0.2,0.2,True,unassessed
631,G_exploratory_R,2,mapped,516.0,CR_OFC,CR_orbital_frontal_cortex,1344.9218750000007,701,5,5,5,1.0,140.2,True,unassessed
631,G_exploratory_R,2,mapped,577.0,CR_motor,CR_motor_cortex,2542.000000000001,50,2,5,5,0.4,10.0,True,unassessed
631,G_exploratory_R,2,mapped,591.0,CR_SI/SII,CR_somatosensory_cortex,1186.0000000000005,27,3,5,5,0.6,5.4,True,unassessed
631,G_exploratory_R,2,mapped,724.0,CR_floor_of_ls,CR_floor_of_the_lateral_sulcus,303.2968750000001,30,3,5,5,0.6,6.0,True,unassessed
631,G_exploratory_R,2,mapped,1502.0,SR_LVPal,SR_lateral_and_ventral_pallium,309.6718750000001,2,2,5,5,0.4,0.4,True,unassessed
631,G_exploratory_R,2,mapped,1524.0,SR_Amy,SR_amygdala,302.0000000000001,5,1,5,5,0.2,1.0,True,unassessed
631,G_exploratory_R,2,mapped,1550.0,SR_BG,SR_basal_ganglia,2261.015625000001,235,2,5,5,0.4,47.0,True,unassessed
631,G_exploratory_R,2,mapped,1569.0,SR_DSP,SR_diagonal_subpallium,182.70312500000009,2,1,5,5,0.2,0.4,True,unassessed
631,G_exploratory_R,2,mapped,1611.0,SR_PreThal,SR_prethalamus,37.375000000000014,3,1,5,5,0.2,0.6,True,unassessed
631,G_exploratory_R,2,mapped,1613.0,SR_Thal,SR_thalamus,970.0312500000005,146,3,5,5,0.6,29.2,True,unassessed
631,G_exploratory_R,2,mapped,1670.0,SR_Mid,SR_midbrain,635.8437500000002,2,1,5,5,0.2,0.4,True,unassessed
631,G_exploratory_R,2,mapped,1712.0,SR_Pons,SR_pons,782.1093750000003,18,1,5,5,0.2,3.6,True,unassessed
631,G_exploratory_R,2,mapped,1787.0,SR_Med,SR_medulla,472.2343750000002,140,1,5,5,0.2,28.0,True,unassessed
631,G_exploratory_R,2,zero_unassigned,0.0,,,,216,5,5,5,1.0,43.2,True,unassessed
631,G_exploratory_R,3,mapped,37.0,CL_caudal_OFC,CL_caudal_orbital_frontal_cortex,331.17187500000017,320,1,5,5,0.2,64.0,True,unassessed
631,G_exploratory_R,3,mapped,95.0,CL_SII,CL_secondary_somatosensory_cortex,285.3125000000001,2,1,5,5,0.2,0.4,True,unassessed
631,G_exploratory_R,3,mapped,224.0,CL_floor_of_ls,CL_floor_of_the_lateral_sulcus,303.2968750000001,1,1,5,5,0.2,0.2,True,unassessed
631,G_exploratory_R,3,mapped,525.0,CR_lat_OFC,CR_lateral_orbital_frontal_cortex,708.1406250000003,5,1,5,5,0.2,1.0,True,unassessed
631,G_exploratory_R,3,mapped,537.0,CR_caudal_OFC,CR_caudal_orbital_frontal_cortex,331.17187500000017,696,5,5,5,1.0,139.2,True,unassessed
631,G_exploratory_R,3,mapped,578.0,CR_M1/PM,CR_lateral_motor_cortex,2230.484375000001,50,2,5,5,0.4,10.0,True,unassessed
631,G_exploratory_R,3,mapped,595.0,CR_SII,CR_secondary_somatosensory_cortex,285.3125000000001,27,3,5,5,0.6,5.4,True,unassessed
631,G_exploratory_R,3,mapped,724.0,CR_floor_of_ls,CR_floor_of_the_lateral_sulcus,303.2968750000001,30,3,5,5,0.6,6.0,True,unassessed
631,G_exploratory_R,3,mapped,1503.0,SR_LPal,SR_lateral_pallium,255.1562500000001,2,2,5,5,0.4,0.4,True,unassessed
631,G_exploratory_R,3,mapped,1540.0,SR_spAmy,SR_subpallial_amygdala,84.20312500000004,5,1,5,5,0.2,1.0,True,unassessed
631,G_exploratory_R,3,mapped,1551.0,SR_Str,SR_striatum,1922.421875000001,221,2,5,5,0.4,44.2,True,unassessed
631,G_exploratory_R,3,mapped,1562.0,SR_Pd,SR_pallidum,338.59375000000017,14,2,5,5,0.4,2.8,True,unassessed
631,G_exploratory_R,3,mapped,1569.0,SR_DSP,SR_diagonal_subpallium,182.70312500000009,2,1,5,5,0.2,0.4,True,unassessed
631,G_exploratory_R,3,mapped,1612.0,SR_ZI-H,SR_zona_incerta_and_lenticular_fascicles,37.375000000000014,3,1,5,5,0.2,0.6,True,unassessed
631,G_exploratory_R,3,mapped,1615.0,SR_MThal,SR_medial_thalamus,208.23437500000009,144,3,5,5,0.6,28.8,True,unassessed
631,G_exploratory_R,3,mapped,1635.0,SR_VThal,SR_ventral_thalamus,291.4218750000001,2,1,5,5,0.2,0.4,True,unassessed
631,G_exploratory_R,3,mapped,1671.0,SR_DMid,SR_dorsal_midbrain,189.04687500000009,1,1,5,5,0.2,0.2,True,unassessed
631,G_exploratory_R,3,mapped,1680.0,SR_LMid,SR_lateral_midbrain,118.42187500000006,1,1,5,5,0.2,0.2,True,unassessed
631,G_exploratory_R,3,mapped,1713.0,SR_DPons,SR_dorsal_pons,69.45312500000003,15,1,5,5,0.2,3.0,True,unassessed
631,G_exploratory_R,3,mapped,1731.0,SR_VPons,SR_ventral_pons,684.9218750000003,3,1,5,5,0.2,0.6,True,unassessed
631,G_exploratory_R,3,mapped,1788.0,SR_DMed,SR_dorsal_medulla,225.8593750000001,92,1,5,5,0.2,18.4,True,unassessed
631,G_exploratory_R,3,mapped,1806.0,SR_IMed,SR_intermediate_medulla,134.78125000000006,48,1,5,5,0.2,9.6,True,unassessed
631,G_exploratory_R,3,zero_unassigned,0.0,,,,216,5,5,5,1.0,43.2,True,unassessed
631,G_exploratory_R,4,mapped,47.0,CL_cl_OFC,CL_caudolateral_orbitofrontal_cortex,136.07812500000006,320,1,5,5,0.2,64.0,True,unassessed
631,G_exploratory_R,4,mapped,95.0,CL_SII,CL_secondary_somatosensory_cortex,285.3125000000001,2,1,5,5,0.2,0.4,True,unassessed
631,G_exploratory_R,4,mapped,225.0,CL_Ins/Pi,CL_insula_and_parainsula,288.1875000000001,1,1,5,5,0.2,0.2,True,unassessed
631,G_exploratory_R,4,mapped,526.0,CR_areas_11/13,CR_areas_11_and_13,557.4062500000002,5,1,5,5,0.2,1.0,True,unassessed
631,G_exploratory_R,4,mapped,538.0,CR_OFa-p,CR_agranular_orbitofrontal_cortex,169.45312500000009,24,3,5,5,0.6,4.8,True,unassessed
631,G_exploratory_R,4,mapped,547.0,CR_cl_OFC,CR_caudolateral_orbitofrontal_cortex,136.07812500000006,672,5,5,5,1.0,134.4,True,unassessed
631,G_exploratory_R,4,mapped,580.0,CR_PM,CR_premotor_cortex,1468.3593750000007,50,2,5,5,0.4,10.0,True,unassessed
631,G_exploratory_R,4,mapped,595.0,CR_SII,CR_secondary_somatosensory_cortex,285.3125000000001,27,3,5,5,0.6,5.4,True,unassessed
631,G_exploratory_R,4,mapped,725.0,CR_Ins/Pi,CR_insula_and_parainsula,288.1875000000001,30,3,5,5,0.6,6.0,True,unassessed
631,G_exploratory_R,4,mapped,1504.0,SR_Cl,SR_claustrum,255.1562500000001,2,2,5,5,0.4,0.4,True,unassessed
631,G_exploratory_R,4,mapped,1541.0,SR_stAmy,SR_striatal_amygdala,13.843750000000005,5,1,5,5,0.2,1.0,True,unassessed
631,G_exploratory_R,4,mapped,1552.0,SR_DStr,SR_dorsal_striatum,1809.218750000001,218,2,5,5,0.4,43.6,True,unassessed
631,G_exploratory_R,4,mapped,1559.0,SR_VStr,SR_ventral_striatum,113.20312500000006,3,1,5,5,0.2,0.6,True,unassessed
631,G_exploratory_R,4,mapped,1562.0,SR_Pd,SR_pallidum,338.59375000000017,14,2,5,5,0.4,2.8,True,unassessed
631,G_exploratory_R,4,mapped,1570.0,SR_BR,SR_basal_nucleus_region,38.000000000000014,2,1,5,5,0.2,0.4,True,unassessed
631,G_exploratory_R,4,mapped,1612.0,SR_ZI-H,SR_zona_incerta_and_lenticular_fascicles,37.375000000000014,3,1,5,5,0.2,0.6,True,unassessed
631,G_exploratory_R,4,mapped,1619.0,SR_ILThal,SR_intralaminar_thalamus,106.54687500000004,144,3,5,5,0.6,28.8,True,unassessed
631,G_exploratory_R,4,mapped,1639.0,SR_CbThal,SR_cerebellar_thalamus,107.48437500000004,1,1,5,5,0.2,0.2,True,unassessed
631,G_exploratory_R,4,mapped,1643.0,SR_SpThal,SR_spinal_thalamus,88.20312500000004,1,1,5,5,0.2,0.2,True,unassessed
631,G_exploratory_R,4,mapped,1677.0,SR_PAGR,SR_periaqueductal_gray_region,51.10937500000002,1,1,5,5,0.2,0.2,True,unassessed
631,G_exploratory_R,4,mapped,1681.0,SR_TgMid,SR_midbrain_tegmentum,36.937500000000014,1,1,5,5,0.2,0.2,True,unassessed
631,G_exploratory_R,4,mapped,1714.0,SR_PBC,SR_parabrachial_complex,45.84375000000002,14,1,5,5,0.2,2.8,True,unassessed
631,G_exploratory_R,4,mapped,1719.0,SR_LGR,SR_locus-central_gray_region,8.187500000000004,1,1,5,5,0.2,0.2,True,unassessed
631,G_exploratory_R,4,mapped,1738.0,SR_SuO/ml,SR_superior_olive+lemiscal_region,56.50000000000003,1,1,5,5,0.2,0.2,True,unassessed
631,G_exploratory_R,4,mapped,1742.0,SR_Pn+,SR_pontine_nucleus_region,492.9218750000002,2,1,5,5,0.2,0.4,True,unassessed
631,G_exploratory_R,4,mapped,1794.0,SR_C5,SR_trigeminal_complex,57.53125000000003,44,1,5,5,0.2,8.8,True,unassessed
631,G_exploratory_R,4,mapped,1801.0,SR_SVC,SR_somatovisceral_complex,79.18750000000003,48,1,5,5,0.2,9.6,True,unassessed
631,G_exploratory_R,4,mapped,1810.0,SR_MedRet,SR_medullar_reticulum,121.06250000000006,48,1,5,5,0.2,9.6,True,unassessed
631,G_exploratory_R,4,zero_unassigned,0.0,,,,216,5,5,5,1.0,43.2,True,unassessed
631,G_exploratory_R,5,mapped,48.0,CL_G,CL_gustatory_cortex,40.12500000000002,320,1,5,5,0.2,64.0,True,unassessed
631,G_exploratory_R,5,mapped,95.0,CL_SII,CL_secondary_somatosensory_cortex,285.3125000000001,2,1,5,5,0.2,0.4,True,unassessed
631,G_exploratory_R,5,mapped,227.0,CL_Ins,CL_insula,260.9062500000001,1,1,5,5,0.2,0.2,True,unassessed
631,G_exploratory_R,5,mapped,530.0,CR_area_13,CR_area_13,419.17187500000017,5,1,5,5,0.2,1.0,True,unassessed
631,G_exploratory_R,5,mapped,539.0,CR_Iam/Iapm,CR_medial_agranular_insular_region,24.17187500000001,2,1,5,5,0.2,0.4,True,unassessed
631,G_exploratory_R,5,mapped,540.0,CR_lat_Ia,CR_lateral_agranular_insular_region,145.28125000000006,22,2,5,5,0.4,4.4,True,unassessed
631,G_exploratory_R,5,mapped,548.0,CR_G,CR_gustatory_cortex,40.12500000000002,639,5,5,5,1.0,127.8,True,unassessed
631,G_exploratory_R,5,mapped,549.0,CR_PrCO,CR_precentral_operular_area,95.95312500000004,33,2,5,5,0.4,6.6,True,unassessed
631,G_exploratory_R,5,mapped,584.0,CR_PMv,CR_ventral_premotor_cortex,700.6093750000003,50,2,5,5,0.4,10.0,True,unassessed
631,G_exploratory_R,5,mapped,595.0,CR_SII,CR_secondary_somatosensory_cortex,285.3125000000001,27,3,5,5,0.6,5.4,True,unassessed
631,G_exploratory_R,5,mapped,727.0,CR_Ins,CR_insula,260.9062500000001,30,3,5,5,0.6,6.0,True,unassessed
631,G_exploratory_R,5,mapped,1504.0,SR_Cl,SR_claustrum,255.1562500000001,2,2,5,5,0.4,0.4,True,unassessed
631,G_exploratory_R,5,mapped,1542.0,SR_Ce,SR_central_amygdaloid_nucleus,13.843750000000005,5,1,5,5,0.2,1.0,True,unassessed
631,G_exploratory_R,5,mapped,1556.0,SR_Pu,SR_putamen,895.1093750000003,159,2,5,5,0.4,31.8,True,unassessed
631,G_exploratory_R,5,mapped,1557.0,SR_ASt,SR_amygdalostriatal_transition,33.812500000000014,59,2,5,5,0.4,11.8,True,unassessed
631,G_exploratory_R,5,mapped,1560.0,SR_Acb,SR_accumbens,94.96875000000004,3,1,5,5,0.2,0.6,True,unassessed
631,G_exploratory_R,5,mapped,1563.0,SR_GP,SR_globus_pallidus,239.7656250000001,4,1,5,5,0.2,0.8,True,unassessed
631,G_exploratory_R,5,mapped,1567.0,SR_ac,SR_anterior_commissure,77.82812500000003,9,1,5,5,0.2,1.8,True,unassessed
631,G_exploratory_R,5,mapped,1568.0,SR_VP,SR_ventral_pallidum,21.00000000000001,1,1,5,5,0.2,0.2,True,unassessed
631,G_exploratory_R,5,mapped,1570.0,SR_BR,SR_basal_nucleus_region,38.000000000000014,2,1,5,5,0.2,0.4,True,unassessed
631,G_exploratory_R,5,mapped,1612.0,SR_ZI-H,SR_zona_incerta_and_lenticular_fascicles,37.375000000000014,3,1,5,5,0.2,0.6,True,unassessed
631,G_exploratory_R,5,mapped,1621.0,SR_CMn-PF,SR_centromedial-parafascicular_thalamus,50.56250000000002,20,2,5,5,0.4,4.0,True,unassessed
631,G_exploratory_R,5,mapped,1622.0,SR_SPFC,SR_suprafascicular_nucleus,8.187500000000004,124,2,5,5,0.4,24.8,True,unassessed
631,G_exploratory_R,5,mapped,1641.0,SR_VLPV,SR_ventral_lateral_posteroventral_thalamus,65.56250000000003,1,1,5,5,0.2,0.2,True,unassessed
631,G_exploratory_R,5,mapped,1647.0,SR_VM,SR_ventral_medial_thalamus,20.95312500000001,1,1,5,5,0.2,0.2,True,unassessed
631,G_exploratory_R,5,mapped,1679.0,SR_PAG,SR_periaqueductal_gray,49.48437500000002,1,1,5,5,0.2,0.2,True,unassessed
631,G_exploratory_R,5,mapped,1685.0,SR_CnF,SR_cuneiform_nucleus,8.218750000000004,1,1,5,5,0.2,0.2,True,unassessed
631,G_exploratory_R,5,mapped,1714.0,SR_PBC,SR_parabrachial_complex,45.84375000000002,14,1,5,5,0.2,2.8,True,unassessed
631,G_exploratory_R,5,mapped,1720.0,SR_LC-Me5,SR_locus-coeruleus_region,3.6875000000000018,1,1,5,5,0.2,0.2,True,unassessed
631,G_exploratory_R,5,mapped,1740.0,SR_ml,SR_medial_lemniscus,35.640625000000014,1,1,5,5,0.2,0.2,True,unassessed
631,G_exploratory_R,5,mapped,1743.0,SR_Pn,SR_pontine_nucleus,254.6875000000001,2,1,5,5,0.2,0.4,True,unassessed
631,G_exploratory_R,5,mapped,1797.0,SR_Sp5,SR_spinal_trigeminal_nucleus,38.359375000000014,44,1,5,5,0.2,8.8,True,unassessed
631,G_exploratory_R,5,mapped,1802.0,SR_CuGr,SR_cuneate_gracile_nuclei,53.35937500000002,36,1,5,5,0.2,7.2,True,unassessed
631,G_exploratory_R,5,mapped,1804.0,SR_Sol,SR_solitary_tract_nucleus,18.828125000000007,12,1,5,5,0.2,2.4,True,unassessed
631,G_exploratory_R,5,mapped,1811.0,SR_PCIRt,SR_parvicellular_and_intermediate_reticular_nuclei,31.406250000000014,47,1,5,5,0.2,9.4,True,unassessed
631,G_exploratory_R,5,mapped,1814.0,SR_MdRt,SR_medullar_reticular_nucleus,13.031250000000005,1,1,5,5,0.2,0.2,True,unassessed
631,G_exploratory_R,5,zero_unassigned,0.0,,,,216,5,5,5,1.0,43.2,True,unassessed
631,G_exploratory_R,6,mapped,48.0,CL_G,CL_gustatory_cortex,40.12500000000002,320,1,5,5,0.2,64.0,True,unassessed
631,G_exploratory_R,6,mapped,95.0,CL_SII,CL_secondary_somatosensory_cortex,285.3125000000001,2,1,5,5,0.2,0.4,True,unassessed
631,G_exploratory_R,6,mapped,228.0,CL_Ia/Id,CL_agranular_and_dysgranular_insula,164.56250000000009,1,1,5,5,0.2,0.2,True,unassessed
631,G_exploratory_R,6,mapped,532.0,CR_area_13m,CR_medial_area_13,174.45312500000009,5,1,5,5,0.2,1.0,True,unassessed
631,G_exploratory_R,6,mapped,539.0,CR_Iam/Iapm,CR_medial_agranular_insular_region,24.17187500000001,2,1,5,5,0.2,0.4,True,unassessed
631,G_exploratory_R,6,mapped,542.0,CR_Ial,CR_lateral_agranular_insula_area,47.98437500000002,3,1,5,5,0.2,0.6,True,unassessed
631,G_exploratory_R,6,mapped,543.0,CR_Iapl,CR_posterior_lateral_agranular_insula_area,15.812500000000007,19,2,5,5,0.4,3.8,True,unassessed
631,G_exploratory_R,6,mapped,548.0,CR_G,CR_gustatory_cortex,40.12500000000002,639,5,5,5,1.0,127.8,True,unassessed
631,G_exploratory_R,6,mapped,549.0,CR_PrCO,CR_precentral_operular_area,95.95312500000004,33,2,5,5,0.4,6.6,True,unassessed
631,G_exploratory_R,6,mapped,586.0,CR_F5,CR_area_F5_of_ventral_premotor_cortex,434.01562500000017,50,2,5,5,0.4,10.0,True,unassessed
631,G_exploratory_R,6,mapped,595.0,CR_SII,CR_secondary_somatosensory_cortex,285.3125000000001,27,3,5,5,0.6,5.4,True,unassessed
631,G_exploratory_R,6,mapped,728.0,CR_Ia/Id,CR_agranular_and_dysgranular_insula,164.56250000000009,30,3,5,5,0.6,6.0,True,unassessed
631,G_exploratory_R,6,mapped,1504.0,SR_Cl,SR_claustrum,255.1562500000001,2,2,5,5,0.4,0.4,True,unassessed
631,G_exploratory_R,6,mapped,1542.0,SR_Ce,SR_central_amygdaloid_nucleus,13.843750000000005,5,1,5,5,0.2,1.0,True,unassessed
631,G_exploratory_R,6,mapped,1556.0,SR_Pu,SR_putamen,895.1093750000003,159,2,5,5,0.4,31.8,True,unassessed
631,G_exploratory_R,6,mapped,1557.0,SR_ASt,SR_amygdalostriatal_transition,33.812500000000014,59,2,5,5,0.4,11.8,True,unassessed
631,G_exploratory_R,6,mapped,1560.0,SR_Acb,SR_accumbens,94.96875000000004,3,1,5,5,0.2,0.6,True,unassessed
631,G_exploratory_R,6,mapped,1564.0,SR_EGP,SR_external_globus_pallidus,150.71875000000006,4,1,5,5,0.2,0.8,True,unassessed
631,G_exploratory_R,6,mapped,1567.0,SR_ac,SR_anterior_commissure,77.82812500000003,9,1,5,5,0.2,1.8,True,unassessed
631,G_exploratory_R,6,mapped,1568.0,SR_VP,SR_ventral_pallidum,21.00000000000001,1,1,5,5,0.2,0.2,True,unassessed
631,G_exploratory_R,6,mapped,1571.0,SR_PeB,SR_peri-basal_region,12.453125000000005,2,1,5,5,0.2,0.4,True,unassessed
631,G_exploratory_R,6,mapped,1612.0,SR_ZI-H,SR_zona_incerta_and_lenticular_fascicles,37.375000000000014,3,1,5,5,0.2,0.6,True,unassessed
631,G_exploratory_R,6,mapped,1621.0,SR_CMn-PF,SR_centromedial-parafascicular_thalamus,50.56250000000002,20,2,5,5,0.4,4.0,True,unassessed
631,G_exploratory_R,6,mapped,1623.0,SR_SPFPC,SR_subparafascicular_nucleus,8.187500000000004,124,2,5,5,0.4,24.8,True,unassessed
631,G_exploratory_R,6,mapped,1641.0,SR_VLPV,SR_ventral_lateral_posteroventral_thalamus,65.56250000000003,1,1,5,5,0.2,0.2,True,unassessed
631,G_exploratory_R,6,mapped,1647.0,SR_VM,SR_ventral_medial_thalamus,20.95312500000001,1,1,5,5,0.2,0.2,True,unassessed
631,G_exploratory_R,6,mapped,1679.0,SR_PAG,SR_periaqueductal_gray,49.48437500000002,1,1,5,5,0.2,0.2,True,unassessed
631,G_exploratory_R,6,mapped,1685.0,SR_CnF,SR_cuneiform_nucleus,8.218750000000004,1,1,5,5,0.2,0.2,True,unassessed
631,G_exploratory_R,6,mapped,1715.0,SR_LPB,SR_lateral_parabrachial_nucleus,11.281250000000005,1,1,5,5,0.2,0.2,True,unassessed
631,G_exploratory_R,6,mapped,1716.0,SR_MPB,SR_medial_parabrachial_nucleus,7.8593750000000036,5,1,5,5,0.2,1.0,True,unassessed
631,G_exploratory_R,6,mapped,1717.0,SR_scp,SR_superior_cerebellar_peduncle,24.48437500000001,6,1,5,5,0.2,1.2,True,unassessed
631,G_exploratory_R,6,mapped,1718.0,SR_KF,SR_Kolliker-Fuse_nucleus,2.218750000000001,2,1,5,5,0.2,0.4,True,unassessed
631,G_exploratory_R,6,mapped,1720.0,SR_LC-Me5,SR_locus-coeruleus_region,3.6875000000000018,1,1,5,5,0.2,0.2,True,unassessed
631,G_exploratory_R,6,mapped,1740.0,SR_ml,SR_medial_lemniscus,35.640625000000014,1,1,5,5,0.2,0.2,True,unassessed
631,G_exploratory_R,6,mapped,1743.0,SR_Pn,SR_pontine_nucleus,254.6875000000001,2,1,5,5,0.2,0.4,True,unassessed
631,G_exploratory_R,6,mapped,1799.0,SR_Sp5I,SR_spinal_trigeminal_nucleus_intermediate,23.60937500000001,35,1,5,5,0.2,7.0,True,unassessed
631,G_exploratory_R,6,mapped,1800.0,SR_Sp5C,SR_spinal_trigeminal_nucleus_caudal,9.984375000000004,9,1,5,5,0.2,1.8,True,unassessed
631,G_exploratory_R,6,mapped,1802.0,SR_CuGr,SR_cuneate_gracile_nuclei,53.35937500000002,36,1,5,5,0.2,7.2,True,unassessed
631,G_exploratory_R,6,mapped,1804.0,SR_Sol,SR_solitary_tract_nucleus,18.828125000000007,12,1,5,5,0.2,2.4,True,unassessed
631,G_exploratory_R,6,mapped,1811.0,SR_PCIRt,SR_parvicellular_and_intermediate_reticular_nuclei,31.406250000000014,47,1,5,5,0.2,9.4,True,unassessed
631,G_exploratory_R,6,mapped,1814.0,SR_MdRt,SR_medullar_reticular_nucleus,13.031250000000005,1,1,5,5,0.2,0.2,True,unassessed
631,G_exploratory_R,6,zero_unassigned,0.0,,,,216,5,5,5,1.0,43.2,True,unassessed
797,AtlasINS_L,1,mapped,1.0,CL_Frontal,CL_Frontal_Lobe,6154.890625000003,2156,15,21,21,0.7142857142857143,102.66666666666667,True,unassessed
797,AtlasINS_L,1,mapped,90.0,CL_Parietal,CL_Parietal_Lobe,3774.453125000002,338,3,21,21,0.14285714285714285,16.095238095238095,True,unassessed
797,AtlasINS_L,1,mapped,138.0,CL_Temporal,CL_Temporal_Lobe,4285.390625000002,1474,10,21,21,0.47619047619047616,70.19047619047619,True,unassessed
797,AtlasINS_L,1,mapped,638.0,CR_Temporal,CR_Temporal_Lobe,4285.390625000002,162,1,21,21,0.047619047619047616,7.714285714285714,True,unassessed
797,AtlasINS_L,1,mapped,1001.0,SL_tel,SL_telencephalon,3805.562500000002,1992,14,21,21,0.6666666666666666,94.85714285714286,True,unassessed
797,AtlasINS_L,1,mapped,1082.0,SL_di,SL_diencephalon,1285.0937500000007,158,4,21,21,0.19047619047619047,7.523809523809524,True,unassessed
797,AtlasINS_L,1,mapped,1169.0,SL_mes,SL_mesencephalon,635.8437500000002,28,2,21,21,0.09523809523809523,1.3333333333333333,True,unassessed
797,AtlasINS_L,1,mapped,1211.0,SL_met,SL_metencephalon,4219.281250000002,9,1,21,21,0.047619047619047616,0.42857142857142855,True,unassessed
797,AtlasINS_L,1,mapped,1501.0,SR_tel,SR_telencephalon,3805.562500000002,203,3,21,21,0.14285714285714285,9.666666666666666,True,unassessed
797,AtlasINS_L,1,mapped,1582.0,SR_di,SR_diencephalon,1285.0937500000007,39,3,21,21,0.14285714285714285,1.8571428571428572,True,unassessed
797,AtlasINS_L,1,mapped,1669.0,SR_mes,SR_mesencephalon,635.8437500000002,6,1,21,21,0.047619047619047616,0.2857142857142857,True,unassessed
797,AtlasINS_L,1,mapped,1711.0,SR_met,SR_metencephalon,4219.281250000002,1,1,21,21,0.047619047619047616,0.047619047619047616,True,unassessed
797,AtlasINS_L,1,zero_unassigned,0.0,,,,772,18,21,21,0.8571428571428571,36.76190476190476,True,unassessed
797,AtlasINS_L,2,mapped,2.0,CL_ACgG,CL_anterior_cingulate_gyrus,602.7656250000002,2,1,21,21,0.047619047619047616,0.09523809523809523,True,unassessed
797,AtlasINS_L,2,mapped,16.0,CL_OFC,CL_orbital_frontal_cortex,1344.9218750000007,2053,14,21,21,0.6666666666666666,97.76190476190476,True,unassessed
797,AtlasINS_L,2,mapped,50.0,CL_lat_PFC,CL_lateral_prefrontal_cortex,1665.2031250000007,13,2,21,21,0.09523809523809523,0.6190476190476191,True,unassessed
797,AtlasINS_L,2,mapped,77.0,CL_motor,CL_motor_cortex,2542.000000000001,88,1,21,21,0.047619047619047616,4.190476190476191,True,unassessed
797,AtlasINS_L,2,mapped,91.0,CL_SI/SII,CL_somatosensory_cortex,1186.0000000000005,42,2,21,21,0.09523809523809523,2.0,True,unassessed
797,AtlasINS_L,2,mapped,112.0,CL_IPL,CL_inferior_parietal_lobule,1044.0156250000005,296,3,21,21,0.14285714285714285,14.095238095238095,True,unassessed
797,AtlasINS_L,2,mapped,165.0,CL_TG,CL_temporal_pole,315.5156250000001,116,5,21,21,0.23809523809523808,5.523809523809524,True,unassessed
797,AtlasINS_L,2,mapped,204.0,CL_core/belt,CL_core_and_belt_areas_of_auditory_cortex,504.1406250000002,55,3,21,21,0.14285714285714285,2.619047619047619,True,unassessed
797,AtlasINS_L,2,mapped,224.0,CL_floor_of_ls,CL_floor_of_the_lateral_sulcus,303.2968750000001,1303,6,21,21,0.2857142857142857,62.04761904761905,True,unassessed
797,AtlasINS_L,2,mapped,724.0,CR_floor_of_ls,CR_floor_of_the_lateral_sulcus,303.2968750000001,162,1,21,21,0.047619047619047616,7.714285714285714,True,unassessed
797,AtlasINS_L,2,mapped,1002.0,SL_LVPal,SL_lateral_and_ventral_pallium,309.6718750000001,86,8,21,21,0.38095238095238093,4.095238095238095,True,unassessed
797,AtlasINS_L,2,mapped,1010.0,SL_MPal,SL_medial_pallium,575.5000000000002,69,2,21,21,0.09523809523809523,3.2857142857142856,True,unassessed
797,AtlasINS_L,2,mapped,1024.0,SL_Amy,SL_amygdala,302.0000000000001,90,6,21,21,0.2857142857142857,4.285714285714286,True,unassessed
797,AtlasINS_L,2,mapped,1050.0,SL_BG,SL_basal_ganglia,2261.015625000001,1643,10,21,21,0.47619047619047616,78.23809523809524,True,unassessed
797,AtlasINS_L,2,mapped,1069.0,SL_DSP,SL_diagonal_subpallium,182.70312500000009,80,6,21,21,0.2857142857142857,3.8095238095238093,True,unassessed
797,AtlasINS_L,2,mapped,1077.0,SL_POC,SL_preoptic_complex,174.67187500000009,24,2,21,21,0.09523809523809523,1.1428571428571428,True,unassessed
797,AtlasINS_L,2,mapped,1083.0,SL_Hy,SL_hypothalamus,235.7812500000001,72,2,21,21,0.09523809523809523,3.4285714285714284,True,unassessed
797,AtlasINS_L,2,mapped,1113.0,SL_Thal,SL_thalamus,970.0312500000005,85,4,21,21,0.19047619047619047,4.0476190476190474,True,unassessed
797,AtlasINS_L,2,mapped,1160.0,SL_EpiThal,SL_epithalamus,15.359375000000007,1,1,21,21,0.047619047619047616,0.047619047619047616,True,unassessed
797,AtlasINS_L,2,mapped,1170.0,SL_Mid,SL_midbrain,635.8437500000002,28,2,21,21,0.09523809523809523,1.3333333333333333,True,unassessed
797,AtlasINS_L,2,mapped,1212.0,SL_Pons,SL_pons,782.1093750000003,9,1,21,21,0.047619047619047616,0.42857142857142855,True,unassessed
797,AtlasINS_L,2,mapped,1524.0,SR_Amy,SR_amygdala,302.0000000000001,6,1,21,21,0.047619047619047616,0.2857142857142857,True,unassessed
797,AtlasINS_L,2,mapped,1550.0,SR_BG,SR_basal_ganglia,2261.015625000001,187,2,21,21,0.09523809523809523,8.904761904761905,True,unassessed
797,AtlasINS_L,2,mapped,1569.0,SR_DSP,SR_diagonal_subpallium,182.70312500000009,9,2,21,21,0.09523809523809523,0.42857142857142855,True,unassessed
797,AtlasINS_L,2,mapped,1577.0,SR_POC,SR_preoptic_complex,174.67187500000009,1,1,21,21,0.047619047619047616,0.047619047619047616,True,unassessed
797,AtlasINS_L,2,mapped,1583.0,SR_Hy,SR_hypothalamus,235.7812500000001,1,1,21,21,0.047619047619047616,0.047619047619047616,True,unassessed
797,AtlasINS_L,2,mapped,1613.0,SR_Thal,SR_thalamus,970.0312500000005,38,3,21,21,0.14285714285714285,1.8095238095238095,True,unassessed
797,AtlasINS_L,2,mapped,1670.0,SR_Mid,SR_midbrain,635.8437500000002,6,1,21,21,0.047619047619047616,0.2857142857142857,True,unassessed
797,AtlasINS_L,2,mapped,1712.0,SR_Pons,SR_pons,782.1093750000003,1,1,21,21,0.047619047619047616,0.047619047619047616,True,unassessed
797,AtlasINS_L,2,zero_unassigned,0.0,,,,772,18,21,21,0.8571428571428571,36.76190476190476,True,unassessed
797,AtlasINS_L,3,mapped,3.0,CL_ACC,CL_anterior_cingulate_cortex,414.39062500000017,2,1,21,21,0.047619047619047616,0.09523809523809523,True,unassessed
797,AtlasINS_L,3,mapped,17.0,CL_med_OFC,CL_medial_orbital_frontal_cortex,305.6093750000001,26,1,21,21,0.047619047619047616,1.2380952380952381,True,unassessed
797,AtlasINS_L,3,mapped,25.0,CL_lat_OFC,CL_lateral_orbital_frontal_cortex,708.1406250000003,429,11,21,21,0.5238095238095238,20.428571428571427,True,unassessed
797,AtlasINS_L,3,mapped,37.0,CL_caudal_OFC,CL_caudal_orbital_frontal_cortex,331.17187500000017,1598,14,21,21,0.6666666666666666,76.0952380952381,True,unassessed
797,AtlasINS_L,3,mapped,64.0,CL_vlPFC,CL_ventrolateral_prefrontal_cortex,680.8593750000003,13,2,21,21,0.09523809523809523,0.6190476190476191,True,unassessed
797,AtlasINS_L,3,mapped,78.0,CL_M1/PM,CL_lateral_motor_cortex,2230.484375000001,88,1,21,21,0.047619047619047616,4.190476190476191,True,unassessed
797,AtlasINS_L,3,mapped,92.0,CL_SI,CL_primary_somatosensory_cortex,900.6875000000005,32,1,21,21,0.047619047619047616,1.5238095238095237,True,unassessed
797,AtlasINS_L,3,mapped,95.0,CL_SII,CL_secondary_somatosensory_cortex,285.3125000000001,10,2,21,21,0.09523809523809523,0.47619047619047616,True,unassessed
797,AtlasINS_L,3,mapped,120.0,CL_area_7_in_IPL,CL_area_7_in_the_inferior_parietal_lobule,560.8125000000002,296,3,21,21,0.14285714285714285,14.095238095238095,True,unassessed
797,AtlasINS_L,3,mapped,165.0,CL_TG,CL_temporal_pole,315.5156250000001,116,5,21,21,0.23809523809523808,5.523809523809524,True,unassessed
797,AtlasINS_L,3,mapped,205.0,CL_belt,CL_belt_areas_of_auditory_cortex,316.8750000000001,55,3,21,21,0.14285714285714285,2.619047619047619,True,unassessed
797,AtlasINS_L,3,mapped,224.0,CL_floor_of_ls,CL_floor_of_the_lateral_sulcus,303.2968750000001,1303,6,21,21,0.2857142857142857,62.04761904761905,True,unassessed
797,AtlasINS_L,3,mapped,724.0,CR_floor_of_ls,CR_floor_of_the_lateral_sulcus,303.2968750000001,162,1,21,21,0.047619047619047616,7.714285714285714,True,unassessed
797,AtlasINS_L,3,mapped,1003.0,SL_LPal,SL_lateral_pallium,255.1562500000001,79,8,21,21,0.38095238095238093,3.761904761904762,True,unassessed
797,AtlasINS_L,3,mapped,1005.0,SL_VPal,SL_ventral_pallium,54.51562500000002,7,2,21,21,0.09523809523809523,0.3333333333333333,True,unassessed
797,AtlasINS_L,3,mapped,1011.0,SL_HF,SL_hippocampal_formation,532.0937500000002,69,2,21,21,0.09523809523809523,3.2857142857142856,True,unassessed
797,AtlasINS_L,3,mapped,1025.0,SL_pAmy,SL_pallial_amygdala,217.79687500000009,44,3,21,21,0.14285714285714285,2.0952380952380953,True,unassessed
797,AtlasINS_L,3,mapped,1040.0,SL_spAmy,SL_subpallial_amygdala,84.20312500000004,46,5,21,21,0.23809523809523808,2.1904761904761907,True,unassessed
797,AtlasINS_L,3,mapped,1051.0,SL_Str,SL_striatum,1922.421875000001,1617,10,21,21,0.47619047619047616,77.0,True,unassessed
797,AtlasINS_L,3,mapped,1062.0,SL_Pd,SL_pallidum,338.59375000000017,26,3,21,21,0.14285714285714285,1.2380952380952381,True,unassessed
797,AtlasINS_L,3,mapped,1069.0,SL_DSP,SL_diagonal_subpallium,182.70312500000009,80,6,21,21,0.2857142857142857,3.8095238095238093,True,unassessed
797,AtlasINS_L,3,mapped,1077.0,SL_POC,SL_preoptic_complex,174.67187500000009,24,2,21,21,0.09523809523809523,1.1428571428571428,True,unassessed
797,AtlasINS_L,3,mapped,1084.0,SL_THy,SL_tuberal_hypothalamus,154.64062500000006,65,2,21,21,0.09523809523809523,3.0952380952380953,True,unassessed
797,AtlasINS_L,3,mapped,1100.0,SL_PHy,SL_posterior_hypothalamus,36.843750000000014,7,2,21,21,0.09523809523809523,0.3333333333333333,True,unassessed
797,AtlasINS_L,3,mapped,1115.0,SL_MThal,SL_medial_thalamus,208.23437500000009,2,1,21,21,0.047619047619047616,0.09523809523809523,True,unassessed
797,AtlasINS_L,3,mapped,1127.0,SL_MLThal,SL_midline_thalamus,71.21875000000003,32,3,21,21,0.14285714285714285,1.5238095238095237,True,unassessed
797,AtlasINS_L,3,mapped,1135.0,SL_VThal,SL_ventral_thalamus,291.4218750000001,6,2,21,21,0.09523809523809523,0.2857142857142857,True,unassessed
797,AtlasINS_L,3,mapped,1157.0,SL_GThal,SL_geniculate_thalamus,121.76562500000006,45,1,21,21,0.047619047619047616,2.142857142857143,True,unassessed
797,AtlasINS_L,3,mapped,1160.0,SL_EpiThal,SL_epithalamus,15.359375000000007,1,1,21,21,0.047619047619047616,0.047619047619047616,True,unassessed
797,AtlasINS_L,3,mapped,1171.0,SL_DMid,SL_dorsal_midbrain,189.04687500000009,6,2,21,21,0.09523809523809523,0.2857142857142857,True,unassessed
797,AtlasINS_L,3,mapped,1180.0,SL_LMid,SL_lateral_midbrain,118.42187500000006,4,2,21,21,0.09523809523809523,0.19047619047619047,True,unassessed
797,AtlasINS_L,3,mapped,1192.0,SL_MMid,SL_medial_midbrain,67.01562500000003,2,2,21,21,0.09523809523809523,0.09523809523809523,True,unassessed
797,AtlasINS_L,3,mapped,1200.0,SL_VMid,SL_ventral_midbrain,261.3593750000001,16,2,21,21,0.09523809523809523,0.7619047619047619,True,unassessed
797,AtlasINS_L,3,mapped,1213.0,SL_DPons,SL_dorsal_pons,69.45312500000003,4,1,21,21,0.047619047619047616,0.19047619047619047,True,unassessed
797,AtlasINS_L,3,mapped,1231.0,SL_VPons,SL_ventral_pons,684.9218750000003,5,1,21,21,0.047619047619047616,0.23809523809523808,True,unassessed
797,AtlasINS_L,3,mapped,1540.0,SR_spAmy,SR_subpallial_amygdala,84.20312500000004,6,1,21,21,0.047619047619047616,0.2857142857142857,True,unassessed
797,AtlasINS_L,3,mapped,1551.0,SR_Str,SR_striatum,1922.421875000001,187,2,21,21,0.09523809523809523,8.904761904761905,True,unassessed
797,AtlasINS_L,3,mapped,1569.0,SR_DSP,SR_diagonal_subpallium,182.70312500000009,9,2,21,21,0.09523809523809523,0.42857142857142855,True,unassessed
797,AtlasINS_L,3,mapped,1577.0,SR_POC,SR_preoptic_complex,174.67187500000009,1,1,21,21,0.047619047619047616,0.047619047619047616,True,unassessed
797,AtlasINS_L,3,mapped,1600.0,SR_PHy,SR_posterior_hypothalamus,36.843750000000014,1,1,21,21,0.047619047619047616,0.047619047619047616,True,unassessed
797,AtlasINS_L,3,mapped,1615.0,SR_MThal,SR_medial_thalamus,208.23437500000009,1,1,21,21,0.047619047619047616,0.047619047619047616,True,unassessed
797,AtlasINS_L,3,mapped,1627.0,SR_MLThal,SR_midline_thalamus,71.21875000000003,37,3,21,21,0.14285714285714285,1.7619047619047619,True,unassessed
797,AtlasINS_L,3,mapped,1671.0,SR_DMid,SR_dorsal_midbrain,189.04687500000009,4,1,21,21,0.047619047619047616,0.19047619047619047,True,unassessed
797,AtlasINS_L,3,mapped,1680.0,SR_LMid,SR_lateral_midbrain,118.42187500000006,2,1,21,21,0.047619047619047616,0.09523809523809523,True,unassessed
797,AtlasINS_L,3,mapped,1713.0,SR_DPons,SR_dorsal_pons,69.45312500000003,1,1,21,21,0.047619047619047616,0.047619047619047616,True,unassessed
797,AtlasINS_L,3,zero_unassigned,0.0,,,,772,18,21,21,0.8571428571428571,36.76190476190476,True,unassessed
797,AtlasINS_L,4,key_level_conflict,45.0,CL_AON/TTv,CL_anterior_olfactory_cortex,,5,2,21,21,0.09523809523809523,0.23809523809523808,True,unassessed
797,AtlasINS_L,4,mapped,5.0,CL_area_25,CL_subgenual_cortex,32.890625000000014,2,1,21,21,0.047619047619047616,0.09523809523809523,True,unassessed
797,AtlasINS_L,4,mapped,22.0,CL_area_14,CL_gyrus_rectus,70.31250000000003,26,1,21,21,0.047619047619047616,1.2380952380952381,True,unassessed
797,AtlasINS_L,4,mapped,26.0,CL_areas_11/13,CL_areas_11_and_13,557.4062500000002,205,10,21,21,0.47619047619047616,9.761904761904763,True,unassessed
797,AtlasINS_L,4,mapped,34.0,CL_area_12m/o,CL_medial_and_orbital_area_12,150.73437500000006,224,6,21,21,0.2857142857142857,10.666666666666666,True,unassessed
797,AtlasINS_L,4,mapped,38.0,CL_OFa-p,CL_agranular_orbitofrontal_cortex,169.45312500000009,1576,14,21,21,0.6666666666666666,75.04761904761905,True,unassessed
797,AtlasINS_L,4,mapped,47.0,CL_cl_OFC,CL_caudolateral_orbitofrontal_cortex,136.07812500000006,17,2,21,21,0.09523809523809523,0.8095238095238095,True,unassessed
797,AtlasINS_L,4,mapped,65.0,CL_rostral_vlPFC,CL_rostral_ventrolateral_prefrontal_cortex,465.9531250000002,13,2,21,21,0.09523809523809523,0.6190476190476191,True,unassessed
797,AtlasINS_L,4,mapped,80.0,CL_PM,CL_premotor_cortex,1468.3593750000007,88,1,21,21,0.047619047619047616,4.190476190476191,True,unassessed
797,AtlasINS_L,4,mapped,92.0,CL_SI,CL_primary_somatosensory_cortex,900.6875000000005,32,1,21,21,0.047619047619047616,1.5238095238095237,True,unassessed
797,AtlasINS_L,4,mapped,95.0,CL_SII,CL_secondary_somatosensory_cortex,285.3125000000001,10,2,21,21,0.09523809523809523,0.47619047619047616,True,unassessed
797,AtlasINS_L,4,mapped,120.0,CL_area_7_in_IPL,CL_area_7_in_the_inferior_parietal_lobule,560.8125000000002,296,3,21,21,0.14285714285714285,14.095238095238095,True,unassessed
797,AtlasINS_L,4,mapped,166.0,CL_TGa,CL_agranular_temporal_pole,76.29687500000003,27,3,21,21,0.14285714285714285,1.2857142857142858,True,unassessed
797,AtlasINS_L,4,mapped,167.0,CL_TGg/TGd,CL_granular_and_dysgranular_temporal_pole,239.2187500000001,89,5,21,21,0.23809523809523808,4.238095238095238,True,unassessed
797,AtlasINS_L,4,mapped,206.0,CL_lat_belt,CL_lateral_belt_areas,188.89062500000009,3,1,21,21,0.047619047619047616,0.14285714285714285,True,unassessed
797,AtlasINS_L,4,mapped,213.0,CL_med_belt,CL_medial_belt_areas,127.98437500000006,52,3,21,21,0.14285714285714285,2.4761904761904763,True,unassessed
797,AtlasINS_L,4,mapped,225.0,CL_Ins/Pi,CL_insula_and_parainsula,288.1875000000001,1260,6,21,21,0.2857142857142857,60.0,True,unassessed
797,AtlasINS_L,4,mapped,230.0,CL_Ri,CL_retroinsula,15.109375000000007,43,3,21,21,0.14285714285714285,2.0476190476190474,True,unassessed
797,AtlasINS_L,4,mapped,725.0,CR_Ins/Pi,CR_insula_and_parainsula,288.1875000000001,162,1,21,21,0.047619047619047616,7.714285714285714,True,unassessed
797,AtlasINS_L,4,mapped,1004.0,SL_Cl,SL_claustrum,255.1562500000001,79,8,21,21,0.38095238095238093,3.761904761904762,True,unassessed
797,AtlasINS_L,4,mapped,1006.0,SL_En,SL_endopiriform_claustrum,23.71875000000001,5,1,21,21,0.047619047619047616,0.23809523809523808,True,unassessed
797,AtlasINS_L,4,mapped,1009.0,SL_Pir,SL_piriform_cortex,30.796875000000014,2,1,21,21,0.047619047619047616,0.09523809523809523,True,unassessed
797,AtlasINS_L,4,mapped,1012.0,SL_HFA,SL_hippocampal_formation_anterior,353.15625000000017,66,2,21,21,0.09523809523809523,3.142857142857143,True,unassessed
797,AtlasINS_L,4,mapped,1017.0,SL_HFP,SL_hippocampal_formation_posterior,178.93750000000009,3,1,21,21,0.047619047619047616,0.14285714285714285,True,unassessed
797,AtlasINS_L,4,mapped,1026.0,SL_vpAmy,SL_ventropallial_amygdala,87.81250000000004,37,2,21,21,0.09523809523809523,1.7619047619047619,True,unassessed
797,AtlasINS_L,4,mapped,1030.0,SL_lpAmy,SL_lateropallial_amygdala,129.98437500000006,7,2,21,21,0.09523809523809523,0.3333333333333333,True,unassessed
797,AtlasINS_L,4,mapped,1043.0,SL_mAmy,SL_medial_amygdala,40.71875000000002,5,1,21,21,0.047619047619047616,0.23809523809523808,True,unassessed
797,AtlasINS_L,4,mapped,1046.0,SL_pdAmy,SL_pallidal_amygdala,29.640625000000014,41,5,21,21,0.23809523809523808,1.9523809523809523,True,unassessed
797,AtlasINS_L,4,mapped,1052.0,SL_DStr,SL_dorsal_striatum,1809.218750000001,1456,10,21,21,0.47619047619047616,69.33333333333333,True,unassessed
797,AtlasINS_L,4,mapped,1059.0,SL_VStr,SL_ventral_striatum,113.20312500000006,161,4,21,21,0.19047619047619047,7.666666666666667,True,unassessed
797,AtlasINS_L,4,mapped,1062.0,SL_Pd,SL_pallidum,338.59375000000017,26,3,21,21,0.14285714285714285,1.2380952380952381,True,unassessed
797,AtlasINS_L,4,mapped,1070.0,SL_BR,SL_basal_nucleus_region,38.000000000000014,1,1,21,21,0.047619047619047616,0.047619047619047616,True,unassessed
797,AtlasINS_L,4,mapped,1073.0,SL_ST,SL_bed_nucleus_of_the_stria_terminalis,42.00000000000002,65,4,21,21,0.19047619047619047,3.0952380952380953,True,unassessed
797,AtlasINS_L,4,mapped,1074.0,SL_SDBR,SL_septum_diagonal_band_complex,102.70312500000004,14,5,21,21,0.23809523809523808,0.6666666666666666,True,unassessed
797,AtlasINS_L,4,mapped,1079.0,SL_POR,SL_preoptic_region,22.84375000000001,24,2,21,21,0.09523809523809523,1.1428571428571428,True,unassessed
797,AtlasINS_L,4,mapped,1085.0,SL_MTHy,SL_medial_tuberal_hypothalamus,10.812500000000005,8,1,21,21,0.047619047619047616,0.38095238095238093,True,unassessed
797,AtlasINS_L,4,mapped,1087.0,SL_VTHy,SL_ventral_tuberal_hypothalamus,29.406250000000014,28,1,21,21,0.047619047619047616,1.3333333333333333,True,unassessed
797,AtlasINS_L,4,mapped,1091.0,SL_DTHy,SL_dorsal_tuberal_hypothalamus,114.42187500000006,29,2,21,21,0.09523809523809523,1.380952380952381,True,unassessed
797,AtlasINS_L,4,mapped,1101.0,SL_DPHy,SL_dorsal_posterior_hypothalamus,21.87500000000001,6,2,21,21,0.09523809523809523,0.2857142857142857,True,unassessed
797,AtlasINS_L,4,mapped,1103.0,SL_VPHy,SL_ventral_posterior_hypothalamus,14.968750000000007,1,1,21,21,0.047619047619047616,0.047619047619047616,True,unassessed
797,AtlasINS_L,4,mapped,1119.0,SL_ILThal,SL_intralaminar_thalamus,106.54687500000004,1,1,21,21,0.047619047619047616,0.047619047619047616,True,unassessed
797,AtlasINS_L,4,mapped,1126.0,SL_MD,SL_mediodorsal_thalamus,78.81250000000003,1,1,21,21,0.047619047619047616,0.047619047619047616,True,unassessed
797,AtlasINS_L,4,mapped,1127.0,SL_MLThal,SL_midline_thalamus,71.21875000000003,32,3,21,21,0.14285714285714285,1.5238095238095237,True,unassessed
797,AtlasINS_L,4,mapped,1136.0,SL_PNThal,SL_pallido_nigral_thalamus,95.73437500000004,6,2,21,21,0.09523809523809523,0.2857142857142857,True,unassessed
797,AtlasINS_L,4,mapped,1159.0,SL_MG,SL_medial_geniculate,28.406250000000014,45,1,21,21,0.047619047619047616,2.142857142857143,True,unassessed
797,AtlasINS_L,4,mapped,1162.0,SL_Hb,SL_habenula,11.265625000000005,1,1,21,21,0.047619047619047616,0.047619047619047616,True,unassessed
797,AtlasINS_L,4,mapped,1177.0,SL_PAGR,SL_periaqueductal_gray_region,51.10937500000002,6,2,21,21,0.09523809523809523,0.2857142857142857,True,unassessed
797,AtlasINS_L,4,mapped,1181.0,SL_TgMid,SL_midbrain_tegmentum,36.937500000000014,2,1,21,21,0.047619047619047616,0.09523809523809523,True,unassessed
797,AtlasINS_L,4,mapped,1189.0,SL_RtMid,SL_midbrain_reticulum,81.48437500000004,2,1,21,21,0.047619047619047616,0.09523809523809523,True,unassessed
797,AtlasINS_L,4,mapped,1193.0,SL_OC+,SL_oculomotor_region,33.859375000000014,1,1,21,21,0.047619047619047616,0.047619047619047616,True,unassessed
797,AtlasINS_L,4,mapped,1196.0,SL_raphe_Mid,SL_midbrain_raphe,33.156250000000014,1,1,21,21,0.047619047619047616,0.047619047619047616,True,unassessed
797,AtlasINS_L,4,mapped,1204.0,SL_DA_Mid,SL_midbrain_dopaminergic_complex,222.89062500000009,16,2,21,21,0.09523809523809523,0.7619047619047619,True,unassessed
797,AtlasINS_L,4,mapped,1214.0,SL_PBC,SL_parabrachial_complex,45.84375000000002,3,1,21,21,0.047619047619047616,0.14285714285714285,True,unassessed
797,AtlasINS_L,4,mapped,1223.0,SL_tgPons,SL_pontine_dorsal_tegmentum,15.421875000000007,1,1,21,21,0.047619047619047616,0.047619047619047616,True,unassessed
797,AtlasINS_L,4,mapped,1232.0,SL_retPons,SL_pontine_reticulum,135.50000000000006,5,1,21,21,0.047619047619047616,0.23809523809523808,True,unassessed
797,AtlasINS_L,4,mapped,1546.0,SR_pdAmy,SR_pallidal_amygdala,29.640625000000014,6,1,21,21,0.047619047619047616,0.2857142857142857,True,unassessed
797,AtlasINS_L,4,mapped,1552.0,SR_DStr,SR_dorsal_striatum,1809.218750000001,154,2,21,21,0.09523809523809523,7.333333333333333,True,unassessed
797,AtlasINS_L,4,mapped,1559.0,SR_VStr,SR_ventral_striatum,113.20312500000006,33,1,21,21,0.047619047619047616,1.5714285714285714,True,unassessed
797,AtlasINS_L,4,mapped,1573.0,SR_ST,SR_bed_nucleus_of_the_stria_terminalis,42.00000000000002,7,2,21,21,0.09523809523809523,0.3333333333333333,True,unassessed
797,AtlasINS_L,4,mapped,1574.0,SR_SDBR,SR_septum_diagonal_band_complex,102.70312500000004,2,1,21,21,0.047619047619047616,0.09523809523809523,True,unassessed
797,AtlasINS_L,4,mapped,1579.0,SR_POR,SR_preoptic_region,22.84375000000001,1,1,21,21,0.047619047619047616,0.047619047619047616,True,unassessed
797,AtlasINS_L,4,mapped,1601.0,SR_DPHy,SR_dorsal_posterior_hypothalamus,21.87500000000001,1,1,21,21,0.047619047619047616,0.047619047619047616,True,unassessed
797,AtlasINS_L,4,mapped,1626.0,SR_MD,SR_mediodorsal_thalamus,78.81250000000003,1,1,21,21,0.047619047619047616,0.047619047619047616,True,unassessed
797,AtlasINS_L,4,mapped,1627.0,SR_MLThal,SR_midline_thalamus,71.21875000000003,37,3,21,21,0.14285714285714285,1.7619047619047619,True,unassessed
797,AtlasINS_L,4,mapped,1677.0,SR_PAGR,SR_periaqueductal_gray_region,51.10937500000002,4,1,21,21,0.047619047619047616,0.19047619047619047,True,unassessed
797,AtlasINS_L,4,mapped,1681.0,SR_TgMid,SR_midbrain_tegmentum,36.937500000000014,2,1,21,21,0.047619047619047616,0.09523809523809523,True,unassessed
797,AtlasINS_L,4,mapped,1714.0,SR_PBC,SR_parabrachial_complex,45.84375000000002,1,1,21,21,0.047619047619047616,0.047619047619047616,True,unassessed
797,AtlasINS_L,4,zero_unassigned,0.0,,,,772,18,21,21,0.8571428571428571,36.76190476190476,True,unassessed
797,AtlasINS_L,5,key_level_conflict,45.0,CL_AON/TTv,CL_anterior_olfactory_cortex,,5,2,21,21,0.09523809523809523,0.23809523809523808,True,unassessed
797,AtlasINS_L,5,mapped,5.0,CL_area_25,CL_subgenual_cortex,32.890625000000014,2,1,21,21,0.047619047619047616,0.09523809523809523,True,unassessed
797,AtlasINS_L,5,mapped,22.0,CL_area_14,CL_gyrus_rectus,70.31250000000003,26,1,21,21,0.047619047619047616,1.2380952380952381,True,unassessed
797,AtlasINS_L,5,mapped,30.0,CL_area_13,CL_area_13,419.17187500000017,205,10,21,21,0.47619047619047616,9.761904761904763,True,unassessed
797,AtlasINS_L,5,mapped,34.0,CL_area_12m/o,CL_medial_and_orbital_area_12,150.73437500000006,224,6,21,21,0.2857142857142857,10.666666666666666,True,unassessed
797,AtlasINS_L,5,mapped,39.0,CL_Iam/Iapm,CL_medial_agranular_insular_region,24.17187500000001,34,6,21,21,0.2857142857142857,1.619047619047619,True,unassessed
797,AtlasINS_L,5,mapped,40.0,CL_lat_Ia,CL_lateral_agranular_insular_region,145.28125000000006,1542,14,21,21,0.6666666666666666,73.42857142857143,True,unassessed
797,AtlasINS_L,5,mapped,49.0,CL_PrCO,CL_precentral_operular_area,95.95312500000004,17,2,21,21,0.09523809523809523,0.8095238095238095,True,unassessed
797,AtlasINS_L,5,mapped,69.0,CL_area_12r/l,CL_rostral_and_lateral_area_12,149.23437500000006,13,2,21,21,0.09523809523809523,0.6190476190476191,True,unassessed
797,AtlasINS_L,5,mapped,84.0,CL_PMv,CL_ventral_premotor_cortex,700.6093750000003,88,1,21,21,0.047619047619047616,4.190476190476191,True,unassessed
797,AtlasINS_L,5,mapped,93.0,CL_area_3a/b,CL_areas_3a_and_3b,245.3906250000001,29,1,21,21,0.047619047619047616,1.380952380952381,True,unassessed
797,AtlasINS_L,5,mapped,94.0,CL_areas_1-2,CL_areas_1-2,655.2968750000003,3,1,21,21,0.047619047619047616,0.14285714285714285,True,unassessed
797,AtlasINS_L,5,mapped,95.0,CL_SII,CL_secondary_somatosensory_cortex,285.3125000000001,10,2,21,21,0.09523809523809523,0.47619047619047616,True,unassessed
797,AtlasINS_L,5,mapped,124.0,CL_area_7op,CL_parietal_operculum,167.64062500000009,296,3,21,21,0.14285714285714285,14.095238095238095,True,unassessed
797,AtlasINS_L,5,mapped,166.0,CL_TGa,CL_agranular_temporal_pole,76.29687500000003,27,3,21,21,0.14285714285714285,1.2857142857142858,True,unassessed
797,AtlasINS_L,5,mapped,168.0,CL_TGd,CL_dysgranular_temporal_pole,91.85937500000004,85,5,21,21,0.23809523809523808,4.0476190476190474,True,unassessed
797,AtlasINS_L,5,mapped,171.0,CL_TGg,CL_granular_temporal_pole,147.35937500000006,4,2,21,21,0.09523809523809523,0.19047619047619047,True,unassessed
797,AtlasINS_L,5,mapped,207.0,CL_CL/ML,CL_caudal_areas_of_the_lateral_belt,63.14062500000003,3,1,21,21,0.047619047619047616,0.14285714285714285,True,unassessed
797,AtlasINS_L,5,mapped,214.0,CL_CM,CL_caudomedial_belt_region,60.00000000000003,31,2,21,21,0.09523809523809523,1.4761904761904763,True,unassessed
797,AtlasINS_L,5,mapped,215.0,CL_RM/RTM,CL_rostral_areas_of_the_medial_belt,67.98437500000003,21,2,21,21,0.09523809523809523,1.0,True,unassessed
797,AtlasINS_L,5,mapped,226.0,CL_Pi,CL_parainsula,27.28125000000001,26,2,21,21,0.09523809523809523,1.2380952380952381,True,unassessed
797,AtlasINS_L,5,mapped,227.0,CL_Ins,CL_insula,260.9062500000001,1234,6,21,21,0.2857142857142857,58.76190476190476,True,unassessed
797,AtlasINS_L,5,mapped,230.0,CL_Ri,CL_retroinsula,15.109375000000007,43,3,21,21,0.14285714285714285,2.0476190476190474,True,unassessed
797,AtlasINS_L,5,mapped,726.0,CR_Pi,CR_parainsula,27.28125000000001,6,1,21,21,0.047619047619047616,0.2857142857142857,True,unassessed
797,AtlasINS_L,5,mapped,727.0,CR_Ins,CR_insula,260.9062500000001,156,1,21,21,0.047619047619047616,7.428571428571429,True,unassessed
797,AtlasINS_L,5,mapped,1004.0,SL_Cl,SL_claustrum,255.1562500000001,79,8,21,21,0.38095238095238093,3.761904761904762,True,unassessed
797,AtlasINS_L,5,mapped,1007.0,SL_DEn,SL_dorsal_endopiriform_claustrum,14.203125000000007,1,1,21,21,0.047619047619047616,0.047619047619047616,True,unassessed
797,AtlasINS_L,5,mapped,1008.0,SL_VEn,SL_ventral_endopiriform_claustrum,9.515625000000004,4,1,21,21,0.047619047619047616,0.19047619047619047,True,unassessed
797,AtlasINS_L,5,mapped,1009.0,SL_Pir,SL_piriform_cortex,30.796875000000014,2,1,21,21,0.047619047619047616,0.09523809523809523,True,unassessed
797,AtlasINS_L,5,mapped,1013.0,SL_HiA,SL_hippocampus_anterior,271.8750000000001,66,2,21,21,0.09523809523809523,3.142857142857143,True,unassessed
797,AtlasINS_L,5,mapped,1018.0,SL_HiP,SL_hippocampus_posterior,114.28125000000006,3,1,21,21,0.047619047619047616,0.14285714285714285,True,unassessed
797,AtlasINS_L,5,mapped,1027.0,SL_BM,SL_basomedial_amygdaloid_nucleus,47.84375000000002,31,2,21,21,0.09523809523809523,1.4761904761904763,True,unassessed
797,AtlasINS_L,5,mapped,1028.0,SL_VCo,SL_ventral_cortical_amygdaloid_nucleus,22.76562500000001,5,1,21,21,0.047619047619047616,0.23809523809523808,True,unassessed
797,AtlasINS_L,5,mapped,1029.0,SL_AHi,SL_amygdalohippocampal_area,17.203125000000007,1,1,21,21,0.047619047619047616,0.047619047619047616,True,unassessed
797,AtlasINS_L,5,mapped,1031.0,SL_La,SL_lateral_amygdaloid_nucleus,40.82812500000002,6,1,21,21,0.047619047619047616,0.2857142857142857,True,unassessed
797,AtlasINS_L,5,mapped,1035.0,SL_BL,SL_basolateral_amygdaloid_nucleus,47.54687500000002,1,1,21,21,0.047619047619047616,0.047619047619047616,True,unassessed
797,AtlasINS_L,5,mapped,1044.0,SL_Me,SL_medial_amygdaloid_nucleus,16.984375000000007,4,1,21,21,0.047619047619047616,0.19047619047619047,True,unassessed
797,AtlasINS_L,5,mapped,1045.0,SL_AA,SL_anterior_amygdaloid_area,23.73437500000001,1,1,21,21,0.047619047619047616,0.047619047619047616,True,unassessed
797,AtlasINS_L,5,mapped,1048.0,SL_IPAC,SL_posterior_interstitial_nucleus,4.906250000000002,14,2,21,21,0.09523809523809523,0.6666666666666666,True,unassessed
797,AtlasINS_L,5,mapped,1049.0,SL_STIA,SL_intraamygdaloid_stria_terminalis,15.593750000000007,27,4,21,21,0.19047619047619047,1.2857142857142858,True,unassessed
797,AtlasINS_L,5,mapped,1053.0,SL_Cd,SL_caudate,649.5625000000003,348,4,21,21,0.19047619047619047,16.571428571428573,True,unassessed
797,AtlasINS_L,5,mapped,1056.0,SL_Pu,SL_putamen,895.1093750000003,1097,10,21,21,0.47619047619047616,52.23809523809524,True,unassessed
797,AtlasINS_L,5,mapped,1057.0,SL_ASt,SL_amygdalostriatal_transition,33.812500000000014,11,1,21,21,0.047619047619047616,0.5238095238095238,True,unassessed
797,AtlasINS_L,5,mapped,1060.0,SL_Acb,SL_accumbens,94.96875000000004,161,4,21,21,0.19047619047619047,7.666666666666667,True,unassessed
797,AtlasINS_L,5,mapped,1067.0,SL_ac,SL_anterior_commissure,77.82812500000003,22,3,21,21,0.14285714285714285,1.0476190476190477,True,unassessed
797,AtlasINS_L,5,mapped,1068.0,SL_VP,SL_ventral_pallidum,21.00000000000001,4,3,21,21,0.14285714285714285,0.19047619047619047,True,unassessed
797,AtlasINS_L,5,mapped,1070.0,SL_BR,SL_basal_nucleus_region,38.000000000000014,1,1,21,21,0.047619047619047616,0.047619047619047616,True,unassessed
797,AtlasINS_L,5,mapped,1073.0,SL_ST,SL_bed_nucleus_of_the_stria_terminalis,42.00000000000002,65,4,21,21,0.19047619047619047,3.0952380952380953,True,unassessed
797,AtlasINS_L,5,mapped,1076.0,SL_SDB,SL_septum_diagonal_band,91.34375000000004,14,5,21,21,0.23809523809523808,0.6666666666666666,True,unassessed
797,AtlasINS_L,5,mapped,1080.0,SL_PO,SL_preoptic_area,21.90625000000001,24,2,21,21,0.09523809523809523,1.1428571428571428,True,unassessed
797,AtlasINS_L,5,mapped,1086.0,SL_Pa,SL_paraventricular_hypothalamus,10.812500000000005,8,1,21,21,0.047619047619047616,0.38095238095238093,True,unassessed
797,AtlasINS_L,5,mapped,1088.0,SL_VMH,SL_ventromedial_hypothalamic_nucleus,16.000000000000007,20,1,21,21,0.047619047619047616,0.9523809523809523,True,unassessed
797,AtlasINS_L,5,mapped,1090.0,SL_Arc,SL_arcuate_nucleus,9.687500000000004,8,1,21,21,0.047619047619047616,0.38095238095238093,True,unassessed
797,AtlasINS_L,5,mapped,1093.0,SL_AH,SL_anterior_hypothalamic_area,8.609375000000004,3,2,21,21,0.09523809523809523,0.14285714285714285,True,unassessed
797,AtlasINS_L,5,mapped,1094.0,SL_DM,SL_dorsal_medial_hypothalamic_nucleus,4.875000000000002,2,1,21,21,0.047619047619047616,0.09523809523809523,True,unassessed
797,AtlasINS_L,5,mapped,1095.0,SL_LHy,SL_lateral_hypothalamic_region,77.43750000000003,22,2,21,21,0.09523809523809523,1.0476190476190477,True,unassessed
797,AtlasINS_L,5,mapped,1099.0,SL_STh,SL_subthalamic_nucleus,22.20312500000001,2,1,21,21,0.047619047619047616,0.09523809523809523,True,unassessed
797,AtlasINS_L,5,mapped,1102.0,SL_PH,SL_posterior_hypothalamic_nucleus,21.87500000000001,6,2,21,21,0.09523809523809523,0.2857142857142857,True,unassessed
797,AtlasINS_L,5,mapped,1105.0,SL_MM/RM,SL_mammillary/retromammillary_hypothalamus,13.578125000000005,1,1,21,21,0.047619047619047616,0.047619047619047616,True,unassessed
797,AtlasINS_L,5,mapped,1121.0,SL_CMn-PF,SL_centromedial-parafascicular_thalamus,50.56250000000002,1,1,21,21,0.047619047619047616,0.047619047619047616,True,unassessed
797,AtlasINS_L,5,mapped,1126.0,SL_MD,SL_mediodorsal_thalamus,78.81250000000003,1,1,21,21,0.047619047619047616,0.047619047619047616,True,unassessed
797,AtlasINS_L,5,mapped,1128.0,SL_IMD,SL_intermediodorsal_thalamus,11.781250000000005,16,2,21,21,0.09523809523809523,0.7619047619047619,True,unassessed
797,AtlasINS_L,5,mapped,1129.0,SL_PT-PV-sm,SL_paratenial-paraventral-thalamus,18.781250000000007,6,1,21,21,0.047619047619047616,0.2857142857142857,True,unassessed
797,AtlasINS_L,5,mapped,1130.0,SL_PVP,SL_paraventricular_posterior_thalamus,1.9218750000000009,1,1,21,21,0.047619047619047616,0.047619047619047616,True,unassessed
797,AtlasINS_L,5,mapped,1134.0,SL_Re-Rh-Xi,SL_Reuniens-rhomboid-xiphoid_thalamus,18.937500000000007,9,3,21,21,0.14285714285714285,0.42857142857142855,True,unassessed
797,AtlasINS_L,5,mapped,1137.0,SL_VA,SL_ventral_anterior_thalamus,48.87500000000002,6,2,21,21,0.09523809523809523,0.2857142857142857,True,unassessed
797,AtlasINS_L,5,mapped,1159.0,SL_MG,SL_medial_geniculate,28.406250000000014,45,1,21,21,0.047619047619047616,2.142857142857143,True,unassessed
797,AtlasINS_L,5,mapped,1162.0,SL_Hb,SL_habenula,11.265625000000005,1,1,21,21,0.047619047619047616,0.047619047619047616,True,unassessed
797,AtlasINS_L,5,mapped,1179.0,SL_PAG,SL_periaqueductal_gray,49.48437500000002,6,2,21,21,0.09523809523809523,0.2857142857142857,True,unassessed
797,AtlasINS_L,5,mapped,1187.0,SL_PTg,SL_pedunculopontine_nucleus,16.546875000000007,2,1,21,21,0.047619047619047616,0.09523809523809523,True,unassessed
797,AtlasINS_L,5,mapped,1190.0,SL_mRt,SL_mesencephalic_reticular_formation,78.28125000000003,2,1,21,21,0.047619047619047616,0.09523809523809523,True,unassessed
797,AtlasINS_L,5,mapped,1195.0,SL_mlf,SL_mediolateral_fascicle,18.062500000000007,1,1,21,21,0.047619047619047616,0.047619047619047616,True,unassessed
797,AtlasINS_L,5,mapped,1199.0,SL_LiR,SL_linear_Raphe,11.953125000000005,1,1,21,21,0.047619047619047616,0.047619047619047616,True,unassessed
797,AtlasINS_L,5,mapped,1206.0,SL_SN,SL_substantia_nigra,111.21875000000004,15,1,21,21,0.047619047619047616,0.7142857142857143,True,unassessed
797,AtlasINS_L,5,mapped,1207.0,SL_VTA,SL_ventral_tegmental_area,24.42187500000001,1,1,21,21,0.047619047619047616,0.047619047619047616,True,unassessed
797,AtlasINS_L,5,mapped,1214.0,SL_PBC,SL_parabrachial_complex,45.84375000000002,3,1,21,21,0.047619047619047616,0.14285714285714285,True,unassessed
797,AtlasINS_L,5,mapped,1225.0,SL_MDTg,SL_medial_dorsal_tegmentum,7.6562500000000036,1,1,21,21,0.047619047619047616,0.047619047619047616,True,unassessed
797,AtlasINS_L,5,mapped,1233.0,SL_SubC,SL_subceruleus,13.984375000000005,1,1,21,21,0.047619047619047616,0.047619047619047616,True,unassessed
797,AtlasINS_L,5,mapped,1236.0,SL_PnO,SL_pontine_reticulum_oral,45.07812500000002,4,1,21,21,0.047619047619047616,0.19047619047619047,True,unassessed
797,AtlasINS_L,5,mapped,1548.0,SR_IPAC,SR_posterior_interstitial_nucleus,4.906250000000002,6,1,21,21,0.047619047619047616,0.2857142857142857,True,unassessed
797,AtlasINS_L,5,mapped,1553.0,SR_Cd,SR_caudate,649.5625000000003,86,1,21,21,0.047619047619047616,4.095238095238095,True,unassessed
797,AtlasINS_L,5,mapped,1556.0,SR_Pu,SR_putamen,895.1093750000003,65,2,21,21,0.09523809523809523,3.0952380952380953,True,unassessed
797,AtlasINS_L,5,mapped,1558.0,SR_ic,SR_internal_capsule,230.7343750000001,3,1,21,21,0.047619047619047616,0.14285714285714285,True,unassessed
797,AtlasINS_L,5,mapped,1560.0,SR_Acb,SR_accumbens,94.96875000000004,33,1,21,21,0.047619047619047616,1.5714285714285714,True,unassessed
797,AtlasINS_L,5,mapped,1573.0,SR_ST,SR_bed_nucleus_of_the_stria_terminalis,42.00000000000002,7,2,21,21,0.09523809523809523,0.3333333333333333,True,unassessed
797,AtlasINS_L,5,mapped,1576.0,SR_SDB,SR_septum_diagonal_band,91.34375000000004,2,1,21,21,0.047619047619047616,0.09523809523809523,True,unassessed
797,AtlasINS_L,5,mapped,1580.0,SR_PO,SR_preoptic_area,21.90625000000001,1,1,21,21,0.047619047619047616,0.047619047619047616,True,unassessed
797,AtlasINS_L,5,mapped,1602.0,SR_PH,SR_posterior_hypothalamic_nucleus,21.87500000000001,1,1,21,21,0.047619047619047616,0.047619047619047616,True,unassessed
797,AtlasINS_L,5,mapped,1626.0,SR_MD,SR_mediodorsal_thalamus,78.81250000000003,1,1,21,21,0.047619047619047616,0.047619047619047616,True,unassessed
797,AtlasINS_L,5,mapped,1628.0,SR_IMD,SR_intermediodorsal_thalamus,11.781250000000005,24,1,21,21,0.047619047619047616,1.1428571428571428,True,unassessed
797,AtlasINS_L,5,mapped,1629.0,SR_PT-PV-sm,SR_paratenial-paraventral-thalamus,18.781250000000007,9,1,21,21,0.047619047619047616,0.42857142857142855,True,unassessed
797,AtlasINS_L,5,mapped,1630.0,SR_PVP,SR_paraventricular_posterior_thalamus,1.9218750000000009,1,1,21,21,0.047619047619047616,0.047619047619047616,True,unassessed
797,AtlasINS_L,5,mapped,1633.0,SR_CM,SR_central_medial_thalamus,12.453125000000005,1,1,21,21,0.047619047619047616,0.047619047619047616,True,unassessed
797,AtlasINS_L,5,mapped,1634.0,SR_Re-Rh-Xi,SR_Reuniens-rhomboid-xiphoid_thalamus,18.937500000000007,2,2,21,21,0.09523809523809523,0.09523809523809523,True,unassessed
797,AtlasINS_L,5,mapped,1679.0,SR_PAG,SR_periaqueductal_gray,49.48437500000002,4,1,21,21,0.047619047619047616,0.19047619047619047,True,unassessed
797,AtlasINS_L,5,mapped,1687.0,SR_PTg,SR_pedunculopontine_nucleus,16.546875000000007,2,1,21,21,0.047619047619047616,0.09523809523809523,True,unassessed
797,AtlasINS_L,5,mapped,1714.0,SR_PBC,SR_parabrachial_complex,45.84375000000002,1,1,21,21,0.047619047619047616,0.047619047619047616,True,unassessed
797,AtlasINS_L,5,zero_unassigned,0.0,,,,772,18,21,21,0.8571428571428571,36.76190476190476,True,unassessed
797,AtlasINS_L,6,mapped,5.0,CL_area_25,CL_subgenual_cortex,32.890625000000014,2,1,21,21,0.047619047619047616,0.09523809523809523,True,unassessed
797,AtlasINS_L,6,mapped,23.0,CL_area_14r,CL_rostral_gyrus_rectus,30.843750000000014,1,1,21,21,0.047619047619047616,0.047619047619047616,True,unassessed
797,AtlasINS_L,6,mapped,24.0,CL_area_14c,CL_caudal_gyrus_rectus,39.468750000000014,25,1,21,21,0.047619047619047616,1.1904761904761905,True,unassessed
797,AtlasINS_L,6,mapped,31.0,CL_area_13a/b,CL_areas_13a_and_13b,124.10937500000006,6,2,21,21,0.09523809523809523,0.2857142857142857,True,unassessed
797,AtlasINS_L,6,mapped,32.0,CL_area_13m,CL_medial_area_13,174.45312500000009,2,1,21,21,0.047619047619047616,0.09523809523809523,True,unassessed
797,AtlasINS_L,6,mapped,33.0,CL_area_13l,CL_lateral_area_13,120.60937500000006,197,9,21,21,0.42857142857142855,9.380952380952381,True,unassessed
797,AtlasINS_L,6,mapped,36.0,CL_area_12o,CL_orbital_area_12,68.65625000000003,224,6,21,21,0.2857142857142857,10.666666666666666,True,unassessed
797,AtlasINS_L,6,mapped,39.0,CL_Iam/Iapm,CL_medial_agranular_insular_region,24.17187500000001,34,6,21,21,0.2857142857142857,1.619047619047619,True,unassessed
797,AtlasINS_L,6,mapped,41.0,CL_Iai,CL_intermediate_agranular_insula_area,81.48437500000004,1468,14,21,21,0.6666666666666666,69.9047619047619,True,unassessed
797,AtlasINS_L,6,mapped,42.0,CL_Ial,CL_lateral_agranular_insula_area,47.98437500000002,74,11,21,21,0.5238095238095238,3.5238095238095237,True,unassessed
797,AtlasINS_L,6,mapped,45.0,CL_AON/TTv,CL_anterior_olfactory_cortex,25.64062500000001,5,2,21,21,0.09523809523809523,0.23809523809523808,True,unassessed
797,AtlasINS_L,6,mapped,49.0,CL_PrCO,CL_precentral_operular_area,95.95312500000004,17,2,21,21,0.09523809523809523,0.8095238095238095,True,unassessed
797,AtlasINS_L,6,mapped,70.0,CL_area_12l,CL_lateral_area_12,61.20312500000003,13,2,21,21,0.09523809523809523,0.6190476190476191,True,unassessed
797,AtlasINS_L,6,mapped,86.0,CL_F5,CL_area_F5_of_ventral_premotor_cortex,434.01562500000017,88,1,21,21,0.047619047619047616,4.190476190476191,True,unassessed
797,AtlasINS_L,6,mapped,93.0,CL_area_3a/b,CL_areas_3a_and_3b,245.3906250000001,29,1,21,21,0.047619047619047616,1.380952380952381,True,unassessed
797,AtlasINS_L,6,mapped,94.0,CL_areas_1-2,CL_areas_1-2,655.2968750000003,3,1,21,21,0.047619047619047616,0.14285714285714285,True,unassessed
797,AtlasINS_L,6,mapped,95.0,CL_SII,CL_secondary_somatosensory_cortex,285.3125000000001,10,2,21,21,0.09523809523809523,0.47619047619047616,True,unassessed
797,AtlasINS_L,6,mapped,124.0,CL_area_7op,CL_parietal_operculum,167.64062500000009,296,3,21,21,0.14285714285714285,14.095238095238095,True,unassessed
797,AtlasINS_L,6,mapped,166.0,CL_TGa,CL_agranular_temporal_pole,76.29687500000003,27,3,21,21,0.14285714285714285,1.2857142857142858,True,unassessed
797,AtlasINS_L,6,mapped,169.0,CL_TGdd,CL_dorsal_dysgranular_temporal_pole,70.73437500000003,85,5,21,21,0.23809523809523808,4.0476190476190474,True,unassessed
797,AtlasINS_L,6,mapped,172.0,CL_TGdg,CL_dorsal_granular_temporal_pole,52.21875000000002,2,2,21,21,0.09523809523809523,0.09523809523809523,True,unassessed
797,AtlasINS_L,6,mapped,174.0,CL_TGsts,CL_sts_part_of_temporal_pole,78.28125000000003,2,1,21,21,0.047619047619047616,0.09523809523809523,True,unassessed
797,AtlasINS_L,6,mapped,208.0,CL_CL,CL_caudal_lateral_belt_region,27.81250000000001,3,1,21,21,0.047619047619047616,0.14285714285714285,True,unassessed
797,AtlasINS_L,6,mapped,214.0,CL_CM,CL_caudomedial_belt_region,60.00000000000003,31,2,21,21,0.09523809523809523,1.4761904761904763,True,unassessed
797,AtlasINS_L,6,mapped,216.0,CL_RM,CL_rostromedial_belt_region,47.87500000000002,21,2,21,21,0.09523809523809523,1.0,True,unassessed
797,AtlasINS_L,6,mapped,226.0,CL_Pi,CL_parainsula,27.28125000000001,26,2,21,21,0.09523809523809523,1.2380952380952381,True,unassessed
797,AtlasINS_L,6,mapped,228.0,CL_Ia/Id,CL_agranular_and_dysgranular_insula,164.56250000000009,406,5,21,21,0.23809523809523808,19.333333333333332,True,unassessed
797,AtlasINS_L,6,mapped,229.0,CL_Ig,CL_granular_insula,96.34375000000004,828,5,21,21,0.23809523809523808,39.42857142857143,True,unassessed
797,AtlasINS_L,6,mapped,230.0,CL_Ri,CL_retroinsula,15.109375000000007,43,3,21,21,0.14285714285714285,2.0476190476190474,True,unassessed
797,AtlasINS_L,6,mapped,726.0,CR_Pi,CR_parainsula,27.28125000000001,6,1,21,21,0.047619047619047616,0.2857142857142857,True,unassessed
797,AtlasINS_L,6,mapped,728.0,CR_Ia/Id,CR_agranular_and_dysgranular_insula,164.56250000000009,156,1,21,21,0.047619047619047616,7.428571428571429,True,unassessed
797,AtlasINS_L,6,mapped,1004.0,SL_Cl,SL_claustrum,255.1562500000001,79,8,21,21,0.38095238095238093,3.761904761904762,True,unassessed
797,AtlasINS_L,6,mapped,1007.0,SL_DEn,SL_dorsal_endopiriform_claustrum,14.203125000000007,1,1,21,21,0.047619047619047616,0.047619047619047616,True,unassessed
797,AtlasINS_L,6,mapped,1008.0,SL_VEn,SL_ventral_endopiriform_claustrum,9.515625000000004,4,1,21,21,0.047619047619047616,0.19047619047619047,True,unassessed
797,AtlasINS_L,6,mapped,1009.0,SL_Pir,SL_piriform_cortex,30.796875000000014,2,1,21,21,0.047619047619047616,0.09523809523809523,True,unassessed
797,AtlasINS_L,6,mapped,1015.0,SL_CAA,SL_CA1_3_anterior,180.68750000000009,66,2,21,21,0.09523809523809523,3.142857142857143,True,unassessed
797,AtlasINS_L,6,mapped,1020.0,SL_CAP,SL_CA1_3_posterior,88.10937500000004,3,1,21,21,0.047619047619047616,0.14285714285714285,True,unassessed
797,AtlasINS_L,6,mapped,1027.0,SL_BM,SL_basomedial_amygdaloid_nucleus,47.84375000000002,31,2,21,21,0.09523809523809523,1.4761904761904763,True,unassessed
797,AtlasINS_L,6,mapped,1028.0,SL_VCo,SL_ventral_cortical_amygdaloid_nucleus,22.76562500000001,5,1,21,21,0.047619047619047616,0.23809523809523808,True,unassessed
797,AtlasINS_L,6,mapped,1029.0,SL_AHi,SL_amygdalohippocampal_area,17.203125000000007,1,1,21,21,0.047619047619047616,0.047619047619047616,True,unassessed
797,AtlasINS_L,6,mapped,1032.0,SL_LaD,SL_lateral_dorsal_amygdaloid_nucleus,22.29687500000001,6,1,21,21,0.047619047619047616,0.2857142857142857,True,unassessed
797,AtlasINS_L,6,mapped,1036.0,SL_BLD,SL_basolateral_dorsal_amygdaloid_nucleus,14.546875000000007,1,1,21,21,0.047619047619047616,0.047619047619047616,True,unassessed
797,AtlasINS_L,6,mapped,1044.0,SL_Me,SL_medial_amygdaloid_nucleus,16.984375000000007,4,1,21,21,0.047619047619047616,0.19047619047619047,True,unassessed
797,AtlasINS_L,6,mapped,1045.0,SL_AA,SL_anterior_amygdaloid_area,23.73437500000001,1,1,21,21,0.047619047619047616,0.047619047619047616,True,unassessed
797,AtlasINS_L,6,mapped,1048.0,SL_IPAC,SL_posterior_interstitial_nucleus,4.906250000000002,14,2,21,21,0.09523809523809523,0.6666666666666666,True,unassessed
797,AtlasINS_L,6,mapped,1049.0,SL_STIA,SL_intraamygdaloid_stria_terminalis,15.593750000000007,27,4,21,21,0.19047619047619047,1.2857142857142858,True,unassessed
797,AtlasINS_L,6,mapped,1054.0,SL_CdH,SL_caudate_head,566.5156250000002,286,3,21,21,0.14285714285714285,13.619047619047619,True,unassessed
797,AtlasINS_L,6,mapped,1055.0,SL_CdT,SL_caudate_tail,83.04687500000004,62,1,21,21,0.047619047619047616,2.9523809523809526,True,unassessed
797,AtlasINS_L,6,mapped,1056.0,SL_Pu,SL_putamen,895.1093750000003,1097,10,21,21,0.47619047619047616,52.23809523809524,True,unassessed
797,AtlasINS_L,6,mapped,1057.0,SL_ASt,SL_amygdalostriatal_transition,33.812500000000014,11,1,21,21,0.047619047619047616,0.5238095238095238,True,unassessed
797,AtlasINS_L,6,mapped,1060.0,SL_Acb,SL_accumbens,94.96875000000004,161,4,21,21,0.19047619047619047,7.666666666666667,True,unassessed
797,AtlasINS_L,6,mapped,1067.0,SL_ac,SL_anterior_commissure,77.82812500000003,22,3,21,21,0.14285714285714285,1.0476190476190477,True,unassessed
797,AtlasINS_L,6,mapped,1068.0,SL_VP,SL_ventral_pallidum,21.00000000000001,4,3,21,21,0.14285714285714285,0.19047619047619047,True,unassessed
797,AtlasINS_L,6,mapped,1071.0,SL_PeB,SL_peri-basal_region,12.453125000000005,1,1,21,21,0.047619047619047616,0.047619047619047616,True,unassessed
797,AtlasINS_L,6,mapped,1073.0,SL_ST,SL_bed_nucleus_of_the_stria_terminalis,42.00000000000002,65,4,21,21,0.19047619047619047,3.0952380952380953,True,unassessed
797,AtlasINS_L,6,mapped,1076.0,SL_SDB,SL_septum_diagonal_band,91.34375000000004,14,5,21,21,0.23809523809523808,0.6666666666666666,True,unassessed
797,AtlasINS_L,6,mapped,1080.0,SL_PO,SL_preoptic_area,21.90625000000001,24,2,21,21,0.09523809523809523,1.1428571428571428,True,unassessed
797,AtlasINS_L,6,mapped,1086.0,SL_Pa,SL_paraventricular_hypothalamus,10.812500000000005,8,1,21,21,0.047619047619047616,0.38095238095238093,True,unassessed
797,AtlasINS_L,6,mapped,1088.0,SL_VMH,SL_ventromedial_hypothalamic_nucleus,16.000000000000007,20,1,21,21,0.047619047619047616,0.9523809523809523,True,unassessed
797,AtlasINS_L,6,mapped,1090.0,SL_Arc,SL_arcuate_nucleus,9.687500000000004,8,1,21,21,0.047619047619047616,0.38095238095238093,True,unassessed
797,AtlasINS_L,6,mapped,1093.0,SL_AH,SL_anterior_hypothalamic_area,8.609375000000004,3,2,21,21,0.09523809523809523,0.14285714285714285,True,unassessed
797,AtlasINS_L,6,mapped,1094.0,SL_DM,SL_dorsal_medial_hypothalamic_nucleus,4.875000000000002,2,1,21,21,0.047619047619047616,0.09523809523809523,True,unassessed
797,AtlasINS_L,6,mapped,1096.0,SL_LH,SL_lateral_hypothalamic_area,17.156250000000007,10,2,21,21,0.09523809523809523,0.47619047619047616,True,unassessed
797,AtlasINS_L,6,mapped,1097.0,SL_JPLH,SL_juxtaparaventricular_lateral_hypothalamus,3.4375000000000013,4,2,21,21,0.09523809523809523,0.19047619047619047,True,unassessed
797,AtlasINS_L,6,mapped,1098.0,SL_PLH,SL_peduncular_lateral_hypothalamus,56.84375000000003,8,2,21,21,0.09523809523809523,0.38095238095238093,True,unassessed
797,AtlasINS_L,6,mapped,1099.0,SL_STh,SL_subthalamic_nucleus,22.20312500000001,2,1,21,21,0.047619047619047616,0.09523809523809523,True,unassessed
797,AtlasINS_L,6,mapped,1102.0,SL_PH,SL_posterior_hypothalamic_nucleus,21.87500000000001,6,2,21,21,0.09523809523809523,0.2857142857142857,True,unassessed
797,AtlasINS_L,6,mapped,1107.0,SL_MM,SL_mammillary_hypothalamus,10.078125000000005,1,1,21,21,0.047619047619047616,0.047619047619047616,True,unassessed
797,AtlasINS_L,6,mapped,1121.0,SL_CMn-PF,SL_centromedial-parafascicular_thalamus,50.56250000000002,1,1,21,21,0.047619047619047616,0.047619047619047616,True,unassessed
797,AtlasINS_L,6,mapped,1126.0,SL_MD,SL_mediodorsal_thalamus,78.81250000000003,1,1,21,21,0.047619047619047616,0.047619047619047616,True,unassessed
797,AtlasINS_L,6,mapped,1128.0,SL_IMD,SL_intermediodorsal_thalamus,11.781250000000005,16,2,21,21,0.09523809523809523,0.7619047619047619,True,unassessed
797,AtlasINS_L,6,mapped,1129.0,SL_PT-PV-sm,SL_paratenial-paraventral-thalamus,18.781250000000007,6,1,21,21,0.047619047619047616,0.2857142857142857,True,unassessed
797,AtlasINS_L,6,mapped,1130.0,SL_PVP,SL_paraventricular_posterior_thalamus,1.9218750000000009,1,1,21,21,0.047619047619047616,0.047619047619047616,True,unassessed
797,AtlasINS_L,6,mapped,1134.0,SL_Re-Rh-Xi,SL_Reuniens-rhomboid-xiphoid_thalamus,18.937500000000007,9,3,21,21,0.14285714285714285,0.42857142857142855,True,unassessed
797,AtlasINS_L,6,mapped,1137.0,SL_VA,SL_ventral_anterior_thalamus,48.87500000000002,6,2,21,21,0.09523809523809523,0.2857142857142857,True,unassessed
797,AtlasINS_L,6,mapped,1159.0,SL_MG,SL_medial_geniculate,28.406250000000014,45,1,21,21,0.047619047619047616,2.142857142857143,True,unassessed
797,AtlasINS_L,6,mapped,1162.0,SL_Hb,SL_habenula,11.265625000000005,1,1,21,21,0.047619047619047616,0.047619047619047616,True,unassessed
797,AtlasINS_L,6,mapped,1179.0,SL_PAG,SL_periaqueductal_gray,49.48437500000002,6,2,21,21,0.09523809523809523,0.2857142857142857,True,unassessed
797,AtlasINS_L,6,mapped,1187.0,SL_PTg,SL_pedunculopontine_nucleus,16.546875000000007,2,1,21,21,0.047619047619047616,0.09523809523809523,True,unassessed
797,AtlasINS_L,6,mapped,1190.0,SL_mRt,SL_mesencephalic_reticular_formation,78.28125000000003,2,1,21,21,0.047619047619047616,0.09523809523809523,True,unassessed
797,AtlasINS_L,6,mapped,1195.0,SL_mlf,SL_mediolateral_fascicle,18.062500000000007,1,1,21,21,0.047619047619047616,0.047619047619047616,True,unassessed
797,AtlasINS_L,6,mapped,1199.0,SL_LiR,SL_linear_Raphe,11.953125000000005,1,1,21,21,0.047619047619047616,0.047619047619047616,True,unassessed
797,AtlasINS_L,6,mapped,1206.0,SL_SN,SL_substantia_nigra,111.21875000000004,15,1,21,21,0.047619047619047616,0.7142857142857143,True,unassessed
797,AtlasINS_L,6,mapped,1207.0,SL_VTA,SL_ventral_tegmental_area,24.42187500000001,1,1,21,21,0.047619047619047616,0.047619047619047616,True,unassessed
797,AtlasINS_L,6,mapped,1216.0,SL_MPB,SL_medial_parabrachial_nucleus,7.8593750000000036,1,1,21,21,0.047619047619047616,0.047619047619047616,True,unassessed
797,AtlasINS_L,6,mapped,1217.0,SL_scp,SL_superior_cerebellar_peduncle,24.48437500000001,2,1,21,21,0.047619047619047616,0.09523809523809523,True,unassessed
797,AtlasINS_L,6,mapped,1225.0,SL_MDTg,SL_medial_dorsal_tegmentum,7.6562500000000036,1,1,21,21,0.047619047619047616,0.047619047619047616,True,unassessed
797,AtlasINS_L,6,mapped,1233.0,SL_SubC,SL_subceruleus,13.984375000000005,1,1,21,21,0.047619047619047616,0.047619047619047616,True,unassessed
797,AtlasINS_L,6,mapped,1236.0,SL_PnO,SL_pontine_reticulum_oral,45.07812500000002,4,1,21,21,0.047619047619047616,0.19047619047619047,True,unassessed
797,AtlasINS_L,6,mapped,1548.0,SR_IPAC,SR_posterior_interstitial_nucleus,4.906250000000002,6,1,21,21,0.047619047619047616,0.2857142857142857,True,unassessed
797,AtlasINS_L,6,mapped,1554.0,SR_CdH,SR_caudate_head,566.5156250000002,86,1,21,21,0.047619047619047616,4.095238095238095,True,unassessed
797,AtlasINS_L,6,mapped,1556.0,SR_Pu,SR_putamen,895.1093750000003,65,2,21,21,0.09523809523809523,3.0952380952380953,True,unassessed
797,AtlasINS_L,6,mapped,1558.0,SR_ic,SR_internal_capsule,230.7343750000001,3,1,21,21,0.047619047619047616,0.14285714285714285,True,unassessed
797,AtlasINS_L,6,mapped,1560.0,SR_Acb,SR_accumbens,94.96875000000004,33,1,21,21,0.047619047619047616,1.5714285714285714,True,unassessed
797,AtlasINS_L,6,mapped,1573.0,SR_ST,SR_bed_nucleus_of_the_stria_terminalis,42.00000000000002,7,2,21,21,0.09523809523809523,0.3333333333333333,True,unassessed
797,AtlasINS_L,6,mapped,1576.0,SR_SDB,SR_septum_diagonal_band,91.34375000000004,2,1,21,21,0.047619047619047616,0.09523809523809523,True,unassessed
797,AtlasINS_L,6,mapped,1580.0,SR_PO,SR_preoptic_area,21.90625000000001,1,1,21,21,0.047619047619047616,0.047619047619047616,True,unassessed
797,AtlasINS_L,6,mapped,1602.0,SR_PH,SR_posterior_hypothalamic_nucleus,21.87500000000001,1,1,21,21,0.047619047619047616,0.047619047619047616,True,unassessed
797,AtlasINS_L,6,mapped,1626.0,SR_MD,SR_mediodorsal_thalamus,78.81250000000003,1,1,21,21,0.047619047619047616,0.047619047619047616,True,unassessed
797,AtlasINS_L,6,mapped,1628.0,SR_IMD,SR_intermediodorsal_thalamus,11.781250000000005,24,1,21,21,0.047619047619047616,1.1428571428571428,True,unassessed
797,AtlasINS_L,6,mapped,1629.0,SR_PT-PV-sm,SR_paratenial-paraventral-thalamus,18.781250000000007,9,1,21,21,0.047619047619047616,0.42857142857142855,True,unassessed
797,AtlasINS_L,6,mapped,1630.0,SR_PVP,SR_paraventricular_posterior_thalamus,1.9218750000000009,1,1,21,21,0.047619047619047616,0.047619047619047616,True,unassessed
797,AtlasINS_L,6,mapped,1633.0,SR_CM,SR_central_medial_thalamus,12.453125000000005,1,1,21,21,0.047619047619047616,0.047619047619047616,True,unassessed
797,AtlasINS_L,6,mapped,1634.0,SR_Re-Rh-Xi,SR_Reuniens-rhomboid-xiphoid_thalamus,18.937500000000007,2,2,21,21,0.09523809523809523,0.09523809523809523,True,unassessed
797,AtlasINS_L,6,mapped,1679.0,SR_PAG,SR_periaqueductal_gray,49.48437500000002,4,1,21,21,0.047619047619047616,0.19047619047619047,True,unassessed
797,AtlasINS_L,6,mapped,1687.0,SR_PTg,SR_pedunculopontine_nucleus,16.546875000000007,2,1,21,21,0.047619047619047616,0.09523809523809523,True,unassessed
797,AtlasINS_L,6,mapped,1717.0,SR_scp,SR_superior_cerebellar_peduncle,24.48437500000001,1,1,21,21,0.047619047619047616,0.047619047619047616,True,unassessed
797,AtlasINS_L,6,zero_unassigned,0.0,,,,772,18,21,21,0.8571428571428571,36.76190476190476,True,unassessed
797,AtlasINS_R,1,mapped,1.0,CL_Frontal,CL_Frontal_Lobe,6154.890625000003,15,1,17,17,0.058823529411764705,0.8823529411764706,True,unassessed
797,AtlasINS_R,1,mapped,138.0,CL_Temporal,CL_Temporal_Lobe,4285.390625000002,44,1,17,17,0.058823529411764705,2.588235294117647,True,unassessed
797,AtlasINS_R,1,mapped,501.0,CR_Frontal,CR_Frontal_Lobe,6154.890625000003,3419,17,17,17,1.0,201.11764705882354,True,unassessed
797,AtlasINS_R,1,mapped,590.0,CR_Parietal,CR_Parietal_Lobe,3774.453125000002,14,2,17,17,0.11764705882352941,0.8235294117647058,True,unassessed
797,AtlasINS_R,1,mapped,638.0,CR_Temporal,CR_Temporal_Lobe,4285.390625000002,827,11,17,17,0.6470588235294118,48.64705882352941,True,unassessed
797,AtlasINS_R,1,mapped,1001.0,SL_tel,SL_telencephalon,3805.562500000002,37,1,17,17,0.058823529411764705,2.176470588235294,True,unassessed
797,AtlasINS_R,1,mapped,1082.0,SL_di,SL_diencephalon,1285.0937500000007,98,1,17,17,0.058823529411764705,5.764705882352941,True,unassessed
797,AtlasINS_R,1,mapped,1501.0,SR_tel,SR_telencephalon,3805.562500000002,726,9,17,17,0.5294117647058824,42.705882352941174,True,unassessed
797,AtlasINS_R,1,mapped,1582.0,SR_di,SR_diencephalon,1285.0937500000007,178,1,17,17,0.058823529411764705,10.470588235294118,True,unassessed
797,AtlasINS_R,1,zero_unassigned,0.0,,,,605,16,17,17,0.9411764705882353,35.588235294117645,True,unassessed
797,AtlasINS_R,2,mapped,16.0,CL_OFC,CL_orbital_frontal_cortex,1344.9218750000007,15,1,17,17,0.058823529411764705,0.8823529411764706,True,unassessed
797,AtlasINS_R,2,mapped,224.0,CL_floor_of_ls,CL_floor_of_the_lateral_sulcus,303.2968750000001,44,1,17,17,0.058823529411764705,2.588235294117647,True,unassessed
797,AtlasINS_R,2,mapped,516.0,CR_OFC,CR_orbital_frontal_cortex,1344.9218750000007,3225,17,17,17,1.0,189.7058823529412,True,unassessed
797,AtlasINS_R,2,mapped,577.0,CR_motor,CR_motor_cortex,2542.000000000001,194,3,17,17,0.17647058823529413,11.411764705882353,True,unassessed
797,AtlasINS_R,2,mapped,591.0,CR_SI/SII,CR_somatosensory_cortex,1186.0000000000005,14,2,17,17,0.11764705882352941,0.8235294117647058,True,unassessed
797,AtlasINS_R,2,mapped,639.0,CR_MTL,CR_medial_temporal_lobe,423.42187500000017,33,3,17,17,0.17647058823529413,1.9411764705882353,True,unassessed
797,AtlasINS_R,2,mapped,665.0,CR_TG,CR_temporal_pole,315.5156250000001,146,4,17,17,0.23529411764705882,8.588235294117647,True,unassessed
797,AtlasINS_R,2,mapped,724.0,CR_floor_of_ls,CR_floor_of_the_lateral_sulcus,303.2968750000001,648,10,17,17,0.5882352941176471,38.11764705882353,True,unassessed
797,AtlasINS_R,2,mapped,1050.0,SL_BG,SL_basal_ganglia,2261.015625000001,37,1,17,17,0.058823529411764705,2.176470588235294,True,unassessed
797,AtlasINS_R,2,mapped,1113.0,SL_Thal,SL_thalamus,970.0312500000005,98,1,17,17,0.058823529411764705,5.764705882352941,True,unassessed
797,AtlasINS_R,2,mapped,1502.0,SR_LVPal,SR_lateral_and_ventral_pallium,309.6718750000001,14,3,17,17,0.17647058823529413,0.8235294117647058,True,unassessed
797,AtlasINS_R,2,mapped,1510.0,SR_MPal,SR_medial_pallium,575.5000000000002,1,1,17,17,0.058823529411764705,0.058823529411764705,True,unassessed
797,AtlasINS_R,2,mapped,1524.0,SR_Amy,SR_amygdala,302.0000000000001,253,5,17,17,0.29411764705882354,14.882352941176471,True,unassessed
797,AtlasINS_R,2,mapped,1550.0,SR_BG,SR_basal_ganglia,2261.015625000001,457,8,17,17,0.47058823529411764,26.88235294117647,True,unassessed
797,AtlasINS_R,2,mapped,1569.0,SR_DSP,SR_diagonal_subpallium,182.70312500000009,1,1,17,17,0.058823529411764705,0.058823529411764705,True,unassessed
797,AtlasINS_R,2,mapped,1613.0,SR_Thal,SR_thalamus,970.0312500000005,178,1,17,17,0.058823529411764705,10.470588235294118,True,unassessed
797,AtlasINS_R,2,zero_unassigned,0.0,,,,605,16,17,17,0.9411764705882353,35.588235294117645,True,unassessed
797,AtlasINS_R,3,mapped,37.0,CL_caudal_OFC,CL_caudal_orbital_frontal_cortex,331.17187500000017,15,1,17,17,0.058823529411764705,0.8823529411764706,True,unassessed
797,AtlasINS_R,3,mapped,224.0,CL_floor_of_ls,CL_floor_of_the_lateral_sulcus,303.2968750000001,44,1,17,17,0.058823529411764705,2.588235294117647,True,unassessed
797,AtlasINS_R,3,mapped,525.0,CR_lat_OFC,CR_lateral_orbital_frontal_cortex,708.1406250000003,144,4,17,17,0.23529411764705882,8.470588235294118,True,unassessed
797,AtlasINS_R,3,mapped,537.0,CR_caudal_OFC,CR_caudal_orbital_frontal_cortex,331.17187500000017,3081,17,17,17,1.0,181.23529411764707,True,unassessed
797,AtlasINS_R,3,mapped,578.0,CR_M1/PM,CR_lateral_motor_cortex,2230.484375000001,194,3,17,17,0.17647058823529413,11.411764705882353,True,unassessed
797,AtlasINS_R,3,mapped,595.0,CR_SII,CR_secondary_somatosensory_cortex,285.3125000000001,14,2,17,17,0.11764705882352941,0.8235294117647058,True,unassessed
797,AtlasINS_R,3,mapped,653.0,CR_Rh,CR_rhinal_cortex,280.2343750000001,33,3,17,17,0.17647058823529413,1.9411764705882353,True,unassessed
797,AtlasINS_R,3,mapped,665.0,CR_TG,CR_temporal_pole,315.5156250000001,146,4,17,17,0.23529411764705882,8.588235294117647,True,unassessed
797,AtlasINS_R,3,mapped,724.0,CR_floor_of_ls,CR_floor_of_the_lateral_sulcus,303.2968750000001,648,10,17,17,0.5882352941176471,38.11764705882353,True,unassessed
797,AtlasINS_R,3,mapped,1051.0,SL_Str,SL_striatum,1922.421875000001,32,1,17,17,0.058823529411764705,1.8823529411764706,True,unassessed
797,AtlasINS_R,3,mapped,1062.0,SL_Pd,SL_pallidum,338.59375000000017,5,1,17,17,0.058823529411764705,0.29411764705882354,True,unassessed
797,AtlasINS_R,3,mapped,1115.0,SL_MThal,SL_medial_thalamus,208.23437500000009,10,1,17,17,0.058823529411764705,0.5882352941176471,True,unassessed
797,AtlasINS_R,3,mapped,1127.0,SL_MLThal,SL_midline_thalamus,71.21875000000003,88,1,17,17,0.058823529411764705,5.176470588235294,True,unassessed
797,AtlasINS_R,3,mapped,1503.0,SR_LPal,SR_lateral_pallium,255.1562500000001,5,2,17,17,0.11764705882352941,0.29411764705882354,True,unassessed
797,AtlasINS_R,3,mapped,1505.0,SR_VPal,SR_ventral_pallium,54.51562500000002,9,2,17,17,0.11764705882352941,0.5294117647058824,True,unassessed
797,AtlasINS_R,3,mapped,1511.0,SR_HF,SR_hippocampal_formation,532.0937500000002,1,1,17,17,0.058823529411764705,0.058823529411764705,True,unassessed
797,AtlasINS_R,3,mapped,1525.0,SR_pAmy,SR_pallial_amygdala,217.79687500000009,225,3,17,17,0.17647058823529413,13.235294117647058,True,unassessed
797,AtlasINS_R,3,mapped,1540.0,SR_spAmy,SR_subpallial_amygdala,84.20312500000004,28,3,17,17,0.17647058823529413,1.6470588235294117,True,unassessed
797,AtlasINS_R,3,mapped,1551.0,SR_Str,SR_striatum,1922.421875000001,445,8,17,17,0.47058823529411764,26.176470588235293,True,unassessed
797,AtlasINS_R,3,mapped,1562.0,SR_Pd,SR_pallidum,338.59375000000017,12,4,17,17,0.23529411764705882,0.7058823529411765,True,unassessed
797,AtlasINS_R,3,mapped,1569.0,SR_DSP,SR_diagonal_subpallium,182.70312500000009,1,1,17,17,0.058823529411764705,0.058823529411764705,True,unassessed
797,AtlasINS_R,3,mapped,1615.0,SR_MThal,SR_medial_thalamus,208.23437500000009,30,1,17,17,0.058823529411764705,1.7647058823529411,True,unassessed
797,AtlasINS_R,3,mapped,1627.0,SR_MLThal,SR_midline_thalamus,71.21875000000003,148,1,17,17,0.058823529411764705,8.705882352941176,True,unassessed
797,AtlasINS_R,3,zero_unassigned,0.0,,,,605,16,17,17,0.9411764705882353,35.588235294117645,True,unassessed
797,AtlasINS_R,4,key_level_conflict,545.0,CR_AON/TTv,CR_anterior_olfactory_cortex,,8,1,17,17,0.058823529411764705,0.47058823529411764,True,unassessed
797,AtlasINS_R,4,mapped,38.0,CL_OFa-p,CL_agranular_orbitofrontal_cortex,169.45312500000009,14,1,17,17,0.058823529411764705,0.8235294117647058,True,unassessed
797,AtlasINS_R,4,mapped,47.0,CL_cl_OFC,CL_caudolateral_orbitofrontal_cortex,136.07812500000006,1,1,17,17,0.058823529411764705,0.058823529411764705,True,unassessed
797,AtlasINS_R,4,mapped,225.0,CL_Ins/Pi,CL_insula_and_parainsula,288.1875000000001,44,1,17,17,0.058823529411764705,2.588235294117647,True,unassessed
797,AtlasINS_R,4,mapped,526.0,CR_areas_11/13,CR_areas_11_and_13,557.4062500000002,142,3,17,17,0.17647058823529413,8.352941176470589,True,unassessed
797,AtlasINS_R,4,mapped,534.0,CR_area_12m/o,CR_medial_and_orbital_area_12,150.73437500000006,2,2,17,17,0.11764705882352941,0.11764705882352941,True,unassessed
797,AtlasINS_R,4,mapped,538.0,CR_OFa-p,CR_agranular_orbitofrontal_cortex,169.45312500000009,2598,17,17,17,1.0,152.8235294117647,True,unassessed
797,AtlasINS_R,4,mapped,547.0,CR_cl_OFC,CR_caudolateral_orbitofrontal_cortex,136.07812500000006,475,13,17,17,0.7647058823529411,27.941176470588236,True,unassessed
797,AtlasINS_R,4,mapped,580.0,CR_PM,CR_premotor_cortex,1468.3593750000007,194,3,17,17,0.17647058823529413,11.411764705882353,True,unassessed
797,AtlasINS_R,4,mapped,595.0,CR_SII,CR_secondary_somatosensory_cortex,285.3125000000001,14,2,17,17,0.11764705882352941,0.8235294117647058,True,unassessed
797,AtlasINS_R,4,mapped,654.0,CR_ERh,CR_entorhinal_cortex,130.48437500000006,23,3,17,17,0.17647058823529413,1.3529411764705883,True,unassessed
797,AtlasINS_R,4,mapped,660.0,CR_PRh,CR_perirhinal_cortex,149.75000000000006,10,2,17,17,0.11764705882352941,0.5882352941176471,True,unassessed
797,AtlasINS_R,4,mapped,666.0,CR_TGa,CR_agranular_temporal_pole,76.29687500000003,12,3,17,17,0.17647058823529413,0.7058823529411765,True,unassessed
797,AtlasINS_R,4,mapped,667.0,CR_TGg/TGd,CR_granular_and_dysgranular_temporal_pole,239.2187500000001,134,4,17,17,0.23529411764705882,7.882352941176471,True,unassessed
797,AtlasINS_R,4,mapped,725.0,CR_Ins/Pi,CR_insula_and_parainsula,288.1875000000001,648,10,17,17,0.5882352941176471,38.11764705882353,True,unassessed
797,AtlasINS_R,4,mapped,1052.0,SL_DStr,SL_dorsal_striatum,1809.218750000001,32,1,17,17,0.058823529411764705,1.8823529411764706,True,unassessed
797,AtlasINS_R,4,mapped,1062.0,SL_Pd,SL_pallidum,338.59375000000017,5,1,17,17,0.058823529411764705,0.29411764705882354,True,unassessed
797,AtlasINS_R,4,mapped,1126.0,SL_MD,SL_mediodorsal_thalamus,78.81250000000003,10,1,17,17,0.058823529411764705,0.5882352941176471,True,unassessed
797,AtlasINS_R,4,mapped,1127.0,SL_MLThal,SL_midline_thalamus,71.21875000000003,88,1,17,17,0.058823529411764705,5.176470588235294,True,unassessed
797,AtlasINS_R,4,mapped,1504.0,SR_Cl,SR_claustrum,255.1562500000001,5,2,17,17,0.11764705882352941,0.29411764705882354,True,unassessed
797,AtlasINS_R,4,mapped,1506.0,SR_En,SR_endopiriform_claustrum,23.71875000000001,4,1,17,17,0.058823529411764705,0.23529411764705882,True,unassessed
797,AtlasINS_R,4,mapped,1509.0,SR_Pir,SR_piriform_cortex,30.796875000000014,5,2,17,17,0.11764705882352941,0.29411764705882354,True,unassessed
797,AtlasINS_R,4,mapped,1512.0,SR_HFA,SR_hippocampal_formation_anterior,353.15625000000017,1,1,17,17,0.058823529411764705,0.058823529411764705,True,unassessed
797,AtlasINS_R,4,mapped,1526.0,SR_vpAmy,SR_ventropallial_amygdala,87.81250000000004,21,1,17,17,0.058823529411764705,1.2352941176470589,True,unassessed
797,AtlasINS_R,4,mapped,1530.0,SR_lpAmy,SR_lateropallial_amygdala,129.98437500000006,204,3,17,17,0.17647058823529413,12.0,True,unassessed
797,AtlasINS_R,4,mapped,1541.0,SR_stAmy,SR_striatal_amygdala,13.843750000000005,12,1,17,17,0.058823529411764705,0.7058823529411765,True,unassessed
797,AtlasINS_R,4,mapped,1543.0,SR_mAmy,SR_medial_amygdala,40.71875000000002,4,1,17,17,0.058823529411764705,0.23529411764705882,True,unassessed
797,AtlasINS_R,4,mapped,1546.0,SR_pdAmy,SR_pallidal_amygdala,29.640625000000014,12,3,17,17,0.17647058823529413,0.7058823529411765,True,unassessed
797,AtlasINS_R,4,mapped,1552.0,SR_DStr,SR_dorsal_striatum,1809.218750000001,425,8,17,17,0.47058823529411764,25.0,True,unassessed
797,AtlasINS_R,4,mapped,1559.0,SR_VStr,SR_ventral_striatum,113.20312500000006,20,3,17,17,0.17647058823529413,1.1764705882352942,True,unassessed
797,AtlasINS_R,4,mapped,1562.0,SR_Pd,SR_pallidum,338.59375000000017,12,4,17,17,0.23529411764705882,0.7058823529411765,True,unassessed
797,AtlasINS_R,4,mapped,1570.0,SR_BR,SR_basal_nucleus_region,38.000000000000014,1,1,17,17,0.058823529411764705,0.058823529411764705,True,unassessed
797,AtlasINS_R,4,mapped,1619.0,SR_ILThal,SR_intralaminar_thalamus,106.54687500000004,4,1,17,17,0.058823529411764705,0.23529411764705882,True,unassessed
797,AtlasINS_R,4,mapped,1626.0,SR_MD,SR_mediodorsal_thalamus,78.81250000000003,26,1,17,17,0.058823529411764705,1.5294117647058822,True,unassessed
797,AtlasINS_R,4,mapped,1627.0,SR_MLThal,SR_midline_thalamus,71.21875000000003,148,1,17,17,0.058823529411764705,8.705882352941176,True,unassessed
797,AtlasINS_R,4,zero_unassigned,0.0,,,,605,16,17,17,0.9411764705882353,35.588235294117645,True,unassessed
797,AtlasINS_R,5,key_level_conflict,545.0,CR_AON/TTv,CR_anterior_olfactory_cortex,,8,1,17,17,0.058823529411764705,0.47058823529411764,True,unassessed
797,AtlasINS_R,5,mapped,40.0,CL_lat_Ia,CL_lateral_agranular_insular_region,145.28125000000006,14,1,17,17,0.058823529411764705,0.8235294117647058,True,unassessed
797,AtlasINS_R,5,mapped,49.0,CL_PrCO,CL_precentral_operular_area,95.95312500000004,1,1,17,17,0.058823529411764705,0.058823529411764705,True,unassessed
797,AtlasINS_R,5,mapped,226.0,CL_Pi,CL_parainsula,27.28125000000001,12,1,17,17,0.058823529411764705,0.7058823529411765,True,unassessed
797,AtlasINS_R,5,mapped,227.0,CL_Ins,CL_insula,260.9062500000001,32,1,17,17,0.058823529411764705,1.8823529411764706,True,unassessed
797,AtlasINS_R,5,mapped,530.0,CR_area_13,CR_area_13,419.17187500000017,142,3,17,17,0.17647058823529413,8.352941176470589,True,unassessed
797,AtlasINS_R,5,mapped,534.0,CR_area_12m/o,CR_medial_and_orbital_area_12,150.73437500000006,2,2,17,17,0.11764705882352941,0.11764705882352941,True,unassessed
797,AtlasINS_R,5,mapped,539.0,CR_Iam/Iapm,CR_medial_agranular_insular_region,24.17187500000001,48,2,17,17,0.11764705882352941,2.823529411764706,True,unassessed
797,AtlasINS_R,5,mapped,540.0,CR_lat_Ia,CR_lateral_agranular_insular_region,145.28125000000006,2550,17,17,17,1.0,150.0,True,unassessed
797,AtlasINS_R,5,mapped,548.0,CR_G,CR_gustatory_cortex,40.12500000000002,48,6,17,17,0.35294117647058826,2.823529411764706,True,unassessed
797,AtlasINS_R,5,mapped,549.0,CR_PrCO,CR_precentral_operular_area,95.95312500000004,427,10,17,17,0.5882352941176471,25.11764705882353,True,unassessed
797,AtlasINS_R,5,mapped,584.0,CR_PMv,CR_ventral_premotor_cortex,700.6093750000003,194,3,17,17,0.17647058823529413,11.411764705882353,True,unassessed
797,AtlasINS_R,5,mapped,595.0,CR_SII,CR_secondary_somatosensory_cortex,285.3125000000001,14,2,17,17,0.11764705882352941,0.8235294117647058,True,unassessed
797,AtlasINS_R,5,mapped,659.0,CR_rostral_ERh,CR_rostral_entorhinal_cortex,47.82812500000002,23,3,17,17,0.17647058823529413,1.3529411764705883,True,unassessed
797,AtlasINS_R,5,mapped,661.0,CR_area_35,CR_area_35,34.593750000000014,10,2,17,17,0.11764705882352941,0.5882352941176471,True,unassessed
797,AtlasINS_R,5,mapped,666.0,CR_TGa,CR_agranular_temporal_pole,76.29687500000003,12,3,17,17,0.17647058823529413,0.7058823529411765,True,unassessed
797,AtlasINS_R,5,mapped,668.0,CR_TGd,CR_dysgranular_temporal_pole,91.85937500000004,108,4,17,17,0.23529411764705882,6.352941176470588,True,unassessed
797,AtlasINS_R,5,mapped,671.0,CR_TGg,CR_granular_temporal_pole,147.35937500000006,26,3,17,17,0.17647058823529413,1.5294117647058822,True,unassessed
797,AtlasINS_R,5,mapped,726.0,CR_Pi,CR_parainsula,27.28125000000001,6,2,17,17,0.11764705882352941,0.35294117647058826,True,unassessed
797,AtlasINS_R,5,mapped,727.0,CR_Ins,CR_insula,260.9062500000001,642,10,17,17,0.5882352941176471,37.76470588235294,True,unassessed
797,AtlasINS_R,5,mapped,1056.0,SL_Pu,SL_putamen,895.1093750000003,32,1,17,17,0.058823529411764705,1.8823529411764706,True,unassessed
797,AtlasINS_R,5,mapped,1063.0,SL_GP,SL_globus_pallidus,239.7656250000001,1,1,17,17,0.058823529411764705,0.058823529411764705,True,unassessed
797,AtlasINS_R,5,mapped,1067.0,SL_ac,SL_anterior_commissure,77.82812500000003,4,1,17,17,0.058823529411764705,0.23529411764705882,True,unassessed
797,AtlasINS_R,5,mapped,1126.0,SL_MD,SL_mediodorsal_thalamus,78.81250000000003,10,1,17,17,0.058823529411764705,0.5882352941176471,True,unassessed
797,AtlasINS_R,5,mapped,1128.0,SL_IMD,SL_intermediodorsal_thalamus,11.781250000000005,58,1,17,17,0.058823529411764705,3.411764705882353,True,unassessed
797,AtlasINS_R,5,mapped,1129.0,SL_PT-PV-sm,SL_paratenial-paraventral-thalamus,18.781250000000007,13,1,17,17,0.058823529411764705,0.7647058823529411,True,unassessed
797,AtlasINS_R,5,mapped,1133.0,SL_CM,SL_central_medial_thalamus,12.453125000000005,17,1,17,17,0.058823529411764705,1.0,True,unassessed
797,AtlasINS_R,5,mapped,1504.0,SR_Cl,SR_claustrum,255.1562500000001,5,2,17,17,0.11764705882352941,0.29411764705882354,True,unassessed
797,AtlasINS_R,5,mapped,1508.0,SR_VEn,SR_ventral_endopiriform_claustrum,9.515625000000004,4,1,17,17,0.058823529411764705,0.23529411764705882,True,unassessed
797,AtlasINS_R,5,mapped,1509.0,SR_Pir,SR_piriform_cortex,30.796875000000014,5,2,17,17,0.11764705882352941,0.29411764705882354,True,unassessed
797,AtlasINS_R,5,mapped,1513.0,SR_HiA,SR_hippocampus_anterior,271.8750000000001,1,1,17,17,0.058823529411764705,0.058823529411764705,True,unassessed
797,AtlasINS_R,5,mapped,1527.0,SR_BM,SR_basomedial_amygdaloid_nucleus,47.84375000000002,15,1,17,17,0.058823529411764705,0.8823529411764706,True,unassessed
797,AtlasINS_R,5,mapped,1528.0,SR_VCo,SR_ventral_cortical_amygdaloid_nucleus,22.76562500000001,3,1,17,17,0.058823529411764705,0.17647058823529413,True,unassessed
797,AtlasINS_R,5,mapped,1529.0,SR_AHi,SR_amygdalohippocampal_area,17.203125000000007,3,1,17,17,0.058823529411764705,0.17647058823529413,True,unassessed
797,AtlasINS_R,5,mapped,1531.0,SR_La,SR_lateral_amygdaloid_nucleus,40.82812500000002,40,3,17,17,0.17647058823529413,2.3529411764705883,True,unassessed
797,AtlasINS_R,5,mapped,1534.0,SR_APir,SR_amygdalopiriform_transition_area,27.85937500000001,67,1,17,17,0.058823529411764705,3.9411764705882355,True,unassessed
797,AtlasINS_R,5,mapped,1535.0,SR_BL,SR_basolateral_amygdaloid_nucleus,47.54687500000002,62,2,17,17,0.11764705882352941,3.6470588235294117,True,unassessed
797,AtlasINS_R,5,mapped,1539.0,SR_PaL,SR_paralaminar_amygdaloid_nucleus,13.750000000000005,35,1,17,17,0.058823529411764705,2.0588235294117645,True,unassessed
797,AtlasINS_R,5,mapped,1542.0,SR_Ce,SR_central_amygdaloid_nucleus,13.843750000000005,12,1,17,17,0.058823529411764705,0.7058823529411765,True,unassessed
797,AtlasINS_R,5,mapped,1544.0,SR_Me,SR_medial_amygdaloid_nucleus,16.984375000000007,2,1,17,17,0.058823529411764705,0.11764705882352941,True,unassessed
797,AtlasINS_R,5,mapped,1545.0,SR_AA,SR_anterior_amygdaloid_area,23.73437500000001,2,1,17,17,0.058823529411764705,0.11764705882352941,True,unassessed
797,AtlasINS_R,5,mapped,1548.0,SR_IPAC,SR_posterior_interstitial_nucleus,4.906250000000002,4,3,17,17,0.17647058823529413,0.23529411764705882,True,unassessed
797,AtlasINS_R,5,mapped,1549.0,SR_STIA,SR_intraamygdaloid_stria_terminalis,15.593750000000007,8,1,17,17,0.058823529411764705,0.47058823529411764,True,unassessed
797,AtlasINS_R,5,mapped,1553.0,SR_Cd,SR_caudate,649.5625000000003,25,1,17,17,0.058823529411764705,1.4705882352941178,True,unassessed
797,AtlasINS_R,5,mapped,1556.0,SR_Pu,SR_putamen,895.1093750000003,380,7,17,17,0.4117647058823529,22.352941176470587,True,unassessed
797,AtlasINS_R,5,mapped,1557.0,SR_ASt,SR_amygdalostriatal_transition,33.812500000000014,19,2,17,17,0.11764705882352941,1.1176470588235294,True,unassessed
797,AtlasINS_R,5,mapped,1558.0,SR_ic,SR_internal_capsule,230.7343750000001,1,1,17,17,0.058823529411764705,0.058823529411764705,True,unassessed
797,AtlasINS_R,5,mapped,1560.0,SR_Acb,SR_accumbens,94.96875000000004,20,3,17,17,0.17647058823529413,1.1764705882352942,True,unassessed
797,AtlasINS_R,5,mapped,1567.0,SR_ac,SR_anterior_commissure,77.82812500000003,12,4,17,17,0.23529411764705882,0.7058823529411765,True,unassessed
797,AtlasINS_R,5,mapped,1570.0,SR_BR,SR_basal_nucleus_region,38.000000000000014,1,1,17,17,0.058823529411764705,0.058823529411764705,True,unassessed
797,AtlasINS_R,5,mapped,1620.0,SR_CL-PC,SR_centrolateral_and_paracentral_thalamus,36.468750000000014,1,1,17,17,0.058823529411764705,0.058823529411764705,True,unassessed
797,AtlasINS_R,5,mapped,1621.0,SR_CMn-PF,SR_centromedial-parafascicular_thalamus,50.56250000000002,3,1,17,17,0.058823529411764705,0.17647058823529413,True,unassessed
797,AtlasINS_R,5,mapped,1626.0,SR_MD,SR_mediodorsal_thalamus,78.81250000000003,26,1,17,17,0.058823529411764705,1.5294117647058822,True,unassessed
797,AtlasINS_R,5,mapped,1628.0,SR_IMD,SR_intermediodorsal_thalamus,11.781250000000005,132,1,17,17,0.058823529411764705,7.764705882352941,True,unassessed
797,AtlasINS_R,5,mapped,1629.0,SR_PT-PV-sm,SR_paratenial-paraventral-thalamus,18.781250000000007,1,1,17,17,0.058823529411764705,0.058823529411764705,True,unassessed
797,AtlasINS_R,5,mapped,1633.0,SR_CM,SR_central_medial_thalamus,12.453125000000005,15,1,17,17,0.058823529411764705,0.8823529411764706,True,unassessed
797,AtlasINS_R,5,zero_unassigned,0.0,,,,605,16,17,17,0.9411764705882353,35.588235294117645,True,unassessed
797,AtlasINS_R,6,mapped,42.0,CL_Ial,CL_lateral_agranular_insula_area,47.98437500000002,8,1,17,17,0.058823529411764705,0.47058823529411764,True,unassessed
797,AtlasINS_R,6,mapped,43.0,CL_Iapl,CL_posterior_lateral_agranular_insula_area,15.812500000000007,6,1,17,17,0.058823529411764705,0.35294117647058826,True,unassessed
797,AtlasINS_R,6,mapped,49.0,CL_PrCO,CL_precentral_operular_area,95.95312500000004,1,1,17,17,0.058823529411764705,0.058823529411764705,True,unassessed
797,AtlasINS_R,6,mapped,226.0,CL_Pi,CL_parainsula,27.28125000000001,12,1,17,17,0.058823529411764705,0.7058823529411765,True,unassessed
797,AtlasINS_R,6,mapped,228.0,CL_Ia/Id,CL_agranular_and_dysgranular_insula,164.56250000000009,32,1,17,17,0.058823529411764705,1.8823529411764706,True,unassessed
797,AtlasINS_R,6,mapped,532.0,CR_area_13m,CR_medial_area_13,174.45312500000009,141,3,17,17,0.17647058823529413,8.294117647058824,True,unassessed
797,AtlasINS_R,6,mapped,533.0,CR_area_13l,CR_lateral_area_13,120.60937500000006,1,1,17,17,0.058823529411764705,0.058823529411764705,True,unassessed
797,AtlasINS_R,6,mapped,536.0,CR_area_12o,CR_orbital_area_12,68.65625000000003,2,2,17,17,0.11764705882352941,0.11764705882352941,True,unassessed
797,AtlasINS_R,6,mapped,539.0,CR_Iam/Iapm,CR_medial_agranular_insular_region,24.17187500000001,48,2,17,17,0.11764705882352941,2.823529411764706,True,unassessed
797,AtlasINS_R,6,mapped,541.0,CR_Iai,CR_intermediate_agranular_insula_area,81.48437500000004,186,15,17,17,0.8823529411764706,10.941176470588236,True,unassessed
797,AtlasINS_R,6,mapped,542.0,CR_Ial,CR_lateral_agranular_insula_area,47.98437500000002,2210,17,17,17,1.0,130.0,True,unassessed
797,AtlasINS_R,6,mapped,543.0,CR_Iapl,CR_posterior_lateral_agranular_insula_area,15.812500000000007,154,11,17,17,0.6470588235294118,9.058823529411764,True,unassessed
797,AtlasINS_R,6,mapped,545.0,CR_AON/TTv,CR_anterior_olfactory_cortex,25.64062500000001,8,1,17,17,0.058823529411764705,0.47058823529411764,True,unassessed
797,AtlasINS_R,6,mapped,548.0,CR_G,CR_gustatory_cortex,40.12500000000002,48,6,17,17,0.35294117647058826,2.823529411764706,True,unassessed
797,AtlasINS_R,6,mapped,549.0,CR_PrCO,CR_precentral_operular_area,95.95312500000004,427,10,17,17,0.5882352941176471,25.11764705882353,True,unassessed
797,AtlasINS_R,6,mapped,585.0,CR_F4,CR_area_F4_of_ventral_premotor_cortex,266.5937500000001,10,2,17,17,0.11764705882352941,0.5882352941176471,True,unassessed
797,AtlasINS_R,6,mapped,586.0,CR_F5,CR_area_F5_of_ventral_premotor_cortex,434.01562500000017,184,3,17,17,0.17647058823529413,10.823529411764707,True,unassessed
797,AtlasINS_R,6,mapped,595.0,CR_SII,CR_secondary_somatosensory_cortex,285.3125000000001,14,2,17,17,0.11764705882352941,0.8235294117647058,True,unassessed
797,AtlasINS_R,6,mapped,659.0,CR_rostral_ERh,CR_rostral_entorhinal_cortex,47.82812500000002,23,3,17,17,0.17647058823529413,1.3529411764705883,True,unassessed
797,AtlasINS_R,6,mapped,661.0,CR_area_35,CR_area_35,34.593750000000014,10,2,17,17,0.11764705882352941,0.5882352941176471,True,unassessed
797,AtlasINS_R,6,mapped,666.0,CR_TGa,CR_agranular_temporal_pole,76.29687500000003,12,3,17,17,0.17647058823529413,0.7058823529411765,True,unassessed
797,AtlasINS_R,6,mapped,670.0,CR_TGvd,CR_ventral_dysgranular_temporal_pole,21.12500000000001,108,4,17,17,0.23529411764705882,6.352941176470588,True,unassessed
797,AtlasINS_R,6,mapped,673.0,CR_TGvg,CR_ventral_granular_temporal_pole,16.859375000000007,12,2,17,17,0.11764705882352941,0.7058823529411765,True,unassessed
797,AtlasINS_R,6,mapped,674.0,CR_TGsts,CR_sts_part_of_temporal_pole,78.28125000000003,14,2,17,17,0.11764705882352941,0.8235294117647058,True,unassessed
797,AtlasINS_R,6,mapped,726.0,CR_Pi,CR_parainsula,27.28125000000001,6,2,17,17,0.11764705882352941,0.35294117647058826,True,unassessed
797,AtlasINS_R,6,mapped,728.0,CR_Ia/Id,CR_agranular_and_dysgranular_insula,164.56250000000009,642,10,17,17,0.5882352941176471,37.76470588235294,True,unassessed
797,AtlasINS_R,6,mapped,1056.0,SL_Pu,SL_putamen,895.1093750000003,32,1,17,17,0.058823529411764705,1.8823529411764706,True,unassessed
797,AtlasINS_R,6,mapped,1064.0,SL_EGP,SL_external_globus_pallidus,150.71875000000006,1,1,17,17,0.058823529411764705,0.058823529411764705,True,unassessed
797,AtlasINS_R,6,mapped,1067.0,SL_ac,SL_anterior_commissure,77.82812500000003,4,1,17,17,0.058823529411764705,0.23529411764705882,True,unassessed
797,AtlasINS_R,6,mapped,1126.0,SL_MD,SL_mediodorsal_thalamus,78.81250000000003,10,1,17,17,0.058823529411764705,0.5882352941176471,True,unassessed
797,AtlasINS_R,6,mapped,1128.0,SL_IMD,SL_intermediodorsal_thalamus,11.781250000000005,58,1,17,17,0.058823529411764705,3.411764705882353,True,unassessed
797,AtlasINS_R,6,mapped,1129.0,SL_PT-PV-sm,SL_paratenial-paraventral-thalamus,18.781250000000007,13,1,17,17,0.058823529411764705,0.7647058823529411,True,unassessed
797,AtlasINS_R,6,mapped,1133.0,SL_CM,SL_central_medial_thalamus,12.453125000000005,17,1,17,17,0.058823529411764705,1.0,True,unassessed
797,AtlasINS_R,6,mapped,1504.0,SR_Cl,SR_claustrum,255.1562500000001,5,2,17,17,0.11764705882352941,0.29411764705882354,True,unassessed
797,AtlasINS_R,6,mapped,1508.0,SR_VEn,SR_ventral_endopiriform_claustrum,9.515625000000004,4,1,17,17,0.058823529411764705,0.23529411764705882,True,unassessed
797,AtlasINS_R,6,mapped,1509.0,SR_Pir,SR_piriform_cortex,30.796875000000014,5,2,17,17,0.11764705882352941,0.29411764705882354,True,unassessed
797,AtlasINS_R,6,mapped,1515.0,SR_CAA,SR_CA1_3_anterior,180.68750000000009,1,1,17,17,0.058823529411764705,0.058823529411764705,True,unassessed
797,AtlasINS_R,6,mapped,1527.0,SR_BM,SR_basomedial_amygdaloid_nucleus,47.84375000000002,15,1,17,17,0.058823529411764705,0.8823529411764706,True,unassessed
797,AtlasINS_R,6,mapped,1528.0,SR_VCo,SR_ventral_cortical_amygdaloid_nucleus,22.76562500000001,3,1,17,17,0.058823529411764705,0.17647058823529413,True,unassessed
797,AtlasINS_R,6,mapped,1529.0,SR_AHi,SR_amygdalohippocampal_area,17.203125000000007,3,1,17,17,0.058823529411764705,0.17647058823529413,True,unassessed
797,AtlasINS_R,6,mapped,1532.0,SR_LaD,SR_lateral_dorsal_amygdaloid_nucleus,22.29687500000001,27,3,17,17,0.17647058823529413,1.588235294117647,True,unassessed
797,AtlasINS_R,6,mapped,1533.0,SR_LaV,SR_lateral_ventral_amygdaloid_nucleus,18.531250000000007,13,2,17,17,0.11764705882352941,0.7647058823529411,True,unassessed
797,AtlasINS_R,6,mapped,1534.0,SR_APir,SR_amygdalopiriform_transition_area,27.85937500000001,67,1,17,17,0.058823529411764705,3.9411764705882355,True,unassessed
797,AtlasINS_R,6,mapped,1536.0,SR_BLD,SR_basolateral_dorsal_amygdaloid_nucleus,14.546875000000007,42,1,17,17,0.058823529411764705,2.4705882352941178,True,unassessed
797,AtlasINS_R,6,mapped,1537.0,SR_BLI,SR_basolateral_intermediate_amygdaloid_nucleus,13.343750000000005,2,1,17,17,0.058823529411764705,0.11764705882352941,True,unassessed
797,AtlasINS_R,6,mapped,1538.0,SR_BLV,SR_basolateral_ventral_amygdaloid_nucleus,19.656250000000007,18,1,17,17,0.058823529411764705,1.0588235294117647,True,unassessed
797,AtlasINS_R,6,mapped,1539.0,SR_PaL,SR_paralaminar_amygdaloid_nucleus,13.750000000000005,35,1,17,17,0.058823529411764705,2.0588235294117645,True,unassessed
797,AtlasINS_R,6,mapped,1542.0,SR_Ce,SR_central_amygdaloid_nucleus,13.843750000000005,12,1,17,17,0.058823529411764705,0.7058823529411765,True,unassessed
797,AtlasINS_R,6,mapped,1544.0,SR_Me,SR_medial_amygdaloid_nucleus,16.984375000000007,2,1,17,17,0.058823529411764705,0.11764705882352941,True,unassessed
797,AtlasINS_R,6,mapped,1545.0,SR_AA,SR_anterior_amygdaloid_area,23.73437500000001,2,1,17,17,0.058823529411764705,0.11764705882352941,True,unassessed
797,AtlasINS_R,6,mapped,1548.0,SR_IPAC,SR_posterior_interstitial_nucleus,4.906250000000002,4,3,17,17,0.17647058823529413,0.23529411764705882,True,unassessed
797,AtlasINS_R,6,mapped,1549.0,SR_STIA,SR_intraamygdaloid_stria_terminalis,15.593750000000007,8,1,17,17,0.058823529411764705,0.47058823529411764,True,unassessed
797,AtlasINS_R,6,mapped,1555.0,SR_CdT,SR_caudate_tail,83.04687500000004,25,1,17,17,0.058823529411764705,1.4705882352941178,True,unassessed
797,AtlasINS_R,6,mapped,1556.0,SR_Pu,SR_putamen,895.1093750000003,380,7,17,17,0.4117647058823529,22.352941176470587,True,unassessed
797,AtlasINS_R,6,mapped,1557.0,SR_ASt,SR_amygdalostriatal_transition,33.812500000000014,19,2,17,17,0.11764705882352941,1.1176470588235294,True,unassessed
797,AtlasINS_R,6,mapped,1558.0,SR_ic,SR_internal_capsule,230.7343750000001,1,1,17,17,0.058823529411764705,0.058823529411764705,True,unassessed
797,AtlasINS_R,6,mapped,1560.0,SR_Acb,SR_accumbens,94.96875000000004,20,3,17,17,0.17647058823529413,1.1764705882352942,True,unassessed
797,AtlasINS_R,6,mapped,1567.0,SR_ac,SR_anterior_commissure,77.82812500000003,12,4,17,17,0.23529411764705882,0.7058823529411765,True,unassessed
797,AtlasINS_R,6,mapped,1571.0,SR_PeB,SR_peri-basal_region,12.453125000000005,1,1,17,17,0.058823529411764705,0.058823529411764705,True,unassessed
797,AtlasINS_R,6,mapped,1620.0,SR_CL-PC,SR_centrolateral_and_paracentral_thalamus,36.468750000000014,1,1,17,17,0.058823529411764705,0.058823529411764705,True,unassessed
797,AtlasINS_R,6,mapped,1621.0,SR_CMn-PF,SR_centromedial-parafascicular_thalamus,50.56250000000002,3,1,17,17,0.058823529411764705,0.17647058823529413,True,unassessed
797,AtlasINS_R,6,mapped,1626.0,SR_MD,SR_mediodorsal_thalamus,78.81250000000003,26,1,17,17,0.058823529411764705,1.5294117647058822,True,unassessed
797,AtlasINS_R,6,mapped,1628.0,SR_IMD,SR_intermediodorsal_thalamus,11.781250000000005,132,1,17,17,0.058823529411764705,7.764705882352941,True,unassessed
797,AtlasINS_R,6,mapped,1629.0,SR_PT-PV-sm,SR_paratenial-paraventral-thalamus,18.781250000000007,1,1,17,17,0.058823529411764705,0.058823529411764705,True,unassessed
797,AtlasINS_R,6,mapped,1633.0,SR_CM,SR_central_medial_thalamus,12.453125000000005,15,1,17,17,0.058823529411764705,0.8823529411764706,True,unassessed
797,AtlasINS_R,6,zero_unassigned,0.0,,,,605,16,17,17,0.9411764705882353,35.588235294117645,True,unassessed
797,Candidate_L,1,mapped,1.0,CL_Frontal,CL_Frontal_Lobe,6154.890625000003,283,2,3,3,0.6666666666666666,94.33333333333333,True,unassessed
797,Candidate_L,1,mapped,1001.0,SL_tel,SL_telencephalon,3805.562500000002,67,1,3,3,0.3333333333333333,22.333333333333332,True,unassessed
797,Candidate_L,1,mapped,1082.0,SL_di,SL_diencephalon,1285.0937500000007,1,1,3,3,0.3333333333333333,0.3333333333333333,True,unassessed
797,Candidate_L,1,zero_unassigned,0.0,,,,61,2,3,3,0.6666666666666666,20.333333333333332,True,unassessed
797,Candidate_L,2,mapped,2.0,CL_ACgG,CL_anterior_cingulate_gyrus,602.7656250000002,76,1,3,3,0.3333333333333333,25.333333333333332,True,unassessed
797,Candidate_L,2,mapped,16.0,CL_OFC,CL_orbital_frontal_cortex,1344.9218750000007,71,2,3,3,0.6666666666666666,23.666666666666668,True,unassessed
797,Candidate_L,2,mapped,50.0,CL_lat_PFC,CL_lateral_prefrontal_cortex,1665.2031250000007,82,1,3,3,0.3333333333333333,27.333333333333332,True,unassessed
797,Candidate_L,2,mapped,77.0,CL_motor,CL_motor_cortex,2542.000000000001,54,1,3,3,0.3333333333333333,18.0,True,unassessed
797,Candidate_L,2,mapped,1002.0,SL_LVPal,SL_lateral_and_ventral_pallium,309.6718750000001,67,1,3,3,0.3333333333333333,22.333333333333332,True,unassessed
797,Candidate_L,2,mapped,1113.0,SL_Thal,SL_thalamus,970.0312500000005,1,1,3,3,0.3333333333333333,0.3333333333333333,True,unassessed
797,Candidate_L,2,zero_unassigned,0.0,,,,61,2,3,3,0.6666666666666666,20.333333333333332,True,unassessed
797,Candidate_L,3,mapped,3.0,CL_ACC,CL_anterior_cingulate_cortex,414.39062500000017,73,1,3,3,0.3333333333333333,24.333333333333332,True,unassessed
797,Candidate_L,3,mapped,11.0,CL_MCC,CL_midcingulate_cortex,188.37500000000009,3,1,3,3,0.3333333333333333,1.0,True,unassessed
797,Candidate_L,3,mapped,17.0,CL_med_OFC,CL_medial_orbital_frontal_cortex,305.6093750000001,14,1,3,3,0.3333333333333333,4.666666666666667,True,unassessed
797,Candidate_L,3,mapped,25.0,CL_lat_OFC,CL_lateral_orbital_frontal_cortex,708.1406250000003,15,2,3,3,0.6666666666666666,5.0,True,unassessed
797,Candidate_L,3,mapped,37.0,CL_caudal_OFC,CL_caudal_orbital_frontal_cortex,331.17187500000017,42,2,3,3,0.6666666666666666,14.0,True,unassessed
797,Candidate_L,3,mapped,54.0,CL_dlPFC,CL_dorsolateral_prefrontal_cortex,878.7187500000003,82,1,3,3,0.3333333333333333,27.333333333333332,True,unassessed
797,Candidate_L,3,mapped,78.0,CL_M1/PM,CL_lateral_motor_cortex,2230.484375000001,11,1,3,3,0.3333333333333333,3.6666666666666665,True,unassessed
797,Candidate_L,3,mapped,87.0,CL_SMA/preSMA,CL_medial_supplementary_motor_areas,311.5156250000001,43,1,3,3,0.3333333333333333,14.333333333333334,True,unassessed
797,Candidate_L,3,mapped,1003.0,SL_LPal,SL_lateral_pallium,255.1562500000001,67,1,3,3,0.3333333333333333,22.333333333333332,True,unassessed
797,Candidate_L,3,mapped,1114.0,SL_Rt,SL_reticular_thalamus,68.90625000000003,1,1,3,3,0.3333333333333333,0.3333333333333333,True,unassessed
797,Candidate_L,3,zero_unassigned,0.0,,,,61,2,3,3,0.6666666666666666,20.333333333333332,True,unassessed
797,Candidate_L,4,mapped,4.0,CL_area_32,CL_area_32,91.60937500000004,34,1,3,3,0.3333333333333333,11.333333333333334,True,unassessed
797,Candidate_L,4,mapped,5.0,CL_area_25,CL_subgenual_cortex,32.890625000000014,1,1,3,3,0.3333333333333333,0.3333333333333333,True,unassessed
797,Candidate_L,4,mapped,6.0,CL_area_24,CL_area_24,289.8906250000001,38,1,3,3,0.3333333333333333,12.666666666666666,True,unassessed
797,Candidate_L,4,mapped,11.0,CL_MCC,CL_midcingulate_cortex,188.37500000000009,3,1,3,3,0.3333333333333333,1.0,True,unassessed
797,Candidate_L,4,mapped,18.0,CL_area_10,CL_frontal_pole,235.2968750000001,14,1,3,3,0.3333333333333333,4.666666666666667,True,unassessed
797,Candidate_L,4,mapped,26.0,CL_areas_11/13,CL_areas_11_and_13,557.4062500000002,2,1,3,3,0.3333333333333333,0.6666666666666666,True,unassessed
797,Candidate_L,4,mapped,34.0,CL_area_12m/o,CL_medial_and_orbital_area_12,150.73437500000006,13,1,3,3,0.3333333333333333,4.333333333333333,True,unassessed
797,Candidate_L,4,mapped,38.0,CL_OFa-p,CL_agranular_orbitofrontal_cortex,169.45312500000009,38,1,3,3,0.3333333333333333,12.666666666666666,True,unassessed
797,Candidate_L,4,mapped,47.0,CL_cl_OFC,CL_caudolateral_orbitofrontal_cortex,136.07812500000006,4,1,3,3,0.3333333333333333,1.3333333333333333,True,unassessed
797,Candidate_L,4,mapped,55.0,CL_area_8B,CL_area_8B,284.1562500000001,31,1,3,3,0.3333333333333333,10.333333333333334,True,unassessed
797,Candidate_L,4,mapped,59.0,CL_rostral_dlPFC,CL_rostral_dorsolateral_prefrontal_cortex,594.5625000000002,51,1,3,3,0.3333333333333333,17.0,True,unassessed
797,Candidate_L,4,mapped,80.0,CL_PM,CL_premotor_cortex,1468.3593750000007,11,1,3,3,0.3333333333333333,3.6666666666666665,True,unassessed
797,Candidate_L,4,mapped,87.0,CL_SMA/preSMA,CL_medial_supplementary_motor_areas,311.5156250000001,43,1,3,3,0.3333333333333333,14.333333333333334,True,unassessed
797,Candidate_L,4,mapped,1004.0,SL_Cl,SL_claustrum,255.1562500000001,67,1,3,3,0.3333333333333333,22.333333333333332,True,unassessed
797,Candidate_L,4,mapped,1114.0,SL_Rt,SL_reticular_thalamus,68.90625000000003,1,1,3,3,0.3333333333333333,0.3333333333333333,True,unassessed
797,Candidate_L,4,zero_unassigned,0.0,,,,61,2,3,3,0.6666666666666666,20.333333333333332,True,unassessed
797,Candidate_L,5,mapped,4.0,CL_area_32,CL_area_32,91.60937500000004,34,1,3,3,0.3333333333333333,11.333333333333334,True,unassessed
797,Candidate_L,5,mapped,5.0,CL_area_25,CL_subgenual_cortex,32.890625000000014,1,1,3,3,0.3333333333333333,0.3333333333333333,True,unassessed
797,Candidate_L,5,mapped,7.0,CL_area_24a/b,CL_areas_24a_and_24b,92.98437500000004,32,1,3,3,0.3333333333333333,10.666666666666666,True,unassessed
797,Candidate_L,5,mapped,10.0,CL_area_24c,CL_area_24c,196.90625000000009,6,1,3,3,0.3333333333333333,2.0,True,unassessed
797,Candidate_L,5,mapped,12.0,CL_area_24a/b_prime,CL_areas_24a'_and_24b',72.70312500000003,3,1,3,3,0.3333333333333333,1.0,True,unassessed
797,Candidate_L,5,mapped,18.0,CL_area_10,CL_frontal_pole,235.2968750000001,14,1,3,3,0.3333333333333333,4.666666666666667,True,unassessed
797,Candidate_L,5,mapped,30.0,CL_area_13,CL_area_13,419.17187500000017,2,1,3,3,0.3333333333333333,0.6666666666666666,True,unassessed
797,Candidate_L,5,mapped,34.0,CL_area_12m/o,CL_medial_and_orbital_area_12,150.73437500000006,13,1,3,3,0.3333333333333333,4.333333333333333,True,unassessed
797,Candidate_L,5,mapped,40.0,CL_lat_Ia,CL_lateral_agranular_insular_region,145.28125000000006,38,1,3,3,0.3333333333333333,12.666666666666666,True,unassessed
797,Candidate_L,5,mapped,49.0,CL_PrCO,CL_precentral_operular_area,95.95312500000004,4,1,3,3,0.3333333333333333,1.3333333333333333,True,unassessed
797,Candidate_L,5,mapped,55.0,CL_area_8B,CL_area_8B,284.1562500000001,31,1,3,3,0.3333333333333333,10.333333333333334,True,unassessed
797,Candidate_L,5,mapped,60.0,CL_area_9,CL_area_9,312.0625000000001,42,1,3,3,0.3333333333333333,14.0,True,unassessed
797,Candidate_L,5,mapped,63.0,CL_area_46d,CL_dorsal_area_46,282.5000000000001,9,1,3,3,0.3333333333333333,3.0,True,unassessed
797,Candidate_L,5,mapped,81.0,CL_PMd,CL_dorsal_premotor_cortex,767.7500000000003,11,1,3,3,0.3333333333333333,3.6666666666666665,True,unassessed
797,Candidate_L,5,mapped,88.0,CL_preSMA,CL_presupplementary_motor_area,115.06250000000006,43,1,3,3,0.3333333333333333,14.333333333333334,True,unassessed
797,Candidate_L,5,mapped,1004.0,SL_Cl,SL_claustrum,255.1562500000001,67,1,3,3,0.3333333333333333,22.333333333333332,True,unassessed
797,Candidate_L,5,mapped,1114.0,SL_Rt,SL_reticular_thalamus,68.90625000000003,1,1,3,3,0.3333333333333333,0.3333333333333333,True,unassessed
797,Candidate_L,5,zero_unassigned,0.0,,,,61,2,3,3,0.6666666666666666,20.333333333333332,True,unassessed
797,Candidate_L,6,mapped,4.0,CL_area_32,CL_area_32,91.60937500000004,34,1,3,3,0.3333333333333333,11.333333333333334,True,unassessed
797,Candidate_L,6,mapped,5.0,CL_area_25,CL_subgenual_cortex,32.890625000000014,1,1,3,3,0.3333333333333333,0.3333333333333333,True,unassessed
797,Candidate_L,6,mapped,8.0,CL_area_24a,CL_area_24a,16.890625000000007,10,1,3,3,0.3333333333333333,3.3333333333333335,True,unassessed
797,Candidate_L,6,mapped,9.0,CL_area_24b,CL_area_24b,76.09375000000003,22,1,3,3,0.3333333333333333,7.333333333333333,True,unassessed
797,Candidate_L,6,mapped,10.0,CL_area_24c,CL_area_24c,196.90625000000009,6,1,3,3,0.3333333333333333,2.0,True,unassessed
797,Candidate_L,6,mapped,14.0,CL_area_24b_prime,CL_area_24b',56.04687500000003,3,1,3,3,0.3333333333333333,1.0,True,unassessed
797,Candidate_L,6,mapped,20.0,CL_area_10mc,CL_caudal_medial_frontal_pole,81.95312500000004,14,1,3,3,0.3333333333333333,4.666666666666667,True,unassessed
797,Candidate_L,6,mapped,33.0,CL_area_13l,CL_lateral_area_13,120.60937500000006,2,1,3,3,0.3333333333333333,0.6666666666666666,True,unassessed
797,Candidate_L,6,mapped,36.0,CL_area_12o,CL_orbital_area_12,68.65625000000003,13,1,3,3,0.3333333333333333,4.333333333333333,True,unassessed
797,Candidate_L,6,mapped,41.0,CL_Iai,CL_intermediate_agranular_insula_area,81.48437500000004,38,1,3,3,0.3333333333333333,12.666666666666666,True,unassessed
797,Candidate_L,6,mapped,49.0,CL_PrCO,CL_precentral_operular_area,95.95312500000004,4,1,3,3,0.3333333333333333,1.3333333333333333,True,unassessed
797,Candidate_L,6,mapped,56.0,CL_area_8Bd,CL_dorsal_area_8B,108.01562500000004,14,1,3,3,0.3333333333333333,4.666666666666667,True,unassessed
797,Candidate_L,6,mapped,57.0,CL_area_8Bm,CL_medial_area_8B,68.85937500000003,17,1,3,3,0.3333333333333333,5.666666666666667,True,unassessed
797,Candidate_L,6,mapped,61.0,CL_area_9d,CL_dorsal_area_9,248.4687500000001,42,1,3,3,0.3333333333333333,14.0,True,unassessed
797,Candidate_L,6,mapped,63.0,CL_area_46d,CL_dorsal_area_46,282.5000000000001,9,1,3,3,0.3333333333333333,3.0,True,unassessed
797,Candidate_L,6,mapped,83.0,CL_PMdr,CL_rostral_dorsal_premotor_cortex,80.56250000000004,11,1,3,3,0.3333333333333333,3.6666666666666665,True,unassessed
797,Candidate_L,6,mapped,88.0,CL_preSMA,CL_presupplementary_motor_area,115.06250000000006,43,1,3,3,0.3333333333333333,14.333333333333334,True,unassessed
797,Candidate_L,6,mapped,1004.0,SL_Cl,SL_claustrum,255.1562500000001,67,1,3,3,0.3333333333333333,22.333333333333332,True,unassessed
797,Candidate_L,6,mapped,1114.0,SL_Rt,SL_reticular_thalamus,68.90625000000003,1,1,3,3,0.3333333333333333,0.3333333333333333,True,unassessed
797,Candidate_L,6,zero_unassigned,0.0,,,,61,2,3,3,0.6666666666666666,20.333333333333332,True,unassessed
797,Candidate_R,1,mapped,501.0,CR_Frontal,CR_Frontal_Lobe,6154.890625000003,123,3,4,4,0.75,30.75,True,unassessed
797,Candidate_R,1,mapped,590.0,CR_Parietal,CR_Parietal_Lobe,3774.453125000002,277,1,4,4,0.25,69.25,True,unassessed
797,Candidate_R,1,mapped,638.0,CR_Temporal,CR_Temporal_Lobe,4285.390625000002,614,3,4,4,0.75,153.5,True,unassessed
797,Candidate_R,1,mapped,731.0,CR_Occipital,CR_Occipital_Lobe,4916.578125000002,38,1,4,4,0.25,9.5,True,unassessed
797,Candidate_R,1,mapped,1501.0,SR_tel,SR_telencephalon,3805.562500000002,1136,3,4,4,0.75,284.0,True,unassessed
797,Candidate_R,1,zero_unassigned,0.0,,,,275,4,4,4,1.0,68.75,True,unassessed
797,Candidate_R,2,mapped,516.0,CR_OFC,CR_orbital_frontal_cortex,1344.9218750000007,122,2,4,4,0.5,30.5,True,unassessed
797,Candidate_R,2,mapped,577.0,CR_motor,CR_motor_cortex,2542.000000000001,1,1,4,4,0.25,0.25,True,unassessed
797,Candidate_R,2,mapped,591.0,CR_SI/SII,CR_somatosensory_cortex,1186.0000000000005,277,1,4,4,0.25,69.25,True,unassessed
797,Candidate_R,2,mapped,639.0,CR_MTL,CR_medial_temporal_lobe,423.42187500000017,493,2,4,4,0.5,123.25,True,unassessed
797,Candidate_R,2,mapped,665.0,CR_TG,CR_temporal_pole,315.5156250000001,8,1,4,4,0.25,2.0,True,unassessed
797,Candidate_R,2,mapped,675.0,CR_ITC,CR_inferior_temporal_cortex,1884.890625000001,75,2,4,4,0.5,18.75,True,unassessed
797,Candidate_R,2,mapped,693.0,CR_STG/STSd,CR_superior_temporal_region,854.1250000000003,6,2,4,4,0.5,1.5,True,unassessed
797,Candidate_R,2,mapped,724.0,CR_floor_of_ls,CR_floor_of_the_lateral_sulcus,303.2968750000001,32,2,4,4,0.5,8.0,True,unassessed
797,Candidate_R,2,mapped,733.0,CR_V2-V4,CR_extrastriate_visual_areas_2-4,2856.3593750000014,38,1,4,4,0.25,9.5,True,unassessed
797,Candidate_R,2,mapped,1502.0,SR_LVPal,SR_lateral_and_ventral_pallium,309.6718750000001,166,3,4,4,0.75,41.5,True,unassessed
797,Candidate_R,2,mapped,1510.0,SR_MPal,SR_medial_pallium,575.5000000000002,26,2,4,4,0.5,6.5,True,unassessed
797,Candidate_R,2,mapped,1524.0,SR_Amy,SR_amygdala,302.0000000000001,10,1,4,4,0.25,2.5,True,unassessed
797,Candidate_R,2,mapped,1550.0,SR_BG,SR_basal_ganglia,2261.015625000001,932,3,4,4,0.75,233.0,True,unassessed
797,Candidate_R,2,mapped,1569.0,SR_DSP,SR_diagonal_subpallium,182.70312500000009,2,1,4,4,0.25,0.5,True,unassessed
797,Candidate_R,2,zero_unassigned,0.0,,,,275,4,4,4,1.0,68.75,True,unassessed
797,Candidate_R,3,mapped,525.0,CR_lat_OFC,CR_lateral_orbital_frontal_cortex,708.1406250000003,46,2,4,4,0.5,11.5,True,unassessed
797,Candidate_R,3,mapped,537.0,CR_caudal_OFC,CR_caudal_orbital_frontal_cortex,331.17187500000017,76,2,4,4,0.5,19.0,True,unassessed
797,Candidate_R,3,mapped,578.0,CR_M1/PM,CR_lateral_motor_cortex,2230.484375000001,1,1,4,4,0.25,0.25,True,unassessed
797,Candidate_R,3,mapped,595.0,CR_SII,CR_secondary_somatosensory_cortex,285.3125000000001,277,1,4,4,0.25,69.25,True,unassessed
797,Candidate_R,3,mapped,648.0,CR_paraHipp,CR_parahippocampal_cortex,143.18750000000006,448,1,4,4,0.25,112.0,True,unassessed
797,Candidate_R,3,mapped,653.0,CR_Rh,CR_rhinal_cortex,280.2343750000001,45,2,4,4,0.5,11.25,True,unassessed
797,Candidate_R,3,mapped,665.0,CR_TG,CR_temporal_pole,315.5156250000001,8,1,4,4,0.25,2.0,True,unassessed
797,Candidate_R,3,mapped,677.0,CR_TE,CR_area_TE,1175.3906250000005,13,1,4,4,0.25,3.25,True,unassessed
797,Candidate_R,3,mapped,688.0,CR_STSf,CR_fundus_of_the_superior_temporal_sulcus,425.15625000000017,62,2,4,4,0.5,15.5,True,unassessed
797,Candidate_R,3,mapped,694.0,CR_STGr/STSd,CR_rostral_superior_temporal_region,593.8125000000002,6,2,4,4,0.5,1.5,True,unassessed
797,Candidate_R,3,mapped,724.0,CR_floor_of_ls,CR_floor_of_the_lateral_sulcus,303.2968750000001,32,2,4,4,0.5,8.0,True,unassessed
797,Candidate_R,3,mapped,734.0,CR_V4,CR_visual_area_4,764.9843750000003,10,1,4,4,0.25,2.5,True,unassessed
797,Candidate_R,3,mapped,737.0,CR_V2-V3,CR_preoccipital_visual_areas_2-3,2091.375000000001,28,1,4,4,0.25,7.0,True,unassessed
797,Candidate_R,3,mapped,1503.0,SR_LPal,SR_lateral_pallium,255.1562500000001,163,3,4,4,0.75,40.75,True,unassessed
797,Candidate_R,3,mapped,1505.0,SR_VPal,SR_ventral_pallium,54.51562500000002,3,1,4,4,0.25,0.75,True,unassessed
797,Candidate_R,3,mapped,1511.0,SR_HF,SR_hippocampal_formation,532.0937500000002,26,2,4,4,0.5,6.5,True,unassessed
797,Candidate_R,3,mapped,1540.0,SR_spAmy,SR_subpallial_amygdala,84.20312500000004,10,1,4,4,0.25,2.5,True,unassessed
797,Candidate_R,3,mapped,1551.0,SR_Str,SR_striatum,1922.421875000001,921,3,4,4,0.75,230.25,True,unassessed
797,Candidate_R,3,mapped,1562.0,SR_Pd,SR_pallidum,338.59375000000017,11,1,4,4,0.25,2.75,True,unassessed
797,Candidate_R,3,mapped,1569.0,SR_DSP,SR_diagonal_subpallium,182.70312500000009,2,1,4,4,0.25,0.5,True,unassessed
797,Candidate_R,3,zero_unassigned,0.0,,,,275,4,4,4,1.0,68.75,True,unassessed
797,Candidate_R,4,mapped,526.0,CR_areas_11/13,CR_areas_11_and_13,557.4062500000002,45,2,4,4,0.5,11.25,True,unassessed
797,Candidate_R,4,mapped,534.0,CR_area_12m/o,CR_medial_and_orbital_area_12,150.73437500000006,1,1,4,4,0.25,0.25,True,unassessed
797,Candidate_R,4,mapped,538.0,CR_OFa-p,CR_agranular_orbitofrontal_cortex,169.45312500000009,70,2,4,4,0.5,17.5,True,unassessed
797,Candidate_R,4,mapped,547.0,CR_cl_OFC,CR_caudolateral_orbitofrontal_cortex,136.07812500000006,6,1,4,4,0.25,1.5,True,unassessed
797,Candidate_R,4,mapped,580.0,CR_PM,CR_premotor_cortex,1468.3593750000007,1,1,4,4,0.25,0.25,True,unassessed
797,Candidate_R,4,mapped,595.0,CR_SII,CR_secondary_somatosensory_cortex,285.3125000000001,277,1,4,4,0.25,69.25,True,unassessed
797,Candidate_R,4,mapped,648.0,CR_paraHipp,CR_parahippocampal_cortex,143.18750000000006,448,1,4,4,0.25,112.0,True,unassessed
797,Candidate_R,4,mapped,654.0,CR_ERh,CR_entorhinal_cortex,130.48437500000006,26,2,4,4,0.5,6.5,True,unassessed
797,Candidate_R,4,mapped,660.0,CR_PRh,CR_perirhinal_cortex,149.75000000000006,19,2,4,4,0.5,4.75,True,unassessed
797,Candidate_R,4,mapped,666.0,CR_TGa,CR_agranular_temporal_pole,76.29687500000003,8,1,4,4,0.25,2.0,True,unassessed
797,Candidate_R,4,mapped,678.0,CR_gyral_TE,CR_gyral_aspect_of_area_TE,874.3125000000003,13,1,4,4,0.25,3.25,True,unassessed
797,Candidate_R,4,mapped,688.0,CR_STSf,CR_fundus_of_the_superior_temporal_sulcus,425.15625000000017,62,2,4,4,0.5,15.5,True,unassessed
797,Candidate_R,4,mapped,695.0,CR_STSd,CR_dorsal_bank_of_the_superior_temporal_sulcus,451.8750000000002,6,2,4,4,0.5,1.5,True,unassessed
797,Candidate_R,4,mapped,725.0,CR_Ins/Pi,CR_insula_and_parainsula,288.1875000000001,32,2,4,4,0.5,8.0,True,unassessed
797,Candidate_R,4,mapped,734.0,CR_V4,CR_visual_area_4,764.9843750000003,10,1,4,4,0.25,2.5,True,unassessed
797,Candidate_R,4,mapped,738.0,CR_V3,CR_visual_area_3,516.0000000000002,13,1,4,4,0.25,3.25,True,unassessed
797,Candidate_R,4,mapped,743.0,CR_V2,CR_visual_area_2,1575.3750000000007,15,1,4,4,0.25,3.75,True,unassessed
797,Candidate_R,4,mapped,1504.0,SR_Cl,SR_claustrum,255.1562500000001,163,3,4,4,0.75,40.75,True,unassessed
797,Candidate_R,4,mapped,1509.0,SR_Pir,SR_piriform_cortex,30.796875000000014,3,1,4,4,0.25,0.75,True,unassessed
797,Candidate_R,4,mapped,1512.0,SR_HFA,SR_hippocampal_formation_anterior,353.15625000000017,11,2,4,4,0.5,2.75,True,unassessed
797,Candidate_R,4,mapped,1517.0,SR_HFP,SR_hippocampal_formation_posterior,178.93750000000009,15,1,4,4,0.25,3.75,True,unassessed
797,Candidate_R,4,mapped,1541.0,SR_stAmy,SR_striatal_amygdala,13.843750000000005,5,1,4,4,0.25,1.25,True,unassessed
797,Candidate_R,4,mapped,1546.0,SR_pdAmy,SR_pallidal_amygdala,29.640625000000014,5,1,4,4,0.25,1.25,True,unassessed
797,Candidate_R,4,mapped,1552.0,SR_DStr,SR_dorsal_striatum,1809.218750000001,903,3,4,4,0.75,225.75,True,unassessed
797,Candidate_R,4,mapped,1559.0,SR_VStr,SR_ventral_striatum,113.20312500000006,18,1,4,4,0.25,4.5,True,unassessed
797,Candidate_R,4,mapped,1562.0,SR_Pd,SR_pallidum,338.59375000000017,11,1,4,4,0.25,2.75,True,unassessed
797,Candidate_R,4,mapped,1570.0,SR_BR,SR_basal_nucleus_region,38.000000000000014,1,1,4,4,0.25,0.25,True,unassessed
797,Candidate_R,4,mapped,1573.0,SR_ST,SR_bed_nucleus_of_the_stria_terminalis,42.00000000000002,1,1,4,4,0.25,0.25,True,unassessed
797,Candidate_R,4,zero_unassigned,0.0,,,,275,4,4,4,1.0,68.75,True,unassessed
797,Candidate_R,5,mapped,530.0,CR_area_13,CR_area_13,419.17187500000017,45,2,4,4,0.5,11.25,True,unassessed
797,Candidate_R,5,mapped,534.0,CR_area_12m/o,CR_medial_and_orbital_area_12,150.73437500000006,1,1,4,4,0.25,0.25,True,unassessed
797,Candidate_R,5,mapped,539.0,CR_Iam/Iapm,CR_medial_agranular_insular_region,24.17187500000001,2,1,4,4,0.25,0.5,True,unassessed
797,Candidate_R,5,mapped,540.0,CR_lat_Ia,CR_lateral_agranular_insular_region,145.28125000000006,68,2,4,4,0.5,17.0,True,unassessed
797,Candidate_R,5,mapped,549.0,CR_PrCO,CR_precentral_operular_area,95.95312500000004,6,1,4,4,0.25,1.5,True,unassessed
797,Candidate_R,5,mapped,584.0,CR_PMv,CR_ventral_premotor_cortex,700.6093750000003,1,1,4,4,0.25,0.25,True,unassessed
797,Candidate_R,5,mapped,595.0,CR_SII,CR_secondary_somatosensory_cortex,285.3125000000001,277,1,4,4,0.25,69.25,True,unassessed
797,Candidate_R,5,mapped,649.0,CR_TF/TFO,CR_areas_TF_and_TFO,138.75000000000006,446,1,4,4,0.25,111.5,True,unassessed
797,Candidate_R,5,mapped,652.0,CR_TH,CR_area_TH,4.437500000000002,2,1,4,4,0.25,0.5,True,unassessed
797,Candidate_R,5,mapped,655.0,CR_caudal_ERh,CR_caudal_entorhinal_cortex,50.67187500000002,10,1,4,4,0.25,2.5,True,unassessed
797,Candidate_R,5,mapped,658.0,CR_mid_ERh,CR_middle_entorhinal_cortex,31.984375000000014,10,2,4,4,0.5,2.5,True,unassessed
797,Candidate_R,5,mapped,659.0,CR_rostral_ERh,CR_rostral_entorhinal_cortex,47.82812500000002,6,1,4,4,0.25,1.5,True,unassessed
797,Candidate_R,5,mapped,661.0,CR_area_35,CR_area_35,34.593750000000014,18,2,4,4,0.5,4.5,True,unassessed
797,Candidate_R,5,mapped,662.0,CR_area_36,CR_area_36,115.15625000000006,1,1,4,4,0.25,0.25,True,unassessed
797,Candidate_R,5,mapped,666.0,CR_TGa,CR_agranular_temporal_pole,76.29687500000003,8,1,4,4,0.25,2.0,True,unassessed
797,Candidate_R,5,mapped,679.0,CR_post_TE,CR_posterior_area_TE,454.8906250000002,13,1,4,4,0.25,3.25,True,unassessed
797,Candidate_R,5,mapped,689.0,CR_ant_STSf,CR_anterior_fundus_of_the_superior_temporal_sulcus,332.81250000000017,62,2,4,4,0.5,15.5,True,unassessed
797,Candidate_R,5,mapped,696.0,CR_TPO,CR_temporal_parietooccipital_associated_area,280.6406250000001,6,2,4,4,0.5,1.5,True,unassessed
797,Candidate_R,5,mapped,727.0,CR_Ins,CR_insula,260.9062500000001,32,2,4,4,0.5,8.0,True,unassessed
797,Candidate_R,5,mapped,736.0,CR_V4v,CR_ventral_visual_area_4,298.5625000000001,10,1,4,4,0.25,2.5,True,unassessed
797,Candidate_R,5,mapped,742.0,CR_V3v,CR_ventral_visual_area_3,224.7968750000001,13,1,4,4,0.25,3.25,True,unassessed
797,Candidate_R,5,mapped,743.0,CR_V2,CR_visual_area_2,1575.3750000000007,15,1,4,4,0.25,3.75,True,unassessed
797,Candidate_R,5,mapped,1504.0,SR_Cl,SR_claustrum,255.1562500000001,163,3,4,4,0.75,40.75,True,unassessed
797,Candidate_R,5,mapped,1509.0,SR_Pir,SR_piriform_cortex,30.796875000000014,3,1,4,4,0.25,0.75,True,unassessed
797,Candidate_R,5,mapped,1516.0,SR_SA,SR_subicular_complex_anterior,81.28125000000004,11,2,4,4,0.5,2.75,True,unassessed
797,Candidate_R,5,mapped,1521.0,SR_SP,SR_subicular_complex_posterior,52.06250000000002,15,1,4,4,0.25,3.75,True,unassessed
797,Candidate_R,5,mapped,1542.0,SR_Ce,SR_central_amygdaloid_nucleus,13.843750000000005,5,1,4,4,0.25,1.25,True,unassessed
797,Candidate_R,5,mapped,1548.0,SR_IPAC,SR_posterior_interstitial_nucleus,4.906250000000002,5,1,4,4,0.25,1.25,True,unassessed
797,Candidate_R,5,mapped,1553.0,SR_Cd,SR_caudate,649.5625000000003,23,2,4,4,0.5,5.75,True,unassessed
797,Candidate_R,5,mapped,1556.0,SR_Pu,SR_putamen,895.1093750000003,827,3,4,4,0.75,206.75,True,unassessed
797,Candidate_R,5,mapped,1557.0,SR_ASt,SR_amygdalostriatal_transition,33.812500000000014,30,1,4,4,0.25,7.5,True,unassessed
797,Candidate_R,5,mapped,1558.0,SR_ic,SR_internal_capsule,230.7343750000001,23,2,4,4,0.5,5.75,True,unassessed
797,Candidate_R,5,mapped,1560.0,SR_Acb,SR_accumbens,94.96875000000004,18,1,4,4,0.25,4.5,True,unassessed
797,Candidate_R,5,mapped,1567.0,SR_ac,SR_anterior_commissure,77.82812500000003,11,1,4,4,0.25,2.75,True,unassessed
797,Candidate_R,5,mapped,1570.0,SR_BR,SR_basal_nucleus_region,38.000000000000014,1,1,4,4,0.25,0.25,True,unassessed
797,Candidate_R,5,mapped,1573.0,SR_ST,SR_bed_nucleus_of_the_stria_terminalis,42.00000000000002,1,1,4,4,0.25,0.25,True,unassessed
797,Candidate_R,5,zero_unassigned,0.0,,,,275,4,4,4,1.0,68.75,True,unassessed
797,Candidate_R,6,mapped,532.0,CR_area_13m,CR_medial_area_13,174.45312500000009,15,1,4,4,0.25,3.75,True,unassessed
797,Candidate_R,6,mapped,533.0,CR_area_13l,CR_lateral_area_13,120.60937500000006,30,1,4,4,0.25,7.5,True,unassessed
797,Candidate_R,6,mapped,536.0,CR_area_12o,CR_orbital_area_12,68.65625000000003,1,1,4,4,0.25,0.25,True,unassessed
797,Candidate_R,6,mapped,539.0,CR_Iam/Iapm,CR_medial_agranular_insular_region,24.17187500000001,2,1,4,4,0.25,0.5,True,unassessed
797,Candidate_R,6,mapped,541.0,CR_Iai,CR_intermediate_agranular_insula_area,81.48437500000004,26,2,4,4,0.5,6.5,True,unassessed
797,Candidate_R,6,mapped,542.0,CR_Ial,CR_lateral_agranular_insula_area,47.98437500000002,42,1,4,4,0.25,10.5,True,unassessed
797,Candidate_R,6,mapped,549.0,CR_PrCO,CR_precentral_operular_area,95.95312500000004,6,1,4,4,0.25,1.5,True,unassessed
797,Candidate_R,6,mapped,586.0,CR_F5,CR_area_F5_of_ventral_premotor_cortex,434.01562500000017,1,1,4,4,0.25,0.25,True,unassessed
797,Candidate_R,6,mapped,595.0,CR_SII,CR_secondary_somatosensory_cortex,285.3125000000001,277,1,4,4,0.25,69.25,True,unassessed
797,Candidate_R,6,mapped,650.0,CR_TFO,CR_area_TFO,65.18750000000003,358,1,4,4,0.25,89.5,True,unassessed
797,Candidate_R,6,mapped,651.0,CR_TF,CR_area_TF,73.56250000000003,88,1,4,4,0.25,22.0,True,unassessed
797,Candidate_R,6,mapped,652.0,CR_TH,CR_area_TH,4.437500000000002,2,1,4,4,0.25,0.5,True,unassessed
797,Candidate_R,6,mapped,656.0,CR_EC,CR_caudal_division_of_entorhinal_cortex,41.98437500000002,10,1,4,4,0.25,2.5,True,unassessed
797,Candidate_R,6,mapped,658.0,CR_mid_ERh,CR_middle_entorhinal_cortex,31.984375000000014,10,2,4,4,0.5,2.5,True,unassessed
797,Candidate_R,6,mapped,659.0,CR_rostral_ERh,CR_rostral_entorhinal_cortex,47.82812500000002,6,1,4,4,0.25,1.5,True,unassessed
797,Candidate_R,6,mapped,661.0,CR_area_35,CR_area_35,34.593750000000014,18,2,4,4,0.5,4.5,True,unassessed
797,Candidate_R,6,mapped,663.0,CR_area_36c,CR_caudal_area_36,53.96875000000002,1,1,4,4,0.25,0.25,True,unassessed
797,Candidate_R,6,mapped,666.0,CR_TGa,CR_agranular_temporal_pole,76.29687500000003,8,1,4,4,0.25,2.0,True,unassessed
797,Candidate_R,6,mapped,680.0,CR_TEpv,CR_posterior_ventral_area_TE,206.85937500000009,13,1,4,4,0.25,3.25,True,unassessed
797,Candidate_R,6,mapped,690.0,CR_IPa,CR_area_IPa,200.31250000000009,50,2,4,4,0.5,12.5,True,unassessed
797,Candidate_R,6,mapped,691.0,CR_PGa,CR_area_PGa,132.50000000000006,12,1,4,4,0.25,3.0,True,unassessed
797,Candidate_R,6,mapped,696.0,CR_TPO,CR_temporal_parietooccipital_associated_area,280.6406250000001,6,2,4,4,0.5,1.5,True,unassessed
797,Candidate_R,6,mapped,728.0,CR_Ia/Id,CR_agranular_and_dysgranular_insula,164.56250000000009,32,2,4,4,0.5,8.0,True,unassessed
797,Candidate_R,6,mapped,736.0,CR_V4v,CR_ventral_visual_area_4,298.5625000000001,10,1,4,4,0.25,2.5,True,unassessed
797,Candidate_R,6,mapped,742.0,CR_V3v,CR_ventral_visual_area_3,224.7968750000001,13,1,4,4,0.25,3.25,True,unassessed
797,Candidate_R,6,mapped,745.0,CR_clearly_V2,CR_clearly_part_of_visual_area_2,1545.0937500000007,15,1,4,4,0.25,3.75,True,unassessed
797,Candidate_R,6,mapped,1504.0,SR_Cl,SR_claustrum,255.1562500000001,163,3,4,4,0.75,40.75,True,unassessed
797,Candidate_R,6,mapped,1509.0,SR_Pir,SR_piriform_cortex,30.796875000000014,3,1,4,4,0.25,0.75,True,unassessed
797,Candidate_R,6,mapped,1516.0,SR_SA,SR_subicular_complex_anterior,81.28125000000004,11,2,4,4,0.5,2.75,True,unassessed
797,Candidate_R,6,mapped,1521.0,SR_SP,SR_subicular_complex_posterior,52.06250000000002,15,1,4,4,0.25,3.75,True,unassessed
797,Candidate_R,6,mapped,1542.0,SR_Ce,SR_central_amygdaloid_nucleus,13.843750000000005,5,1,4,4,0.25,1.25,True,unassessed
797,Candidate_R,6,mapped,1548.0,SR_IPAC,SR_posterior_interstitial_nucleus,4.906250000000002,5,1,4,4,0.25,1.25,True,unassessed
797,Candidate_R,6,mapped,1554.0,SR_CdH,SR_caudate_head,566.5156250000002,23,2,4,4,0.5,5.75,True,unassessed
797,Candidate_R,6,mapped,1556.0,SR_Pu,SR_putamen,895.1093750000003,827,3,4,4,0.75,206.75,True,unassessed
797,Candidate_R,6,mapped,1557.0,SR_ASt,SR_amygdalostriatal_transition,33.812500000000014,30,1,4,4,0.25,7.5,True,unassessed
797,Candidate_R,6,mapped,1558.0,SR_ic,SR_internal_capsule,230.7343750000001,23,2,4,4,0.5,5.75,True,unassessed
797,Candidate_R,6,mapped,1560.0,SR_Acb,SR_accumbens,94.96875000000004,18,1,4,4,0.25,4.5,True,unassessed
797,Candidate_R,6,mapped,1567.0,SR_ac,SR_anterior_commissure,77.82812500000003,11,1,4,4,0.25,2.75,True,unassessed
797,Candidate_R,6,mapped,1571.0,SR_PeB,SR_peri-basal_region,12.453125000000005,1,1,4,4,0.25,0.25,True,unassessed
797,Candidate_R,6,mapped,1573.0,SR_ST,SR_bed_nucleus_of_the_stria_terminalis,42.00000000000002,1,1,4,4,0.25,0.25,True,unassessed
797,Candidate_R,6,zero_unassigned,0.0,,,,275,4,4,4,1.0,68.75,True,unassessed
900,AtlasINS_L,1,mapped,1.0,CL_Frontal,CL_Frontal_Lobe,6154.890625000003,506,1,4,4,0.25,126.5,True,unassessed
900,AtlasINS_L,1,mapped,90.0,CL_Parietal,CL_Parietal_Lobe,3774.453125000002,21,3,4,4,0.75,5.25,True,unassessed
900,AtlasINS_L,1,mapped,138.0,CL_Temporal,CL_Temporal_Lobe,4285.390625000002,84,3,4,4,0.75,21.0,True,unassessed
900,AtlasINS_L,1,zero_unassigned,0.0,,,,287,1,4,4,0.25,71.75,True,unassessed
900,AtlasINS_L,2,mapped,16.0,CL_OFC,CL_orbital_frontal_cortex,1344.9218750000007,386,1,4,4,0.25,96.5,True,unassessed
900,AtlasINS_L,2,mapped,50.0,CL_lat_PFC,CL_lateral_prefrontal_cortex,1665.2031250000007,56,1,4,4,0.25,14.0,True,unassessed
900,AtlasINS_L,2,mapped,77.0,CL_motor,CL_motor_cortex,2542.000000000001,64,1,4,4,0.25,16.0,True,unassessed
900,AtlasINS_L,2,mapped,91.0,CL_SI/SII,CL_somatosensory_cortex,1186.0000000000005,21,3,4,4,0.75,5.25,True,unassessed
900,AtlasINS_L,2,mapped,224.0,CL_floor_of_ls,CL_floor_of_the_lateral_sulcus,303.2968750000001,84,3,4,4,0.75,21.0,True,unassessed
900,AtlasINS_L,2,zero_unassigned,0.0,,,,287,1,4,4,0.25,71.75,True,unassessed
900,AtlasINS_L,3,mapped,25.0,CL_lat_OFC,CL_lateral_orbital_frontal_cortex,708.1406250000003,251,1,4,4,0.25,62.75,True,unassessed
900,AtlasINS_L,3,mapped,37.0,CL_caudal_OFC,CL_caudal_orbital_frontal_cortex,331.17187500000017,135,1,4,4,0.25,33.75,True,unassessed
900,AtlasINS_L,3,mapped,64.0,CL_vlPFC,CL_ventrolateral_prefrontal_cortex,680.8593750000003,56,1,4,4,0.25,14.0,True,unassessed
900,AtlasINS_L,3,mapped,78.0,CL_M1/PM,CL_lateral_motor_cortex,2230.484375000001,64,1,4,4,0.25,16.0,True,unassessed
900,AtlasINS_L,3,mapped,95.0,CL_SII,CL_secondary_somatosensory_cortex,285.3125000000001,21,3,4,4,0.75,5.25,True,unassessed
900,AtlasINS_L,3,mapped,224.0,CL_floor_of_ls,CL_floor_of_the_lateral_sulcus,303.2968750000001,84,3,4,4,0.75,21.0,True,unassessed
900,AtlasINS_L,3,zero_unassigned,0.0,,,,287,1,4,4,0.25,71.75,True,unassessed
900,AtlasINS_L,4,mapped,26.0,CL_areas_11/13,CL_areas_11_and_13,557.4062500000002,186,1,4,4,0.25,46.5,True,unassessed
900,AtlasINS_L,4,mapped,34.0,CL_area_12m/o,CL_medial_and_orbital_area_12,150.73437500000006,65,1,4,4,0.25,16.25,True,unassessed
900,AtlasINS_L,4,mapped,47.0,CL_cl_OFC,CL_caudolateral_orbitofrontal_cortex,136.07812500000006,135,1,4,4,0.25,33.75,True,unassessed
900,AtlasINS_L,4,mapped,72.0,CL_caudal_vlPFC,CL_caudal_ventrolateral_prefrontal_cortex,214.90625000000009,56,1,4,4,0.25,14.0,True,unassessed
900,AtlasINS_L,4,mapped,80.0,CL_PM,CL_premotor_cortex,1468.3593750000007,64,1,4,4,0.25,16.0,True,unassessed
900,AtlasINS_L,4,mapped,95.0,CL_SII,CL_secondary_somatosensory_cortex,285.3125000000001,21,3,4,4,0.75,5.25,True,unassessed
900,AtlasINS_L,4,mapped,225.0,CL_Ins/Pi,CL_insula_and_parainsula,288.1875000000001,84,3,4,4,0.75,21.0,True,unassessed
900,AtlasINS_L,4,zero_unassigned,0.0,,,,287,1,4,4,0.25,71.75,True,unassessed
900,AtlasINS_L,5,mapped,30.0,CL_area_13,CL_area_13,419.17187500000017,186,1,4,4,0.25,46.5,True,unassessed
900,AtlasINS_L,5,mapped,34.0,CL_area_12m/o,CL_medial_and_orbital_area_12,150.73437500000006,65,1,4,4,0.25,16.25,True,unassessed
900,AtlasINS_L,5,mapped,49.0,CL_PrCO,CL_precentral_operular_area,95.95312500000004,135,1,4,4,0.25,33.75,True,unassessed
900,AtlasINS_L,5,mapped,76.0,CL_area_44,CL_area_44,49.35937500000002,56,1,4,4,0.25,14.0,True,unassessed
900,AtlasINS_L,5,mapped,84.0,CL_PMv,CL_ventral_premotor_cortex,700.6093750000003,64,1,4,4,0.25,16.0,True,unassessed
900,AtlasINS_L,5,mapped,95.0,CL_SII,CL_secondary_somatosensory_cortex,285.3125000000001,21,3,4,4,0.75,5.25,True,unassessed
900,AtlasINS_L,5,mapped,227.0,CL_Ins,CL_insula,260.9062500000001,84,3,4,4,0.75,21.0,True,unassessed
900,AtlasINS_L,5,zero_unassigned,0.0,,,,287,1,4,4,0.25,71.75,True,unassessed
900,AtlasINS_L,6,mapped,32.0,CL_area_13m,CL_medial_area_13,174.45312500000009,1,1,4,4,0.25,0.25,True,unassessed
900,AtlasINS_L,6,mapped,33.0,CL_area_13l,CL_lateral_area_13,120.60937500000006,185,1,4,4,0.25,46.25,True,unassessed
900,AtlasINS_L,6,mapped,35.0,CL_area_12m,CL_medial_area_12,82.07812500000004,65,1,4,4,0.25,16.25,True,unassessed
900,AtlasINS_L,6,mapped,49.0,CL_PrCO,CL_precentral_operular_area,95.95312500000004,135,1,4,4,0.25,33.75,True,unassessed
900,AtlasINS_L,6,mapped,76.0,CL_area_44,CL_area_44,49.35937500000002,56,1,4,4,0.25,14.0,True,unassessed
900,AtlasINS_L,6,mapped,86.0,CL_F5,CL_area_F5_of_ventral_premotor_cortex,434.01562500000017,64,1,4,4,0.25,16.0,True,unassessed
900,AtlasINS_L,6,mapped,95.0,CL_SII,CL_secondary_somatosensory_cortex,285.3125000000001,21,3,4,4,0.75,5.25,True,unassessed
900,AtlasINS_L,6,mapped,228.0,CL_Ia/Id,CL_agranular_and_dysgranular_insula,164.56250000000009,34,2,4,4,0.5,8.5,True,unassessed
900,AtlasINS_L,6,mapped,229.0,CL_Ig,CL_granular_insula,96.34375000000004,50,3,4,4,0.75,12.5,True,unassessed
900,AtlasINS_L,6,zero_unassigned,0.0,,,,287,1,4,4,0.25,71.75,True,unassessed
900,G_exploratory_L,1,mapped,1.0,CL_Frontal,CL_Frontal_Lobe,6154.890625000003,433,7,7,7,1.0,61.857142857142854,True,unassessed
900,G_exploratory_L,1,mapped,90.0,CL_Parietal,CL_Parietal_Lobe,3774.453125000002,18,4,7,7,0.5714285714285714,2.5714285714285716,True,unassessed
900,G_exploratory_L,1,mapped,138.0,CL_Temporal,CL_Temporal_Lobe,4285.390625000002,3,1,7,7,0.14285714285714285,0.42857142857142855,True,unassessed
900,G_exploratory_L,1,mapped,1001.0,SL_tel,SL_telencephalon,3805.562500000002,2,1,7,7,0.14285714285714285,0.2857142857142857,True,unassessed
900,G_exploratory_L,1,mapped,1211.0,SL_met,SL_metencephalon,4219.281250000002,2,1,7,7,0.14285714285714285,0.2857142857142857,True,unassessed
900,G_exploratory_L,1,zero_unassigned,0.0,,,,59,5,7,7,0.7142857142857143,8.428571428571429,True,unassessed
900,G_exploratory_L,2,mapped,16.0,CL_OFC,CL_orbital_frontal_cortex,1344.9218750000007,153,6,7,7,0.8571428571428571,21.857142857142858,True,unassessed
900,G_exploratory_L,2,mapped,77.0,CL_motor,CL_motor_cortex,2542.000000000001,280,4,7,7,0.5714285714285714,40.0,True,unassessed
900,G_exploratory_L,2,mapped,91.0,CL_SI/SII,CL_somatosensory_cortex,1186.0000000000005,18,4,7,7,0.5714285714285714,2.5714285714285716,True,unassessed
900,G_exploratory_L,2,mapped,224.0,CL_floor_of_ls,CL_floor_of_the_lateral_sulcus,303.2968750000001,3,1,7,7,0.14285714285714285,0.42857142857142855,True,unassessed
900,G_exploratory_L,2,mapped,1050.0,SL_BG,SL_basal_ganglia,2261.015625000001,2,1,7,7,0.14285714285714285,0.2857142857142857,True,unassessed
900,G_exploratory_L,2,mapped,1212.0,SL_Pons,SL_pons,782.1093750000003,2,1,7,7,0.14285714285714285,0.2857142857142857,True,unassessed
900,G_exploratory_L,2,zero_unassigned,0.0,,,,59,5,7,7,0.7142857142857143,8.428571428571429,True,unassessed
900,G_exploratory_L,3,mapped,37.0,CL_caudal_OFC,CL_caudal_orbital_frontal_cortex,331.17187500000017,153,6,7,7,0.8571428571428571,21.857142857142858,True,unassessed
900,G_exploratory_L,3,mapped,78.0,CL_M1/PM,CL_lateral_motor_cortex,2230.484375000001,280,4,7,7,0.5714285714285714,40.0,True,unassessed
900,G_exploratory_L,3,mapped,92.0,CL_SI,CL_primary_somatosensory_cortex,900.6875000000005,11,2,7,7,0.2857142857142857,1.5714285714285714,True,unassessed
900,G_exploratory_L,3,mapped,95.0,CL_SII,CL_secondary_somatosensory_cortex,285.3125000000001,7,3,7,7,0.42857142857142855,1.0,True,unassessed
900,G_exploratory_L,3,mapped,224.0,CL_floor_of_ls,CL_floor_of_the_lateral_sulcus,303.2968750000001,3,1,7,7,0.14285714285714285,0.42857142857142855,True,unassessed
900,G_exploratory_L,3,mapped,1051.0,SL_Str,SL_striatum,1922.421875000001,2,1,7,7,0.14285714285714285,0.2857142857142857,True,unassessed
900,G_exploratory_L,3,mapped,1231.0,SL_VPons,SL_ventral_pons,684.9218750000003,2,1,7,7,0.14285714285714285,0.2857142857142857,True,unassessed
900,G_exploratory_L,3,zero_unassigned,0.0,,,,59,5,7,7,0.7142857142857143,8.428571428571429,True,unassessed
900,G_exploratory_L,4,mapped,38.0,CL_OFa-p,CL_agranular_orbitofrontal_cortex,169.45312500000009,2,1,7,7,0.14285714285714285,0.2857142857142857,True,unassessed
900,G_exploratory_L,4,mapped,47.0,CL_cl_OFC,CL_caudolateral_orbitofrontal_cortex,136.07812500000006,151,6,7,7,0.8571428571428571,21.571428571428573,True,unassessed
900,G_exploratory_L,4,mapped,80.0,CL_PM,CL_premotor_cortex,1468.3593750000007,280,4,7,7,0.5714285714285714,40.0,True,unassessed
900,G_exploratory_L,4,mapped,92.0,CL_SI,CL_primary_somatosensory_cortex,900.6875000000005,11,2,7,7,0.2857142857142857,1.5714285714285714,True,unassessed
900,G_exploratory_L,4,mapped,95.0,CL_SII,CL_secondary_somatosensory_cortex,285.3125000000001,7,3,7,7,0.42857142857142855,1.0,True,unassessed
900,G_exploratory_L,4,mapped,225.0,CL_Ins/Pi,CL_insula_and_parainsula,288.1875000000001,3,1,7,7,0.14285714285714285,0.42857142857142855,True,unassessed
900,G_exploratory_L,4,mapped,1052.0,SL_DStr,SL_dorsal_striatum,1809.218750000001,2,1,7,7,0.14285714285714285,0.2857142857142857,True,unassessed
900,G_exploratory_L,4,mapped,1242.0,SL_Pn+,SL_pontine_nucleus_region,492.9218750000002,2,1,7,7,0.14285714285714285,0.2857142857142857,True,unassessed
900,G_exploratory_L,4,zero_unassigned,0.0,,,,59,5,7,7,0.7142857142857143,8.428571428571429,True,unassessed
900,G_exploratory_L,5,mapped,40.0,CL_lat_Ia,CL_lateral_agranular_insular_region,145.28125000000006,2,1,7,7,0.14285714285714285,0.2857142857142857,True,unassessed
900,G_exploratory_L,5,mapped,48.0,CL_G,CL_gustatory_cortex,40.12500000000002,145,6,7,7,0.8571428571428571,20.714285714285715,True,unassessed
900,G_exploratory_L,5,mapped,49.0,CL_PrCO,CL_precentral_operular_area,95.95312500000004,6,2,7,7,0.2857142857142857,0.8571428571428571,True,unassessed
900,G_exploratory_L,5,mapped,84.0,CL_PMv,CL_ventral_premotor_cortex,700.6093750000003,280,4,7,7,0.5714285714285714,40.0,True,unassessed
900,G_exploratory_L,5,mapped,94.0,CL_areas_1-2,CL_areas_1-2,655.2968750000003,11,2,7,7,0.2857142857142857,1.5714285714285714,True,unassessed
900,G_exploratory_L,5,mapped,95.0,CL_SII,CL_secondary_somatosensory_cortex,285.3125000000001,7,3,7,7,0.42857142857142855,1.0,True,unassessed
900,G_exploratory_L,5,mapped,227.0,CL_Ins,CL_insula,260.9062500000001,3,1,7,7,0.14285714285714285,0.42857142857142855,True,unassessed
900,G_exploratory_L,5,mapped,1056.0,SL_Pu,SL_putamen,895.1093750000003,1,1,7,7,0.14285714285714285,0.14285714285714285,True,unassessed
900,G_exploratory_L,5,mapped,1058.0,SL_ic,SL_internal_capsule,230.7343750000001,1,1,7,7,0.14285714285714285,0.14285714285714285,True,unassessed
900,G_exploratory_L,5,mapped,1243.0,SL_Pn,SL_pontine_nucleus,254.6875000000001,2,1,7,7,0.14285714285714285,0.2857142857142857,True,unassessed
900,G_exploratory_L,5,zero_unassigned,0.0,,,,59,5,7,7,0.7142857142857143,8.428571428571429,True,unassessed
900,G_exploratory_L,6,mapped,42.0,CL_Ial,CL_lateral_agranular_insula_area,47.98437500000002,2,1,7,7,0.14285714285714285,0.2857142857142857,True,unassessed
900,G_exploratory_L,6,mapped,48.0,CL_G,CL_gustatory_cortex,40.12500000000002,145,6,7,7,0.8571428571428571,20.714285714285715,True,unassessed
900,G_exploratory_L,6,mapped,49.0,CL_PrCO,CL_precentral_operular_area,95.95312500000004,6,2,7,7,0.2857142857142857,0.8571428571428571,True,unassessed
900,G_exploratory_L,6,mapped,85.0,CL_F4,CL_area_F4_of_ventral_premotor_cortex,266.5937500000001,76,1,7,7,0.14285714285714285,10.857142857142858,True,unassessed
900,G_exploratory_L,6,mapped,86.0,CL_F5,CL_area_F5_of_ventral_premotor_cortex,434.01562500000017,204,3,7,7,0.42857142857142855,29.142857142857142,True,unassessed
900,G_exploratory_L,6,mapped,94.0,CL_areas_1-2,CL_areas_1-2,655.2968750000003,11,2,7,7,0.2857142857142857,1.5714285714285714,True,unassessed
900,G_exploratory_L,6,mapped,95.0,CL_SII,CL_secondary_somatosensory_cortex,285.3125000000001,7,3,7,7,0.42857142857142855,1.0,True,unassessed
900,G_exploratory_L,6,mapped,228.0,CL_Ia/Id,CL_agranular_and_dysgranular_insula,164.56250000000009,3,1,7,7,0.14285714285714285,0.42857142857142855,True,unassessed
900,G_exploratory_L,6,mapped,1056.0,SL_Pu,SL_putamen,895.1093750000003,1,1,7,7,0.14285714285714285,0.14285714285714285,True,unassessed
900,G_exploratory_L,6,mapped,1058.0,SL_ic,SL_internal_capsule,230.7343750000001,1,1,7,7,0.14285714285714285,0.14285714285714285,True,unassessed
900,G_exploratory_L,6,mapped,1243.0,SL_Pn,SL_pontine_nucleus,254.6875000000001,2,1,7,7,0.14285714285714285,0.2857142857142857,True,unassessed
900,G_exploratory_L,6,zero_unassigned,0.0,,,,59,5,7,7,0.7142857142857143,8.428571428571429,True,unassessed
900,G_exploratory_R,1,mapped,501.0,CR_Frontal,CR_Frontal_Lobe,6154.890625000003,84,2,2,2,1.0,42.0,True,unassessed
900,G_exploratory_R,1,mapped,590.0,CR_Parietal,CR_Parietal_Lobe,3774.453125000002,4,1,2,2,0.5,2.0,True,unassessed
900,G_exploratory_R,1,zero_unassigned,0.0,,,,9,2,2,2,1.0,4.5,True,unassessed
900,G_exploratory_R,2,mapped,516.0,CR_OFC,CR_orbital_frontal_cortex,1344.9218750000007,84,2,2,2,1.0,42.0,True,unassessed
900,G_exploratory_R,2,mapped,591.0,CR_SI/SII,CR_somatosensory_cortex,1186.0000000000005,4,1,2,2,0.5,2.0,True,unassessed
900,G_exploratory_R,2,zero_unassigned,0.0,,,,9,2,2,2,1.0,4.5,True,unassessed
900,G_exploratory_R,3,mapped,537.0,CR_caudal_OFC,CR_caudal_orbital_frontal_cortex,331.17187500000017,84,2,2,2,1.0,42.0,True,unassessed
900,G_exploratory_R,3,mapped,595.0,CR_SII,CR_secondary_somatosensory_cortex,285.3125000000001,4,1,2,2,0.5,2.0,True,unassessed
900,G_exploratory_R,3,zero_unassigned,0.0,,,,9,2,2,2,1.0,4.5,True,unassessed
900,G_exploratory_R,4,mapped,547.0,CR_cl_OFC,CR_caudolateral_orbitofrontal_cortex,136.07812500000006,84,2,2,2,1.0,42.0,True,unassessed
900,G_exploratory_R,4,mapped,595.0,CR_SII,CR_secondary_somatosensory_cortex,285.3125000000001,4,1,2,2,0.5,2.0,True,unassessed
900,G_exploratory_R,4,zero_unassigned,0.0,,,,9,2,2,2,1.0,4.5,True,unassessed
900,G_exploratory_R,5,mapped,548.0,CR_G,CR_gustatory_cortex,40.12500000000002,82,2,2,2,1.0,41.0,True,unassessed
900,G_exploratory_R,5,mapped,549.0,CR_PrCO,CR_precentral_operular_area,95.95312500000004,2,1,2,2,0.5,1.0,True,unassessed
900,G_exploratory_R,5,mapped,595.0,CR_SII,CR_secondary_somatosensory_cortex,285.3125000000001,4,1,2,2,0.5,2.0,True,unassessed
900,G_exploratory_R,5,zero_unassigned,0.0,,,,9,2,2,2,1.0,4.5,True,unassessed
900,G_exploratory_R,6,mapped,548.0,CR_G,CR_gustatory_cortex,40.12500000000002,82,2,2,2,1.0,41.0,True,unassessed
900,G_exploratory_R,6,mapped,549.0,CR_PrCO,CR_precentral_operular_area,95.95312500000004,2,1,2,2,0.5,1.0,True,unassessed
900,G_exploratory_R,6,mapped,595.0,CR_SII,CR_secondary_somatosensory_cortex,285.3125000000001,4,1,2,2,0.5,2.0,True,unassessed
900,G_exploratory_R,6,zero_unassigned,0.0,,,,9,2,2,2,1.0,4.5,True,unassessed
936,Candidate_R,1,mapped,590.0,CR_Parietal,CR_Parietal_Lobe,3774.453125000002,11,1,1,1,1.0,11.0,True,unassessed
936,Candidate_R,1,mapped,638.0,CR_Temporal,CR_Temporal_Lobe,4285.390625000002,1,1,1,1,1.0,1.0,True,unassessed
936,Candidate_R,1,zero_unassigned,0.0,,,,19,1,1,1,1.0,19.0,True,unassessed
936,Candidate_R,2,mapped,591.0,CR_SI/SII,CR_somatosensory_cortex,1186.0000000000005,10,1,1,1,1.0,10.0,True,unassessed
936,Candidate_R,2,mapped,612.0,CR_IPL,CR_inferior_parietal_lobule,1044.0156250000005,1,1,1,1,1.0,1.0,True,unassessed
936,Candidate_R,2,mapped,724.0,CR_floor_of_ls,CR_floor_of_the_lateral_sulcus,303.2968750000001,1,1,1,1,1.0,1.0,True,unassessed
936,Candidate_R,2,zero_unassigned,0.0,,,,19,1,1,1,1.0,19.0,True,unassessed
936,Candidate_R,3,mapped,595.0,CR_SII,CR_secondary_somatosensory_cortex,285.3125000000001,10,1,1,1,1.0,10.0,True,unassessed
936,Candidate_R,3,mapped,620.0,CR_area_7_in_IPL,CR_area_7_in_the_inferior_parietal_lobule,560.8125000000002,1,1,1,1,1.0,1.0,True,unassessed
936,Candidate_R,3,mapped,724.0,CR_floor_of_ls,CR_floor_of_the_lateral_sulcus,303.2968750000001,1,1,1,1,1.0,1.0,True,unassessed
936,Candidate_R,3,zero_unassigned,0.0,,,,19,1,1,1,1.0,19.0,True,unassessed
936,Candidate_R,4,mapped,595.0,CR_SII,CR_secondary_somatosensory_cortex,285.3125000000001,10,1,1,1,1.0,10.0,True,unassessed
936,Candidate_R,4,mapped,620.0,CR_area_7_in_IPL,CR_area_7_in_the_inferior_parietal_lobule,560.8125000000002,1,1,1,1,1.0,1.0,True,unassessed
936,Candidate_R,4,mapped,725.0,CR_Ins/Pi,CR_insula_and_parainsula,288.1875000000001,1,1,1,1,1.0,1.0,True,unassessed
936,Candidate_R,4,zero_unassigned,0.0,,,,19,1,1,1,1.0,19.0,True,unassessed
936,Candidate_R,5,mapped,595.0,CR_SII,CR_secondary_somatosensory_cortex,285.3125000000001,10,1,1,1,1.0,10.0,True,unassessed
936,Candidate_R,5,mapped,621.0,CR_area_7a/b,CR_inferior_parietal_lobule_areas_7a_and_7b,393.17187500000017,1,1,1,1,1.0,1.0,True,unassessed
936,Candidate_R,5,mapped,727.0,CR_Ins,CR_insula,260.9062500000001,1,1,1,1,1.0,1.0,True,unassessed
936,Candidate_R,5,zero_unassigned,0.0,,,,19,1,1,1,1.0,19.0,True,unassessed
936,Candidate_R,6,mapped,595.0,CR_SII,CR_secondary_somatosensory_cortex,285.3125000000001,10,1,1,1,1.0,10.0,True,unassessed
936,Candidate_R,6,mapped,623.0,CR_area_7b,CR_rostral_inferior_parietal_lobule_area_7b_(PFG/PF),97.59375000000004,1,1,1,1,1.0,1.0,True,unassessed
936,Candidate_R,6,mapped,728.0,CR_Ia/Id,CR_agranular_and_dysgranular_insula,164.56250000000009,1,1,1,1,1.0,1.0,True,unassessed
936,Candidate_R,6,zero_unassigned,0.0,,,,19,1,1,1,1.0,19.0,True,unassessed
936,HumanINS_L,1,mapped,1.0,CL_Frontal,CL_Frontal_Lobe,6154.890625000003,2436,32,103,91,0.3516483516483517,26.76923076923077,True,unassessed
936,HumanINS_L,1,mapped,90.0,CL_Parietal,CL_Parietal_Lobe,3774.453125000002,862,21,103,91,0.23076923076923078,9.472527472527473,True,unassessed
936,HumanINS_L,1,mapped,138.0,CL_Temporal,CL_Temporal_Lobe,4285.390625000002,5015,78,103,91,0.8571428571428571,55.10989010989011,True,unassessed
936,HumanINS_L,1,mapped,501.0,CR_Frontal,CR_Frontal_Lobe,6154.890625000003,1,1,103,91,0.01098901098901099,0.01098901098901099,True,unassessed
936,HumanINS_L,1,mapped,1001.0,SL_tel,SL_telencephalon,3805.562500000002,1666,48,103,91,0.5274725274725275,18.307692307692307,True,unassessed
936,HumanINS_L,1,mapped,1082.0,SL_di,SL_diencephalon,1285.0937500000007,270,11,103,91,0.12087912087912088,2.967032967032967,True,unassessed
936,HumanINS_L,1,mapped,1169.0,SL_mes,SL_mesencephalon,635.8437500000002,84,3,103,91,0.03296703296703297,0.9230769230769231,True,unassessed
936,HumanINS_L,1,mapped,1211.0,SL_met,SL_metencephalon,4219.281250000002,3,1,103,91,0.01098901098901099,0.03296703296703297,True,unassessed
936,HumanINS_L,1,mapped,1286.0,SL_myel,SL_myelencephalon,472.2343750000002,5,1,103,91,0.01098901098901099,0.054945054945054944,True,unassessed
936,HumanINS_L,1,zero_unassigned,0.0,,,,2225,76,103,91,0.8351648351648352,24.45054945054945,True,unassessed
936,HumanINS_L,2,mapped,2.0,CL_ACgG,CL_anterior_cingulate_gyrus,602.7656250000002,233,3,103,91,0.03296703296703297,2.5604395604395602,True,unassessed
936,HumanINS_L,2,mapped,16.0,CL_OFC,CL_orbital_frontal_cortex,1344.9218750000007,1468,28,103,91,0.3076923076923077,16.13186813186813,True,unassessed
936,HumanINS_L,2,mapped,50.0,CL_lat_PFC,CL_lateral_prefrontal_cortex,1665.2031250000007,620,10,103,91,0.10989010989010989,6.813186813186813,True,unassessed
936,HumanINS_L,2,mapped,77.0,CL_motor,CL_motor_cortex,2542.000000000001,115,6,103,91,0.06593406593406594,1.2637362637362637,True,unassessed
936,HumanINS_L,2,mapped,91.0,CL_SI/SII,CL_somatosensory_cortex,1186.0000000000005,286,14,103,91,0.15384615384615385,3.142857142857143,True,unassessed
936,HumanINS_L,2,mapped,96.0,CL_SPL,CL_superior_parietal_lobule,852.2656250000003,28,1,103,91,0.01098901098901099,0.3076923076923077,True,unassessed
936,HumanINS_L,2,mapped,112.0,CL_IPL,CL_inferior_parietal_lobule,1044.0156250000005,486,11,103,91,0.12087912087912088,5.34065934065934,True,unassessed
936,HumanINS_L,2,mapped,125.0,CL_PMC,CL_posterior_medial_cortex,692.1718750000003,62,1,103,91,0.01098901098901099,0.6813186813186813,True,unassessed
936,HumanINS_L,2,mapped,139.0,CL_MTL,CL_medial_temporal_lobe,423.42187500000017,74,5,103,91,0.054945054945054944,0.8131868131868132,True,unassessed
936,HumanINS_L,2,mapped,165.0,CL_TG,CL_temporal_pole,315.5156250000001,128,10,103,91,0.10989010989010989,1.4065934065934067,True,unassessed
936,HumanINS_L,2,mapped,175.0,CL_ITC,CL_inferior_temporal_cortex,1884.890625000001,60,3,103,91,0.03296703296703297,0.6593406593406593,True,unassessed
936,HumanINS_L,2,mapped,193.0,CL_STG/STSd,CL_superior_temporal_region,854.1250000000003,34,6,103,91,0.06593406593406594,0.37362637362637363,True,unassessed
936,HumanINS_L,2,mapped,204.0,CL_core/belt,CL_core_and_belt_areas_of_auditory_cortex,504.1406250000002,30,10,103,91,0.10989010989010989,0.32967032967032966,True,unassessed
936,HumanINS_L,2,mapped,224.0,CL_floor_of_ls,CL_floor_of_the_lateral_sulcus,303.2968750000001,4689,72,103,91,0.7912087912087912,51.527472527472526,True,unassessed
936,HumanINS_L,2,mapped,502.0,CR_ACgG,CR_anterior_cingulate_gyrus,602.7656250000002,1,1,103,91,0.01098901098901099,0.01098901098901099,True,unassessed
936,HumanINS_L,2,mapped,1002.0,SL_LVPal,SL_lateral_and_ventral_pallium,309.6718750000001,181,34,103,91,0.37362637362637363,1.989010989010989,True,unassessed
936,HumanINS_L,2,mapped,1010.0,SL_MPal,SL_medial_pallium,575.5000000000002,8,3,103,91,0.03296703296703297,0.08791208791208792,True,unassessed
936,HumanINS_L,2,mapped,1024.0,SL_Amy,SL_amygdala,302.0000000000001,228,13,103,91,0.14285714285714285,2.5054945054945055,True,unassessed
936,HumanINS_L,2,mapped,1050.0,SL_BG,SL_basal_ganglia,2261.015625000001,1235,30,103,91,0.32967032967032966,13.571428571428571,True,unassessed
936,HumanINS_L,2,mapped,1069.0,SL_DSP,SL_diagonal_subpallium,182.70312500000009,14,6,103,91,0.06593406593406594,0.15384615384615385,True,unassessed
936,HumanINS_L,2,mapped,1083.0,SL_Hy,SL_hypothalamus,235.7812500000001,1,1,103,91,0.01098901098901099,0.01098901098901099,True,unassessed
936,HumanINS_L,2,mapped,1111.0,SL_PreThal,SL_prethalamus,37.375000000000014,35,5,103,91,0.054945054945054944,0.38461538461538464,True,unassessed
936,HumanINS_L,2,mapped,1113.0,SL_Thal,SL_thalamus,970.0312500000005,233,9,103,91,0.0989010989010989,2.5604395604395602,True,unassessed
936,HumanINS_L,2,mapped,1163.0,SL_PrT,SL_pretectum,26.54687500000001,1,1,103,91,0.01098901098901099,0.01098901098901099,True,unassessed
936,HumanINS_L,2,mapped,1170.0,SL_Mid,SL_midbrain,635.8437500000002,84,3,103,91,0.03296703296703297,0.9230769230769231,True,unassessed
936,HumanINS_L,2,mapped,1212.0,SL_Pons,SL_pons,782.1093750000003,3,1,103,91,0.01098901098901099,0.03296703296703297,True,unassessed
936,HumanINS_L,2,mapped,1287.0,SL_Med,SL_medulla,472.2343750000002,5,1,103,91,0.01098901098901099,0.054945054945054944,True,unassessed
936,HumanINS_L,2,zero_unassigned,0.0,,,,2225,76,103,91,0.8351648351648352,24.45054945054945,True,unassessed
936,HumanINS_L,3,mapped,3.0,CL_ACC,CL_anterior_cingulate_cortex,414.39062500000017,193,3,103,91,0.03296703296703297,2.120879120879121,True,unassessed
936,HumanINS_L,3,mapped,11.0,CL_MCC,CL_midcingulate_cortex,188.37500000000009,40,1,103,91,0.01098901098901099,0.43956043956043955,True,unassessed
936,HumanINS_L,3,mapped,17.0,CL_med_OFC,CL_medial_orbital_frontal_cortex,305.6093750000001,38,2,103,91,0.02197802197802198,0.4175824175824176,True,unassessed
936,HumanINS_L,3,mapped,25.0,CL_lat_OFC,CL_lateral_orbital_frontal_cortex,708.1406250000003,208,15,103,91,0.16483516483516483,2.2857142857142856,True,unassessed
936,HumanINS_L,3,mapped,37.0,CL_caudal_OFC,CL_caudal_orbital_frontal_cortex,331.17187500000017,1222,28,103,91,0.3076923076923077,13.428571428571429,True,unassessed
936,HumanINS_L,3,mapped,51.0,CL_area_8A,CL_periarcuate_area_8A_(Frontal_Eye_Fields),105.62500000000004,60,1,103,91,0.01098901098901099,0.6593406593406593,True,unassessed
936,HumanINS_L,3,mapped,54.0,CL_dlPFC,CL_dorsolateral_prefrontal_cortex,878.7187500000003,17,1,103,91,0.01098901098901099,0.18681318681318682,True,unassessed
936,HumanINS_L,3,mapped,64.0,CL_vlPFC,CL_ventrolateral_prefrontal_cortex,680.8593750000003,543,10,103,91,0.10989010989010989,5.967032967032967,True,unassessed
936,HumanINS_L,3,mapped,78.0,CL_M1/PM,CL_lateral_motor_cortex,2230.484375000001,101,6,103,91,0.06593406593406594,1.10989010989011,True,unassessed
936,HumanINS_L,3,mapped,87.0,CL_SMA/preSMA,CL_medial_supplementary_motor_areas,311.5156250000001,14,1,103,91,0.01098901098901099,0.15384615384615385,True,unassessed
936,HumanINS_L,3,mapped,92.0,CL_SI,CL_primary_somatosensory_cortex,900.6875000000005,2,1,103,91,0.01098901098901099,0.02197802197802198,True,unassessed
936,HumanINS_L,3,mapped,95.0,CL_SII,CL_secondary_somatosensory_cortex,285.3125000000001,284,14,103,91,0.15384615384615385,3.120879120879121,True,unassessed
936,HumanINS_L,3,mapped,102.0,CL_area_5,CL_area_5,446.93750000000017,28,1,103,91,0.01098901098901099,0.3076923076923077,True,unassessed
936,HumanINS_L,3,mapped,119.0,CL_MST,CL_medial_superior_temporal_area,150.20312500000006,44,1,103,91,0.01098901098901099,0.4835164835164835,True,unassessed
936,HumanINS_L,3,mapped,120.0,CL_area_7_in_IPL,CL_area_7_in_the_inferior_parietal_lobule,560.8125000000002,442,10,103,91,0.10989010989010989,4.857142857142857,True,unassessed
936,HumanINS_L,3,mapped,127.0,CL_PCgG,CL_posterior_cingulate_gyrus,509.1250000000002,62,1,103,91,0.01098901098901099,0.6813186813186813,True,unassessed
936,HumanINS_L,3,mapped,153.0,CL_Rh,CL_rhinal_cortex,280.2343750000001,74,5,103,91,0.054945054945054944,0.8131868131868132,True,unassessed
936,HumanINS_L,3,mapped,165.0,CL_TG,CL_temporal_pole,315.5156250000001,128,10,103,91,0.10989010989010989,1.4065934065934067,True,unassessed
936,HumanINS_L,3,mapped,177.0,CL_TE,CL_area_TE,1175.3906250000005,11,2,103,91,0.02197802197802198,0.12087912087912088,True,unassessed
936,HumanINS_L,3,mapped,188.0,CL_STSf,CL_fundus_of_the_superior_temporal_sulcus,425.15625000000017,49,3,103,91,0.03296703296703297,0.5384615384615384,True,unassessed
936,HumanINS_L,3,mapped,194.0,CL_STGr/STSd,CL_rostral_superior_temporal_region,593.8125000000002,12,3,103,91,0.03296703296703297,0.13186813186813187,True,unassessed
936,HumanINS_L,3,mapped,199.0,CL_STGc,CL_caudal_superior_temporal_gyrus,260.3125000000001,22,4,103,91,0.04395604395604396,0.24175824175824176,True,unassessed
936,HumanINS_L,3,mapped,205.0,CL_belt,CL_belt_areas_of_auditory_cortex,316.8750000000001,26,8,103,91,0.08791208791208792,0.2857142857142857,True,unassessed
936,HumanINS_L,3,mapped,219.0,CL_core,CL_core_areas_of_auditory_cortex,159.23437500000006,4,2,103,91,0.02197802197802198,0.04395604395604396,True,unassessed
936,HumanINS_L,3,mapped,224.0,CL_floor_of_ls,CL_floor_of_the_lateral_sulcus,303.2968750000001,4689,72,103,91,0.7912087912087912,51.527472527472526,True,unassessed
936,HumanINS_L,3,mapped,511.0,CR_MCC,CR_midcingulate_cortex,188.37500000000009,1,1,103,91,0.01098901098901099,0.01098901098901099,True,unassessed
936,HumanINS_L,3,mapped,1003.0,SL_LPal,SL_lateral_pallium,255.1562500000001,136,33,103,91,0.3626373626373626,1.4945054945054945,True,unassessed
936,HumanINS_L,3,mapped,1005.0,SL_VPal,SL_ventral_pallium,54.51562500000002,45,5,103,91,0.054945054945054944,0.4945054945054945,True,unassessed
936,HumanINS_L,3,mapped,1011.0,SL_HF,SL_hippocampal_formation,532.0937500000002,8,3,103,91,0.03296703296703297,0.08791208791208792,True,unassessed
936,HumanINS_L,3,mapped,1025.0,SL_pAmy,SL_pallial_amygdala,217.79687500000009,54,9,103,91,0.0989010989010989,0.5934065934065934,True,unassessed
936,HumanINS_L,3,mapped,1040.0,SL_spAmy,SL_subpallial_amygdala,84.20312500000004,174,10,103,91,0.10989010989010989,1.9120879120879122,True,unassessed
936,HumanINS_L,3,mapped,1051.0,SL_Str,SL_striatum,1922.421875000001,1187,29,103,91,0.31868131868131866,13.043956043956044,True,unassessed
936,HumanINS_L,3,mapped,1062.0,SL_Pd,SL_pallidum,338.59375000000017,48,7,103,91,0.07692307692307693,0.5274725274725275,True,unassessed
936,HumanINS_L,3,mapped,1069.0,SL_DSP,SL_diagonal_subpallium,182.70312500000009,14,6,103,91,0.06593406593406594,0.15384615384615385,True,unassessed
936,HumanINS_L,3,mapped,1100.0,SL_PHy,SL_posterior_hypothalamus,36.843750000000014,1,1,103,91,0.01098901098901099,0.01098901098901099,True,unassessed
936,HumanINS_L,3,mapped,1112.0,SL_ZI-H,SL_zona_incerta_and_lenticular_fascicles,37.375000000000014,35,5,103,91,0.054945054945054944,0.38461538461538464,True,unassessed
936,HumanINS_L,3,mapped,1115.0,SL_MThal,SL_medial_thalamus,208.23437500000009,29,5,103,91,0.054945054945054944,0.31868131868131866,True,unassessed
936,HumanINS_L,3,mapped,1127.0,SL_MLThal,SL_midline_thalamus,71.21875000000003,49,1,103,91,0.01098901098901099,0.5384615384615384,True,unassessed
936,HumanINS_L,3,mapped,1135.0,SL_VThal,SL_ventral_thalamus,291.4218750000001,4,4,103,91,0.04395604395604396,0.04395604395604396,True,unassessed
936,HumanINS_L,3,mapped,1148.0,SL_PThal,SL_posterior_thalamus,208.48437500000009,147,5,103,91,0.054945054945054944,1.6153846153846154,True,unassessed
936,HumanINS_L,3,mapped,1157.0,SL_GThal,SL_geniculate_thalamus,121.76562500000006,4,3,103,91,0.03296703296703297,0.04395604395604396,True,unassessed
936,HumanINS_L,3,mapped,1163.0,SL_PrT,SL_pretectum,26.54687500000001,1,1,103,91,0.01098901098901099,0.01098901098901099,True,unassessed
936,HumanINS_L,3,mapped,1171.0,SL_DMid,SL_dorsal_midbrain,189.04687500000009,71,1,103,91,0.01098901098901099,0.7802197802197802,True,unassessed
936,HumanINS_L,3,mapped,1180.0,SL_LMid,SL_lateral_midbrain,118.42187500000006,8,3,103,91,0.03296703296703297,0.08791208791208792,True,unassessed
936,HumanINS_L,3,mapped,1200.0,SL_VMid,SL_ventral_midbrain,261.3593750000001,5,1,103,91,0.01098901098901099,0.054945054945054944,True,unassessed
936,HumanINS_L,3,mapped,1213.0,SL_DPons,SL_dorsal_pons,69.45312500000003,3,1,103,91,0.01098901098901099,0.03296703296703297,True,unassessed
936,HumanINS_L,3,mapped,1288.0,SL_DMed,SL_dorsal_medulla,225.8593750000001,5,1,103,91,0.01098901098901099,0.054945054945054944,True,unassessed
936,HumanINS_L,3,zero_unassigned,0.0,,,,2225,76,103,91,0.8351648351648352,24.45054945054945,True,unassessed
936,HumanINS_L,4,key_level_conflict,45.0,CL_AON/TTv,CL_anterior_olfactory_cortex,,41,5,103,91,0.054945054945054944,0.45054945054945056,True,unassessed
936,HumanINS_L,4,mapped,5.0,CL_area_25,CL_subgenual_cortex,32.890625000000014,31,2,103,91,0.02197802197802198,0.34065934065934067,True,unassessed
936,HumanINS_L,4,mapped,6.0,CL_area_24,CL_area_24,289.8906250000001,162,2,103,91,0.02197802197802198,1.7802197802197801,True,unassessed
936,HumanINS_L,4,mapped,11.0,CL_MCC,CL_midcingulate_cortex,188.37500000000009,40,1,103,91,0.01098901098901099,0.43956043956043955,True,unassessed
936,HumanINS_L,4,mapped,18.0,CL_area_10,CL_frontal_pole,235.2968750000001,7,1,103,91,0.01098901098901099,0.07692307692307693,True,unassessed
936,HumanINS_L,4,mapped,22.0,CL_area_14,CL_gyrus_rectus,70.31250000000003,31,2,103,91,0.02197802197802198,0.34065934065934067,True,unassessed
936,HumanINS_L,4,mapped,26.0,CL_areas_11/13,CL_areas_11_and_13,557.4062500000002,130,12,103,91,0.13186813186813187,1.4285714285714286,True,unassessed
936,HumanINS_L,4,mapped,34.0,CL_area_12m/o,CL_medial_and_orbital_area_12,150.73437500000006,78,7,103,91,0.07692307692307693,0.8571428571428571,True,unassessed
936,HumanINS_L,4,mapped,38.0,CL_OFa-p,CL_agranular_orbitofrontal_cortex,169.45312500000009,1023,24,103,91,0.26373626373626374,11.241758241758241,True,unassessed
936,HumanINS_L,4,mapped,47.0,CL_cl_OFC,CL_caudolateral_orbitofrontal_cortex,136.07812500000006,158,10,103,91,0.10989010989010989,1.7362637362637363,True,unassessed
936,HumanINS_L,4,mapped,51.0,CL_area_8A,CL_periarcuate_area_8A_(Frontal_Eye_Fields),105.62500000000004,60,1,103,91,0.01098901098901099,0.6593406593406593,True,unassessed
936,HumanINS_L,4,mapped,59.0,CL_rostral_dlPFC,CL_rostral_dorsolateral_prefrontal_cortex,594.5625000000002,17,1,103,91,0.01098901098901099,0.18681318681318682,True,unassessed
936,HumanINS_L,4,mapped,65.0,CL_rostral_vlPFC,CL_rostral_ventrolateral_prefrontal_cortex,465.9531250000002,397,9,103,91,0.0989010989010989,4.362637362637362,True,unassessed
936,HumanINS_L,4,mapped,72.0,CL_caudal_vlPFC,CL_caudal_ventrolateral_prefrontal_cortex,214.90625000000009,146,4,103,91,0.04395604395604396,1.6043956043956045,True,unassessed
936,HumanINS_L,4,mapped,79.0,CL_M1,CL_primary_motor_cortex,762.1250000000003,35,1,103,91,0.01098901098901099,0.38461538461538464,True,unassessed
936,HumanINS_L,4,mapped,80.0,CL_PM,CL_premotor_cortex,1468.3593750000007,66,6,103,91,0.06593406593406594,0.7252747252747253,True,unassessed
936,HumanINS_L,4,mapped,87.0,CL_SMA/preSMA,CL_medial_supplementary_motor_areas,311.5156250000001,14,1,103,91,0.01098901098901099,0.15384615384615385,True,unassessed
936,HumanINS_L,4,mapped,92.0,CL_SI,CL_primary_somatosensory_cortex,900.6875000000005,2,1,103,91,0.01098901098901099,0.02197802197802198,True,unassessed
936,HumanINS_L,4,mapped,95.0,CL_SII,CL_secondary_somatosensory_cortex,285.3125000000001,284,14,103,91,0.15384615384615385,3.120879120879121,True,unassessed
936,HumanINS_L,4,mapped,102.0,CL_area_5,CL_area_5,446.93750000000017,28,1,103,91,0.01098901098901099,0.3076923076923077,True,unassessed
936,HumanINS_L,4,mapped,119.0,CL_MST,CL_medial_superior_temporal_area,150.20312500000006,44,1,103,91,0.01098901098901099,0.4835164835164835,True,unassessed
936,HumanINS_L,4,mapped,120.0,CL_area_7_in_IPL,CL_area_7_in_the_inferior_parietal_lobule,560.8125000000002,442,10,103,91,0.10989010989010989,4.857142857142857,True,unassessed
936,HumanINS_L,4,mapped,128.0,CL_PCC,CL_posterior_cingulate_cortex,464.3281250000002,62,1,103,91,0.01098901098901099,0.6813186813186813,True,unassessed
936,HumanINS_L,4,mapped,154.0,CL_ERh,CL_entorhinal_cortex,130.48437500000006,31,4,103,91,0.04395604395604396,0.34065934065934067,True,unassessed
936,HumanINS_L,4,mapped,160.0,CL_PRh,CL_perirhinal_cortex,149.75000000000006,43,3,103,91,0.03296703296703297,0.4725274725274725,True,unassessed
936,HumanINS_L,4,mapped,166.0,CL_TGa,CL_agranular_temporal_pole,76.29687500000003,31,7,103,91,0.07692307692307693,0.34065934065934067,True,unassessed
936,HumanINS_L,4,mapped,167.0,CL_TGg/TGd,CL_granular_and_dysgranular_temporal_pole,239.2187500000001,97,6,103,91,0.06593406593406594,1.065934065934066,True,unassessed
936,HumanINS_L,4,mapped,178.0,CL_gyral_TE,CL_gyral_aspect_of_area_TE,874.3125000000003,2,1,103,91,0.01098901098901099,0.02197802197802198,True,unassessed
936,HumanINS_L,4,mapped,185.0,CL_TE_in_STSv,CL_area_TE_in_the_ventral_STS,301.0781250000001,9,2,103,91,0.02197802197802198,0.0989010989010989,True,unassessed
936,HumanINS_L,4,mapped,188.0,CL_STSf,CL_fundus_of_the_superior_temporal_sulcus,425.15625000000017,49,3,103,91,0.03296703296703297,0.5384615384615384,True,unassessed
936,HumanINS_L,4,mapped,195.0,CL_STSd,CL_dorsal_bank_of_the_superior_temporal_sulcus,451.8750000000002,12,3,103,91,0.03296703296703297,0.13186813186813187,True,unassessed
936,HumanINS_L,4,mapped,199.0,CL_STGc,CL_caudal_superior_temporal_gyrus,260.3125000000001,22,4,103,91,0.04395604395604396,0.24175824175824176,True,unassessed
936,HumanINS_L,4,mapped,206.0,CL_lat_belt,CL_lateral_belt_areas,188.89062500000009,1,1,103,91,0.01098901098901099,0.01098901098901099,True,unassessed
936,HumanINS_L,4,mapped,213.0,CL_med_belt,CL_medial_belt_areas,127.98437500000006,25,7,103,91,0.07692307692307693,0.27472527472527475,True,unassessed
936,HumanINS_L,4,mapped,219.0,CL_core,CL_core_areas_of_auditory_cortex,159.23437500000006,4,2,103,91,0.02197802197802198,0.04395604395604396,True,unassessed
936,HumanINS_L,4,mapped,225.0,CL_Ins/Pi,CL_insula_and_parainsula,288.1875000000001,4689,72,103,91,0.7912087912087912,51.527472527472526,True,unassessed
936,HumanINS_L,4,mapped,511.0,CR_MCC,CR_midcingulate_cortex,188.37500000000009,1,1,103,91,0.01098901098901099,0.01098901098901099,True,unassessed
936,HumanINS_L,4,mapped,1004.0,SL_Cl,SL_claustrum,255.1562500000001,136,33,103,91,0.3626373626373626,1.4945054945054945,True,unassessed
936,HumanINS_L,4,mapped,1006.0,SL_En,SL_endopiriform_claustrum,23.71875000000001,19,3,103,91,0.03296703296703297,0.2087912087912088,True,unassessed
936,HumanINS_L,4,mapped,1009.0,SL_Pir,SL_piriform_cortex,30.796875000000014,26,2,103,91,0.02197802197802198,0.2857142857142857,True,unassessed
936,HumanINS_L,4,mapped,1012.0,SL_HFA,SL_hippocampal_formation_anterior,353.15625000000017,8,3,103,91,0.03296703296703297,0.08791208791208792,True,unassessed
936,HumanINS_L,4,mapped,1026.0,SL_vpAmy,SL_ventropallial_amygdala,87.81250000000004,2,1,103,91,0.01098901098901099,0.02197802197802198,True,unassessed
936,HumanINS_L,4,mapped,1030.0,SL_lpAmy,SL_lateropallial_amygdala,129.98437500000006,52,9,103,91,0.0989010989010989,0.5714285714285714,True,unassessed
936,HumanINS_L,4,mapped,1041.0,SL_stAmy,SL_striatal_amygdala,13.843750000000005,96,6,103,91,0.06593406593406594,1.054945054945055,True,unassessed
936,HumanINS_L,4,mapped,1043.0,SL_mAmy,SL_medial_amygdala,40.71875000000002,21,7,103,91,0.07692307692307693,0.23076923076923078,True,unassessed
936,HumanINS_L,4,mapped,1046.0,SL_pdAmy,SL_pallidal_amygdala,29.640625000000014,57,5,103,91,0.054945054945054944,0.6263736263736264,True,unassessed
936,HumanINS_L,4,mapped,1052.0,SL_DStr,SL_dorsal_striatum,1809.218750000001,994,28,103,91,0.3076923076923077,10.923076923076923,True,unassessed
936,HumanINS_L,4,mapped,1059.0,SL_VStr,SL_ventral_striatum,113.20312500000006,193,11,103,91,0.12087912087912088,2.120879120879121,True,unassessed
936,HumanINS_L,4,mapped,1062.0,SL_Pd,SL_pallidum,338.59375000000017,48,7,103,91,0.07692307692307693,0.5274725274725275,True,unassessed
936,HumanINS_L,4,mapped,1070.0,SL_BR,SL_basal_nucleus_region,38.000000000000014,3,2,103,91,0.02197802197802198,0.03296703296703297,True,unassessed
936,HumanINS_L,4,mapped,1073.0,SL_ST,SL_bed_nucleus_of_the_stria_terminalis,42.00000000000002,1,1,103,91,0.01098901098901099,0.01098901098901099,True,unassessed
936,HumanINS_L,4,mapped,1074.0,SL_SDBR,SL_septum_diagonal_band_complex,102.70312500000004,10,4,103,91,0.04395604395604396,0.10989010989010989,True,unassessed
936,HumanINS_L,4,mapped,1103.0,SL_VPHy,SL_ventral_posterior_hypothalamus,14.968750000000007,1,1,103,91,0.01098901098901099,0.01098901098901099,True,unassessed
936,HumanINS_L,4,mapped,1112.0,SL_ZI-H,SL_zona_incerta_and_lenticular_fascicles,37.375000000000014,35,5,103,91,0.054945054945054944,0.38461538461538464,True,unassessed
936,HumanINS_L,4,mapped,1119.0,SL_ILThal,SL_intralaminar_thalamus,106.54687500000004,29,5,103,91,0.054945054945054944,0.31868131868131866,True,unassessed
936,HumanINS_L,4,mapped,1127.0,SL_MLThal,SL_midline_thalamus,71.21875000000003,49,1,103,91,0.01098901098901099,0.5384615384615384,True,unassessed
936,HumanINS_L,4,mapped,1143.0,SL_SpThal,SL_spinal_thalamus,88.20312500000004,4,4,103,91,0.04395604395604396,0.04395604395604396,True,unassessed
936,HumanINS_L,4,mapped,1151.0,SL_Pul,SL_pulvinar_thalamus,182.54687500000009,147,5,103,91,0.054945054945054944,1.6153846153846154,True,unassessed
936,HumanINS_L,4,mapped,1158.0,SL_DLG,SL_dorsal_lateral_geniculate,93.35937500000004,2,1,103,91,0.01098901098901099,0.02197802197802198,True,unassessed
936,HumanINS_L,4,mapped,1159.0,SL_MG,SL_medial_geniculate,28.406250000000014,2,2,103,91,0.02197802197802198,0.02197802197802198,True,unassessed
936,HumanINS_L,4,mapped,1163.0,SL_PrT,SL_pretectum,26.54687500000001,1,1,103,91,0.01098901098901099,0.01098901098901099,True,unassessed
936,HumanINS_L,4,mapped,1172.0,SL_Co,SL_colliculi,137.93750000000006,24,1,103,91,0.01098901098901099,0.26373626373626374,True,unassessed
936,HumanINS_L,4,mapped,1177.0,SL_PAGR,SL_periaqueductal_gray_region,51.10937500000002,47,1,103,91,0.01098901098901099,0.5164835164835165,True,unassessed
936,HumanINS_L,4,mapped,1181.0,SL_TgMid,SL_midbrain_tegmentum,36.937500000000014,1,1,103,91,0.01098901098901099,0.01098901098901099,True,unassessed
936,HumanINS_L,4,mapped,1189.0,SL_RtMid,SL_midbrain_reticulum,81.48437500000004,7,3,103,91,0.03296703296703297,0.07692307692307693,True,unassessed
936,HumanINS_L,4,mapped,1204.0,SL_DA_Mid,SL_midbrain_dopaminergic_complex,222.89062500000009,5,1,103,91,0.01098901098901099,0.054945054945054944,True,unassessed
936,HumanINS_L,4,mapped,1214.0,SL_PBC,SL_parabrachial_complex,45.84375000000002,3,1,103,91,0.01098901098901099,0.03296703296703297,True,unassessed
936,HumanINS_L,4,mapped,1294.0,SL_C5,SL_trigeminal_complex,57.53125000000003,5,1,103,91,0.01098901098901099,0.054945054945054944,True,unassessed
936,HumanINS_L,4,zero_unassigned,0.0,,,,2225,76,103,91,0.8351648351648352,24.45054945054945,True,unassessed
936,HumanINS_L,5,key_level_conflict,45.0,CL_AON/TTv,CL_anterior_olfactory_cortex,,41,5,103,91,0.054945054945054944,0.45054945054945056,True,unassessed
936,HumanINS_L,5,mapped,5.0,CL_area_25,CL_subgenual_cortex,32.890625000000014,31,2,103,91,0.02197802197802198,0.34065934065934067,True,unassessed
936,HumanINS_L,5,mapped,7.0,CL_area_24a/b,CL_areas_24a_and_24b,92.98437500000004,65,1,103,91,0.01098901098901099,0.7142857142857143,True,unassessed
936,HumanINS_L,5,mapped,10.0,CL_area_24c,CL_area_24c,196.90625000000009,97,2,103,91,0.02197802197802198,1.065934065934066,True,unassessed
936,HumanINS_L,5,mapped,15.0,CL_area_24c_prime,CL_area_24c',115.67187500000006,40,1,103,91,0.01098901098901099,0.43956043956043955,True,unassessed
936,HumanINS_L,5,mapped,18.0,CL_area_10,CL_frontal_pole,235.2968750000001,7,1,103,91,0.01098901098901099,0.07692307692307693,True,unassessed
936,HumanINS_L,5,mapped,22.0,CL_area_14,CL_gyrus_rectus,70.31250000000003,31,2,103,91,0.02197802197802198,0.34065934065934067,True,unassessed
936,HumanINS_L,5,mapped,27.0,CL_area_11,CL_area_11,138.23437500000006,2,1,103,91,0.01098901098901099,0.02197802197802198,True,unassessed
936,HumanINS_L,5,mapped,30.0,CL_area_13,CL_area_13,419.17187500000017,128,12,103,91,0.13186813186813187,1.4065934065934067,True,unassessed
936,HumanINS_L,5,mapped,34.0,CL_area_12m/o,CL_medial_and_orbital_area_12,150.73437500000006,78,7,103,91,0.07692307692307693,0.8571428571428571,True,unassessed
936,HumanINS_L,5,mapped,39.0,CL_Iam/Iapm,CL_medial_agranular_insular_region,24.17187500000001,89,12,103,91,0.13186813186813187,0.978021978021978,True,unassessed
936,HumanINS_L,5,mapped,40.0,CL_lat_Ia,CL_lateral_agranular_insular_region,145.28125000000006,934,23,103,91,0.25274725274725274,10.263736263736265,True,unassessed
936,HumanINS_L,5,mapped,48.0,CL_G,CL_gustatory_cortex,40.12500000000002,37,3,103,91,0.03296703296703297,0.4065934065934066,True,unassessed
936,HumanINS_L,5,mapped,49.0,CL_PrCO,CL_precentral_operular_area,95.95312500000004,121,7,103,91,0.07692307692307693,1.3296703296703296,True,unassessed
936,HumanINS_L,5,mapped,51.0,CL_area_8A,CL_periarcuate_area_8A_(Frontal_Eye_Fields),105.62500000000004,60,1,103,91,0.01098901098901099,0.6593406593406593,True,unassessed
936,HumanINS_L,5,mapped,63.0,CL_area_46d,CL_dorsal_area_46,282.5000000000001,17,1,103,91,0.01098901098901099,0.18681318681318682,True,unassessed
936,HumanINS_L,5,mapped,66.0,CL_area_46v/f,CL_ventral_and_fundus_portion_of_area_46,316.7187500000001,351,4,103,91,0.04395604395604396,3.857142857142857,True,unassessed
936,HumanINS_L,5,mapped,69.0,CL_area_12r/l,CL_rostral_and_lateral_area_12,149.23437500000006,46,5,103,91,0.054945054945054944,0.5054945054945055,True,unassessed
936,HumanINS_L,5,mapped,73.0,CL_area_45,CL_area_45,165.54687500000009,80,4,103,91,0.04395604395604396,0.8791208791208791,True,unassessed
936,HumanINS_L,5,mapped,76.0,CL_area_44,CL_area_44,49.35937500000002,66,3,103,91,0.03296703296703297,0.7252747252747253,True,unassessed
936,HumanINS_L,5,mapped,79.0,CL_M1,CL_primary_motor_cortex,762.1250000000003,35,1,103,91,0.01098901098901099,0.38461538461538464,True,unassessed
936,HumanINS_L,5,mapped,81.0,CL_PMd,CL_dorsal_premotor_cortex,767.7500000000003,10,1,103,91,0.01098901098901099,0.10989010989010989,True,unassessed
936,HumanINS_L,5,mapped,84.0,CL_PMv,CL_ventral_premotor_cortex,700.6093750000003,56,5,103,91,0.054945054945054944,0.6153846153846154,True,unassessed
936,HumanINS_L,5,mapped,89.0,CL_SMA,CL_supplementary_motor_area,196.45312500000009,14,1,103,91,0.01098901098901099,0.15384615384615385,True,unassessed
936,HumanINS_L,5,mapped,94.0,CL_areas_1-2,CL_areas_1-2,655.2968750000003,2,1,103,91,0.01098901098901099,0.02197802197802198,True,unassessed
936,HumanINS_L,5,mapped,95.0,CL_SII,CL_secondary_somatosensory_cortex,285.3125000000001,284,14,103,91,0.15384615384615385,3.120879120879121,True,unassessed
936,HumanINS_L,5,mapped,103.0,CL_area_5d,CL_dorsal_area_5,252.4843750000001,21,1,103,91,0.01098901098901099,0.23076923076923078,True,unassessed
936,HumanINS_L,5,mapped,106.0,CL_PEa,CL_area_PEa,194.45312500000009,7,1,103,91,0.01098901098901099,0.07692307692307693,True,unassessed
936,HumanINS_L,5,mapped,119.0,CL_MST,CL_medial_superior_temporal_area,150.20312500000006,44,1,103,91,0.01098901098901099,0.4835164835164835,True,unassessed
936,HumanINS_L,5,mapped,121.0,CL_area_7a/b,CL_inferior_parietal_lobule_areas_7a_and_7b,393.17187500000017,141,6,103,91,0.06593406593406594,1.5494505494505495,True,unassessed
936,HumanINS_L,5,mapped,124.0,CL_area_7op,CL_parietal_operculum,167.64062500000009,301,8,103,91,0.08791208791208792,3.3076923076923075,True,unassessed
936,HumanINS_L,5,mapped,130.0,CL_area_23,CL_area_23,296.8125000000001,62,1,103,91,0.01098901098901099,0.6813186813186813,True,unassessed
936,HumanINS_L,5,mapped,158.0,CL_mid_ERh,CL_middle_entorhinal_cortex,31.984375000000014,10,3,103,91,0.03296703296703297,0.10989010989010989,True,unassessed
936,HumanINS_L,5,mapped,159.0,CL_rostral_ERh,CL_rostral_entorhinal_cortex,47.82812500000002,21,4,103,91,0.04395604395604396,0.23076923076923078,True,unassessed
936,HumanINS_L,5,mapped,161.0,CL_area_35,CL_area_35,34.593750000000014,15,2,103,91,0.02197802197802198,0.16483516483516483,True,unassessed
936,HumanINS_L,5,mapped,162.0,CL_area_36,CL_area_36,115.15625000000006,28,2,103,91,0.02197802197802198,0.3076923076923077,True,unassessed
936,HumanINS_L,5,mapped,166.0,CL_TGa,CL_agranular_temporal_pole,76.29687500000003,31,7,103,91,0.07692307692307693,0.34065934065934067,True,unassessed
936,HumanINS_L,5,mapped,168.0,CL_TGd,CL_dysgranular_temporal_pole,91.85937500000004,48,5,103,91,0.054945054945054944,0.5274725274725275,True,unassessed
936,HumanINS_L,5,mapped,171.0,CL_TGg,CL_granular_temporal_pole,147.35937500000006,49,5,103,91,0.054945054945054944,0.5384615384615384,True,unassessed
936,HumanINS_L,5,mapped,182.0,CL_ant_TE,CL_anterior_area_TE,419.42187500000017,2,1,103,91,0.01098901098901099,0.02197802197802198,True,unassessed
936,HumanINS_L,5,mapped,185.0,CL_TE_in_STSv,CL_area_TE_in_the_ventral_STS,301.0781250000001,9,2,103,91,0.02197802197802198,0.0989010989010989,True,unassessed
936,HumanINS_L,5,mapped,189.0,CL_ant_STSf,CL_anterior_fundus_of_the_superior_temporal_sulcus,332.81250000000017,49,3,103,91,0.03296703296703297,0.5384615384615384,True,unassessed
936,HumanINS_L,5,mapped,196.0,CL_TPO,CL_temporal_parietooccipital_associated_area,280.6406250000001,12,3,103,91,0.03296703296703297,0.13186813186813187,True,unassessed
936,HumanINS_L,5,mapped,200.0,CL_Tpt,CL_temporo-parietal_area,97.45312500000004,22,4,103,91,0.04395604395604396,0.24175824175824176,True,unassessed
936,HumanINS_L,5,mapped,207.0,CL_CL/ML,CL_caudal_areas_of_the_lateral_belt,63.14062500000003,1,1,103,91,0.01098901098901099,0.01098901098901099,True,unassessed
936,HumanINS_L,5,mapped,214.0,CL_CM,CL_caudomedial_belt_region,60.00000000000003,13,3,103,91,0.03296703296703297,0.14285714285714285,True,unassessed
936,HumanINS_L,5,mapped,215.0,CL_RM/RTM,CL_rostral_areas_of_the_medial_belt,67.98437500000003,12,4,103,91,0.04395604395604396,0.13186813186813187,True,unassessed
936,HumanINS_L,5,mapped,220.0,CL_R/RT,CL_rostral_areas_of_the_core,69.73437500000003,3,1,103,91,0.01098901098901099,0.03296703296703297,True,unassessed
936,HumanINS_L,5,mapped,223.0,CL_AI,CL_primary_auditory_cortex,89.50000000000004,1,1,103,91,0.01098901098901099,0.01098901098901099,True,unassessed
936,HumanINS_L,5,mapped,226.0,CL_Pi,CL_parainsula,27.28125000000001,49,8,103,91,0.08791208791208792,0.5384615384615384,True,unassessed
936,HumanINS_L,5,mapped,227.0,CL_Ins,CL_insula,260.9062500000001,4640,71,103,91,0.7802197802197802,50.989010989010985,True,unassessed
936,HumanINS_L,5,mapped,515.0,CR_area_24c_prime,CR_area_24c',115.67187500000006,1,1,103,91,0.01098901098901099,0.01098901098901099,True,unassessed
936,HumanINS_L,5,mapped,1004.0,SL_Cl,SL_claustrum,255.1562500000001,136,33,103,91,0.3626373626373626,1.4945054945054945,True,unassessed
936,HumanINS_L,5,mapped,1007.0,SL_DEn,SL_dorsal_endopiriform_claustrum,14.203125000000007,10,3,103,91,0.03296703296703297,0.10989010989010989,True,unassessed
936,HumanINS_L,5,mapped,1008.0,SL_VEn,SL_ventral_endopiriform_claustrum,9.515625000000004,9,2,103,91,0.02197802197802198,0.0989010989010989,True,unassessed
936,HumanINS_L,5,mapped,1009.0,SL_Pir,SL_piriform_cortex,30.796875000000014,26,2,103,91,0.02197802197802198,0.2857142857142857,True,unassessed
936,HumanINS_L,5,mapped,1013.0,SL_HiA,SL_hippocampus_anterior,271.8750000000001,8,3,103,91,0.03296703296703297,0.08791208791208792,True,unassessed
936,HumanINS_L,5,mapped,1027.0,SL_BM,SL_basomedial_amygdaloid_nucleus,47.84375000000002,2,1,103,91,0.01098901098901099,0.02197802197802198,True,unassessed
936,HumanINS_L,5,mapped,1031.0,SL_La,SL_lateral_amygdaloid_nucleus,40.82812500000002,5,2,103,91,0.02197802197802198,0.054945054945054944,True,unassessed
936,HumanINS_L,5,mapped,1034.0,SL_APir,SL_amygdalopiriform_transition_area,27.85937500000001,2,1,103,91,0.01098901098901099,0.02197802197802198,True,unassessed
936,HumanINS_L,5,mapped,1035.0,SL_BL,SL_basolateral_amygdaloid_nucleus,47.54687500000002,41,7,103,91,0.07692307692307693,0.45054945054945056,True,unassessed
936,HumanINS_L,5,mapped,1039.0,SL_PaL,SL_paralaminar_amygdaloid_nucleus,13.750000000000005,4,1,103,91,0.01098901098901099,0.04395604395604396,True,unassessed
936,HumanINS_L,5,mapped,1042.0,SL_Ce,SL_central_amygdaloid_nucleus,13.843750000000005,96,6,103,91,0.06593406593406594,1.054945054945055,True,unassessed
936,HumanINS_L,5,mapped,1044.0,SL_Me,SL_medial_amygdaloid_nucleus,16.984375000000007,5,3,103,91,0.03296703296703297,0.054945054945054944,True,unassessed
936,HumanINS_L,5,mapped,1045.0,SL_AA,SL_anterior_amygdaloid_area,23.73437500000001,16,5,103,91,0.054945054945054944,0.17582417582417584,True,unassessed
936,HumanINS_L,5,mapped,1048.0,SL_IPAC,SL_posterior_interstitial_nucleus,4.906250000000002,4,1,103,91,0.01098901098901099,0.04395604395604396,True,unassessed
936,HumanINS_L,5,mapped,1049.0,SL_STIA,SL_intraamygdaloid_stria_terminalis,15.593750000000007,53,5,103,91,0.054945054945054944,0.5824175824175825,True,unassessed
936,HumanINS_L,5,mapped,1053.0,SL_Cd,SL_caudate,649.5625000000003,100,10,103,91,0.10989010989010989,1.098901098901099,True,unassessed
936,HumanINS_L,5,mapped,1056.0,SL_Pu,SL_putamen,895.1093750000003,741,26,103,91,0.2857142857142857,8.142857142857142,True,unassessed
936,HumanINS_L,5,mapped,1057.0,SL_ASt,SL_amygdalostriatal_transition,33.812500000000014,151,7,103,91,0.07692307692307693,1.6593406593406594,True,unassessed
936,HumanINS_L,5,mapped,1058.0,SL_ic,SL_internal_capsule,230.7343750000001,2,1,103,91,0.01098901098901099,0.02197802197802198,True,unassessed
936,HumanINS_L,5,mapped,1060.0,SL_Acb,SL_accumbens,94.96875000000004,188,10,103,91,0.10989010989010989,2.065934065934066,True,unassessed
936,HumanINS_L,5,mapped,1061.0,SL_Tu,SL_olfactory_tubercule,18.234375000000007,5,2,103,91,0.02197802197802198,0.054945054945054944,True,unassessed
936,HumanINS_L,5,mapped,1063.0,SL_GP,SL_globus_pallidus,239.7656250000001,1,1,103,91,0.01098901098901099,0.01098901098901099,True,unassessed
936,HumanINS_L,5,mapped,1067.0,SL_ac,SL_anterior_commissure,77.82812500000003,45,6,103,91,0.06593406593406594,0.4945054945054945,True,unassessed
936,HumanINS_L,5,mapped,1068.0,SL_VP,SL_ventral_pallidum,21.00000000000001,2,1,103,91,0.01098901098901099,0.02197802197802198,True,unassessed
936,HumanINS_L,5,mapped,1070.0,SL_BR,SL_basal_nucleus_region,38.000000000000014,3,2,103,91,0.02197802197802198,0.03296703296703297,True,unassessed
936,HumanINS_L,5,mapped,1073.0,SL_ST,SL_bed_nucleus_of_the_stria_terminalis,42.00000000000002,1,1,103,91,0.01098901098901099,0.01098901098901099,True,unassessed
936,HumanINS_L,5,mapped,1076.0,SL_SDB,SL_septum_diagonal_band,91.34375000000004,10,4,103,91,0.04395604395604396,0.10989010989010989,True,unassessed
936,HumanINS_L,5,mapped,1105.0,SL_MM/RM,SL_mammillary/retromammillary_hypothalamus,13.578125000000005,1,1,103,91,0.01098901098901099,0.01098901098901099,True,unassessed
936,HumanINS_L,5,mapped,1112.0,SL_ZI-H,SL_zona_incerta_and_lenticular_fascicles,37.375000000000014,35,5,103,91,0.054945054945054944,0.38461538461538464,True,unassessed
936,HumanINS_L,5,mapped,1121.0,SL_CMn-PF,SL_centromedial-parafascicular_thalamus,50.56250000000002,3,2,103,91,0.02197802197802198,0.03296703296703297,True,unassessed
936,HumanINS_L,5,mapped,1122.0,SL_SPFC,SL_suprafascicular_nucleus,8.187500000000004,1,1,103,91,0.01098901098901099,0.01098901098901099,True,unassessed
936,HumanINS_L,5,mapped,1124.0,SL_SG,SL_supra_geniculate,1.7343750000000007,1,1,103,91,0.01098901098901099,0.01098901098901099,True,unassessed
936,HumanINS_L,5,mapped,1125.0,SL_Lim,SL_limitans_thalamus,9.593750000000004,24,3,103,91,0.03296703296703297,0.26373626373626374,True,unassessed
936,HumanINS_L,5,mapped,1128.0,SL_IMD,SL_intermediodorsal_thalamus,11.781250000000005,48,1,103,91,0.01098901098901099,0.5274725274725275,True,unassessed
936,HumanINS_L,5,mapped,1133.0,SL_CM,SL_central_medial_thalamus,12.453125000000005,1,1,103,91,0.01098901098901099,0.01098901098901099,True,unassessed
936,HumanINS_L,5,mapped,1145.0,SL_VMPo-VMB,SL_ventromedial_posterior+basal_thalamus,11.859375000000005,3,3,103,91,0.03296703296703297,0.03296703296703297,True,unassessed
936,HumanINS_L,5,mapped,1146.0,SL_VPI,SL_ventroposterior_inferior_thalamus,11.250000000000005,1,1,103,91,0.01098901098901099,0.01098901098901099,True,unassessed
936,HumanINS_L,5,mapped,1152.0,SL_APul,SL_anterior_pulvinar,49.37500000000002,137,5,103,91,0.054945054945054944,1.5054945054945055,True,unassessed
936,HumanINS_L,5,mapped,1153.0,SL_MPul,SL_medial_pulvinar,44.68750000000002,10,2,103,91,0.02197802197802198,0.10989010989010989,True,unassessed
936,HumanINS_L,5,mapped,1158.0,SL_DLG,SL_dorsal_lateral_geniculate,93.35937500000004,2,1,103,91,0.01098901098901099,0.02197802197802198,True,unassessed
936,HumanINS_L,5,mapped,1159.0,SL_MG,SL_medial_geniculate,28.406250000000014,2,2,103,91,0.02197802197802198,0.02197802197802198,True,unassessed
936,HumanINS_L,5,mapped,1168.0,SL_p1Rt,SL_p1_mesencephalic_reticulum,16.453125000000007,1,1,103,91,0.01098901098901099,0.01098901098901099,True,unassessed
936,HumanINS_L,5,mapped,1173.0,SL_SCo,SL_superior_colliculus,78.59375000000003,2,1,103,91,0.01098901098901099,0.02197802197802198,True,unassessed
936,HumanINS_L,5,mapped,1174.0,SL_ICoC,SL_inferior_colliculus_complex,59.34375000000003,22,1,103,91,0.01098901098901099,0.24175824175824176,True,unassessed
936,HumanINS_L,5,mapped,1179.0,SL_PAG,SL_periaqueductal_gray,49.48437500000002,47,1,103,91,0.01098901098901099,0.5164835164835165,True,unassessed
936,HumanINS_L,5,mapped,1183.0,SL_MiTg,SL_microcellular_tegmentum,5.125000000000003,1,1,103,91,0.01098901098901099,0.01098901098901099,True,unassessed
936,HumanINS_L,5,mapped,1190.0,SL_mRt,SL_mesencephalic_reticular_formation,78.28125000000003,7,3,103,91,0.03296703296703297,0.07692307692307693,True,unassessed
936,HumanINS_L,5,mapped,1206.0,SL_SN,SL_substantia_nigra,111.21875000000004,4,1,103,91,0.01098901098901099,0.04395604395604396,True,unassessed
936,HumanINS_L,5,mapped,1210.0,SL_cp,SL_cerebral_peduncle,70.39062500000003,1,1,103,91,0.01098901098901099,0.01098901098901099,True,unassessed
936,HumanINS_L,5,mapped,1214.0,SL_PBC,SL_parabrachial_complex,45.84375000000002,3,1,103,91,0.01098901098901099,0.03296703296703297,True,unassessed
936,HumanINS_L,5,mapped,1295.0,SL_Nu5,SL_motor_trigeminal_nucleus,7.5468750000000036,5,1,103,91,0.01098901098901099,0.054945054945054944,True,unassessed
936,HumanINS_L,5,zero_unassigned,0.0,,,,2225,76,103,91,0.8351648351648352,24.45054945054945,True,unassessed
936,HumanINS_L,6,mapped,5.0,CL_area_25,CL_subgenual_cortex,32.890625000000014,31,2,103,91,0.02197802197802198,0.34065934065934067,True,unassessed
936,HumanINS_L,6,mapped,8.0,CL_area_24a,CL_area_24a,16.890625000000007,15,1,103,91,0.01098901098901099,0.16483516483516483,True,unassessed
936,HumanINS_L,6,mapped,9.0,CL_area_24b,CL_area_24b,76.09375000000003,50,1,103,91,0.01098901098901099,0.5494505494505495,True,unassessed
936,HumanINS_L,6,mapped,10.0,CL_area_24c,CL_area_24c,196.90625000000009,97,2,103,91,0.02197802197802198,1.065934065934066,True,unassessed
936,HumanINS_L,6,mapped,15.0,CL_area_24c_prime,CL_area_24c',115.67187500000006,40,1,103,91,0.01098901098901099,0.43956043956043955,True,unassessed
936,HumanINS_L,6,mapped,20.0,CL_area_10mc,CL_caudal_medial_frontal_pole,81.95312500000004,7,1,103,91,0.01098901098901099,0.07692307692307693,True,unassessed
936,HumanINS_L,6,mapped,23.0,CL_area_14r,CL_rostral_gyrus_rectus,30.843750000000014,1,1,103,91,0.01098901098901099,0.01098901098901099,True,unassessed
936,HumanINS_L,6,mapped,24.0,CL_area_14c,CL_caudal_gyrus_rectus,39.468750000000014,30,2,103,91,0.02197802197802198,0.32967032967032966,True,unassessed
936,HumanINS_L,6,mapped,29.0,CL_area_11l,CL_lateral_area_11,72.23437500000003,2,1,103,91,0.01098901098901099,0.02197802197802198,True,unassessed
936,HumanINS_L,6,mapped,31.0,CL_area_13a/b,CL_areas_13a_and_13b,124.10937500000006,35,2,103,91,0.02197802197802198,0.38461538461538464,True,unassessed
936,HumanINS_L,6,mapped,32.0,CL_area_13m,CL_medial_area_13,174.45312500000009,33,7,103,91,0.07692307692307693,0.3626373626373626,True,unassessed
936,HumanINS_L,6,mapped,33.0,CL_area_13l,CL_lateral_area_13,120.60937500000006,60,7,103,91,0.07692307692307693,0.6593406593406593,True,unassessed
936,HumanINS_L,6,mapped,36.0,CL_area_12o,CL_orbital_area_12,68.65625000000003,78,7,103,91,0.07692307692307693,0.8571428571428571,True,unassessed
936,HumanINS_L,6,mapped,39.0,CL_Iam/Iapm,CL_medial_agranular_insular_region,24.17187500000001,89,12,103,91,0.13186813186813187,0.978021978021978,True,unassessed
936,HumanINS_L,6,mapped,41.0,CL_Iai,CL_intermediate_agranular_insula_area,81.48437500000004,581,22,103,91,0.24175824175824176,6.384615384615385,True,unassessed
936,HumanINS_L,6,mapped,42.0,CL_Ial,CL_lateral_agranular_insula_area,47.98437500000002,349,18,103,91,0.1978021978021978,3.8351648351648353,True,unassessed
936,HumanINS_L,6,mapped,43.0,CL_Iapl,CL_posterior_lateral_agranular_insula_area,15.812500000000007,4,2,103,91,0.02197802197802198,0.04395604395604396,True,unassessed
936,HumanINS_L,6,mapped,45.0,CL_AON/TTv,CL_anterior_olfactory_cortex,25.64062500000001,41,5,103,91,0.054945054945054944,0.45054945054945056,True,unassessed
936,HumanINS_L,6,mapped,48.0,CL_G,CL_gustatory_cortex,40.12500000000002,37,3,103,91,0.03296703296703297,0.4065934065934066,True,unassessed
936,HumanINS_L,6,mapped,49.0,CL_PrCO,CL_precentral_operular_area,95.95312500000004,121,7,103,91,0.07692307692307693,1.3296703296703296,True,unassessed
936,HumanINS_L,6,mapped,52.0,CL_area_8Ad,CL_dorsal_periarcuate_area_8A,75.26562500000003,60,1,103,91,0.01098901098901099,0.6593406593406593,True,unassessed
936,HumanINS_L,6,mapped,63.0,CL_area_46d,CL_dorsal_area_46,282.5000000000001,17,1,103,91,0.01098901098901099,0.18681318681318682,True,unassessed
936,HumanINS_L,6,mapped,67.0,CL_area_46f,CL_area_46_in_fundus_of_the_principal_sulcus,71.79687500000003,3,1,103,91,0.01098901098901099,0.03296703296703297,True,unassessed
936,HumanINS_L,6,mapped,68.0,CL_area_46v,CL_ventral_area_46,244.9218750000001,348,4,103,91,0.04395604395604396,3.8241758241758244,True,unassessed
936,HumanINS_L,6,mapped,70.0,CL_area_12l,CL_lateral_area_12,61.20312500000003,46,5,103,91,0.054945054945054944,0.5054945054945055,True,unassessed
936,HumanINS_L,6,mapped,74.0,CL_area_45a,CL_area_45a,90.45312500000004,70,3,103,91,0.03296703296703297,0.7692307692307693,True,unassessed
936,HumanINS_L,6,mapped,75.0,CL_area_45b,CL_area_45b,75.09375000000003,10,2,103,91,0.02197802197802198,0.10989010989010989,True,unassessed
936,HumanINS_L,6,mapped,76.0,CL_area_44,CL_area_44,49.35937500000002,66,3,103,91,0.03296703296703297,0.7252747252747253,True,unassessed
936,HumanINS_L,6,mapped,79.0,CL_M1,CL_primary_motor_cortex,762.1250000000003,35,1,103,91,0.01098901098901099,0.38461538461538464,True,unassessed
936,HumanINS_L,6,mapped,82.0,CL_PMdc,CL_caudal_dorsal_premotor_cortex,687.1875000000003,10,1,103,91,0.01098901098901099,0.10989010989010989,True,unassessed
936,HumanINS_L,6,mapped,86.0,CL_F5,CL_area_F5_of_ventral_premotor_cortex,434.01562500000017,56,5,103,91,0.054945054945054944,0.6153846153846154,True,unassessed
936,HumanINS_L,6,mapped,89.0,CL_SMA,CL_supplementary_motor_area,196.45312500000009,14,1,103,91,0.01098901098901099,0.15384615384615385,True,unassessed
936,HumanINS_L,6,mapped,94.0,CL_areas_1-2,CL_areas_1-2,655.2968750000003,2,1,103,91,0.01098901098901099,0.02197802197802198,True,unassessed
936,HumanINS_L,6,mapped,95.0,CL_SII,CL_secondary_somatosensory_cortex,285.3125000000001,284,14,103,91,0.15384615384615385,3.120879120879121,True,unassessed
936,HumanINS_L,6,mapped,105.0,CL_PE,CL_area_PE,102.78125000000004,21,1,103,91,0.01098901098901099,0.23076923076923078,True,unassessed
936,HumanINS_L,6,mapped,106.0,CL_PEa,CL_area_PEa,194.45312500000009,7,1,103,91,0.01098901098901099,0.07692307692307693,True,unassessed
936,HumanINS_L,6,mapped,119.0,CL_MST,CL_medial_superior_temporal_area,150.20312500000006,44,1,103,91,0.01098901098901099,0.4835164835164835,True,unassessed
936,HumanINS_L,6,mapped,122.0,CL_area_7a,CL_caudal_inferior_parietal_lobule_area_7a_(Opt/PG),295.5781250000001,63,4,103,91,0.04395604395604396,0.6923076923076923,True,unassessed
936,HumanINS_L,6,mapped,123.0,CL_area_7b,CL_rostral_inferior_parietal_lobule_area_7b_(PFG/PF),97.59375000000004,78,4,103,91,0.04395604395604396,0.8571428571428571,True,unassessed
936,HumanINS_L,6,mapped,124.0,CL_area_7op,CL_parietal_operculum,167.64062500000009,301,8,103,91,0.08791208791208792,3.3076923076923075,True,unassessed
936,HumanINS_L,6,mapped,132.0,CL_area_23b,CL_area_23b,115.29687500000006,2,1,103,91,0.01098901098901099,0.02197802197802198,True,unassessed
936,HumanINS_L,6,mapped,133.0,CL_area_23c,CL_area_23c,145.06250000000006,60,1,103,91,0.01098901098901099,0.6593406593406593,True,unassessed
936,HumanINS_L,6,mapped,158.0,CL_mid_ERh,CL_middle_entorhinal_cortex,31.984375000000014,10,3,103,91,0.03296703296703297,0.10989010989010989,True,unassessed
936,HumanINS_L,6,mapped,159.0,CL_rostral_ERh,CL_rostral_entorhinal_cortex,47.82812500000002,21,4,103,91,0.04395604395604396,0.23076923076923078,True,unassessed
936,HumanINS_L,6,mapped,161.0,CL_area_35,CL_area_35,34.593750000000014,15,2,103,91,0.02197802197802198,0.16483516483516483,True,unassessed
936,HumanINS_L,6,mapped,164.0,CL_area_36r/p,CL_rostral_and_polar_area_36,61.18750000000003,28,2,103,91,0.02197802197802198,0.3076923076923077,True,unassessed
936,HumanINS_L,6,mapped,166.0,CL_TGa,CL_agranular_temporal_pole,76.29687500000003,31,7,103,91,0.07692307692307693,0.34065934065934067,True,unassessed
936,HumanINS_L,6,mapped,169.0,CL_TGdd,CL_dorsal_dysgranular_temporal_pole,70.73437500000003,30,2,103,91,0.02197802197802198,0.32967032967032966,True,unassessed
936,HumanINS_L,6,mapped,170.0,CL_TGvd,CL_ventral_dysgranular_temporal_pole,21.12500000000001,18,4,103,91,0.04395604395604396,0.1978021978021978,True,unassessed
936,HumanINS_L,6,mapped,172.0,CL_TGdg,CL_dorsal_granular_temporal_pole,52.21875000000002,7,1,103,91,0.01098901098901099,0.07692307692307693,True,unassessed
936,HumanINS_L,6,mapped,173.0,CL_TGvg,CL_ventral_granular_temporal_pole,16.859375000000007,13,3,103,91,0.03296703296703297,0.14285714285714285,True,unassessed
936,HumanINS_L,6,mapped,174.0,CL_TGsts,CL_sts_part_of_temporal_pole,78.28125000000003,29,3,103,91,0.03296703296703297,0.31868131868131866,True,unassessed
936,HumanINS_L,6,mapped,183.0,CL_TEav,CL_anterior_ventral_area_TE,255.0781250000001,2,1,103,91,0.01098901098901099,0.02197802197802198,True,unassessed
936,HumanINS_L,6,mapped,187.0,CL_TEa,CL_area_TEa,88.18750000000004,9,2,103,91,0.02197802197802198,0.0989010989010989,True,unassessed
936,HumanINS_L,6,mapped,190.0,CL_IPa,CL_area_IPa,200.31250000000009,44,3,103,91,0.03296703296703297,0.4835164835164835,True,unassessed
936,HumanINS_L,6,mapped,191.0,CL_PGa,CL_area_PGa,132.50000000000006,5,1,103,91,0.01098901098901099,0.054945054945054944,True,unassessed
936,HumanINS_L,6,mapped,196.0,CL_TPO,CL_temporal_parietooccipital_associated_area,280.6406250000001,12,3,103,91,0.03296703296703297,0.13186813186813187,True,unassessed
936,HumanINS_L,6,mapped,200.0,CL_Tpt,CL_temporo-parietal_area,97.45312500000004,22,4,103,91,0.04395604395604396,0.24175824175824176,True,unassessed
936,HumanINS_L,6,mapped,208.0,CL_CL,CL_caudal_lateral_belt_region,27.81250000000001,1,1,103,91,0.01098901098901099,0.01098901098901099,True,unassessed
936,HumanINS_L,6,mapped,214.0,CL_CM,CL_caudomedial_belt_region,60.00000000000003,13,3,103,91,0.03296703296703297,0.14285714285714285,True,unassessed
936,HumanINS_L,6,mapped,216.0,CL_RM,CL_rostromedial_belt_region,47.87500000000002,11,3,103,91,0.03296703296703297,0.12087912087912088,True,unassessed
936,HumanINS_L,6,mapped,217.0,CL_RTM,CL_medial_rostrotemporal_belt_region,20.10937500000001,1,1,103,91,0.01098901098901099,0.01098901098901099,True,unassessed
936,HumanINS_L,6,mapped,221.0,CL_R,CL_rostral_core_region,53.67187500000002,3,1,103,91,0.01098901098901099,0.03296703296703297,True,unassessed
936,HumanINS_L,6,mapped,223.0,CL_AI,CL_primary_auditory_cortex,89.50000000000004,1,1,103,91,0.01098901098901099,0.01098901098901099,True,unassessed
936,HumanINS_L,6,mapped,226.0,CL_Pi,CL_parainsula,27.28125000000001,49,8,103,91,0.08791208791208792,0.5384615384615384,True,unassessed
936,HumanINS_L,6,mapped,228.0,CL_Ia/Id,CL_agranular_and_dysgranular_insula,164.56250000000009,3049,62,103,91,0.6813186813186813,33.505494505494504,True,unassessed
936,HumanINS_L,6,mapped,229.0,CL_Ig,CL_granular_insula,96.34375000000004,1591,44,103,91,0.4835164835164835,17.483516483516482,True,unassessed
936,HumanINS_L,6,mapped,515.0,CR_area_24c_prime,CR_area_24c',115.67187500000006,1,1,103,91,0.01098901098901099,0.01098901098901099,True,unassessed
936,HumanINS_L,6,mapped,1004.0,SL_Cl,SL_claustrum,255.1562500000001,136,33,103,91,0.3626373626373626,1.4945054945054945,True,unassessed
936,HumanINS_L,6,mapped,1007.0,SL_DEn,SL_dorsal_endopiriform_claustrum,14.203125000000007,10,3,103,91,0.03296703296703297,0.10989010989010989,True,unassessed
936,HumanINS_L,6,mapped,1008.0,SL_VEn,SL_ventral_endopiriform_claustrum,9.515625000000004,9,2,103,91,0.02197802197802198,0.0989010989010989,True,unassessed
936,HumanINS_L,6,mapped,1009.0,SL_Pir,SL_piriform_cortex,30.796875000000014,26,2,103,91,0.02197802197802198,0.2857142857142857,True,unassessed
936,HumanINS_L,6,mapped,1015.0,SL_CAA,SL_CA1_3_anterior,180.68750000000009,8,3,103,91,0.03296703296703297,0.08791208791208792,True,unassessed
936,HumanINS_L,6,mapped,1027.0,SL_BM,SL_basomedial_amygdaloid_nucleus,47.84375000000002,2,1,103,91,0.01098901098901099,0.02197802197802198,True,unassessed
936,HumanINS_L,6,mapped,1032.0,SL_LaD,SL_lateral_dorsal_amygdaloid_nucleus,22.29687500000001,5,2,103,91,0.02197802197802198,0.054945054945054944,True,unassessed
936,HumanINS_L,6,mapped,1034.0,SL_APir,SL_amygdalopiriform_transition_area,27.85937500000001,2,1,103,91,0.01098901098901099,0.02197802197802198,True,unassessed
936,HumanINS_L,6,mapped,1036.0,SL_BLD,SL_basolateral_dorsal_amygdaloid_nucleus,14.546875000000007,20,6,103,91,0.06593406593406594,0.21978021978021978,True,unassessed
936,HumanINS_L,6,mapped,1037.0,SL_BLI,SL_basolateral_intermediate_amygdaloid_nucleus,13.343750000000005,7,4,103,91,0.04395604395604396,0.07692307692307693,True,unassessed
936,HumanINS_L,6,mapped,1038.0,SL_BLV,SL_basolateral_ventral_amygdaloid_nucleus,19.656250000000007,14,1,103,91,0.01098901098901099,0.15384615384615385,True,unassessed
936,HumanINS_L,6,mapped,1039.0,SL_PaL,SL_paralaminar_amygdaloid_nucleus,13.750000000000005,4,1,103,91,0.01098901098901099,0.04395604395604396,True,unassessed
936,HumanINS_L,6,mapped,1042.0,SL_Ce,SL_central_amygdaloid_nucleus,13.843750000000005,96,6,103,91,0.06593406593406594,1.054945054945055,True,unassessed
936,HumanINS_L,6,mapped,1044.0,SL_Me,SL_medial_amygdaloid_nucleus,16.984375000000007,5,3,103,91,0.03296703296703297,0.054945054945054944,True,unassessed
936,HumanINS_L,6,mapped,1045.0,SL_AA,SL_anterior_amygdaloid_area,23.73437500000001,16,5,103,91,0.054945054945054944,0.17582417582417584,True,unassessed
936,HumanINS_L,6,mapped,1048.0,SL_IPAC,SL_posterior_interstitial_nucleus,4.906250000000002,4,1,103,91,0.01098901098901099,0.04395604395604396,True,unassessed
936,HumanINS_L,6,mapped,1049.0,SL_STIA,SL_intraamygdaloid_stria_terminalis,15.593750000000007,53,5,103,91,0.054945054945054944,0.5824175824175825,True,unassessed
936,HumanINS_L,6,mapped,1054.0,SL_CdH,SL_caudate_head,566.5156250000002,58,6,103,91,0.06593406593406594,0.6373626373626373,True,unassessed
936,HumanINS_L,6,mapped,1055.0,SL_CdT,SL_caudate_tail,83.04687500000004,42,5,103,91,0.054945054945054944,0.46153846153846156,True,unassessed
936,HumanINS_L,6,mapped,1056.0,SL_Pu,SL_putamen,895.1093750000003,741,26,103,91,0.2857142857142857,8.142857142857142,True,unassessed
936,HumanINS_L,6,mapped,1057.0,SL_ASt,SL_amygdalostriatal_transition,33.812500000000014,151,7,103,91,0.07692307692307693,1.6593406593406594,True,unassessed
936,HumanINS_L,6,mapped,1058.0,SL_ic,SL_internal_capsule,230.7343750000001,2,1,103,91,0.01098901098901099,0.02197802197802198,True,unassessed
936,HumanINS_L,6,mapped,1060.0,SL_Acb,SL_accumbens,94.96875000000004,188,10,103,91,0.10989010989010989,2.065934065934066,True,unassessed
936,HumanINS_L,6,mapped,1061.0,SL_Tu,SL_olfactory_tubercule,18.234375000000007,5,2,103,91,0.02197802197802198,0.054945054945054944,True,unassessed
936,HumanINS_L,6,mapped,1064.0,SL_EGP,SL_external_globus_pallidus,150.71875000000006,1,1,103,91,0.01098901098901099,0.01098901098901099,True,unassessed
936,HumanINS_L,6,mapped,1067.0,SL_ac,SL_anterior_commissure,77.82812500000003,45,6,103,91,0.06593406593406594,0.4945054945054945,True,unassessed
936,HumanINS_L,6,mapped,1068.0,SL_VP,SL_ventral_pallidum,21.00000000000001,2,1,103,91,0.01098901098901099,0.02197802197802198,True,unassessed
936,HumanINS_L,6,mapped,1072.0,SL_B,SL_basal_nucleus,25.54687500000001,3,2,103,91,0.02197802197802198,0.03296703296703297,True,unassessed
936,HumanINS_L,6,mapped,1073.0,SL_ST,SL_bed_nucleus_of_the_stria_terminalis,42.00000000000002,1,1,103,91,0.01098901098901099,0.01098901098901099,True,unassessed
936,HumanINS_L,6,mapped,1076.0,SL_SDB,SL_septum_diagonal_band,91.34375000000004,10,4,103,91,0.04395604395604396,0.10989010989010989,True,unassessed
936,HumanINS_L,6,mapped,1107.0,SL_MM,SL_mammillary_hypothalamus,10.078125000000005,1,1,103,91,0.01098901098901099,0.01098901098901099,True,unassessed
936,HumanINS_L,6,mapped,1112.0,SL_ZI-H,SL_zona_incerta_and_lenticular_fascicles,37.375000000000014,35,5,103,91,0.054945054945054944,0.38461538461538464,True,unassessed
936,HumanINS_L,6,mapped,1121.0,SL_CMn-PF,SL_centromedial-parafascicular_thalamus,50.56250000000002,3,2,103,91,0.02197802197802198,0.03296703296703297,True,unassessed
936,HumanINS_L,6,mapped,1123.0,SL_SPFPC,SL_subparafascicular_nucleus,8.187500000000004,1,1,103,91,0.01098901098901099,0.01098901098901099,True,unassessed
936,HumanINS_L,6,mapped,1124.0,SL_SG,SL_supra_geniculate,1.7343750000000007,1,1,103,91,0.01098901098901099,0.01098901098901099,True,unassessed
936,HumanINS_L,6,mapped,1125.0,SL_Lim,SL_limitans_thalamus,9.593750000000004,24,3,103,91,0.03296703296703297,0.26373626373626374,True,unassessed
936,HumanINS_L,6,mapped,1128.0,SL_IMD,SL_intermediodorsal_thalamus,11.781250000000005,48,1,103,91,0.01098901098901099,0.5274725274725275,True,unassessed
936,HumanINS_L,6,mapped,1133.0,SL_CM,SL_central_medial_thalamus,12.453125000000005,1,1,103,91,0.01098901098901099,0.01098901098901099,True,unassessed
936,HumanINS_L,6,mapped,1145.0,SL_VMPo-VMB,SL_ventromedial_posterior+basal_thalamus,11.859375000000005,3,3,103,91,0.03296703296703297,0.03296703296703297,True,unassessed
936,HumanINS_L,6,mapped,1146.0,SL_VPI,SL_ventroposterior_inferior_thalamus,11.250000000000005,1,1,103,91,0.01098901098901099,0.01098901098901099,True,unassessed
936,HumanINS_L,6,mapped,1152.0,SL_APul,SL_anterior_pulvinar,49.37500000000002,137,5,103,91,0.054945054945054944,1.5054945054945055,True,unassessed
936,HumanINS_L,6,mapped,1153.0,SL_MPul,SL_medial_pulvinar,44.68750000000002,10,2,103,91,0.02197802197802198,0.10989010989010989,True,unassessed
936,HumanINS_L,6,mapped,1158.0,SL_DLG,SL_dorsal_lateral_geniculate,93.35937500000004,2,1,103,91,0.01098901098901099,0.02197802197802198,True,unassessed
936,HumanINS_L,6,mapped,1159.0,SL_MG,SL_medial_geniculate,28.406250000000014,2,2,103,91,0.02197802197802198,0.02197802197802198,True,unassessed
936,HumanINS_L,6,mapped,1168.0,SL_p1Rt,SL_p1_mesencephalic_reticulum,16.453125000000007,1,1,103,91,0.01098901098901099,0.01098901098901099,True,unassessed
936,HumanINS_L,6,mapped,1173.0,SL_SCo,SL_superior_colliculus,78.59375000000003,2,1,103,91,0.01098901098901099,0.02197802197802198,True,unassessed
936,HumanINS_L,6,mapped,1175.0,SL_ICo,SL_inferior_colliculus,58.62500000000003,22,1,103,91,0.01098901098901099,0.24175824175824176,True,unassessed
936,HumanINS_L,6,mapped,1179.0,SL_PAG,SL_periaqueductal_gray,49.48437500000002,47,1,103,91,0.01098901098901099,0.5164835164835165,True,unassessed
936,HumanINS_L,6,mapped,1183.0,SL_MiTg,SL_microcellular_tegmentum,5.125000000000003,1,1,103,91,0.01098901098901099,0.01098901098901099,True,unassessed
936,HumanINS_L,6,mapped,1190.0,SL_mRt,SL_mesencephalic_reticular_formation,78.28125000000003,7,3,103,91,0.03296703296703297,0.07692307692307693,True,unassessed
936,HumanINS_L,6,mapped,1206.0,SL_SN,SL_substantia_nigra,111.21875000000004,4,1,103,91,0.01098901098901099,0.04395604395604396,True,unassessed
936,HumanINS_L,6,mapped,1210.0,SL_cp,SL_cerebral_peduncle,70.39062500000003,1,1,103,91,0.01098901098901099,0.01098901098901099,True,unassessed
936,HumanINS_L,6,mapped,1217.0,SL_scp,SL_superior_cerebellar_peduncle,24.48437500000001,2,1,103,91,0.01098901098901099,0.02197802197802198,True,unassessed
936,HumanINS_L,6,mapped,1218.0,SL_KF,SL_Kolliker-Fuse_nucleus,2.218750000000001,1,1,103,91,0.01098901098901099,0.01098901098901099,True,unassessed
936,HumanINS_L,6,mapped,1295.0,SL_Nu5,SL_motor_trigeminal_nucleus,7.5468750000000036,5,1,103,91,0.01098901098901099,0.054945054945054944,True,unassessed
936,HumanINS_L,6,zero_unassigned,0.0,,,,2225,76,103,91,0.8351648351648352,24.45054945054945,True,unassessed
936,HumanINS_R,1,mapped,1.0,CL_Frontal,CL_Frontal_Lobe,6154.890625000003,5,2,157,136,0.014705882352941176,0.03676470588235294,True,unassessed
936,HumanINS_R,1,mapped,138.0,CL_Temporal,CL_Temporal_Lobe,4285.390625000002,5,1,157,136,0.007352941176470588,0.03676470588235294,True,unassessed
936,HumanINS_R,1,mapped,501.0,CR_Frontal,CR_Frontal_Lobe,6154.890625000003,3291,80,157,136,0.5882352941176471,24.198529411764707,True,unassessed
936,HumanINS_R,1,mapped,590.0,CR_Parietal,CR_Parietal_Lobe,3774.453125000002,569,22,157,136,0.16176470588235295,4.1838235294117645,True,unassessed
936,HumanINS_R,1,mapped,638.0,CR_Temporal,CR_Temporal_Lobe,4285.390625000002,5210,71,157,136,0.5220588235294118,38.30882352941177,True,unassessed
936,HumanINS_R,1,mapped,1082.0,SL_di,SL_diencephalon,1285.0937500000007,22,2,157,136,0.014705882352941176,0.16176470588235295,True,unassessed
936,HumanINS_R,1,mapped,1286.0,SL_myel,SL_myelencephalon,472.2343750000002,4,1,157,136,0.007352941176470588,0.029411764705882353,True,unassessed
936,HumanINS_R,1,mapped,1501.0,SR_tel,SR_telencephalon,3805.562500000002,2329,47,157,136,0.34558823529411764,17.125,True,unassessed
936,HumanINS_R,1,mapped,1582.0,SR_di,SR_diencephalon,1285.0937500000007,96,8,157,136,0.058823529411764705,0.7058823529411765,True,unassessed
936,HumanINS_R,1,mapped,1669.0,SR_mes,SR_mesencephalon,635.8437500000002,25,5,157,136,0.03676470588235294,0.18382352941176472,True,unassessed
936,HumanINS_R,1,mapped,1711.0,SR_met,SR_metencephalon,4219.281250000002,18,4,157,136,0.029411764705882353,0.1323529411764706,True,unassessed
936,HumanINS_R,1,mapped,1786.0,SR_myel,SR_myelencephalon,472.2343750000002,3,2,157,136,0.014705882352941176,0.022058823529411766,True,unassessed
936,HumanINS_R,1,out_of_FOV,,,,,1,1,157,136,0.007352941176470588,0.007352941176470588,True,unassessed
936,HumanINS_R,1,zero_unassigned,0.0,,,,2875,105,157,136,0.7720588235294118,21.139705882352942,True,unassessed
936,HumanINS_R,2,mapped,16.0,CL_OFC,CL_orbital_frontal_cortex,1344.9218750000007,4,1,157,136,0.007352941176470588,0.029411764705882353,True,unassessed
936,HumanINS_R,2,mapped,77.0,CL_motor,CL_motor_cortex,2542.000000000001,1,1,157,136,0.007352941176470588,0.007352941176470588,True,unassessed
936,HumanINS_R,2,mapped,224.0,CL_floor_of_ls,CL_floor_of_the_lateral_sulcus,303.2968750000001,5,1,157,136,0.007352941176470588,0.03676470588235294,True,unassessed
936,HumanINS_R,2,mapped,502.0,CR_ACgG,CR_anterior_cingulate_gyrus,602.7656250000002,85,1,157,136,0.007352941176470588,0.625,True,unassessed
936,HumanINS_R,2,mapped,516.0,CR_OFC,CR_orbital_frontal_cortex,1344.9218750000007,2285,73,157,136,0.5367647058823529,16.801470588235293,True,unassessed
936,HumanINS_R,2,mapped,550.0,CR_lat_PFC,CR_lateral_prefrontal_cortex,1665.2031250000007,129,7,157,136,0.051470588235294115,0.9485294117647058,True,unassessed
936,HumanINS_R,2,mapped,577.0,CR_motor,CR_motor_cortex,2542.000000000001,792,27,157,136,0.19852941176470587,5.823529411764706,True,unassessed
936,HumanINS_R,2,mapped,591.0,CR_SI/SII,CR_somatosensory_cortex,1186.0000000000005,397,21,157,136,0.15441176470588236,2.9191176470588234,True,unassessed
936,HumanINS_R,2,mapped,596.0,CR_SPL,CR_superior_parietal_lobule,852.2656250000003,2,1,157,136,0.007352941176470588,0.014705882352941176,True,unassessed
936,HumanINS_R,2,mapped,612.0,CR_IPL,CR_inferior_parietal_lobule,1044.0156250000005,170,3,157,136,0.022058823529411766,1.25,True,unassessed
936,HumanINS_R,2,mapped,639.0,CR_MTL,CR_medial_temporal_lobe,423.42187500000017,262,7,157,136,0.051470588235294115,1.9264705882352942,True,unassessed
936,HumanINS_R,2,mapped,665.0,CR_TG,CR_temporal_pole,315.5156250000001,112,6,157,136,0.04411764705882353,0.8235294117647058,True,unassessed
936,HumanINS_R,2,mapped,675.0,CR_ITC,CR_inferior_temporal_cortex,1884.890625000001,251,9,157,136,0.0661764705882353,1.8455882352941178,True,unassessed
936,HumanINS_R,2,mapped,693.0,CR_STG/STSd,CR_superior_temporal_region,854.1250000000003,4,2,157,136,0.014705882352941176,0.029411764705882353,True,unassessed
936,HumanINS_R,2,mapped,724.0,CR_floor_of_ls,CR_floor_of_the_lateral_sulcus,303.2968750000001,4581,69,157,136,0.5073529411764706,33.68382352941177,True,unassessed
936,HumanINS_R,2,mapped,1113.0,SL_Thal,SL_thalamus,970.0312500000005,22,2,157,136,0.014705882352941176,0.16176470588235295,True,unassessed
936,HumanINS_R,2,mapped,1287.0,SL_Med,SL_medulla,472.2343750000002,4,1,157,136,0.007352941176470588,0.029411764705882353,True,unassessed
936,HumanINS_R,2,mapped,1502.0,SR_LVPal,SR_lateral_and_ventral_pallium,309.6718750000001,90,24,157,136,0.17647058823529413,0.6617647058823529,True,unassessed
936,HumanINS_R,2,mapped,1510.0,SR_MPal,SR_medial_pallium,575.5000000000002,13,1,157,136,0.007352941176470588,0.09558823529411764,True,unassessed
936,HumanINS_R,2,mapped,1524.0,SR_Amy,SR_amygdala,302.0000000000001,220,14,157,136,0.10294117647058823,1.6176470588235294,True,unassessed
936,HumanINS_R,2,mapped,1550.0,SR_BG,SR_basal_ganglia,2261.015625000001,1968,33,157,136,0.2426470588235294,14.470588235294118,True,unassessed
936,HumanINS_R,2,mapped,1569.0,SR_DSP,SR_diagonal_subpallium,182.70312500000009,34,5,157,136,0.03676470588235294,0.25,True,unassessed
936,HumanINS_R,2,mapped,1577.0,SR_POC,SR_preoptic_complex,174.67187500000009,4,2,157,136,0.014705882352941176,0.029411764705882353,True,unassessed
936,HumanINS_R,2,mapped,1583.0,SR_Hy,SR_hypothalamus,235.7812500000001,15,3,157,136,0.022058823529411766,0.11029411764705882,True,unassessed
936,HumanINS_R,2,mapped,1611.0,SR_PreThal,SR_prethalamus,37.375000000000014,2,2,157,136,0.014705882352941176,0.014705882352941176,True,unassessed
936,HumanINS_R,2,mapped,1613.0,SR_Thal,SR_thalamus,970.0312500000005,79,4,157,136,0.029411764705882353,0.5808823529411765,True,unassessed
936,HumanINS_R,2,mapped,1670.0,SR_Mid,SR_midbrain,635.8437500000002,25,5,157,136,0.03676470588235294,0.18382352941176472,True,unassessed
936,HumanINS_R,2,mapped,1712.0,SR_Pons,SR_pons,782.1093750000003,18,4,157,136,0.029411764705882353,0.1323529411764706,True,unassessed
936,HumanINS_R,2,mapped,1787.0,SR_Med,SR_medulla,472.2343750000002,3,2,157,136,0.014705882352941176,0.022058823529411766,True,unassessed
936,HumanINS_R,2,out_of_FOV,,,,,1,1,157,136,0.007352941176470588,0.007352941176470588,True,unassessed
936,HumanINS_R,2,zero_unassigned,0.0,,,,2875,105,157,136,0.7720588235294118,21.139705882352942,True,unassessed
936,HumanINS_R,3,mapped,37.0,CL_caudal_OFC,CL_caudal_orbital_frontal_cortex,331.17187500000017,4,1,157,136,0.007352941176470588,0.029411764705882353,True,unassessed
936,HumanINS_R,3,mapped,78.0,CL_M1/PM,CL_lateral_motor_cortex,2230.484375000001,1,1,157,136,0.007352941176470588,0.007352941176470588,True,unassessed
936,HumanINS_R,3,mapped,224.0,CL_floor_of_ls,CL_floor_of_the_lateral_sulcus,303.2968750000001,5,1,157,136,0.007352941176470588,0.03676470588235294,True,unassessed
936,HumanINS_R,3,mapped,511.0,CR_MCC,CR_midcingulate_cortex,188.37500000000009,85,1,157,136,0.007352941176470588,0.625,True,unassessed
936,HumanINS_R,3,mapped,525.0,CR_lat_OFC,CR_lateral_orbital_frontal_cortex,708.1406250000003,457,17,157,136,0.125,3.360294117647059,True,unassessed
936,HumanINS_R,3,mapped,537.0,CR_caudal_OFC,CR_caudal_orbital_frontal_cortex,331.17187500000017,1828,73,157,136,0.5367647058823529,13.441176470588236,True,unassessed
936,HumanINS_R,3,mapped,564.0,CR_vlPFC,CR_ventrolateral_prefrontal_cortex,680.8593750000003,129,7,157,136,0.051470588235294115,0.9485294117647058,True,unassessed
936,HumanINS_R,3,mapped,578.0,CR_M1/PM,CR_lateral_motor_cortex,2230.484375000001,792,27,157,136,0.19852941176470587,5.823529411764706,True,unassessed
936,HumanINS_R,3,mapped,592.0,CR_SI,CR_primary_somatosensory_cortex,900.6875000000005,40,5,157,136,0.03676470588235294,0.29411764705882354,True,unassessed
936,HumanINS_R,3,mapped,595.0,CR_SII,CR_secondary_somatosensory_cortex,285.3125000000001,357,19,157,136,0.13970588235294118,2.625,True,unassessed
936,HumanINS_R,3,mapped,607.0,CR_vm_IPS,CR_ventromedial_intraparietal_sulcus,309.7812500000001,2,1,157,136,0.007352941176470588,0.014705882352941176,True,unassessed
936,HumanINS_R,3,mapped,613.0,CR_lat_IPS,CR_lateral_intraparietal_sulcus,333.00000000000017,8,3,157,136,0.022058823529411766,0.058823529411764705,True,unassessed
936,HumanINS_R,3,mapped,620.0,CR_area_7_in_IPL,CR_area_7_in_the_inferior_parietal_lobule,560.8125000000002,162,3,157,136,0.022058823529411766,1.1911764705882353,True,unassessed
936,HumanINS_R,3,mapped,653.0,CR_Rh,CR_rhinal_cortex,280.2343750000001,262,7,157,136,0.051470588235294115,1.9264705882352942,True,unassessed
936,HumanINS_R,3,mapped,665.0,CR_TG,CR_temporal_pole,315.5156250000001,112,6,157,136,0.04411764705882353,0.8235294117647058,True,unassessed
936,HumanINS_R,3,mapped,677.0,CR_TE,CR_area_TE,1175.3906250000005,161,6,157,136,0.04411764705882353,1.1838235294117647,True,unassessed
936,HumanINS_R,3,mapped,688.0,CR_STSf,CR_fundus_of_the_superior_temporal_sulcus,425.15625000000017,90,6,157,136,0.04411764705882353,0.6617647058823529,True,unassessed
936,HumanINS_R,3,mapped,694.0,CR_STGr/STSd,CR_rostral_superior_temporal_region,593.8125000000002,4,2,157,136,0.014705882352941176,0.029411764705882353,True,unassessed
936,HumanINS_R,3,mapped,724.0,CR_floor_of_ls,CR_floor_of_the_lateral_sulcus,303.2968750000001,4581,69,157,136,0.5073529411764706,33.68382352941177,True,unassessed
936,HumanINS_R,3,mapped,1115.0,SL_MThal,SL_medial_thalamus,208.23437500000009,3,2,157,136,0.014705882352941176,0.022058823529411766,True,unassessed
936,HumanINS_R,3,mapped,1127.0,SL_MLThal,SL_midline_thalamus,71.21875000000003,19,2,157,136,0.014705882352941176,0.13970588235294118,True,unassessed
936,HumanINS_R,3,mapped,1306.0,SL_IMed,SL_intermediate_medulla,134.78125000000006,4,1,157,136,0.007352941176470588,0.029411764705882353,True,unassessed
936,HumanINS_R,3,mapped,1503.0,SR_LPal,SR_lateral_pallium,255.1562500000001,80,23,157,136,0.16911764705882354,0.5882352941176471,True,unassessed
936,HumanINS_R,3,mapped,1505.0,SR_VPal,SR_ventral_pallium,54.51562500000002,10,3,157,136,0.022058823529411766,0.07352941176470588,True,unassessed
936,HumanINS_R,3,mapped,1511.0,SR_HF,SR_hippocampal_formation,532.0937500000002,13,1,157,136,0.007352941176470588,0.09558823529411764,True,unassessed
936,HumanINS_R,3,mapped,1525.0,SR_pAmy,SR_pallial_amygdala,217.79687500000009,158,9,157,136,0.0661764705882353,1.161764705882353,True,unassessed
936,HumanINS_R,3,mapped,1540.0,SR_spAmy,SR_subpallial_amygdala,84.20312500000004,62,7,157,136,0.051470588235294115,0.45588235294117646,True,unassessed
936,HumanINS_R,3,mapped,1551.0,SR_Str,SR_striatum,1922.421875000001,1867,32,157,136,0.23529411764705882,13.727941176470589,True,unassessed
936,HumanINS_R,3,mapped,1562.0,SR_Pd,SR_pallidum,338.59375000000017,101,15,157,136,0.11029411764705882,0.7426470588235294,True,unassessed
936,HumanINS_R,3,mapped,1569.0,SR_DSP,SR_diagonal_subpallium,182.70312500000009,34,5,157,136,0.03676470588235294,0.25,True,unassessed
936,HumanINS_R,3,mapped,1577.0,SR_POC,SR_preoptic_complex,174.67187500000009,4,2,157,136,0.014705882352941176,0.029411764705882353,True,unassessed
936,HumanINS_R,3,mapped,1584.0,SR_THy,SR_tuberal_hypothalamus,154.64062500000006,15,3,157,136,0.022058823529411766,0.11029411764705882,True,unassessed
936,HumanINS_R,3,mapped,1612.0,SR_ZI-H,SR_zona_incerta_and_lenticular_fascicles,37.375000000000014,2,2,157,136,0.014705882352941176,0.014705882352941176,True,unassessed
936,HumanINS_R,3,mapped,1615.0,SR_MThal,SR_medial_thalamus,208.23437500000009,24,2,157,136,0.014705882352941176,0.17647058823529413,True,unassessed
936,HumanINS_R,3,mapped,1627.0,SR_MLThal,SR_midline_thalamus,71.21875000000003,43,2,157,136,0.014705882352941176,0.3161764705882353,True,unassessed
936,HumanINS_R,3,mapped,1635.0,SR_VThal,SR_ventral_thalamus,291.4218750000001,3,1,157,136,0.007352941176470588,0.022058823529411766,True,unassessed
936,HumanINS_R,3,mapped,1648.0,SR_PThal,SR_posterior_thalamus,208.48437500000009,9,1,157,136,0.007352941176470588,0.0661764705882353,True,unassessed
936,HumanINS_R,3,mapped,1700.0,SR_VMid,SR_ventral_midbrain,261.3593750000001,25,5,157,136,0.03676470588235294,0.18382352941176472,True,unassessed
936,HumanINS_R,3,mapped,1713.0,SR_DPons,SR_dorsal_pons,69.45312500000003,5,1,157,136,0.007352941176470588,0.03676470588235294,True,unassessed
936,HumanINS_R,3,mapped,1726.0,SR_LPons,SR_lateral_pons,27.73437500000001,1,1,157,136,0.007352941176470588,0.007352941176470588,True,unassessed
936,HumanINS_R,3,mapped,1731.0,SR_VPons,SR_ventral_pons,684.9218750000003,12,4,157,136,0.029411764705882353,0.08823529411764706,True,unassessed
936,HumanINS_R,3,mapped,1818.0,SR_VMed,SR_ventral_medulla,111.59375000000004,3,2,157,136,0.014705882352941176,0.022058823529411766,True,unassessed
936,HumanINS_R,3,out_of_FOV,,,,,1,1,157,136,0.007352941176470588,0.007352941176470588,True,unassessed
936,HumanINS_R,3,zero_unassigned,0.0,,,,2875,105,157,136,0.7720588235294118,21.139705882352942,True,unassessed
936,HumanINS_R,4,key_level_conflict,545.0,CR_AON/TTv,CR_anterior_olfactory_cortex,,15,3,157,136,0.022058823529411766,0.11029411764705882,True,unassessed
936,HumanINS_R,4,mapped,47.0,CL_cl_OFC,CL_caudolateral_orbitofrontal_cortex,136.07812500000006,4,1,157,136,0.007352941176470588,0.029411764705882353,True,unassessed
936,HumanINS_R,4,mapped,80.0,CL_PM,CL_premotor_cortex,1468.3593750000007,1,1,157,136,0.007352941176470588,0.007352941176470588,True,unassessed
936,HumanINS_R,4,mapped,225.0,CL_Ins/Pi,CL_insula_and_parainsula,288.1875000000001,5,1,157,136,0.007352941176470588,0.03676470588235294,True,unassessed
936,HumanINS_R,4,mapped,511.0,CR_MCC,CR_midcingulate_cortex,188.37500000000009,85,1,157,136,0.007352941176470588,0.625,True,unassessed
936,HumanINS_R,4,mapped,526.0,CR_areas_11/13,CR_areas_11_and_13,557.4062500000002,187,7,157,136,0.051470588235294115,1.375,True,unassessed
936,HumanINS_R,4,mapped,534.0,CR_area_12m/o,CR_medial_and_orbital_area_12,150.73437500000006,270,14,157,136,0.10294117647058823,1.9852941176470589,True,unassessed
936,HumanINS_R,4,mapped,538.0,CR_OFa-p,CR_agranular_orbitofrontal_cortex,169.45312500000009,800,68,157,136,0.5,5.882352941176471,True,unassessed
936,HumanINS_R,4,mapped,547.0,CR_cl_OFC,CR_caudolateral_orbitofrontal_cortex,136.07812500000006,1013,53,157,136,0.3897058823529412,7.448529411764706,True,unassessed
936,HumanINS_R,4,mapped,565.0,CR_rostral_vlPFC,CR_rostral_ventrolateral_prefrontal_cortex,465.9531250000002,111,7,157,136,0.051470588235294115,0.8161764705882353,True,unassessed
936,HumanINS_R,4,mapped,572.0,CR_caudal_vlPFC,CR_caudal_ventrolateral_prefrontal_cortex,214.90625000000009,18,2,157,136,0.014705882352941176,0.1323529411764706,True,unassessed
936,HumanINS_R,4,mapped,579.0,CR_M1,CR_primary_motor_cortex,762.1250000000003,5,1,157,136,0.007352941176470588,0.03676470588235294,True,unassessed
936,HumanINS_R,4,mapped,580.0,CR_PM,CR_premotor_cortex,1468.3593750000007,787,26,157,136,0.19117647058823528,5.786764705882353,True,unassessed
936,HumanINS_R,4,mapped,592.0,CR_SI,CR_primary_somatosensory_cortex,900.6875000000005,40,5,157,136,0.03676470588235294,0.29411764705882354,True,unassessed
936,HumanINS_R,4,mapped,595.0,CR_SII,CR_secondary_somatosensory_cortex,285.3125000000001,357,19,157,136,0.13970588235294118,2.625,True,unassessed
936,HumanINS_R,4,mapped,607.0,CR_vm_IPS,CR_ventromedial_intraparietal_sulcus,309.7812500000001,2,1,157,136,0.007352941176470588,0.014705882352941176,True,unassessed
936,HumanINS_R,4,mapped,613.0,CR_lat_IPS,CR_lateral_intraparietal_sulcus,333.00000000000017,8,3,157,136,0.022058823529411766,0.058823529411764705,True,unassessed
936,HumanINS_R,4,mapped,620.0,CR_area_7_in_IPL,CR_area_7_in_the_inferior_parietal_lobule,560.8125000000002,162,3,157,136,0.022058823529411766,1.1911764705882353,True,unassessed
936,HumanINS_R,4,mapped,654.0,CR_ERh,CR_entorhinal_cortex,130.48437500000006,56,2,157,136,0.014705882352941176,0.4117647058823529,True,unassessed
936,HumanINS_R,4,mapped,660.0,CR_PRh,CR_perirhinal_cortex,149.75000000000006,206,7,157,136,0.051470588235294115,1.5147058823529411,True,unassessed
936,HumanINS_R,4,mapped,666.0,CR_TGa,CR_agranular_temporal_pole,76.29687500000003,24,2,157,136,0.014705882352941176,0.17647058823529413,True,unassessed
936,HumanINS_R,4,mapped,667.0,CR_TGg/TGd,CR_granular_and_dysgranular_temporal_pole,239.2187500000001,88,6,157,136,0.04411764705882353,0.6470588235294118,True,unassessed
936,HumanINS_R,4,mapped,678.0,CR_gyral_TE,CR_gyral_aspect_of_area_TE,874.3125000000003,53,3,157,136,0.022058823529411766,0.3897058823529412,True,unassessed
936,HumanINS_R,4,mapped,685.0,CR_TE_in_STSv,CR_area_TE_in_the_ventral_STS,301.0781250000001,108,6,157,136,0.04411764705882353,0.7941176470588235,True,unassessed
936,HumanINS_R,4,mapped,688.0,CR_STSf,CR_fundus_of_the_superior_temporal_sulcus,425.15625000000017,90,6,157,136,0.04411764705882353,0.6617647058823529,True,unassessed
936,HumanINS_R,4,mapped,695.0,CR_STSd,CR_dorsal_bank_of_the_superior_temporal_sulcus,451.8750000000002,4,2,157,136,0.014705882352941176,0.029411764705882353,True,unassessed
936,HumanINS_R,4,mapped,725.0,CR_Ins/Pi,CR_insula_and_parainsula,288.1875000000001,4581,69,157,136,0.5073529411764706,33.68382352941177,True,unassessed
936,HumanINS_R,4,mapped,1126.0,SL_MD,SL_mediodorsal_thalamus,78.81250000000003,3,2,157,136,0.014705882352941176,0.022058823529411766,True,unassessed
936,HumanINS_R,4,mapped,1127.0,SL_MLThal,SL_midline_thalamus,71.21875000000003,19,2,157,136,0.014705882352941176,0.13970588235294118,True,unassessed
936,HumanINS_R,4,mapped,1310.0,SL_MedRet,SL_medullar_reticulum,121.06250000000006,4,1,157,136,0.007352941176470588,0.029411764705882353,True,unassessed
936,HumanINS_R,4,mapped,1504.0,SR_Cl,SR_claustrum,255.1562500000001,80,23,157,136,0.16911764705882354,0.5882352941176471,True,unassessed
936,HumanINS_R,4,mapped,1506.0,SR_En,SR_endopiriform_claustrum,23.71875000000001,9,3,157,136,0.022058823529411766,0.0661764705882353,True,unassessed
936,HumanINS_R,4,mapped,1509.0,SR_Pir,SR_piriform_cortex,30.796875000000014,1,1,157,136,0.007352941176470588,0.007352941176470588,True,unassessed
936,HumanINS_R,4,mapped,1512.0,SR_HFA,SR_hippocampal_formation_anterior,353.15625000000017,4,1,157,136,0.007352941176470588,0.029411764705882353,True,unassessed
936,HumanINS_R,4,mapped,1517.0,SR_HFP,SR_hippocampal_formation_posterior,178.93750000000009,9,1,157,136,0.007352941176470588,0.0661764705882353,True,unassessed
936,HumanINS_R,4,mapped,1526.0,SR_vpAmy,SR_ventropallial_amygdala,87.81250000000004,39,4,157,136,0.029411764705882353,0.2867647058823529,True,unassessed
936,HumanINS_R,4,mapped,1530.0,SR_lpAmy,SR_lateropallial_amygdala,129.98437500000006,119,9,157,136,0.0661764705882353,0.875,True,unassessed
936,HumanINS_R,4,mapped,1541.0,SR_stAmy,SR_striatal_amygdala,13.843750000000005,29,2,157,136,0.014705882352941176,0.21323529411764705,True,unassessed
936,HumanINS_R,4,mapped,1543.0,SR_mAmy,SR_medial_amygdala,40.71875000000002,22,3,157,136,0.022058823529411766,0.16176470588235295,True,unassessed
936,HumanINS_R,4,mapped,1546.0,SR_pdAmy,SR_pallidal_amygdala,29.640625000000014,11,6,157,136,0.04411764705882353,0.08088235294117647,True,unassessed
936,HumanINS_R,4,mapped,1552.0,SR_DStr,SR_dorsal_striatum,1809.218750000001,1824,31,157,136,0.22794117647058823,13.411764705882353,True,unassessed
936,HumanINS_R,4,mapped,1559.0,SR_VStr,SR_ventral_striatum,113.20312500000006,43,8,157,136,0.058823529411764705,0.3161764705882353,True,unassessed
936,HumanINS_R,4,mapped,1562.0,SR_Pd,SR_pallidum,338.59375000000017,101,15,157,136,0.11029411764705882,0.7426470588235294,True,unassessed
936,HumanINS_R,4,mapped,1570.0,SR_BR,SR_basal_nucleus_region,38.000000000000014,12,2,157,136,0.014705882352941176,0.08823529411764706,True,unassessed
936,HumanINS_R,4,mapped,1573.0,SR_ST,SR_bed_nucleus_of_the_stria_terminalis,42.00000000000002,22,3,157,136,0.022058823529411766,0.16176470588235295,True,unassessed
936,HumanINS_R,4,mapped,1578.0,SR_opt,SR_optic_tract,151.82812500000006,1,1,157,136,0.007352941176470588,0.007352941176470588,True,unassessed
936,HumanINS_R,4,mapped,1579.0,SR_POR,SR_preoptic_region,22.84375000000001,3,1,157,136,0.007352941176470588,0.022058823529411766,True,unassessed
936,HumanINS_R,4,mapped,1591.0,SR_DTHy,SR_dorsal_tuberal_hypothalamus,114.42187500000006,15,3,157,136,0.022058823529411766,0.11029411764705882,True,unassessed
936,HumanINS_R,4,mapped,1612.0,SR_ZI-H,SR_zona_incerta_and_lenticular_fascicles,37.375000000000014,2,2,157,136,0.014705882352941176,0.014705882352941176,True,unassessed
936,HumanINS_R,4,mapped,1626.0,SR_MD,SR_mediodorsal_thalamus,78.81250000000003,24,2,157,136,0.014705882352941176,0.17647058823529413,True,unassessed
936,HumanINS_R,4,mapped,1627.0,SR_MLThal,SR_midline_thalamus,71.21875000000003,43,2,157,136,0.014705882352941176,0.3161764705882353,True,unassessed
936,HumanINS_R,4,mapped,1643.0,SR_SpThal,SR_spinal_thalamus,88.20312500000004,3,1,157,136,0.007352941176470588,0.022058823529411766,True,unassessed
936,HumanINS_R,4,mapped,1651.0,SR_Pul,SR_pulvinar_thalamus,182.54687500000009,9,1,157,136,0.007352941176470588,0.0661764705882353,True,unassessed
936,HumanINS_R,4,mapped,1701.0,SR_R+,SR_rubral_region,38.468750000000014,1,1,157,136,0.007352941176470588,0.007352941176470588,True,unassessed
936,HumanINS_R,4,mapped,1704.0,SR_DA_Mid,SR_midbrain_dopaminergic_complex,222.89062500000009,24,4,157,136,0.029411764705882353,0.17647058823529413,True,unassessed
936,HumanINS_R,4,mapped,1714.0,SR_PBC,SR_parabrachial_complex,45.84375000000002,5,1,157,136,0.007352941176470588,0.03676470588235294,True,unassessed
936,HumanINS_R,4,mapped,1727.0,SR_ll+,SR_lateral_lemniscus_complex,27.73437500000001,1,1,157,136,0.007352941176470588,0.007352941176470588,True,unassessed
936,HumanINS_R,4,mapped,1732.0,SR_retPons,SR_pontine_reticulum,135.50000000000006,2,1,157,136,0.007352941176470588,0.014705882352941176,True,unassessed
936,HumanINS_R,4,mapped,1742.0,SR_Pn+,SR_pontine_nucleus_region,492.9218750000002,10,3,157,136,0.022058823529411766,0.07352941176470588,True,unassessed
936,HumanINS_R,4,mapped,1819.0,SR_PreCbMed,SR_precerebellar_medulla,64.70312500000003,2,1,157,136,0.007352941176470588,0.014705882352941176,True,unassessed
936,HumanINS_R,4,mapped,1822.0,SR_vmt,SR_ventral_medullar_tracts,46.89062500000002,1,1,157,136,0.007352941176470588,0.007352941176470588,True,unassessed
936,HumanINS_R,4,out_of_FOV,,,,,1,1,157,136,0.007352941176470588,0.007352941176470588,True,unassessed
936,HumanINS_R,4,zero_unassigned,0.0,,,,2875,105,157,136,0.7720588235294118,21.139705882352942,True,unassessed
936,HumanINS_R,5,key_level_conflict,545.0,CR_AON/TTv,CR_anterior_olfactory_cortex,,15,3,157,136,0.022058823529411766,0.11029411764705882,True,unassessed
936,HumanINS_R,5,mapped,48.0,CL_G,CL_gustatory_cortex,40.12500000000002,4,1,157,136,0.007352941176470588,0.029411764705882353,True,unassessed
936,HumanINS_R,5,mapped,84.0,CL_PMv,CL_ventral_premotor_cortex,700.6093750000003,1,1,157,136,0.007352941176470588,0.007352941176470588,True,unassessed
936,HumanINS_R,5,mapped,227.0,CL_Ins,CL_insula,260.9062500000001,5,1,157,136,0.007352941176470588,0.03676470588235294,True,unassessed
936,HumanINS_R,5,mapped,512.0,CR_area_24a/b_prime,CR_areas_24a'_and_24b',72.70312500000003,9,1,157,136,0.007352941176470588,0.0661764705882353,True,unassessed
936,HumanINS_R,5,mapped,515.0,CR_area_24c_prime,CR_area_24c',115.67187500000006,76,1,157,136,0.007352941176470588,0.5588235294117647,True,unassessed
936,HumanINS_R,5,mapped,527.0,CR_area_11,CR_area_11,138.23437500000006,41,2,157,136,0.014705882352941176,0.3014705882352941,True,unassessed
936,HumanINS_R,5,mapped,530.0,CR_area_13,CR_area_13,419.17187500000017,146,7,157,136,0.051470588235294115,1.0735294117647058,True,unassessed
936,HumanINS_R,5,mapped,534.0,CR_area_12m/o,CR_medial_and_orbital_area_12,150.73437500000006,270,14,157,136,0.10294117647058823,1.9852941176470589,True,unassessed
936,HumanINS_R,5,mapped,539.0,CR_Iam/Iapm,CR_medial_agranular_insular_region,24.17187500000001,43,6,157,136,0.04411764705882353,0.3161764705882353,True,unassessed
936,HumanINS_R,5,mapped,540.0,CR_lat_Ia,CR_lateral_agranular_insular_region,145.28125000000006,757,67,157,136,0.49264705882352944,5.5661764705882355,True,unassessed
936,HumanINS_R,5,mapped,548.0,CR_G,CR_gustatory_cortex,40.12500000000002,82,13,157,136,0.09558823529411764,0.6029411764705882,True,unassessed
936,HumanINS_R,5,mapped,549.0,CR_PrCO,CR_precentral_operular_area,95.95312500000004,931,51,157,136,0.375,6.845588235294118,True,unassessed
936,HumanINS_R,5,mapped,566.0,CR_area_46v/f,CR_ventral_and_fundus_portion_of_area_46,316.7187500000001,67,1,157,136,0.007352941176470588,0.49264705882352944,True,unassessed
936,HumanINS_R,5,mapped,569.0,CR_area_12r/l,CR_rostral_and_lateral_area_12,149.23437500000006,44,7,157,136,0.051470588235294115,0.3235294117647059,True,unassessed
936,HumanINS_R,5,mapped,573.0,CR_area_45,CR_area_45,165.54687500000009,8,1,157,136,0.007352941176470588,0.058823529411764705,True,unassessed
936,HumanINS_R,5,mapped,576.0,CR_area_44,CR_area_44,49.35937500000002,10,2,157,136,0.014705882352941176,0.07352941176470588,True,unassessed
936,HumanINS_R,5,mapped,579.0,CR_M1,CR_primary_motor_cortex,762.1250000000003,5,1,157,136,0.007352941176470588,0.03676470588235294,True,unassessed
936,HumanINS_R,5,mapped,581.0,CR_PMd,CR_dorsal_premotor_cortex,767.7500000000003,4,1,157,136,0.007352941176470588,0.029411764705882353,True,unassessed
936,HumanINS_R,5,mapped,584.0,CR_PMv,CR_ventral_premotor_cortex,700.6093750000003,783,26,157,136,0.19117647058823528,5.757352941176471,True,unassessed
936,HumanINS_R,5,mapped,594.0,CR_areas_1-2,CR_areas_1-2,655.2968750000003,40,5,157,136,0.03676470588235294,0.29411764705882354,True,unassessed
936,HumanINS_R,5,mapped,595.0,CR_SII,CR_secondary_somatosensory_cortex,285.3125000000001,357,19,157,136,0.13970588235294118,2.625,True,unassessed
936,HumanINS_R,5,mapped,609.0,CR_fundus_IPS,CR_fundus_of_the_intraparietal_sulcus,150.25000000000006,2,1,157,136,0.007352941176470588,0.014705882352941176,True,unassessed
936,HumanINS_R,5,mapped,614.0,CR_AIP,CR_anterior_intraparietal_area,42.20312500000002,5,2,157,136,0.014705882352941176,0.03676470588235294,True,unassessed
936,HumanINS_R,5,mapped,615.0,CR_LIP,CR_lateral_intraparietal_area,268.2812500000001,3,1,157,136,0.007352941176470588,0.022058823529411766,True,unassessed
936,HumanINS_R,5,mapped,621.0,CR_area_7a/b,CR_inferior_parietal_lobule_areas_7a_and_7b,393.17187500000017,77,3,157,136,0.022058823529411766,0.5661764705882353,True,unassessed
936,HumanINS_R,5,mapped,624.0,CR_area_7op,CR_parietal_operculum,167.64062500000009,85,2,157,136,0.014705882352941176,0.625,True,unassessed
936,HumanINS_R,5,mapped,658.0,CR_mid_ERh,CR_middle_entorhinal_cortex,31.984375000000014,6,2,157,136,0.014705882352941176,0.04411764705882353,True,unassessed
936,HumanINS_R,5,mapped,659.0,CR_rostral_ERh,CR_rostral_entorhinal_cortex,47.82812500000002,50,2,157,136,0.014705882352941176,0.36764705882352944,True,unassessed
936,HumanINS_R,5,mapped,661.0,CR_area_35,CR_area_35,34.593750000000014,133,7,157,136,0.051470588235294115,0.9779411764705882,True,unassessed
936,HumanINS_R,5,mapped,662.0,CR_area_36,CR_area_36,115.15625000000006,73,5,157,136,0.03676470588235294,0.5367647058823529,True,unassessed
936,HumanINS_R,5,mapped,666.0,CR_TGa,CR_agranular_temporal_pole,76.29687500000003,24,2,157,136,0.014705882352941176,0.17647058823529413,True,unassessed
936,HumanINS_R,5,mapped,668.0,CR_TGd,CR_dysgranular_temporal_pole,91.85937500000004,20,2,157,136,0.014705882352941176,0.14705882352941177,True,unassessed
936,HumanINS_R,5,mapped,671.0,CR_TGg,CR_granular_temporal_pole,147.35937500000006,68,4,157,136,0.029411764705882353,0.5,True,unassessed
936,HumanINS_R,5,mapped,682.0,CR_ant_TE,CR_anterior_area_TE,419.42187500000017,53,3,157,136,0.022058823529411766,0.3897058823529412,True,unassessed
936,HumanINS_R,5,mapped,685.0,CR_TE_in_STSv,CR_area_TE_in_the_ventral_STS,301.0781250000001,108,6,157,136,0.04411764705882353,0.7941176470588235,True,unassessed
936,HumanINS_R,5,mapped,689.0,CR_ant_STSf,CR_anterior_fundus_of_the_superior_temporal_sulcus,332.81250000000017,90,6,157,136,0.04411764705882353,0.6617647058823529,True,unassessed
936,HumanINS_R,5,mapped,696.0,CR_TPO,CR_temporal_parietooccipital_associated_area,280.6406250000001,4,2,157,136,0.014705882352941176,0.029411764705882353,True,unassessed
936,HumanINS_R,5,mapped,726.0,CR_Pi,CR_parainsula,27.28125000000001,28,5,157,136,0.03676470588235294,0.20588235294117646,True,unassessed
936,HumanINS_R,5,mapped,727.0,CR_Ins,CR_insula,260.9062500000001,4553,69,157,136,0.5073529411764706,33.47794117647059,True,unassessed
936,HumanINS_R,5,mapped,1126.0,SL_MD,SL_mediodorsal_thalamus,78.81250000000003,3,2,157,136,0.014705882352941176,0.022058823529411766,True,unassessed
936,HumanINS_R,5,mapped,1128.0,SL_IMD,SL_intermediodorsal_thalamus,11.781250000000005,17,2,157,136,0.014705882352941176,0.125,True,unassessed
936,HumanINS_R,5,mapped,1133.0,SL_CM,SL_central_medial_thalamus,12.453125000000005,2,2,157,136,0.014705882352941176,0.014705882352941176,True,unassessed
936,HumanINS_R,5,mapped,1313.0,SL_Gi,SL_gigantocellular_reticular_nucleus,70.50000000000003,4,1,157,136,0.007352941176470588,0.029411764705882353,True,unassessed
936,HumanINS_R,5,mapped,1504.0,SR_Cl,SR_claustrum,255.1562500000001,80,23,157,136,0.16911764705882354,0.5882352941176471,True,unassessed
936,HumanINS_R,5,mapped,1507.0,SR_DEn,SR_dorsal_endopiriform_claustrum,14.203125000000007,1,1,157,136,0.007352941176470588,0.007352941176470588,True,unassessed
936,HumanINS_R,5,mapped,1508.0,SR_VEn,SR_ventral_endopiriform_claustrum,9.515625000000004,8,3,157,136,0.022058823529411766,0.058823529411764705,True,unassessed
936,HumanINS_R,5,mapped,1509.0,SR_Pir,SR_piriform_cortex,30.796875000000014,1,1,157,136,0.007352941176470588,0.007352941176470588,True,unassessed
936,HumanINS_R,5,mapped,1513.0,SR_HiA,SR_hippocampus_anterior,271.8750000000001,4,1,157,136,0.007352941176470588,0.029411764705882353,True,unassessed
936,HumanINS_R,5,mapped,1518.0,SR_HiP,SR_hippocampus_posterior,114.28125000000006,9,1,157,136,0.007352941176470588,0.0661764705882353,True,unassessed
936,HumanINS_R,5,mapped,1527.0,SR_BM,SR_basomedial_amygdaloid_nucleus,47.84375000000002,17,4,157,136,0.029411764705882353,0.125,True,unassessed
936,HumanINS_R,5,mapped,1528.0,SR_VCo,SR_ventral_cortical_amygdaloid_nucleus,22.76562500000001,22,2,157,136,0.014705882352941176,0.16176470588235295,True,unassessed
936,HumanINS_R,5,mapped,1531.0,SR_La,SR_lateral_amygdaloid_nucleus,40.82812500000002,73,7,157,136,0.051470588235294115,0.5367647058823529,True,unassessed
936,HumanINS_R,5,mapped,1535.0,SR_BL,SR_basolateral_amygdaloid_nucleus,47.54687500000002,46,5,157,136,0.03676470588235294,0.3382352941176471,True,unassessed
936,HumanINS_R,5,mapped,1542.0,SR_Ce,SR_central_amygdaloid_nucleus,13.843750000000005,29,2,157,136,0.014705882352941176,0.21323529411764705,True,unassessed
936,HumanINS_R,5,mapped,1544.0,SR_Me,SR_medial_amygdaloid_nucleus,16.984375000000007,10,2,157,136,0.014705882352941176,0.07352941176470588,True,unassessed
936,HumanINS_R,5,mapped,1545.0,SR_AA,SR_anterior_amygdaloid_area,23.73437500000001,12,3,157,136,0.022058823529411766,0.08823529411764706,True,unassessed
936,HumanINS_R,5,mapped,1547.0,SR_EA,SR_extended_amygdala,9.140625000000004,1,1,157,136,0.007352941176470588,0.007352941176470588,True,unassessed
936,HumanINS_R,5,mapped,1548.0,SR_IPAC,SR_posterior_interstitial_nucleus,4.906250000000002,6,4,157,136,0.029411764705882353,0.04411764705882353,True,unassessed
936,HumanINS_R,5,mapped,1549.0,SR_STIA,SR_intraamygdaloid_stria_terminalis,15.593750000000007,4,2,157,136,0.014705882352941176,0.029411764705882353,True,unassessed
936,HumanINS_R,5,mapped,1553.0,SR_Cd,SR_caudate,649.5625000000003,282,6,157,136,0.04411764705882353,2.073529411764706,True,unassessed
936,HumanINS_R,5,mapped,1556.0,SR_Pu,SR_putamen,895.1093750000003,1361,26,157,136,0.19117647058823528,10.007352941176471,True,unassessed
936,HumanINS_R,5,mapped,1557.0,SR_ASt,SR_amygdalostriatal_transition,33.812500000000014,129,10,157,136,0.07352941176470588,0.9485294117647058,True,unassessed
936,HumanINS_R,5,mapped,1558.0,SR_ic,SR_internal_capsule,230.7343750000001,52,8,157,136,0.058823529411764705,0.38235294117647056,True,unassessed
936,HumanINS_R,5,mapped,1560.0,SR_Acb,SR_accumbens,94.96875000000004,43,8,157,136,0.058823529411764705,0.3161764705882353,True,unassessed
936,HumanINS_R,5,mapped,1563.0,SR_GP,SR_globus_pallidus,239.7656250000001,9,2,157,136,0.014705882352941176,0.0661764705882353,True,unassessed
936,HumanINS_R,5,mapped,1567.0,SR_ac,SR_anterior_commissure,77.82812500000003,90,14,157,136,0.10294117647058823,0.6617647058823529,True,unassessed
936,HumanINS_R,5,mapped,1568.0,SR_VP,SR_ventral_pallidum,21.00000000000001,2,2,157,136,0.014705882352941176,0.014705882352941176,True,unassessed
936,HumanINS_R,5,mapped,1570.0,SR_BR,SR_basal_nucleus_region,38.000000000000014,12,2,157,136,0.014705882352941176,0.08823529411764706,True,unassessed
936,HumanINS_R,5,mapped,1573.0,SR_ST,SR_bed_nucleus_of_the_stria_terminalis,42.00000000000002,22,3,157,136,0.022058823529411766,0.16176470588235295,True,unassessed
936,HumanINS_R,5,mapped,1578.0,SR_opt,SR_optic_tract,151.82812500000006,1,1,157,136,0.007352941176470588,0.007352941176470588,True,unassessed
936,HumanINS_R,5,mapped,1580.0,SR_PO,SR_preoptic_area,21.90625000000001,3,1,157,136,0.007352941176470588,0.022058823529411766,True,unassessed
936,HumanINS_R,5,mapped,1595.0,SR_LHy,SR_lateral_hypothalamic_region,77.43750000000003,14,3,157,136,0.022058823529411766,0.10294117647058823,True,unassessed
936,HumanINS_R,5,mapped,1599.0,SR_STh,SR_subthalamic_nucleus,22.20312500000001,1,1,157,136,0.007352941176470588,0.007352941176470588,True,unassessed
936,HumanINS_R,5,mapped,1612.0,SR_ZI-H,SR_zona_incerta_and_lenticular_fascicles,37.375000000000014,2,2,157,136,0.014705882352941176,0.014705882352941176,True,unassessed
936,HumanINS_R,5,mapped,1626.0,SR_MD,SR_mediodorsal_thalamus,78.81250000000003,24,2,157,136,0.014705882352941176,0.17647058823529413,True,unassessed
936,HumanINS_R,5,mapped,1628.0,SR_IMD,SR_intermediodorsal_thalamus,11.781250000000005,38,2,157,136,0.014705882352941176,0.27941176470588236,True,unassessed
936,HumanINS_R,5,mapped,1633.0,SR_CM,SR_central_medial_thalamus,12.453125000000005,5,1,157,136,0.007352941176470588,0.03676470588235294,True,unassessed
936,HumanINS_R,5,mapped,1647.0,SR_VM,SR_ventral_medial_thalamus,20.95312500000001,3,1,157,136,0.007352941176470588,0.022058823529411766,True,unassessed
936,HumanINS_R,5,mapped,1652.0,SR_APul,SR_anterior_pulvinar,49.37500000000002,9,1,157,136,0.007352941176470588,0.0661764705882353,True,unassessed
936,HumanINS_R,5,mapped,1701.0,SR_R+,SR_rubral_region,38.468750000000014,1,1,157,136,0.007352941176470588,0.007352941176470588,True,unassessed
936,HumanINS_R,5,mapped,1705.0,SR_RF,SR_retrorubral_field,5.734375000000003,1,1,157,136,0.007352941176470588,0.007352941176470588,True,unassessed
936,HumanINS_R,5,mapped,1706.0,SR_SN,SR_substantia_nigra,111.21875000000004,14,3,157,136,0.022058823529411766,0.10294117647058823,True,unassessed
936,HumanINS_R,5,mapped,1707.0,SR_VTA,SR_ventral_tegmental_area,24.42187500000001,3,1,157,136,0.007352941176470588,0.022058823529411766,True,unassessed
936,HumanINS_R,5,mapped,1710.0,SR_cp,SR_cerebral_peduncle,70.39062500000003,6,2,157,136,0.014705882352941176,0.04411764705882353,True,unassessed
936,HumanINS_R,5,mapped,1714.0,SR_PBC,SR_parabrachial_complex,45.84375000000002,5,1,157,136,0.007352941176470588,0.03676470588235294,True,unassessed
936,HumanINS_R,5,mapped,1728.0,SR_ll,SR_lateral_lemniscus,23.67187500000001,1,1,157,136,0.007352941176470588,0.007352941176470588,True,unassessed
936,HumanINS_R,5,mapped,1733.0,SR_SubC,SR_subceruleus,13.984375000000005,1,1,157,136,0.007352941176470588,0.007352941176470588,True,unassessed
936,HumanINS_R,5,mapped,1736.0,SR_PnO,SR_pontine_reticulum_oral,45.07812500000002,1,1,157,136,0.007352941176470588,0.007352941176470588,True,unassessed
936,HumanINS_R,5,mapped,1743.0,SR_Pn,SR_pontine_nucleus,254.6875000000001,9,3,157,136,0.022058823529411766,0.0661764705882353,True,unassessed
936,HumanINS_R,5,mapped,1744.0,SR_spf,SR_pontine_fibers,238.2343750000001,1,1,157,136,0.007352941176470588,0.007352941176470588,True,unassessed
936,HumanINS_R,5,mapped,1820.0,SR_InO,SR_inferior_olive,52.23437500000002,2,1,157,136,0.007352941176470588,0.014705882352941176,True,unassessed
936,HumanINS_R,5,mapped,1823.0,SR_py,SR_pyramidal_tract,46.54687500000002,1,1,157,136,0.007352941176470588,0.007352941176470588,True,unassessed
936,HumanINS_R,5,out_of_FOV,,,,,1,1,157,136,0.007352941176470588,0.007352941176470588,True,unassessed
936,HumanINS_R,5,zero_unassigned,0.0,,,,2875,105,157,136,0.7720588235294118,21.139705882352942,True,unassessed
936,HumanINS_R,6,mapped,48.0,CL_G,CL_gustatory_cortex,40.12500000000002,4,1,157,136,0.007352941176470588,0.029411764705882353,True,unassessed
936,HumanINS_R,6,mapped,86.0,CL_F5,CL_area_F5_of_ventral_premotor_cortex,434.01562500000017,1,1,157,136,0.007352941176470588,0.007352941176470588,True,unassessed
936,HumanINS_R,6,mapped,228.0,CL_Ia/Id,CL_agranular_and_dysgranular_insula,164.56250000000009,5,1,157,136,0.007352941176470588,0.03676470588235294,True,unassessed
936,HumanINS_R,6,mapped,514.0,CR_area_24b_prime,CR_area_24b',56.04687500000003,9,1,157,136,0.007352941176470588,0.0661764705882353,True,unassessed
936,HumanINS_R,6,mapped,515.0,CR_area_24c_prime,CR_area_24c',115.67187500000006,76,1,157,136,0.007352941176470588,0.5588235294117647,True,unassessed
936,HumanINS_R,6,mapped,529.0,CR_area_11l,CR_lateral_area_11,72.23437500000003,41,2,157,136,0.014705882352941176,0.3014705882352941,True,unassessed
936,HumanINS_R,6,mapped,532.0,CR_area_13m,CR_medial_area_13,174.45312500000009,102,6,157,136,0.04411764705882353,0.75,True,unassessed
936,HumanINS_R,6,mapped,533.0,CR_area_13l,CR_lateral_area_13,120.60937500000006,44,7,157,136,0.051470588235294115,0.3235294117647059,True,unassessed
936,HumanINS_R,6,mapped,535.0,CR_area_12m,CR_medial_area_12,82.07812500000004,104,3,157,136,0.022058823529411766,0.7647058823529411,True,unassessed
936,HumanINS_R,6,mapped,536.0,CR_area_12o,CR_orbital_area_12,68.65625000000003,166,12,157,136,0.08823529411764706,1.2205882352941178,True,unassessed
936,HumanINS_R,6,mapped,539.0,CR_Iam/Iapm,CR_medial_agranular_insular_region,24.17187500000001,43,6,157,136,0.04411764705882353,0.3161764705882353,True,unassessed
936,HumanINS_R,6,mapped,541.0,CR_Iai,CR_intermediate_agranular_insula_area,81.48437500000004,194,34,157,136,0.25,1.4264705882352942,True,unassessed
936,HumanINS_R,6,mapped,542.0,CR_Ial,CR_lateral_agranular_insula_area,47.98437500000002,480,52,157,136,0.38235294117647056,3.5294117647058822,True,unassessed
936,HumanINS_R,6,mapped,543.0,CR_Iapl,CR_posterior_lateral_agranular_insula_area,15.812500000000007,83,14,157,136,0.10294117647058823,0.6102941176470589,True,unassessed
936,HumanINS_R,6,mapped,545.0,CR_AON/TTv,CR_anterior_olfactory_cortex,25.64062500000001,15,3,157,136,0.022058823529411766,0.11029411764705882,True,unassessed
936,HumanINS_R,6,mapped,548.0,CR_G,CR_gustatory_cortex,40.12500000000002,82,13,157,136,0.09558823529411764,0.6029411764705882,True,unassessed
936,HumanINS_R,6,mapped,549.0,CR_PrCO,CR_precentral_operular_area,95.95312500000004,931,51,157,136,0.375,6.845588235294118,True,unassessed
936,HumanINS_R,6,mapped,568.0,CR_area_46v,CR_ventral_area_46,244.9218750000001,67,1,157,136,0.007352941176470588,0.49264705882352944,True,unassessed
936,HumanINS_R,6,mapped,570.0,CR_area_12l,CR_lateral_area_12,61.20312500000003,43,6,157,136,0.04411764705882353,0.3161764705882353,True,unassessed
936,HumanINS_R,6,mapped,571.0,CR_area_12r,CR_rostral_area_12,88.03125000000004,1,1,157,136,0.007352941176470588,0.007352941176470588,True,unassessed
936,HumanINS_R,6,mapped,574.0,CR_area_45a,CR_area_45a,90.45312500000004,8,1,157,136,0.007352941176470588,0.058823529411764705,True,unassessed
936,HumanINS_R,6,mapped,576.0,CR_area_44,CR_area_44,49.35937500000002,10,2,157,136,0.014705882352941176,0.07352941176470588,True,unassessed
936,HumanINS_R,6,mapped,579.0,CR_M1,CR_primary_motor_cortex,762.1250000000003,5,1,157,136,0.007352941176470588,0.03676470588235294,True,unassessed
936,HumanINS_R,6,mapped,582.0,CR_PMdc,CR_caudal_dorsal_premotor_cortex,687.1875000000003,4,1,157,136,0.007352941176470588,0.029411764705882353,True,unassessed
936,HumanINS_R,6,mapped,585.0,CR_F4,CR_area_F4_of_ventral_premotor_cortex,266.5937500000001,103,10,157,136,0.07352941176470588,0.7573529411764706,True,unassessed
936,HumanINS_R,6,mapped,586.0,CR_F5,CR_area_F5_of_ventral_premotor_cortex,434.01562500000017,680,24,157,136,0.17647058823529413,5.0,True,unassessed
936,HumanINS_R,6,mapped,594.0,CR_areas_1-2,CR_areas_1-2,655.2968750000003,40,5,157,136,0.03676470588235294,0.29411764705882354,True,unassessed
936,HumanINS_R,6,mapped,595.0,CR_SII,CR_secondary_somatosensory_cortex,285.3125000000001,357,19,157,136,0.13970588235294118,2.625,True,unassessed
936,HumanINS_R,6,mapped,610.0,CR_VIP,CR_ventral_intraparietal_area,119.62500000000006,2,1,157,136,0.007352941176470588,0.014705882352941176,True,unassessed
936,HumanINS_R,6,mapped,614.0,CR_AIP,CR_anterior_intraparietal_area,42.20312500000002,5,2,157,136,0.014705882352941176,0.03676470588235294,True,unassessed
936,HumanINS_R,6,mapped,616.0,CR_LIPd,CR_dorsal_lateral_intraparietal_area,158.54687500000006,3,1,157,136,0.007352941176470588,0.022058823529411766,True,unassessed
936,HumanINS_R,6,mapped,622.0,CR_area_7a,CR_caudal_inferior_parietal_lobule_area_7a_(Opt/PG),295.5781250000001,25,3,157,136,0.022058823529411766,0.18382352941176472,True,unassessed
936,HumanINS_R,6,mapped,623.0,CR_area_7b,CR_rostral_inferior_parietal_lobule_area_7b_(PFG/PF),97.59375000000004,52,3,157,136,0.022058823529411766,0.38235294117647056,True,unassessed
936,HumanINS_R,6,mapped,624.0,CR_area_7op,CR_parietal_operculum,167.64062500000009,85,2,157,136,0.014705882352941176,0.625,True,unassessed
936,HumanINS_R,6,mapped,658.0,CR_mid_ERh,CR_middle_entorhinal_cortex,31.984375000000014,6,2,157,136,0.014705882352941176,0.04411764705882353,True,unassessed
936,HumanINS_R,6,mapped,659.0,CR_rostral_ERh,CR_rostral_entorhinal_cortex,47.82812500000002,50,2,157,136,0.014705882352941176,0.36764705882352944,True,unassessed
936,HumanINS_R,6,mapped,661.0,CR_area_35,CR_area_35,34.593750000000014,133,7,157,136,0.051470588235294115,0.9779411764705882,True,unassessed
936,HumanINS_R,6,mapped,663.0,CR_area_36c,CR_caudal_area_36,53.96875000000002,15,3,157,136,0.022058823529411766,0.11029411764705882,True,unassessed
936,HumanINS_R,6,mapped,664.0,CR_area_36r/p,CR_rostral_and_polar_area_36,61.18750000000003,58,4,157,136,0.029411764705882353,0.4264705882352941,True,unassessed
936,HumanINS_R,6,mapped,666.0,CR_TGa,CR_agranular_temporal_pole,76.29687500000003,24,2,157,136,0.014705882352941176,0.17647058823529413,True,unassessed
936,HumanINS_R,6,mapped,670.0,CR_TGvd,CR_ventral_dysgranular_temporal_pole,21.12500000000001,20,2,157,136,0.014705882352941176,0.14705882352941177,True,unassessed
936,HumanINS_R,6,mapped,674.0,CR_TGsts,CR_sts_part_of_temporal_pole,78.28125000000003,68,4,157,136,0.029411764705882353,0.5,True,unassessed
936,HumanINS_R,6,mapped,683.0,CR_TEav,CR_anterior_ventral_area_TE,255.0781250000001,5,2,157,136,0.014705882352941176,0.03676470588235294,True,unassessed
936,HumanINS_R,6,mapped,684.0,CR_TEad,CR_anterior_dorsal_area_TE,164.34375000000009,48,3,157,136,0.022058823529411766,0.35294117647058826,True,unassessed
936,HumanINS_R,6,mapped,686.0,CR_TEm,CR_area_TEm,212.89062500000009,28,4,157,136,0.029411764705882353,0.20588235294117646,True,unassessed
936,HumanINS_R,6,mapped,687.0,CR_TEa,CR_area_TEa,88.18750000000004,80,4,157,136,0.029411764705882353,0.5882352941176471,True,unassessed
936,HumanINS_R,6,mapped,690.0,CR_IPa,CR_area_IPa,200.31250000000009,84,6,157,136,0.04411764705882353,0.6176470588235294,True,unassessed
936,HumanINS_R,6,mapped,691.0,CR_PGa,CR_area_PGa,132.50000000000006,6,2,157,136,0.014705882352941176,0.04411764705882353,True,unassessed
936,HumanINS_R,6,mapped,696.0,CR_TPO,CR_temporal_parietooccipital_associated_area,280.6406250000001,4,2,157,136,0.014705882352941176,0.029411764705882353,True,unassessed
936,HumanINS_R,6,mapped,726.0,CR_Pi,CR_parainsula,27.28125000000001,28,5,157,136,0.03676470588235294,0.20588235294117646,True,unassessed
936,HumanINS_R,6,mapped,728.0,CR_Ia/Id,CR_agranular_and_dysgranular_insula,164.56250000000009,4426,68,157,136,0.5,32.544117647058826,True,unassessed
936,HumanINS_R,6,mapped,729.0,CR_Ig,CR_granular_insula,96.34375000000004,127,11,157,136,0.08088235294117647,0.9338235294117647,True,unassessed
936,HumanINS_R,6,mapped,1126.0,SL_MD,SL_mediodorsal_thalamus,78.81250000000003,3,2,157,136,0.014705882352941176,0.022058823529411766,True,unassessed
936,HumanINS_R,6,mapped,1128.0,SL_IMD,SL_intermediodorsal_thalamus,11.781250000000005,17,2,157,136,0.014705882352941176,0.125,True,unassessed
936,HumanINS_R,6,mapped,1133.0,SL_CM,SL_central_medial_thalamus,12.453125000000005,2,2,157,136,0.014705882352941176,0.014705882352941176,True,unassessed
936,HumanINS_R,6,mapped,1313.0,SL_Gi,SL_gigantocellular_reticular_nucleus,70.50000000000003,4,1,157,136,0.007352941176470588,0.029411764705882353,True,unassessed
936,HumanINS_R,6,mapped,1504.0,SR_Cl,SR_claustrum,255.1562500000001,80,23,157,136,0.16911764705882354,0.5882352941176471,True,unassessed
936,HumanINS_R,6,mapped,1507.0,SR_DEn,SR_dorsal_endopiriform_claustrum,14.203125000000007,1,1,157,136,0.007352941176470588,0.007352941176470588,True,unassessed
936,HumanINS_R,6,mapped,1508.0,SR_VEn,SR_ventral_endopiriform_claustrum,9.515625000000004,8,3,157,136,0.022058823529411766,0.058823529411764705,True,unassessed
936,HumanINS_R,6,mapped,1509.0,SR_Pir,SR_piriform_cortex,30.796875000000014,1,1,157,136,0.007352941176470588,0.007352941176470588,True,unassessed
936,HumanINS_R,6,mapped,1515.0,SR_CAA,SR_CA1_3_anterior,180.68750000000009,4,1,157,136,0.007352941176470588,0.029411764705882353,True,unassessed
936,HumanINS_R,6,mapped,1519.0,SR_DGP,SR_dentate_gyrus_posterior,26.17187500000001,4,1,157,136,0.007352941176470588,0.029411764705882353,True,unassessed
936,HumanINS_R,6,mapped,1520.0,SR_CAP,SR_CA1_3_posterior,88.10937500000004,5,1,157,136,0.007352941176470588,0.03676470588235294,True,unassessed
936,HumanINS_R,6,mapped,1527.0,SR_BM,SR_basomedial_amygdaloid_nucleus,47.84375000000002,17,4,157,136,0.029411764705882353,0.125,True,unassessed
936,HumanINS_R,6,mapped,1528.0,SR_VCo,SR_ventral_cortical_amygdaloid_nucleus,22.76562500000001,22,2,157,136,0.014705882352941176,0.16176470588235295,True,unassessed
936,HumanINS_R,6,mapped,1532.0,SR_LaD,SR_lateral_dorsal_amygdaloid_nucleus,22.29687500000001,58,7,157,136,0.051470588235294115,0.4264705882352941,True,unassessed
936,HumanINS_R,6,mapped,1533.0,SR_LaV,SR_lateral_ventral_amygdaloid_nucleus,18.531250000000007,15,2,157,136,0.014705882352941176,0.11029411764705882,True,unassessed
936,HumanINS_R,6,mapped,1536.0,SR_BLD,SR_basolateral_dorsal_amygdaloid_nucleus,14.546875000000007,8,3,157,136,0.022058823529411766,0.058823529411764705,True,unassessed
936,HumanINS_R,6,mapped,1537.0,SR_BLI,SR_basolateral_intermediate_amygdaloid_nucleus,13.343750000000005,12,4,157,136,0.029411764705882353,0.08823529411764706,True,unassessed
936,HumanINS_R,6,mapped,1538.0,SR_BLV,SR_basolateral_ventral_amygdaloid_nucleus,19.656250000000007,26,2,157,136,0.014705882352941176,0.19117647058823528,True,unassessed
936,HumanINS_R,6,mapped,1542.0,SR_Ce,SR_central_amygdaloid_nucleus,13.843750000000005,29,2,157,136,0.014705882352941176,0.21323529411764705,True,unassessed
936,HumanINS_R,6,mapped,1544.0,SR_Me,SR_medial_amygdaloid_nucleus,16.984375000000007,10,2,157,136,0.014705882352941176,0.07352941176470588,True,unassessed
936,HumanINS_R,6,mapped,1545.0,SR_AA,SR_anterior_amygdaloid_area,23.73437500000001,12,3,157,136,0.022058823529411766,0.08823529411764706,True,unassessed
936,HumanINS_R,6,mapped,1547.0,SR_EA,SR_extended_amygdala,9.140625000000004,1,1,157,136,0.007352941176470588,0.007352941176470588,True,unassessed
936,HumanINS_R,6,mapped,1548.0,SR_IPAC,SR_posterior_interstitial_nucleus,4.906250000000002,6,4,157,136,0.029411764705882353,0.04411764705882353,True,unassessed
936,HumanINS_R,6,mapped,1549.0,SR_STIA,SR_intraamygdaloid_stria_terminalis,15.593750000000007,4,2,157,136,0.014705882352941176,0.029411764705882353,True,unassessed
936,HumanINS_R,6,mapped,1554.0,SR_CdH,SR_caudate_head,566.5156250000002,268,6,157,136,0.04411764705882353,1.9705882352941178,True,unassessed
936,HumanINS_R,6,mapped,1555.0,SR_CdT,SR_caudate_tail,83.04687500000004,14,2,157,136,0.014705882352941176,0.10294117647058823,True,unassessed
936,HumanINS_R,6,mapped,1556.0,SR_Pu,SR_putamen,895.1093750000003,1361,26,157,136,0.19117647058823528,10.007352941176471,True,unassessed
936,HumanINS_R,6,mapped,1557.0,SR_ASt,SR_amygdalostriatal_transition,33.812500000000014,129,10,157,136,0.07352941176470588,0.9485294117647058,True,unassessed
936,HumanINS_R,6,mapped,1558.0,SR_ic,SR_internal_capsule,230.7343750000001,52,8,157,136,0.058823529411764705,0.38235294117647056,True,unassessed
936,HumanINS_R,6,mapped,1560.0,SR_Acb,SR_accumbens,94.96875000000004,43,8,157,136,0.058823529411764705,0.3161764705882353,True,unassessed
936,HumanINS_R,6,mapped,1564.0,SR_EGP,SR_external_globus_pallidus,150.71875000000006,7,1,157,136,0.007352941176470588,0.051470588235294115,True,unassessed
936,HumanINS_R,6,mapped,1565.0,SR_IGP,SR_internal_globus_pallidus,82.67187500000004,2,2,157,136,0.014705882352941176,0.014705882352941176,True,unassessed
936,HumanINS_R,6,mapped,1567.0,SR_ac,SR_anterior_commissure,77.82812500000003,90,14,157,136,0.10294117647058823,0.6617647058823529,True,unassessed
936,HumanINS_R,6,mapped,1568.0,SR_VP,SR_ventral_pallidum,21.00000000000001,2,2,157,136,0.014705882352941176,0.014705882352941176,True,unassessed
936,HumanINS_R,6,mapped,1571.0,SR_PeB,SR_peri-basal_region,12.453125000000005,6,2,157,136,0.014705882352941176,0.04411764705882353,True,unassessed
936,HumanINS_R,6,mapped,1572.0,SR_B,SR_basal_nucleus,25.54687500000001,6,1,157,136,0.007352941176470588,0.04411764705882353,True,unassessed
936,HumanINS_R,6,mapped,1573.0,SR_ST,SR_bed_nucleus_of_the_stria_terminalis,42.00000000000002,22,3,157,136,0.022058823529411766,0.16176470588235295,True,unassessed
936,HumanINS_R,6,mapped,1578.0,SR_opt,SR_optic_tract,151.82812500000006,1,1,157,136,0.007352941176470588,0.007352941176470588,True,unassessed
936,HumanINS_R,6,mapped,1580.0,SR_PO,SR_preoptic_area,21.90625000000001,3,1,157,136,0.007352941176470588,0.022058823529411766,True,unassessed
936,HumanINS_R,6,mapped,1598.0,SR_PLH,SR_peduncular_lateral_hypothalamus,56.84375000000003,14,3,157,136,0.022058823529411766,0.10294117647058823,True,unassessed
936,HumanINS_R,6,mapped,1599.0,SR_STh,SR_subthalamic_nucleus,22.20312500000001,1,1,157,136,0.007352941176470588,0.007352941176470588,True,unassessed
936,HumanINS_R,6,mapped,1612.0,SR_ZI-H,SR_zona_incerta_and_lenticular_fascicles,37.375000000000014,2,2,157,136,0.014705882352941176,0.014705882352941176,True,unassessed
936,HumanINS_R,6,mapped,1626.0,SR_MD,SR_mediodorsal_thalamus,78.81250000000003,24,2,157,136,0.014705882352941176,0.17647058823529413,True,unassessed
936,HumanINS_R,6,mapped,1628.0,SR_IMD,SR_intermediodorsal_thalamus,11.781250000000005,38,2,157,136,0.014705882352941176,0.27941176470588236,True,unassessed
936,HumanINS_R,6,mapped,1633.0,SR_CM,SR_central_medial_thalamus,12.453125000000005,5,1,157,136,0.007352941176470588,0.03676470588235294,True,unassessed
936,HumanINS_R,6,mapped,1647.0,SR_VM,SR_ventral_medial_thalamus,20.95312500000001,3,1,157,136,0.007352941176470588,0.022058823529411766,True,unassessed
936,HumanINS_R,6,mapped,1652.0,SR_APul,SR_anterior_pulvinar,49.37500000000002,9,1,157,136,0.007352941176470588,0.0661764705882353,True,unassessed
936,HumanINS_R,6,mapped,1703.0,SR_PR-RI,SR_prerubral_field,3.0468750000000013,1,1,157,136,0.007352941176470588,0.007352941176470588,True,unassessed
936,HumanINS_R,6,mapped,1705.0,SR_RF,SR_retrorubral_field,5.734375000000003,1,1,157,136,0.007352941176470588,0.007352941176470588,True,unassessed
936,HumanINS_R,6,mapped,1706.0,SR_SN,SR_substantia_nigra,111.21875000000004,14,3,157,136,0.022058823529411766,0.10294117647058823,True,unassessed
936,HumanINS_R,6,mapped,1707.0,SR_VTA,SR_ventral_tegmental_area,24.42187500000001,3,1,157,136,0.007352941176470588,0.022058823529411766,True,unassessed
936,HumanINS_R,6,mapped,1710.0,SR_cp,SR_cerebral_peduncle,70.39062500000003,6,2,157,136,0.014705882352941176,0.04411764705882353,True,unassessed
936,HumanINS_R,6,mapped,1716.0,SR_MPB,SR_medial_parabrachial_nucleus,7.8593750000000036,5,1,157,136,0.007352941176470588,0.03676470588235294,True,unassessed
936,HumanINS_R,6,mapped,1728.0,SR_ll,SR_lateral_lemniscus,23.67187500000001,1,1,157,136,0.007352941176470588,0.007352941176470588,True,unassessed
936,HumanINS_R,6,mapped,1733.0,SR_SubC,SR_subceruleus,13.984375000000005,1,1,157,136,0.007352941176470588,0.007352941176470588,True,unassessed
936,HumanINS_R,6,mapped,1736.0,SR_PnO,SR_pontine_reticulum_oral,45.07812500000002,1,1,157,136,0.007352941176470588,0.007352941176470588,True,unassessed
936,HumanINS_R,6,mapped,1743.0,SR_Pn,SR_pontine_nucleus,254.6875000000001,9,3,157,136,0.022058823529411766,0.0661764705882353,True,unassessed
936,HumanINS_R,6,mapped,1747.0,SR_mcp,SR_medial_cerebellar_peduncle,214.40625000000009,1,1,157,136,0.007352941176470588,0.007352941176470588,True,unassessed
936,HumanINS_R,6,mapped,1820.0,SR_InO,SR_inferior_olive,52.23437500000002,2,1,157,136,0.007352941176470588,0.014705882352941176,True,unassessed
936,HumanINS_R,6,mapped,1823.0,SR_py,SR_pyramidal_tract,46.54687500000002,1,1,157,136,0.007352941176470588,0.007352941176470588,True,unassessed
936,HumanINS_R,6,out_of_FOV,,,,,1,1,157,136,0.007352941176470588,0.007352941176470588,True,unassessed
936,HumanINS_R,6,zero_unassigned,0.0,,,,2875,105,157,136,0.7720588235294118,21.139705882352942,True,unassessed
945,AtlasINS_L,1,mapped,1.0,CL_Frontal,CL_Frontal_Lobe,6154.890625000003,1146,12,12,12,1.0,95.5,True,unassessed
945,AtlasINS_L,1,mapped,90.0,CL_Parietal,CL_Parietal_Lobe,3774.453125000002,9,2,12,12,0.16666666666666666,0.75,True,unassessed
945,AtlasINS_L,1,mapped,138.0,CL_Temporal,CL_Temporal_Lobe,4285.390625000002,245,8,12,12,0.6666666666666666,20.416666666666668,True,unassessed
945,AtlasINS_L,1,mapped,1001.0,SL_tel,SL_telencephalon,3805.562500000002,30,3,12,12,0.25,2.5,True,unassessed
945,AtlasINS_L,1,zero_unassigned,0.0,,,,144,10,12,12,0.8333333333333334,12.0,True,unassessed
945,AtlasINS_L,2,mapped,16.0,CL_OFC,CL_orbital_frontal_cortex,1344.9218750000007,1127,12,12,12,1.0,93.91666666666667,True,unassessed
945,AtlasINS_L,2,mapped,50.0,CL_lat_PFC,CL_lateral_prefrontal_cortex,1665.2031250000007,1,1,12,12,0.08333333333333333,0.08333333333333333,True,unassessed
945,AtlasINS_L,2,mapped,77.0,CL_motor,CL_motor_cortex,2542.000000000001,18,2,12,12,0.16666666666666666,1.5,True,unassessed
945,AtlasINS_L,2,mapped,91.0,CL_SI/SII,CL_somatosensory_cortex,1186.0000000000005,9,2,12,12,0.16666666666666666,0.75,True,unassessed
945,AtlasINS_L,2,mapped,139.0,CL_MTL,CL_medial_temporal_lobe,423.42187500000017,40,1,12,12,0.08333333333333333,3.3333333333333335,True,unassessed
945,AtlasINS_L,2,mapped,165.0,CL_TG,CL_temporal_pole,315.5156250000001,7,1,12,12,0.08333333333333333,0.5833333333333334,True,unassessed
945,AtlasINS_L,2,mapped,175.0,CL_ITC,CL_inferior_temporal_cortex,1884.890625000001,73,1,12,12,0.08333333333333333,6.083333333333333,True,unassessed
945,AtlasINS_L,2,mapped,224.0,CL_floor_of_ls,CL_floor_of_the_lateral_sulcus,303.2968750000001,125,8,12,12,0.6666666666666666,10.416666666666666,True,unassessed
945,AtlasINS_L,2,mapped,1002.0,SL_LVPal,SL_lateral_and_ventral_pallium,309.6718750000001,2,2,12,12,0.16666666666666666,0.16666666666666666,True,unassessed
945,AtlasINS_L,2,mapped,1010.0,SL_MPal,SL_medial_pallium,575.5000000000002,1,1,12,12,0.08333333333333333,0.08333333333333333,True,unassessed
945,AtlasINS_L,2,mapped,1024.0,SL_Amy,SL_amygdala,302.0000000000001,23,2,12,12,0.16666666666666666,1.9166666666666667,True,unassessed
945,AtlasINS_L,2,mapped,1050.0,SL_BG,SL_basal_ganglia,2261.015625000001,3,1,12,12,0.08333333333333333,0.25,True,unassessed
945,AtlasINS_L,2,mapped,1069.0,SL_DSP,SL_diagonal_subpallium,182.70312500000009,1,1,12,12,0.08333333333333333,0.08333333333333333,True,unassessed
945,AtlasINS_L,2,zero_unassigned,0.0,,,,144,10,12,12,0.8333333333333334,12.0,True,unassessed
945,AtlasINS_L,3,mapped,25.0,CL_lat_OFC,CL_lateral_orbital_frontal_cortex,708.1406250000003,6,2,12,12,0.16666666666666666,0.5,True,unassessed
945,AtlasINS_L,3,mapped,37.0,CL_caudal_OFC,CL_caudal_orbital_frontal_cortex,331.17187500000017,1121,12,12,12,1.0,93.41666666666667,True,unassessed
945,AtlasINS_L,3,mapped,64.0,CL_vlPFC,CL_ventrolateral_prefrontal_cortex,680.8593750000003,1,1,12,12,0.08333333333333333,0.08333333333333333,True,unassessed
945,AtlasINS_L,3,mapped,78.0,CL_M1/PM,CL_lateral_motor_cortex,2230.484375000001,18,2,12,12,0.16666666666666666,1.5,True,unassessed
945,AtlasINS_L,3,mapped,92.0,CL_SI,CL_primary_somatosensory_cortex,900.6875000000005,1,1,12,12,0.08333333333333333,0.08333333333333333,True,unassessed
945,AtlasINS_L,3,mapped,95.0,CL_SII,CL_secondary_somatosensory_cortex,285.3125000000001,8,1,12,12,0.08333333333333333,0.6666666666666666,True,unassessed
945,AtlasINS_L,3,mapped,153.0,CL_Rh,CL_rhinal_cortex,280.2343750000001,40,1,12,12,0.08333333333333333,3.3333333333333335,True,unassessed
945,AtlasINS_L,3,mapped,165.0,CL_TG,CL_temporal_pole,315.5156250000001,7,1,12,12,0.08333333333333333,0.5833333333333334,True,unassessed
945,AtlasINS_L,3,mapped,177.0,CL_TE,CL_area_TE,1175.3906250000005,67,1,12,12,0.08333333333333333,5.583333333333333,True,unassessed
945,AtlasINS_L,3,mapped,188.0,CL_STSf,CL_fundus_of_the_superior_temporal_sulcus,425.15625000000017,6,1,12,12,0.08333333333333333,0.5,True,unassessed
945,AtlasINS_L,3,mapped,224.0,CL_floor_of_ls,CL_floor_of_the_lateral_sulcus,303.2968750000001,125,8,12,12,0.6666666666666666,10.416666666666666,True,unassessed
945,AtlasINS_L,3,mapped,1003.0,SL_LPal,SL_lateral_pallium,255.1562500000001,2,2,12,12,0.16666666666666666,0.16666666666666666,True,unassessed
945,AtlasINS_L,3,mapped,1011.0,SL_HF,SL_hippocampal_formation,532.0937500000002,1,1,12,12,0.08333333333333333,0.08333333333333333,True,unassessed
945,AtlasINS_L,3,mapped,1025.0,SL_pAmy,SL_pallial_amygdala,217.79687500000009,3,1,12,12,0.08333333333333333,0.25,True,unassessed
945,AtlasINS_L,3,mapped,1040.0,SL_spAmy,SL_subpallial_amygdala,84.20312500000004,20,2,12,12,0.16666666666666666,1.6666666666666667,True,unassessed
945,AtlasINS_L,3,mapped,1051.0,SL_Str,SL_striatum,1922.421875000001,2,1,12,12,0.08333333333333333,0.16666666666666666,True,unassessed
945,AtlasINS_L,3,mapped,1062.0,SL_Pd,SL_pallidum,338.59375000000017,1,1,12,12,0.08333333333333333,0.08333333333333333,True,unassessed
945,AtlasINS_L,3,mapped,1069.0,SL_DSP,SL_diagonal_subpallium,182.70312500000009,1,1,12,12,0.08333333333333333,0.08333333333333333,True,unassessed
945,AtlasINS_L,3,zero_unassigned,0.0,,,,144,10,12,12,0.8333333333333334,12.0,True,unassessed
945,AtlasINS_L,4,mapped,26.0,CL_areas_11/13,CL_areas_11_and_13,557.4062500000002,1,1,12,12,0.08333333333333333,0.08333333333333333,True,unassessed
945,AtlasINS_L,4,mapped,34.0,CL_area_12m/o,CL_medial_and_orbital_area_12,150.73437500000006,5,1,12,12,0.08333333333333333,0.4166666666666667,True,unassessed
945,AtlasINS_L,4,mapped,38.0,CL_OFa-p,CL_agranular_orbitofrontal_cortex,169.45312500000009,893,12,12,12,1.0,74.41666666666667,True,unassessed
945,AtlasINS_L,4,mapped,47.0,CL_cl_OFC,CL_caudolateral_orbitofrontal_cortex,136.07812500000006,228,4,12,12,0.3333333333333333,19.0,True,unassessed
945,AtlasINS_L,4,mapped,65.0,CL_rostral_vlPFC,CL_rostral_ventrolateral_prefrontal_cortex,465.9531250000002,1,1,12,12,0.08333333333333333,0.08333333333333333,True,unassessed
945,AtlasINS_L,4,mapped,80.0,CL_PM,CL_premotor_cortex,1468.3593750000007,18,2,12,12,0.16666666666666666,1.5,True,unassessed
945,AtlasINS_L,4,mapped,92.0,CL_SI,CL_primary_somatosensory_cortex,900.6875000000005,1,1,12,12,0.08333333333333333,0.08333333333333333,True,unassessed
945,AtlasINS_L,4,mapped,95.0,CL_SII,CL_secondary_somatosensory_cortex,285.3125000000001,8,1,12,12,0.08333333333333333,0.6666666666666666,True,unassessed
945,AtlasINS_L,4,mapped,154.0,CL_ERh,CL_entorhinal_cortex,130.48437500000006,2,1,12,12,0.08333333333333333,0.16666666666666666,True,unassessed
945,AtlasINS_L,4,mapped,160.0,CL_PRh,CL_perirhinal_cortex,149.75000000000006,38,1,12,12,0.08333333333333333,3.1666666666666665,True,unassessed
945,AtlasINS_L,4,mapped,167.0,CL_TGg/TGd,CL_granular_and_dysgranular_temporal_pole,239.2187500000001,7,1,12,12,0.08333333333333333,0.5833333333333334,True,unassessed
945,AtlasINS_L,4,mapped,178.0,CL_gyral_TE,CL_gyral_aspect_of_area_TE,874.3125000000003,9,1,12,12,0.08333333333333333,0.75,True,unassessed
945,AtlasINS_L,4,mapped,185.0,CL_TE_in_STSv,CL_area_TE_in_the_ventral_STS,301.0781250000001,58,1,12,12,0.08333333333333333,4.833333333333333,True,unassessed
945,AtlasINS_L,4,mapped,188.0,CL_STSf,CL_fundus_of_the_superior_temporal_sulcus,425.15625000000017,6,1,12,12,0.08333333333333333,0.5,True,unassessed
945,AtlasINS_L,4,mapped,225.0,CL_Ins/Pi,CL_insula_and_parainsula,288.1875000000001,125,8,12,12,0.6666666666666666,10.416666666666666,True,unassessed
945,AtlasINS_L,4,mapped,1004.0,SL_Cl,SL_claustrum,255.1562500000001,2,2,12,12,0.16666666666666666,0.16666666666666666,True,unassessed
945,AtlasINS_L,4,mapped,1012.0,SL_HFA,SL_hippocampal_formation_anterior,353.15625000000017,1,1,12,12,0.08333333333333333,0.08333333333333333,True,unassessed
945,AtlasINS_L,4,mapped,1030.0,SL_lpAmy,SL_lateropallial_amygdala,129.98437500000006,3,1,12,12,0.08333333333333333,0.25,True,unassessed
945,AtlasINS_L,4,mapped,1041.0,SL_stAmy,SL_striatal_amygdala,13.843750000000005,13,1,12,12,0.08333333333333333,1.0833333333333333,True,unassessed
945,AtlasINS_L,4,mapped,1043.0,SL_mAmy,SL_medial_amygdala,40.71875000000002,1,1,12,12,0.08333333333333333,0.08333333333333333,True,unassessed
945,AtlasINS_L,4,mapped,1046.0,SL_pdAmy,SL_pallidal_amygdala,29.640625000000014,6,2,12,12,0.16666666666666666,0.5,True,unassessed
945,AtlasINS_L,4,mapped,1052.0,SL_DStr,SL_dorsal_striatum,1809.218750000001,2,1,12,12,0.08333333333333333,0.16666666666666666,True,unassessed
945,AtlasINS_L,4,mapped,1062.0,SL_Pd,SL_pallidum,338.59375000000017,1,1,12,12,0.08333333333333333,0.08333333333333333,True,unassessed
945,AtlasINS_L,4,mapped,1070.0,SL_BR,SL_basal_nucleus_region,38.000000000000014,1,1,12,12,0.08333333333333333,0.08333333333333333,True,unassessed
945,AtlasINS_L,4,zero_unassigned,0.0,,,,144,10,12,12,0.8333333333333334,12.0,True,unassessed
945,AtlasINS_L,5,mapped,30.0,CL_area_13,CL_area_13,419.17187500000017,1,1,12,12,0.08333333333333333,0.08333333333333333,True,unassessed
945,AtlasINS_L,5,mapped,34.0,CL_area_12m/o,CL_medial_and_orbital_area_12,150.73437500000006,5,1,12,12,0.08333333333333333,0.4166666666666667,True,unassessed
945,AtlasINS_L,5,mapped,39.0,CL_Iam/Iapm,CL_medial_agranular_insular_region,24.17187500000001,17,1,12,12,0.08333333333333333,1.4166666666666667,True,unassessed
945,AtlasINS_L,5,mapped,40.0,CL_lat_Ia,CL_lateral_agranular_insular_region,145.28125000000006,876,12,12,12,1.0,73.0,True,unassessed
945,AtlasINS_L,5,mapped,48.0,CL_G,CL_gustatory_cortex,40.12500000000002,20,3,12,12,0.25,1.6666666666666667,True,unassessed
945,AtlasINS_L,5,mapped,49.0,CL_PrCO,CL_precentral_operular_area,95.95312500000004,208,2,12,12,0.16666666666666666,17.333333333333332,True,unassessed
945,AtlasINS_L,5,mapped,69.0,CL_area_12r/l,CL_rostral_and_lateral_area_12,149.23437500000006,1,1,12,12,0.08333333333333333,0.08333333333333333,True,unassessed
945,AtlasINS_L,5,mapped,84.0,CL_PMv,CL_ventral_premotor_cortex,700.6093750000003,18,2,12,12,0.16666666666666666,1.5,True,unassessed
945,AtlasINS_L,5,mapped,93.0,CL_area_3a/b,CL_areas_3a_and_3b,245.3906250000001,1,1,12,12,0.08333333333333333,0.08333333333333333,True,unassessed
945,AtlasINS_L,5,mapped,95.0,CL_SII,CL_secondary_somatosensory_cortex,285.3125000000001,8,1,12,12,0.08333333333333333,0.6666666666666666,True,unassessed
945,AtlasINS_L,5,mapped,159.0,CL_rostral_ERh,CL_rostral_entorhinal_cortex,47.82812500000002,2,1,12,12,0.08333333333333333,0.16666666666666666,True,unassessed
945,AtlasINS_L,5,mapped,161.0,CL_area_35,CL_area_35,34.593750000000014,13,1,12,12,0.08333333333333333,1.0833333333333333,True,unassessed
945,AtlasINS_L,5,mapped,162.0,CL_area_36,CL_area_36,115.15625000000006,25,1,12,12,0.08333333333333333,2.0833333333333335,True,unassessed
945,AtlasINS_L,5,mapped,171.0,CL_TGg,CL_granular_temporal_pole,147.35937500000006,7,1,12,12,0.08333333333333333,0.5833333333333334,True,unassessed
945,AtlasINS_L,5,mapped,182.0,CL_ant_TE,CL_anterior_area_TE,419.42187500000017,9,1,12,12,0.08333333333333333,0.75,True,unassessed
945,AtlasINS_L,5,mapped,185.0,CL_TE_in_STSv,CL_area_TE_in_the_ventral_STS,301.0781250000001,58,1,12,12,0.08333333333333333,4.833333333333333,True,unassessed
945,AtlasINS_L,5,mapped,189.0,CL_ant_STSf,CL_anterior_fundus_of_the_superior_temporal_sulcus,332.81250000000017,6,1,12,12,0.08333333333333333,0.5,True,unassessed
945,AtlasINS_L,5,mapped,226.0,CL_Pi,CL_parainsula,27.28125000000001,29,3,12,12,0.25,2.4166666666666665,True,unassessed
945,AtlasINS_L,5,mapped,227.0,CL_Ins,CL_insula,260.9062500000001,96,8,12,12,0.6666666666666666,8.0,True,unassessed
945,AtlasINS_L,5,mapped,1004.0,SL_Cl,SL_claustrum,255.1562500000001,2,2,12,12,0.16666666666666666,0.16666666666666666,True,unassessed
945,AtlasINS_L,5,mapped,1016.0,SL_SA,SL_subicular_complex_anterior,81.28125000000004,1,1,12,12,0.08333333333333333,0.08333333333333333,True,unassessed
945,AtlasINS_L,5,mapped,1035.0,SL_BL,SL_basolateral_amygdaloid_nucleus,47.54687500000002,3,1,12,12,0.08333333333333333,0.25,True,unassessed
945,AtlasINS_L,5,mapped,1042.0,SL_Ce,SL_central_amygdaloid_nucleus,13.843750000000005,13,1,12,12,0.08333333333333333,1.0833333333333333,True,unassessed
945,AtlasINS_L,5,mapped,1044.0,SL_Me,SL_medial_amygdaloid_nucleus,16.984375000000007,1,1,12,12,0.08333333333333333,0.08333333333333333,True,unassessed
945,AtlasINS_L,5,mapped,1048.0,SL_IPAC,SL_posterior_interstitial_nucleus,4.906250000000002,2,1,12,12,0.08333333333333333,0.16666666666666666,True,unassessed
945,AtlasINS_L,5,mapped,1049.0,SL_STIA,SL_intraamygdaloid_stria_terminalis,15.593750000000007,4,1,12,12,0.08333333333333333,0.3333333333333333,True,unassessed
945,AtlasINS_L,5,mapped,1056.0,SL_Pu,SL_putamen,895.1093750000003,1,1,12,12,0.08333333333333333,0.08333333333333333,True,unassessed
945,AtlasINS_L,5,mapped,1057.0,SL_ASt,SL_amygdalostriatal_transition,33.812500000000014,1,1,12,12,0.08333333333333333,0.08333333333333333,True,unassessed
945,AtlasINS_L,5,mapped,1067.0,SL_ac,SL_anterior_commissure,77.82812500000003,1,1,12,12,0.08333333333333333,0.08333333333333333,True,unassessed
945,AtlasINS_L,5,mapped,1070.0,SL_BR,SL_basal_nucleus_region,38.000000000000014,1,1,12,12,0.08333333333333333,0.08333333333333333,True,unassessed
945,AtlasINS_L,5,zero_unassigned,0.0,,,,144,10,12,12,0.8333333333333334,12.0,True,unassessed
945,AtlasINS_L,6,mapped,32.0,CL_area_13m,CL_medial_area_13,174.45312500000009,1,1,12,12,0.08333333333333333,0.08333333333333333,True,unassessed
945,AtlasINS_L,6,mapped,36.0,CL_area_12o,CL_orbital_area_12,68.65625000000003,5,1,12,12,0.08333333333333333,0.4166666666666667,True,unassessed
945,AtlasINS_L,6,mapped,39.0,CL_Iam/Iapm,CL_medial_agranular_insular_region,24.17187500000001,17,1,12,12,0.08333333333333333,1.4166666666666667,True,unassessed
945,AtlasINS_L,6,mapped,41.0,CL_Iai,CL_intermediate_agranular_insula_area,81.48437500000004,19,3,12,12,0.25,1.5833333333333333,True,unassessed
945,AtlasINS_L,6,mapped,42.0,CL_Ial,CL_lateral_agranular_insula_area,47.98437500000002,822,12,12,12,1.0,68.5,True,unassessed
945,AtlasINS_L,6,mapped,43.0,CL_Iapl,CL_posterior_lateral_agranular_insula_area,15.812500000000007,35,6,12,12,0.5,2.9166666666666665,True,unassessed
945,AtlasINS_L,6,mapped,48.0,CL_G,CL_gustatory_cortex,40.12500000000002,20,3,12,12,0.25,1.6666666666666667,True,unassessed
945,AtlasINS_L,6,mapped,49.0,CL_PrCO,CL_precentral_operular_area,95.95312500000004,208,2,12,12,0.16666666666666666,17.333333333333332,True,unassessed
945,AtlasINS_L,6,mapped,70.0,CL_area_12l,CL_lateral_area_12,61.20312500000003,1,1,12,12,0.08333333333333333,0.08333333333333333,True,unassessed
945,AtlasINS_L,6,mapped,85.0,CL_F4,CL_area_F4_of_ventral_premotor_cortex,266.5937500000001,8,1,12,12,0.08333333333333333,0.6666666666666666,True,unassessed
945,AtlasINS_L,6,mapped,86.0,CL_F5,CL_area_F5_of_ventral_premotor_cortex,434.01562500000017,10,1,12,12,0.08333333333333333,0.8333333333333334,True,unassessed
945,AtlasINS_L,6,mapped,93.0,CL_area_3a/b,CL_areas_3a_and_3b,245.3906250000001,1,1,12,12,0.08333333333333333,0.08333333333333333,True,unassessed
945,AtlasINS_L,6,mapped,95.0,CL_SII,CL_secondary_somatosensory_cortex,285.3125000000001,8,1,12,12,0.08333333333333333,0.6666666666666666,True,unassessed
945,AtlasINS_L,6,mapped,159.0,CL_rostral_ERh,CL_rostral_entorhinal_cortex,47.82812500000002,2,1,12,12,0.08333333333333333,0.16666666666666666,True,unassessed
945,AtlasINS_L,6,mapped,161.0,CL_area_35,CL_area_35,34.593750000000014,13,1,12,12,0.08333333333333333,1.0833333333333333,True,unassessed
945,AtlasINS_L,6,mapped,164.0,CL_area_36r/p,CL_rostral_and_polar_area_36,61.18750000000003,25,1,12,12,0.08333333333333333,2.0833333333333335,True,unassessed
945,AtlasINS_L,6,mapped,173.0,CL_TGvg,CL_ventral_granular_temporal_pole,16.859375000000007,3,1,12,12,0.08333333333333333,0.25,True,unassessed
945,AtlasINS_L,6,mapped,174.0,CL_TGsts,CL_sts_part_of_temporal_pole,78.28125000000003,4,1,12,12,0.08333333333333333,0.3333333333333333,True,unassessed
945,AtlasINS_L,6,mapped,183.0,CL_TEav,CL_anterior_ventral_area_TE,255.0781250000001,2,1,12,12,0.08333333333333333,0.16666666666666666,True,unassessed
945,AtlasINS_L,6,mapped,184.0,CL_TEad,CL_anterior_dorsal_area_TE,164.34375000000009,7,1,12,12,0.08333333333333333,0.5833333333333334,True,unassessed
945,AtlasINS_L,6,mapped,186.0,CL_TEm,CL_area_TEm,212.89062500000009,37,1,12,12,0.08333333333333333,3.0833333333333335,True,unassessed
945,AtlasINS_L,6,mapped,187.0,CL_TEa,CL_area_TEa,88.18750000000004,21,1,12,12,0.08333333333333333,1.75,True,unassessed
945,AtlasINS_L,6,mapped,190.0,CL_IPa,CL_area_IPa,200.31250000000009,6,1,12,12,0.08333333333333333,0.5,True,unassessed
945,AtlasINS_L,6,mapped,226.0,CL_Pi,CL_parainsula,27.28125000000001,29,3,12,12,0.25,2.4166666666666665,True,unassessed
945,AtlasINS_L,6,mapped,228.0,CL_Ia/Id,CL_agranular_and_dysgranular_insula,164.56250000000009,96,8,12,12,0.6666666666666666,8.0,True,unassessed
945,AtlasINS_L,6,mapped,1004.0,SL_Cl,SL_claustrum,255.1562500000001,2,2,12,12,0.16666666666666666,0.16666666666666666,True,unassessed
945,AtlasINS_L,6,mapped,1016.0,SL_SA,SL_subicular_complex_anterior,81.28125000000004,1,1,12,12,0.08333333333333333,0.08333333333333333,True,unassessed
945,AtlasINS_L,6,mapped,1036.0,SL_BLD,SL_basolateral_dorsal_amygdaloid_nucleus,14.546875000000007,3,1,12,12,0.08333333333333333,0.25,True,unassessed
945,AtlasINS_L,6,mapped,1042.0,SL_Ce,SL_central_amygdaloid_nucleus,13.843750000000005,13,1,12,12,0.08333333333333333,1.0833333333333333,True,unassessed
945,AtlasINS_L,6,mapped,1044.0,SL_Me,SL_medial_amygdaloid_nucleus,16.984375000000007,1,1,12,12,0.08333333333333333,0.08333333333333333,True,unassessed
945,AtlasINS_L,6,mapped,1048.0,SL_IPAC,SL_posterior_interstitial_nucleus,4.906250000000002,2,1,12,12,0.08333333333333333,0.16666666666666666,True,unassessed
945,AtlasINS_L,6,mapped,1049.0,SL_STIA,SL_intraamygdaloid_stria_terminalis,15.593750000000007,4,1,12,12,0.08333333333333333,0.3333333333333333,True,unassessed
945,AtlasINS_L,6,mapped,1056.0,SL_Pu,SL_putamen,895.1093750000003,1,1,12,12,0.08333333333333333,0.08333333333333333,True,unassessed
945,AtlasINS_L,6,mapped,1057.0,SL_ASt,SL_amygdalostriatal_transition,33.812500000000014,1,1,12,12,0.08333333333333333,0.08333333333333333,True,unassessed
945,AtlasINS_L,6,mapped,1067.0,SL_ac,SL_anterior_commissure,77.82812500000003,1,1,12,12,0.08333333333333333,0.08333333333333333,True,unassessed
945,AtlasINS_L,6,mapped,1072.0,SL_B,SL_basal_nucleus,25.54687500000001,1,1,12,12,0.08333333333333333,0.08333333333333333,True,unassessed
945,AtlasINS_L,6,zero_unassigned,0.0,,,,144,10,12,12,0.8333333333333334,12.0,True,unassessed
945,AtlasINS_R,1,mapped,501.0,CR_Frontal,CR_Frontal_Lobe,6154.890625000003,97,2,2,2,1.0,48.5,True,unassessed
945,AtlasINS_R,1,zero_unassigned,0.0,,,,18,1,2,2,0.5,9.0,True,unassessed
945,AtlasINS_R,2,mapped,516.0,CR_OFC,CR_orbital_frontal_cortex,1344.9218750000007,97,2,2,2,1.0,48.5,True,unassessed
945,AtlasINS_R,2,zero_unassigned,0.0,,,,18,1,2,2,0.5,9.0,True,unassessed
945,AtlasINS_R,3,mapped,537.0,CR_caudal_OFC,CR_caudal_orbital_frontal_cortex,331.17187500000017,97,2,2,2,1.0,48.5,True,unassessed
945,AtlasINS_R,3,zero_unassigned,0.0,,,,18,1,2,2,0.5,9.0,True,unassessed
945,AtlasINS_R,4,mapped,538.0,CR_OFa-p,CR_agranular_orbitofrontal_cortex,169.45312500000009,52,2,2,2,1.0,26.0,True,unassessed
945,AtlasINS_R,4,mapped,547.0,CR_cl_OFC,CR_caudolateral_orbitofrontal_cortex,136.07812500000006,45,2,2,2,1.0,22.5,True,unassessed
945,AtlasINS_R,4,zero_unassigned,0.0,,,,18,1,2,2,0.5,9.0,True,unassessed
945,AtlasINS_R,5,mapped,540.0,CR_lat_Ia,CR_lateral_agranular_insular_region,145.28125000000006,52,2,2,2,1.0,26.0,True,unassessed
945,AtlasINS_R,5,mapped,549.0,CR_PrCO,CR_precentral_operular_area,95.95312500000004,45,2,2,2,1.0,22.5,True,unassessed
945,AtlasINS_R,5,zero_unassigned,0.0,,,,18,1,2,2,0.5,9.0,True,unassessed
945,AtlasINS_R,6,mapped,541.0,CR_Iai,CR_intermediate_agranular_insula_area,81.48437500000004,49,2,2,2,1.0,24.5,True,unassessed
945,AtlasINS_R,6,mapped,542.0,CR_Ial,CR_lateral_agranular_insula_area,47.98437500000002,3,2,2,2,1.0,1.5,True,unassessed
945,AtlasINS_R,6,mapped,549.0,CR_PrCO,CR_precentral_operular_area,95.95312500000004,45,2,2,2,1.0,22.5,True,unassessed
945,AtlasINS_R,6,zero_unassigned,0.0,,,,18,1,2,2,0.5,9.0,True,unassessed
945,Candidate_R,1,mapped,501.0,CR_Frontal,CR_Frontal_Lobe,6154.890625000003,1813,11,11,11,1.0,164.8181818181818,True,unassessed
945,Candidate_R,1,mapped,590.0,CR_Parietal,CR_Parietal_Lobe,3774.453125000002,1,1,11,11,0.09090909090909091,0.09090909090909091,True,unassessed
945,Candidate_R,1,mapped,638.0,CR_Temporal,CR_Temporal_Lobe,4285.390625000002,35,4,11,11,0.36363636363636365,3.1818181818181817,True,unassessed
945,Candidate_R,1,mapped,1082.0,SL_di,SL_diencephalon,1285.0937500000007,16,1,11,11,0.09090909090909091,1.4545454545454546,True,unassessed
945,Candidate_R,1,mapped,1501.0,SR_tel,SR_telencephalon,3805.562500000002,156,4,11,11,0.36363636363636365,14.181818181818182,True,unassessed
945,Candidate_R,1,mapped,1582.0,SR_di,SR_diencephalon,1285.0937500000007,121,3,11,11,0.2727272727272727,11.0,True,unassessed
945,Candidate_R,1,mapped,1669.0,SR_mes,SR_mesencephalon,635.8437500000002,2,1,11,11,0.09090909090909091,0.18181818181818182,True,unassessed
945,Candidate_R,1,zero_unassigned,0.0,,,,191,7,11,11,0.6363636363636364,17.363636363636363,True,unassessed
945,Candidate_R,2,mapped,516.0,CR_OFC,CR_orbital_frontal_cortex,1344.9218750000007,1537,11,11,11,1.0,139.72727272727272,True,unassessed
945,Candidate_R,2,mapped,550.0,CR_lat_PFC,CR_lateral_prefrontal_cortex,1665.2031250000007,2,1,11,11,0.09090909090909091,0.18181818181818182,True,unassessed
945,Candidate_R,2,mapped,577.0,CR_motor,CR_motor_cortex,2542.000000000001,274,3,11,11,0.2727272727272727,24.90909090909091,True,unassessed
945,Candidate_R,2,mapped,591.0,CR_SI/SII,CR_somatosensory_cortex,1186.0000000000005,1,1,11,11,0.09090909090909091,0.09090909090909091,True,unassessed
945,Candidate_R,2,mapped,665.0,CR_TG,CR_temporal_pole,315.5156250000001,1,1,11,11,0.09090909090909091,0.09090909090909091,True,unassessed
945,Candidate_R,2,mapped,724.0,CR_floor_of_ls,CR_floor_of_the_lateral_sulcus,303.2968750000001,34,4,11,11,0.36363636363636365,3.090909090909091,True,unassessed
945,Candidate_R,2,mapped,1113.0,SL_Thal,SL_thalamus,970.0312500000005,16,1,11,11,0.09090909090909091,1.4545454545454546,True,unassessed
945,Candidate_R,2,mapped,1502.0,SR_LVPal,SR_lateral_and_ventral_pallium,309.6718750000001,5,1,11,11,0.09090909090909091,0.45454545454545453,True,unassessed
945,Candidate_R,2,mapped,1524.0,SR_Amy,SR_amygdala,302.0000000000001,43,1,11,11,0.09090909090909091,3.909090909090909,True,unassessed
945,Candidate_R,2,mapped,1550.0,SR_BG,SR_basal_ganglia,2261.015625000001,108,4,11,11,0.36363636363636365,9.818181818181818,True,unassessed
945,Candidate_R,2,mapped,1613.0,SR_Thal,SR_thalamus,970.0312500000005,112,3,11,11,0.2727272727272727,10.181818181818182,True,unassessed
945,Candidate_R,2,mapped,1660.0,SR_EpiThal,SR_epithalamus,15.359375000000007,9,1,11,11,0.09090909090909091,0.8181818181818182,True,unassessed
945,Candidate_R,2,mapped,1670.0,SR_Mid,SR_midbrain,635.8437500000002,2,1,11,11,0.09090909090909091,0.18181818181818182,True,unassessed
945,Candidate_R,2,zero_unassigned,0.0,,,,191,7,11,11,0.6363636363636364,17.363636363636363,True,unassessed
945,Candidate_R,3,mapped,525.0,CR_lat_OFC,CR_lateral_orbital_frontal_cortex,708.1406250000003,82,3,11,11,0.2727272727272727,7.454545454545454,True,unassessed
945,Candidate_R,3,mapped,537.0,CR_caudal_OFC,CR_caudal_orbital_frontal_cortex,331.17187500000017,1455,11,11,11,1.0,132.27272727272728,True,unassessed
945,Candidate_R,3,mapped,564.0,CR_vlPFC,CR_ventrolateral_prefrontal_cortex,680.8593750000003,2,1,11,11,0.09090909090909091,0.18181818181818182,True,unassessed
945,Candidate_R,3,mapped,578.0,CR_M1/PM,CR_lateral_motor_cortex,2230.484375000001,274,3,11,11,0.2727272727272727,24.90909090909091,True,unassessed
945,Candidate_R,3,mapped,595.0,CR_SII,CR_secondary_somatosensory_cortex,285.3125000000001,1,1,11,11,0.09090909090909091,0.09090909090909091,True,unassessed
945,Candidate_R,3,mapped,665.0,CR_TG,CR_temporal_pole,315.5156250000001,1,1,11,11,0.09090909090909091,0.09090909090909091,True,unassessed
945,Candidate_R,3,mapped,724.0,CR_floor_of_ls,CR_floor_of_the_lateral_sulcus,303.2968750000001,34,4,11,11,0.36363636363636365,3.090909090909091,True,unassessed
945,Candidate_R,3,mapped,1127.0,SL_MLThal,SL_midline_thalamus,71.21875000000003,16,1,11,11,0.09090909090909091,1.4545454545454546,True,unassessed
945,Candidate_R,3,mapped,1505.0,SR_VPal,SR_ventral_pallium,54.51562500000002,5,1,11,11,0.09090909090909091,0.45454545454545453,True,unassessed
945,Candidate_R,3,mapped,1525.0,SR_pAmy,SR_pallial_amygdala,217.79687500000009,7,1,11,11,0.09090909090909091,0.6363636363636364,True,unassessed
945,Candidate_R,3,mapped,1540.0,SR_spAmy,SR_subpallial_amygdala,84.20312500000004,36,1,11,11,0.09090909090909091,3.272727272727273,True,unassessed
945,Candidate_R,3,mapped,1551.0,SR_Str,SR_striatum,1922.421875000001,105,4,11,11,0.36363636363636365,9.545454545454545,True,unassessed
945,Candidate_R,3,mapped,1562.0,SR_Pd,SR_pallidum,338.59375000000017,3,1,11,11,0.09090909090909091,0.2727272727272727,True,unassessed
945,Candidate_R,3,mapped,1615.0,SR_MThal,SR_medial_thalamus,208.23437500000009,32,3,11,11,0.2727272727272727,2.909090909090909,True,unassessed
945,Candidate_R,3,mapped,1627.0,SR_MLThal,SR_midline_thalamus,71.21875000000003,50,2,11,11,0.18181818181818182,4.545454545454546,True,unassessed
945,Candidate_R,3,mapped,1635.0,SR_VThal,SR_ventral_thalamus,291.4218750000001,30,1,11,11,0.09090909090909091,2.727272727272727,True,unassessed
945,Candidate_R,3,mapped,1660.0,SR_EpiThal,SR_epithalamus,15.359375000000007,9,1,11,11,0.09090909090909091,0.8181818181818182,True,unassessed
945,Candidate_R,3,mapped,1671.0,SR_DMid,SR_dorsal_midbrain,189.04687500000009,1,1,11,11,0.09090909090909091,0.09090909090909091,True,unassessed
945,Candidate_R,3,mapped,1700.0,SR_VMid,SR_ventral_midbrain,261.3593750000001,1,1,11,11,0.09090909090909091,0.09090909090909091,True,unassessed
945,Candidate_R,3,zero_unassigned,0.0,,,,191,7,11,11,0.6363636363636364,17.363636363636363,True,unassessed
945,Candidate_R,4,mapped,526.0,CR_areas_11/13,CR_areas_11_and_13,557.4062500000002,68,1,11,11,0.09090909090909091,6.181818181818182,True,unassessed
945,Candidate_R,4,mapped,534.0,CR_area_12m/o,CR_medial_and_orbital_area_12,150.73437500000006,14,3,11,11,0.2727272727272727,1.2727272727272727,True,unassessed
945,Candidate_R,4,mapped,538.0,CR_OFa-p,CR_agranular_orbitofrontal_cortex,169.45312500000009,154,9,11,11,0.8181818181818182,14.0,True,unassessed
945,Candidate_R,4,mapped,547.0,CR_cl_OFC,CR_caudolateral_orbitofrontal_cortex,136.07812500000006,1301,11,11,11,1.0,118.27272727272727,True,unassessed
945,Candidate_R,4,mapped,565.0,CR_rostral_vlPFC,CR_rostral_ventrolateral_prefrontal_cortex,465.9531250000002,2,1,11,11,0.09090909090909091,0.18181818181818182,True,unassessed
945,Candidate_R,4,mapped,580.0,CR_PM,CR_premotor_cortex,1468.3593750000007,274,3,11,11,0.2727272727272727,24.90909090909091,True,unassessed
945,Candidate_R,4,mapped,595.0,CR_SII,CR_secondary_somatosensory_cortex,285.3125000000001,1,1,11,11,0.09090909090909091,0.09090909090909091,True,unassessed
945,Candidate_R,4,mapped,667.0,CR_TGg/TGd,CR_granular_and_dysgranular_temporal_pole,239.2187500000001,1,1,11,11,0.09090909090909091,0.09090909090909091,True,unassessed
945,Candidate_R,4,mapped,725.0,CR_Ins/Pi,CR_insula_and_parainsula,288.1875000000001,34,4,11,11,0.36363636363636365,3.090909090909091,True,unassessed
945,Candidate_R,4,mapped,1127.0,SL_MLThal,SL_midline_thalamus,71.21875000000003,16,1,11,11,0.09090909090909091,1.4545454545454546,True,unassessed
945,Candidate_R,4,mapped,1506.0,SR_En,SR_endopiriform_claustrum,23.71875000000001,3,1,11,11,0.09090909090909091,0.2727272727272727,True,unassessed
945,Candidate_R,4,mapped,1509.0,SR_Pir,SR_piriform_cortex,30.796875000000014,2,1,11,11,0.09090909090909091,0.18181818181818182,True,unassessed
945,Candidate_R,4,mapped,1530.0,SR_lpAmy,SR_lateropallial_amygdala,129.98437500000006,7,1,11,11,0.09090909090909091,0.6363636363636364,True,unassessed
945,Candidate_R,4,mapped,1541.0,SR_stAmy,SR_striatal_amygdala,13.843750000000005,14,1,11,11,0.09090909090909091,1.2727272727272727,True,unassessed
945,Candidate_R,4,mapped,1543.0,SR_mAmy,SR_medial_amygdala,40.71875000000002,4,1,11,11,0.09090909090909091,0.36363636363636365,True,unassessed
945,Candidate_R,4,mapped,1546.0,SR_pdAmy,SR_pallidal_amygdala,29.640625000000014,18,1,11,11,0.09090909090909091,1.6363636363636365,True,unassessed
945,Candidate_R,4,mapped,1552.0,SR_DStr,SR_dorsal_striatum,1809.218750000001,86,4,11,11,0.36363636363636365,7.818181818181818,True,unassessed
945,Candidate_R,4,mapped,1559.0,SR_VStr,SR_ventral_striatum,113.20312500000006,19,1,11,11,0.09090909090909091,1.7272727272727273,True,unassessed
945,Candidate_R,4,mapped,1562.0,SR_Pd,SR_pallidum,338.59375000000017,3,1,11,11,0.09090909090909091,0.2727272727272727,True,unassessed
945,Candidate_R,4,mapped,1619.0,SR_ILThal,SR_intralaminar_thalamus,106.54687500000004,4,3,11,11,0.2727272727272727,0.36363636363636365,True,unassessed
945,Candidate_R,4,mapped,1626.0,SR_MD,SR_mediodorsal_thalamus,78.81250000000003,28,2,11,11,0.18181818181818182,2.5454545454545454,True,unassessed
945,Candidate_R,4,mapped,1627.0,SR_MLThal,SR_midline_thalamus,71.21875000000003,50,2,11,11,0.18181818181818182,4.545454545454546,True,unassessed
945,Candidate_R,4,mapped,1636.0,SR_PNThal,SR_pallido_nigral_thalamus,95.73437500000004,2,1,11,11,0.09090909090909091,0.18181818181818182,True,unassessed
945,Candidate_R,4,mapped,1643.0,SR_SpThal,SR_spinal_thalamus,88.20312500000004,28,1,11,11,0.09090909090909091,2.5454545454545454,True,unassessed
945,Candidate_R,4,mapped,1662.0,SR_Hb,SR_habenula,11.265625000000005,9,1,11,11,0.09090909090909091,0.8181818181818182,True,unassessed
945,Candidate_R,4,mapped,1677.0,SR_PAGR,SR_periaqueductal_gray_region,51.10937500000002,1,1,11,11,0.09090909090909091,0.09090909090909091,True,unassessed
945,Candidate_R,4,mapped,1704.0,SR_DA_Mid,SR_midbrain_dopaminergic_complex,222.89062500000009,1,1,11,11,0.09090909090909091,0.09090909090909091,True,unassessed
945,Candidate_R,4,zero_unassigned,0.0,,,,191,7,11,11,0.6363636363636364,17.363636363636363,True,unassessed
945,Candidate_R,5,mapped,530.0,CR_area_13,CR_area_13,419.17187500000017,68,1,11,11,0.09090909090909091,6.181818181818182,True,unassessed
945,Candidate_R,5,mapped,534.0,CR_area_12m/o,CR_medial_and_orbital_area_12,150.73437500000006,14,3,11,11,0.2727272727272727,1.2727272727272727,True,unassessed
945,Candidate_R,5,mapped,540.0,CR_lat_Ia,CR_lateral_agranular_insular_region,145.28125000000006,154,9,11,11,0.8181818181818182,14.0,True,unassessed
945,Candidate_R,5,mapped,548.0,CR_G,CR_gustatory_cortex,40.12500000000002,6,2,11,11,0.18181818181818182,0.5454545454545454,True,unassessed
945,Candidate_R,5,mapped,549.0,CR_PrCO,CR_precentral_operular_area,95.95312500000004,1295,11,11,11,1.0,117.72727272727273,True,unassessed
945,Candidate_R,5,mapped,569.0,CR_area_12r/l,CR_rostral_and_lateral_area_12,149.23437500000006,2,1,11,11,0.09090909090909091,0.18181818181818182,True,unassessed
945,Candidate_R,5,mapped,584.0,CR_PMv,CR_ventral_premotor_cortex,700.6093750000003,274,3,11,11,0.2727272727272727,24.90909090909091,True,unassessed
945,Candidate_R,5,mapped,595.0,CR_SII,CR_secondary_somatosensory_cortex,285.3125000000001,1,1,11,11,0.09090909090909091,0.09090909090909091,True,unassessed
945,Candidate_R,5,mapped,668.0,CR_TGd,CR_dysgranular_temporal_pole,91.85937500000004,1,1,11,11,0.09090909090909091,0.09090909090909091,True,unassessed
945,Candidate_R,5,mapped,726.0,CR_Pi,CR_parainsula,27.28125000000001,6,2,11,11,0.18181818181818182,0.5454545454545454,True,unassessed
945,Candidate_R,5,mapped,727.0,CR_Ins,CR_insula,260.9062500000001,28,4,11,11,0.36363636363636365,2.5454545454545454,True,unassessed
945,Candidate_R,5,mapped,1128.0,SL_IMD,SL_intermediodorsal_thalamus,11.781250000000005,14,1,11,11,0.09090909090909091,1.2727272727272727,True,unassessed
945,Candidate_R,5,mapped,1133.0,SL_CM,SL_central_medial_thalamus,12.453125000000005,2,1,11,11,0.09090909090909091,0.18181818181818182,True,unassessed
945,Candidate_R,5,mapped,1507.0,SR_DEn,SR_dorsal_endopiriform_claustrum,14.203125000000007,2,1,11,11,0.09090909090909091,0.18181818181818182,True,unassessed
945,Candidate_R,5,mapped,1508.0,SR_VEn,SR_ventral_endopiriform_claustrum,9.515625000000004,1,1,11,11,0.09090909090909091,0.09090909090909091,True,unassessed
945,Candidate_R,5,mapped,1509.0,SR_Pir,SR_piriform_cortex,30.796875000000014,2,1,11,11,0.09090909090909091,0.18181818181818182,True,unassessed
945,Candidate_R,5,mapped,1535.0,SR_BL,SR_basolateral_amygdaloid_nucleus,47.54687500000002,7,1,11,11,0.09090909090909091,0.6363636363636364,True,unassessed
945,Candidate_R,5,mapped,1542.0,SR_Ce,SR_central_amygdaloid_nucleus,13.843750000000005,14,1,11,11,0.09090909090909091,1.2727272727272727,True,unassessed
945,Candidate_R,5,mapped,1544.0,SR_Me,SR_medial_amygdaloid_nucleus,16.984375000000007,4,1,11,11,0.09090909090909091,0.36363636363636365,True,unassessed
945,Candidate_R,5,mapped,1549.0,SR_STIA,SR_intraamygdaloid_stria_terminalis,15.593750000000007,18,1,11,11,0.09090909090909091,1.6363636363636365,True,unassessed
945,Candidate_R,5,mapped,1556.0,SR_Pu,SR_putamen,895.1093750000003,68,2,11,11,0.18181818181818182,6.181818181818182,True,unassessed
945,Candidate_R,5,mapped,1557.0,SR_ASt,SR_amygdalostriatal_transition,33.812500000000014,16,1,11,11,0.09090909090909091,1.4545454545454546,True,unassessed
945,Candidate_R,5,mapped,1558.0,SR_ic,SR_internal_capsule,230.7343750000001,2,2,11,11,0.18181818181818182,0.18181818181818182,True,unassessed
945,Candidate_R,5,mapped,1560.0,SR_Acb,SR_accumbens,94.96875000000004,18,1,11,11,0.09090909090909091,1.6363636363636365,True,unassessed
945,Candidate_R,5,mapped,1561.0,SR_Tu,SR_olfactory_tubercule,18.234375000000007,1,1,11,11,0.09090909090909091,0.09090909090909091,True,unassessed
945,Candidate_R,5,mapped,1563.0,SR_GP,SR_globus_pallidus,239.7656250000001,1,1,11,11,0.09090909090909091,0.09090909090909091,True,unassessed
945,Candidate_R,5,mapped,1567.0,SR_ac,SR_anterior_commissure,77.82812500000003,1,1,11,11,0.09090909090909091,0.09090909090909091,True,unassessed
945,Candidate_R,5,mapped,1568.0,SR_VP,SR_ventral_pallidum,21.00000000000001,1,1,11,11,0.09090909090909091,0.09090909090909091,True,unassessed
945,Candidate_R,5,mapped,1621.0,SR_CMn-PF,SR_centromedial-parafascicular_thalamus,50.56250000000002,4,3,11,11,0.2727272727272727,0.36363636363636365,True,unassessed
945,Candidate_R,5,mapped,1626.0,SR_MD,SR_mediodorsal_thalamus,78.81250000000003,28,2,11,11,0.18181818181818182,2.5454545454545454,True,unassessed
945,Candidate_R,5,mapped,1628.0,SR_IMD,SR_intermediodorsal_thalamus,11.781250000000005,25,2,11,11,0.18181818181818182,2.272727272727273,True,unassessed
945,Candidate_R,5,mapped,1630.0,SR_PVP,SR_paraventricular_posterior_thalamus,1.9218750000000009,2,1,11,11,0.09090909090909091,0.18181818181818182,True,unassessed
945,Candidate_R,5,mapped,1633.0,SR_CM,SR_central_medial_thalamus,12.453125000000005,20,1,11,11,0.09090909090909091,1.8181818181818181,True,unassessed
945,Candidate_R,5,mapped,1634.0,SR_Re-Rh-Xi,SR_Reuniens-rhomboid-xiphoid_thalamus,18.937500000000007,3,1,11,11,0.09090909090909091,0.2727272727272727,True,unassessed
945,Candidate_R,5,mapped,1637.0,SR_VA,SR_ventral_anterior_thalamus,48.87500000000002,2,1,11,11,0.09090909090909091,0.18181818181818182,True,unassessed
945,Candidate_R,5,mapped,1647.0,SR_VM,SR_ventral_medial_thalamus,20.95312500000001,28,1,11,11,0.09090909090909091,2.5454545454545454,True,unassessed
945,Candidate_R,5,mapped,1662.0,SR_Hb,SR_habenula,11.265625000000005,9,1,11,11,0.09090909090909091,0.8181818181818182,True,unassessed
945,Candidate_R,5,mapped,1679.0,SR_PAG,SR_periaqueductal_gray,49.48437500000002,1,1,11,11,0.09090909090909091,0.09090909090909091,True,unassessed
945,Candidate_R,5,mapped,1706.0,SR_SN,SR_substantia_nigra,111.21875000000004,1,1,11,11,0.09090909090909091,0.09090909090909091,True,unassessed
945,Candidate_R,5,zero_unassigned,0.0,,,,191,7,11,11,0.6363636363636364,17.363636363636363,True,unassessed
945,Candidate_R,6,mapped,532.0,CR_area_13m,CR_medial_area_13,174.45312500000009,9,1,11,11,0.09090909090909091,0.8181818181818182,True,unassessed
945,Candidate_R,6,mapped,533.0,CR_area_13l,CR_lateral_area_13,120.60937500000006,59,1,11,11,0.09090909090909091,5.363636363636363,True,unassessed
945,Candidate_R,6,mapped,535.0,CR_area_12m,CR_medial_area_12,82.07812500000004,10,1,11,11,0.09090909090909091,0.9090909090909091,True,unassessed
945,Candidate_R,6,mapped,536.0,CR_area_12o,CR_orbital_area_12,68.65625000000003,4,3,11,11,0.2727272727272727,0.36363636363636365,True,unassessed
945,Candidate_R,6,mapped,541.0,CR_Iai,CR_intermediate_agranular_insula_area,81.48437500000004,12,6,11,11,0.5454545454545454,1.0909090909090908,True,unassessed
945,Candidate_R,6,mapped,542.0,CR_Ial,CR_lateral_agranular_insula_area,47.98437500000002,136,8,11,11,0.7272727272727273,12.363636363636363,True,unassessed
945,Candidate_R,6,mapped,543.0,CR_Iapl,CR_posterior_lateral_agranular_insula_area,15.812500000000007,6,3,11,11,0.2727272727272727,0.5454545454545454,True,unassessed
945,Candidate_R,6,mapped,548.0,CR_G,CR_gustatory_cortex,40.12500000000002,6,2,11,11,0.18181818181818182,0.5454545454545454,True,unassessed
945,Candidate_R,6,mapped,549.0,CR_PrCO,CR_precentral_operular_area,95.95312500000004,1295,11,11,11,1.0,117.72727272727273,True,unassessed
945,Candidate_R,6,mapped,570.0,CR_area_12l,CR_lateral_area_12,61.20312500000003,2,1,11,11,0.09090909090909091,0.18181818181818182,True,unassessed
945,Candidate_R,6,mapped,585.0,CR_F4,CR_area_F4_of_ventral_premotor_cortex,266.5937500000001,2,1,11,11,0.09090909090909091,0.18181818181818182,True,unassessed
945,Candidate_R,6,mapped,586.0,CR_F5,CR_area_F5_of_ventral_premotor_cortex,434.01562500000017,272,3,11,11,0.2727272727272727,24.727272727272727,True,unassessed
945,Candidate_R,6,mapped,595.0,CR_SII,CR_secondary_somatosensory_cortex,285.3125000000001,1,1,11,11,0.09090909090909091,0.09090909090909091,True,unassessed
945,Candidate_R,6,mapped,669.0,CR_TGdd,CR_dorsal_dysgranular_temporal_pole,70.73437500000003,1,1,11,11,0.09090909090909091,0.09090909090909091,True,unassessed
945,Candidate_R,6,mapped,726.0,CR_Pi,CR_parainsula,27.28125000000001,6,2,11,11,0.18181818181818182,0.5454545454545454,True,unassessed
945,Candidate_R,6,mapped,728.0,CR_Ia/Id,CR_agranular_and_dysgranular_insula,164.56250000000009,28,4,11,11,0.36363636363636365,2.5454545454545454,True,unassessed
945,Candidate_R,6,mapped,1128.0,SL_IMD,SL_intermediodorsal_thalamus,11.781250000000005,14,1,11,11,0.09090909090909091,1.2727272727272727,True,unassessed
945,Candidate_R,6,mapped,1133.0,SL_CM,SL_central_medial_thalamus,12.453125000000005,2,1,11,11,0.09090909090909091,0.18181818181818182,True,unassessed
945,Candidate_R,6,mapped,1507.0,SR_DEn,SR_dorsal_endopiriform_claustrum,14.203125000000007,2,1,11,11,0.09090909090909091,0.18181818181818182,True,unassessed
945,Candidate_R,6,mapped,1508.0,SR_VEn,SR_ventral_endopiriform_claustrum,9.515625000000004,1,1,11,11,0.09090909090909091,0.09090909090909091,True,unassessed
945,Candidate_R,6,mapped,1509.0,SR_Pir,SR_piriform_cortex,30.796875000000014,2,1,11,11,0.09090909090909091,0.18181818181818182,True,unassessed
945,Candidate_R,6,mapped,1536.0,SR_BLD,SR_basolateral_dorsal_amygdaloid_nucleus,14.546875000000007,4,1,11,11,0.09090909090909091,0.36363636363636365,True,unassessed
945,Candidate_R,6,mapped,1537.0,SR_BLI,SR_basolateral_intermediate_amygdaloid_nucleus,13.343750000000005,3,1,11,11,0.09090909090909091,0.2727272727272727,True,unassessed
945,Candidate_R,6,mapped,1542.0,SR_Ce,SR_central_amygdaloid_nucleus,13.843750000000005,14,1,11,11,0.09090909090909091,1.2727272727272727,True,unassessed
945,Candidate_R,6,mapped,1544.0,SR_Me,SR_medial_amygdaloid_nucleus,16.984375000000007,4,1,11,11,0.09090909090909091,0.36363636363636365,True,unassessed
945,Candidate_R,6,mapped,1549.0,SR_STIA,SR_intraamygdaloid_stria_terminalis,15.593750000000007,18,1,11,11,0.09090909090909091,1.6363636363636365,True,unassessed
945,Candidate_R,6,mapped,1556.0,SR_Pu,SR_putamen,895.1093750000003,68,2,11,11,0.18181818181818182,6.181818181818182,True,unassessed
945,Candidate_R,6,mapped,1557.0,SR_ASt,SR_amygdalostriatal_transition,33.812500000000014,16,1,11,11,0.09090909090909091,1.4545454545454546,True,unassessed
945,Candidate_R,6,mapped,1558.0,SR_ic,SR_internal_capsule,230.7343750000001,2,2,11,11,0.18181818181818182,0.18181818181818182,True,unassessed
945,Candidate_R,6,mapped,1560.0,SR_Acb,SR_accumbens,94.96875000000004,18,1,11,11,0.09090909090909091,1.6363636363636365,True,unassessed
945,Candidate_R,6,mapped,1561.0,SR_Tu,SR_olfactory_tubercule,18.234375000000007,1,1,11,11,0.09090909090909091,0.09090909090909091,True,unassessed
945,Candidate_R,6,mapped,1564.0,SR_EGP,SR_external_globus_pallidus,150.71875000000006,1,1,11,11,0.09090909090909091,0.09090909090909091,True,unassessed
945,Candidate_R,6,mapped,1567.0,SR_ac,SR_anterior_commissure,77.82812500000003,1,1,11,11,0.09090909090909091,0.09090909090909091,True,unassessed
945,Candidate_R,6,mapped,1568.0,SR_VP,SR_ventral_pallidum,21.00000000000001,1,1,11,11,0.09090909090909091,0.09090909090909091,True,unassessed
945,Candidate_R,6,mapped,1621.0,SR_CMn-PF,SR_centromedial-parafascicular_thalamus,50.56250000000002,4,3,11,11,0.2727272727272727,0.36363636363636365,True,unassessed
945,Candidate_R,6,mapped,1626.0,SR_MD,SR_mediodorsal_thalamus,78.81250000000003,28,2,11,11,0.18181818181818182,2.5454545454545454,True,unassessed
945,Candidate_R,6,mapped,1628.0,SR_IMD,SR_intermediodorsal_thalamus,11.781250000000005,25,2,11,11,0.18181818181818182,2.272727272727273,True,unassessed
945,Candidate_R,6,mapped,1630.0,SR_PVP,SR_paraventricular_posterior_thalamus,1.9218750000000009,2,1,11,11,0.09090909090909091,0.18181818181818182,True,unassessed
945,Candidate_R,6,mapped,1633.0,SR_CM,SR_central_medial_thalamus,12.453125000000005,20,1,11,11,0.09090909090909091,1.8181818181818181,True,unassessed
945,Candidate_R,6,mapped,1634.0,SR_Re-Rh-Xi,SR_Reuniens-rhomboid-xiphoid_thalamus,18.937500000000007,3,1,11,11,0.09090909090909091,0.2727272727272727,True,unassessed
945,Candidate_R,6,mapped,1637.0,SR_VA,SR_ventral_anterior_thalamus,48.87500000000002,2,1,11,11,0.09090909090909091,0.18181818181818182,True,unassessed
945,Candidate_R,6,mapped,1647.0,SR_VM,SR_ventral_medial_thalamus,20.95312500000001,28,1,11,11,0.09090909090909091,2.5454545454545454,True,unassessed
945,Candidate_R,6,mapped,1662.0,SR_Hb,SR_habenula,11.265625000000005,9,1,11,11,0.09090909090909091,0.8181818181818182,True,unassessed
945,Candidate_R,6,mapped,1679.0,SR_PAG,SR_periaqueductal_gray,49.48437500000002,1,1,11,11,0.09090909090909091,0.09090909090909091,True,unassessed
945,Candidate_R,6,mapped,1706.0,SR_SN,SR_substantia_nigra,111.21875000000004,1,1,11,11,0.09090909090909091,0.09090909090909091,True,unassessed
945,Candidate_R,6,zero_unassigned,0.0,,,,191,7,11,11,0.6363636363636364,17.363636363636363,True,unassessed
948,AtlasINS_L,1,mapped,1.0,CL_Frontal,CL_Frontal_Lobe,6154.890625000003,50,3,3,3,1.0,16.666666666666668,True,unassessed
948,AtlasINS_L,1,mapped,138.0,CL_Temporal,CL_Temporal_Lobe,4285.390625000002,21,3,3,3,1.0,7.0,True,unassessed
948,AtlasINS_L,1,mapped,1001.0,SL_tel,SL_telencephalon,3805.562500000002,46,3,3,3,1.0,15.333333333333334,True,unassessed
948,AtlasINS_L,1,zero_unassigned,0.0,,,,36,3,3,3,1.0,12.0,True,unassessed
948,AtlasINS_L,2,mapped,16.0,CL_OFC,CL_orbital_frontal_cortex,1344.9218750000007,50,3,3,3,1.0,16.666666666666668,True,unassessed
948,AtlasINS_L,2,mapped,139.0,CL_MTL,CL_medial_temporal_lobe,423.42187500000017,6,2,3,3,0.6666666666666666,2.0,True,unassessed
948,AtlasINS_L,2,mapped,165.0,CL_TG,CL_temporal_pole,315.5156250000001,15,2,3,3,0.6666666666666666,5.0,True,unassessed
948,AtlasINS_L,2,mapped,1002.0,SL_LVPal,SL_lateral_and_ventral_pallium,309.6718750000001,13,2,3,3,0.6666666666666666,4.333333333333333,True,unassessed
948,AtlasINS_L,2,mapped,1010.0,SL_MPal,SL_medial_pallium,575.5000000000002,26,1,3,3,0.3333333333333333,8.666666666666666,True,unassessed
948,AtlasINS_L,2,mapped,1024.0,SL_Amy,SL_amygdala,302.0000000000001,6,2,3,3,0.6666666666666666,2.0,True,unassessed
948,AtlasINS_L,2,mapped,1050.0,SL_BG,SL_basal_ganglia,2261.015625000001,1,1,3,3,0.3333333333333333,0.3333333333333333,True,unassessed
948,AtlasINS_L,2,zero_unassigned,0.0,,,,36,3,3,3,1.0,12.0,True,unassessed
948,AtlasINS_L,3,mapped,37.0,CL_caudal_OFC,CL_caudal_orbital_frontal_cortex,331.17187500000017,50,3,3,3,1.0,16.666666666666668,True,unassessed
948,AtlasINS_L,3,mapped,153.0,CL_Rh,CL_rhinal_cortex,280.2343750000001,6,2,3,3,0.6666666666666666,2.0,True,unassessed
948,AtlasINS_L,3,mapped,165.0,CL_TG,CL_temporal_pole,315.5156250000001,15,2,3,3,0.6666666666666666,5.0,True,unassessed
948,AtlasINS_L,3,mapped,1003.0,SL_LPal,SL_lateral_pallium,255.1562500000001,11,2,3,3,0.6666666666666666,3.6666666666666665,True,unassessed
948,AtlasINS_L,3,mapped,1005.0,SL_VPal,SL_ventral_pallium,54.51562500000002,2,2,3,3,0.6666666666666666,0.6666666666666666,True,unassessed
948,AtlasINS_L,3,mapped,1011.0,SL_HF,SL_hippocampal_formation,532.0937500000002,26,1,3,3,0.3333333333333333,8.666666666666666,True,unassessed
948,AtlasINS_L,3,mapped,1025.0,SL_pAmy,SL_pallial_amygdala,217.79687500000009,6,2,3,3,0.6666666666666666,2.0,True,unassessed
948,AtlasINS_L,3,mapped,1051.0,SL_Str,SL_striatum,1922.421875000001,1,1,3,3,0.3333333333333333,0.3333333333333333,True,unassessed
948,AtlasINS_L,3,zero_unassigned,0.0,,,,36,3,3,3,1.0,12.0,True,unassessed
948,AtlasINS_L,4,mapped,38.0,CL_OFa-p,CL_agranular_orbitofrontal_cortex,169.45312500000009,50,3,3,3,1.0,16.666666666666668,True,unassessed
948,AtlasINS_L,4,mapped,154.0,CL_ERh,CL_entorhinal_cortex,130.48437500000006,4,2,3,3,0.6666666666666666,1.3333333333333333,True,unassessed
948,AtlasINS_L,4,mapped,160.0,CL_PRh,CL_perirhinal_cortex,149.75000000000006,2,2,3,3,0.6666666666666666,0.6666666666666666,True,unassessed
948,AtlasINS_L,4,mapped,166.0,CL_TGa,CL_agranular_temporal_pole,76.29687500000003,13,2,3,3,0.6666666666666666,4.333333333333333,True,unassessed
948,AtlasINS_L,4,mapped,167.0,CL_TGg/TGd,CL_granular_and_dysgranular_temporal_pole,239.2187500000001,2,2,3,3,0.6666666666666666,0.6666666666666666,True,unassessed
948,AtlasINS_L,4,mapped,1004.0,SL_Cl,SL_claustrum,255.1562500000001,11,2,3,3,0.6666666666666666,3.6666666666666665,True,unassessed
948,AtlasINS_L,4,mapped,1006.0,SL_En,SL_endopiriform_claustrum,23.71875000000001,2,2,3,3,0.6666666666666666,0.6666666666666666,True,unassessed
948,AtlasINS_L,4,mapped,1012.0,SL_HFA,SL_hippocampal_formation_anterior,353.15625000000017,26,1,3,3,0.3333333333333333,8.666666666666666,True,unassessed
948,AtlasINS_L,4,mapped,1030.0,SL_lpAmy,SL_lateropallial_amygdala,129.98437500000006,6,2,3,3,0.6666666666666666,2.0,True,unassessed
948,AtlasINS_L,4,mapped,1052.0,SL_DStr,SL_dorsal_striatum,1809.218750000001,1,1,3,3,0.3333333333333333,0.3333333333333333,True,unassessed
948,AtlasINS_L,4,zero_unassigned,0.0,,,,36,3,3,3,1.0,12.0,True,unassessed
948,AtlasINS_L,5,mapped,39.0,CL_Iam/Iapm,CL_medial_agranular_insular_region,24.17187500000001,5,1,3,3,0.3333333333333333,1.6666666666666667,True,unassessed
948,AtlasINS_L,5,mapped,40.0,CL_lat_Ia,CL_lateral_agranular_insular_region,145.28125000000006,45,3,3,3,1.0,15.0,True,unassessed
948,AtlasINS_L,5,mapped,159.0,CL_rostral_ERh,CL_rostral_entorhinal_cortex,47.82812500000002,4,2,3,3,0.6666666666666666,1.3333333333333333,True,unassessed
948,AtlasINS_L,5,mapped,161.0,CL_area_35,CL_area_35,34.593750000000014,1,1,3,3,0.3333333333333333,0.3333333333333333,True,unassessed
948,AtlasINS_L,5,mapped,162.0,CL_area_36,CL_area_36,115.15625000000006,1,1,3,3,0.3333333333333333,0.3333333333333333,True,unassessed
948,AtlasINS_L,5,mapped,166.0,CL_TGa,CL_agranular_temporal_pole,76.29687500000003,13,2,3,3,0.6666666666666666,4.333333333333333,True,unassessed
948,AtlasINS_L,5,mapped,168.0,CL_TGd,CL_dysgranular_temporal_pole,91.85937500000004,2,2,3,3,0.6666666666666666,0.6666666666666666,True,unassessed
948,AtlasINS_L,5,mapped,1004.0,SL_Cl,SL_claustrum,255.1562500000001,11,2,3,3,0.6666666666666666,3.6666666666666665,True,unassessed
948,AtlasINS_L,5,mapped,1007.0,SL_DEn,SL_dorsal_endopiriform_claustrum,14.203125000000007,2,2,3,3,0.6666666666666666,0.6666666666666666,True,unassessed
948,AtlasINS_L,5,mapped,1013.0,SL_HiA,SL_hippocampus_anterior,271.8750000000001,13,1,3,3,0.3333333333333333,4.333333333333333,True,unassessed
948,AtlasINS_L,5,mapped,1016.0,SL_SA,SL_subicular_complex_anterior,81.28125000000004,13,1,3,3,0.3333333333333333,4.333333333333333,True,unassessed
948,AtlasINS_L,5,mapped,1031.0,SL_La,SL_lateral_amygdaloid_nucleus,40.82812500000002,2,1,3,3,0.3333333333333333,0.6666666666666666,True,unassessed
948,AtlasINS_L,5,mapped,1034.0,SL_APir,SL_amygdalopiriform_transition_area,27.85937500000001,1,1,3,3,0.3333333333333333,0.3333333333333333,True,unassessed
948,AtlasINS_L,5,mapped,1035.0,SL_BL,SL_basolateral_amygdaloid_nucleus,47.54687500000002,3,2,3,3,0.6666666666666666,1.0,True,unassessed
948,AtlasINS_L,5,mapped,1056.0,SL_Pu,SL_putamen,895.1093750000003,1,1,3,3,0.3333333333333333,0.3333333333333333,True,unassessed
948,AtlasINS_L,5,zero_unassigned,0.0,,,,36,3,3,3,1.0,12.0,True,unassessed
948,AtlasINS_L,6,mapped,39.0,CL_Iam/Iapm,CL_medial_agranular_insular_region,24.17187500000001,5,1,3,3,0.3333333333333333,1.6666666666666667,True,unassessed
948,AtlasINS_L,6,mapped,41.0,CL_Iai,CL_intermediate_agranular_insula_area,81.48437500000004,12,2,3,3,0.6666666666666666,4.0,True,unassessed
948,AtlasINS_L,6,mapped,42.0,CL_Ial,CL_lateral_agranular_insula_area,47.98437500000002,33,3,3,3,1.0,11.0,True,unassessed
948,AtlasINS_L,6,mapped,159.0,CL_rostral_ERh,CL_rostral_entorhinal_cortex,47.82812500000002,4,2,3,3,0.6666666666666666,1.3333333333333333,True,unassessed
948,AtlasINS_L,6,mapped,161.0,CL_area_35,CL_area_35,34.593750000000014,1,1,3,3,0.3333333333333333,0.3333333333333333,True,unassessed
948,AtlasINS_L,6,mapped,164.0,CL_area_36r/p,CL_rostral_and_polar_area_36,61.18750000000003,1,1,3,3,0.3333333333333333,0.3333333333333333,True,unassessed
948,AtlasINS_L,6,mapped,166.0,CL_TGa,CL_agranular_temporal_pole,76.29687500000003,13,2,3,3,0.6666666666666666,4.333333333333333,True,unassessed
948,AtlasINS_L,6,mapped,169.0,CL_TGdd,CL_dorsal_dysgranular_temporal_pole,70.73437500000003,2,2,3,3,0.6666666666666666,0.6666666666666666,True,unassessed
948,AtlasINS_L,6,mapped,1004.0,SL_Cl,SL_claustrum,255.1562500000001,11,2,3,3,0.6666666666666666,3.6666666666666665,True,unassessed
948,AtlasINS_L,6,mapped,1007.0,SL_DEn,SL_dorsal_endopiriform_claustrum,14.203125000000007,2,2,3,3,0.6666666666666666,0.6666666666666666,True,unassessed
948,AtlasINS_L,6,mapped,1014.0,SL_DGA,SL_dentate_gyrus_anterior,91.18750000000004,10,1,3,3,0.3333333333333333,3.3333333333333335,True,unassessed
948,AtlasINS_L,6,mapped,1015.0,SL_CAA,SL_CA1_3_anterior,180.68750000000009,3,1,3,3,0.3333333333333333,1.0,True,unassessed
948,AtlasINS_L,6,mapped,1016.0,SL_SA,SL_subicular_complex_anterior,81.28125000000004,13,1,3,3,0.3333333333333333,4.333333333333333,True,unassessed
948,AtlasINS_L,6,mapped,1033.0,SL_LaV,SL_lateral_ventral_amygdaloid_nucleus,18.531250000000007,2,1,3,3,0.3333333333333333,0.6666666666666666,True,unassessed
948,AtlasINS_L,6,mapped,1034.0,SL_APir,SL_amygdalopiriform_transition_area,27.85937500000001,1,1,3,3,0.3333333333333333,0.3333333333333333,True,unassessed
948,AtlasINS_L,6,mapped,1036.0,SL_BLD,SL_basolateral_dorsal_amygdaloid_nucleus,14.546875000000007,3,2,3,3,0.6666666666666666,1.0,True,unassessed
948,AtlasINS_L,6,mapped,1056.0,SL_Pu,SL_putamen,895.1093750000003,1,1,3,3,0.3333333333333333,0.3333333333333333,True,unassessed
948,AtlasINS_L,6,zero_unassigned,0.0,,,,36,3,3,3,1.0,12.0,True,unassessed
948,AtlasINS_R,1,mapped,501.0,CR_Frontal,CR_Frontal_Lobe,6154.890625000003,18,2,2,2,1.0,9.0,True,unassessed
948,AtlasINS_R,1,zero_unassigned,0.0,,,,9,2,2,2,1.0,4.5,True,unassessed
948,AtlasINS_R,2,mapped,516.0,CR_OFC,CR_orbital_frontal_cortex,1344.9218750000007,18,2,2,2,1.0,9.0,True,unassessed
948,AtlasINS_R,2,zero_unassigned,0.0,,,,9,2,2,2,1.0,4.5,True,unassessed
948,AtlasINS_R,3,mapped,537.0,CR_caudal_OFC,CR_caudal_orbital_frontal_cortex,331.17187500000017,18,2,2,2,1.0,9.0,True,unassessed
948,AtlasINS_R,3,zero_unassigned,0.0,,,,9,2,2,2,1.0,4.5,True,unassessed
948,AtlasINS_R,4,mapped,538.0,CR_OFa-p,CR_agranular_orbitofrontal_cortex,169.45312500000009,16,2,2,2,1.0,8.0,True,unassessed
948,AtlasINS_R,4,mapped,547.0,CR_cl_OFC,CR_caudolateral_orbitofrontal_cortex,136.07812500000006,2,2,2,2,1.0,1.0,True,unassessed
948,AtlasINS_R,4,zero_unassigned,0.0,,,,9,2,2,2,1.0,4.5,True,unassessed
948,AtlasINS_R,5,mapped,540.0,CR_lat_Ia,CR_lateral_agranular_insular_region,145.28125000000006,16,2,2,2,1.0,8.0,True,unassessed
948,AtlasINS_R,5,mapped,548.0,CR_G,CR_gustatory_cortex,40.12500000000002,1,1,2,2,0.5,0.5,True,unassessed
948,AtlasINS_R,5,mapped,549.0,CR_PrCO,CR_precentral_operular_area,95.95312500000004,1,1,2,2,0.5,0.5,True,unassessed
948,AtlasINS_R,5,zero_unassigned,0.0,,,,9,2,2,2,1.0,4.5,True,unassessed
948,AtlasINS_R,6,mapped,541.0,CR_Iai,CR_intermediate_agranular_insula_area,81.48437500000004,5,2,2,2,1.0,2.5,True,unassessed
948,AtlasINS_R,6,mapped,542.0,CR_Ial,CR_lateral_agranular_insula_area,47.98437500000002,11,1,2,2,0.5,5.5,True,unassessed
948,AtlasINS_R,6,mapped,548.0,CR_G,CR_gustatory_cortex,40.12500000000002,1,1,2,2,0.5,0.5,True,unassessed
948,AtlasINS_R,6,mapped,549.0,CR_PrCO,CR_precentral_operular_area,95.95312500000004,1,1,2,2,0.5,0.5,True,unassessed
948,AtlasINS_R,6,zero_unassigned,0.0,,,,9,2,2,2,1.0,4.5,True,unassessed
948,Candidate_L,1,mapped,1.0,CL_Frontal,CL_Frontal_Lobe,6154.890625000003,71,5,5,5,1.0,14.2,True,unassessed
948,Candidate_L,1,mapped,138.0,CL_Temporal,CL_Temporal_Lobe,4285.390625000002,43,4,5,5,0.8,8.6,True,unassessed
948,Candidate_L,1,mapped,1001.0,SL_tel,SL_telencephalon,3805.562500000002,632,4,5,5,0.8,126.4,True,unassessed
948,Candidate_L,1,zero_unassigned,0.0,,,,267,5,5,5,1.0,53.4,True,unassessed
948,Candidate_L,2,mapped,2.0,CL_ACgG,CL_anterior_cingulate_gyrus,602.7656250000002,9,1,5,5,0.2,1.8,True,unassessed
948,Candidate_L,2,mapped,16.0,CL_OFC,CL_orbital_frontal_cortex,1344.9218750000007,62,5,5,5,1.0,12.4,True,unassessed
948,Candidate_L,2,mapped,139.0,CL_MTL,CL_medial_temporal_lobe,423.42187500000017,25,3,5,5,0.6,5.0,True,unassessed
948,Candidate_L,2,mapped,165.0,CL_TG,CL_temporal_pole,315.5156250000001,18,2,5,5,0.4,3.6,True,unassessed
948,Candidate_L,2,mapped,1002.0,SL_LVPal,SL_lateral_and_ventral_pallium,309.6718750000001,577,4,5,5,0.8,115.4,True,unassessed
948,Candidate_L,2,mapped,1010.0,SL_MPal,SL_medial_pallium,575.5000000000002,31,1,5,5,0.2,6.2,True,unassessed
948,Candidate_L,2,mapped,1024.0,SL_Amy,SL_amygdala,302.0000000000001,18,1,5,5,0.2,3.6,True,unassessed
948,Candidate_L,2,mapped,1050.0,SL_BG,SL_basal_ganglia,2261.015625000001,6,2,5,5,0.4,1.2,True,unassessed
948,Candidate_L,2,zero_unassigned,0.0,,,,267,5,5,5,1.0,53.4,True,unassessed
948,Candidate_L,3,mapped,3.0,CL_ACC,CL_anterior_cingulate_cortex,414.39062500000017,9,1,5,5,0.2,1.8,True,unassessed
948,Candidate_L,3,mapped,17.0,CL_med_OFC,CL_medial_orbital_frontal_cortex,305.6093750000001,13,1,5,5,0.2,2.6,True,unassessed
948,Candidate_L,3,mapped,25.0,CL_lat_OFC,CL_lateral_orbital_frontal_cortex,708.1406250000003,32,1,5,5,0.2,6.4,True,unassessed
948,Candidate_L,3,mapped,37.0,CL_caudal_OFC,CL_caudal_orbital_frontal_cortex,331.17187500000017,17,5,5,5,1.0,3.4,True,unassessed
948,Candidate_L,3,mapped,153.0,CL_Rh,CL_rhinal_cortex,280.2343750000001,25,3,5,5,0.6,5.0,True,unassessed
948,Candidate_L,3,mapped,165.0,CL_TG,CL_temporal_pole,315.5156250000001,18,2,5,5,0.4,3.6,True,unassessed
948,Candidate_L,3,mapped,1003.0,SL_LPal,SL_lateral_pallium,255.1562500000001,576,3,5,5,0.6,115.2,True,unassessed
948,Candidate_L,3,mapped,1005.0,SL_VPal,SL_ventral_pallium,54.51562500000002,1,1,5,5,0.2,0.2,True,unassessed
948,Candidate_L,3,mapped,1011.0,SL_HF,SL_hippocampal_formation,532.0937500000002,31,1,5,5,0.2,6.2,True,unassessed
948,Candidate_L,3,mapped,1025.0,SL_pAmy,SL_pallial_amygdala,217.79687500000009,18,1,5,5,0.2,3.6,True,unassessed
948,Candidate_L,3,mapped,1051.0,SL_Str,SL_striatum,1922.421875000001,6,2,5,5,0.4,1.2,True,unassessed
948,Candidate_L,3,zero_unassigned,0.0,,,,267,5,5,5,1.0,53.4,True,unassessed
948,Candidate_L,4,key_level_conflict,45.0,CL_AON/TTv,CL_anterior_olfactory_cortex,,4,1,5,5,0.2,0.8,True,unassessed
948,Candidate_L,4,mapped,5.0,CL_area_25,CL_subgenual_cortex,32.890625000000014,9,1,5,5,0.2,1.8,True,unassessed
948,Candidate_L,4,mapped,18.0,CL_area_10,CL_frontal_pole,235.2968750000001,1,1,5,5,0.2,0.2,True,unassessed
948,Candidate_L,4,mapped,22.0,CL_area_14,CL_gyrus_rectus,70.31250000000003,12,1,5,5,0.2,2.4,True,unassessed
948,Candidate_L,4,mapped,26.0,CL_areas_11/13,CL_areas_11_and_13,557.4062500000002,32,1,5,5,0.2,6.4,True,unassessed
948,Candidate_L,4,mapped,38.0,CL_OFa-p,CL_agranular_orbitofrontal_cortex,169.45312500000009,13,4,5,5,0.8,2.6,True,unassessed
948,Candidate_L,4,mapped,154.0,CL_ERh,CL_entorhinal_cortex,130.48437500000006,8,3,5,5,0.6,1.6,True,unassessed
948,Candidate_L,4,mapped,160.0,CL_PRh,CL_perirhinal_cortex,149.75000000000006,17,2,5,5,0.4,3.4,True,unassessed
948,Candidate_L,4,mapped,166.0,CL_TGa,CL_agranular_temporal_pole,76.29687500000003,2,1,5,5,0.2,0.4,True,unassessed
948,Candidate_L,4,mapped,167.0,CL_TGg/TGd,CL_granular_and_dysgranular_temporal_pole,239.2187500000001,16,2,5,5,0.4,3.2,True,unassessed
948,Candidate_L,4,mapped,1004.0,SL_Cl,SL_claustrum,255.1562500000001,576,3,5,5,0.6,115.2,True,unassessed
948,Candidate_L,4,mapped,1006.0,SL_En,SL_endopiriform_claustrum,23.71875000000001,1,1,5,5,0.2,0.2,True,unassessed
948,Candidate_L,4,mapped,1012.0,SL_HFA,SL_hippocampal_formation_anterior,353.15625000000017,31,1,5,5,0.2,6.2,True,unassessed
948,Candidate_L,4,mapped,1026.0,SL_vpAmy,SL_ventropallial_amygdala,87.81250000000004,2,1,5,5,0.2,0.4,True,unassessed
948,Candidate_L,4,mapped,1030.0,SL_lpAmy,SL_lateropallial_amygdala,129.98437500000006,16,1,5,5,0.2,3.2,True,unassessed
948,Candidate_L,4,mapped,1052.0,SL_DStr,SL_dorsal_striatum,1809.218750000001,6,2,5,5,0.4,1.2,True,unassessed
948,Candidate_L,4,zero_unassigned,0.0,,,,267,5,5,5,1.0,53.4,True,unassessed
948,Candidate_L,5,key_level_conflict,45.0,CL_AON/TTv,CL_anterior_olfactory_cortex,,4,1,5,5,0.2,0.8,True,unassessed
948,Candidate_L,5,mapped,5.0,CL_area_25,CL_subgenual_cortex,32.890625000000014,9,1,5,5,0.2,1.8,True,unassessed
948,Candidate_L,5,mapped,18.0,CL_area_10,CL_frontal_pole,235.2968750000001,1,1,5,5,0.2,0.2,True,unassessed
948,Candidate_L,5,mapped,22.0,CL_area_14,CL_gyrus_rectus,70.31250000000003,12,1,5,5,0.2,2.4,True,unassessed
948,Candidate_L,5,mapped,27.0,CL_area_11,CL_area_11,138.23437500000006,27,1,5,5,0.2,5.4,True,unassessed
948,Candidate_L,5,mapped,30.0,CL_area_13,CL_area_13,419.17187500000017,5,1,5,5,0.2,1.0,True,unassessed
948,Candidate_L,5,mapped,40.0,CL_lat_Ia,CL_lateral_agranular_insular_region,145.28125000000006,13,4,5,5,0.8,2.6,True,unassessed
948,Candidate_L,5,mapped,155.0,CL_caudal_ERh,CL_caudal_entorhinal_cortex,50.67187500000002,3,1,5,5,0.2,0.6,True,unassessed
948,Candidate_L,5,mapped,158.0,CL_mid_ERh,CL_middle_entorhinal_cortex,31.984375000000014,3,2,5,5,0.4,0.6,True,unassessed
948,Candidate_L,5,mapped,159.0,CL_rostral_ERh,CL_rostral_entorhinal_cortex,47.82812500000002,2,1,5,5,0.2,0.4,True,unassessed
948,Candidate_L,5,mapped,161.0,CL_area_35,CL_area_35,34.593750000000014,11,2,5,5,0.4,2.2,True,unassessed
948,Candidate_L,5,mapped,162.0,CL_area_36,CL_area_36,115.15625000000006,6,2,5,5,0.4,1.2,True,unassessed
948,Candidate_L,5,mapped,166.0,CL_TGa,CL_agranular_temporal_pole,76.29687500000003,2,1,5,5,0.2,0.4,True,unassessed
948,Candidate_L,5,mapped,168.0,CL_TGd,CL_dysgranular_temporal_pole,91.85937500000004,15,2,5,5,0.4,3.0,True,unassessed
948,Candidate_L,5,mapped,171.0,CL_TGg,CL_granular_temporal_pole,147.35937500000006,1,1,5,5,0.2,0.2,True,unassessed
948,Candidate_L,5,mapped,1004.0,SL_Cl,SL_claustrum,255.1562500000001,576,3,5,5,0.6,115.2,True,unassessed
948,Candidate_L,5,mapped,1008.0,SL_VEn,SL_ventral_endopiriform_claustrum,9.515625000000004,1,1,5,5,0.2,0.2,True,unassessed
948,Candidate_L,5,mapped,1013.0,SL_HiA,SL_hippocampus_anterior,271.8750000000001,10,1,5,5,0.2,2.0,True,unassessed
948,Candidate_L,5,mapped,1016.0,SL_SA,SL_subicular_complex_anterior,81.28125000000004,21,1,5,5,0.2,4.2,True,unassessed
948,Candidate_L,5,mapped,1027.0,SL_BM,SL_basomedial_amygdaloid_nucleus,47.84375000000002,2,1,5,5,0.2,0.4,True,unassessed
948,Candidate_L,5,mapped,1034.0,SL_APir,SL_amygdalopiriform_transition_area,27.85937500000001,7,1,5,5,0.2,1.4,True,unassessed
948,Candidate_L,5,mapped,1035.0,SL_BL,SL_basolateral_amygdaloid_nucleus,47.54687500000002,6,1,5,5,0.2,1.2,True,unassessed
948,Candidate_L,5,mapped,1039.0,SL_PaL,SL_paralaminar_amygdaloid_nucleus,13.750000000000005,3,1,5,5,0.2,0.6,True,unassessed
948,Candidate_L,5,mapped,1056.0,SL_Pu,SL_putamen,895.1093750000003,6,2,5,5,0.4,1.2,True,unassessed
948,Candidate_L,5,zero_unassigned,0.0,,,,267,5,5,5,1.0,53.4,True,unassessed
948,Candidate_L,6,mapped,5.0,CL_area_25,CL_subgenual_cortex,32.890625000000014,9,1,5,5,0.2,1.8,True,unassessed
948,Candidate_L,6,mapped,20.0,CL_area_10mc,CL_caudal_medial_frontal_pole,81.95312500000004,1,1,5,5,0.2,0.2,True,unassessed
948,Candidate_L,6,mapped,24.0,CL_area_14c,CL_caudal_gyrus_rectus,39.468750000000014,12,1,5,5,0.2,2.4,True,unassessed
948,Candidate_L,6,mapped,28.0,CL_area_11m,CL_medial_area_11,66.00000000000003,12,1,5,5,0.2,2.4,True,unassessed
948,Candidate_L,6,mapped,29.0,CL_area_11l,CL_lateral_area_11,72.23437500000003,15,1,5,5,0.2,3.0,True,unassessed
948,Candidate_L,6,mapped,32.0,CL_area_13m,CL_medial_area_13,174.45312500000009,5,1,5,5,0.2,1.0,True,unassessed
948,Candidate_L,6,mapped,41.0,CL_Iai,CL_intermediate_agranular_insula_area,81.48437500000004,7,2,5,5,0.4,1.4,True,unassessed
948,Candidate_L,6,mapped,42.0,CL_Ial,CL_lateral_agranular_insula_area,47.98437500000002,6,3,5,5,0.6,1.2,True,unassessed
948,Candidate_L,6,mapped,45.0,CL_AON/TTv,CL_anterior_olfactory_cortex,25.64062500000001,4,1,5,5,0.2,0.8,True,unassessed
948,Candidate_L,6,mapped,156.0,CL_EC,CL_caudal_division_of_entorhinal_cortex,41.98437500000002,3,1,5,5,0.2,0.6,True,unassessed
948,Candidate_L,6,mapped,158.0,CL_mid_ERh,CL_middle_entorhinal_cortex,31.984375000000014,3,2,5,5,0.4,0.6,True,unassessed
948,Candidate_L,6,mapped,159.0,CL_rostral_ERh,CL_rostral_entorhinal_cortex,47.82812500000002,2,1,5,5,0.2,0.4,True,unassessed
948,Candidate_L,6,mapped,161.0,CL_area_35,CL_area_35,34.593750000000014,11,2,5,5,0.4,2.2,True,unassessed
948,Candidate_L,6,mapped,163.0,CL_area_36c,CL_caudal_area_36,53.96875000000002,3,1,5,5,0.2,0.6,True,unassessed
948,Candidate_L,6,mapped,164.0,CL_area_36r/p,CL_rostral_and_polar_area_36,61.18750000000003,3,2,5,5,0.4,0.6,True,unassessed
948,Candidate_L,6,mapped,166.0,CL_TGa,CL_agranular_temporal_pole,76.29687500000003,2,1,5,5,0.2,0.4,True,unassessed
948,Candidate_L,6,mapped,169.0,CL_TGdd,CL_dorsal_dysgranular_temporal_pole,70.73437500000003,7,2,5,5,0.4,1.4,True,unassessed
948,Candidate_L,6,mapped,170.0,CL_TGvd,CL_ventral_dysgranular_temporal_pole,21.12500000000001,8,1,5,5,0.2,1.6,True,unassessed
948,Candidate_L,6,mapped,173.0,CL_TGvg,CL_ventral_granular_temporal_pole,16.859375000000007,1,1,5,5,0.2,0.2,True,unassessed
948,Candidate_L,6,mapped,1004.0,SL_Cl,SL_claustrum,255.1562500000001,576,3,5,5,0.6,115.2,True,unassessed
948,Candidate_L,6,mapped,1008.0,SL_VEn,SL_ventral_endopiriform_claustrum,9.515625000000004,1,1,5,5,0.2,0.2,True,unassessed
948,Candidate_L,6,mapped,1014.0,SL_DGA,SL_dentate_gyrus_anterior,91.18750000000004,8,1,5,5,0.2,1.6,True,unassessed
948,Candidate_L,6,mapped,1015.0,SL_CAA,SL_CA1_3_anterior,180.68750000000009,2,1,5,5,0.2,0.4,True,unassessed
948,Candidate_L,6,mapped,1016.0,SL_SA,SL_subicular_complex_anterior,81.28125000000004,21,1,5,5,0.2,4.2,True,unassessed
948,Candidate_L,6,mapped,1027.0,SL_BM,SL_basomedial_amygdaloid_nucleus,47.84375000000002,2,1,5,5,0.2,0.4,True,unassessed
948,Candidate_L,6,mapped,1034.0,SL_APir,SL_amygdalopiriform_transition_area,27.85937500000001,7,1,5,5,0.2,1.4,True,unassessed
948,Candidate_L,6,mapped,1038.0,SL_BLV,SL_basolateral_ventral_amygdaloid_nucleus,19.656250000000007,6,1,5,5,0.2,1.2,True,unassessed
948,Candidate_L,6,mapped,1039.0,SL_PaL,SL_paralaminar_amygdaloid_nucleus,13.750000000000005,3,1,5,5,0.2,0.6,True,unassessed
948,Candidate_L,6,mapped,1056.0,SL_Pu,SL_putamen,895.1093750000003,6,2,5,5,0.4,1.2,True,unassessed
948,Candidate_L,6,zero_unassigned,0.0,,,,267,5,5,5,1.0,53.4,True,unassessed
948,Candidate_R,1,mapped,501.0,CR_Frontal,CR_Frontal_Lobe,6154.890625000003,487,3,7,7,0.42857142857142855,69.57142857142857,True,unassessed
948,Candidate_R,1,mapped,590.0,CR_Parietal,CR_Parietal_Lobe,3774.453125000002,311,3,7,7,0.42857142857142855,44.42857142857143,True,unassessed
948,Candidate_R,1,mapped,638.0,CR_Temporal,CR_Temporal_Lobe,4285.390625000002,163,4,7,7,0.5714285714285714,23.285714285714285,True,unassessed
948,Candidate_R,1,mapped,731.0,CR_Occipital,CR_Occipital_Lobe,4916.578125000002,74,1,7,7,0.14285714285714285,10.571428571428571,True,unassessed
948,Candidate_R,1,mapped,1501.0,SR_tel,SR_telencephalon,3805.562500000002,564,6,7,7,0.8571428571428571,80.57142857142857,True,unassessed
948,Candidate_R,1,zero_unassigned,0.0,,,,290,6,7,7,0.8571428571428571,41.42857142857143,True,unassessed
948,Candidate_R,2,mapped,516.0,CR_OFC,CR_orbital_frontal_cortex,1344.9218750000007,337,3,7,7,0.42857142857142855,48.142857142857146,True,unassessed
948,Candidate_R,2,mapped,550.0,CR_lat_PFC,CR_lateral_prefrontal_cortex,1665.2031250000007,2,1,7,7,0.14285714285714285,0.2857142857142857,True,unassessed
948,Candidate_R,2,mapped,577.0,CR_motor,CR_motor_cortex,2542.000000000001,148,2,7,7,0.2857142857142857,21.142857142857142,True,unassessed
948,Candidate_R,2,mapped,591.0,CR_SI/SII,CR_somatosensory_cortex,1186.0000000000005,156,1,7,7,0.14285714285714285,22.285714285714285,True,unassessed
948,Candidate_R,2,mapped,596.0,CR_SPL,CR_superior_parietal_lobule,852.2656250000003,34,1,7,7,0.14285714285714285,4.857142857142857,True,unassessed
948,Candidate_R,2,mapped,612.0,CR_IPL,CR_inferior_parietal_lobule,1044.0156250000005,48,2,7,7,0.2857142857142857,6.857142857142857,True,unassessed
948,Candidate_R,2,mapped,625.0,CR_PMC,CR_posterior_medial_cortex,692.1718750000003,73,2,7,7,0.2857142857142857,10.428571428571429,True,unassessed
948,Candidate_R,2,mapped,639.0,CR_MTL,CR_medial_temporal_lobe,423.42187500000017,22,1,7,7,0.14285714285714285,3.142857142857143,True,unassessed
948,Candidate_R,2,mapped,675.0,CR_ITC,CR_inferior_temporal_cortex,1884.890625000001,66,1,7,7,0.14285714285714285,9.428571428571429,True,unassessed
948,Candidate_R,2,mapped,724.0,CR_floor_of_ls,CR_floor_of_the_lateral_sulcus,303.2968750000001,75,3,7,7,0.42857142857142855,10.714285714285714,True,unassessed
948,Candidate_R,2,mapped,733.0,CR_V2-V4,CR_extrastriate_visual_areas_2-4,2856.3593750000014,74,1,7,7,0.14285714285714285,10.571428571428571,True,unassessed
948,Candidate_R,2,mapped,1502.0,SR_LVPal,SR_lateral_and_ventral_pallium,309.6718750000001,405,5,7,7,0.7142857142857143,57.857142857142854,True,unassessed
948,Candidate_R,2,mapped,1550.0,SR_BG,SR_basal_ganglia,2261.015625000001,159,4,7,7,0.5714285714285714,22.714285714285715,True,unassessed
948,Candidate_R,2,zero_unassigned,0.0,,,,290,6,7,7,0.8571428571428571,41.42857142857143,True,unassessed
948,Candidate_R,3,mapped,525.0,CR_lat_OFC,CR_lateral_orbital_frontal_cortex,708.1406250000003,99,2,7,7,0.2857142857142857,14.142857142857142,True,unassessed
948,Candidate_R,3,mapped,537.0,CR_caudal_OFC,CR_caudal_orbital_frontal_cortex,331.17187500000017,238,3,7,7,0.42857142857142855,34.0,True,unassessed
948,Candidate_R,3,mapped,564.0,CR_vlPFC,CR_ventrolateral_prefrontal_cortex,680.8593750000003,2,1,7,7,0.14285714285714285,0.2857142857142857,True,unassessed
948,Candidate_R,3,mapped,578.0,CR_M1/PM,CR_lateral_motor_cortex,2230.484375000001,148,2,7,7,0.2857142857142857,21.142857142857142,True,unassessed
948,Candidate_R,3,mapped,592.0,CR_SI,CR_primary_somatosensory_cortex,900.6875000000005,1,1,7,7,0.14285714285714285,0.14285714285714285,True,unassessed
948,Candidate_R,3,mapped,595.0,CR_SII,CR_secondary_somatosensory_cortex,285.3125000000001,155,1,7,7,0.14285714285714285,22.142857142857142,True,unassessed
948,Candidate_R,3,mapped,597.0,CR_V6/V6A,CR_visual_areas_V6_and_V6A,95.54687500000004,5,1,7,7,0.14285714285714285,0.7142857142857143,True,unassessed
948,Candidate_R,3,mapped,607.0,CR_vm_IPS,CR_ventromedial_intraparietal_sulcus,309.7812500000001,29,1,7,7,0.14285714285714285,4.142857142857143,True,unassessed
948,Candidate_R,3,mapped,613.0,CR_lat_IPS,CR_lateral_intraparietal_sulcus,333.00000000000017,47,2,7,7,0.2857142857142857,6.714285714285714,True,unassessed
948,Candidate_R,3,mapped,620.0,CR_area_7_in_IPL,CR_area_7_in_the_inferior_parietal_lobule,560.8125000000002,1,1,7,7,0.14285714285714285,0.14285714285714285,True,unassessed
948,Candidate_R,3,mapped,626.0,CR_area_7m,CR_area_7_(PGm)_on_the_medial_wall,183.04687500000009,70,2,7,7,0.2857142857142857,10.0,True,unassessed
948,Candidate_R,3,mapped,627.0,CR_PCgG,CR_posterior_cingulate_gyrus,509.1250000000002,3,1,7,7,0.14285714285714285,0.42857142857142855,True,unassessed
948,Candidate_R,3,mapped,648.0,CR_paraHipp,CR_parahippocampal_cortex,143.18750000000006,22,1,7,7,0.14285714285714285,3.142857142857143,True,unassessed
948,Candidate_R,3,mapped,677.0,CR_TE,CR_area_TE,1175.3906250000005,66,1,7,7,0.14285714285714285,9.428571428571429,True,unassessed
948,Candidate_R,3,mapped,724.0,CR_floor_of_ls,CR_floor_of_the_lateral_sulcus,303.2968750000001,75,3,7,7,0.42857142857142855,10.714285714285714,True,unassessed
948,Candidate_R,3,mapped,734.0,CR_V4,CR_visual_area_4,764.9843750000003,68,1,7,7,0.14285714285714285,9.714285714285714,True,unassessed
948,Candidate_R,3,mapped,737.0,CR_V2-V3,CR_preoccipital_visual_areas_2-3,2091.375000000001,6,1,7,7,0.14285714285714285,0.8571428571428571,True,unassessed
948,Candidate_R,3,mapped,1503.0,SR_LPal,SR_lateral_pallium,255.1562500000001,405,5,7,7,0.7142857142857143,57.857142857142854,True,unassessed
948,Candidate_R,3,mapped,1551.0,SR_Str,SR_striatum,1922.421875000001,159,4,7,7,0.5714285714285714,22.714285714285715,True,unassessed
948,Candidate_R,3,zero_unassigned,0.0,,,,290,6,7,7,0.8571428571428571,41.42857142857143,True,unassessed
948,Candidate_R,4,mapped,526.0,CR_areas_11/13,CR_areas_11_and_13,557.4062500000002,9,1,7,7,0.14285714285714285,1.2857142857142858,True,unassessed
948,Candidate_R,4,mapped,534.0,CR_area_12m/o,CR_medial_and_orbital_area_12,150.73437500000006,90,1,7,7,0.14285714285714285,12.857142857142858,True,unassessed
948,Candidate_R,4,mapped,538.0,CR_OFa-p,CR_agranular_orbitofrontal_cortex,169.45312500000009,75,3,7,7,0.42857142857142855,10.714285714285714,True,unassessed
948,Candidate_R,4,mapped,547.0,CR_cl_OFC,CR_caudolateral_orbitofrontal_cortex,136.07812500000006,163,2,7,7,0.2857142857142857,23.285714285714285,True,unassessed
948,Candidate_R,4,mapped,572.0,CR_caudal_vlPFC,CR_caudal_ventrolateral_prefrontal_cortex,214.90625000000009,2,1,7,7,0.14285714285714285,0.2857142857142857,True,unassessed
948,Candidate_R,4,mapped,580.0,CR_PM,CR_premotor_cortex,1468.3593750000007,148,2,7,7,0.2857142857142857,21.142857142857142,True,unassessed
948,Candidate_R,4,mapped,592.0,CR_SI,CR_primary_somatosensory_cortex,900.6875000000005,1,1,7,7,0.14285714285714285,0.14285714285714285,True,unassessed
948,Candidate_R,4,mapped,595.0,CR_SII,CR_secondary_somatosensory_cortex,285.3125000000001,155,1,7,7,0.14285714285714285,22.142857142857142,True,unassessed
948,Candidate_R,4,mapped,599.0,CR_V6A,CR_visual_area_V6A,58.10937500000003,5,1,7,7,0.14285714285714285,0.7142857142857143,True,unassessed
948,Candidate_R,4,mapped,607.0,CR_vm_IPS,CR_ventromedial_intraparietal_sulcus,309.7812500000001,29,1,7,7,0.14285714285714285,4.142857142857143,True,unassessed
948,Candidate_R,4,mapped,613.0,CR_lat_IPS,CR_lateral_intraparietal_sulcus,333.00000000000017,47,2,7,7,0.2857142857142857,6.714285714285714,True,unassessed
948,Candidate_R,4,mapped,620.0,CR_area_7_in_IPL,CR_area_7_in_the_inferior_parietal_lobule,560.8125000000002,1,1,7,7,0.14285714285714285,0.14285714285714285,True,unassessed
948,Candidate_R,4,mapped,626.0,CR_area_7m,CR_area_7_(PGm)_on_the_medial_wall,183.04687500000009,70,2,7,7,0.2857142857142857,10.0,True,unassessed
948,Candidate_R,4,mapped,628.0,CR_PCC,CR_posterior_cingulate_cortex,464.3281250000002,3,1,7,7,0.14285714285714285,0.42857142857142855,True,unassessed
948,Candidate_R,4,mapped,648.0,CR_paraHipp,CR_parahippocampal_cortex,143.18750000000006,22,1,7,7,0.14285714285714285,3.142857142857143,True,unassessed
948,Candidate_R,4,mapped,678.0,CR_gyral_TE,CR_gyral_aspect_of_area_TE,874.3125000000003,66,1,7,7,0.14285714285714285,9.428571428571429,True,unassessed
948,Candidate_R,4,mapped,725.0,CR_Ins/Pi,CR_insula_and_parainsula,288.1875000000001,75,3,7,7,0.42857142857142855,10.714285714285714,True,unassessed
948,Candidate_R,4,mapped,734.0,CR_V4,CR_visual_area_4,764.9843750000003,68,1,7,7,0.14285714285714285,9.714285714285714,True,unassessed
948,Candidate_R,4,mapped,743.0,CR_V2,CR_visual_area_2,1575.3750000000007,6,1,7,7,0.14285714285714285,0.8571428571428571,True,unassessed
948,Candidate_R,4,mapped,1504.0,SR_Cl,SR_claustrum,255.1562500000001,405,5,7,7,0.7142857142857143,57.857142857142854,True,unassessed
948,Candidate_R,4,mapped,1552.0,SR_DStr,SR_dorsal_striatum,1809.218750000001,158,4,7,7,0.5714285714285714,22.571428571428573,True,unassessed
948,Candidate_R,4,mapped,1559.0,SR_VStr,SR_ventral_striatum,113.20312500000006,1,1,7,7,0.14285714285714285,0.14285714285714285,True,unassessed
948,Candidate_R,4,zero_unassigned,0.0,,,,290,6,7,7,0.8571428571428571,41.42857142857143,True,unassessed
948,Candidate_R,5,mapped,530.0,CR_area_13,CR_area_13,419.17187500000017,9,1,7,7,0.14285714285714285,1.2857142857142858,True,unassessed
948,Candidate_R,5,mapped,534.0,CR_area_12m/o,CR_medial_and_orbital_area_12,150.73437500000006,90,1,7,7,0.14285714285714285,12.857142857142858,True,unassessed
948,Candidate_R,5,mapped,539.0,CR_Iam/Iapm,CR_medial_agranular_insular_region,24.17187500000001,4,1,7,7,0.14285714285714285,0.5714285714285714,True,unassessed
948,Candidate_R,5,mapped,540.0,CR_lat_Ia,CR_lateral_agranular_insular_region,145.28125000000006,71,3,7,7,0.42857142857142855,10.142857142857142,True,unassessed
948,Candidate_R,5,mapped,548.0,CR_G,CR_gustatory_cortex,40.12500000000002,3,2,7,7,0.2857142857142857,0.42857142857142855,True,unassessed
948,Candidate_R,5,mapped,549.0,CR_PrCO,CR_precentral_operular_area,95.95312500000004,160,2,7,7,0.2857142857142857,22.857142857142858,True,unassessed
948,Candidate_R,5,mapped,576.0,CR_area_44,CR_area_44,49.35937500000002,2,1,7,7,0.14285714285714285,0.2857142857142857,True,unassessed
948,Candidate_R,5,mapped,584.0,CR_PMv,CR_ventral_premotor_cortex,700.6093750000003,148,2,7,7,0.2857142857142857,21.142857142857142,True,unassessed
948,Candidate_R,5,mapped,594.0,CR_areas_1-2,CR_areas_1-2,655.2968750000003,1,1,7,7,0.14285714285714285,0.14285714285714285,True,unassessed
948,Candidate_R,5,mapped,595.0,CR_SII,CR_secondary_somatosensory_cortex,285.3125000000001,155,1,7,7,0.14285714285714285,22.142857142857142,True,unassessed
948,Candidate_R,5,mapped,599.0,CR_V6A,CR_visual_area_V6A,58.10937500000003,5,1,7,7,0.14285714285714285,0.7142857142857143,True,unassessed
948,Candidate_R,5,mapped,609.0,CR_fundus_IPS,CR_fundus_of_the_intraparietal_sulcus,150.25000000000006,29,1,7,7,0.14285714285714285,4.142857142857143,True,unassessed
948,Candidate_R,5,mapped,615.0,CR_LIP,CR_lateral_intraparietal_area,268.2812500000001,43,2,7,7,0.2857142857142857,6.142857142857143,True,unassessed
948,Candidate_R,5,mapped,618.0,CR_LOP,CR_lateral_occipital_parietal_area,22.51562500000001,4,1,7,7,0.14285714285714285,0.5714285714285714,True,unassessed
948,Candidate_R,5,mapped,621.0,CR_area_7a/b,CR_inferior_parietal_lobule_areas_7a_and_7b,393.17187500000017,1,1,7,7,0.14285714285714285,0.14285714285714285,True,unassessed
948,Candidate_R,5,mapped,626.0,CR_area_7m,CR_area_7_(PGm)_on_the_medial_wall,183.04687500000009,70,2,7,7,0.2857142857142857,10.0,True,unassessed
948,Candidate_R,5,mapped,629.0,CR_area_31,CR_area_31,63.62500000000003,3,1,7,7,0.14285714285714285,0.42857142857142855,True,unassessed
948,Candidate_R,5,mapped,649.0,CR_TF/TFO,CR_areas_TF_and_TFO,138.75000000000006,22,1,7,7,0.14285714285714285,3.142857142857143,True,unassessed
948,Candidate_R,5,mapped,679.0,CR_post_TE,CR_posterior_area_TE,454.8906250000002,66,1,7,7,0.14285714285714285,9.428571428571429,True,unassessed
948,Candidate_R,5,mapped,727.0,CR_Ins,CR_insula,260.9062500000001,75,3,7,7,0.42857142857142855,10.714285714285714,True,unassessed
948,Candidate_R,5,mapped,735.0,CR_V4d,CR_dorsal_visual_area_4,466.4218750000002,1,1,7,7,0.14285714285714285,0.14285714285714285,True,unassessed
948,Candidate_R,5,mapped,736.0,CR_V4v,CR_ventral_visual_area_4,298.5625000000001,67,1,7,7,0.14285714285714285,9.571428571428571,True,unassessed
948,Candidate_R,5,mapped,743.0,CR_V2,CR_visual_area_2,1575.3750000000007,6,1,7,7,0.14285714285714285,0.8571428571428571,True,unassessed
948,Candidate_R,5,mapped,1504.0,SR_Cl,SR_claustrum,255.1562500000001,405,5,7,7,0.7142857142857143,57.857142857142854,True,unassessed
948,Candidate_R,5,mapped,1553.0,SR_Cd,SR_caudate,649.5625000000003,55,2,7,7,0.2857142857142857,7.857142857142857,True,unassessed
948,Candidate_R,5,mapped,1556.0,SR_Pu,SR_putamen,895.1093750000003,98,4,7,7,0.5714285714285714,14.0,True,unassessed
948,Candidate_R,5,mapped,1558.0,SR_ic,SR_internal_capsule,230.7343750000001,5,1,7,7,0.14285714285714285,0.7142857142857143,True,unassessed
948,Candidate_R,5,mapped,1560.0,SR_Acb,SR_accumbens,94.96875000000004,1,1,7,7,0.14285714285714285,0.14285714285714285,True,unassessed
948,Candidate_R,5,zero_unassigned,0.0,,,,290,6,7,7,0.8571428571428571,41.42857142857143,True,unassessed
948,Candidate_R,6,mapped,532.0,CR_area_13m,CR_medial_area_13,174.45312500000009,9,1,7,7,0.14285714285714285,1.2857142857142858,True,unassessed
948,Candidate_R,6,mapped,536.0,CR_area_12o,CR_orbital_area_12,68.65625000000003,90,1,7,7,0.14285714285714285,12.857142857142858,True,unassessed
948,Candidate_R,6,mapped,539.0,CR_Iam/Iapm,CR_medial_agranular_insular_region,24.17187500000001,4,1,7,7,0.14285714285714285,0.5714285714285714,True,unassessed
948,Candidate_R,6,mapped,541.0,CR_Iai,CR_intermediate_agranular_insula_area,81.48437500000004,33,2,7,7,0.2857142857142857,4.714285714285714,True,unassessed
948,Candidate_R,6,mapped,542.0,CR_Ial,CR_lateral_agranular_insula_area,47.98437500000002,38,3,7,7,0.42857142857142855,5.428571428571429,True,unassessed
948,Candidate_R,6,mapped,548.0,CR_G,CR_gustatory_cortex,40.12500000000002,3,2,7,7,0.2857142857142857,0.42857142857142855,True,unassessed
948,Candidate_R,6,mapped,549.0,CR_PrCO,CR_precentral_operular_area,95.95312500000004,160,2,7,7,0.2857142857142857,22.857142857142858,True,unassessed
948,Candidate_R,6,mapped,576.0,CR_area_44,CR_area_44,49.35937500000002,2,1,7,7,0.14285714285714285,0.2857142857142857,True,unassessed
948,Candidate_R,6,mapped,586.0,CR_F5,CR_area_F5_of_ventral_premotor_cortex,434.01562500000017,148,2,7,7,0.2857142857142857,21.142857142857142,True,unassessed
948,Candidate_R,6,mapped,594.0,CR_areas_1-2,CR_areas_1-2,655.2968750000003,1,1,7,7,0.14285714285714285,0.14285714285714285,True,unassessed
948,Candidate_R,6,mapped,595.0,CR_SII,CR_secondary_somatosensory_cortex,285.3125000000001,155,1,7,7,0.14285714285714285,22.142857142857142,True,unassessed
948,Candidate_R,6,mapped,600.0,CR_V6Av,CR_ventral_visual_area_6A,34.000000000000014,1,1,7,7,0.14285714285714285,0.14285714285714285,True,unassessed
948,Candidate_R,6,mapped,601.0,CR_V6Ad,CR_dorsal_visual_area_6A,24.10937500000001,4,1,7,7,0.14285714285714285,0.5714285714285714,True,unassessed
948,Candidate_R,6,mapped,610.0,CR_VIP,CR_ventral_intraparietal_area,119.62500000000006,19,1,7,7,0.14285714285714285,2.7142857142857144,True,unassessed
948,Candidate_R,6,mapped,611.0,CR_PIP,CR_posterior_intraparietal_area,30.625000000000014,10,1,7,7,0.14285714285714285,1.4285714285714286,True,unassessed
948,Candidate_R,6,mapped,616.0,CR_LIPd,CR_dorsal_lateral_intraparietal_area,158.54687500000006,11,2,7,7,0.2857142857142857,1.5714285714285714,True,unassessed
948,Candidate_R,6,mapped,617.0,CR_LIPv,CR_ventral_lateral_intraparietal_area,109.73437500000004,32,2,7,7,0.2857142857142857,4.571428571428571,True,unassessed
948,Candidate_R,6,mapped,618.0,CR_LOP,CR_lateral_occipital_parietal_area,22.51562500000001,4,1,7,7,0.14285714285714285,0.5714285714285714,True,unassessed
948,Candidate_R,6,mapped,622.0,CR_area_7a,CR_caudal_inferior_parietal_lobule_area_7a_(Opt/PG),295.5781250000001,1,1,7,7,0.14285714285714285,0.14285714285714285,True,unassessed
948,Candidate_R,6,mapped,626.0,CR_area_7m,CR_area_7_(PGm)_on_the_medial_wall,183.04687500000009,70,2,7,7,0.2857142857142857,10.0,True,unassessed
948,Candidate_R,6,mapped,629.0,CR_area_31,CR_area_31,63.62500000000003,3,1,7,7,0.14285714285714285,0.42857142857142855,True,unassessed
948,Candidate_R,6,mapped,650.0,CR_TFO,CR_area_TFO,65.18750000000003,22,1,7,7,0.14285714285714285,3.142857142857143,True,unassessed
948,Candidate_R,6,mapped,680.0,CR_TEpv,CR_posterior_ventral_area_TE,206.85937500000009,66,1,7,7,0.14285714285714285,9.428571428571429,True,unassessed
948,Candidate_R,6,mapped,728.0,CR_Ia/Id,CR_agranular_and_dysgranular_insula,164.56250000000009,53,2,7,7,0.2857142857142857,7.571428571428571,True,unassessed
948,Candidate_R,6,mapped,729.0,CR_Ig,CR_granular_insula,96.34375000000004,22,2,7,7,0.2857142857142857,3.142857142857143,True,unassessed
948,Candidate_R,6,mapped,735.0,CR_V4d,CR_dorsal_visual_area_4,466.4218750000002,1,1,7,7,0.14285714285714285,0.14285714285714285,True,unassessed
948,Candidate_R,6,mapped,736.0,CR_V4v,CR_ventral_visual_area_4,298.5625000000001,67,1,7,7,0.14285714285714285,9.571428571428571,True,unassessed
948,Candidate_R,6,mapped,745.0,CR_clearly_V2,CR_clearly_part_of_visual_area_2,1545.0937500000007,6,1,7,7,0.14285714285714285,0.8571428571428571,True,unassessed
948,Candidate_R,6,mapped,1504.0,SR_Cl,SR_claustrum,255.1562500000001,405,5,7,7,0.7142857142857143,57.857142857142854,True,unassessed
948,Candidate_R,6,mapped,1554.0,SR_CdH,SR_caudate_head,566.5156250000002,55,2,7,7,0.2857142857142857,7.857142857142857,True,unassessed
948,Candidate_R,6,mapped,1556.0,SR_Pu,SR_putamen,895.1093750000003,98,4,7,7,0.5714285714285714,14.0,True,unassessed
948,Candidate_R,6,mapped,1558.0,SR_ic,SR_internal_capsule,230.7343750000001,5,1,7,7,0.14285714285714285,0.7142857142857143,True,unassessed
948,Candidate_R,6,mapped,1560.0,SR_Acb,SR_accumbens,94.96875000000004,1,1,7,7,0.14285714285714285,0.14285714285714285,True,unassessed
948,Candidate_R,6,zero_unassigned,0.0,,,,290,6,7,7,0.8571428571428571,41.42857142857143,True,unassessed
