NeuronUID,node_id,parent_id,native_x_um,native_y_um,native_z_um,full_graph_axon_leaf,declared_ARM6_index
252527::056.swc,55,1,16382.81640625,30067.921875,18826.6953125,False,549
252527::056.swc,56,55,16381.0,30059.14453125,18826.5,False,549
252527::056.swc,57,56,16379.25390625,30051.65625,18828.90625,False,549
252527::056.swc,58,57,16376.20703125,30046.39453125,18829.4921875,False,549
252527::056.swc,59,58,16374.4375,30042.93359375,18832.1484375,False,549
252527::056.swc,60,59,16368.87890625,30037.4453125,18833.91796875,False,549
252527::056.swc,61,60,16365.03515625,30035.83984375,18837.16015625,False,549
252527::056.swc,62,61,16363.734375,30036.0,18841.16796875,False,549
252527::056.swc,63,62,16358.4921875,30035.01953125,18843.24609375,False,549
252527::056.swc,64,63,16352.859375,30033.4375,18849.953125,False,549
252527::056.swc,65,64,16347.828125,30030.71484375,18859.3671875,False,549
252527::056.swc,66,65,16342.19921875,30028.5859375,18865.5,False,549
252527::056.swc,363,66,16339.984375,30028.3828125,18867.2890625,False,549
252527::056.swc,364,363,16337.3671875,30028.375,18877.84765625,False,549
252527::056.swc,365,364,16335.65234375,30028.58984375,18887.46484375,False,549
252527::056.swc,366,66,16338.2265625,30024.296875,18863.90625,False,549
252527::056.swc,807,365,16335.15234375,30026.06640625,18895.01953125,False,549
252527::056.swc,808,807,16338.44921875,30021.76953125,18895.5,False,549
252527::056.swc,809,365,16333.765625,30029.58984375,18891.95703125,False,549
252527::056.swc,810,809,16333.640625,30033.24609375,18892.6796875,False,549
252527::056.swc,811,810,16335.94140625,30036.5,18894.52734375,False,549
252527::056.swc,812,811,16338.48828125,30041.609375,18899.46875,False,549
252527::056.swc,813,812,16340.9609375,30051.2890625,18906.34375,False,549
252527::056.swc,814,813,16344.0625,30060.578125,18913.75390625,False,549
252527::056.swc,815,814,16347.16015625,30066.671875,18918.45703125,False,549
252527::056.swc,816,365,16332.359375,30030.7890625,18897.2890625,False,549
252527::056.swc,817,816,16330.45703125,30033.71484375,18900.57421875,False,549
252527::056.swc,818,365,16326.5078125,30031.359375,18897.40234375,False,549
252527::056.swc,819,818,16320.55859375,30032.12890625,18907.34765625,False,549
252527::056.swc,820,819,16318.05078125,30032.2734375,18915.04296875,False,549
252527::056.swc,821,820,16309.59375,30033.0,18932.71484375,False,549
252527::056.swc,822,821,16305.21484375,30035.57421875,18948.04296875,False,549
252527::056.swc,823,822,16300.10546875,30037.5390625,18960.58203125,False,549
252527::056.swc,824,823,16291.765625,30036.91015625,18972.85546875,False,549
252527::056.swc,825,824,16282.59375,30036.71875,18989.99609375,False,549
252527::056.swc,826,825,16277.87109375,30038.60546875,18999.51171875,False,549
252527::056.swc,827,366,16341.7421875,30029.12890625,18853.67578125,False,549
252527::056.swc,828,827,16347.21484375,30031.72265625,18846.92578125,False,549
252527::056.swc,829,828,16352.6875,30034.3203125,18840.1796875,False,549
252527::056.swc,830,829,16358.16015625,30036.9140625,18833.4296875,False,549
252527::056.swc,831,830,16363.63671875,30039.5078125,18826.6796875,False,549
252527::056.swc,832,831,16369.109375,30042.1015625,18819.9296875,False,549
252527::056.swc,833,832,16374.58203125,30044.69921875,18813.18359375,False,549
252527::056.swc,834,833,16380.0546875,30047.29296875,18806.43359375,False,549
252527::056.swc,835,834,16385.52734375,30049.88671875,18799.68359375,False,549
252527::056.swc,836,835,16393.29296875,30054.3203125,18790.39453125,False,549
252527::056.swc,837,836,16400.125,30055.5859375,18783.23828125,False,549
252527::056.swc,838,837,16405.640625,30057.5625,18773.6640625,False,549
252527::056.swc,839,838,16409.25,30057.81640625,18764.2890625,False,549
252527::056.swc,840,839,16412.66015625,30057.4296875,18758.19921875,False,549
252527::056.swc,841,840,16414.4453125,30055.609375,18754.8125,False,549
252527::056.swc,842,841,16415.33984375,30053.3046875,18748.8359375,False,549
252527::056.swc,843,842,16418.125,30053.375,18745.5,False,549
252527::056.swc,844,843,16422.09765625,30054.5234375,18745.5,False,549
252527::056.swc,845,844,16423.515625,30054.70703125,18740.46875,False,549
252527::056.swc,846,845,16423.09375,30055.95703125,18730.7109375,False,549
252527::056.swc,847,846,16424.390625,30057.68359375,18724.5,False,549
252527::056.swc,848,847,16427.72265625,30058.4296875,18723.96875,False,549
252527::056.swc,849,848,16431.859375,30057.46875,18718.05078125,False,549
252527::056.swc,850,849,16437.4375,30056.328125,18712.7890625,False,549
252527::056.swc,851,850,16442.22265625,30055.4609375,18705.6875,False,549
252527::056.swc,852,851,16443.75390625,30056.15234375,18700.5390625,False,549
252527::056.swc,853,852,16450.77734375,30057.0703125,18694.78515625,False,549
252527::056.swc,854,853,16457.83984375,30058.25390625,18687.36328125,False,549
252527::056.swc,855,854,16461.9921875,30060.046875,18681.19921875,False,549
252527::056.swc,856,855,16467.640625,30060.9453125,18678.06640625,False,549
252527::056.swc,857,856,16474.3203125,30061.17578125,18671.88671875,False,549
252527::056.swc,858,857,16478.49609375,30061.74609375,18665.46484375,False,549
252527::056.swc,859,858,16481.78125,30062.5546875,18663.90625,False,549
252527::056.swc,860,859,16484.2265625,30062.82421875,18659.83203125,False,549
252527::056.swc,861,860,16491.2890625,30063.51171875,18652.11328125,False,549
252527::056.swc,862,366,16331.046875,30026.42578125,18863.4375,False,549
252527::056.swc,863,862,16322.72265625,30024.171875,18872.6640625,False,549
252527::056.swc,864,863,16316.98828125,30024.296875,18881.94140625,False,549
252527::056.swc,865,864,16311.45703125,30026.65234375,18887.6015625,False,549
252527::056.swc,866,366,16343.82421875,30024.2109375,18855.4921875,False,549
252527::056.swc,867,866,16349.13671875,30025.67578125,18848.859375,False,549
252527::056.swc,963,808,16345.44140625,30016.21875,18882.24609375,False,549
252527::056.swc,964,963,16347.1640625,30013.7265625,18871.53125,False,549
252527::056.swc,965,808,16341.08203125,30013.79296875,18896.54296875,False,549
252527::056.swc,966,965,16343.16796875,30011.43359375,18899.96484375,False,549
252527::056.swc,967,966,16350.41015625,30009.890625,18905.32421875,False,549
252527::056.swc,968,967,16354.484375,30010.88671875,18910.7734375,False,549
252527::056.swc,969,815,16348.15234375,30071.30859375,18923.40625,False,549
252527::056.swc,970,969,16350.921875,30074.22265625,18926.87890625,False,549
252527::056.swc,971,970,16351.6953125,30076.5625,18933.11328125,False,549
252527::056.swc,972,971,16353.16796875,30080.015625,18935.30078125,False,549
252527::056.swc,973,972,16354.32421875,30080.46484375,18939.58203125,False,549
252527::056.swc,974,815,16348.046875,30066.28125,18922.6015625,False,549
252527::056.swc,975,974,16350.84765625,30063.84765625,18927.02734375,False,549
252527::056.swc,976,975,16356.53515625,30061.83203125,18933.26953125,False,549
252527::056.swc,977,976,16360.83984375,30061.43359375,18940.03515625,False,549
252527::056.swc,978,977,16366.29296875,30063.375,18945.21484375,False,549
252527::056.swc,979,978,16369.11328125,30063.27734375,18953.28515625,False,549
252527::056.swc,980,979,16369.9609375,30063.3984375,18958.96484375,False,549
252527::056.swc,981,980,16373.375,30059.6171875,18961.5,False,549
252527::056.swc,982,981,16377.171875,30051.94140625,18961.42578125,False,549
252527::056.swc,983,982,16381.66015625,30046.55859375,18959.72265625,False,549
252527::056.swc,984,983,16387.22265625,30043.38671875,18959.5078125,False,549
252527::056.swc,985,984,16391.16796875,30038.015625,18963.50390625,False,549
252527::056.swc,986,985,16394.02734375,30026.23828125,18967.3515625,False,549
252527::056.swc,987,986,16395.19921875,30011.15234375,18967.5,False,549
252527::056.swc,988,987,16395.91796875,30006.1640625,18966.546875,False,549
252527::056.swc,989,988,16399.65234375,30000.62109375,18962.859375,False,549
252527::056.swc,990,989,16404.09765625,29989.23046875,18961.98046875,False,549
252527::056.swc,991,990,16404.51953125,29978.58203125,18963.5859375,False,549
252527::056.swc,992,991,16405.36328125,29969.17578125,18962.01953125,False,549
252527::056.swc,993,992,16406.09765625,29955.21484375,18961.5,False,549
252527::056.swc,994,993,16406.64453125,29947.30078125,18962.6953125,False,549
252527::056.swc,995,994,16405.57421875,29941.5546875,18964.359375,False,549
252527::056.swc,996,995,16405.0234375,29937.03515625,18961.234375,False,549
252527::056.swc,997,996,16405.53125,29934.15234375,18954.24609375,False,549
252527::056.swc,998,997,16406.6875,29930.09375,18950.5390625,False,549
252527::056.swc,999,998,16406.69140625,29922.39453125,18949.5,False,549
252527::056.swc,1000,999,16408.59375,29914.50390625,18944.171875,False,549
252527::056.swc,1001,1000,16412.35546875,29909.95703125,18935.3359375,False,549
252527::056.swc,1002,1001,16417.73046875,29907.9765625,18928.3046875,False,549
252527::056.swc,1003,1002,16419.88671875,29904.66015625,18924.08203125,False,549
252527::056.swc,1004,1003,16420.59375,29899.98828125,18916.6796875,False,549
252527::056.swc,1005,1004,16423.0546875,29895.84375,18912.42578125,False,549
252527::056.swc,1006,1005,16427.9765625,29891.484375,18899.05859375,False,549
252527::056.swc,1007,1006,16430.0625,29884.08203125,18888.22265625,False,549
252527::056.swc,1008,1007,16430.50390625,29878.40625,18883.5,False,549
252527::056.swc,1009,1008,16429.90234375,29876.92578125,18874.44921875,False,549
252527::056.swc,1010,1009,16430.28125,29876.5625,18862.45703125,False,549
252527::056.swc,1011,1010,16427.07421875,29872.5234375,18855.26953125,False,549
252527::056.swc,1012,1011,16421.9921875,29867.76953125,18851.5390625,False,549
252527::056.swc,1013,1012,16420.7734375,29863.6015625,18846.39453125,False,549
252527::056.swc,1014,1013,16421.56640625,29861.390625,18840.18359375,False,549
252527::056.swc,1015,1014,16420.75390625,29858.8125,18830.51953125,False,549
252527::056.swc,1016,1015,16418.04296875,29854.4140625,18825.73828125,False,549
252527::056.swc,1017,1016,16416.6953125,29851.328125,18815.6484375,False,549
252527::056.swc,1018,1017,16416.34765625,29852.81640625,18806.73828125,False,549
252527::056.swc,1019,1018,16414.90625,29856.7265625,18802.84375,False,549
252527::056.swc,1020,1019,16414.71875,29859.234375,18796.9140625,False,549
252527::056.swc,1021,1020,16413.3671875,29860.33984375,18791.22265625,False,549
252527::056.swc,1022,1021,16410.3203125,29858.17578125,18788.0859375,False,549
252527::056.swc,1023,1022,16407.7109375,29855.4375,18781.0234375,False,549
252527::056.swc,1024,1023,16405.4375,29851.15234375,18777.5,False,549
252527::056.swc,1025,1024,16403.328125,29849.65234375,18773.39453125,False,549
252527::056.swc,1026,1025,16399.265625,29848.9609375,18771.6171875,False,549
252527::056.swc,1027,1026,16397.2265625,29848.3984375,18766.83203125,False,549
252527::056.swc,1028,1027,16397.05859375,29841.96875,18760.84375,False,549
252527::056.swc,1029,1028,16396.03125,29832.6875,18758.1875,False,549
252527::056.swc,1030,1029,16395.2734375,29827.4140625,18753.66796875,False,549
252527::056.swc,1031,1030,16395.01953125,29826.50390625,18747.1484375,False,549
252527::056.swc,1032,1031,16394.44140625,29824.3515625,18743.51953125,False,549
252527::056.swc,1033,1032,16390.609375,29819.21484375,18741.64453125,False,549
252527::056.swc,1034,1033,16383.06640625,29813.75390625,18737.82421875,False,549
252527::056.swc,1035,1034,16378.375,29811.2734375,18733.5,True,549
252527::056.swc,1036,817,16329.5703125,30044.6953125,18902.015625,False,549
252527::056.swc,1037,1036,16329.10546875,30052.93359375,18904.171875,False,549
252527::056.swc,1038,817,16325.7265625,30038.03515625,18903.47265625,False,549
252527::056.swc,1039,1038,16322.08203125,30039.21484375,18912.54296875,False,549
252527::056.swc,1040,1039,16321.5078125,30038.2734375,18922.98828125,False,549
252527::056.swc,1041,1040,16318.99609375,30038.0390625,18935.3125,False,549
252527::056.swc,1042,1041,16316.16015625,30039.53125,18938.80078125,False,549
252527::056.swc,1043,1042,16313.25,30040.98046875,18946.48828125,False,549
252527::056.swc,1044,1043,16308.8125,30042.1796875,18953.76953125,False,549
252527::056.swc,1045,1044,16304.9140625,30043.58203125,18962.8515625,False,549
252527::056.swc,1046,1045,16303.625,30045.546875,18974.24609375,False,549
252527::056.swc,1047,1046,16303.265625,30046.71875,18980.84375,False,549
252527::056.swc,1048,1047,16299.640625,30049.44921875,18987.9765625,False,549
252527::056.swc,1049,1048,16296.4375,30051.16015625,18998.890625,False,549
252527::056.swc,1050,1049,16293.484375,30050.59375,19008.5078125,False,549
252527::056.swc,1051,1050,16291.22265625,30050.4765625,19020.16796875,False,549
252527::056.swc,1052,1051,16289.9765625,30051.45703125,19028.92578125,False,549
252527::056.swc,1053,1052,16288.703125,30053.08203125,19033.6484375,False,549
252527::056.swc,1054,1053,16285.38671875,30053.15625,19041.015625,False,549
252527::056.swc,1055,1054,16284.125,30054.14453125,19051.32421875,False,549
252527::056.swc,1056,1055,16283.5390625,30056.27734375,19059.48828125,False,549
252527::056.swc,1057,1056,16281.328125,30060.0,19064.86328125,False,549
252527::056.swc,1058,1057,16278.046875,30060.49609375,19069.54296875,False,549
252527::056.swc,1059,1058,16275.625,30058.04296875,19079.28515625,False,549
252527::056.swc,1060,1059,16273.63671875,30055.2734375,19085.59375,False,549
252527::056.swc,1061,1060,16270.9296875,30053.828125,19095.3515625,False,549
252527::056.swc,1062,1061,16268.41796875,30052.20703125,19098.9453125,False,549
252527::056.swc,1063,1062,16267.2421875,30049.69921875,19109.578125,False,549
252527::056.swc,1064,1063,16266.546875,30046.0078125,19119.53515625,False,549
252527::056.swc,1065,1064,16262.015625,30042.953125,19137.7734375,False,549
252527::056.swc,1066,1065,16259.1015625,30043.3671875,19147.453125,False,549
252527::056.swc,1067,1066,16257.92578125,30045.96875,19157.24609375,False,549
252527::056.swc,1068,1067,16254.3984375,30046.46484375,19169.0703125,False,549
252527::056.swc,1069,1068,16250.79296875,30043.50390625,19175.47265625,False,549
252527::056.swc,1070,1069,16249.3828125,30042.67578125,19183.08203125,False,549
252527::056.swc,1071,826,16272.515625,30040.46484375,19007.59765625,False,549
252527::056.swc,1072,1071,16269.203125,30041.31640625,19017.13671875,False,549
252527::056.swc,1073,1072,16264.6875,30043.2265625,19026.33984375,False,549
252527::056.swc,1074,1073,16259.515625,30043.58203125,19040.19140625,False,549
252527::056.swc,1075,1074,16254.9296875,30043.91015625,19046.5,False,549
252527::056.swc,1076,1075,16252.5546875,30044.828125,19053.8046875,False,549
252527::056.swc,1077,1076,16249.04296875,30047.69921875,19064.0390625,False,549
252527::056.swc,1078,1077,16246.70703125,30050.3359375,19074.29296875,False,549
252527::056.swc,1079,1078,16242.03125,30053.6484375,19085.0234375,False,549
252527::056.swc,1080,1079,16238.99609375,30054.375,19097.23828125,False,549
252527::056.swc,1081,1080,16235.2578125,30055.375,19115.23046875,False,549
252527::056.swc,1082,1081,16232.3359375,30058.13671875,19124.43359375,False,549
252527::056.swc,1083,1082,16231.16796875,30059.16015625,19134.0546875,False,549
252527::056.swc,1084,826,16279.27734375,30036.84375,18994.0390625,False,549
252527::056.swc,1085,1084,16281.53125,30037.42578125,18987.96484375,False,549
252527::056.swc,1086,1085,16279.640625,30040.78515625,18985.5,False,549
252527::056.swc,1087,1086,16273.1953125,30044.53515625,18985.5,False,549
252527::056.swc,1088,1087,16266.3203125,30051.5859375,18985.5,False,549
252527::056.swc,1089,1088,16261.375,30057.515625,18984.0,False,549
252527::056.swc,1090,1089,16261.375,30057.734375,18981.0,False,549
252527::056.swc,1091,1090,16257.4921875,30066.73046875,18979.5,False,549
252527::056.swc,1092,1091,16251.91015625,30080.97265625,18979.5,False,549
252527::056.swc,1093,1092,16246.72265625,30091.890625,18978.33203125,False,549
252527::056.swc,1094,1093,16244.125,30095.7578125,18976.66796875,False,549
252527::056.swc,1095,1094,16221.23828125,30121.2890625,18972.89453125,False,549
252527::056.swc,1096,1095,16210.73828125,30131.890625,18969.12890625,False,549
252527::056.swc,1097,1096,16204.92578125,30141.80078125,18961.59375,False,549
252527::056.swc,1098,1097,16200.41015625,30153.25,18956.5859375,False,549
252527::056.swc,1099,1098,16196.67578125,30160.578125,18954.9765625,False,549
252527::056.swc,1100,1099,16194.8828125,30163.62890625,18950.75,False,549
252527::056.swc,1101,1100,16191.97265625,30172.93359375,18944.26953125,False,549
252527::056.swc,1102,1101,16189.7578125,30183.74609375,18940.98046875,False,549
252527::056.swc,1103,1102,16186.5390625,30189.9140625,18937.31640625,False,549
252527::056.swc,1104,1103,16180.05078125,30193.4140625,18933.68359375,False,549
252527::056.swc,1105,1104,16174.82421875,30195.76953125,18926.78125,False,549
252527::056.swc,1106,1105,16173.86328125,30199.80859375,18921.046875,False,549
252527::056.swc,1107,1106,16167.52734375,30204.96484375,18910.68359375,False,549
252527::056.swc,1108,1107,16158.203125,30207.578125,18899.05859375,False,549
252527::056.swc,1109,1108,16153.69140625,30210.734375,18889.45703125,False,549
252527::056.swc,1110,861,16495.078125,30066.4375,18647.1171875,False,549
252527::056.swc,1111,1110,16501.359375,30072.1171875,18645.7109375,False,549
252527::056.swc,1112,1111,16508.3125,30076.08203125,18642.34375,False,549
252527::056.swc,1113,1112,16514.0703125,30076.1484375,18636.50390625,False,549
252527::056.swc,1114,1113,16517.87109375,30077.2265625,18631.1015625,False,549
252527::056.swc,1115,1114,16522.05078125,30076.5234375,18623.984375,False,549
252527::056.swc,1116,1115,16524.5703125,30075.3046875,18615.09765625,False,549
252527::056.swc,1117,1116,16527.76171875,30073.640625,18607.46875,False,549
252527::056.swc,1118,1117,16531.09765625,30075.1796875,18603.34765625,False,549
252527::056.swc,1119,1118,16533.0390625,30075.37109375,18594.78125,False,549
252527::056.swc,1120,1119,16535.09765625,30073.94140625,18588.4921875,False,549
252527::056.swc,1121,1120,16536.3125,30073.09375,18580.703125,False,549
252527::056.swc,1122,1121,16538.21484375,30074.05078125,18576.7734375,False,549
252527::056.swc,1123,1122,16540.0703125,30073.74609375,18569.72265625,False,549
252527::056.swc,1124,1123,16542.0,30072.21875,18566.48828125,False,549
252527::056.swc,1125,1124,16546.02734375,30071.70703125,18557.1171875,False,549
252527::056.swc,1126,1125,16549.171875,30070.54296875,18547.9921875,False,549
252527::056.swc,1127,1126,16552.98046875,30069.89453125,18540.359375,False,549
252527::056.swc,1128,1127,16556.84765625,30068.7265625,18537.71875,False,549
252527::056.swc,1129,1128,16557.91796875,30068.453125,18534.12109375,False,549
252527::056.swc,1130,1129,16560.7890625,30069.484375,18523.578125,False,549
252527::056.swc,1131,1130,16565.50390625,30071.48828125,18520.82421875,False,549
252527::056.swc,1132,1131,16568.68359375,30074.16015625,18517.01953125,False,549
252527::056.swc,1133,1132,16572.0546875,30075.65625,18510.359375,False,549
252527::056.swc,1134,1133,16573.734375,30075.38671875,18503.08984375,False,549
252527::056.swc,1135,1134,16577.28125,30070.265625,18494.9765625,False,549
252527::056.swc,1136,1135,16580.8203125,30065.765625,18491.13671875,False,549
252527::056.swc,1137,1136,16585.0703125,30064.26953125,18489.09375,False,549
252527::056.swc,1138,1137,16588.0234375,30064.84375,18484.63671875,False,549
252527::056.swc,1139,1138,16592.6640625,30063.53125,18482.09375,False,549
252527::056.swc,1140,1139,16597.42578125,30064.0546875,18480.1171875,False,549
252527::056.swc,1141,1140,16599.984375,30063.8046875,18474.27734375,False,549
252527::056.swc,1142,1141,16604.8203125,30062.94921875,18471.1484375,False,549
252527::056.swc,1143,1142,16611.77734375,30063.125,18468.4765625,False,549
252527::056.swc,1144,1143,16616.890625,30062.35546875,18464.23828125,False,549
252527::056.swc,1145,1144,16620.8046875,30061.01953125,18458.7734375,False,549
252527::056.swc,1146,1145,16623.66015625,30058.15234375,18452.0546875,False,549
252527::056.swc,1147,1146,16624.30859375,30053.80078125,18449.48828125,False,549
252527::056.swc,1148,1147,16625.72265625,30043.92578125,18448.5,False,549
252527::056.swc,1149,1148,16626.0234375,30040.1484375,18445.83203125,False,549
252527::056.swc,1150,1149,16626.7109375,30038.44921875,18438.7421875,False,549
252527::056.swc,1151,1150,16627.52734375,30034.70703125,18436.65625,False,549
252527::056.swc,1152,1151,16628.5625,30031.734375,18431.2578125,False,549
252527::056.swc,1153,1152,16628.30078125,30030.58984375,18423.2578125,False,549
252527::056.swc,1154,1153,16631.234375,30034.3046875,18414.83984375,False,549
252527::056.swc,1155,1154,16634.0078125,30037.58203125,18405.5546875,False,549
252527::056.swc,1156,1155,16636.125,30038.63671875,18396.1875,False,549
252527::056.swc,1157,1156,16636.56640625,30036.7890625,18387.5078125,False,549
252527::056.swc,1158,1157,16638.1328125,30037.8671875,18375.23046875,False,549
252527::056.swc,1159,1158,16638.93359375,30039.93359375,18367.57421875,False,549
252527::056.swc,1160,1159,16640.296875,30042.11328125,18354.91796875,False,549
252527::056.swc,1161,1160,16642.1015625,30043.8828125,18349.69921875,False,549
252527::056.swc,1162,1161,16645.203125,30046.06640625,18348.18359375,False,549
252527::056.swc,1163,1162,16646.74609375,30046.57421875,18342.91796875,True,549
252527::056.swc,1164,861,16495.5,30060.32421875,18647.46875,False,549
252527::056.swc,1165,1164,16498.828125,30054.10546875,18646.03125,False,549
252527::056.swc,1166,1165,16501.11328125,30045.87890625,18642.8203125,False,549
252527::056.swc,1167,1166,16505.578125,30037.140625,18637.66796875,False,549
252527::056.swc,1168,1167,16512.5078125,30028.6484375,18631.5234375,False,549
252527::056.swc,1169,1168,16518.4609375,30017.90234375,18621.95703125,False,549
252527::056.swc,1170,1169,16519.91796875,30011.0234375,18616.8984375,False,549
252527::056.swc,1171,1170,16520.91796875,30005.7109375,18611.25390625,False,549
252527::056.swc,1172,1171,16522.11328125,29998.57421875,18608.08203125,False,549
252527::056.swc,1173,1172,16526.3046875,29990.21875,18605.609375,False,549
252527::056.swc,1174,1173,16530.73046875,29978.14453125,18604.5,False,549
252527::056.swc,1175,1174,16534.140625,29973.734375,18604.5,False,549
252527::056.swc,1176,1175,16534.65234375,29970.078125,18603.11328125,False,549
252527::056.swc,1177,1176,16535.09375,29968.19140625,18599.33203125,False,549
252527::056.swc,1178,1177,16536.984375,29964.61328125,18598.5,False,549
252527::056.swc,1179,1178,16540.26171875,29963.69921875,18592.96875,False,549
252527::056.swc,1180,1179,16545.3359375,29962.95703125,18590.82421875,False,549
252527::056.swc,1181,1180,16548.5390625,29959.80078125,18589.5,False,549
252527::056.swc,1182,1181,16555.3203125,29958.63671875,18589.5,False,549
252527::056.swc,1183,1182,16559.8203125,29961.546875,18589.5,False,549
252527::056.swc,1184,1183,16563.92578125,29963.73046875,18585.86328125,False,549
252527::056.swc,1185,1184,16565.8828125,29966.59375,18582.109375,False,549
252527::056.swc,1186,1185,16570.41796875,29970.6796875,18580.5,False,549
252527::056.swc,1187,1186,16573.35546875,29971.03125,18577.44921875,False,549
252527::056.swc,1188,1187,16574.921875,29969.49609375,18572.94921875,False,549
252527::056.swc,1189,1188,16578.625,29966.9765625,18571.37890625,False,549
252527::056.swc,1190,1189,16583.75,29967.62109375,18569.89453125,False,549
252527::056.swc,1191,1190,16589.5859375,29966.27734375,18569.8671875,False,549
252527::056.swc,1192,1191,16595.5625,29964.67578125,18565.6953125,False,549
252527::056.swc,1193,1192,16607.62109375,29964.60546875,18560.6171875,False,549
252527::056.swc,1194,1193,16617.2734375,29964.52734375,18559.5,False,549
252527::056.swc,1195,1194,16623.13671875,29964.3359375,18555.703125,False,549
252527::056.swc,1196,1195,16627.51953125,29962.04296875,18548.73046875,False,549
252527::056.swc,1197,1196,16634.203125,29959.23828125,18543.14453125,False,549
252527::056.swc,1198,1197,16638.8984375,29956.859375,18543.8359375,True,549
252527::056.swc,1199,865,16304.109375,30028.93359375,18891.78515625,False,549
252527::056.swc,1200,1199,16298.91796875,30034.67578125,18898.8125,False,549
252527::056.swc,1201,1200,16295.26953125,30041.68359375,18910.078125,False,549
252527::056.swc,1202,1201,16293.05859375,30048.18359375,18915.5859375,False,549
252527::056.swc,1203,1202,16291.86328125,30050.25,18920.69140625,False,549
252527::056.swc,1204,1203,16291.5390625,30050.46484375,18926.6953125,False,549
252527::056.swc,1205,1204,16288.6875,30050.69921875,18931.14453125,False,549
252527::056.swc,1206,1205,16283.12109375,30050.01171875,18934.765625,False,549
252527::056.swc,1207,1206,16280.69921875,30047.421875,18938.8046875,False,549
252527::056.swc,1208,1207,16279.8359375,30045.92578125,18949.06640625,False,549
252527::056.swc,1209,1208,16278.61328125,30045.92578125,18957.06640625,False,549
252527::056.swc,1210,1209,16274.7578125,30047.109375,18962.9140625,False,549
252527::056.swc,1211,1210,16269.49609375,30049.96484375,18967.171875,False,549
252527::056.swc,1212,1211,16267.25,30051.44921875,18972.0,True,549
252527::056.swc,1213,865,16308.54296875,30030.23046875,18883.1328125,False,549
252527::056.swc,1214,1213,16307.84375,30032.37109375,18874.71875,False,549
252527::056.swc,1215,1214,16305.7734375,30032.48828125,18868.9296875,False,549
252527::056.swc,1216,1215,16305.82421875,30030.97265625,18851.1484375,False,549
252527::056.swc,1217,1216,16307.84765625,30030.65234375,18834.3125,False,549
252527::056.swc,1218,1217,16308.171875,30029.63671875,18825.35546875,False,549
252527::056.swc,1219,1218,16309.515625,30027.4140625,18818.83203125,False,549
252527::056.swc,1220,1219,16312.3125,30025.53125,18806.2109375,False,549
252527::056.swc,1221,1220,16313.5390625,30022.89453125,18796.5,False,549
252527::056.swc,1222,1221,16310.82421875,30020.50390625,18794.08203125,False,549
252527::056.swc,1223,1222,16306.67578125,30019.66796875,18786.89453125,False,549
252527::056.swc,1224,1223,16304.625,30019.015625,18783.12109375,True,549
252527::056.swc,1225,867,16351.07421875,30026.42578125,18842.5,False,549
252527::056.swc,1226,1225,16353.81640625,30035.91015625,18839.63671875,False,549
252527::056.swc,1227,1226,16355.8125,30039.046875,18836.0,False,549
252527::056.swc,1228,1227,16358.65625,30049.42578125,18835.5,False,549
252527::056.swc,1229,1228,16360.05859375,30060.59765625,18834.6875,False,549
252527::056.swc,1230,1229,16360.96484375,30069.36328125,18830.21875,False,549
252527::056.swc,1231,1230,16362.62890625,30074.60546875,18826.8828125,False,549
252527::056.swc,1232,1231,16364.48828125,30083.44921875,18826.0,False,549
252527::056.swc,1233,1232,16365.05859375,30088.5390625,18823.72265625,False,549
252527::056.swc,1234,1233,16367.0625,30095.71875,18823.5,False,549
252527::056.swc,1235,867,16354.78515625,30026.91796875,18827.5546875,False,549
252527::056.swc,1236,1235,16358.265625,30029.0390625,18819.58984375,False,549
252527::056.swc,1237,1236,16361.72265625,30033.07421875,18807.17578125,False,549
252527::056.swc,1238,1237,16363.29296875,30034.21875,18798.53515625,False,549
252527::056.swc,1239,964,16347.1875,30012.72265625,18857.01171875,False,549
252527::056.swc,1240,1239,16347.58203125,30010.76953125,18852.05078125,False,549
252527::056.swc,1241,964,16349.7890625,30014.28125,18874.51171875,False,549
252527::056.swc,1242,1241,16352.41015625,30014.83203125,18877.4921875,False,549
252527::056.swc,1243,1242,16360.31640625,30012.01953125,18880.2109375,False,549
252527::056.swc,1244,1243,16363.83984375,30012.47265625,18880.5,False,549
252527::056.swc,1245,1244,16358.6484375,30016.234375,18880.5,False,549
252527::056.swc,1246,1245,16353.81640625,30020.07421875,18877.890625,False,549
252527::056.swc,1247,1246,16352.08984375,30022.95703125,18873.45703125,False,549
252527::056.swc,1248,1247,16348.140625,30024.32421875,18871.75,False,549
252527::056.swc,1249,1248,16346.2890625,30023.9375,18873.47265625,False,549
252527::056.swc,1250,1249,16339.89453125,30025.14453125,18875.8984375,False,549
252527::056.swc,1251,1250,16333.5,30026.3515625,18878.32421875,False,549
252527::056.swc,1252,1251,16330.58984375,30029.11328125,18870.37109375,False,549
252527::056.swc,1253,1252,16325.140625,30031.4765625,18864.05078125,False,549
252527::056.swc,1254,1253,16323.8515625,30035.390625,18862.5,False,549
252527::056.swc,1255,1254,16321.8203125,30039.02734375,18860.16015625,False,549
252527::056.swc,1256,968,16357.640625,30011.140625,18915.63671875,False,549
252527::056.swc,1257,1256,16363.64453125,30012.67578125,18916.5,False,549
252527::056.swc,1258,1257,16369.94140625,30012.171875,18916.3515625,False,549
252527::056.swc,1259,1258,16373.4609375,30011.37109375,18913.83203125,False,549
252527::056.swc,1260,1259,16380.42578125,30008.2421875,18913.5,False,549
252527::056.swc,1261,1260,16392.31640625,30001.171875,18913.5,False,549
252527::056.swc,1262,1261,16401.76171875,29996.33203125,18912.09765625,False,549
252527::056.swc,1263,1262,16405.97265625,29995.0234375,18905.78125,False,549
252527::056.swc,1264,1263,16409.43359375,29992.88671875,18903.05859375,False,549
252527::056.swc,1265,968,16356.921875,30010.6796875,18917.0078125,False,549
252527::056.swc,1266,1265,16356.31640625,30005.28125,18919.5,False,549
252527::056.swc,1267,1266,16355.16015625,29999.60546875,18919.5,False,549
252527::056.swc,1268,1267,16354.9765625,29996.18359375,18922.046875,False,549
252527::056.swc,1269,1268,16354.9765625,29995.00390625,18926.828125,False,549
252527::056.swc,1270,973,16353.62890625,30079.609375,18947.6484375,False,549
252527::056.swc,1271,1270,16353.3203125,30076.484375,18951.546875,False,549
252527::056.swc,1272,1271,16354.4609375,30074.94921875,18959.20703125,False,549
252527::056.swc,1273,973,16353.76953125,30080.37890625,18945.78125,False,549
252527::056.swc,1274,1273,16351.23046875,30079.72265625,18949.5,False,549
252527::056.swc,1275,1274,16345.40625,30079.3828125,18949.96484375,False,549
252527::056.swc,1276,1275,16342.01171875,30079.53125,18952.21484375,False,549
252527::056.swc,1277,1276,16339.19921875,30077.8828125,18956.640625,False,549
252527::056.swc,1278,1277,16336.73046875,30078.0078125,18961.25,False,549
252527::056.swc,1279,1278,16333.83203125,30081.49609375,18965.65625,False,549
252527::056.swc,1280,1279,16329.671875,30085.7109375,18967.640625,False,549
252527::056.swc,1281,1280,16326.2265625,30084.3984375,18970.1484375,False,549
252527::056.swc,1282,1281,16324.609375,30079.15234375,18974.3515625,False,549
252527::056.swc,1283,1282,16319.7421875,30077.8046875,18976.5,False,549
252527::056.swc,1284,1283,16315.8671875,30080.8359375,18978.09765625,False,549
252527::056.swc,1285,1284,16311.98828125,30082.765625,18986.09375,False,549
252527::056.swc,1286,1285,16307.6015625,30085.05078125,18992.84375,False,549
252527::056.swc,1287,1286,16297.44140625,30085.34375,18998.34375,False,549
252527::056.swc,1288,1287,16291.1171875,30089.41796875,19001.03125,False,549
252527::056.swc,1289,1288,16283.58203125,30101.34375,19002.734375,False,549
252527::056.swc,1290,1289,16277.33203125,30112.62109375,19000.8203125,False,549
252527::056.swc,1291,1290,16273.60546875,30118.828125,19002.1328125,False,549
252527::056.swc,1292,1291,16270.5078125,30120.7109375,19008.11328125,False,549
252527::056.swc,1293,1292,16265.84765625,30123.63671875,19013.52734375,False,549
252527::056.swc,1294,1293,16262.22265625,30127.078125,19018.80859375,False,549
252527::056.swc,1295,1294,16256.53125,30131.12109375,19021.5,False,549
252527::056.swc,1296,1295,16249.1640625,30136.81640625,19022.1484375,False,549
252527::056.swc,1297,1296,16244.3359375,30140.68359375,19024.37890625,False,549
252527::056.swc,1298,1297,16238.30078125,30145.67578125,19025.21484375,False,549
252527::056.swc,1299,1298,16234.5078125,30149.2421875,19030.28125,False,549
252527::056.swc,1300,1299,16232.08984375,30151.08984375,19036.4609375,False,549
252527::056.swc,1301,1300,16229.6171875,30153.53125,19043.99609375,False,549
252527::056.swc,1302,1301,16225.3359375,30155.84375,19046.44921875,False,549
252527::056.swc,1303,1302,16217.6953125,30156.8671875,19053.9296875,False,549
252527::056.swc,1304,1303,16209.04296875,30157.09375,19061.90234375,False,549
252527::056.swc,1305,1304,16203.8046875,30157.73046875,19065.51171875,False,549
252527::056.swc,1306,1305,16198.5703125,30155.78125,19069.58984375,False,549
252527::056.swc,1307,1306,16195.39453125,30150.3125,19076.3125,False,549
252527::056.swc,1308,1307,16194.14453125,30148.48828125,19080.66015625,False,549
252527::056.swc,1309,1308,16190.78125,30148.4140625,19084.44921875,False,549
252527::056.swc,1310,1309,16188.69921875,30150.69140625,19086.59375,False,549
252527::056.swc,1311,1310,16187.92578125,30152.734375,19093.1953125,False,549
252527::056.swc,1312,1311,16186.45703125,30152.53125,19100.89453125,False,549
252527::056.swc,1313,1312,16185.07421875,30149.2421875,19106.92578125,False,549
252527::056.swc,1314,1313,16184.19921875,30145.23046875,19110.609375,True,549
252527::056.swc,1315,1037,16333.00390625,30055.07421875,18907.875,False,549
252527::056.swc,1316,1315,16338.21484375,30058.35546875,18910.4921875,False,549
252527::056.swc,1317,1316,16341.88671875,30060.5546875,18914.05859375,False,549
252527::056.swc,1318,1317,16346.66796875,30061.08203125,18916.12890625,False,549
252527::056.swc,1319,1318,16359.78515625,30067.29296875,18921.5390625,False,549
252527::056.swc,1320,1319,16365.35546875,30069.9765625,18926.6953125,False,549
252527::056.swc,1321,1320,16372.65625,30072.6484375,18928.5,False,549
252527::056.swc,1322,1321,16378.68359375,30076.03125,18928.5,False,549
252527::056.swc,1323,1037,16328.9140625,30070.6484375,18904.0,False,549
252527::056.swc,1324,1323,16329.38671875,30075.59375,18901.6484375,False,549
252527::056.swc,1325,1324,16330.63671875,30089.109375,18901.5,False,549
252527::056.swc,1326,1325,16332.53125,30105.828125,18901.5,False,549
252527::056.swc,1327,1326,16334.8203125,30116.6328125,18901.5,False,549
252527::056.swc,1328,1327,16336.0859375,30122.07421875,18902.546875,False,549
252527::056.swc,1329,1328,16338.046875,30124.46484375,18904.26953125,False,549
252527::056.swc,1330,1329,16341.078125,30132.58203125,18909.1484375,False,549
252527::056.swc,1331,1330,16341.32421875,30139.7734375,18912.390625,False,549
252527::056.swc,1332,1331,16341.32421875,30150.5234375,18914.3046875,False,549
252527::056.swc,1333,1332,16341.51171875,30153.2578125,18916.140625,False,549
252527::056.swc,1334,1333,16343.6171875,30159.66015625,18916.75,False,549
252527::056.swc,1335,1334,16345.84375,30163.4765625,18918.56640625,False,549
252527::056.swc,1336,1335,16347.3046875,30171.515625,18920.9140625,False,549
252527::056.swc,1337,1336,16347.67578125,30177.1171875,18924.64453125,False,549
252527::056.swc,1338,1337,16347.49609375,30187.3828125,18925.5,False,549
252527::056.swc,1339,1338,16348.28515625,30194.69140625,18925.5,False,549
252527::056.swc,1340,1070,16245.87890625,30045.33203125,19196.05078125,False,549
252527::056.swc,1341,1340,16241.203125,30046.3046875,19207.67578125,False,549
252527::056.swc,1342,1341,16238.171875,30047.5078125,19218.61328125,False,549
252527::056.swc,1343,1342,16237.4296875,30047.89453125,19227.67578125,False,549
252527::056.swc,1344,1343,16234.95703125,30048.19921875,19240.32421875,False,549
252527::056.swc,1345,1344,16231.4140625,30049.38671875,19260.7421875,False,549
252527::056.swc,1346,1345,16228.96484375,30048.6640625,19280.234375,False,549
252527::056.swc,1347,1070,16248.88671875,30035.26953125,19189.9921875,False,549
252527::056.swc,1348,1347,16250.70703125,30029.890625,19192.5,False,549
252527::056.swc,1349,1348,16256.16015625,30024.93359375,19193.32421875,False,549
252527::056.swc,1350,1349,16259.58203125,30020.8671875,19196.88671875,False,549
252527::056.swc,1351,1350,16260.578125,30016.3125,19202.18359375,False,549
252527::056.swc,1352,1351,16263.25390625,30012.3828125,19204.5,False,549
252527::056.swc,1353,1352,16269.76953125,30004.828125,19210.84375,False,549
252527::056.swc,1354,1353,16277.15625,29996.0546875,19220.02734375,False,549
252527::056.swc,1355,1354,16283.3359375,29991.015625,19227.1015625,False,549
252527::056.swc,1356,1355,16290.359375,29983.15625,19240.015625,False,549
252527::056.swc,1357,1356,16294.125,29976.515625,19249.078125,False,549
252527::056.swc,1358,1357,16300.5546875,29965.7578125,19252.5,False,549
252527::056.swc,1359,1358,16307.99609375,29956.8515625,19253.3671875,False,549
252527::056.swc,1360,1359,16312.13671875,29953.30078125,19255.83203125,False,549
252527::056.swc,1361,1360,16316.25390625,29949.09765625,19261.6328125,False,549
252527::056.swc,1362,1361,16323.2578125,29940.56640625,19266.6875,False,549
252527::056.swc,1363,1362,16329.6484375,29928.6015625,19272.62890625,False,549
252527::056.swc,1364,1363,16335.0546875,29921.12109375,19278.58984375,False,549
252527::056.swc,1365,1364,16343.078125,29915.51953125,19283.33203125,False,549
252527::056.swc,1366,1365,16350.40234375,29910.484375,19290.19921875,False,549
252527::056.swc,1367,1366,16355.2578125,29905.27734375,19295.42578125,False,549
252527::056.swc,1368,1367,16359.3359375,29901.65625,19297.5,False,549
252527::056.swc,1369,1368,16367.32421875,29895.65625,19298.15625,False,549
252527::056.swc,1370,1369,16378.74609375,29881.40234375,19300.765625,False,549
252527::056.swc,1371,1370,16390.49609375,29864.97265625,19305.03515625,False,549
252527::056.swc,1372,1371,16396.859375,29854.3359375,19309.27734375,False,549
252527::056.swc,1373,1372,16400.41015625,29847.72265625,19309.5,False,549
252527::056.swc,1374,1373,16404.58984375,29845.84375,19309.5,False,549
252527::056.swc,1375,1374,16409.7890625,29845.515625,19302.953125,False,549
252527::056.swc,1376,1375,16415.9140625,29843.35546875,19294.30859375,False,549
252527::056.swc,1377,1376,16421.9375,29838.8125,19286.33203125,False,549
252527::056.swc,1378,1377,16426.63671875,29836.23828125,19284.9453125,False,549
252527::056.swc,1379,1378,16430.3671875,29835.59375,19281.4609375,False,549
252527::056.swc,1380,1379,16434.90234375,29832.33984375,19279.9453125,False,549
252527::056.swc,1381,1380,16436.81640625,29830.80859375,19281.83203125,False,549
252527::056.swc,1382,1381,16441.9375,29827.48828125,19275.53515625,False,549
252527::056.swc,1383,1382,16445.78515625,29821.625,19273.5,False,549
252527::056.swc,1384,1383,16453.22265625,29814.8671875,19273.109375,False,549
252527::056.swc,1385,1384,16456.4921875,29812.1953125,19271.22265625,False,549
252527::056.swc,1386,1083,16224.7578125,30062.48046875,19142.91015625,False,549
252527::056.swc,1387,1386,16220.20703125,30064.7265625,19153.88671875,False,549
252527::056.swc,1388,1387,16216.453125,30065.09765625,19161.2109375,False,549
252527::056.swc,1389,1388,16212.25,30063.92578125,19170.015625,False,549
252527::056.swc,1390,1389,16207.09765625,30063.6484375,19183.2265625,False,549
252527::056.swc,1391,1390,16201.30078125,30063.33984375,19194.0625,False,549
252527::056.swc,1392,1083,16233.265625,30059.21484375,19141.76171875,False,549
252527::056.swc,1393,1392,16237.71484375,30060.5625,19151.58984375,False,549
252527::056.swc,1394,1393,16241.80859375,30064.3984375,19162.8671875,False,549
252527::056.swc,1395,1394,16242.109375,30067.16015625,19167.625,False,549
252527::056.swc,1396,1395,16246.62890625,30071.51953125,19182.65625,False,549
252527::056.swc,1397,1396,16250.23046875,30074.34765625,19189.5,False,549
252527::056.swc,1398,1397,16252.47265625,30076.84375,19189.5,False,549
252527::056.swc,1399,1398,16255.46484375,30079.6640625,19193.87109375,False,549
252527::056.swc,1400,1399,16256.1328125,30080.89453125,19200.08203125,False,549
252527::056.swc,1401,1109,16151.828125,30212.96484375,18876.5234375,False,549
252527::056.swc,1402,1401,16148.40234375,30213.5625,18872.31640625,False,549
252527::056.swc,1403,1402,16141.1953125,30213.20703125,18869.796875,False,549
252527::056.swc,1404,1403,16137.97265625,30213.53125,18866.703125,False,549
252527::056.swc,1405,1404,16135.55078125,30211.80859375,18859.15234375,False,549
252527::056.swc,1406,1405,16132.34375,30208.625,18855.6640625,False,549
252527::056.swc,1407,1406,16129.28125,30207.7734375,18848.6796875,False,549
252527::056.swc,1408,1407,16127.1875,30208.2421875,18838.5078125,False,549
252527::056.swc,1409,1408,16125.34375,30210.4296875,18832.35546875,False,549
252527::056.swc,1410,1409,16122.1640625,30210.7578125,18825.90625,False,549
252527::056.swc,1411,1410,16118.2421875,30211.0625,18822.921875,False,549
252527::056.swc,1412,1411,16115.3671875,30213.3203125,18818.4375,False,549
252527::056.swc,1413,1412,16113.7890625,30216.1328125,18812.3046875,False,549
252527::056.swc,1414,1413,16110.59765625,30217.3515625,18803.640625,False,549
252527::056.swc,1415,1414,16106.4765625,30216.84765625,18797.03515625,False,549
252527::056.swc,1416,1415,16101.1640625,30217.62109375,18793.40234375,False,549
252527::056.swc,1417,1416,16096.58984375,30216.5,18791.84765625,False,549
252527::056.swc,1418,1109,16150.77734375,30213.4765625,18891.8125,False,549
252527::056.swc,1419,1418,16150.36328125,30214.6796875,18897.68359375,False,549
252527::056.swc,1420,1419,16145.89453125,30218.98046875,18902.44140625,False,549
252527::056.swc,1421,1420,16136.64453125,30224.75390625,18907.48046875,False,549
252527::056.swc,1422,1421,16127.24609375,30228.91796875,18915.28125,False,549
252527::056.swc,1423,1422,16124.39453125,30233.01953125,18920.33984375,False,549
252527::056.swc,1424,1423,16123.58984375,30241.96484375,18925.421875,False,549
252527::056.swc,1425,1424,16121.578125,30247.16015625,18930.44140625,False,549
252527::056.swc,1426,1425,16116.66015625,30253.5,18934.9921875,False,549
252527::056.swc,1427,1426,16114.0234375,30255.26953125,18938.25,False,549
252527::056.swc,1428,1427,16109.5390625,30260.5078125,18942.41796875,False,549
252527::056.swc,1429,1428,16106.90234375,30264.7421875,18946.93359375,False,549
252527::056.swc,1430,1429,16104.21875,30266.1640625,18949.66796875,False,549
252527::056.swc,1431,1430,16102.92578125,30270.2421875,18952.16796875,False,549
252527::056.swc,1432,1431,16103.2109375,30276.3828125,18954.984375,False,549
252527::056.swc,1433,1432,16104.84765625,30279.55078125,18958.27734375,False,549
252527::056.swc,1434,1433,16108.89453125,30281.72265625,18958.5,False,549
252527::056.swc,1435,1434,16111.625,30285.421875,18960.53515625,False,549
252527::056.swc,1436,1435,16110.79296875,30287.40625,18963.5859375,True,549
252527::056.swc,1437,1234,16369.84765625,30099.109375,18825.65625,False,549
252527::056.swc,1438,1437,16373.31640625,30106.4453125,18825.87109375,False,549
252527::056.swc,1439,1438,16375.3984375,30114.62890625,18824.23046875,False,549
252527::056.swc,1440,1439,16377.84765625,30123.5078125,18826.0,False,549
252527::056.swc,1441,1440,16379.84375,30134.6015625,18826.5,False,549
252527::056.swc,1442,1441,16380.2578125,30146.296875,18825.96875,False,549
252527::056.swc,1443,1442,16379.703125,30152.70703125,18824.0234375,False,549
252527::056.swc,1444,1443,16379.60546875,30171.875,18823.51953125,False,549
252527::056.swc,1445,1444,16378.84375,30178.48828125,18823.5,False,549
252527::056.swc,1446,1234,16367.34765625,30095.60546875,18819.16796875,False,549
252527::056.swc,1447,1446,16367.953125,30091.71484375,18817.5,False,549
252527::056.swc,1448,1447,16369.53125,30088.82421875,18813.91796875,False,549
252527::056.swc,1449,1448,16369.90625,30087.00390625,18805.99609375,False,549
252527::056.swc,1450,1449,16369.54296875,30083.828125,18799.390625,False,549
252527::056.swc,1451,1450,16367.3828125,30079.34375,18794.2109375,False,549
252527::056.swc,1452,1451,16365.62109375,30074.24609375,18791.62890625,False,549
252527::056.swc,1453,1452,16364.7265625,30071.92578125,18787.5,False,549
252527::056.swc,1454,1238,16371.046875,30036.57421875,18790.28515625,False,549
252527::056.swc,1455,1454,16372.99609375,30037.4765625,18785.0,False,549
252527::056.swc,1456,1238,16364.0859375,30025.40625,18791.01171875,False,549
252527::056.swc,1457,1456,16363.6015625,30014.45703125,18786.421875,False,549
252527::056.swc,1458,1457,16362.6953125,30004.00390625,18784.5,False,549
252527::056.swc,1459,1240,16346.46484375,30006.51953125,18845.22265625,False,549
252527::056.swc,1460,1459,16345.875,30004.23046875,18835.3046875,False,549
252527::056.swc,1461,1240,16350.8671875,30012.96484375,18847.9921875,False,549
252527::056.swc,1462,1461,16352.9921875,30017.47265625,18847.5,False,549
252527::056.swc,1463,1462,16355.8828125,30025.57421875,18849.2578125,False,549
252527::056.swc,1464,1463,16360.8359375,30031.96484375,18850.83203125,False,549
252527::056.swc,1465,1464,16365.2421875,30036.625,18853.16796875,False,549
252527::056.swc,1466,1465,16371.19140625,30044.38671875,18854.66796875,False,549
252527::056.swc,1467,1466,16373.64453125,30047.96484375,18856.33203125,False,549
252527::056.swc,1468,1467,16378.09375,30055.625,18857.30859375,False,549
252527::056.swc,1469,1468,16382.546875,30063.28515625,18858.28515625,False,549
252527::056.swc,1470,1469,16387.0,30070.9453125,18859.265625,False,549
252527::056.swc,1471,1470,16391.44921875,30078.609375,18860.2421875,False,549
252527::056.swc,1472,1471,16395.8984375,30086.26953125,18861.21875,False,549
252527::056.swc,1473,1472,16400.3515625,30093.9296875,18862.1953125,False,549
252527::056.swc,1474,1473,16409.97265625,30101.41015625,18862.49609375,False,549
252527::056.swc,1475,1474,16421.06640625,30115.28125,18862.5,False,549
252527::056.swc,1476,1475,16435.4921875,30133.68359375,18862.5,False,549
252527::056.swc,1477,1476,16442.6171875,30144.1875,18861.90234375,False,549
252527::056.swc,1478,1477,16445.0234375,30149.0078125,18859.66796875,False,549
252527::056.swc,1479,1478,16447.95703125,30154.23046875,18859.26171875,False,549
252527::056.swc,1480,1479,16450.86328125,30158.7265625,18857.03515625,False,549
252527::056.swc,1481,1480,16459.078125,30172.7109375,18854.22265625,False,549
252527::056.swc,1482,1481,16464.30859375,30182.5390625,18851.34765625,False,549
252527::056.swc,1483,1482,16472.9921875,30203.84375,18850.0,False,549
252527::056.swc,1484,1483,16475.79296875,30211.60546875,18847.6484375,False,549
252527::056.swc,1485,1484,16480.2578125,30222.07421875,18847.5,False,549
252527::056.swc,1486,1485,16483.4765625,30228.2578125,18846.6953125,False,549
252527::056.swc,1487,1486,16483.56640625,30230.44140625,18844.859375,False,549
252527::056.swc,1488,1487,16483.71484375,30236.5546875,18844.5,False,549
252527::056.swc,1489,1488,16486.00390625,30240.1796875,18844.5,False,549
252527::056.swc,1490,1489,16494.3515625,30246.19140625,18845.7890625,False,549
252527::056.swc,1491,1255,16310.50390625,30047.69921875,18863.8984375,False,549
252527::056.swc,1492,1255,16308.37109375,30038.83203125,18858.1953125,False,549
252527::056.swc,1493,1492,16305.58203125,30038.7734375,18853.25,False,549
252527::056.swc,1494,1493,16303.0859375,30034.32421875,18849.70703125,False,549
252527::056.swc,1495,1494,16300.01171875,30026.39453125,18847.484375,False,549
252527::056.swc,1496,1495,16298.42578125,30023.17578125,18844.5,False,549
252527::056.swc,1497,1496,16296.984375,30022.05859375,18841.890625,False,549
252527::056.swc,1498,1497,16294.74609375,30016.34765625,18841.5,False,549
252527::056.swc,1499,1498,16289.30859375,30010.54296875,18842.47265625,False,549
252527::056.swc,1500,1499,16283.1875,30008.17578125,18845.07421875,False,549
252527::056.swc,1501,1500,16279.6328125,30006.6953125,18842.33203125,False,549
252527::056.swc,1502,1501,16277.484375,30003.3828125,18841.5,False,549
252527::056.swc,1503,1502,16276.1875,29999.6640625,18836.2890625,False,549
252527::056.swc,1504,1503,16275.7734375,29997.5859375,18826.09765625,False,549
252527::056.swc,1505,1504,16276.59765625,29996.16796875,18820.5,False,549
252527::056.swc,1506,1505,16278.21484375,29991.88671875,18818.5,False,549
252527::056.swc,1507,1506,16279.33203125,29986.8046875,18813.58984375,False,549
252527::056.swc,1508,1507,16278.05078125,29981.4296875,18810.0703125,False,549
252527::056.swc,1509,1508,16276.9296875,29976.81640625,18802.49609375,False,549
252527::056.swc,1510,1509,16278.0625,29971.75,18789.48046875,False,549
252527::056.swc,1511,1510,16279.41796875,29964.01953125,18778.53125,False,549
252527::056.swc,1512,1264,16412.6171875,29992.875,18904.41796875,False,549
252527::056.swc,1513,1512,16422.8515625,29991.30078125,18902.64453125,False,549
252527::056.swc,1514,1513,16432.77734375,29989.08984375,18898.43359375,False,549
252527::056.swc,1515,1514,16446.140625,29981.57421875,18893.54296875,False,549
252527::056.swc,1516,1515,16453.2421875,29973.68359375,18889.68359375,False,549
252527::056.swc,1517,1516,16462.671875,29969.47265625,18884.453125,False,549
252527::056.swc,1518,1517,16471.58203125,29968.6171875,18882.61328125,False,549
252527::056.swc,1519,1518,16475.61328125,29966.87890625,18880.61328125,False,549
252527::056.swc,1520,1519,16481.86328125,29963.3046875,18880.5,False,549
252527::056.swc,1521,1520,16494.16796875,29949.62890625,18870.53515625,False,549
252527::056.swc,1522,1521,16501.390625,29941.5625,18868.5,False,549
252527::056.swc,1523,1522,16508.4296875,29938.0234375,18867.37890625,False,549
252527::056.swc,1524,1523,16515.14453125,29933.78515625,18861.83984375,False,549
252527::056.swc,1525,1524,16521.453125,29929.00390625,18858.5546875,False,549
252527::056.swc,1526,1525,16522.65625,29928.2734375,18855.3046875,False,549
252527::056.swc,1527,1526,16528.80859375,29925.96875,18853.5,False,549
252527::056.swc,1528,1527,16536.84765625,29921.578125,18852.390625,False,549
252527::056.swc,1529,1528,16542.9765625,29917.6640625,18849.25,False,549
252527::056.swc,1530,1529,16558.125,29907.12109375,18845.515625,False,549
252527::056.swc,1531,1530,16565.80078125,29904.046875,18842.2421875,False,549
252527::056.swc,1532,1531,16573.7734375,29900.87109375,18841.17578125,False,549
252527::056.swc,1533,1532,16576.69921875,29899.05859375,18838.0,False,549
252527::056.swc,1534,1533,16582.08984375,29897.1640625,18835.5,False,549
252527::056.swc,1535,1534,16590.1015625,29894.015625,18834.98828125,False,549
252527::056.swc,1536,1535,16595.08984375,29889.76953125,18832.26171875,False,549
252527::056.swc,1537,1536,16604.75,29883.2578125,18829.5,False,549
252527::056.swc,1538,1537,16609.96875,29879.578125,18829.5,False,549
252527::056.swc,1539,1264,16410.82421875,29992.4296875,18885.9453125,False,549
252527::056.swc,1540,1539,16414.96875,29992.69921875,18866.8984375,False,549
252527::056.swc,1541,1540,16418.63671875,29993.5,18859.5,False,549
252527::056.swc,1542,1541,16422.22265625,29995.66015625,18854.01171875,False,549
252527::056.swc,1543,1542,16425.60546875,29995.94921875,18850.7265625,False,549
252527::056.swc,1544,1543,16427.69140625,29995.87890625,18844.265625,False,549
252527::056.swc,1545,1544,16431.546875,29996.43359375,18840.19921875,False,549
252527::056.swc,1546,1545,16434.75,29997.08203125,18832.98828125,False,549
252527::056.swc,1547,1546,16437.99609375,29996.74609375,18828.42578125,False,549
252527::056.swc,1548,1547,16442.40625,29996.8828125,18820.0078125,False,549
252527::056.swc,1549,1548,16446.671875,29995.63671875,18810.98828125,False,549
252527::056.swc,1550,1549,16451.66015625,29993.21875,18804.5703125,False,549
252527::056.swc,1551,1550,16453.703125,29990.01953125,18796.39453125,False,549
252527::056.swc,1552,1551,16455.0546875,29984.5625,18793.23046875,False,549
252527::056.swc,1553,1552,16456.88671875,29977.82421875,18787.0625,False,549
252527::056.swc,1554,1553,16457.0234375,29974.5234375,18783.046875,False,549
252527::056.swc,1555,1269,16353.78515625,29992.07421875,18935.41796875,False,549
252527::056.swc,1556,1555,16351.96484375,29987.83203125,18937.9453125,False,549
252527::056.swc,1557,1556,16351.68359375,29982.875,18942.05078125,False,549
252527::056.swc,1558,1557,16350.93359375,29974.7265625,18944.63671875,False,549
252527::056.swc,1559,1558,16349.6640625,29968.37890625,18951.40234375,False,549
252527::056.swc,1560,1559,16350.046875,29966.27734375,18960.6015625,False,549
252527::056.swc,1561,1560,16348.90625,29966.4609375,18967.5,False,549
252527::056.swc,1562,1561,16347.96484375,29968.48828125,18969.87890625,False,549
252527::056.swc,1563,1562,16345.57421875,29972.95703125,18984.6484375,False,549
252527::056.swc,1564,1563,16341.83203125,29976.05078125,18997.69921875,False,549
252527::056.swc,1565,1564,16338.55078125,29978.76953125,19013.90234375,False,549
252527::056.swc,1566,1565,16333.32421875,29980.1171875,19028.04296875,False,549
252527::056.swc,1567,1566,16330.89453125,29981.10546875,19037.76953125,False,549
252527::056.swc,1568,1567,16328.16015625,29981.1484375,19042.5,False,549
252527::056.swc,1569,1568,16324.43359375,29981.984375,19054.94140625,False,549
252527::056.swc,1570,1569,16323.1484375,29986.1171875,19062.1875,False,549
252527::056.swc,1571,1570,16321.78125,29987.58984375,19069.671875,False,549
252527::056.swc,1572,1571,16318.84375,29986.46875,19073.89453125,False,549
252527::056.swc,1573,1572,16316.734375,29987.984375,19079.54296875,False,549
252527::056.swc,1574,1573,16316.4296875,29989.98828125,19091.8828125,False,549
252527::056.swc,1575,1574,16314.71875,29992.66796875,19106.1015625,False,549
252527::056.swc,1576,1575,16313.70703125,29996.19140625,19116.23828125,False,549
252527::056.swc,1577,1576,16311.2890625,29999.26953125,19132.33984375,False,549
252527::056.swc,1578,1577,16308.34375,30001.15625,19145.1015625,False,549
252527::056.swc,1579,1578,16305.75390625,30002.85546875,19161.4765625,False,549
252527::056.swc,1580,1579,16302.4921875,30004.23828125,19179.078125,False,549
252527::056.swc,1581,1269,16351.40234375,29994.59375,18926.390625,False,549
252527::056.swc,1582,1581,16345.1640625,29992.53125,18932.2421875,False,549
252527::056.swc,1583,1582,16339.828125,29992.11328125,18939.4296875,False,549
252527::056.swc,1584,1583,16335.91796875,29991.71484375,18948.484375,False,549
252527::056.swc,1585,1584,16332.171875,29993.13671875,18953.58984375,False,549
252527::056.swc,1586,1585,16328.95703125,29993.0703125,18959.57421875,False,549
252527::056.swc,1587,1586,16325.40234375,29991.32421875,18971.67578125,False,549
252527::056.swc,1588,1587,16321.87109375,29991.56640625,18983.109375,False,549
252527::056.swc,1589,1588,16316.8828125,29992.66015625,18991.78125,False,549
252527::056.swc,1590,1589,16312.7109375,29994.03515625,19005.15625,False,549
252527::056.swc,1591,1590,16308.5625,29994.85546875,19018.55078125,False,549
252527::056.swc,1592,1591,16303.0390625,29994.75390625,19033.58984375,False,549
252527::056.swc,1593,1592,16296.71484375,29996.5,19051.140625,False,549
252527::056.swc,1594,1593,16294.44140625,29998.23046875,19064.6328125,False,549
252527::056.swc,1595,1594,16291.55859375,29998.9609375,19074.3359375,False,549
252527::056.swc,1596,1595,16290.625,29999.9453125,19084.9140625,False,549
252527::056.swc,1597,1596,16290.5625,30001.81640625,19092.8515625,False,549
252527::056.swc,1598,1597,16289.6171875,30002.359375,19103.28125,False,549
252527::056.swc,1599,1598,16288.9609375,29999.70703125,19110.36328125,False,549
252527::056.swc,1600,1599,16287.484375,29998.42578125,19120.47265625,False,549
252527::056.swc,1601,1600,16286.01171875,29999.5078125,19131.85546875,False,549
252527::056.swc,1602,1601,16285.42578125,30000.34765625,19145.3203125,False,549
252527::056.swc,1603,1602,16283.59765625,30000.7421875,19158.84375,False,549
252527::056.swc,1604,1603,16280.8203125,30001.70703125,19166.46875,False,549
252527::056.swc,1605,1604,16278.7578125,30002.28125,19179.22265625,False,549
252527::056.swc,1606,1605,16278.64453125,30002.10546875,19192.5234375,False,549
252527::056.swc,1607,1606,16278.05859375,30003.67578125,19203.875,False,549
252527::056.swc,1608,1607,16274.92578125,30006.7734375,19216.0,False,549
252527::056.swc,1609,1608,16273.1796875,30007.57421875,19225.5,False,549
252527::056.swc,1610,1609,16271.6171875,30006.8046875,19240.421875,False,549
252527::056.swc,1611,1610,16268.7578125,30004.953125,19251.4765625,False,549
252527::056.swc,1612,1611,16265.91796875,30003.83984375,19256.75,False,549
252527::056.swc,1613,1612,16263.32421875,30003.0234375,19266.83203125,False,549
252527::056.swc,1614,1613,16262.17578125,30003.4296875,19275.70703125,False,549
252527::056.swc,1615,1614,16259.34765625,30004.4296875,19286.92578125,False,549
252527::056.swc,1616,1615,16256.98828125,30004.91796875,19300.5,False,549
252527::056.swc,1617,1616,16254.87890625,30004.4140625,19308.109375,False,549
252527::056.swc,1618,1272,16354.6875,30083.37109375,18972.828125,False,549
252527::056.swc,1619,1618,16353.78515625,30089.6015625,18978.46875,False,549
252527::056.swc,1620,1619,16353.67578125,30092.4921875,18983.25,False,549
252527::056.swc,1621,1620,16351.984375,30093.06640625,18990.6484375,False,549
252527::056.swc,1622,1621,16348.12109375,30092.9921875,18999.3515625,False,549
252527::056.swc,1623,1622,16344.03125,30096.62890625,19007.234375,False,549
252527::056.swc,1624,1623,16343.15625,30100.390625,19016.390625,False,549
252527::056.swc,1625,1624,16344.23046875,30102.66015625,19027.06640625,False,549
252527::056.swc,1626,1625,16344.9296875,30102.6484375,19034.1171875,False,549
252527::056.swc,1627,1626,16345.46484375,30100.203125,19043.453125,False,549
252527::056.swc,1628,1627,16346.27734375,30100.125,19052.125,False,549
252527::056.swc,1629,1628,16344.03515625,30099.62890625,19057.5,False,549
252527::056.swc,1630,1629,16339.04296875,30099.8671875,19061.46875,False,549
252527::056.swc,1631,1630,16335.58984375,30101.15234375,19069.578125,False,549
252527::056.swc,1632,1631,16332.57421875,30104.90625,19076.51953125,False,549
252527::056.swc,1633,1632,16329.578125,30106.4296875,19081.33203125,False,549
252527::056.swc,1634,1633,16328.578125,30106.43359375,19087.4921875,False,549
252527::056.swc,1635,1634,16326.01171875,30104.13671875,19096.8359375,False,549
252527::056.swc,1636,1635,16322.05859375,30103.01953125,19102.15234375,False,549
252527::056.swc,1637,1636,16320.5234375,30103.125,19107.5,True,549
252527::056.swc,1638,1272,16351.76171875,30070.71875,18966.25390625,False,549
252527::056.swc,1639,1638,16352.75,30067.953125,18970.203125,False,549
252527::056.swc,1640,1639,16353.31640625,30066.1796875,18977.98828125,False,549
252527::056.swc,1641,1640,16352.80078125,30066.36328125,18987.609375,False,549
252527::056.swc,1642,1641,16353.70703125,30065.328125,18996.89453125,False,549
252527::056.swc,1643,1642,16354.6015625,30061.6953125,19002.98046875,False,549
252527::056.swc,1644,1643,16355.2421875,30058.92578125,19015.390625,False,549
252527::056.swc,1645,1644,16355.6015625,30058.92578125,19021.5,False,549
252527::056.swc,1646,1645,16354.60546875,30063.15625,19024.203125,False,549
252527::056.swc,1647,1646,16352.83203125,30065.42578125,19030.75390625,False,549
252527::056.swc,1648,1647,16350.4375,30065.640625,19036.37890625,True,549
252527::056.swc,1649,1322,16380.52734375,30078.09375,18931.09375,False,549
252527::056.swc,1650,1649,16380.62109375,30084.99609375,18932.1640625,False,549
252527::056.swc,1651,1650,16377.7734375,30090.24609375,18934.09375,False,549
252527::056.swc,1652,1651,16373.796875,30101.0703125,18935.453125,False,549
252527::056.swc,1653,1652,16371.31640625,30106.16796875,18937.26953125,False,549
252527::056.swc,1654,1653,16364.11328125,30110.35546875,18937.49609375,False,549
252527::056.swc,1655,1654,16356.55078125,30113.94921875,18940.28125,False,549
252527::056.swc,1656,1655,16353.3984375,30115.6015625,18946.9140625,False,549
252527::056.swc,1657,1656,16351.69140625,30120.625,18953.87890625,False,549
252527::056.swc,1658,1657,16350.14453125,30127.4453125,18959.26171875,False,549
252527::056.swc,1659,1658,16347.9921875,30138.75390625,18963.4609375,False,549
252527::056.swc,1660,1659,16346.84765625,30157.16796875,18964.5,False,549
252527::056.swc,1661,1660,16344.953125,30168.13671875,18965.0,False,549
252527::056.swc,1662,1661,16342.03125,30174.4921875,18968.61328125,False,549
252527::056.swc,1663,1662,16336.8984375,30182.82421875,18971.61328125,False,549
252527::056.swc,1664,1663,16332.83203125,30189.8671875,18978.50390625,False,549
252527::056.swc,1665,1664,16331.375,30195.29296875,18985.2578125,False,549
252527::056.swc,1666,1665,16330.41015625,30199.01171875,18987.66796875,False,549
252527::056.swc,1667,1666,16329.11328125,30210.390625,18990.5234375,False,549
252527::056.swc,1668,1667,16328.8671875,30214.21875,18993.8984375,False,549
252527::056.swc,1669,1668,16328.375,30221.38671875,18995.4296875,False,549
252527::056.swc,1670,1669,16327.87109375,30227.109375,19000.6640625,False,549
252527::056.swc,1671,1670,16326.515625,30236.21875,19004.5,False,549
252527::056.swc,1672,1671,16325.84765625,30240.3203125,19008.66796875,False,549
252527::056.swc,1673,1672,16323.04296875,30246.1796875,19009.5,False,549
252527::056.swc,1674,1673,16321.02734375,30253.7109375,19012.47265625,False,549
252527::056.swc,1675,1674,16320.19140625,30257.10546875,19018.1953125,False,549
252527::056.swc,1676,1675,16318.2421875,30260.20703125,19021.5,False,549
252527::056.swc,1677,1676,16316.04296875,30265.97265625,19022.54296875,False,549
252527::056.swc,1678,1677,16312.6796875,30273.26171875,19025.7421875,False,549
252527::056.swc,1679,1678,16309.1875,30284.28125,19027.6484375,False,549
252527::056.swc,1680,1679,16307.4453125,30290.5859375,19030.3515625,False,549
252527::056.swc,1681,1680,16305.65234375,30298.2265625,19030.5,False,549
252527::056.swc,1682,1681,16302.92578125,30308.42578125,19039.29296875,False,549
252527::056.swc,1683,1682,16302.0546875,30320.875,19044.58203125,False,549
252527::056.swc,1684,1683,16301.73046875,30335.83203125,19046.85546875,False,549
252527::056.swc,1685,1684,16301.6484375,30343.19140625,19050.36328125,False,549
252527::056.swc,1686,1685,16300.765625,30353.35546875,19051.5,False,549
252527::056.swc,1687,1686,16298.78125,30362.64453125,19052.51953125,False,549
252527::056.swc,1688,1687,16297.44921875,30367.02734375,19057.67578125,False,549
252527::056.swc,1689,1688,16296.33203125,30376.2734375,19061.59375,False,549
252527::056.swc,1690,1689,16291.265625,30387.50390625,19068.51171875,False,549
252527::056.swc,1691,1690,16289.66796875,30394.8359375,19073.60546875,False,549
252527::056.swc,1692,1691,16287.7109375,30404.49609375,19076.78125,False,549
252527::056.swc,1693,1692,16284.796875,30409.74609375,19079.5,False,549
252527::056.swc,1694,1693,16284.8984375,30417.38671875,19081.5,False,549
252527::056.swc,1695,1694,16288.3046875,30424.72265625,19081.5,False,549
252527::056.swc,1696,1695,16289.171875,30433.484375,19081.5,False,549
252527::056.swc,1697,1696,16287.859375,30447.56640625,19081.5,False,549
252527::056.swc,1698,1697,16286.0234375,30452.05078125,19082.1484375,False,549
252527::056.swc,1699,1698,16285.73828125,30456.0,19086.06640625,False,549
252527::056.swc,1700,1699,16287.7109375,30463.6484375,19088.73046875,False,549
252527::056.swc,1701,1700,16289.46875,30469.1796875,19088.77734375,False,549
252527::056.swc,1702,1701,16299.80078125,30490.734375,19082.0703125,False,549
252527::056.swc,1703,1702,16304.59765625,30504.30859375,19079.328125,False,549
252527::056.swc,1704,1703,16308.88671875,30515.13671875,19075.5703125,False,549
252527::056.swc,1705,1704,16312.2421875,30521.875,19070.8515625,False,549
252527::056.swc,1706,1705,16316.04296875,30531.40234375,19069.12109375,False,549
252527::056.swc,1707,1706,16319.546875,30539.89453125,19064.453125,False,549
252527::056.swc,1708,1707,16323.7890625,30544.875,19058.91796875,False,549
252527::056.swc,1709,1708,16332.296875,30553.9921875,19056.91015625,False,549
252527::056.swc,1710,1709,16336.890625,30557.14453125,19050.8984375,False,549
252527::056.swc,1711,1710,16339.99609375,30563.05859375,19045.48046875,False,549
252527::056.swc,1712,1711,16346.234375,30573.25390625,19039.90234375,False,549
252527::056.swc,1713,1712,16354.359375,30584.0078125,19035.30078125,False,549
252527::056.swc,1714,1713,16358.32421875,30592.5078125,19031.796875,False,549
252527::056.swc,1715,1714,16363.30859375,30600.83203125,19029.21484375,False,549
252527::056.swc,1716,1715,16368.82421875,30605.58203125,19027.5,False,549
252527::056.swc,1717,1716,16374.38671875,30610.98046875,19027.04296875,False,549
252527::056.swc,1718,1717,16378.66015625,30616.125,19024.67578125,False,549
252527::056.swc,1719,1718,16382.12890625,30622.59765625,19025.22265625,False,549
252527::056.swc,1720,1719,16384.0,30625.36328125,19027.33203125,False,549
252527::056.swc,1721,1720,16386.97265625,30628.10546875,19026.56640625,False,549
252527::056.swc,1722,1721,16391.19921875,30631.4921875,19022.41796875,False,549
252527::056.swc,1723,1722,16398.3359375,30638.53515625,19021.5,False,549
252527::056.swc,1724,1322,16388.3671875,30083.9453125,18933.2109375,False,549
252527::056.swc,1725,1724,16396.4140625,30087.4375,18938.328125,False,549
252527::056.swc,1726,1725,16404.37109375,30091.66796875,18941.56640625,False,549
252527::056.swc,1727,1726,16413.34375,30097.91796875,18947.01171875,False,549
252527::056.swc,1728,1727,16424.8671875,30104.73828125,18951.77734375,False,549
252527::056.swc,1729,1728,16433.015625,30109.0234375,18956.48046875,False,549
252527::056.swc,1730,1729,16440.640625,30112.10546875,18958.5,False,549
252527::056.swc,1731,1730,16448.04296875,30113.7890625,18962.83203125,False,549
252527::056.swc,1732,1731,16455.71484375,30117.23828125,18967.046875,False,549
252527::056.swc,1733,1732,16463.35546875,30119.29296875,18969.3515625,False,549
252527::056.swc,1734,1733,16467.90234375,30120.23828125,18972.79296875,False,549
252527::056.swc,1735,1734,16477.12109375,30122.59375,18974.55859375,False,549
252527::056.swc,1736,1735,16484.703125,30123.73046875,18978.36328125,False,549
252527::056.swc,1737,1736,16489.7265625,30126.6171875,18980.87890625,False,549
252527::056.swc,1738,1737,16497.7265625,30129.00390625,18986.3359375,False,549
252527::056.swc,1739,1738,16507.12109375,30131.80859375,18990.0,False,549
252527::056.swc,1740,1739,16513.375,30136.140625,18992.33203125,False,549
252527::056.swc,1741,1740,16514.55078125,30137.55078125,18996.0,False,549
252527::056.swc,1742,1741,16525.4609375,30143.484375,18998.74609375,False,549
252527::056.swc,1743,1742,16536.1015625,30150.5078125,19004.953125,False,549
252527::056.swc,1744,1743,16544.86328125,30157.9296875,19010.17578125,False,549
252527::056.swc,1745,1744,16552.26171875,30164.6171875,19019.265625,False,549
252527::056.swc,1746,1745,16557.984375,30169.8671875,19023.375,False,549
252527::056.swc,1747,1746,16563.31640625,30173.109375,19024.5,False,549
252527::056.swc,1748,1322,16382.8515625,30072.58984375,18921.4296875,False,549
252527::056.swc,1749,1748,16384.69921875,30066.74609375,18918.97265625,False,549
252527::056.swc,1750,1749,16385.4765625,30063.16796875,18915.90625,False,549
252527::056.swc,1751,1750,16386.74609375,30062.47265625,18908.19140625,False,549
252527::056.swc,1752,1751,16391.08984375,30055.3515625,18902.7890625,False,549
252527::056.swc,1753,1752,16394.15234375,30046.4609375,18895.97265625,False,549
252527::056.swc,1754,1753,16397.36328125,30036.4453125,18890.05859375,False,549
252527::056.swc,1755,1754,16400.33203125,30027.7421875,18889.0,False,549
252527::056.swc,1756,1755,16402.953125,30023.609375,18886.6328125,False,549
252527::056.swc,1757,1756,16407.66796875,30020.4296875,18884.89453125,False,549
252527::056.swc,1758,1757,16412.7734375,30016.94140625,18880.50390625,False,549
252527::056.swc,1759,1758,16415.6640625,30013.12109375,18875.81640625,False,549
252527::056.swc,1760,1759,16416.57421875,30010.84375,18870.04296875,False,549
252527::056.swc,1761,1760,16416.3984375,30008.109375,18868.5,False,549
252527::056.swc,1762,1339,16348.36328125,30196.69921875,18928.16796875,False,549
252527::056.swc,1763,1762,16347.4921875,30204.83984375,18929.609375,False,549
252527::056.swc,1764,1763,16347.296875,30213.34375,18932.359375,False,549
252527::056.swc,1765,1764,16348.203125,30219.2890625,18936.62890625,False,549
252527::056.swc,1766,1765,16350.66796875,30230.140625,18937.5,False,549
252527::056.swc,1767,1766,16355.703125,30247.34375,18937.5,False,549
252527::056.swc,1768,1767,16359.25,30258.6953125,18938.2890625,False,549
252527::056.swc,1769,1768,16359.5234375,30263.828125,18940.17578125,False,549
252527::056.swc,1770,1769,16361.1796875,30276.23828125,18940.5,False,549
252527::056.swc,1771,1770,16362.828125,30285.6640625,18941.75,False,549
252527::056.swc,1772,1771,16363.421875,30289.6640625,18943.33203125,False,549
252527::056.swc,1773,1772,16364.5625,30299.1640625,18943.5,False,549
252527::056.swc,1774,1773,16365.375,30306.46875,18945.0,False,549
252527::056.swc,1775,1774,16365.375,30312.88671875,18949.5625,False,549
252527::056.swc,1776,1775,16365.375,30321.48046875,18951.96875,False,549
252527::056.swc,1777,1339,16351.609375,30197.0703125,18929.4453125,False,549
252527::056.swc,1778,1777,16354.69140625,30202.8046875,18932.43359375,False,549
252527::056.swc,1779,1778,16357.3046875,30204.6953125,18934.25,False,549
252527::056.swc,1780,1779,16364.15625,30208.578125,18934.5,False,549
252527::056.swc,1781,1780,16368.73828125,30213.21875,18935.1328125,False,549
252527::056.swc,1782,1781,16372.7890625,30217.02734375,18937.203125,False,549
252527::056.swc,1783,1782,16377.7734375,30221.1640625,18937.5,False,549
252527::056.swc,1784,1783,16382.58203125,30224.71484375,18940.0546875,False,549
252527::056.swc,1785,1784,16392.62109375,30230.6484375,18940.5,False,549
252527::056.swc,1786,1785,16404.91796875,30239.34765625,18940.5,False,549
252527::056.swc,1787,1786,16417.5390625,30245.4375,18940.38671875,False,549
252527::056.swc,1788,1787,16424.95703125,30247.50390625,18938.3984375,False,549
252527::056.swc,1789,1788,16431.2890625,30248.9609375,18939.44921875,False,549
252527::056.swc,1790,1789,16435.15234375,30251.30859375,18942.96875,False,549
252527::056.swc,1791,1790,16436.09375,30252.6953125,18948.83203125,False,549
252527::056.swc,1792,1791,16441.12890625,30258.05078125,18949.17578125,False,549
252527::056.swc,1793,1792,16449.43359375,30262.78515625,18947.91796875,False,549
252527::056.swc,1794,1793,16455.23046875,30267.14453125,18949.33203125,False,549
252527::056.swc,1795,1794,16468.0390625,30275.890625,18949.5,False,549
252527::056.swc,1796,1795,16478.98046875,30280.83984375,18950.1015625,False,549
252527::056.swc,1797,1796,16483.94140625,30282.05078125,18953.43359375,False,549
252527::056.swc,1798,1346,16226.55078125,30049.37109375,19294.828125,False,549
252527::056.swc,1799,1798,16225.44140625,30047.49609375,19305.671875,False,549
252527::056.swc,1800,1799,16224.18359375,30046.4140625,19319.9921875,False,549
252527::056.swc,1801,1800,16222.13671875,30046.46484375,19335.17578125,False,549
252527::056.swc,1802,1346,16229.42578125,30050.796875,19290.92578125,False,549
252527::056.swc,1803,1802,16230.41796875,30056.203125,19295.63671875,False,549
252527::056.swc,1804,1803,16232.0,30065.0078125,19299.40234375,False,549
252527::056.swc,1805,1804,16232.59765625,30069.3515625,19304.29296875,False,549
252527::056.swc,1806,1805,16233.58984375,30078.5625,19310.84765625,False,549
252527::056.swc,1807,1806,16234.0859375,30086.109375,19318.39453125,False,549
252527::056.swc,1808,1807,16234.59765625,30090.359375,19325.1796875,False,549
252527::056.swc,1809,1808,16235.5234375,30096.80078125,19330.04296875,False,549
252527::056.swc,1810,1809,16235.9375,30099.640625,19335.4453125,False,549
252527::056.swc,1811,1385,16455.84765625,29812.56640625,19276.8203125,False,549
252527::056.swc,1812,1811,16456.47265625,29808.80078125,19283.125,False,549
252527::056.swc,1813,1812,16457.03515625,29802.8203125,19285.9140625,False,549
252527::056.swc,1814,1813,16458.8203125,29797.484375,19289.859375,False,549
252527::056.swc,1815,1814,16461.3125,29793.30078125,19291.5,False,549
252527::056.swc,1816,1815,16466.80078125,29787.62109375,19291.5,False,549
252527::056.swc,1817,1816,16472.96875,29783.42578125,19291.83203125,False,549
252527::056.swc,1818,1817,16480.2265625,29779.00390625,19294.16796875,False,549
252527::056.swc,1819,1818,16495.6796875,29769.59375,19295.41015625,False,549
252527::056.swc,1820,1819,16504.2265625,29766.58984375,19297.25,False,549
252527::056.swc,1821,1820,16512.60546875,29761.51171875,19297.93359375,False,549
252527::056.swc,1822,1821,16518.92578125,29758.6328125,19299.61328125,False,549
252527::056.swc,1823,1822,16521.375,29757.9765625,19297.5,False,549
252527::056.swc,1824,1823,16526.94140625,29753.3984375,19303.91796875,False,549
252527::056.swc,1825,1824,16537.1640625,29748.6875,19306.59765625,False,549
252527::056.swc,1826,1825,16547.19921875,29743.0078125,19310.93359375,False,549
252527::056.swc,1830,1385,16461.7890625,29809.515625,19272.54296875,False,549
252527::056.swc,1831,1830,16465.7890625,29809.78125,19275.71875,False,549
252527::056.swc,1832,1831,16470.08984375,29810.4609375,19267.4453125,False,549
252527::056.swc,1833,1832,16477.0,29810.76171875,19263.4765625,False,549
252527::056.swc,1834,1833,16480.86328125,29811.015625,19259.4296875,False,549
252527::056.swc,1835,1834,16485.8359375,29809.109375,19257.48828125,False,549
252527::056.swc,1836,1835,16489.390625,29807.05859375,19251.35546875,False,549
252527::056.swc,1837,1836,16495.32421875,29806.21484375,19248.83203125,False,549
252527::056.swc,1838,1837,16498.0859375,29806.07421875,19245.0,False,549
252527::056.swc,1839,1838,16506.6796875,29805.46875,19243.5,False,549
252527::056.swc,1840,1839,16513.28125,29803.41015625,19243.0,False,549
252527::056.swc,1841,1840,16514.875,29802.82421875,19240.5,False,549
252527::056.swc,1842,1391,16196.16015625,30062.4921875,19205.41015625,False,549
252527::056.swc,1843,1842,16192.3671875,30060.88671875,19211.66796875,False,549
252527::056.swc,1844,1843,16185.7890625,30059.703125,19219.546875,False,549
252527::056.swc,1845,1844,16180.26171875,30057.33984375,19228.23046875,False,549
252527::056.swc,1846,1845,16173.3359375,30056.96484375,19235.05078125,False,549
252527::056.swc,1847,1846,16169.9296875,30058.42578125,19238.0703125,False,549
252527::056.swc,1848,1847,16165.70703125,30058.92578125,19247.62109375,False,549
252527::056.swc,1849,1848,16161.93359375,30058.0625,19254.421875,False,549
252527::056.swc,1850,1849,16157.46875,30055.70703125,19260.15625,False,549
252527::056.swc,1851,1850,16154.05859375,30054.296875,19261.5,False,549
252527::056.swc,1852,1851,16150.2421875,30049.30078125,19269.3359375,False,549
252527::056.swc,1853,1852,16144.3203125,30039.0078125,19279.3125,False,549
252527::056.swc,1854,1853,16141.9765625,30031.16796875,19294.3203125,False,549
252527::056.swc,1855,1854,16139.8046875,30024.734375,19309.1328125,False,549
252527::056.swc,1856,1855,16136.1484375,30019.99609375,19319.37109375,False,549
252527::056.swc,1857,1856,16128.15234375,30014.11328125,19323.859375,False,549
252527::056.swc,1858,1857,16121.8203125,30008.91796875,19325.26953125,False,549
252527::056.swc,1859,1858,16119.375,30007.70703125,19331.046875,False,549
252527::056.swc,1860,1859,16120.8125,30010.39453125,19341.25,False,549
252527::056.swc,1861,1860,16119.640625,30012.9921875,19348.0859375,False,549
252527::056.swc,1862,1861,16117.75390625,30013.9296875,19353.7578125,False,549
252527::056.swc,1863,1862,16116.65234375,30012.828125,19361.87109375,False,549
252527::056.swc,1864,1863,16114.6796875,30009.75,19368.23828125,False,549
252527::056.swc,1865,1864,16111.79296875,30007.94140625,19373.0078125,False,549
252527::056.swc,1866,1865,16109.92578125,30007.984375,19380.76171875,False,549
252527::056.swc,1867,1866,16109.10546875,30008.09765625,19390.75,False,549
252527::056.swc,1868,1867,16107.16796875,30008.47265625,19398.05859375,False,549
252527::056.swc,1869,1868,16105.55078125,30011.296875,19404.09375,False,549
252527::056.swc,1870,1869,16102.1015625,30011.640625,19412.0078125,False,549
252527::056.swc,1871,1870,16098.65625,30011.98828125,19419.91796875,False,549
252527::056.swc,1872,1871,16095.2109375,30012.33203125,19427.83203125,False,549
252527::056.swc,1873,1872,16091.76171875,30012.6796875,19435.7421875,False,549
252527::056.swc,1874,1873,16088.3125,30013.0234375,19443.65625,False,549
252527::056.swc,1875,1874,16084.8671875,30013.3671875,19451.5703125,False,549
252527::056.swc,1876,1875,16081.421875,30013.71484375,19459.48046875,False,549
252527::056.swc,1877,1876,16077.97265625,30014.05859375,19467.39453125,False,549
252527::056.swc,1878,1877,16075.046875,30015.171875,19471.50390625,False,549
252527::056.swc,1879,1878,16073.4609375,30017.66015625,19478.0703125,False,549
252527::056.swc,1880,1879,16071.640625,30016.65625,19487.10546875,False,549
252527::056.swc,1881,1880,16071.0078125,30013.7421875,19490.17578125,False,549
252527::056.swc,1882,1881,16071.83203125,30009.890625,19498.44921875,False,549
252527::056.swc,1883,1882,16076.015625,30007.90234375,19503.91796875,False,549
252527::056.swc,1884,1883,16079.4140625,30006.75390625,19511.95703125,False,549
252527::056.swc,1885,1884,16081.796875,30006.875,19511.33203125,False,549
252527::056.swc,1886,1885,16083.8671875,30009.4921875,19515.74609375,False,549
252527::056.swc,1887,1886,16087.640625,30012.3046875,19517.5703125,False,549
252527::056.swc,1888,1887,16092.75,30011.85546875,19521.23828125,False,549
252527::056.swc,1889,1888,16096.87109375,30012.56640625,19526.87109375,False,549
252527::056.swc,1890,1889,16097.71875,30015.5625,19528.5,False,549
252527::056.swc,1891,1890,16098.1796875,30024.6875,19527.7109375,False,549
252527::056.swc,1892,1891,16098.49609375,30029.7734375,19525.82421875,False,549
252527::056.swc,1893,1892,16100.82421875,30036.3984375,19527.1484375,False,549
252527::056.swc,1894,1893,16102.87890625,30041.40625,19530.21875,False,549
252527::056.swc,1895,1894,16103.42578125,30042.78125,19535.66796875,False,549
252527::056.swc,1896,1895,16106.140625,30045.13671875,19537.5,False,549
252527::056.swc,1897,1896,16111.4375,30048.04296875,19537.5,False,549
252527::056.swc,1898,1897,16113.80078125,30049.609375,19539.9453125,False,549
252527::056.swc,1899,1898,16113.46484375,30048.94921875,19543.0546875,False,549
252527::056.swc,1900,1391,16197.0546875,30063.08203125,19206.83203125,False,549
252527::056.swc,1901,1900,16194.93359375,30063.84765625,19217.69921875,False,549
252527::056.swc,1902,1901,16192.296875,30066.51953125,19235.14453125,False,549
252527::056.swc,1903,1902,16191.32421875,30069.12890625,19249.90234375,False,549
252527::056.swc,1904,1903,16189.67578125,30072.7734375,19263.5,False,549
252527::056.swc,1905,1904,16187.1875,30074.578125,19277.0,False,549
252527::056.swc,1906,1905,16184.1640625,30077.39453125,19289.33203125,False,549
252527::056.swc,1907,1906,16181.26953125,30078.125,19302.34765625,False,549
252527::056.swc,1908,1907,16179.34765625,30077.8359375,19312.51953125,False,549
252527::056.swc,1909,1908,16175.88671875,30078.2265625,19323.4609375,False,549
252527::056.swc,1910,1909,16175.00390625,30079.42578125,19326.57421875,False,549
252527::056.swc,1911,1400,16262.9609375,30092.36328125,19205.390625,False,549
252527::056.swc,1912,1911,16271.234375,30104.9765625,19214.81640625,False,549
252527::056.swc,1913,1912,16278.94921875,30115.77734375,19222.296875,False,549
252527::056.swc,1914,1913,16284.578125,30125.66796875,19226.0625,False,549
252527::056.swc,1915,1914,16286.1875,30129.875,19229.37890625,False,549
252527::056.swc,1916,1915,16290.203125,30133.578125,19235.05078125,False,549
252527::056.swc,1917,1916,16295.625,30138.640625,19239.140625,False,549
252527::056.swc,1918,1917,16302.16796875,30144.98828125,19240.5,False,549
252527::056.swc,1919,1918,16311.69140625,30156.15234375,19241.25,False,549
252527::056.swc,1920,1919,16314.42578125,30159.6953125,19243.140625,False,549
252527::056.swc,1921,1920,16320.20703125,30165.70703125,19243.953125,False,549
252527::056.swc,1922,1921,16324.01953125,30169.05078125,19246.08203125,False,549
252527::056.swc,1923,1922,16325.57421875,30172.4140625,19250.83203125,False,549
252527::056.swc,1924,1923,16324.78125,30176.26953125,19253.2421875,False,549
252527::056.swc,1925,1924,16324.15625,30179.109375,19259.72265625,False,549
252527::056.swc,1926,1925,16323.4609375,30183.30078125,19261.5,False,549
252527::056.swc,1927,1926,16323.15234375,30190.140625,19262.41796875,False,549
252527::056.swc,1928,1927,16323.125,30192.5546875,19267.26171875,False,549
252527::056.swc,1929,1928,16323.31640625,30199.33203125,19272.5625,False,549
252527::056.swc,1930,1929,16324.375,30204.39453125,19278.453125,False,549
252527::056.swc,1931,1930,16325.05078125,30209.3203125,19280.5,False,549
252527::056.swc,1932,1931,16325.46875,30212.52734375,19285.203125,False,549
252527::056.swc,1933,1932,16327.26171875,30218.44140625,19289.078125,False,549
252527::056.swc,1934,1933,16329.99609375,30222.83984375,19291.5,False,549
252527::056.swc,1935,1934,16332.19140625,30228.79296875,19292.43359375,False,549
252527::056.swc,1936,1935,16332.91796875,30233.55859375,19295.171875,False,549
252527::056.swc,1937,1936,16333.98828125,30241.49609375,19297.5,False,549
252527::056.swc,1938,1937,16334.04296875,30252.60546875,19298.43359375,False,549
252527::056.swc,1939,1938,16331.04296875,30260.65234375,19301.3515625,False,549
252527::056.swc,1940,1939,16329.625,30269.2109375,19303.5,False,549
252527::056.swc,1941,1940,16330.8203125,30274.3828125,19307.69140625,False,549
252527::056.swc,1942,1941,16335.046875,30284.95703125,19311.609375,False,549
252527::056.swc,1943,1942,16338.80078125,30291.77734375,19316.60546875,False,549
252527::056.swc,1944,1943,16340.73046875,30299.171875,19322.05859375,False,549
252527::056.swc,1945,1944,16343.3203125,30305.79296875,19325.57421875,False,549
252527::056.swc,1946,1945,16345.921875,30313.91796875,19333.07421875,False,549
252527::056.swc,1947,1946,16348.15234375,30319.76953125,19339.93359375,False,549
252527::056.swc,1948,1947,16350.83984375,30326.953125,19343.0234375,False,549
252527::056.swc,1949,1948,16353.1953125,30333.671875,19348.3984375,False,549
252527::056.swc,1950,1949,16355.23828125,30340.35546875,19352.25,False,549
252527::056.swc,1951,1950,16355.29296875,30345.67578125,19355.5078125,False,549
252527::056.swc,1952,1951,16355.3515625,30348.609375,19359.91796875,False,549
252527::056.swc,1953,1952,16356.99609375,30356.5625,19360.97265625,False,549
252527::056.swc,1954,1953,16357.73046875,30361.53125,19365.05859375,False,549
252527::056.swc,1955,1954,16358.6953125,30368.73046875,19368.4609375,False,549
252527::056.swc,1956,1955,16361.09375,30375.60546875,19370.54296875,False,549
252527::056.swc,1957,1956,16363.91796875,30382.03515625,19376.79296875,False,549
252527::056.swc,1958,1957,16367.5703125,30393.08984375,19383.640625,False,549
252527::056.swc,1959,1958,16369.81640625,30400.17578125,19392.0,False,549
252527::056.swc,1960,1959,16370.4765625,30403.70703125,19393.5,False,549
252527::056.swc,1961,1960,16373.90625,30408.34765625,19393.5,False,549
252527::056.swc,1962,1961,16381.140625,30427.4140625,19400.5625,False,549
252527::056.swc,1963,1962,16385.171875,30441.2109375,19408.37109375,False,549
252527::056.swc,1964,1963,16386.76953125,30445.62890625,19414.66796875,False,549
252527::056.swc,1965,1964,16387.015625,30450.67578125,19417.5,False,549
252527::056.swc,1966,1965,16387.9375,30455.79296875,19418.33203125,False,549
252527::056.swc,1967,1966,16388.46875,30458.71875,19422.30078125,False,549
252527::056.swc,1968,1967,16388.69140625,30464.21484375,19425.6875,False,549
252527::056.swc,1969,1968,16387.65234375,30468.02734375,19429.97265625,False,549
252527::056.swc,1970,1969,16387.51171875,30474.23046875,19439.21875,False,549
252527::056.swc,1971,1970,16387.93359375,30482.234375,19447.79296875,False,549
252527::056.swc,1972,1971,16388.125,30491.30859375,19454.95703125,False,549
252527::056.swc,1973,1400,16256.91796875,30079.2421875,19206.01171875,False,549
252527::056.swc,1974,1973,16260.34375,30078.0703125,19209.734375,False,549
252527::056.swc,1975,1974,16264.19140625,30077.91796875,19216.40625,False,549
252527::056.swc,1976,1975,16269.59765625,30078.09375,19220.88671875,False,549
252527::056.swc,1977,1976,16274.234375,30076.8671875,19225.890625,False,549
252527::056.swc,1978,1977,16280.87890625,30073.69140625,19229.43359375,False,549
252527::056.swc,1979,1978,16286.69140625,30068.82421875,19233.96484375,False,549
252527::056.swc,1980,1979,16290.08203125,30067.70703125,19237.0546875,False,549
252527::056.swc,1981,1980,16295.24609375,30068.73046875,19237.5,False,549
252527::056.swc,1982,1981,16298.8125,30069.31640625,19240.92578125,False,549
252527::056.swc,1983,1982,16300.8671875,30071.0,19247.49609375,False,549
252527::056.swc,1984,1417,16093.28125,30216.73828125,18790.59765625,False,549
252527::056.swc,1985,1984,16086.65625,30219.546875,18790.796875,False,549
252527::056.swc,1986,1985,16082.31640625,30220.80859375,18792.83203125,False,549
252527::056.swc,1987,1986,16079.64453125,30219.7265625,18789.96484375,False,549
252527::056.swc,1988,1987,16078.34765625,30220.0859375,18785.33203125,False,549
252527::056.swc,1989,1417,16091.27734375,30215.8984375,18784.11328125,False,549
252527::056.swc,1990,1989,16086.21484375,30213.9140625,18778.921875,False,549
252527::056.swc,1991,1990,16081.640625,30214.578125,18772.11328125,False,549
252527::056.swc,1992,1991,16078.01171875,30213.5703125,18762.09765625,False,549
252527::056.swc,1993,1992,16079.28515625,30209.4375,18752.6015625,False,549
252527::056.swc,1994,1993,16080.93359375,30207.00390625,18741.42578125,False,549
252527::056.swc,1995,1994,16080.53515625,30203.83984375,18732.61328125,False,549
252527::056.swc,1996,1995,16077.8359375,30201.90234375,18728.77734375,False,549
252527::056.swc,1997,1996,16074.140625,30201.90625,18722.01953125,False,549
252527::056.swc,1998,1997,16070.6484375,30203.52734375,18719.23828125,False,549
252527::056.swc,1999,1998,16065.0234375,30206.23046875,18718.0,False,549
252527::056.swc,2000,1999,16059.921875,30204.9921875,18716.4140625,False,549
252527::056.swc,2001,2000,16056.41796875,30201.2265625,18717.5625,False,549
252527::056.swc,2002,2001,16055.32421875,30197.11328125,18713.38671875,False,549
252527::056.swc,2003,2002,16055.32421875,30191.33984375,18711.66796875,False,549
252527::056.swc,2004,2003,16055.32421875,30190.57421875,18708.0,False,549
252527::056.swc,2005,2004,16054.671875,30185.33203125,18704.34765625,False,549
252527::056.swc,2006,2005,16054.3125,30178.3359375,18703.22265625,False,549
252527::056.swc,2007,2006,16053.23828125,30174.5078125,18701.0,False,549
252527::056.swc,2008,2007,16048.90625,30170.5625,18699.55078125,False,549
252527::056.swc,2009,2008,16042.83984375,30167.6171875,18697.25390625,False,549
252527::056.swc,2010,2009,16038.1171875,30163.05859375,18692.4375,False,549
252527::056.swc,2011,2010,16032.09765625,30159.6484375,18690.46484375,False,549
252527::056.swc,2012,2011,16027.5625,30160.43359375,18686.46484375,False,549
252527::056.swc,2013,2012,16026.328125,30160.53515625,18682.06640625,False,549
252527::056.swc,2014,2013,16022.85546875,30158.6953125,18679.5,False,549
252527::056.swc,2015,2014,16018.37109375,30153.828125,18677.3359375,False,549
252527::056.swc,2016,2015,16017.609375,30147.5390625,18668.74609375,False,549
252527::056.swc,2017,2016,16016.9765625,30144.4921875,18659.47265625,False,549
252527::056.swc,2018,2017,16018.5390625,30141.36328125,18653.43359375,False,549
252527::056.swc,2019,2018,16020.015625,30135.75390625,18646.4453125,False,549
252527::056.swc,2020,2019,16018.21875,30133.40625,18637.109375,False,549
252527::056.swc,2021,2020,16015.23828125,30134.0859375,18631.32421875,False,549
252527::056.swc,2022,2021,16013.2109375,30132.65625,18626.390625,True,549
252527::056.swc,2023,1445,16381.29296875,30195.484375,18823.5,False,549
252527::056.swc,2024,1445,16378.9453125,30179.69140625,18817.52734375,False,549
252527::056.swc,2025,2024,16374.3203125,30180.3359375,18814.33203125,False,549
252527::056.swc,2026,2025,16366.3671875,30184.16015625,18811.6484375,False,549
252527::056.swc,2027,2026,16357.296875,30189.84765625,18808.6796875,False,549
252527::056.swc,2028,2027,16351.22265625,30190.0546875,18805.84765625,False,549
252527::056.swc,2029,2028,16347.62109375,30192.65234375,18805.50390625,False,549
252527::056.swc,2030,2029,16345.39453125,30194.69921875,18801.72265625,False,549
252527::056.swc,2031,2030,16343.39453125,30194.89453125,18793.640625,False,549
252527::056.swc,2032,2031,16341.515625,30196.62109375,18784.796875,False,549
252527::056.swc,2033,2032,16338.58984375,30197.359375,18775.703125,False,549
252527::056.swc,2034,2033,16336.22265625,30197.87890625,18764.95703125,False,549
252527::056.swc,2035,2034,16332.45703125,30199.2734375,18755.83984375,False,549
252527::056.swc,2036,2035,16330.39453125,30201.5390625,18749.69921875,False,549
252527::056.swc,2037,2036,16328.74609375,30206.30078125,18746.37109375,False,549
252527::056.swc,2038,2037,16324.76171875,30210.72265625,18738.97265625,False,549
252527::056.swc,2039,2038,16322.23046875,30212.4140625,18733.83203125,False,549
252527::056.swc,2040,2039,16320.6796875,30212.328125,18730.91015625,False,549
252527::056.swc,2041,2040,16319.41796875,30213.78515625,18720.5390625,False,549
252527::056.swc,2042,2041,16319.08203125,30216.921875,18709.83984375,False,549
252527::056.swc,2043,2042,16317.671875,30219.578125,18701.625,False,549
252527::056.swc,2044,2043,16316.30078125,30221.5703125,18699.34375,False,549
252527::056.swc,2045,2044,16315.16015625,30222.07421875,18693.953125,False,549
252527::056.swc,2046,1453,16362.265625,30066.38671875,18782.7734375,False,549
252527::056.swc,2047,2046,16362.125,30064.2265625,18776.61328125,False,549
252527::056.swc,2048,2047,16361.703125,30059.92578125,18772.0,False,549
252527::056.swc,2049,2048,16360.69921875,30055.8671875,18762.07421875,False,549
252527::056.swc,2050,2049,16358.29296875,30051.5234375,18756.2734375,False,549
252527::056.swc,2051,1453,16357.8515625,30067.6015625,18789.90625,False,549
252527::056.swc,2052,2051,16344.94921875,30067.1484375,18792.16796875,False,549
252527::056.swc,2053,2052,16339.7734375,30067.68359375,18795.38671875,False,549
252527::056.swc,2054,2053,16335.1484375,30066.65625,18796.5,False,549
252527::056.swc,2055,2054,16328.0703125,30067.30078125,18797.44921875,False,549
252527::056.swc,2056,2055,16321.99609375,30068.2421875,18801.30078125,False,549
252527::056.swc,2057,2056,16319.0546875,30068.56640625,18805.0,False,549
252527::056.swc,2058,2057,16314.359375,30068.1015625,18805.5,False,549
252527::056.swc,2059,2058,16304.9453125,30066.98046875,18805.5,False,549
252527::056.swc,2060,1455,16376.48828125,30038.16015625,18772.15234375,False,549
252527::056.swc,2061,2060,16381.51953125,30039.2578125,18764.5234375,False,549
252527::056.swc,2062,2061,16384.2265625,30040.5625,18757.75,False,549
252527::056.swc,2063,1455,16374.1640625,30035.4375,18776.75,False,549
252527::056.swc,2064,2063,16374.08203125,30029.3203125,18774.50390625,False,549
252527::056.swc,2065,2064,16375.140625,30024.61328125,18770.2421875,False,549
252527::056.swc,2066,2065,16375.7734375,30022.5234375,18764.5,False,549
252527::056.swc,2067,2066,16376.62890625,30019.375,18758.91015625,False,549
252527::056.swc,2068,2067,16379.4453125,30013.94921875,18752.53515625,False,549
252527::056.swc,2069,2068,16383.6015625,30010.41796875,18744.55078125,False,549
252527::056.swc,2070,2069,16383.4921875,30003.421875,18738.42578125,False,549
252527::056.swc,2071,2070,16382.84375,29996.95703125,18734.52734375,False,549
252527::056.swc,2072,1455,16374.02734375,30040.56640625,18787.09765625,False,549
252527::056.swc,2073,2072,16376.87109375,30047.1953125,18787.5,False,549
252527::056.swc,2074,2073,16378.90625,30056.1484375,18787.08203125,False,549
252527::056.swc,2075,2074,16379.96484375,30059.05859375,18785.25,False,549
252527::056.swc,2076,2075,16381.6171875,30067.3203125,18784.5,False,549
252527::056.swc,2077,2076,16382.203125,30074.38671875,18785.0,False,549
252527::056.swc,2078,2077,16384.03125,30077.625,18787.27734375,False,549
252527::056.swc,2079,2078,16387.5,30083.45703125,18788.4765625,False,549
252527::056.swc,2080,2079,16390.2578125,30088.4375,18792.09765625,False,549
252527::056.swc,2081,2080,16391.6796875,30096.8359375,18793.5,False,549
252527::056.swc,2082,2081,16394.37109375,30106.5546875,18793.27734375,False,549
252527::056.swc,2083,2082,16396.18359375,30110.69921875,18791.0,False,549
252527::056.swc,2084,2083,16399.6328125,30115.37890625,18790.16796875,False,549
252527::056.swc,2085,2084,16401.125,30117.42578125,18787.5,False,549
252527::056.swc,2086,2085,16402.00390625,30120.76171875,18790.65234375,False,549
252527::056.swc,2087,2086,16402.82421875,30128.59375,18792.546875,False,549
252527::056.swc,2088,2087,16405.98046875,30138.91796875,18793.5,False,549
252527::056.swc,2089,2088,16407.640625,30146.26953125,18793.0,False,549
252527::056.swc,2090,2089,16408.828125,30153.28125,18790.66015625,False,549
252527::056.swc,2091,2090,16410.99609375,30166.32421875,18790.5,False,549
252527::056.swc,2092,2091,16413.9921875,30179.5078125,18790.5,False,549
252527::056.swc,2093,2092,16414.33984375,30185.5390625,18788.27734375,False,549
252527::056.swc,2094,2093,16415.91796875,30197.89453125,18787.05859375,False,549
252527::056.swc,2095,2094,16417.4921875,30207.54296875,18784.91796875,False,549
252527::056.swc,2096,2095,16418.953125,30214.8984375,18784.33203125,False,549
252527::056.swc,2097,2096,16419.32421875,30216.38671875,18782.58203125,False,549
252527::056.swc,2098,2097,16420.62109375,30227.9296875,18781.5,False,549
252527::056.swc,2099,2098,16422.2578125,30240.90234375,18781.19140625,False,549
252527::056.swc,2100,2099,16422.57421875,30246.37109375,18779.109375,False,549
252527::056.swc,2101,1455,16365.94921875,30034.06640625,18780.8515625,False,549
252527::056.swc,2102,2101,16358.90625,30030.65234375,18776.703125,False,549
252527::056.swc,2103,2102,16351.859375,30027.2421875,18772.5546875,False,549
252527::056.swc,2104,2103,16344.8125,30023.828125,18768.40625,False,549
252527::056.swc,2105,2104,16337.76953125,30020.41796875,18764.26171875,False,549
252527::056.swc,2106,2105,16330.72265625,30017.0078125,18760.11328125,False,549
252527::056.swc,2107,2106,16323.6796875,30013.59375,18755.96484375,False,549
252527::056.swc,2108,2107,16316.6328125,30010.18359375,18751.81640625,False,549
252527::056.swc,2109,2108,16306.3359375,30003.18359375,18749.2421875,False,549
252527::056.swc,2110,2109,16293.921875,29996.38671875,18744.3828125,False,549
252527::056.swc,2111,2110,16277.55078125,29988.06640625,18740.4375,False,549
252527::056.swc,2112,2111,16265.5546875,29983.80859375,18736.796875,False,549
252527::056.swc,2113,2112,16254.92578125,29981.80078125,18733.6484375,False,549
252527::056.swc,2114,2113,16241.93359375,29981.47265625,18730.4375,False,549
252527::056.swc,2115,2114,16232.80859375,29981.1484375,18724.22265625,False,549
252527::056.swc,2116,2115,16223.94921875,29979.92578125,18721.5,False,549
252527::056.swc,2117,2116,16215.5546875,29978.64453125,18721.72265625,False,549
252527::056.swc,2118,2117,16213.2734375,29978.32421875,18724.5,False,549
252527::056.swc,2119,2118,16202.6328125,29976.453125,18719.15234375,False,549
252527::056.swc,2120,2119,16183.9609375,29972.12890625,18715.171875,False,549
252527::056.swc,2121,2120,16164.90625,29970.0546875,18712.9765625,False,549
252527::056.swc,2122,2121,16151.51953125,29970.62109375,18712.21875,False,549
252527::056.swc,2123,2122,16141.1171875,29970.48046875,18705.890625,False,549
252527::056.swc,2124,2123,16129.0703125,29968.984375,18700.90625,False,549
252527::056.swc,2125,2124,16120.93359375,29967.0546875,18693.6875,False,549
252527::056.swc,2126,2125,16099.47265625,29963.19140625,18681.03515625,False,549
252527::056.swc,2127,2126,16090.37109375,29961.8828125,18677.390625,False,549
252527::056.swc,2128,2127,16078.54296875,29959.03515625,18675.3046875,False,549
252527::056.swc,2129,2128,16065.546875,29957.17578125,18671.421875,False,549
252527::056.swc,2130,2129,16053.28515625,29955.84765625,18666.2109375,False,549
252527::056.swc,2131,2130,16046.1953125,29955.2734375,18664.84765625,False,549
252527::056.swc,2132,2131,16036.72265625,29953.4609375,18664.5,False,549
252527::056.swc,2133,1458,16359.5859375,29991.3671875,18778.40234375,False,549
252527::056.swc,2134,2133,16360.89453125,29986.8828125,18772.08984375,False,549
252527::056.swc,2135,2134,16365.2890625,29984.91015625,18768.55078125,False,549
252527::056.swc,2136,1458,16366.07421875,29995.5859375,18780.3671875,False,549
252527::056.swc,2137,2136,16370.50390625,29989.5234375,18778.5,False,549
252527::056.swc,2138,2137,16375.88671875,29989.1953125,18777.609375,False,549
252527::056.swc,2139,2138,16381.71484375,29989.078125,18772.5078125,False,549
252527::056.swc,2140,2139,16388.9453125,29987.59375,18767.0,False,549
252527::056.swc,2141,2140,16393.05078125,29986.265625,18760.3828125,False,549
252527::056.swc,2142,2141,16397.94140625,29983.1328125,18756.171875,False,549
252527::056.swc,2143,2142,16404.91015625,29978.84375,18752.16796875,False,549
252527::056.swc,2144,2143,16409.515625,29977.37109375,18749.109375,False,549
252527::056.swc,2145,2144,16421.12890625,29971.23046875,18742.48046875,False,549
252527::056.swc,2146,2145,16426.01953125,29963.1953125,18739.3515625,False,549
252527::056.swc,2147,2146,16426.31640625,29957.90625,18736.72265625,False,549
252527::056.swc,2148,2147,16427.16015625,29949.109375,18736.5,False,549
252527::056.swc,2149,2148,16429.890625,29942.45703125,18735.390625,False,549
252527::056.swc,2150,2149,16432.453125,29940.18359375,18732.0,False,549
252527::056.swc,2151,2150,16435.6328125,29938.38671875,18724.5078125,False,549
252527::056.swc,2152,2151,16439.98828125,29934.48828125,18719.73828125,False,549
252527::056.swc,2153,2152,16444.78125,29930.97265625,18718.5,False,549
252527::056.swc,2154,2153,16453.13671875,29926.42578125,18713.2578125,False,549
252527::056.swc,2155,2154,16456.96875,29922.875,18710.72265625,False,549
252527::056.swc,2156,2155,16461.2734375,29916.90625,18708.546875,False,549
252527::056.swc,2157,2156,16464.4453125,29912.11328125,18704.7578125,False,549
252527::056.swc,2158,2157,16470.7734375,29904.18359375,18703.5,False,549
252527::056.swc,2159,2158,16479.27734375,29896.5,18703.27734375,False,549
252527::056.swc,2160,2159,16483.5703125,29893.3125,18701.4765625,False,549
252527::056.swc,2161,2160,16489.61328125,29885.015625,18701.7734375,False,549
252527::056.swc,2162,2161,16494.83203125,29878.6484375,18704.5234375,False,549
252527::056.swc,2163,2162,16498.15625,29874.87109375,18705.29296875,False,549
252527::056.swc,2164,2163,16502.046875,29869.30078125,18709.30078125,False,549
252527::056.swc,2165,2164,16507.27734375,29864.4765625,18714.5078125,False,549
252527::056.swc,2166,2165,16511.51171875,29859.1328125,18716.96484375,False,549
252527::056.swc,2167,2166,16516.66015625,29852.8828125,18722.046875,False,549
252527::056.swc,2168,2167,16519.82421875,29847.765625,18728.41796875,False,549
252527::056.swc,2169,2168,16522.9921875,29845.76171875,18733.171875,False,549
252527::056.swc,2170,2169,16529.25390625,29841.6328125,18735.4609375,False,549
252527::056.swc,2171,2170,16534.984375,29840.2265625,18736.5,False,549
252527::056.swc,2172,2171,16540.12109375,29843.09375,18740.88671875,False,549
252527::056.swc,2173,2172,16547.4375,29847.31640625,18742.91796875,False,549
252527::056.swc,2174,2173,16550.3046875,29849.4453125,18745.0,False,549
252527::056.swc,2175,2174,16555.828125,29851.64453125,18745.5,False,549
252527::056.swc,2176,2175,16564.328125,29851.75390625,18746.796875,False,549
252527::056.swc,2177,2176,16571.09765625,29848.90234375,18746.51171875,False,549
252527::056.swc,2178,2177,16578.828125,29844.60546875,18742.41015625,False,549
252527::056.swc,2179,2178,16590.734375,29844.12890625,18737.140625,False,549
252527::056.swc,2180,2179,16597.11328125,29845.66796875,18734.09375,False,549
252527::056.swc,2181,2180,16612.046875,29845.83203125,18733.5,False,549
252527::056.swc,2182,2181,16619.42578125,29843.2109375,18733.5,False,549
252527::056.swc,2183,2182,16624.07421875,29841.16015625,18730.35546875,False,549
252527::056.swc,2184,2183,16624.07421875,29843.421875,18722.92578125,False,549
252527::056.swc,2185,1460,16344.8125,30003.41015625,18827.33984375,False,549
252527::056.swc,2186,2185,16342.5625,30000.5,18820.02734375,False,549
252527::056.swc,2187,2186,16339.2421875,29998.64453125,18808.98046875,False,549
252527::056.swc,2188,2187,16336.96875,29995.59375,18800.3984375,False,549
252527::056.swc,2189,2188,16336.94140625,29992.4765625,18788.8046875,False,549
252527::056.swc,2190,2189,16337.98046875,29991.6328125,18781.03125,False,549
252527::056.swc,2191,2190,16341.46875,29990.359375,18772.36328125,False,549
252527::056.swc,2192,2191,16343.08984375,29987.91796875,18758.68359375,False,549
252527::056.swc,2193,2192,16343.02734375,29986.59375,18745.30078125,False,549
252527::056.swc,2194,2193,16342.12890625,29986.69921875,18734.03125,False,549
252527::056.swc,2195,2194,16344.11328125,29984.37109375,18721.875,False,549
252527::056.swc,2196,2195,16344.234375,29984.17578125,18710.40625,False,549
252527::056.swc,2197,1460,16346.9296875,30006.734375,18829.046875,False,549
252527::056.swc,2198,2197,16351.51953125,30011.328125,18824.0625,False,549
252527::056.swc,2199,2198,16357.86328125,30015.98046875,18816.62890625,False,549
252527::056.swc,2200,2199,16366.98046875,30019.51171875,18806.8984375,False,549
252527::056.swc,2201,2200,16372.5078125,30022.046875,18798.60546875,False,549
252527::056.swc,2202,2201,16375.34375,30023.46484375,18794.27734375,False,549
252527::056.swc,2203,2202,16382.6640625,30027.3984375,18790.52734375,False,549
252527::056.swc,2204,2203,16387.09765625,30031.265625,18785.203125,False,549
252527::056.swc,2205,2204,16389.48828125,30033.7578125,18779.5,False,549
252527::056.swc,2206,2205,16390.63671875,30037.48046875,18777.44140625,False,549
252527::056.swc,2207,2206,16394.03125,30041.4921875,18772.03515625,False,549
252527::056.swc,2208,1490,16497.87890625,30245.125,18846.29296875,False,549
252527::056.swc,2209,2208,16500.1015625,30246.21875,18854.06640625,False,549
252527::056.swc,2210,2209,16502.265625,30248.828125,18861.17578125,False,549
252527::056.swc,2211,2210,16506.7578125,30253.34765625,18868.953125,False,549
252527::056.swc,2212,2211,16512.3125,30257.44921875,18871.87109375,False,549
252527::056.swc,2213,2212,16520.46875,30261.578125,18879.8125,False,549
252527::056.swc,2214,2213,16528.55078125,30265.30078125,18884.59375,False,549
252527::056.swc,2215,2214,16538.50390625,30269.5546875,18887.0,False,549
252527::056.swc,2216,2215,16540.2265625,30270.17578125,18889.5,False,549
252527::056.swc,2217,2216,16542.5703125,30271.1640625,18887.52734375,False,549
252527::056.swc,2218,2217,16549.4453125,30274.47265625,18890.16796875,False,549
252527::056.swc,2219,2218,16557.8046875,30275.87890625,18893.703125,False,549
252527::056.swc,2220,2219,16561.82421875,30274.8203125,18897.96875,False,549
252527::056.swc,2221,2220,16568.4375,30274.47265625,18900.9375,False,549
252527::056.swc,2222,2221,16575.92578125,30276.0,18903.40625,False,549
252527::056.swc,2223,2222,16579.7109375,30278.546875,18902.453125,False,549
252527::056.swc,2224,2223,16582.5625,30278.578125,18905.4765625,False,549
252527::056.swc,2225,2224,16583.8984375,30279.4453125,18911.515625,False,549
252527::056.swc,2226,2225,16590.63671875,30280.421875,18913.5,False,549
252527::056.swc,2227,2226,16599.80859375,30278.3671875,18913.5,False,549
252527::056.swc,2228,2227,16608.53125,30280.12109375,18913.5,False,549
252527::056.swc,2229,2228,16612.45703125,30283.453125,18913.5,False,549
252527::056.swc,2230,2229,16618.23046875,30279.828125,18912.0,False,549
252527::056.swc,2231,2230,16620.91796875,30276.6875,18908.0546875,False,549
252527::056.swc,2232,2231,16625.390625,30270.80859375,18905.34765625,False,549
252527::056.swc,2233,2232,16629.84765625,30268.37109375,18902.10546875,False,549
252527::056.swc,2234,2233,16633.6328125,30265.4609375,18901.8046875,False,549
252527::056.swc,2235,2234,16638.7890625,30264.5625,18899.07421875,False,549
252527::056.swc,2236,2235,16647.71484375,30262.1015625,18897.5859375,False,549
252527::056.swc,2237,2236,16652.04296875,30261.1875,18894.26171875,False,549
252527::056.swc,2238,2237,16655.19921875,30260.09375,18896.7109375,False,549
252527::056.swc,2239,2238,16661.37109375,30259.9453125,18895.375,False,549
252527::056.swc,2240,2239,16669.0625,30258.390625,18892.73828125,False,549
252527::056.swc,2241,2240,16677.93359375,30253.51953125,18892.16796875,False,549
252527::056.swc,2242,2241,16681.74609375,30251.34375,18889.91796875,False,549
252527::056.swc,2243,2242,16686.18359375,30251.0078125,18891.2109375,False,549
252527::056.swc,2244,2243,16687.953125,30252.03515625,18887.41015625,False,549
252527::056.swc,2245,2244,16691.5859375,30251.77734375,18886.5,False,549
252527::056.swc,2246,2245,16697.23046875,30249.41015625,18887.30859375,False,549
252527::056.swc,2247,2246,16699.54296875,30246.74609375,18888.96875,False,549
252527::056.swc,2248,2247,16702.8046875,30245.7421875,18884.9140625,False,549
252527::056.swc,2249,2248,16707.33203125,30245.74609375,18882.09765625,False,549
252527::056.swc,2250,2249,16716.2578125,30245.078125,18880.5,False,549
252527::056.swc,2251,2250,16722.48046875,30247.4921875,18878.96484375,False,549
252527::056.swc,2252,2251,16728.96875,30250.0,18874.4765625,False,549
252527::056.swc,2253,2252,16732.73046875,30251.6875,18869.17578125,False,549
252527::056.swc,2254,2253,16736.5625,30250.33984375,18868.5,False,549
252527::056.swc,2255,2254,16743.52734375,30243.6328125,18871.1484375,False,549
252527::056.swc,2256,2255,16748.0,30236.45703125,18875.31640625,False,549
252527::056.swc,2257,2256,16750.296875,30233.3203125,18872.5,False,549
252527::056.swc,2258,2257,16753.87109375,30231.34765625,18872.08984375,False,549
252527::056.swc,2259,2258,16756.0234375,30230.5234375,18876.5,False,549
252527::056.swc,2260,2259,16764.32421875,30229.14453125,18875.21875,False,549
252527::056.swc,2261,2260,16770.53125,30227.7578125,18876.2109375,False,549
252527::056.swc,2262,2261,16776.5078125,30223.47265625,18871.87109375,False,549
252527::056.swc,2263,2262,16784.546875,30217.7265625,18870.93359375,False,549
252527::056.swc,2264,2263,16790.77734375,30215.4375,18868.61328125,False,549
252527::056.swc,2265,2264,16799.5,30214.30859375,18870.7734375,False,549
252527::056.swc,2266,2265,16810.44921875,30210.69921875,18878.34375,False,549
252527::056.swc,2267,2266,16818.69921875,30209.0234375,18884.5703125,False,549
252527::056.swc,2268,2267,16822.47265625,30211.41015625,18887.68359375,False,549
252527::056.swc,2269,2268,16823.88671875,30213.23828125,18892.7109375,False,549
252527::056.swc,2270,2269,16823.9453125,30215.015625,18901.5859375,False,549
252527::056.swc,2271,2270,16825.15234375,30215.66796875,18911.26171875,False,549
252527::056.swc,2272,2271,16826.2265625,30217.4921875,18923.01953125,False,549
252527::056.swc,2273,2272,16826.2265625,30219.1640625,18927.2890625,False,549
252527::056.swc,2274,2273,16825.40625,30219.6640625,18931.03125,False,549
252527::056.swc,2275,2274,16821.26171875,30221.48046875,18934.47265625,False,549
252527::056.swc,2276,2275,16817.453125,30222.91015625,18940.734375,False,549
252527::056.swc,2277,2276,16815.6953125,30225.5625,18949.0,False,549
252527::056.swc,2278,2277,16814.78125,30228.3984375,18952.0234375,False,549
252527::056.swc,2279,2278,16816.02734375,30236.875,18956.80859375,False,549
252527::056.swc,2280,2279,16818.578125,30242.90625,18965.19921875,False,549
252527::056.swc,2281,1490,16497.7421875,30257.46484375,18847.40234375,False,549
252527::056.swc,2282,2281,16501.51953125,30274.63671875,18847.5,False,549
252527::056.swc,2283,2282,16504.41015625,30283.53515625,18847.5,False,549
252527::056.swc,2284,2283,16506.34375,30290.984375,18848.48828125,False,549
252527::056.swc,2285,2284,16508.32421875,30295.76953125,18850.25,False,549
252527::056.swc,2286,2285,16514.921875,30309.8125,18850.5,False,549
252527::056.swc,2287,2286,16516.82421875,30317.59375,18851.3046875,False,549
252527::056.swc,2288,2287,16517.08203125,30320.4453125,18853.140625,False,549
252527::056.swc,2289,2288,16518.79296875,30331.015625,18853.5,False,549
252527::056.swc,2290,2289,16519.65234375,30347.65625,18853.5,False,549
252527::056.swc,2291,2290,16521.26953125,30360.81640625,18853.77734375,False,549
252527::056.swc,2292,2291,16521.74609375,30364.9609375,18855.75,False,549
252527::056.swc,2293,2292,16523.2109375,30373.17578125,18856.5,False,549
252527::056.swc,2294,2293,16524.98046875,30388.20703125,18856.5,False,549
252527::056.swc,2295,2294,16527.18359375,30401.25,18856.25,False,549
252527::056.swc,2296,2295,16527.8203125,30403.42578125,18854.25,False,549
252527::056.swc,2297,2296,16528.59375,30406.890625,18856.42578125,False,549
252527::056.swc,2298,2297,16531.3359375,30414.6796875,18856.08203125,False,549
252527::056.swc,2299,2298,16534.64453125,30421.1796875,18853.96484375,False,549
252527::056.swc,2300,2299,16541.0390625,30433.8203125,18853.4453125,False,549
252527::056.swc,2301,2300,16544.51171875,30438.01953125,18852.13671875,False,549
252527::056.swc,2302,2301,16545.7734375,30443.515625,18850.5,False,549
252527::056.swc,2303,2302,16551.41015625,30457.97265625,18850.5,False,549
252527::056.swc,2304,2303,16556.74609375,30468.67578125,18850.5,False,549
252527::056.swc,2305,1491,16306.88671875,30053.63671875,18865.90234375,False,549
252527::056.swc,2306,2305,16305.48828125,30060.03515625,18867.859375,False,549
252527::056.swc,2307,2306,16304.8125,30065.06640625,18871.7109375,False,549
252527::056.swc,2308,2307,16303.63671875,30065.43359375,18876.62890625,False,549
252527::056.swc,2309,2308,16300.0546875,30067.69140625,18878.05078125,False,549
252527::056.swc,2310,2309,16296.50390625,30069.578125,18883.2890625,False,549
252527::056.swc,2311,2310,16293.6796875,30074.70703125,18891.12890625,False,549
252527::056.swc,2312,2311,16292.28515625,30078.609375,18900.421875,False,549
252527::056.swc,2313,2312,16291.6484375,30080.609375,18911.27734375,False,549
252527::056.swc,2314,2313,16290.93359375,30082.33984375,18913.5,False,549
252527::056.swc,2315,2314,16290.40234375,30083.70703125,18921.265625,False,549
252527::056.swc,2316,2315,16289.875,30087.83984375,18923.921875,False,549
252527::056.swc,2317,2316,16291.41015625,30098.28515625,18933.21484375,False,549
252527::056.swc,2318,2317,16294.578125,30106.25,18941.27734375,False,549
252527::056.swc,2319,2318,16300.609375,30112.984375,18943.17578125,False,549
252527::056.swc,2320,2319,16303.03125,30115.7734375,18941.34375,False,549
252527::056.swc,2321,2320,16308.109375,30117.9765625,18941.859375,False,549
252527::056.swc,2322,2321,16311.34375,30117.85546875,18944.5703125,False,549
252527::056.swc,2323,2322,16314.65625,30115.37109375,18948.69140625,False,549
252527::056.swc,2324,2323,16318.328125,30114.82421875,18949.5,False,549
252527::056.swc,2325,2324,16321.89453125,30126.99609375,18953.18359375,False,549
252527::056.swc,2326,2325,16324.265625,30129.28515625,18957.66796875,False,549
252527::056.swc,2327,2326,16329.953125,30128.91796875,18959.34375,False,549
252527::056.swc,2328,2327,16333.69140625,30131.921875,18960.671875,False,549
252527::056.swc,2329,2328,16336.23828125,30134.18359375,18958.77734375,False,549
252527::056.swc,2330,2329,16342.4140625,30137.48828125,18957.86328125,False,549
252527::056.swc,2331,2330,16349.58984375,30136.66796875,18955.56640625,False,549
252527::056.swc,2332,2331,16355.82421875,30139.40625,18952.98046875,False,549
252527::056.swc,2333,2332,16360.11328125,30142.734375,18954.48046875,True,549
252527::056.swc,2334,1491,16305.60546875,30048.59765625,18862.51171875,False,549
252527::056.swc,2335,2334,16299.015625,30040.91015625,18863.81640625,False,549
252527::056.swc,2336,2335,16294.765625,30036.91015625,18868.74609375,False,549
252527::056.swc,2337,2336,16289.08203125,30036.83984375,18870.90625,False,549
252527::056.swc,2338,2337,16283.13671875,30037.44921875,18871.0,False,549
252527::056.swc,2339,2338,16282.17578125,30037.4765625,18868.5,False,549
252527::056.swc,2340,2339,16275.24609375,30035.125,18864.42578125,False,549
252527::056.swc,2341,2340,16272.52734375,30033.265625,18864.6953125,False,549
252527::056.swc,2342,1511,16280.0390625,29956.60546875,18770.77734375,False,549
252527::056.swc,2343,2342,16283.44921875,29950.4609375,18769.5,False,549
252527::056.swc,2344,2343,16283.92578125,29946.53515625,18766.0234375,False,549
252527::056.swc,2345,2344,16283.57421875,29943.5703125,18757.1640625,False,549
252527::056.swc,2346,2345,16285.0390625,29939.08984375,18749.07421875,False,549
252527::056.swc,2347,2346,16287.6171875,29936.92578125,18743.34765625,False,549
252527::056.swc,2348,2347,16289.734375,29932.94140625,18739.5,False,549
252527::056.swc,2349,2348,16293.3671875,29928.48828125,18737.05078125,False,549
252527::056.swc,2350,2349,16295.9453125,29925.7109375,18732.1953125,False,549
252527::056.swc,2351,2350,16296.4765625,29925.0234375,18725.83203125,False,549
252527::056.swc,2352,2351,16300.23046875,29922.94140625,18718.93359375,False,549
252527::056.swc,2353,2352,16307.09375,29919.1640625,18713.296875,False,549
252527::056.swc,2354,2353,16316.13671875,29916.96484375,18707.14453125,False,549
252527::056.swc,2355,2354,16321.01953125,29915.625,18706.10546875,False,549
252527::056.swc,2356,2355,16323.76953125,29914.453125,18701.38671875,False,549
252527::056.swc,2357,2356,16328.12890625,29913.2109375,18699.76171875,False,549
252527::056.swc,2358,2357,16332.265625,29909.546875,18694.1953125,False,549
252527::056.swc,2359,2358,16334.23828125,29905.19140625,18687.90625,False,549
252527::056.swc,2360,2359,16337.99609375,29902.1875,18683.72265625,False,549
252527::056.swc,2361,2360,16341.375,29900.421875,18674.99609375,False,549
252527::056.swc,2362,2361,16347.46484375,29898.34765625,18667.91015625,False,549
252527::056.swc,2363,2362,16353.64453125,29898.25390625,18660.109375,False,549
252527::056.swc,2364,2363,16357.359375,29898.11328125,18652.62890625,False,549
252527::056.swc,2365,2364,16362.203125,29893.4765625,18641.1171875,False,549
252527::056.swc,2366,2365,16364.90625,29888.890625,18635.92578125,False,549
252527::056.swc,2367,2366,16367.65234375,29886.33984375,18632.1796875,False,549
252527::056.swc,2368,2367,16368.17578125,29884.77734375,18626.93359375,False,549
252527::056.swc,2369,2368,16370.39453125,29880.02734375,18624.15625,False,549
252527::056.swc,2370,2369,16371.9296875,29877.09375,18618.62890625,False,549
252527::056.swc,2371,2370,16375.7109375,29873.515625,18616.5,False,549
252527::056.swc,2372,2371,16379.12890625,29870.19921875,18611.6953125,False,549
252527::056.swc,2373,2372,16381.09765625,29867.578125,18603.625,False,549
252527::056.swc,2374,2373,16383.15234375,29866.03125,18593.6640625,False,549
252527::056.swc,2375,2374,16385.19140625,29863.59765625,18590.12890625,False,549
252527::056.swc,2376,2375,16384.8125,29859.1484375,18588.48046875,False,549
252527::056.swc,2377,2376,16384.19140625,29857.01953125,18583.34375,False,549
252527::056.swc,2378,2377,16383.40625,29852.7421875,18579.0390625,False,549
252527::056.swc,2379,2378,16384.35546875,29845.54296875,18577.5,False,549
252527::056.swc,2380,2379,16384.83984375,29834.41796875,18576.984375,False,549
252527::056.swc,2381,2380,16384.49609375,29832.4921875,18573.9765625,False,549
252527::056.swc,2382,1511,16281.1640625,29968.609375,18778.5,False,549
252527::056.swc,2383,2382,16282.17578125,29971.5234375,18774.39453125,False,549
252527::056.swc,2384,2383,16282.69921875,29975.078125,18766.23828125,False,549
252527::056.swc,2385,2384,16284.4453125,29977.203125,18758.5625,False,549
252527::056.swc,2386,2385,16287.953125,29979.71484375,18750.78125,False,549
252527::056.swc,2387,2386,16290.4609375,29980.69921875,18742.375,False,549
252527::056.swc,2388,2387,16295.08203125,29982.52734375,18733.0,False,549
252527::056.swc,2389,2388,16298.1015625,29985.109375,18725.4375,False,549
252527::056.swc,2390,2389,16299.2109375,29988.04296875,18720.28125,False,549
252527::056.swc,2391,2390,16302.359375,29994.77734375,18717.1328125,False,549
252527::056.swc,2392,2391,16303.56640625,30000.40625,18713.546875,False,549
252527::056.swc,2393,2392,16306.5703125,30002.05078125,18715.1171875,False,549
252527::056.swc,2394,2393,16308.51171875,30001.51171875,18720.5234375,False,549
252527::056.swc,2395,2394,16311.953125,30005.2734375,18716.48046875,False,549
252527::056.swc,2396,2395,16313.9453125,30006.9296875,18710.46875,False,549
252527::056.swc,2397,2396,16318.57421875,30009.171875,18709.5,False,549
252527::056.swc,2398,2397,16322.80859375,30010.18359375,18706.75390625,False,549
252527::056.swc,2399,2398,16326.140625,30010.41015625,18702.25390625,False,549
252527::056.swc,2400,2399,16331.44140625,30009.81640625,18691.984375,False,549
252527::056.swc,2401,2400,16333.34765625,30008.39453125,18680.27734375,False,549
252527::056.swc,2402,2401,16332.546875,30008.33203125,18674.0546875,False,549
252527::056.swc,2403,2402,16331.4765625,30011.484375,18665.38671875,False,549
252527::056.swc,2404,2403,16330.375,30014.109375,18662.03515625,False,549
252527::056.swc,2405,2404,16326.171875,30016.89453125,18659.9140625,False,549
252527::056.swc,2406,2405,16322.3359375,30017.74609375,18655.59765625,False,549
252527::056.swc,2407,2406,16320.5078125,30015.38671875,18648.84375,False,549
252527::056.swc,2408,2407,16318.14453125,30006.16796875,18642.890625,False,549
252527::056.swc,2409,2408,16314.28125,29997.83984375,18639.58984375,False,549
252527::056.swc,2410,2409,16313.60546875,29995.4765625,18637.59765625,False,549
252527::056.swc,2411,2410,16314.328125,29993.72265625,18629.09375,False,549
252527::056.swc,2412,2411,16316.046875,29990.578125,18625.5390625,False,549
252527::056.swc,2413,2412,16317.86328125,29988.50390625,18618.03515625,False,549
252527::056.swc,2414,2413,16319.62890625,29985.9140625,18613.5,False,549
252527::056.swc,2415,2414,16321.71875,29983.53515625,18613.5,False,549
252527::056.swc,2416,2415,16323.859375,29981.84765625,18608.64453125,False,549
252527::056.swc,2417,2416,16324.8828125,29980.6796875,18599.98046875,False,549
252527::056.swc,2418,2417,16325.5625,29977.47265625,18595.5,False,549
252527::056.swc,2419,2418,16325.2109375,29971.328125,18594.4453125,False,549
252527::056.swc,2420,2419,16326.1875,29964.99609375,18589.7109375,False,549
252527::056.swc,2421,2420,16328.66796875,29958.41015625,18587.953125,False,549
252527::056.swc,2422,2421,16328.73046875,29955.28515625,18591.66015625,False,549
252527::056.swc,2423,2422,16328.1328125,29953.11328125,18597.546875,False,549
252527::056.swc,2424,2423,16327.31640625,29951.02734375,18597.19921875,False,549
252527::056.swc,2425,2424,16326.2890625,29951.45703125,18591.65625,False,549
252527::056.swc,2426,2425,16326.875,29950.421875,18596.14453125,False,549
252527::056.swc,2427,2426,16328.1015625,29953.19140625,18596.28125,False,549
252527::056.swc,2428,2427,16328.7734375,29957.2109375,18589.734375,False,549
252527::056.swc,2429,2428,16328.40234375,29958.75390625,18583.25,False,549
252527::056.swc,2430,2429,16330.515625,29956.140625,18578.7578125,False,549
252527::056.swc,2431,2430,16335.484375,29952.0,18574.75,False,549
252527::056.swc,2432,2431,16337.8046875,29947.75,18571.20703125,False,549
252527::056.swc,2433,2432,16338.16015625,29943.41015625,18564.41796875,False,549
252527::056.swc,2434,2433,16337.75,29938.77734375,18562.625,False,549
252527::056.swc,2435,2434,16337.078125,29932.64453125,18555.6796875,False,549
252527::056.swc,2436,2435,16338.1875,29927.61328125,18543.37890625,False,549
252527::056.swc,2437,2436,16338.7265625,29925.67578125,18533.5,False,549
252527::056.swc,2438,2437,16337.671875,29922.80078125,18535.40234375,False,549
252527::056.swc,2439,2438,16331.4765625,29919.5546875,18534.67578125,False,549
252527::056.swc,2440,2439,16327.19140625,29917.140625,18532.5234375,False,549
252527::056.swc,2441,2440,16325.58203125,29912.390625,18525.91015625,False,549
252527::056.swc,2442,2441,16326.7890625,29909.1171875,18518.19140625,False,549
252527::056.swc,2443,2442,16324.56640625,29905.359375,18515.09375,False,549
252527::056.swc,2444,2443,16318.62109375,29902.31640625,18517.03125,False,549
252527::056.swc,2445,2444,16309.7421875,29896.62890625,18517.5,False,549
252527::056.swc,2446,2445,16304.94140625,29894.4765625,18516.08203125,False,549
252527::056.swc,2447,2446,16304.29296875,29894.4765625,18513.3046875,False,549
252527::056.swc,2448,2447,16298.09375,29896.3671875,18512.16796875,False,549
252527::056.swc,2449,2448,16291.12890625,29897.8671875,18514.06640625,False,549
252527::056.swc,2450,2449,16283.515625,29896.9609375,18514.5,False,549
252527::056.swc,2451,2450,16277.14453125,29895.7734375,18508.515625,False,549
252527::056.swc,2452,2451,16274.15234375,29898.38671875,18502.1796875,False,549
252527::056.swc,2453,2452,16272.41796875,29907.0625,18497.04296875,False,549
252527::056.swc,2454,2453,16267.34765625,29914.38671875,18493.5,False,549
252527::056.swc,2455,2454,16261.44921875,29914.171875,18493.5,False,549
252527::056.swc,2456,2455,16255.328125,29909.01171875,18493.70703125,False,549
252527::056.swc,2457,2456,16251.50390625,29905.19921875,18495.890625,False,549
252527::056.swc,2458,2457,16246.421875,29903.6484375,18495.61328125,False,549
252527::056.swc,2459,2458,16240.0546875,29905.921875,18496.5,True,549
252527::056.swc,2460,1538,16615.51171875,29878.1796875,18829.5,False,549
252527::056.swc,2461,2460,16622.15234375,29872.23828125,18828.3671875,False,549
252527::056.swc,2462,2461,16627.8359375,29865.0390625,18825.30078125,False,549
252527::056.swc,2463,2462,16639.671875,29855.5390625,18823.16796875,False,549
252527::056.swc,2464,2463,16646.42578125,29850.9140625,18820.77734375,False,549
252527::056.swc,2465,2464,16653.671875,29845.84375,18820.3515625,False,549
252527::056.swc,2466,2465,16659.6328125,29841.03125,18817.6484375,False,549
252527::056.swc,2467,2466,16664.34765625,29836.02734375,18817.26171875,False,549
252527::056.swc,2468,2467,16667.953125,29832.75390625,18815.0,False,549
252527::056.swc,2469,2468,16673.8671875,29829.08203125,18814.66796875,False,549
252527::056.swc,2470,2469,16679.0078125,29827.5078125,18816.56640625,False,549
252527::056.swc,2471,2470,16684.10546875,29823.7890625,18816.390625,False,549
252527::056.swc,2472,2471,16684.5234375,29819.85546875,18814.609375,False,549
252527::056.swc,2473,2472,16685.625,29815.57421875,18814.50390625,False,549
252527::056.swc,2474,2473,16691.71875,29808.19140625,18814.5,False,549
252527::056.swc,2485,1538,16622.4921875,29878.42578125,18826.359375,False,549
252527::056.swc,2486,2485,16632.2890625,29877.3828125,18822.09765625,False,549
252527::056.swc,2487,2486,16637.953125,29879.9296875,18819.0546875,False,549
252527::056.swc,2488,2487,16639.890625,29880.9921875,18815.3515625,False,549
252527::056.swc,2489,2488,16650.66796875,29878.91796875,18814.0546875,False,549
252527::056.swc,2490,2489,16656.5234375,29877.7890625,18812.1328125,False,549
252527::056.swc,2491,2490,16667.5625,29874.97265625,18811.5,False,549
252527::056.swc,2492,2491,16677.35546875,29870.98046875,18810.97265625,False,549
252527::056.swc,2493,2492,16682.6015625,29868.50390625,18808.82421875,False,549
252527::056.swc,2494,2493,16691.01953125,29865.15625,18808.5,False,549
252527::056.swc,2532,1554,16459.390625,29968.99609375,18778.0234375,False,549
252527::056.swc,2533,1554,16454.08203125,29967.859375,18784.4921875,False,549
252527::056.swc,2534,2533,16450.40234375,29960.73046875,18782.18359375,False,549
252527::056.swc,2535,2534,16447.7421875,29957.82421875,18777.5859375,False,549
252527::056.swc,2536,2535,16444.78515625,29953.421875,18765.37109375,False,549
252527::056.swc,2537,2536,16441.953125,29947.67578125,18756.70703125,False,549
252527::056.swc,2538,2537,16442.31640625,29935.61328125,18751.08203125,False,549
252527::056.swc,2539,2538,16444.296875,29927.66796875,18748.5,False,549
252527::056.swc,2540,2539,16448.921875,29920.0234375,18747.11328125,False,549
252527::056.swc,2541,2540,16450.703125,29915.48046875,18743.0546875,False,549
252527::056.swc,2542,2541,16451.73828125,29910.53515625,18741.34765625,False,549
252527::056.swc,2543,2542,16452.49609375,29909.42578125,18737.91796875,False,549
252527::056.swc,2544,2543,16453.05078125,29906.0625,18736.5,False,549
252527::056.swc,2545,2544,16454.7265625,29895.6796875,18735.8515625,False,549
252527::056.swc,2546,2545,16457.671875,29888.6640625,18733.9140625,False,549
252527::056.swc,2547,2546,16459.421875,29874.2421875,18732.8359375,False,549
252527::056.swc,2548,2547,16459.3046875,29868.6875,18725.48828125,False,549
252527::056.swc,2549,2548,16458.109375,29863.6484375,18720.61328125,False,549
252527::056.swc,2550,2549,16457.88671875,29851.98046875,18719.0078125,False,549
252527::056.swc,2551,2550,16458.49609375,29846.19140625,18720.953125,False,549
252527::056.swc,2552,2551,16460.796875,29839.51171875,18720.2734375,False,549
252527::056.swc,2553,2552,16462.86328125,29833.3671875,18717.1953125,False,549
252527::056.swc,2554,2553,16463.97265625,29825.171875,18715.5,False,549
252527::056.swc,2555,2554,16468.09375,29816.93359375,18715.09375,False,549
252527::056.swc,2556,2555,16470.7890625,29813.046875,18713.1640625,False,549
252527::056.swc,2557,2556,16475.4609375,29802.078125,18711.5,False,549
252527::056.swc,2558,2557,16477.7421875,29795.66015625,18708.44140625,False,549
252527::056.swc,2559,2558,16481.03125,29789.203125,18706.5,False,549
252527::056.swc,2560,2559,16487.3125,29769.5234375,18706.5,False,549
252527::056.swc,2561,2560,16491.6640625,29755.21484375,18706.5,False,549
252527::056.swc,2562,2561,16495.64453125,29744.3515625,18708.796875,False,549
252527::056.swc,2563,2562,16498.05078125,29741.765625,18711.3203125,True,549
252527::056.swc,2564,1580,16301.703125,30005.26171875,19193.9296875,False,549
252527::056.swc,2565,2564,16300.125,30007.1328125,19209.1875,False,549
252527::056.swc,2566,2565,16297.6484375,30009.14453125,19219.5,False,549
252527::056.swc,2567,2566,16295.10546875,30009.91796875,19222.921875,False,549
252527::056.swc,2568,2567,16293.984375,30011.65234375,19229.72265625,False,549
252527::056.swc,2569,2568,16292.9140625,30012.76953125,19241.66015625,False,549
252527::056.swc,2570,2569,16291.37890625,30012.61328125,19253.8828125,False,549
252527::056.swc,2571,2570,16289.59765625,30011.75390625,19265.25,False,549
252527::056.swc,2572,2571,16287.66796875,30010.15234375,19272.8671875,False,549
252527::056.swc,2573,2572,16286.046875,30010.375,19284.70703125,False,549
252527::056.swc,2574,2573,16284.359375,30011.88671875,19291.9609375,False,549
252527::056.swc,2575,2574,16282.0078125,30014.05078125,19297.125,False,549
252527::056.swc,2576,2575,16280.8984375,30016.984375,19304.1796875,False,549
252527::056.swc,2577,2576,16278.80078125,30019.3359375,19316.91796875,False,549
252527::056.swc,2578,2577,16274.89453125,30020.2890625,19333.83203125,False,549
252527::056.swc,2579,2578,16271.66015625,30020.78515625,19352.04296875,False,549
252527::056.swc,2580,2579,16270.859375,30021.875,19356.5390625,False,549
252527::056.swc,2581,2580,16267.2734375,30021.73828125,19373.32421875,False,549
252527::056.swc,2582,2581,16265.28125,30021.69140625,19389.453125,False,549
252527::056.swc,2583,2582,16263.03515625,30021.27734375,19399.29296875,False,549
252527::056.swc,2584,1580,16302.27734375,30004.8125,19191.390625,False,549
252527::056.swc,2585,2584,16300.8984375,30005.859375,19195.5,False,549
252527::056.swc,2586,2585,16297.2109375,30006.30078125,19193.69921875,False,549
252527::056.swc,2587,2586,16294.4609375,30005.171875,19186.96484375,False,549
252527::056.swc,2588,2587,16290.87890625,30004.43359375,19186.37890625,False,549
252527::056.swc,2589,2588,16287.953125,30001.4765625,19187.79296875,False,549
252527::056.swc,2590,2589,16285.7734375,29996.890625,19192.07421875,False,549
252527::056.swc,2591,2590,16283.40625,29990.58203125,19195.3671875,False,549
252527::056.swc,2592,2591,16281.29296875,29987.16796875,19201.4296875,False,549
252527::056.swc,2593,2592,16278.56640625,29986.890625,19204.5,False,549
252527::056.swc,2594,2593,16271.74609375,29986.3515625,19204.5,False,549
252527::056.swc,2595,2594,16265.4375,29983.73046875,19204.5,False,549
252527::056.swc,2596,2595,16259.328125,29982.203125,19206.109375,False,549
252527::056.swc,2597,2596,16255.9609375,29981.5078125,19211.390625,False,549
252527::056.swc,2598,2597,16253.3984375,29979.26171875,19217.88671875,False,549
252527::056.swc,2599,2598,16248.96875,29974.84765625,19224.0625,False,549
252527::056.swc,2600,2599,16246.3125,29973.2421875,19229.66796875,False,549
252527::056.swc,2601,2600,16241.05078125,29971.44140625,19234.5234375,False,549
252527::056.swc,2602,2601,16238.29296875,29968.4140625,19241.65625,False,549
252527::056.swc,2603,2602,16234.90234375,29967.59375,19249.39453125,False,549
252527::056.swc,2604,2603,16229.0859375,29969.03125,19253.91015625,False,549
252527::056.swc,2605,2604,16224.5390625,29968.3828125,19260.90625,False,549
252527::056.swc,2606,2605,16222.84375,29966.2734375,19264.5078125,False,549
252527::056.swc,2607,2606,16217.69140625,29963.7578125,19267.5,False,549
252527::056.swc,2608,2607,16212.36328125,29959.61328125,19267.5,False,549
252527::056.swc,2609,2608,16208.24609375,29956.984375,19271.23046875,False,549
252527::056.swc,2610,2609,16207.734375,29955.453125,19275.70703125,False,549
252527::056.swc,2611,2610,16205.7890625,29951.49609375,19277.796875,False,549
252527::056.swc,2612,2611,16204.19921875,29949.9296875,19282.26171875,False,549
252527::056.swc,2613,2612,16198.9140625,29950.22265625,19285.5,False,549
252527::056.swc,2614,2613,16195.19921875,29952.84765625,19285.57421875,False,549
252527::056.swc,2615,2614,16192.5546875,29954.90234375,19287.90234375,False,549
252527::056.swc,2616,2615,16189.77734375,29953.63671875,19288.5,False,549
252527::056.swc,2617,2616,16183.21484375,29949.765625,19299.42578125,False,549
252527::056.swc,2618,2617,16182.078125,29948.19140625,19306.7734375,True,549
252527::056.swc,2619,1617,16253.76171875,30006.80859375,19319.39453125,False,549
252527::056.swc,2620,2619,16255.03125,30009.0703125,19330.84375,False,549
252527::056.swc,2621,2620,16255.07421875,30010.046875,19345.9296875,False,549
252527::056.swc,2622,2621,16253.54296875,30009.16015625,19363.36328125,False,549
252527::056.swc,2623,2622,16251.9765625,30009.80078125,19386.32421875,False,549
252527::056.swc,2624,2623,16250.9765625,30009.82421875,19406.703125,False,549
252527::056.swc,2625,2624,16250.9765625,30009.03125,19412.07421875,False,549
252527::056.swc,2626,1617,16248.7421875,30001.7109375,19325.11328125,False,549
252527::056.swc,2627,2626,16243.0390625,29997.15234375,19335.77734375,False,549
252527::056.swc,2628,2627,16236.80859375,29994.6484375,19342.1171875,False,549
252527::056.swc,2629,2628,16231.38671875,29994.6015625,19350.09765625,False,549
252527::056.swc,2630,2629,16223.26171875,29996.296875,19361.2734375,False,549
252527::056.swc,2631,2630,16217.04296875,29997.83203125,19373.29296875,False,549
252527::056.swc,2632,2631,16210.08203125,29998.21484375,19382.578125,False,549
252527::056.swc,2633,2632,16205.6875,29997.26953125,19393.26953125,False,549
252527::056.swc,2634,2633,16201.4296875,29994.453125,19404.234375,False,549
252527::056.swc,2635,2634,16198.0390625,29991.9453125,19409.7890625,False,549
252527::056.swc,2636,2635,16188.33984375,29990.38671875,19412.484375,False,549
252527::056.swc,2637,2636,16183.35546875,29987.33984375,19416.22265625,False,549
252527::056.swc,2638,1723,16402.1015625,30641.1640625,19017.40234375,False,549
252527::056.swc,2639,2638,16407.7734375,30645.66796875,19011.9609375,False,549
252527::056.swc,2640,2639,16411.5546875,30649.984375,19006.79296875,False,549
252527::056.swc,2641,2640,16414.1484375,30652.3671875,19001.375,False,549
252527::056.swc,2642,2641,16415.78515625,30656.29296875,18999.58984375,False,549
252527::056.swc,2643,2642,16417.34765625,30659.90234375,18995.3671875,False,549
252527::056.swc,2644,2643,16419.66796875,30664.89453125,18993.53515625,False,549
252527::056.swc,2645,2644,16421.55859375,30666.9453125,18990.296875,False,549
252527::056.swc,2646,1723,16405.23046875,30645.58984375,19021.9453125,False,549
252527::056.swc,2647,2646,16408.92578125,30648.51171875,19023.8671875,False,549
252527::056.swc,2648,2647,16417.5390625,30654.40234375,19024.9765625,False,549
252527::056.swc,2649,2648,16423.9296875,30658.984375,19027.359375,False,549
252527::056.swc,2650,2649,16427.1953125,30659.21875,19030.16796875,False,549
252527::056.swc,2651,2650,16429.8125,30656.78515625,19031.77734375,False,549
252527::056.swc,2652,2651,16431.39453125,30655.41015625,19035.5546875,False,549
252527::056.swc,2653,2652,16436.70703125,30653.19140625,19034.87890625,False,549
252527::056.swc,2654,2653,16440.828125,30651.26171875,19031.15234375,False,549
252527::056.swc,2655,2654,16449.66796875,30650.90625,19031.28515625,False,549
252527::056.swc,2656,2655,16455.6796875,30651.27734375,19033.171875,False,549
252527::056.swc,2657,2656,16464.2890625,30651.421875,19029.3125,False,549
252527::056.swc,2658,2657,16469.1640625,30652.76953125,19023.34765625,False,549
252527::056.swc,2659,2658,16476.3203125,30656.7109375,19021.5,False,549
252527::056.swc,2660,2659,16481.6953125,30661.15625,19019.12109375,False,549
252527::056.swc,2661,2660,16482.73828125,30663.10546875,19016.12890625,False,549
252527::056.swc,2662,2661,16484.90234375,30670.9921875,19017.01953125,False,549
252527::056.swc,2663,2662,16488.12109375,30676.03125,19020.36328125,False,549
252527::056.swc,2664,2663,16488.95703125,30677.40234375,19016.125,False,549
252527::056.swc,2665,2664,16493.99609375,30683.33984375,19013.58984375,False,549
252527::056.swc,2666,2665,16501.09375,30692.21875,19008.3984375,False,549
252527::056.swc,2667,2666,16507.56640625,30698.859375,19005.91796875,False,549
252527::056.swc,2668,2667,16512.05859375,30699.2734375,19001.4609375,False,549
252527::056.swc,2669,2668,16515.32421875,30697.57421875,18994.33203125,False,549
252527::056.swc,2670,2669,16519.4609375,30695.7421875,18989.23828125,False,549
252527::056.swc,2671,2670,16524.4375,30695.25390625,18988.5,False,549
252527::056.swc,2672,2671,16530.62109375,30697.76953125,18984.59375,False,549
252527::056.swc,2673,2672,16536.8671875,30700.7578125,18972.98046875,False,549
252527::056.swc,2674,2673,16542.37890625,30702.91015625,18966.5546875,False,549
252527::056.swc,2675,2674,16545.94921875,30705.75390625,18964.5,False,549
252527::056.swc,2676,2675,16549.66015625,30705.625,18964.5,False,549
252527::056.swc,2677,2676,16552.0390625,30702.25390625,18961.6328125,False,549
252527::056.swc,2678,2677,16554.98046875,30698.90234375,18953.7421875,False,549
252527::056.swc,2679,2678,16559.64453125,30698.65625,18950.2890625,False,549
252527::056.swc,2680,2679,16562.90234375,30699.16796875,18948.5078125,False,549
252527::056.swc,2681,2680,16564.765625,30700.7421875,18943.18359375,False,549
252527::056.swc,2682,2681,16567.28515625,30704.7109375,18938.40625,False,549
252527::056.swc,2683,2682,16568.7578125,30706.3984375,18932.72265625,False,549
252527::056.swc,2684,2683,16572.9453125,30707.1953125,18931.5,False,549
252527::056.swc,2685,2684,16577.78125,30705.0078125,18930.0390625,False,549
252527::056.swc,2686,2685,16581.01171875,30705.0234375,18925.16796875,False,549
252527::056.swc,2687,2686,16584.09765625,30708.578125,18923.53125,False,549
252527::056.swc,2688,2687,16585.24609375,30710.3125,18928.5546875,False,549
252527::056.swc,2689,2688,16587.54296875,30710.12890625,18928.046875,True,549
252527::056.swc,2690,1747,16573.8125,30181.94140625,19030.51171875,False,549
252527::056.swc,2691,2690,16580.359375,30186.75,19038.4765625,False,549
252527::056.swc,2692,2691,16590.11328125,30192.47265625,19047.28125,False,549
252527::056.swc,2693,2692,16598.34375,30198.7578125,19054.09375,False,549
252527::056.swc,2694,2693,16600.578125,30202.90625,19059.859375,False,549
252527::056.swc,2695,2694,16605.234375,30208.359375,19064.0,False,549
252527::056.swc,2696,2695,16608.640625,30212.23828125,19070.15234375,False,549
252527::056.swc,2697,2696,16613.82421875,30218.98828125,19076.2734375,False,549
252527::056.swc,2698,2697,16618.02734375,30225.36328125,19080.28125,False,549
252527::056.swc,2699,2698,16623.84765625,30231.703125,19086.63671875,False,549
252527::056.swc,2700,2699,16626.45703125,30235.60546875,19092.98046875,False,549
252527::056.swc,2701,2700,16629.05078125,30239.8046875,19097.15234375,False,549
252527::056.swc,2702,2701,16630.49609375,30241.6484375,19102.75,False,549
252527::056.swc,2703,2702,16632.9140625,30243.39453125,19105.5,False,549
252527::056.swc,2704,2703,16637.4765625,30245.40625,19106.1484375,False,549
252527::056.swc,2705,2704,16640.08984375,30247.27734375,19109.71875,False,549
252527::056.swc,2706,2705,16644.54296875,30251.2421875,19112.703125,False,549
252527::056.swc,2707,2706,16646.8203125,30252.7265625,19116.5546875,False,549
252527::056.swc,2708,2707,16651.3359375,30259.5,19120.8203125,False,549
252527::056.swc,2709,2708,16655.2734375,30266.046875,19129.125,False,549
252527::056.swc,2710,2709,16659.19921875,30273.03515625,19133.09375,False,549
252527::056.swc,2711,2710,16661.71875,30276.4609375,19137.16796875,False,549
252527::056.swc,2712,1747,16569.94140625,30173.4375,19020.765625,False,549
252527::056.swc,2713,2712,16574.67578125,30171.19140625,19015.828125,False,549
252527::056.swc,2714,2713,16577.80078125,30165.56640625,19013.8046875,False,549
252527::056.swc,2715,2714,16585.96484375,30161.9375,19012.21484375,False,549
252527::056.swc,2716,2715,16591.9375,30157.62890625,19009.59765625,False,549
252527::056.swc,2717,2716,16598.2890625,30150.6328125,19007.74609375,False,549
252527::056.swc,2718,2717,16604.98046875,30143.0234375,19002.6171875,False,549
252527::056.swc,2719,2718,16613.96875,30134.43359375,18997.3671875,False,549
252527::056.swc,2720,2719,16618.58203125,30130.19140625,18993.203125,False,549
252527::056.swc,2721,2720,16622.85546875,30125.6484375,18993.92578125,False,549
252527::056.swc,2722,2721,16624.69140625,30121.96875,18991.62890625,False,549
252527::056.swc,2723,2722,16623.6953125,30116.63671875,18981.34765625,False,549
252527::056.swc,2724,2723,16623.60546875,30109.90625,18970.703125,False,549
252527::056.swc,2725,2724,16623.921875,30105.16015625,18965.390625,False,549
252527::056.swc,2726,2725,16625.52734375,30100.859375,18956.12890625,False,549
252527::056.swc,2727,2726,16628.62890625,30095.0625,18950.08984375,False,549
252527::056.swc,2728,2727,16633.2421875,30090.03125,18934.8125,False,549
252527::056.swc,2729,2728,16636.390625,30083.8359375,18925.4375,False,549
252527::056.swc,2730,2729,16639.59765625,30080.546875,18917.33984375,False,549
252527::056.swc,2731,2730,16642.2578125,30078.671875,18907.8125,False,549
252527::056.swc,2732,2731,16645.1328125,30075.75390625,18901.54296875,False,549
252527::056.swc,2733,2732,16646.9453125,30075.17578125,18895.72265625,False,549
252527::056.swc,2734,2733,16650.671875,30075.2421875,18892.5,False,549
252527::056.swc,2735,2734,16655.390625,30074.4375,18892.18359375,False,549
252527::056.swc,2736,2735,16660.34765625,30072.05078125,18888.015625,False,549
252527::056.swc,2737,2736,16664.7890625,30071.37109375,18881.5859375,False,549
252527::056.swc,2738,2737,16669.2578125,30069.97265625,18870.10546875,False,549
252527::056.swc,2739,2738,16672.12109375,30066.65234375,18863.1484375,False,549
252527::056.swc,2740,2739,16676.65625,30064.3671875,18853.96484375,False,549
252527::056.swc,2741,2740,16682.3203125,30063.01953125,18846.37109375,False,549
252527::056.swc,2742,2741,16688.5859375,30058.515625,18834.63671875,False,549
252527::056.swc,2743,2742,16692.234375,30054.390625,18819.1875,False,549
252527::056.swc,2744,2743,16696.140625,30047.92578125,18807.85546875,False,549
252527::056.swc,2745,2744,16697.8984375,30045.61328125,18801.36328125,False,549
252527::056.swc,2746,1761,16417.40234375,30006.42578125,18863.33203125,False,549
252527::056.swc,2747,2746,16421.89453125,30000.08203125,18858.734375,False,549
252527::056.swc,2748,2747,16426.43359375,29993.2421875,18852.16796875,False,549
252527::056.swc,2749,2748,16432.04296875,29989.57421875,18845.2578125,False,549
252527::056.swc,2750,2749,16435.47265625,29988.546875,18837.453125,False,549
252527::056.swc,2751,2750,16439.28515625,29986.54296875,18831.4921875,False,549
252527::056.swc,2752,2751,16444.48046875,29980.3671875,18825.76953125,False,549
252527::056.swc,2753,2752,16449.77734375,29973.34765625,18816.88671875,False,549
252527::056.swc,2754,2753,16456.09375,29966.76171875,18807.359375,False,549
252527::056.swc,2755,1761,16415.0703125,30012.58984375,18861.5078125,False,549
252527::056.swc,2756,2755,16414.19921875,30017.8046875,18857.7578125,False,549
252527::056.swc,2757,2756,16417.69140625,30027.62890625,18856.5,False,549
252527::056.swc,2758,2757,16424.82421875,30039.93359375,18856.5,False,549
252527::056.swc,2759,2758,16430.49609375,30047.015625,18856.3828125,False,549
252527::056.swc,2760,2759,16431.82421875,30050.1640625,18854.890625,False,549
252527::056.swc,2761,2760,16432.53125,30052.20703125,18858.92578125,False,549
252527::056.swc,2762,2761,16433.37890625,30057.19921875,18859.5,False,549
252527::056.swc,2763,2762,16438.45703125,30064.24609375,18859.5,False,549
252527::056.swc,2764,2763,16452.3671875,30079.90625,18859.5,False,549
252527::056.swc,2765,2764,16459.65625,30089.078125,18859.16796875,False,549
252527::056.swc,2766,2765,16463.01953125,30095.6015625,18856.59765625,False,549
252527::056.swc,2767,2766,16471.015625,30108.55859375,18856.5,False,549
252527::056.swc,2768,2767,16480.94921875,30116.77734375,18856.72265625,False,549
252527::056.swc,2769,2768,16484.71875,30120.28515625,18859.16796875,False,549
252527::056.swc,2770,2769,16488.84765625,30126.43359375,18859.140625,False,549
252527::056.swc,2771,2770,16492.71484375,30131.953125,18857.21484375,False,549
252527::056.swc,2772,2771,16498.21484375,30140.2265625,18857.0,False,549
252527::056.swc,2773,2772,16499.2734375,30142.125,18859.5,False,549
252527::056.swc,2774,2773,16501.1171875,30146.59375,18853.06640625,False,549
252527::056.swc,2775,2774,16505.12890625,30152.03515625,18848.328125,False,549
252527::056.swc,2776,2775,16509.73828125,30157.95703125,18845.28515625,False,549
252527::056.swc,2777,2776,16515.44921875,30164.59765625,18838.9609375,False,549
252527::056.swc,2778,2777,16523.2265625,30174.8671875,18832.96484375,False,549
252527::056.swc,2779,2778,16527.6328125,30182.2421875,18830.84765625,False,549
252527::056.swc,2780,2779,16534.18359375,30191.71484375,18829.5,False,549
252527::056.swc,2781,2780,16536.32421875,30194.6640625,18828.0,False,549
252527::056.swc,2782,2781,16539.54296875,30197.6640625,18823.015625,False,549
252527::056.swc,2783,2782,16547.609375,30203.94140625,18819.375,False,549
252527::056.swc,2784,2783,16558.5078125,30213.453125,18816.0,False,549
252527::056.swc,2785,2784,16562.859375,30216.25,18814.5546875,False,549
252527::056.swc,2786,2785,16570.046875,30222.88671875,18810.48828125,False,549
252527::056.swc,2787,2786,16577.47265625,30231.4609375,18808.5,False,549
252527::056.swc,2788,2787,16582.48046875,30239.58203125,18807.2421875,False,549
252527::056.swc,2789,2788,16583.265625,30246.3359375,18804.4609375,False,549
252527::056.swc,2790,2789,16582.625,30251.71875,18799.72265625,False,549
252527::056.swc,2791,2790,16581.90625,30261.453125,18798.11328125,False,549
252527::056.swc,2792,2791,16582.08984375,30266.6328125,18794.33203125,False,549
252527::056.swc,2793,2792,16583.5,30279.55078125,18793.5,False,549
252527::056.swc,2794,2793,16583.828125,30292.44921875,18793.5,False,549
252527::056.swc,2795,2794,16585.63671875,30302.21875,18793.16796875,False,549
252527::056.swc,2796,2795,16586.94140625,30307.44921875,18790.72265625,False,549
252527::056.swc,2797,2796,16588.953125,30314.07421875,18791.5,False,549
252527::056.swc,2798,2797,16589.625,30315.78125,18795.0,False,549
252527::056.swc,2799,2798,16592.85546875,30323.76953125,18794.5234375,False,549
252527::056.swc,2800,2799,16598.953125,30334.48046875,18788.90625,False,549
252527::056.swc,2801,2800,16602.46484375,30339.07421875,18784.75,False,549
252527::056.swc,2802,2801,16608.25,30348.60546875,18784.08203125,False,549
252527::056.swc,2803,2802,16611.32421875,30353.28125,18782.1953125,False,549
252527::056.swc,2804,2803,16617.18359375,30362.12109375,18784.32421875,False,549
252527::056.swc,2805,2804,16621.0859375,30367.3828125,18787.12890625,False,549
252527::056.swc,2806,2805,16626.30859375,30378.171875,18787.5,False,549
252527::056.swc,2807,2806,16631.59375,30393.0546875,18787.5,False,549
252527::056.swc,2808,2807,16633.953125,30401.625,18787.5,False,549
252527::056.swc,2809,2808,16633.7265625,30403.265625,18784.72265625,False,549
252527::056.swc,2810,2809,16633.29296875,30408.51953125,18784.5,False,549
252527::056.swc,2811,2810,16638.8828125,30421.22265625,18784.5,False,549
252527::056.swc,2812,2811,16645.45703125,30432.3828125,18784.5,False,549
252527::056.swc,2813,2812,16649.109375,30440.7890625,18784.9453125,False,549
252527::056.swc,2814,2813,16650.140625,30448.06640625,18790.484375,False,549
252527::056.swc,2815,2814,16651.35546875,30458.33203125,18794.91015625,False,549
252527::056.swc,2816,2815,16653.90234375,30467.4140625,18793.8359375,False,549
252527::056.swc,2817,2816,16653.9765625,30471.125,18789.2265625,False,549
252527::056.swc,2818,2817,16653.53125,30475.94140625,18787.5,False,549
252527::056.swc,2819,2818,16651.71484375,30485.5546875,18787.5,True,549
252527::056.swc,2820,1776,16365.8828125,30327.73046875,18954.7734375,False,549
252527::056.swc,2821,2820,16366.41796875,30337.0390625,18955.5,False,549
252527::056.swc,2822,2821,16365.80859375,30345.92578125,18956.03515625,False,549
252527::056.swc,2823,2822,16365.1484375,30349.4140625,18958.26171875,False,549
252527::056.swc,2824,2823,16364.75,30356.69921875,18959.03515625,False,549
252527::056.swc,2825,2824,16364.82421875,30361.546875,18961.140625,False,549
252527::056.swc,2826,2825,16365.74609375,30368.515625,18961.140625,False,549
252527::056.swc,2827,2826,16366.8671875,30371.28125,18959.25,False,549
252527::056.swc,2828,2827,16368.17578125,30376.73046875,18959.0,False,549
252527::056.swc,2829,2828,16368.328125,30383.6015625,18961.33984375,False,549
252527::056.swc,2830,2829,16368.89453125,30391.91796875,18961.66796875,False,549
252527::056.swc,2831,2830,16370.87109375,30398.2421875,18963.65234375,False,549
252527::056.swc,2832,2831,16374.42578125,30407.6015625,18964.83203125,False,549
252527::056.swc,2833,2832,16375.125,30409.92578125,18967.5,False,549
252527::056.swc,2834,2833,16379.47265625,30421.12890625,18972.140625,False,549
252527::056.swc,2835,2834,16383.7265625,30429.26953125,18976.58203125,False,549
252527::056.swc,2836,2835,16384.34375,30431.73828125,18982.4921875,False,549
252527::056.swc,2837,2836,16386.1875,30436.4375,18985.5,False,549
252527::056.swc,2838,2837,16387.3046875,30441.33984375,18983.40234375,False,549
252527::056.swc,2839,2838,16388.73828125,30446.5625,18978.38671875,False,549
252527::056.swc,2840,2839,16389.84765625,30452.0859375,18976.5,False,549
252527::056.swc,2841,2840,16389.45703125,30463.6875,18977.890625,False,549
252527::056.swc,2842,2841,16388.89453125,30472.2109375,18981.05078125,False,549
252527::056.swc,2843,2842,16388.16015625,30474.57421875,18985.0,False,549
252527::056.swc,2844,2843,16387.1953125,30477.3828125,18985.5,False,549
252527::056.swc,2845,2844,16387.6171875,30486.875,18985.5,False,549
252527::056.swc,2846,2845,16390.16015625,30495.42578125,18985.5,False,549
252527::056.swc,2847,2846,16392.55859375,30507.3359375,18985.5,False,549
252527::056.swc,2848,2847,16393.96875,30512.91015625,18986.90625,False,549
252527::056.swc,2849,2848,16395.12109375,30514.6328125,18990.58984375,False,549
252527::056.swc,2850,2849,16396.609375,30522.92578125,18991.5,False,549
252527::056.swc,2851,2850,16396.453125,30531.1875,18991.83203125,False,549
252527::056.swc,2852,2851,16396.57421875,30533.75,18994.0,False,549
252527::056.swc,2853,2852,16397.21875,30549.80078125,18994.5,False,549
252527::056.swc,2854,2853,16399.765625,30563.6796875,18994.5,False,549
252527::056.swc,2855,2854,16401.13671875,30572.49609375,18995.890625,False,549
252527::056.swc,2856,2855,16401.44921875,30573.3984375,18997.390625,False,549
252527::056.swc,2857,2856,16403.86328125,30588.953125,18999.76171875,False,549
252527::056.swc,2858,2857,16407.2421875,30606.19140625,19001.09765625,False,549
252527::056.swc,2859,2858,16408.9921875,30613.4453125,19003.94921875,False,549
252527::056.swc,2860,2859,16409.79296875,30616.4296875,19008.83203125,False,549
252527::056.swc,2861,2860,16411.55859375,30626.6015625,19010.33203125,False,549
252527::056.swc,2862,2861,16414.0546875,30634.734375,19012.23828125,False,549
252527::056.swc,2863,2862,16415.42578125,30644.48046875,19013.44921875,False,549
252527::056.swc,2864,2863,16415.42578125,30648.734375,19015.94921875,False,549
252527::056.swc,2865,2864,16415.42578125,30650.42578125,19020.5,False,549
252527::056.swc,2866,2865,16416.50390625,30658.0,19022.5859375,False,549
252527::056.swc,2867,2866,16420.17578125,30670.109375,19027.68359375,False,549
252527::056.swc,2868,2867,16422.296875,30678.171875,19031.8046875,False,549
252527::056.swc,2869,2868,16421.73828125,30684.234375,19033.5,False,549
252527::056.swc,2870,2869,16420.87109375,30688.77734375,19037.625,False,549
252527::056.swc,2871,2870,16420.28515625,30692.86328125,19043.98046875,False,549
252527::056.swc,2872,2871,16421.2578125,30697.37109375,19048.8046875,False,549
252527::056.swc,2873,2872,16421.8515625,30699.09765625,19054.75,False,549
252527::056.swc,2874,2873,16420.859375,30702.6953125,19057.5,False,549
252527::056.swc,2875,2874,16419.1484375,30712.875,19057.5,False,549
252527::056.swc,2876,2875,16416.25390625,30735.49609375,19058.2265625,False,549
252527::056.swc,2877,2876,16416.109375,30740.56640625,19059.8203125,False,549
252527::056.swc,2878,2877,16415.625,30743.375,19057.91796875,False,549
252527::056.swc,2879,2878,16413.83203125,30753.859375,19057.5,False,549
252527::056.swc,2880,2879,16416.7421875,30760.37109375,19057.5,False,549
252527::056.swc,2881,2880,16419.8515625,30772.0859375,19057.5,False,549
252527::056.swc,2882,2881,16421.10546875,30792.234375,19058.03125,False,549
252527::056.swc,2883,2882,16420.8671875,30801.49609375,19060.44140625,False,549
252527::056.swc,2884,2883,16421.78125,30807.98046875,19063.08203125,False,549
252527::056.swc,2885,2884,16422.4609375,30817.74609375,19063.5,False,549
252527::056.swc,2886,2885,16422.57421875,30821.37109375,19065.203125,False,549
252527::056.swc,2887,1776,16364.0625,30327.796875,18950.19921875,False,549
252527::056.swc,2888,2887,16360.35546875,30332.2109375,18948.5,False,549
252527::056.swc,2889,2888,16358.8671875,30334.44140625,18944.5,False,549
252527::056.swc,2890,2889,16355.45703125,30339.52734375,18941.69140625,False,549
252527::056.swc,2891,2890,16352.48828125,30342.79296875,18935.7734375,False,549
252527::056.swc,2892,2891,16348.52734375,30347.0859375,18931.5,False,549
252527::056.swc,2893,2892,16344.65625,30350.4296875,18930.43359375,False,549
252527::056.swc,2894,2893,16342.34375,30353.1640625,18924.875,False,549
252527::056.swc,2895,2894,16340.0703125,30357.375,18921.25,False,549
252527::056.swc,2896,2895,16335.66796875,30362.15625,18917.3984375,False,549
252527::056.swc,2897,2896,16332.08203125,30364.921875,18913.14453125,False,549
252527::056.swc,2898,2897,16330.01171875,30367.0625,18907.3046875,False,549
252527::056.swc,2899,2898,16326.55859375,30372.09765625,18901.23046875,False,549
252527::056.swc,2900,2899,16323.08984375,30375.16015625,18896.34765625,False,549
252527::056.swc,2901,2900,16318.765625,30377.9765625,18889.16015625,False,549
252527::056.swc,2902,2901,16316.5078125,30380.140625,18882.27734375,False,549
252527::056.swc,2903,2902,16314.14453125,30383.2265625,18877.40625,False,549
252527::056.swc,2904,1797,16488.29296875,30283.9921875,18954.39453125,False,549
252527::056.swc,2905,2904,16491.21484375,30283.109375,18960.66796875,False,549
252527::056.swc,2906,2905,16495.43359375,30281.27734375,18963.83984375,False,549
252527::056.swc,2907,2906,16496.05078125,30279.51953125,18973.5703125,False,549
252527::056.swc,2908,2907,16494.5078125,30278.77734375,18979.140625,False,549
252527::056.swc,2909,2908,16494.07421875,30279.1953125,18988.0390625,False,549
252527::056.swc,2910,2909,16493.90234375,30281.14453125,18994.69140625,False,549
252527::056.swc,2911,2910,16492.85546875,30284.51171875,18997.17578125,False,549
252527::056.swc,2912,2911,16491.01171875,30287.78515625,19008.60546875,False,549
252527::056.swc,2913,2912,16489.140625,30288.58984375,19016.44921875,False,549
252527::056.swc,2914,2913,16486.58984375,30288.24609375,19021.5,False,549
252527::056.swc,2915,2914,16484.57421875,30287.51171875,19021.5,True,549
252527::056.swc,2916,1797,16494.23828125,30288.17578125,18951.5859375,False,549
252527::056.swc,2917,2916,16497.6015625,30293.33203125,18949.62109375,False,549
252527::056.swc,2918,2917,16503.60546875,30299.38671875,18949.80078125,False,549
252527::056.swc,2919,2918,16512.453125,30305.66015625,18951.72265625,False,549
252527::056.swc,2920,2919,16526.68359375,30317.0859375,18953.0,False,549
252527::056.swc,2921,2920,16532.6484375,30323.55859375,18955.3515625,False,549
252527::056.swc,2922,2921,16540.19921875,30332.99609375,18955.5,False,549
252527::056.swc,2923,2922,16546.87109375,30338.87890625,18953.41015625,False,549
252527::056.swc,2924,2923,16554.5390625,30340.57421875,18953.54296875,False,549
252527::056.swc,2925,2924,16562.03515625,30345.8671875,18956.03125,False,549
252527::056.swc,2926,2925,16574.53125,30358.62890625,18962.9296875,False,549
252527::056.swc,2927,2926,16587.0625,30375.328125,18968.25390625,False,549
252527::056.swc,2928,2927,16595.66796875,30390.0078125,18970.0546875,False,549
252527::056.swc,2929,2928,16597.42578125,30394.2265625,18968.16796875,False,549
252527::056.swc,2930,2929,16598.84375,30396.63671875,18970.37109375,False,549
252527::056.swc,2931,2930,16603.3125,30404.28125,18970.796875,False,549
252527::056.swc,2932,2931,16607.2734375,30411.27734375,18972.89453125,False,549
252527::056.swc,2933,2932,16613.4375,30421.78125,18973.25,False,549
252527::056.swc,2934,2933,16616.68359375,30428.140625,18971.37109375,False,549
252527::056.swc,2935,2934,16619.99609375,30436.953125,18970.72265625,False,549
252527::056.swc,2936,2935,16623.91796875,30445.2265625,18973.43359375,False,549
252527::056.swc,2937,2936,16628.54296875,30456.9453125,18973.9765625,False,549
252527::056.swc,2938,2937,16632.29296875,30465.5703125,18976.0,False,549
252527::056.swc,2939,2938,16636.015625,30474.28125,18974.3828125,False,549
252527::056.swc,2940,2939,16639.54296875,30487.74609375,18973.5,False,549
252527::056.swc,2941,2940,16641.625,30494.96875,18972.0,False,549
252527::056.swc,2942,2941,16643.87109375,30499.09375,18967.88671875,False,549
252527::056.swc,2943,2942,16649.24609375,30508.90234375,18964.5390625,False,549
252527::056.swc,2944,1801,16219.2109375,30050.12109375,19362.8359375,False,549
252527::056.swc,2945,2944,16218.36328125,30053.390625,19379.16015625,False,549
252527::056.swc,2946,2945,16216.9609375,30053.765625,19388.5546875,False,549
252527::056.swc,2947,2946,16215.3828125,30052.4765625,19406.03515625,False,549
252527::056.swc,2948,2947,16215.80078125,30052.07421875,19419.65234375,False,549
252527::056.swc,2949,2948,16215.4140625,30052.3984375,19429.37109375,False,549
252527::056.swc,2950,2949,16215.6484375,30054.73828125,19440.1953125,False,549
252527::056.swc,2951,2950,16215.109375,30055.7734375,19451.12109375,False,549
252527::056.swc,2952,2951,16213.84765625,30055.57421875,19462.67578125,False,549
252527::056.swc,2953,1801,16221.28125,30049.08984375,19339.625,False,549
252527::056.swc,2954,2953,16219.8359375,30055.48828125,19344.796875,False,549
252527::056.swc,2955,2954,16219.125,30064.9765625,19349.390625,False,549
252527::056.swc,2956,2955,16219.125,30066.30859375,19354.3515625,False,549
252527::056.swc,2957,2956,16216.73046875,30070.55078125,19357.5,False,549
252527::056.swc,2958,2957,16213.27734375,30074.3203125,19358.0,False,549
252527::056.swc,2959,2958,16211.375,30078.796875,19360.41796875,False,549
252527::056.swc,2960,2959,16209.1328125,30087.2109375,19362.53515625,False,549
252527::056.swc,2961,2960,16203.69140625,30097.3359375,19363.91796875,False,549
252527::056.swc,2962,2961,16199.640625,30103.3515625,19366.33203125,False,549
252527::056.swc,2963,2962,16195.9609375,30111.65625,19369.95703125,False,549
252527::056.swc,2964,2963,16192.25,30118.27734375,19374.4140625,False,549
252527::056.swc,2965,2964,16189.4921875,30127.171875,19377.7890625,False,549
252527::056.swc,2966,2965,16188.33984375,30130.83984375,19383.65625,False,549
252527::056.swc,2967,2966,16187.8828125,30133.59375,19393.8828125,False,549
252527::056.swc,2968,2967,16187.20703125,30139.26171875,19397.16796875,False,549
252527::056.swc,2969,2968,16185.59375,30143.1640625,19402.109375,False,549
252527::056.swc,2970,2969,16181.3515625,30147.171875,19407.3671875,False,549
252527::056.swc,2971,2970,16179.3125,30150.65234375,19413.79296875,False,549
252527::056.swc,2972,2971,16177.1171875,30156.66796875,19416.94140625,False,549
252527::056.swc,2973,2972,16172.46484375,30170.51953125,19433.17578125,False,549
252527::056.swc,2974,2973,16166.02734375,30182.2578125,19452.28125,False,549
252527::056.swc,2975,2974,16159.16796875,30192.33984375,19465.05859375,False,549
252527::056.swc,2976,2975,16154.9375,30198.33984375,19474.51953125,False,549
252527::056.swc,2977,2976,16148.98828125,30205.0859375,19479.46875,False,549
252527::056.swc,2978,2977,16142.1640625,30209.37890625,19481.0,False,549
252527::056.swc,2979,2978,16141.125,30209.7265625,19483.5,False,549
252527::056.swc,2980,2979,16139.67578125,30209.58203125,19487.96484375,False,549
252527::056.swc,2981,2980,16135.58984375,30212.00390625,19490.1953125,False,549
252527::056.swc,2982,2981,16132.3515625,30214.8671875,19497.13671875,False,549
252527::056.swc,2983,2982,16129.85546875,30217.96875,19506.41796875,False,549
252527::056.swc,2984,2983,16127.12109375,30223.6484375,19510.91015625,False,549
252527::056.swc,2985,2984,16124.74609375,30227.78125,19519.76953125,False,549
252527::056.swc,2986,2985,16123.32421875,30228.52734375,19532.09375,False,549
252527::056.swc,2987,2986,16120.87890625,30228.21484375,19537.5,False,549
252527::056.swc,2988,2987,16115.37890625,30230.3046875,19541.1640625,False,549
252527::056.swc,2989,2988,16109.51171875,30231.625,19553.66796875,False,549
252527::056.swc,2990,2989,16102.37109375,30231.9453125,19567.03515625,False,549
252527::056.swc,2991,2990,16096.76953125,30233.09765625,19585.48828125,False,549
252527::056.swc,2992,2991,16089.73046875,30235.04296875,19603.71875,False,549
252527::056.swc,2993,2992,16087.9453125,30234.33203125,19609.17578125,False,549
252527::056.swc,2994,1810,16239.1484375,30107.63671875,19340.06640625,False,549
252527::056.swc,2995,2994,16242.03125,30114.96484375,19345.83203125,False,549
252527::056.swc,2996,2995,16245.53515625,30123.6015625,19350.953125,False,549
252527::056.swc,2997,2996,16248.4921875,30132.13671875,19359.859375,False,549
252527::056.swc,2998,2997,16249.71875,30135.078125,19365.73828125,False,549
252527::056.swc,2999,2998,16251.8828125,30146.10546875,19370.453125,False,549
252527::056.swc,3000,2999,16252.01171875,30153.765625,19375.2734375,False,549
252527::056.swc,3001,3000,16250.234375,30160.66796875,19381.015625,False,549
252527::056.swc,3002,3001,16247.76953125,30173.609375,19383.48046875,False,549
252527::056.swc,3003,3002,16247.07421875,30181.87109375,19388.16796875,False,549
252527::056.swc,3004,3003,16246.4140625,30183.34375,19392.61328125,False,549
252527::056.swc,3005,3004,16244.62109375,30191.46875,19395.8359375,False,549
252527::056.swc,3006,3005,16242.8515625,30202.6796875,19404.5390625,False,549
252527::056.swc,3007,3006,16241.69921875,30209.6171875,19415.96875,False,549
252527::056.swc,3008,3007,16241.765625,30220.2421875,19430.546875,False,549
252527::056.swc,3009,3008,16242.5,30230.87109375,19436.796875,False,549
252527::056.swc,3010,3009,16242.84375,30239.43359375,19443.88671875,False,549
252527::056.swc,3011,3010,16241.99609375,30247.76953125,19449.58203125,False,549
252527::056.swc,3012,3011,16241.24609375,30252.23046875,19455.13671875,False,549
252527::056.swc,3013,3012,16238.6015625,30260.11328125,19458.48828125,False,549
252527::056.swc,3014,3013,16238.31640625,30264.8203125,19462.64453125,False,549
252527::056.swc,3015,3014,16240.95703125,30274.26171875,19466.8671875,False,549
252527::056.swc,3016,3015,16243.6015625,30280.3515625,19470.66796875,False,549
252527::056.swc,3017,3016,16245.90234375,30296.640625,19474.29296875,False,549
252527::056.swc,3018,3017,16247.5703125,30304.84375,19477.7109375,False,549
252527::056.swc,3019,3018,16248.6796875,30310.4609375,19481.9921875,False,549
252527::056.swc,3020,3019,16250.77734375,30316.47265625,19487.5,False,549
252527::056.swc,3021,3020,16253.40625,30325.70703125,19488.28515625,False,549
252527::056.swc,3022,3021,16254.1015625,30331.90625,19491.09375,False,549
252527::056.swc,3023,3022,16254.2265625,30333.96484375,19498.109375,False,549
252527::056.swc,3024,3023,16254.55859375,30336.86328125,19501.5,False,549
252527::056.swc,3025,3024,16255.484375,30350.23828125,19501.5,False,549
252527::056.swc,3026,3025,16255.3203125,30371.078125,19501.5,False,549
252527::056.swc,3027,3026,16256.0390625,30380.6171875,19501.5,False,549
252527::056.swc,3028,3027,16256.17578125,30383.6015625,19503.734375,False,549
252527::056.swc,3029,3028,16256.171875,30389.34375,19512.7421875,False,549
252527::056.swc,3030,3029,16255.8359375,30396.0546875,19520.35546875,False,549
252527::056.swc,3031,3030,16255.6953125,30403.50390625,19524.796875,False,549
252527::056.swc,3032,3031,16256.70703125,30413.5078125,19527.390625,False,549
252527::056.swc,3033,3032,16257.30078125,30418.01953125,19530.296875,False,549
252527::056.swc,3034,3033,16257.11328125,30422.73046875,19531.44140625,False,549
252527::056.swc,3035,3034,16255.984375,30432.19921875,19531.66796875,False,549
252527::056.swc,3036,3035,16255.5234375,30436.82421875,19533.77734375,False,549
252527::056.swc,3037,3036,16256.4140625,30441.9296875,19533.4140625,False,549
252527::056.swc,3038,3037,16260.1328125,30446.83203125,19530.05859375,False,549
252527::056.swc,3039,3038,16263.859375,30452.66015625,19530.6796875,False,549
252527::056.swc,3040,3039,16265.63671875,30458.125,19528.890625,False,549
252527::056.swc,3041,3040,16265.76953125,30466.91796875,19528.5,False,549
252527::056.swc,3042,3041,16266.15234375,30473.19140625,19531.421875,False,549
252527::056.swc,3043,3042,16265.53515625,30477.8125,19536.25,False,549
252527::056.swc,3044,3043,16266.8125,30484.8046875,19537.046875,False,549
252527::056.swc,3045,3044,16268.83203125,30489.63671875,19535.109375,False,549
252527::056.swc,3046,3045,16269.37109375,30495.96484375,19534.16796875,False,549
252527::056.swc,3047,3046,16269.37109375,30501.59375,19531.6484375,False,549
252527::056.swc,3048,3047,16269.140625,30511.3671875,19531.5,False,549
252527::056.swc,3049,3048,16269.5390625,30520.44921875,19532.390625,False,549
252527::056.swc,3050,3049,16269.29296875,30526.55078125,19536.61328125,False,549
252527::056.swc,3051,3050,16269.7890625,30542.2578125,19538.56640625,False,549
252527::056.swc,3052,3051,16270.08984375,30552.12890625,19542.80078125,False,549
252527::056.swc,3053,3052,16270.36328125,30564.90625,19543.5,False,549
252527::056.swc,3054,3053,16269.9140625,30571.08984375,19545.171875,False,549
252527::056.swc,3055,3054,16268.03515625,30577.96875,19550.58984375,False,549
252527::056.swc,3056,3055,16265.3359375,30586.07421875,19554.6796875,False,549
252527::056.swc,3057,3056,16263.9765625,30590.26953125,19559.546875,False,549
252527::056.swc,3058,3057,16263.65234375,30596.82421875,19562.82421875,False,549
252527::056.swc,3059,3058,16260.3359375,30600.0390625,19565.1328125,False,549
252527::056.swc,3060,3059,16256.98828125,30605.0703125,19572.76171875,False,549
252527::056.swc,3061,3060,16257.99609375,30611.9140625,19577.4296875,False,549
252527::056.swc,3062,3061,16259.3984375,30615.75390625,19583.4765625,False,549
252527::056.swc,3063,3062,16258.76171875,30622.28515625,19585.5,False,549
252527::056.swc,3064,3063,16259.15234375,30634.35546875,19585.83203125,False,549
252527::056.swc,3065,3064,16260.0546875,30639.84375,19588.08203125,False,549
252527::056.swc,3066,3065,16261.24609375,30658.90625,19599.015625,False,549
252527::056.swc,3067,3066,16262.33984375,30666.44140625,19602.703125,False,549
252527::056.swc,3068,3067,16262.44921875,30676.515625,19606.3515625,False,549
252527::056.swc,3069,3068,16261.62890625,30681.109375,19609.22265625,False,549
252527::056.swc,3070,3069,16263.33984375,30686.1328125,19610.28515625,False,549
252527::056.swc,3071,3070,16266.52734375,30690.48046875,19613.59765625,False,549
252527::056.swc,3072,3071,16270.47265625,30694.83203125,19612.5703125,False,549
252527::056.swc,3073,3072,16273.4921875,30696.0234375,19609.97265625,False,549
252527::056.swc,3074,1810,16237.84765625,30104.02734375,19339.203125,False,549
252527::056.swc,3075,3074,16240.54296875,30110.3359375,19340.390625,False,549
252527::056.swc,3076,3075,16244.03125,30112.5234375,19342.90625,False,549
252527::056.swc,3077,3076,16247.2578125,30113.4765625,19347.91015625,False,549
252527::056.swc,3078,3077,16251.24609375,30116.56640625,19352.5390625,False,549
252527::056.swc,3079,3078,16254.7109375,30119.21875,19359.39453125,False,549
252527::056.swc,3080,3079,16262.203125,30121.12890625,19367.84375,False,549
252527::056.swc,3081,3080,16271.453125,30121.203125,19377.3046875,False,549
252527::056.swc,3082,3081,16278.109375,30121.82421875,19385.296875,False,549
252527::056.swc,3083,3082,16281.453125,30122.078125,19393.90625,False,549
252527::056.swc,3084,3083,16286.74609375,30121.83203125,19401.01171875,False,549
252527::056.swc,3085,3084,16292.2421875,30120.7421875,19410.50390625,False,549
252527::056.swc,3086,3085,16299.3671875,30124.46875,19416.6484375,False,549
252527::056.swc,3087,3086,16308.7578125,30133.359375,19420.4609375,False,549
252527::056.swc,3088,3087,16318.03515625,30140.05859375,19424.73046875,False,549
252527::056.swc,3089,3088,16321.625,30143.08984375,19432.44140625,False,549
252527::056.swc,3090,3089,16325.5703125,30148.34765625,19438.26171875,False,549
252527::056.swc,3091,3090,16329.375,30154.72265625,19448.22265625,False,549
252527::056.swc,3092,3091,16330.21484375,30162.6015625,19454.5078125,False,549
252527::056.swc,3093,3092,16330.11328125,30169.01953125,19461.1953125,False,549
252527::056.swc,3094,3093,16330.0546875,30172.421875,19469.921875,False,549
252527::056.swc,3095,3094,16331.8359375,30175.96484375,19479.09375,False,549
252527::056.swc,3096,3095,16333.30078125,30179.71875,19483.5,False,549
252527::056.swc,3097,3096,16331.8203125,30184.19140625,19505.5546875,False,549
252527::056.swc,3098,3097,16331.57421875,30187.53515625,19515.75,False,549
252527::056.swc,3099,3098,16332.08984375,30190.87890625,19522.203125,False,549
252527::056.swc,3100,3099,16334.39453125,30194.7265625,19525.4375,False,549
252527::056.swc,3101,3100,16336.5,30198.15625,19530.87109375,False,549
252527::056.swc,3102,3101,16337.31640625,30201.40234375,19532.734375,False,549
252527::056.swc,3103,3102,16338.6640625,30205.0859375,19540.97265625,False,549
252527::056.swc,3104,3103,16339.7109375,30208.29296875,19552.3828125,False,549
252527::056.swc,3105,3104,16341.54296875,30210.828125,19562.84765625,False,549
252527::056.swc,3106,3105,16342.12890625,30212.796875,19574.0390625,False,549
252527::056.swc,3107,3106,16343.48046875,30214.3046875,19580.67578125,False,549
252527::056.swc,3108,3107,16336.01171875,30212.390625,19588.34375,False,549
252527::056.swc,3109,3108,16329.83203125,30208.2109375,19593.7578125,False,549
252527::056.swc,3110,3109,16320.53515625,30203.49609375,19597.5,False,549
252527::056.swc,3111,3110,16316.2109375,30201.07421875,19597.5,False,549
252527::056.swc,3112,3111,16313.375,30198.66015625,19600.66796875,False,549
252527::056.swc,3113,3112,16313.375,30197.5546875,19605.28515625,True,549
252527::056.swc,3153,1841,16520.453125,29799.51953125,19222.609375,False,549
252527::056.swc,3154,3153,16524.28515625,29798.55859375,19213.5078125,False,549
252527::056.swc,3155,3154,16529.41796875,29796.33984375,19207.77734375,False,549
252527::056.swc,3156,3155,16532.34375,29795.8671875,19200.54296875,False,549
252527::056.swc,3157,3156,16532.359375,29793.84765625,19191.98828125,False,549
252527::056.swc,3158,3157,16528.625,29789.21484375,19185.34765625,False,549
252527::056.swc,3159,3158,16525.953125,29787.79296875,19177.88671875,False,549
252527::056.swc,3160,3159,16525.27734375,29785.97265625,19171.12890625,False,549
252527::056.swc,3161,3160,16525.5234375,29783.01171875,19166.046875,False,549
252527::056.swc,3162,3161,16523.94921875,29780.28515625,19158.43359375,False,549
252527::056.swc,3163,3162,16519.859375,29780.26953125,19154.33984375,False,549
252527::056.swc,3164,3163,16512.796875,29782.4765625,19152.23828125,False,549
252527::056.swc,3165,3164,16505.984375,29781.359375,19150.609375,False,549
252527::056.swc,3166,3165,16500.671875,29781.39453125,19144.69140625,False,549
252527::056.swc,3167,3166,16498.40234375,29780.65234375,19136.7578125,False,549
252527::056.swc,3168,3167,16493.51171875,29782.26953125,19132.5,False,549
252527::056.swc,3169,3168,16489.4609375,29785.5625,19132.5,True,549
252527::056.swc,3170,1841,16524.21484375,29803.40625,19239.2421875,False,549
252527::056.swc,3171,3170,16529.625,29799.99609375,19232.30859375,False,549
252527::056.swc,3172,3171,16535.234375,29795.4921875,19227.4765625,False,549
252527::056.swc,3173,3172,16541.03515625,29788.8828125,19222.68359375,False,549
252527::056.swc,3204,1899,16116.53515625,30051.1328125,19547.3203125,False,549
252527::056.swc,3205,3204,16120.21484375,30050.2578125,19551.55078125,False,549
252527::056.swc,3206,3205,16123.2890625,30051.58203125,19556.28515625,False,549
252527::056.swc,3207,3206,16123.32421875,30052.77734375,19562.79296875,False,549
252527::056.swc,3208,3207,16121.9375,30052.53515625,19569.22265625,False,549
252527::056.swc,3209,3208,16118.68359375,30052.03515625,19571.078125,False,549
252527::056.swc,3210,3209,16113.54296875,30047.75,19578.9453125,False,549
252527::056.swc,3211,3210,16110.46875,30042.8125,19587.46875,False,549
252527::056.swc,3212,3211,16106.99609375,30038.109375,19594.109375,False,549
252527::056.swc,3213,3212,16104.47265625,30037.078125,19599.203125,False,549
252527::056.swc,3214,3213,16102.41796875,30038.265625,19601.5234375,False,549
252527::056.swc,3215,3214,16100.79296875,30037.7265625,19607.51171875,False,549
252527::056.swc,3216,3215,16099.62890625,30035.50390625,19609.5,False,549
252527::056.swc,3217,3216,16095.40234375,30033.875,19607.72265625,False,549
252527::056.swc,3218,3217,16091.78515625,30032.3828125,19613.2578125,False,549
252527::056.swc,3219,3218,16087.90625,30032.21484375,19617.27734375,False,549
252527::056.swc,3220,3219,16087.17578125,30031.39453125,19623.890625,False,549
252527::056.swc,3221,3220,16086.3828125,30028.375,19629.8125,False,549
252527::056.swc,3222,3221,16083.7734375,30025.30078125,19634.3359375,False,549
252527::056.swc,3223,3222,16082.0078125,30023.91015625,19640.140625,True,549
252527::056.swc,3224,1899,16114.515625,30052.98046875,19546.453125,False,549
252527::056.swc,3225,3224,16115.234375,30054.609375,19553.859375,False,549
252527::056.swc,3226,3225,16116.6953125,30059.19140625,19555.5,False,549
252527::056.swc,3227,3226,16115.7421875,30065.64453125,19555.5,False,549
252527::056.swc,3228,3227,16114.5859375,30069.32421875,19557.0,False,549
252527::056.swc,3229,3228,16113.9375,30072.7578125,19561.03125,False,549
252527::056.swc,3230,3229,16112.375,30080.94140625,19563.53125,False,549
252527::056.swc,3231,3230,16110.98828125,30089.125,19564.5,False,549
252527::056.swc,3232,3231,16106.66015625,30098.21875,19571.38671875,False,549
252527::056.swc,3233,3232,16103.3984375,30104.296875,19573.5,False,549
252527::056.swc,3234,3233,16102.53515625,30110.72265625,19573.5,False,549
252527::056.swc,3235,3234,16102.125,30115.0546875,19570.953125,False,549
252527::056.swc,3236,3235,16102.015625,30115.921875,19566.43359375,False,549
252527::056.swc,3237,3236,16100.3203125,30119.33203125,19564.5,False,549
252527::056.swc,3238,3237,16098.54296875,30124.9609375,19564.33203125,False,549
252527::056.swc,3239,3238,16098.2265625,30127.76953125,19562.25,True,549
252527::056.swc,3240,1910,16174.92578125,30078.03515625,19339.0234375,False,549
252527::056.swc,3241,3240,16173.19140625,30079.85546875,19351.0390625,False,549
252527::056.swc,3242,3241,16169.62890625,30081.6875,19363.25,False,549
252527::056.swc,3243,3242,16167.16015625,30082.82421875,19378.265625,False,549
252527::056.swc,3244,3243,16165.40234375,30081.3046875,19385.4765625,False,549
252527::056.swc,3245,3244,16164.078125,30079.62890625,19396.36328125,False,549
252527::056.swc,3246,3245,16164.0234375,30079.50390625,19403.828125,False,549
252527::056.swc,3247,3246,16163.7578125,30081.14453125,19407.046875,False,549
252527::056.swc,3248,3247,16161.68359375,30080.80078125,19416.84765625,False,549
252527::056.swc,3249,1910,16173.69140625,30082.3671875,19334.12890625,False,549
252527::056.swc,3250,3249,16174.0390625,30090.18359375,19342.3125,False,549
252527::056.swc,3251,3250,16176.01953125,30094.5625,19350.80078125,False,549
252527::056.swc,3252,3251,16176.9609375,30096.70703125,19360.74609375,False,549
252527::056.swc,3253,3252,16177.9765625,30101.27734375,19371.58984375,False,549
252527::056.swc,3254,3253,16180.0234375,30108.9765625,19380.65625,False,549
252527::056.swc,3255,3254,16181.1640625,30113.265625,19387.0859375,False,549
252527::056.swc,3256,3255,16182.07421875,30114.82421875,19392.5,False,549
252527::056.swc,3257,1972,16386.92578125,30495.30078125,19463.09765625,False,549
252527::056.swc,3258,3257,16384.13671875,30500.02734375,19467.83203125,False,549
252527::056.swc,3259,3258,16384.3359375,30504.20703125,19469.640625,False,549
252527::056.swc,3260,3259,16385.6015625,30508.70703125,19478.265625,False,549
252527::056.swc,3261,3260,16387.34765625,30514.15625,19484.125,False,549
252527::056.swc,3262,3261,16388.125,30517.81640625,19493.296875,False,549
252527::056.swc,3263,3262,16388.125,30521.12890625,19497.0,False,549
252527::056.swc,3264,1972,16389.66015625,30494.59375,19458.91796875,False,549
252527::056.swc,3265,3264,16394.5703125,30499.578125,19460.08984375,False,549
252527::056.swc,3266,3265,16399.19140625,30504.73828125,19465.91796875,False,549
252527::056.swc,3267,3266,16404.74609375,30510.1015625,19469.37890625,False,549
252527::056.swc,3268,3267,16409.2734375,30516.79296875,19473.4765625,False,549
252527::056.swc,3269,3268,16413.2265625,30526.91796875,19476.875,False,549
252527::056.swc,3270,3269,16418.70703125,30534.51953125,19481.33203125,False,549
252527::056.swc,3271,3270,16423.45703125,30541.91015625,19483.5,False,549
252527::056.swc,3272,3271,16427.99609375,30545.53515625,19484.0,False,549
252527::056.swc,3273,3272,16429.40625,30546.3984375,19487.33203125,False,549
252527::056.swc,3274,3273,16431.140625,30549.984375,19489.5,False,549
252527::056.swc,3275,3274,16436.4140625,30556.60546875,19498.453125,False,549
252527::056.swc,3276,3275,16440.515625,30561.40234375,19501.5,False,549
252527::056.swc,3277,3276,16448.421875,30567.88671875,19501.5,False,549
252527::056.swc,3278,3277,16457.015625,30574.578125,19504.58203125,False,549
252527::056.swc,3279,3278,16463.21484375,30580.640625,19509.26953125,False,549
252527::056.swc,3280,3279,16471.23046875,30588.33203125,19512.96875,False,549
252527::056.swc,3281,3280,16476.62890625,30593.921875,19518.890625,False,549
252527::056.swc,3282,3281,16480.30859375,30601.96875,19525.7734375,False,549
252527::056.swc,3283,3282,16481.17578125,30611.234375,19527.578125,False,549
252527::056.swc,3284,3283,16485.85546875,30619.23046875,19525.95703125,False,549
252527::056.swc,3285,1983,16303.8671875,30078.54296875,19254.1953125,False,549
252527::056.swc,3286,3285,16307.57421875,30084.96875,19265.44921875,False,549
252527::056.swc,3287,3286,16313.26171875,30089.71875,19274.29296875,False,549
252527::056.swc,3288,3287,16321.42578125,30093.06640625,19288.015625,False,549
252527::056.swc,3289,3288,16326.3359375,30093.88671875,19297.6875,False,549
252527::056.swc,3290,3289,16331.2421875,30096.37109375,19309.62109375,False,549
252527::056.swc,3291,3290,16336.66796875,30099.54296875,19318.47265625,False,549
252527::056.swc,3292,3291,16340.5546875,30102.5078125,19328.6875,False,549
252527::056.swc,3293,3292,16347.11328125,30106.734375,19336.83203125,False,549
252527::056.swc,3294,3293,16352.6796875,30108.11328125,19341.38671875,False,549
252527::056.swc,3295,3294,16363.98828125,30104.1015625,19347.3515625,False,549
252527::056.swc,3296,3295,16368.28125,30103.7734375,19358.16796875,False,549
252527::056.swc,3297,3296,16369.44140625,30103.7734375,19373.58984375,False,549
252527::056.swc,3298,3297,16371.5859375,30104.125,19384.5,False,549
252527::056.swc,3299,3298,16373.8515625,30103.921875,19386.9453125,False,549
252527::056.swc,3300,3299,16374.16015625,30102.52734375,19394.859375,False,549
252527::056.swc,3301,3300,16376.43359375,30099.73046875,19406.58984375,False,549
252527::056.swc,3302,3301,16379.87109375,30097.85546875,19416.65625,False,549
252527::056.swc,3303,3302,16383.921875,30097.59375,19428.484375,False,549
252527::056.swc,3304,3303,16387.46484375,30096.6484375,19440.40234375,False,549
252527::056.swc,3305,3304,16392.30859375,30096.1640625,19450.6953125,False,549
252527::056.swc,3306,3305,16394.41796875,30094.38671875,19458.53125,False,549
252527::056.swc,3307,3306,16393.53515625,30092.0703125,19472.47265625,False,549
252527::056.swc,3308,3307,16390.44921875,30090.59375,19486.58203125,False,549
252527::056.swc,3309,3308,16388.46875,30088.87109375,19501.1328125,False,549
252527::056.swc,3310,3309,16387.83203125,30085.85546875,19513.9296875,False,549
252527::056.swc,3311,3310,16388.3125,30083.2734375,19532.5,False,549
252527::056.swc,3312,3311,16383.33203125,30080.8671875,19547.2109375,False,549
252527::056.swc,3313,3312,16379.7734375,30078.66015625,19551.64453125,False,549
252527::056.swc,3314,3313,16375.47265625,30077.84765625,19553.1484375,False,549
252527::056.swc,3315,3314,16373.7421875,30077.23046875,19560.55078125,False,549
252527::056.swc,3316,3315,16372.6171875,30073.5546875,19576.8046875,False,549
252527::056.swc,3317,3316,16370.97265625,30070.01171875,19587.375,False,549
252527::056.swc,3318,3317,16371.97265625,30067.03515625,19597.0390625,False,549
252527::056.swc,3319,3318,16375.46484375,30064.01171875,19607.7421875,False,549
252527::056.swc,3320,3319,16379.01953125,30059.078125,19616.0234375,False,549
252527::056.swc,3321,3320,16380.11328125,30056.85546875,19625.515625,False,549
252527::056.swc,3322,3321,16381.28125,30057.52734375,19632.62890625,False,549
252527::056.swc,3323,3322,16381.6015625,30056.87890625,19642.55859375,False,549
252527::056.swc,3324,3323,16381.421875,30054.578125,19647.37109375,False,549
252527::056.swc,3325,1983,16306.95703125,30073.0625,19252.6328125,False,549
252527::056.swc,3326,3325,16309.25390625,30072.25,19257.6953125,False,549
252527::056.swc,3327,3326,16309.82421875,30068.5546875,19268.11328125,False,549
252527::056.swc,3328,3327,16311.01171875,30065.5703125,19274.77734375,False,549
252527::056.swc,3329,3328,16311.42578125,30062.48828125,19285.55859375,False,549
252527::056.swc,3330,3329,16311.91796875,30059.6953125,19291.98046875,False,549
252527::056.swc,3331,3330,16311.84765625,30055.7578125,19294.69140625,False,549
252527::056.swc,3332,3331,16312.2265625,30051.828125,19301.1484375,False,549
252527::056.swc,3333,3332,16313.2734375,30050.015625,19307.7421875,False,549
252527::056.swc,3334,3333,16312.03125,30051.5234375,19316.3984375,False,549
252527::056.swc,3335,3334,16308.73046875,30053.41796875,19321.5859375,False,549
252527::056.swc,3336,3335,16300.0703125,30050.67578125,19329.78515625,False,549
252527::056.swc,3337,3336,16290.23046875,30046.546875,19335.0703125,False,549
252527::056.swc,3338,3337,16284.92578125,30044.30078125,19336.5,False,549
252527::056.swc,3339,3338,16277.9921875,30041.60546875,19340.6640625,False,549
252527::056.swc,3340,3339,16271.1796875,30041.0390625,19342.5,False,549
252527::056.swc,3341,3340,16265.9140625,30043.90234375,19342.5,False,549
252527::056.swc,3342,3341,16260.4296875,30045.109375,19344.05078125,False,549
252527::056.swc,3343,3342,16257.015625,30044.23046875,19347.32421875,False,549
252527::056.swc,3344,3343,16250.765625,30042.33203125,19350.1875,False,549
252527::056.swc,3345,3344,16247.1171875,30038.76953125,19353.59765625,False,549
252527::056.swc,3346,3345,16240.77734375,30031.5078125,19354.44921875,False,549
252527::056.swc,3347,3346,16234.6015625,30026.16015625,19352.09765625,False,549
252527::056.swc,3348,3347,16229.43359375,30027.05078125,19349.26171875,False,549
252527::056.swc,3349,3348,16226.0703125,30029.65234375,19346.4375,True,549
252527::056.swc,3350,1988,16078.140625,30219.546875,18795.3828125,False,549
252527::056.swc,3351,3350,16075.6015625,30219.8359375,18797.7890625,False,549
252527::056.swc,3352,3351,16073.8359375,30220.1171875,18792.86328125,False,549
252527::056.swc,3353,3352,16068.0234375,30222.01171875,18792.0390625,False,549
252527::056.swc,3354,3353,16061.5234375,30225.953125,18794.9609375,False,549
252527::056.swc,3355,3354,16048.27734375,30229.171875,18796.12890625,False,549
252527::056.swc,3356,3355,16039.48828125,30229.08203125,18794.4921875,False,549
252527::056.swc,3357,3356,16035.09765625,30227.80078125,18797.62890625,False,549
252527::056.swc,3358,3357,16029.40625,30228.8515625,18798.46875,False,549
252527::056.swc,3359,3358,16024.08203125,30230.421875,18801.84375,False,549
252527::056.swc,3360,3359,16018.22265625,30232.04296875,18801.42578125,False,549
252527::056.swc,3361,3360,16016.390625,30235.1796875,18799.72265625,False,549
252527::056.swc,3362,3361,16013.65234375,30240.84375,18801.08984375,False,549
252527::056.swc,3363,3362,16010.7421875,30242.56640625,18804.36328125,False,549
252527::056.swc,3364,3363,16005.29296875,30247.515625,18805.5,False,549
252527::056.swc,3365,3364,15999.05859375,30250.734375,18805.5,False,549
252527::056.swc,3366,3365,15994.10546875,30257.1484375,18805.5,False,549
252527::056.swc,3367,3366,15993.53515625,30269.3203125,18805.5,False,549
252527::056.swc,3368,3367,15997.30859375,30279.87109375,18805.5,False,549
252527::056.swc,3369,3368,15998.7265625,30290.3515625,18807.53125,False,549
252527::056.swc,3370,3369,15997.62109375,30296.04296875,18810.7734375,False,549
252527::056.swc,3371,3370,15999.1328125,30300.05859375,18813.43359375,True,549
252527::056.swc,3372,1988,16078.078125,30216.81640625,18788.63671875,False,549
252527::056.swc,3373,3372,16075.59375,30211.76171875,18785.23828125,False,549
252527::056.swc,3374,2023,16384.015625,30204.16796875,18823.0,False,549
252527::056.swc,3375,3374,16384.2265625,30205.17578125,18820.5,False,549
252527::056.swc,3376,2023,16381.4296875,30198.6796875,18823.5,False,549
252527::056.swc,3377,3376,16375.96484375,30202.42578125,18823.5,False,549
252527::056.swc,3378,3377,16367.26171875,30205.84765625,18824.09765625,False,549
252527::056.swc,3379,3378,16360.3125,30209.359375,18826.38671875,False,549
252527::056.swc,3380,3379,16352.15625,30214.796875,18827.03125,False,549
252527::056.swc,3381,3380,16343.3046875,30221.703125,18829.28515625,False,549
252527::056.swc,3382,3381,16335.28125,30227.09765625,18829.5,False,549
252527::056.swc,3383,3382,16330.76953125,30229.25390625,18832.19140625,False,549
252527::056.swc,3384,3383,16325.5,30233.91015625,18833.09375,False,549
252527::056.swc,3385,3384,16324.28125,30235.703125,18838.27734375,False,549
252527::056.swc,3386,3385,16319.8828125,30239.3984375,18841.5,False,549
252527::056.swc,3387,3386,16313.9921875,30244.578125,18841.5,False,549
252527::056.swc,3388,3387,16307.78125,30246.49609375,18841.5,False,549
252527::056.swc,3389,3388,16300.5625,30251.578125,18841.5,False,549
252527::056.swc,3390,3389,16292.79296875,30258.53125,18842.0625,False,549
252527::056.swc,3391,3390,16289.4921875,30261.63671875,18844.17578125,False,549
252527::056.swc,3392,3391,16284.3984375,30264.74609375,18844.5,False,549
252527::056.swc,3393,3392,16276.44140625,30272.01953125,18844.5,False,549
252527::056.swc,3394,3393,16272.046875,30275.80078125,18845.56640625,False,549
252527::056.swc,3395,3394,16266.28125,30277.98046875,18848.74609375,False,549
252527::056.swc,3396,3395,16257.01171875,30282.02734375,18850.5,False,549
252527::056.swc,3397,2045,16312.68359375,30217.46484375,18683.2265625,False,549
252527::056.swc,3398,3397,16313.30859375,30215.4296875,18673.8046875,False,549
252527::056.swc,3399,3398,16309.66796875,30215.67578125,18668.01953125,False,549
252527::056.swc,3400,3399,16301.74609375,30213.7421875,18663.51171875,False,549
252527::056.swc,3401,3400,16295.1484375,30212.84765625,18661.5,True,549
252527::056.swc,3402,2045,16308.203125,30223.890625,18683.63671875,False,549
252527::056.swc,3403,3402,16303.64453125,30227.296875,18681.7421875,False,549
252527::056.swc,3404,3403,16301.15234375,30228.41015625,18676.3125,False,549
252527::056.swc,3405,3404,16297.4375,30227.32421875,18671.5625,False,549
252527::056.swc,3406,3405,16294.5234375,30228.59375,18668.6953125,False,549
252527::056.swc,3407,3406,16291.54296875,30231.140625,18662.51171875,False,549
252527::056.swc,3408,3407,16284.42578125,30234.01171875,18655.328125,False,549
252527::056.swc,3409,3408,16275.1015625,30237.26953125,18648.48046875,False,549
252527::056.swc,3410,3409,16268.42578125,30241.0546875,18642.609375,False,549
252527::056.swc,3411,3410,16265.6328125,30243.23046875,18636.61328125,False,549
252527::056.swc,3412,3411,16263.18359375,30245.9609375,18634.5,False,549
252527::056.swc,3413,3412,16259.23046875,30247.71484375,18635.3203125,False,549
252527::056.swc,3414,3413,16257.80859375,30247.53515625,18639.28515625,False,549
252527::056.swc,3415,3414,16259.09375,30249.34375,18635.0546875,False,549
252527::056.swc,3416,3415,16259.93359375,30254.36328125,18636.5,False,549
252527::056.swc,3417,3416,16258.46484375,30266.890625,18637.5,False,549
252527::056.swc,3418,3417,16254.83203125,30277.48828125,18636.51171875,False,549
252527::056.swc,3419,3418,16252.9765625,30283.27734375,18634.75,False,549
252527::056.swc,3420,3419,16249.125,30289.96875,18633.47265625,False,549
252527::056.swc,3421,3420,16248.796875,30297.04296875,18629.08203125,False,549
252527::056.swc,3422,3421,16249.18359375,30312.59765625,18624.55078125,False,549
252527::056.swc,3423,3422,16250.94921875,30320.18359375,18621.79296875,False,549
252527::056.swc,3424,3423,16252.47265625,30329.03515625,18617.0546875,False,549
252527::056.swc,3425,3424,16251.4609375,30338.5625,18616.0,False,549
252527::056.swc,3426,3425,16250.9765625,30341.4765625,18613.91796875,False,549
252527::056.swc,3427,3426,16249.79296875,30346.42578125,18610.99609375,False,549
252527::056.swc,3428,3427,16247.44921875,30355.65625,18609.66796875,False,549
252527::056.swc,3429,3428,16244.14453125,30359.546875,18607.61328125,False,549
252527::056.swc,3430,3429,16240.11328125,30362.68359375,18607.83203125,False,549
252527::056.swc,3431,3430,16238.7421875,30365.13671875,18609.93359375,False,549
252527::056.swc,3432,3431,16237.74609375,30368.70703125,18608.546875,False,549
252527::056.swc,3433,3432,16236.75,30377.625,18607.75,False,549
252527::056.swc,3434,3433,16236.67578125,30379.96875,18609.75,False,549
252527::056.swc,3435,3434,16231.47265625,30389.296875,18603.53515625,False,549
252527::056.swc,3436,3435,16228.1171875,30401.73828125,18601.5,False,549
252527::056.swc,3437,2045,16313.55859375,30220.37109375,18689.78125,False,549
252527::056.swc,3438,3437,16308.36328125,30211.02734375,18686.3828125,False,549
252527::056.swc,3439,3438,16302.421875,30203.07421875,18682.23828125,False,549
252527::056.swc,3440,3439,16299.7578125,30197.09375,18677.6953125,False,549
252527::056.swc,3441,3440,16298.73046875,30192.2890625,18676.5,False,549
252527::056.swc,3442,3441,16293.0,30184.46484375,18676.5,False,549
252527::056.swc,3443,3442,16286.2578125,30178.125,18676.5,False,549
252527::056.swc,3444,3443,16279.80078125,30174.140625,18676.5,False,549
252527::056.swc,3445,3444,16277.3984375,30174.02734375,18671.17578125,False,549
252527::056.swc,3446,3445,16272.42578125,30172.7734375,18669.82421875,False,549
252527::056.swc,3447,3446,16270.28515625,30172.5,18666.47265625,False,549
252527::056.swc,3448,3447,16266.16796875,30170.3671875,18664.5,False,549
252527::056.swc,3449,3448,16261.53125,30168.87109375,18664.5,False,549
252527::056.swc,3450,3449,16252.671875,30166.3828125,18667.16796875,False,549
252527::056.swc,3451,3450,16247.97265625,30163.50390625,18670.00390625,False,549
252527::056.swc,3452,3451,16241.53515625,30159.32421875,18670.5,False,549
252527::056.swc,3453,3452,16233.73828125,30156.1953125,18670.5,False,549
252527::056.swc,3454,3453,16228.76953125,30153.3515625,18669.09765625,False,549
252527::056.swc,3455,3454,16224.60546875,30153.39453125,18665.96484375,False,549
252527::056.swc,3456,3455,16218.5078125,30153.01171875,18666.359375,False,549
252527::056.swc,3457,3456,16214.4453125,30151.015625,18667.453125,False,549
252527::056.swc,3458,3457,16206.95703125,30143.56640625,18666.2421875,False,549
252527::056.swc,3459,3458,16203.97265625,30138.67578125,18666.75390625,False,549
252527::056.swc,3460,3459,16202.2265625,30134.9765625,18664.5,False,549
252527::056.swc,3461,3460,16201.46875,30134.1328125,18667.0,False,549
252527::056.swc,3462,3461,16195.07421875,30129.1015625,18667.02734375,False,549
252527::056.swc,3463,3462,16190.11328125,30125.17578125,18665.109375,False,549
252527::056.swc,3464,3463,16186.7421875,30122.5859375,18666.47265625,False,549
252527::056.swc,3465,3464,16185.44140625,30120.80859375,18670.05078125,False,549
252527::056.swc,3466,3465,16183.11328125,30116.45703125,18671.6328125,False,549
252527::056.swc,3467,3466,16182.140625,30110.52734375,18675.3828125,False,549
252527::056.swc,3468,3467,16183.36328125,30106.03515625,18677.41015625,False,549
252527::056.swc,3469,3468,16184.64453125,30104.23828125,18681.09375,False,549
252527::056.swc,3470,3469,16195.48828125,30102.69921875,18684.48828125,False,549
252527::056.swc,3471,3470,16199.90234375,30103.125,18682.83203125,False,549
252527::056.swc,3472,3471,16205.18359375,30106.6171875,18679.98046875,False,549
252527::056.swc,3473,3472,16209.6875,30111.53125,18674.7421875,False,549
252527::056.swc,3474,3473,16215.484375,30113.33203125,18673.5,False,549
252527::056.swc,3475,3474,16222.8125,30112.66015625,18674.35546875,False,549
252527::056.swc,3476,3475,16226.4453125,30111.1875,18676.1171875,False,549
252527::056.swc,3477,3476,16230.50390625,30111.2421875,18674.86328125,False,549
252527::056.swc,3478,3477,16235.546875,30110.14453125,18675.73828125,False,549
252527::056.swc,3479,3478,16239.015625,30109.890625,18673.0078125,True,549
252527::056.swc,3480,2050,16355.00390625,30042.16015625,18747.90625,False,549
252527::056.swc,3481,3480,16354.2578125,30036.50390625,18744.8046875,False,549
252527::056.swc,3482,3481,16353.7421875,30033.41796875,18739.39453125,False,549
252527::056.swc,3483,3482,16353.1640625,30028.6328125,18734.69140625,False,549
252527::056.swc,3484,3483,16352.35546875,30022.61328125,18726.00390625,False,549
252527::056.swc,3485,3484,16351.37109375,30019.00390625,18718.81640625,False,549
252527::056.swc,3486,3485,16350.33203125,30015.80859375,18716.26171875,False,549
252527::056.swc,3487,2050,16350.9453125,30046.53125,18752.58203125,False,549
252527::056.swc,3488,3487,16341.91796875,30043.98828125,18749.48046875,False,549
252527::056.swc,3489,3488,16336.40625,30043.68359375,18746.94140625,False,549
252527::056.swc,3490,2059,16299.34765625,30069.31640625,18803.56640625,False,549
252527::056.swc,3491,3490,16293.53125,30072.875,18795.578125,False,549
252527::056.swc,3492,3491,16289.12109375,30075.046875,18792.03125,False,549
252527::056.swc,3493,3492,16284.40234375,30078.3125,18790.5,False,549
252527::056.swc,3494,3493,16277.8515625,30081.890625,18790.5,False,549
252527::056.swc,3495,3494,16269.078125,30084.51171875,18789.65625,False,549
252527::056.swc,3496,3495,16264.078125,30086.95703125,18787.82421875,False,549
252527::056.swc,3497,3496,16255.90234375,30093.07421875,18785.91796875,False,549
252527::056.swc,3498,3497,16253.7890625,30098.93359375,18782.29296875,False,549
252527::056.swc,3499,3498,16250.875,30109.39453125,18780.4609375,False,549
252527::056.swc,3500,3499,16249.1328125,30116.515625,18776.99609375,False,549
252527::056.swc,3501,3500,16245.546875,30123.3203125,18771.3203125,False,549
252527::056.swc,3502,2059,16297.83203125,30063.93359375,18809.65625,False,549
252527::056.swc,3503,3502,16291.20703125,30060.98046875,18814.4296875,False,549
252527::056.swc,3504,3503,16284.3046875,30059.77734375,18816.546875,False,549
252527::056.swc,3505,3504,16276.7890625,30058.296875,18819.453125,False,549
252527::056.swc,3506,3505,16268.078125,30055.4296875,18819.42578125,False,549
252527::056.swc,3507,3506,16255.77734375,30049.89453125,18823.26171875,False,549
252527::056.swc,3508,3507,16245.1796875,30045.30859375,18830.75,False,549
252527::056.swc,3509,3508,16241.48046875,30044.63671875,18837.5078125,False,549
252527::056.swc,3510,3509,16237.859375,30043.64453125,18841.5,False,549
252527::056.swc,3511,3510,16232.9765625,30040.69140625,18841.5,False,549
252527::056.swc,3512,3511,16228.515625,30036.0390625,18843.13671875,False,549
252527::056.swc,3513,3512,16226.81640625,30033.109375,18846.74609375,False,549
252527::056.swc,3514,3513,16222.60546875,30031.3828125,18847.5,False,549
252527::056.swc,3515,3514,16212.53125,30026.390625,18847.33984375,False,549
252527::056.swc,3516,3515,16206.5859375,30023.42578125,18845.25,False,549
252527::056.swc,3517,3516,16198.765625,30026.0625,18847.2890625,False,549
252527::056.swc,3518,3517,16188.4765625,30032.6015625,18854.41796875,False,549
252527::056.swc,3519,3518,16182.84765625,30035.0859375,18859.02734375,True,549
252527::056.swc,3520,2062,16386.65234375,30042.26171875,18755.16796875,False,549
252527::056.swc,3521,3520,16391.80078125,30043.63671875,18746.12109375,False,549
252527::056.swc,3522,3521,16395.5625,30045.1328125,18741.95703125,False,549
252527::056.swc,3523,3522,16398.3046875,30045.234375,18736.49609375,False,549
252527::056.swc,3524,3523,16401.109375,30044.98828125,18727.18359375,False,549
252527::056.swc,3525,3524,16406.5859375,30045.3984375,18714.6484375,False,549
252527::056.swc,3526,3525,16410.58203125,30046.1484375,18707.61328125,False,549
252527::056.swc,3527,2062,16386.31640625,30038.26171875,18754.74609375,False,549
252527::056.swc,3528,3527,16397.3203125,30034.05859375,18752.44921875,False,549
252527::056.swc,3529,3528,16407.484375,30031.33203125,18748.59765625,False,549
252527::056.swc,3530,3529,16415.82421875,30027.46484375,18743.85546875,False,549
252527::056.swc,3531,2071,16384.7890625,29993.47265625,18732.86328125,False,549
252527::056.swc,3532,3531,16387.39453125,29990.98046875,18727.43359375,False,549
252527::056.swc,3533,3532,16392.4609375,29985.62890625,18719.77734375,False,549
252527::056.swc,3534,3533,16399.3203125,29976.96484375,18706.078125,False,549
252527::056.swc,3535,3534,16404.3828125,29968.19921875,18696.2265625,False,549
252527::056.swc,3536,3535,16405.609375,29965.28515625,18689.96484375,False,549
252527::056.swc,3537,3536,16409.75,29959.10546875,18681.98828125,False,549
252527::056.swc,3538,3537,16412.51953125,29955.21875,18675.29296875,False,549
252527::056.swc,3539,3538,16413.4765625,29953.625,18670.5,False,549
252527::056.swc,3540,3539,16419.0234375,29948.97265625,18660.0546875,False,549
252527::056.swc,3541,3540,16423.38671875,29943.671875,18651.09375,False,549
252527::056.swc,3542,3541,16427.046875,29936.13671875,18644.0390625,False,549
252527::056.swc,3543,3542,16430.39453125,29929.73828125,18636.00390625,False,549
252527::056.swc,3544,3543,16433.3125,29924.64453125,18632.85546875,False,549
252527::056.swc,3545,3544,16436.46875,29919.421875,18627.1953125,False,549
252527::056.swc,3546,3545,16438.75,29912.30078125,18622.87109375,False,549
252527::056.swc,3547,3546,16441.15625,29906.63671875,18615.5859375,False,549
252527::056.swc,3548,3547,16443.8828125,29900.59375,18611.26953125,False,549
252527::056.swc,3549,3548,16446.078125,29896.84375,18604.63671875,False,549
252527::056.swc,3550,3549,16448.22265625,29892.06640625,18600.82421875,False,549
252527::056.swc,3551,3550,16451.6015625,29882.36328125,18595.77734375,False,549
252527::056.swc,3552,3551,16454.8125,29878.2890625,18591.46875,False,549
252527::056.swc,3553,3552,16458.60546875,29873.34375,18583.69921875,False,549
252527::056.swc,3554,3553,16462.88671875,29866.94921875,18578.265625,False,549
252527::056.swc,3555,3554,16465.96484375,29861.26171875,18571.76171875,False,549
252527::056.swc,3556,3555,16468.7734375,29853.26953125,18565.95703125,False,549
252527::056.swc,3557,3556,16470.62890625,29848.76171875,18560.1015625,False,549
252527::056.swc,3558,3557,16473.93359375,29840.640625,18550.06640625,False,549
252527::056.swc,3559,3558,16477.73046875,29833.234375,18546.38671875,False,549
252527::056.swc,3560,3559,16478.4765625,29831.3515625,18541.16796875,False,549
252527::056.swc,3561,3560,16479.44140625,29828.1953125,18538.5,False,549
252527::056.swc,3562,3561,16480.9296875,29823.5546875,18538.0,False,549
252527::056.swc,3563,3562,16482.48828125,29818.96875,18532.94140625,False,549
252527::056.swc,3564,3563,16486.078125,29812.359375,18529.0546875,False,549
252527::056.swc,3565,3564,16489.60546875,29806.26171875,18520.09375,False,549
252527::056.swc,3566,3565,16492.3984375,29799.25390625,18513.1171875,False,549
252527::056.swc,3567,3566,16493.9140625,29795.375,18506.5,False,549
252527::056.swc,3568,3567,16496.04296875,29792.8203125,18504.57421875,False,549
252527::056.swc,3569,3568,16497.83984375,29785.40625,18498.26171875,False,549
252527::056.swc,3570,3569,16499.91796875,29777.69140625,18494.34375,False,549
252527::056.swc,3571,3570,16502.5859375,29768.44921875,18485.1640625,False,549
252527::056.swc,3572,3571,16505.34765625,29760.5390625,18478.61328125,False,549
252527::056.swc,3573,3572,16506.5625,29755.58203125,18469.73828125,False,549
252527::056.swc,3574,3573,16509.69921875,29747.7890625,18462.1796875,False,549
252527::056.swc,3575,3574,16513.640625,29738.37109375,18454.76953125,False,549
252527::056.swc,3576,3575,16515.46484375,29727.96484375,18450.12890625,False,549
252527::056.swc,3577,3576,16515.08984375,29721.94140625,18446.95703125,False,549
252527::056.swc,3578,3577,16515.23046875,29715.96875,18444.21875,False,549
252527::056.swc,3579,3578,16516.453125,29709.3671875,18437.95703125,False,549
252527::056.swc,3580,3579,16516.19921875,29704.46875,18435.5546875,False,549
252527::056.swc,3581,3580,16515.57421875,29700.42578125,18429.91796875,False,549
252527::056.swc,3582,3581,16515.484375,29692.046875,18423.40234375,False,549
252527::056.swc,3583,3582,16514.875,29683.515625,18420.17578125,False,549
252527::056.swc,3584,3583,16514.953125,29673.78515625,18413.83203125,False,549
252527::056.swc,3585,3584,16515.953125,29662.7421875,18406.09375,False,549
252527::056.swc,3586,3585,16516.70703125,29655.890625,18397.8203125,False,549
252527::056.swc,3587,3586,16518.0546875,29643.44140625,18389.84375,False,549
252527::056.swc,3588,3587,16519.82421875,29638.4375,18384.10546875,False,549
252527::056.swc,3589,3588,16522.015625,29634.23046875,18378.33203125,False,549
252527::056.swc,3590,3589,16521.09375,29629.1953125,18375.39453125,False,549
252527::056.swc,3591,3590,16519.671875,29627.15234375,18371.0234375,False,549
252527::056.swc,3592,3591,16519.98828125,29625.15234375,18362.109375,False,549
252527::056.swc,3593,3592,16522.58203125,29619.11328125,18353.87109375,False,549
252527::056.swc,3594,3593,16524.625,29610.59765625,18346.25390625,False,549
252527::056.swc,3595,3594,16528.47265625,29607.16015625,18341.27734375,False,549
252527::056.swc,3596,3595,16533.3359375,29606.3828125,18335.796875,False,549
252527::056.swc,3597,3596,16536.59765625,29606.15234375,18325.96484375,False,549
252527::056.swc,3598,3597,16541.63671875,29606.78125,18319.6640625,False,549
252527::056.swc,3599,3598,16548.6015625,29605.29296875,18314.8203125,False,549
252527::056.swc,3600,3599,16553.62109375,29602.66015625,18308.1015625,False,549
252527::056.swc,3601,3600,16558.09765625,29599.453125,18305.25,False,549
252527::056.swc,3602,3601,16561.12890625,29595.04296875,18300.015625,False,549
252527::056.swc,3603,3602,16563.203125,29589.5234375,18291.80859375,False,549
252527::056.swc,3604,3603,16564.8046875,29587.70703125,18284.8359375,False,549
252527::056.swc,3605,3604,16563.6640625,29583.8359375,18286.4296875,False,549
252527::056.swc,3606,3605,16560.328125,29576.640625,18287.05078125,False,549
252527::056.swc,3607,3606,16558.8359375,29570.4453125,18282.20703125,False,549
252527::056.swc,3608,3607,16558.671875,29562.4609375,18278.32421875,False,549
252527::056.swc,3609,3608,16556.4921875,29559.2578125,18280.15625,True,549
252527::056.swc,3610,2071,16380.45703125,29995.40625,18733.671875,False,549
252527::056.swc,3611,3610,16368.5546875,29990.296875,18734.33984375,False,549
252527::056.swc,3612,3611,16359.4921875,29985.21484375,18736.3203125,False,549
252527::056.swc,3613,3612,16348.41796875,29979.78515625,18736.5,False,549
252527::056.swc,3614,3613,16339.5078125,29974.16796875,18737.9765625,False,549
252527::056.swc,3615,3614,16331.33984375,29970.15625,18741.58984375,False,549
252527::056.swc,3616,3615,16322.18359375,29967.6953125,18744.15234375,False,549
252527::056.swc,3617,3616,16316.05078125,29965.359375,18743.0,False,549
252527::056.swc,3618,3617,16315.9765625,29965.796875,18740.0,False,549
252527::056.swc,3619,3618,16310.8515625,29962.46875,18743.875,False,549
252527::056.swc,3620,3619,16302.31640625,29961.36328125,18742.359375,False,549
252527::056.swc,3621,3620,16296.7734375,29963.51171875,18737.59375,False,549
252527::056.swc,3622,3621,16293.48828125,29963.375,18732.16796875,False,549
252527::056.swc,3623,3622,16292.71484375,29963.375,18724.5,False,549
252527::056.swc,3624,2100,16419.4296875,30249.0234375,18780.81640625,False,549
252527::056.swc,3625,3624,16416.48046875,30254.7890625,18779.98046875,False,549
252527::056.swc,3626,3625,16411.71875,30259.0,18782.97265625,False,549
252527::056.swc,3627,3626,16403.47265625,30265.6953125,18784.5,False,549
252527::056.swc,3628,3627,16397.46484375,30272.3125,18785.18359375,False,549
252527::056.swc,3629,3628,16393.109375,30280.28125,18786.5625,False,549
252527::056.swc,3630,3629,16392.41796875,30286.76171875,18785.3203125,False,549
252527::056.swc,3631,3630,16392.01953125,30293.43359375,18787.26171875,False,549
252527::056.swc,3632,3631,16390.5859375,30303.71875,18788.28125,False,549
252527::056.swc,3633,3632,16391.140625,30309.9453125,18790.171875,False,549
252527::056.swc,3634,3633,16392.41015625,30324.94921875,18790.34375,False,549
252527::056.swc,3635,3634,16393.36328125,30327.59765625,18788.75,False,549
252527::056.swc,3636,3635,16397.31640625,30337.953125,18785.2578125,False,549
252527::056.swc,3637,3636,16402.5546875,30348.3515625,18781.25390625,False,549
252527::056.swc,3638,3637,16405.953125,30358.76171875,18776.69140625,False,549
252527::056.swc,3639,3638,16408.1875,30368.99609375,18774.02734375,False,549
252527::056.swc,3640,3639,16407.6484375,30380.2109375,18772.73046875,False,549
252527::056.swc,3641,3640,16405.18359375,30383.00390625,18774.453125,False,549
252527::056.swc,3642,3641,16396.93359375,30386.68359375,18776.0,False,549
252527::056.swc,3643,3642,16394.44140625,30387.93359375,18779.60546875,False,549
252527::056.swc,3644,3643,16388.359375,30387.66015625,18783.484375,False,549
252527::056.swc,3645,3644,16377.53515625,30388.39453125,18783.328125,False,549
252527::056.swc,3646,3645,16367.5,30389.421875,18784.58203125,False,549
252527::056.swc,3647,3646,16364.7265625,30389.125,18787.5,False,549
252527::056.swc,3648,3647,16355.12109375,30392.73046875,18789.58984375,False,549
252527::056.swc,3649,3648,16347.91015625,30396.953125,18790.5,False,549
252527::056.swc,3650,3649,16342.78125,30403.1796875,18790.66796875,False,549
252527::056.swc,3651,3650,16341.9609375,30408.1484375,18792.51953125,False,549
252527::056.swc,3652,3651,16342.8828125,30415.93359375,18792.66796875,False,549
252527::056.swc,3653,3652,16344.234375,30422.2890625,18787.20703125,False,549
252527::056.swc,3654,3653,16344.828125,30433.3671875,18780.74609375,False,549
252527::056.swc,3655,3654,16347.49609375,30446.0078125,18776.7421875,False,549
252527::056.swc,3656,3655,16347.4140625,30449.73828125,18773.17578125,False,549
252527::056.swc,3657,3656,16346.078125,30457.79296875,18772.5,False,549
252527::056.swc,3658,3657,16342.26953125,30465.51953125,18772.5,False,549
252527::056.swc,3659,3658,16335.97265625,30474.5078125,18769.79296875,False,549
252527::056.swc,3660,3659,16332.546875,30483.16796875,18769.5,False,549
252527::056.swc,3661,3660,16331.8671875,30493.17578125,18769.5,False,549
252527::056.swc,3662,3661,16331.5390625,30500.19921875,18767.0,False,549
252527::056.swc,3663,3662,16330.41796875,30502.71484375,18763.83203125,False,549
252527::056.swc,3664,3663,16329.1328125,30508.63671875,18763.0,False,549
252527::056.swc,3665,3664,16328.73828125,30512.4609375,18760.72265625,False,549
252527::056.swc,3666,3665,16328.18359375,30519.3515625,18760.5,False,549
252527::056.swc,3667,3666,16327.67578125,30522.94921875,18763.16796875,False,549
252527::056.swc,3668,3667,16327.67578125,30523.2421875,18767.83203125,False,549
252527::056.swc,3669,3668,16327.9765625,30526.15625,18769.5,False,549
252527::056.swc,3670,3669,16330.3984375,30530.73828125,18768.58203125,False,549
252527::056.swc,3671,3670,16332.6171875,30533.06640625,18763.44921875,False,549
252527::056.swc,3672,3671,16337.671875,30538.640625,18759.05859375,False,549
252527::056.swc,3673,3672,16344.28515625,30544.83984375,18756.32421875,False,549
252527::056.swc,3674,3673,16346.5859375,30549.16796875,18753.27734375,False,549
252527::056.swc,3675,3674,16347.69140625,30560.09765625,18750.3046875,False,549
252527::056.swc,3676,3675,16348.69140625,30564.11328125,18747.9921875,False,549
252527::056.swc,3677,3676,16349.5859375,30565.2734375,18744.1953125,False,549
252527::056.swc,3678,2100,16423.36328125,30251.34765625,18780.53515625,False,549
252527::056.swc,3679,3678,16423.2265625,30252.83984375,18776.83203125,False,549
252527::056.swc,3680,3679,16424.6953125,30256.125,18775.5,False,549
252527::056.swc,3681,3680,16426.703125,30265.6171875,18775.5,False,549
252527::056.swc,3682,3681,16427.91796875,30277.9296875,18775.5,False,549
252527::056.swc,3683,3682,16428.23828125,30299.26953125,18775.5,False,549
252527::056.swc,3684,3683,16426.83984375,30303.0078125,18776.41015625,False,549
252527::056.swc,3685,3684,16425.328125,30305.40234375,18780.19921875,False,549
252527::056.swc,3686,3685,16421.50390625,30310.23046875,18781.140625,False,549
252527::056.swc,3687,3686,16419.9765625,30312.6953125,18779.3046875,False,549
252527::056.swc,3688,2132,16028.48046875,29951.60546875,18664.5,False,549
252527::056.swc,3689,3688,16022.2578125,29948.66015625,18662.6640625,False,549
252527::056.swc,3690,3689,16014.88671875,29946.22265625,18658.2265625,False,549
252527::056.swc,3691,3690,16004.46484375,29945.58984375,18654.6484375,False,549
252527::056.swc,3692,3691,15991.06640625,29944.72265625,18652.16796875,False,549
252527::056.swc,3693,3692,15985.46484375,29943.9765625,18649.6484375,False,549
252527::056.swc,3694,3693,15979.76953125,29943.65625,18649.38671875,False,549
252527::056.swc,3695,3694,15969.5859375,29943.9140625,18645.046875,False,549
252527::056.swc,3696,3695,15955.65625,29943.1875,18640.1796875,False,549
252527::056.swc,3697,3696,15949.25390625,29943.546875,18636.62890625,False,549
252527::056.swc,3698,3697,15945.7265625,29945.8125,18629.375,False,549
252527::056.swc,3699,3698,15943.80859375,29948.234375,18620.6015625,False,549
252527::056.swc,3700,3699,15940.3046875,29948.51953125,18615.31640625,False,549
252527::056.swc,3701,3700,15939.18359375,29942.80078125,18622.8515625,False,549
252527::056.swc,3702,3701,15938.76171875,29934.390625,18627.44921875,False,549
252527::056.swc,3703,3702,15933.859375,29925.59765625,18627.51953125,False,549
252527::056.swc,3704,3703,15930.4765625,29921.3359375,18625.81640625,False,549
252527::056.swc,3705,3704,15926.99609375,29917.57421875,18627.7265625,False,549
252527::056.swc,3706,3705,15917.484375,29909.9765625,18625.72265625,False,549
252527::056.swc,3707,3706,15906.8671875,29900.80078125,18625.5,False,549
252527::056.swc,3708,3707,15897.92578125,29893.4453125,18625.5,False,549
252527::056.swc,3709,3708,15894.125,29890.140625,18623.83203125,False,549
252527::056.swc,3710,3709,15894.125,29889.8515625,18619.16796875,False,549
252527::056.swc,3711,3710,15888.71875,29885.44140625,18616.41015625,False,549
252527::056.swc,3712,3711,15880.5234375,29879.78125,18615.86328125,False,549
252527::056.swc,3713,3712,15872.05078125,29873.7109375,18613.66015625,False,549
252527::056.swc,3714,3713,15863.81640625,29867.83203125,18613.05859375,False,549
252527::056.swc,3715,3714,15858.13671875,29864.05859375,18610.91796875,False,549
252527::056.swc,3716,3715,15852.21484375,29861.78125,18610.5,False,549
252527::056.swc,3717,3716,15845.83203125,29859.58984375,18611.92578125,False,549
252527::056.swc,3718,3717,15832.94140625,29853.09765625,18607.63671875,False,549
252527::056.swc,3719,3718,15824.58984375,29848.44140625,18602.7578125,False,549
252527::056.swc,3720,3719,15816.80859375,29846.1640625,18601.25,False,549
252527::056.swc,3721,3720,15813.6328125,29844.7265625,18599.06640625,False,549
252527::056.swc,3722,3721,15806.98046875,29841.69921875,18598.3515625,False,549
252527::056.swc,3723,3722,15801.28125,29840.11328125,18595.72265625,False,549
252527::056.swc,3724,3723,15793.4140625,29837.8203125,18595.5,False,549
252527::056.swc,3725,3724,15787.34765625,29835.9765625,18596.9765625,False,549
252527::056.swc,3726,3725,15782.6953125,29836.03515625,18599.64453125,False,549
252527::056.swc,3727,3726,15778.90625,29836.421875,18598.35546875,False,549
252527::056.swc,3728,3727,15777.328125,29835.58203125,18592.66796875,False,549
252527::056.swc,3729,3728,15771.109375,29833.87109375,18589.5,False,549
252527::056.swc,3730,3729,15763.43359375,29831.19140625,18589.5,False,549
252527::056.swc,3731,3730,15756.1171875,29828.8984375,18585.78515625,False,549
252527::056.swc,3732,3731,15753.0390625,29828.82421875,18579.14453125,False,549
252527::056.swc,3733,3732,15754.2421875,29828.48828125,18569.546875,False,549
252527::056.swc,3734,3733,15758.57421875,29827.33984375,18561.32421875,False,549
252527::056.swc,3735,3734,15761.390625,29824.859375,18554.80859375,False,549
252527::056.swc,3736,3735,15762.66015625,29821.109375,18548.6015625,False,549
252527::056.swc,3737,3736,15763.39453125,29818.359375,18538.4921875,False,549
252527::056.swc,3738,3737,15762.90625,29813.9296875,18520.8515625,False,549
252527::056.swc,3739,3738,15761.56640625,29809.03515625,18505.609375,False,549
252527::056.swc,3740,3739,15759.78515625,29804.51953125,18495.90234375,False,549
252527::056.swc,3741,3740,15757.15625,29801.5390625,18491.453125,False,549
252527::056.swc,3742,3741,15755.36328125,29798.6875,18483.16015625,False,549
252527::056.swc,3743,3742,15753.28515625,29793.140625,18476.9765625,False,549
252527::056.swc,3744,3743,15748.25390625,29782.98828125,18468.484375,False,549
252527::056.swc,3745,3744,15745.296875,29777.12109375,18460.65234375,False,549
252527::056.swc,3746,3745,15744.0234375,29773.23828125,18455.3125,False,549
252527::056.swc,3747,3746,15739.46875,29765.57421875,18451.83984375,False,549
252527::056.swc,3748,3747,15733.83984375,29757.71484375,18445.171875,False,549
252527::056.swc,3749,3748,15729.734375,29750.96875,18435.59375,False,549
252527::056.swc,3750,3749,15724.8046875,29743.84765625,18430.71484375,False,549
252527::056.swc,3751,3750,15718.32421875,29735.01171875,18420.375,False,549
252527::056.swc,3752,3751,15713.875,29730.046875,18413.31640625,False,549
252527::056.swc,3753,3752,15709.26171875,29725.39453125,18411.609375,False,549
252527::056.swc,3754,3753,15708.2265625,29724.04296875,18406.2578125,False,549
252527::056.swc,3755,3754,15705.6171875,29719.796875,18398.02734375,False,549
252527::056.swc,3756,3755,15699.6640625,29710.7578125,18388.796875,False,549
252527::056.swc,3757,3756,15696.6328125,29704.7421875,18384.296875,False,549
252527::056.swc,3758,3757,15695.96484375,29704.0234375,18380.41796875,False,549
252527::056.swc,3759,3758,15692.40234375,29694.71484375,18372.87109375,False,549
252527::056.swc,3760,3759,15690.58984375,29689.00390625,18364.8671875,False,549
252527::056.swc,3761,3760,15688.11328125,29677.4921875,18356.4921875,False,549
252527::056.swc,3762,3761,15685.27734375,29665.21875,18343.76171875,False,549
252527::056.swc,3763,3762,15682.54296875,29656.8515625,18338.64453125,False,549
252527::056.swc,3764,3763,15679.8828125,29648.48828125,18335.16796875,False,549
252527::056.swc,3765,3764,15678.7265625,29643.2265625,18327.6953125,False,549
252527::056.swc,3766,3765,15676.265625,29634.22265625,18321.7421875,True,549
252527::056.swc,3767,2132,16031.50390625,29952.671875,18664.5,False,549
252527::056.swc,3768,3767,16025.4453125,29955.22265625,18664.5,False,549
252527::056.swc,3769,3768,16022.60546875,29958.82421875,18664.38671875,False,549
252527::056.swc,3770,3769,16023.18359375,29964.34375,18661.8984375,False,549
252527::056.swc,3771,3770,16025.71875,29969.84375,18661.02734375,False,549
252527::056.swc,3772,3771,16026.703125,29972.75390625,18656.62890625,False,549
252527::056.swc,3773,3772,16024.5390625,29976.25,18651.48046875,False,549
252527::056.swc,3774,3773,16020.265625,29984.26953125,18646.38671875,False,549
252527::056.swc,3775,3774,16015.375,29994.10546875,18637.97265625,False,549
252527::056.swc,3776,2135,16369.49609375,29980.40625,18762.15625,False,549
252527::056.swc,3777,3776,16373.5078125,29974.79296875,18757.04296875,False,549
252527::056.swc,3778,3777,16378.66796875,29965.01953125,18747.1171875,False,549
252527::056.swc,3779,3778,16381.65234375,29956.07421875,18741.640625,False,549
252527::056.swc,3780,3779,16382.2734375,29946.79296875,18739.5,False,549
252527::056.swc,3781,2135,16366.44140625,29983.109375,18765.203125,False,549
252527::056.swc,3782,3781,16365.25,29978.39453125,18757.578125,False,549
252527::056.swc,3783,3782,16363.39453125,29973.171875,18754.5,False,549
252527::056.swc,3784,3783,16360.4921875,29966.6015625,18754.26171875,False,549
252527::056.swc,3785,3784,16356.5078125,29961.30078125,18752.1875,False,549
252527::056.swc,3786,3785,16351.3046875,29954.85546875,18751.27734375,False,549
252527::056.swc,3787,3786,16348.21875,29951.99609375,18748.72265625,False,549
252527::056.swc,3788,3787,16342.18359375,29947.91015625,18747.26171875,False,549
252527::056.swc,3789,3788,16337.59375,29944.18359375,18742.4765625,False,549
252527::056.swc,3790,3789,16332.3828125,29941.84375,18736.72265625,False,549
252527::056.swc,3791,3790,16325.6015625,29939.77734375,18734.52734375,False,549
252527::056.swc,3792,3791,16318.859375,29936.60546875,18733.5,False,549
252527::056.swc,3793,2184,16624.75,29840.84765625,18726.85546875,False,549
252527::056.swc,3794,3793,16628.2578125,29836.50390625,18726.12890625,False,549
252527::056.swc,3795,3794,16633.31640625,29832.78125,18722.3515625,False,549
252527::056.swc,3796,3795,16637.08984375,29830.46484375,18717.453125,False,549
252527::056.swc,3797,3796,16642.421875,29828.1484375,18715.109375,False,549
252527::056.swc,3798,3797,16645.6953125,29824.25390625,18713.203125,False,549
252527::056.swc,3799,3798,16648.83984375,29813.328125,18712.5,False,549
252527::056.swc,3800,3799,16651.41015625,29806.9296875,18711.25,False,549
252527::056.swc,3801,3800,16653.53515625,29801.96875,18707.83984375,False,549
252527::056.swc,3802,3801,16658.51171875,29791.23046875,18702.984375,False,549
252527::056.swc,3803,3802,16660.953125,29783.2265625,18696.9453125,False,549
252527::056.swc,3804,3803,16660.92578125,29776.80078125,18689.67578125,False,549
252527::056.swc,3805,3804,16658.31640625,29771.7109375,18688.5,False,549
252527::056.swc,3806,3805,16657.2265625,29768.91796875,18684.03515625,False,549
252527::056.swc,3807,3806,16656.40625,29768.265625,18672.0078125,False,549
252527::056.swc,3808,3807,16655.14453125,29768.76953125,18661.9609375,False,549
252527::056.swc,3809,3808,16652.4765625,29769.5078125,18654.10546875,False,549
252527::056.swc,3810,3809,16653.03125,29767.07421875,18646.734375,False,549
252527::056.swc,3811,3810,16656.34375,29764.3125,18642.90625,False,549
252527::056.swc,3812,3811,16659.796875,29762.6953125,18636.625,False,549
252527::056.swc,3813,3812,16662.05859375,29760.04296875,18633.734375,False,549
252527::056.swc,3814,3813,16665.83984375,29758.1328125,18625.37109375,False,549
252527::056.swc,3815,3814,16668.7421875,29758.1875,18612.734375,False,549
252527::056.swc,3816,3815,16670.30078125,29758.57421875,18602.0,False,549
252527::056.swc,3817,3816,16672.1328125,29757.0546875,18598.5546875,False,549
252527::056.swc,3818,3817,16678.5703125,29755.7265625,18600.66015625,False,549
252527::056.swc,3819,3818,16688.3828125,29756.08203125,18603.0390625,False,549
252527::056.swc,3820,3819,16696.91796875,29755.3515625,18601.51953125,False,549
252527::056.swc,3830,2184,16626.53125,29847.515625,18715.23828125,False,549
252527::056.swc,3831,3830,16632.765625,29851.55859375,18712.80078125,False,549
252527::056.swc,3832,3831,16643.65234375,29857.69921875,18712.5,False,549
252527::056.swc,3833,3832,16658.33203125,29863.421875,18712.2109375,False,549
252527::056.swc,3834,3833,16664.46875,29864.66796875,18710.41015625,False,549
252527::056.swc,3835,3834,16672.6953125,29864.328125,18709.5,False,549
252527::056.swc,3836,3835,16677.875,29862.609375,18709.5,False,549
252527::056.swc,3837,3836,16686.15234375,29862.140625,18711.51171875,False,549
252527::056.swc,3838,3837,16691.3125,29863.37890625,18714.83984375,False,549
252527::056.swc,3839,3838,16698.015625,29862.3125,18715.140625,False,549
252527::056.swc,3883,2196,16344.86328125,29982.0390625,18696.1640625,False,549
252527::056.swc,3884,3883,16344.16015625,29978.78515625,18684.4140625,False,549
252527::056.swc,3885,2196,16336.203125,29988.87890625,18698.0234375,False,549
252527::056.swc,3886,3885,16333.19921875,29991.09765625,18691.04296875,False,549
252527::056.swc,3887,3886,16330.2421875,29993.74609375,18687.33203125,False,549
252527::056.swc,3888,3887,16327.54296875,29996.53125,18682.9921875,False,549
252527::056.swc,3889,3888,16322.61328125,29997.9921875,18680.76171875,False,549
252527::056.swc,3890,3889,16319.9140625,29998.7578125,18677.453125,False,549
252527::056.swc,3891,2207,16395.8515625,30044.6171875,18768.70703125,False,549
252527::056.swc,3892,3891,16395.390625,30046.89453125,18761.81640625,False,549
252527::056.swc,3893,3892,16395.2734375,30049.85546875,18760.03515625,False,549
252527::056.swc,3894,3893,16395.27734375,30052.296875,18755.02734375,False,549
252527::056.swc,3895,3894,16396.19140625,30058.33984375,18748.0390625,False,549
252527::056.swc,3896,3895,16398.06640625,30064.7109375,18738.69140625,False,549
252527::056.swc,3897,3896,16398.50390625,30068.4375,18731.3515625,False,549
252527::056.swc,3898,3897,16397.16796875,30069.21875,18723.14453125,False,549
252527::056.swc,3899,3898,16393.82421875,30069.32421875,18708.91015625,False,549
252527::056.swc,3900,3899,16391.84375,30069.83203125,18690.02734375,False,549
252527::056.swc,3901,3900,16389.24609375,30070.91796875,18683.46484375,False,549
252527::056.swc,3902,3901,16385.95703125,30072.23046875,18680.61328125,False,549
252527::056.swc,3903,3902,16384.24609375,30073.26171875,18669.0703125,False,549
252527::056.swc,3904,3903,16384.06640625,30074.8046875,18651.3984375,False,549
252527::056.swc,3905,3904,16383.75390625,30076.64453125,18637.9375,False,549
252527::056.swc,3906,2207,16401.375,30045.95703125,18767.74609375,False,549
252527::056.swc,3907,3906,16405.6875,30049.609375,18761.19140625,False,549
252527::056.swc,3908,3907,16408.92578125,30051.7734375,18754.5,False,549
252527::056.swc,3909,2280,16818.6875,30241.9609375,18961.7734375,False,549
252527::056.swc,3910,3909,16821.6953125,30241.4609375,18962.5859375,False,549
252527::056.swc,3911,3910,16825.63671875,30242.0,18967.390625,False,549
252527::056.swc,3912,3911,16831.75,30241.54296875,18970.5,False,549
252527::056.swc,3913,3912,16837.5078125,30241.1875,18971.55078125,False,549
252527::056.swc,3914,3913,16843.71484375,30243.13671875,18974.234375,False,549
252527::056.swc,3915,3914,16849.5703125,30245.12109375,18980.66796875,False,549
252527::056.swc,3916,3915,16849.8046875,30245.4765625,18985.0,True,549
252527::056.swc,3917,2280,16819.34765625,30241.75390625,18961.68359375,False,549
252527::056.swc,3918,3917,16822.28125,30241.49609375,18962.8515625,False,549
252527::056.swc,3919,3918,16825.02734375,30243.5546875,18967.06640625,False,549
252527::056.swc,3920,3919,16827.16796875,30248.50390625,18967.69921875,False,549
252527::056.swc,3921,3920,16832.0,30251.2734375,18969.01171875,False,549
252527::056.swc,3922,3921,16835.703125,30252.09375,18965.90625,False,549
252527::056.swc,3923,3922,16843.40234375,30254.8984375,18965.48828125,False,549
252527::056.swc,3924,3923,16850.03125,30255.515625,18967.98828125,False,549
252527::056.swc,3925,3924,16856.77734375,30254.8671875,18972.46484375,False,549
252527::056.swc,3947,2304,16559.29296875,30477.62109375,18849.90234375,False,549
252527::056.swc,3948,3947,16560.1640625,30480.84765625,18847.75,False,549
252527::056.swc,3949,3948,16562.6796875,30487.265625,18846.6640625,False,549
252527::056.swc,3950,3949,16567.94921875,30493.49609375,18843.9453125,False,549
252527::056.swc,3951,3950,16570.4765625,30498.84765625,18841.640625,False,549
252527::056.swc,3952,2304,16557.5390625,30473.98828125,18849.2421875,False,549
252527::056.swc,3953,3952,16554.88671875,30476.37109375,18848.91015625,False,549
252527::056.swc,3954,3953,16549.80859375,30476.51171875,18852.26953125,False,549
252527::056.swc,3955,3954,16543.99609375,30477.3203125,18853.5,False,549
252527::056.swc,3956,3955,16536.68359375,30481.98046875,18853.5,False,549
252527::056.swc,3957,3956,16530.41796875,30488.34765625,18852.3203125,False,549
252527::056.swc,3958,3957,16527.6796875,30491.26171875,18848.62890625,False,549
252527::056.swc,3959,3958,16516.6640625,30498.90234375,18852.53125,False,549
252527::056.swc,3960,3959,16509.2734375,30506.06640625,18854.75390625,False,549
252527::056.swc,3961,3960,16504.1875,30510.15234375,18857.9765625,False,549
252527::056.swc,3962,3961,16498.43359375,30513.359375,18855.87109375,False,549
252527::056.swc,3963,3962,16496.8671875,30513.1328125,18850.4296875,False,549
252527::056.swc,3964,3963,16493.9375,30515.44921875,18847.5,False,549
252527::056.swc,3965,3964,16491.65625,30518.921875,18849.80078125,False,549
252527::056.swc,3966,3965,16490.890625,30520.3515625,18856.95703125,False,549
252527::056.swc,3967,3966,16489.0234375,30523.28515625,18865.1015625,False,549
252527::056.swc,3968,3967,16483.87890625,30525.66015625,18867.1015625,False,549
252527::056.swc,3969,3968,16479.70703125,30528.2109375,18865.6171875,False,549
252527::056.swc,3970,3969,16477.421875,30530.7265625,18870.12109375,False,549
252527::056.swc,3971,3970,16470.875,30533.890625,18871.5,False,549
252527::056.swc,3972,3971,16466.1484375,30534.50390625,18873.84375,False,549
252527::056.swc,3973,3972,16464.16015625,30534.05078125,18876.8984375,False,549
252527::056.swc,3974,3973,16459.2578125,30533.5390625,18877.5,False,549
252527::056.swc,3975,3974,16445.38671875,30536.21484375,18878.5390625,False,549
252527::056.swc,3976,3975,16438.35546875,30540.69140625,18881.765625,False,549
252527::056.swc,3977,3976,16429.87890625,30543.87890625,18887.38671875,False,549
252527::056.swc,3978,3977,16420.16015625,30547.16796875,18889.5,False,549
252527::056.swc,3979,3978,16412.64453125,30549.64453125,18889.5,False,549
252527::056.swc,3980,3979,16404.11328125,30549.02734375,18889.5,False,549
252527::056.swc,3981,3980,16394.59375,30549.12890625,18890.91796875,False,549
252527::056.swc,3982,3981,16388.5234375,30548.52734375,18893.421875,False,549
252527::056.swc,3983,3982,16382.55078125,30549.49609375,18897.4140625,False,549
252527::056.swc,3984,3983,16379.953125,30550.578125,18904.08203125,False,549
252527::056.swc,3985,3984,16375.57421875,30552.9375,18901.96875,False,549
252527::056.swc,3986,3985,16366.234375,30555.3359375,18902.22265625,False,549
252527::056.swc,3987,3986,16363.99609375,30556.703125,18905.890625,False,549
252527::056.swc,3988,3987,16362.734375,30561.8359375,18909.91015625,False,549
252527::056.swc,3989,3988,16358.828125,30566.15234375,18915.71484375,False,549
252527::056.swc,3990,3989,16354.015625,30571.80078125,18918.0234375,False,549
252527::056.swc,3991,3990,16351.34375,30576.25390625,18924.65234375,False,549
252527::056.swc,3992,3991,16346.375,30581.1953125,18928.52734375,False,549
252527::056.swc,3993,3992,16344.48828125,30587.625,18933.9375,False,549
252527::056.swc,3994,3993,16345.63671875,30595.6953125,18938.23828125,False,549
252527::056.swc,3995,3994,16347.828125,30604.0234375,18940.83203125,False,549
252527::056.swc,3996,3995,16348.26953125,30608.51171875,18943.27734375,False,549
252527::056.swc,3997,3996,16346.78515625,30614.54296875,18943.5,False,549
252527::056.swc,3998,3997,16343.55078125,30618.4140625,18945.91796875,False,549
252527::056.swc,3999,3998,16340.52734375,30621.01953125,18950.828125,False,549
252527::056.swc,4000,3999,16339.16015625,30626.5546875,18956.44140625,True,549
252527::056.swc,4001,2341,16267.59765625,30028.859375,18863.33203125,False,549
252527::056.swc,4002,4001,16265.76953125,30027.5234375,18860.0,False,549
252527::056.swc,4003,4002,16260.02734375,30026.97265625,18859.5,False,549
252527::056.swc,4004,4003,16256.3671875,30025.09765625,18860.4375,False,549
252527::056.swc,4005,4004,16254.8046875,30023.2734375,18863.39453125,False,549
252527::056.swc,4006,4005,16252.5390625,30021.8671875,18858.89453125,False,549
252527::056.swc,4007,4006,16244.734375,30018.5234375,18856.5,False,549
252527::056.swc,4008,4007,16238.8828125,30015.10546875,18856.83203125,False,549
252527::056.swc,4009,4008,16237.32421875,30014.07421875,18859.5,False,549
252527::056.swc,4010,4009,16234.9609375,30013.79296875,18856.82421875,False,549
252527::056.swc,4011,4010,16229.80078125,30012.30078125,18857.640625,False,549
252527::056.swc,4012,4011,16224.42578125,30010.11328125,18854.8828125,False,549
252527::056.swc,4013,4012,16215.3125,30005.83203125,18856.10546875,False,549
252527::056.swc,4014,4013,16209.43359375,30003.72265625,18859.48046875,False,549
252527::056.swc,4015,4014,16208.78515625,30003.67578125,18864.18359375,True,549
252527::056.swc,4016,2341,16268.89453125,30030.49609375,18865.48828125,False,549
252527::056.swc,4017,4016,16267.2265625,30028.44921875,18862.83203125,False,549
252527::056.swc,4018,4017,16267.22265625,30026.40234375,18857.1484375,False,549
252527::056.swc,4019,4018,16265.7109375,30022.15234375,18854.328125,False,549
252527::056.swc,4020,4019,16260.73828125,30018.625,18853.0859375,False,549
252527::056.swc,4021,4020,16256.640625,30016.06640625,18850.109375,False,549
252527::056.swc,4022,4021,16254.44921875,30014.94921875,18845.4453125,False,549
252527::056.swc,4023,4022,16252.19921875,30011.78515625,18843.8828125,False,549
252527::056.swc,4024,4023,16247.6484375,30006.26953125,18837.04296875,False,549
252527::056.swc,4025,4024,16245.28125,30001.7109375,18827.79296875,False,549
252527::056.swc,4026,4025,16242.37890625,29995.8984375,18825.12890625,False,549
252527::056.swc,4027,4026,16238.1640625,29993.9140625,18826.4453125,False,549
252527::056.swc,4028,4027,16237.08984375,29985.34375,18825.4765625,False,549
252527::056.swc,4029,4028,16237.9921875,29978.08984375,18822.7734375,False,549
252527::056.swc,4030,4029,16238.76171875,29972.3125,18818.63671875,False,549
252527::056.swc,4031,4030,16241.703125,29968.96875,18817.5,False,549
252527::056.swc,4032,4031,16247.57421875,29965.4296875,18817.22265625,False,549
252527::056.swc,4033,4032,16250.78515625,29962.27734375,18815.0,False,549
252527::056.swc,4034,4033,16253.57421875,29955.97265625,18813.36328125,False,549
252527::056.swc,4035,4034,16254.96484375,29950.4453125,18809.66015625,False,549
252527::056.swc,4036,4035,16257.0390625,29947.66796875,18805.8203125,False,549
252527::056.swc,4037,4036,16262.98828125,29942.5234375,18806.09765625,False,549
252527::056.swc,4038,4037,16268.38671875,29936.56640625,18807.60546875,False,549
252527::056.swc,4039,4038,16273.25390625,29930.3984375,18805.828125,False,549
252527::056.swc,4040,4039,16276.90234375,29925.7109375,18803.0,False,549
252527::056.swc,4041,4040,16276.9765625,29926.14453125,18800.0,False,549
252527::056.swc,4042,4041,16280.80859375,29917.84375,18800.50390625,False,549
252527::056.swc,4043,4042,16281.6328125,29915.92578125,18804.0,False,549
252527::056.swc,4044,4043,16282.5,29910.78125,18805.5,False,549
252527::056.swc,4045,4044,16283.81640625,29903.53125,18805.5,False,549
252527::056.swc,4046,4045,16288.1171875,29896.48046875,18806.12109375,False,549
252527::056.swc,4047,4046,16294.29296875,29891.890625,18809.375,False,549
252527::056.swc,4048,4047,16303.76171875,29885.83203125,18809.43359375,False,549
252527::056.swc,4049,4048,16310.55078125,29883.3203125,18806.578125,False,549
252527::056.swc,4050,4049,16313.80078125,29883.2734375,18799.5703125,False,549
252527::056.swc,4051,4050,16314.45703125,29883.16015625,18790.34765625,False,549
252527::056.swc,4052,4051,16314.92578125,29882.890625,18783.33203125,False,549
252527::056.swc,4053,4052,16317.84765625,29882.25,18777.8984375,False,549
252527::056.swc,4054,4053,16321.46484375,29878.96484375,18775.0703125,False,549
252527::056.swc,4055,4054,16324.72265625,29877.75,18770.30078125,False,549
252527::056.swc,4056,4055,16327.65625,29878.60546875,18767.72265625,False,549
252527::056.swc,4057,4056,16332.01171875,29877.9140625,18757.265625,False,549
252527::056.swc,4058,4057,16338.34765625,29877.2265625,18749.3046875,False,549
252527::056.swc,4059,4058,16343.7734375,29876.92578125,18745.5,False,549
252527::056.swc,4060,4059,16348.71875,29879.578125,18738.69921875,False,549
252527::056.swc,4061,4060,16353.59375,29880.9140625,18734.6875,False,549
252527::056.swc,4062,4061,16355.84375,29878.421875,18731.69140625,False,549
252527::056.swc,4063,4062,16356.4296875,29877.0859375,18726.13671875,False,549
252527::056.swc,4064,4063,16358.73828125,29876.1171875,18720.75,False,549
252527::056.swc,4065,4064,16361.3046875,29874.0625,18718.01953125,False,549
252527::056.swc,4066,4065,16363.2890625,29873.2109375,18711.94140625,False,549
252527::056.swc,4067,4066,16364.5390625,29873.93359375,18706.109375,True,549
252527::056.swc,4068,2381,16386.4296875,29830.140625,18566.94921875,False,549
252527::056.swc,4069,4068,16394.76171875,29826.5625,18564.06640625,False,549
252527::056.swc,4070,4069,16401.91796875,29821.97265625,18557.8671875,False,549
252527::056.swc,4071,4070,16405.82421875,29819.4375,18549.7890625,False,549
252527::056.swc,4072,4071,16406.1953125,29814.13671875,18543.66796875,False,549
252527::056.swc,4073,4072,16404.63671875,29811.87109375,18537.96484375,True,549
252527::056.swc,4074,2381,16378.46875,29830.66015625,18561.578125,False,549
252527::056.swc,4075,4074,16375.15234375,29828.0546875,18554.02734375,False,549
252527::056.swc,4076,4075,16371.5703125,29823.0625,18553.5,False,549
252527::056.swc,4077,4076,16371.27734375,29814.44140625,18552.90234375,False,549
252527::056.swc,4078,4077,16372.4765625,29810.20703125,18549.33984375,False,549
252527::056.swc,4079,4078,16371.08203125,29805.78515625,18545.46484375,False,549
252527::056.swc,4080,4079,16369.4375,29801.60546875,18538.8984375,False,549
252527::056.swc,4081,4080,16368.3828125,29795.77734375,18534.3125,False,549
252527::056.swc,4082,4081,16367.0703125,29787.23046875,18532.5,False,549
252527::056.swc,4083,4082,16366.67578125,29783.375,18528.1640625,False,549
252527::056.swc,4084,4083,16366.40234375,29782.96875,18522.09375,False,549
252527::056.swc,4085,4084,16366.01171875,29779.265625,18518.31640625,False,549
252527::056.swc,4086,4085,16366.0390625,29771.27734375,18515.359375,False,549
252527::056.swc,4087,4086,16368.921875,29762.9609375,18508.890625,False,549
252527::056.swc,4088,4087,16373.4609375,29755.109375,18502.84765625,False,549
252527::056.swc,4089,4088,16377.81640625,29748.3203125,18495.640625,False,549
252527::056.swc,4090,4089,16379.0234375,29745.41015625,18490.90234375,False,549
252527::056.swc,4091,4090,16378.29296875,29745.625,18468.26953125,False,549
252527::056.swc,4092,4091,16380.375,29740.33203125,18460.5,False,549
252527::056.swc,4093,4092,16383.015625,29729.609375,18460.33203125,False,549
252527::056.swc,4094,4093,16383.72265625,29722.9296875,18458.1484375,False,549
252527::056.swc,4095,4094,16384.40234375,29713.1953125,18457.5,False,549
252527::056.swc,4096,4095,16388.49609375,29706.6796875,18457.5,False,549
252527::056.swc,4097,4096,16396.97265625,29703.16015625,18457.5,False,549
252527::056.swc,4098,4097,16403.875,29697.84765625,18457.22265625,False,549
252527::056.swc,4099,4098,16405.2578125,29694.41796875,18453.796875,False,549
252527::056.swc,4100,4099,16405.57421875,29685.171875,18449.78125,False,549
252527::056.swc,4101,4100,16407.80859375,29675.08984375,18448.5,False,549
252527::056.swc,4102,4101,16412.27734375,29670.91015625,18448.5,False,549
252527::056.swc,4103,4102,16414.265625,29665.7578125,18448.5,False,549
252527::056.swc,4104,4103,16413.4140625,29661.8515625,18448.5,False,549
252527::056.swc,4105,4104,16411.64453125,29658.265625,18451.23046875,False,549
252527::056.swc,4106,4105,16415.5703125,29653.3671875,18454.94140625,False,549
252527::056.swc,4107,4106,16422.890625,29651.5,18459.3046875,False,549
252527::056.swc,4108,4107,16429.75,29651.92578125,18461.33203125,False,549
252527::056.swc,4109,4108,16432.765625,29650.51171875,18463.33203125,False,549
252527::056.swc,4110,4109,16438.57421875,29647.4921875,18463.73828125,False,549
252527::056.swc,4111,4110,16442.41796875,29645.59765625,18465.6953125,False,549
252527::056.swc,4112,4111,16449.5390625,29645.828125,18461.23828125,False,549
252527::056.swc,4113,4112,16457.41015625,29646.28515625,18460.5,False,549
252527::056.swc,4114,4113,16463.1171875,29641.53515625,18461.83203125,False,549
252527::056.swc,4115,4114,16465.79296875,29637.60546875,18463.55859375,False,549
252527::056.swc,4116,4115,16471.77734375,29636.046875,18461.5,False,549
252527::056.swc,4117,4116,16475.19140625,29636.8203125,18458.3125,False,549
252527::056.swc,4118,4117,16477.375,29637.65234375,18460.0546875,False,549
252527::056.swc,4119,4118,16478.15625,29637.7265625,18466.78125,False,549
252527::056.swc,4120,4119,16481.17578125,29637.94921875,18473.78515625,False,549
252527::056.swc,4121,4120,16486.09375,29638.625,18476.5,False,549
252527::056.swc,4122,4121,16488.13671875,29640.00390625,18480.66796875,False,549
252527::056.swc,4123,4122,16489.828125,29642.97265625,18479.80078125,False,549
252527::056.swc,4124,4123,16491.5,29644.421875,18476.234375,False,549
252527::056.swc,4125,4124,16494.30078125,29645.6171875,18476.0,False,549
252527::056.swc,4126,4125,16496.84765625,29647.9765625,18480.94140625,False,549
252527::056.swc,4127,4126,16501.421875,29650.4765625,18484.85546875,False,549
252527::056.swc,4128,4127,16504.796875,29650.83984375,18491.4453125,False,549
252527::056.swc,4129,4128,16507.1796875,29652.45703125,18492.16796875,False,549
252527::056.swc,4130,4129,16508.8984375,29654.69921875,18488.390625,False,549
252527::056.swc,4131,4130,16513.2421875,29659.640625,18487.25,False,549
252527::056.swc,4132,4131,16513.69140625,29661.33984375,18485.52734375,False,549
252527::056.swc,4133,4132,16520.1953125,29661.66796875,18487.30078125,False,549
252527::056.swc,4134,4133,16527.84375,29663.82421875,18484.65234375,False,549
252527::056.swc,4135,4134,16533.1015625,29667.9140625,18482.94921875,False,549
252527::056.swc,4136,4135,16536.6484375,29670.4140625,18485.8515625,False,549
252527::056.swc,4137,4136,16542.31640625,29670.21875,18487.5,False,549
252527::056.swc,4138,4137,16546.26171875,29666.6015625,18487.0,False,549
252527::056.swc,4139,4138,16548.54296875,29666.0703125,18484.72265625,False,549
252527::056.swc,4140,4139,16551.4453125,29668.6640625,18484.6484375,False,549
252527::056.swc,4141,4140,16554.81640625,29673.015625,18487.3515625,False,549
252527::056.swc,4142,4141,16559.62109375,29675.40234375,18487.5,False,549
252527::056.swc,4143,4142,16567.59375,29674.609375,18488.53125,False,549
252527::056.swc,4144,4143,16573.99609375,29676.515625,18490.26953125,False,549
252527::056.swc,4145,4144,16579.71484375,29682.46484375,18489.4609375,False,549
252527::056.swc,4146,4145,16581.48828125,29687.56640625,18485.09765625,False,549
252527::056.swc,4147,4146,16586.91796875,29690.30078125,18481.5,False,549
252527::056.swc,4148,4147,16598.0859375,29690.95703125,18481.5,False,549
252527::056.swc,4149,4148,16603.5,29695.5546875,18481.5,False,549
252527::056.swc,4150,4149,16607.25390625,29703.83984375,18481.5,True,549
252527::056.swc,4217,2532,16462.17578125,29962.421875,18769.24609375,False,549
252527::056.swc,4218,4217,16462.29296875,29958.51953125,18760.859375,False,549
252527::056.swc,4219,4218,16461.57421875,29957.5234375,18748.7578125,False,549
252527::056.swc,4220,4219,16461.234375,29953.19921875,18741.0390625,False,549
252527::056.swc,4221,4220,16459.66015625,29945.890625,18736.99609375,False,549
252527::056.swc,4222,4221,16454.84765625,29938.796875,18733.76171875,False,549
252527::056.swc,4223,4222,16452.08203125,29933.3125,18727.83203125,False,549
252527::056.swc,4224,4223,16451.5390625,29925.0703125,18718.921875,False,549
252527::056.swc,4225,4224,16451.43359375,29918.125,18707.48046875,False,549
252527::056.swc,4226,4225,16452.6953125,29913.1796875,18697.50390625,False,549
252527::056.swc,4227,4226,16455.671875,29909.0078125,18687.15625,False,549
252527::056.swc,4228,4227,16457.91015625,29907.7734375,18680.3359375,False,549
252527::056.swc,4229,4228,16463.25,29904.61328125,18675.2265625,False,549
252527::056.swc,4230,4229,16465.3125,29900.57421875,18671.94921875,False,549
252527::056.swc,4231,4230,16465.1171875,29896.46484375,18664.80078125,False,549
252527::056.swc,4232,4231,16462.86328125,29892.65625,18660.875,False,549
252527::056.swc,4233,4232,16460.50390625,29890.6015625,18655.96875,False,549
252527::056.swc,4234,4233,16456.953125,29894.15625,18651.7265625,False,549
252527::056.swc,4235,4234,16453.54296875,29901.3984375,18649.84765625,False,549
252527::056.swc,4236,4235,16448.00390625,29909.40625,18647.71484375,False,549
252527::056.swc,4237,4236,16444.578125,29912.64453125,18645.171875,False,549
252527::056.swc,4238,4237,16443.4296875,29913.9296875,18640.33203125,False,549
252527::056.swc,4239,4238,16444.2578125,29917.4609375,18637.5,False,549
252527::056.swc,4240,4239,16446.8671875,29922.12890625,18638.16015625,False,549
252527::056.swc,4241,4240,16446.47265625,29925.5546875,18640.08203125,False,549
252527::056.swc,4242,4241,16444.36328125,29930.83984375,18640.5,False,549
252527::056.swc,4243,4242,16443.171875,29933.33203125,18636.63671875,False,549
252527::056.swc,4244,4243,16442.21875,29933.68359375,18629.91796875,False,549
252527::056.swc,4245,4244,16441.44921875,29935.8515625,18628.5,False,549
252527::056.swc,4246,4245,16440.17578125,29943.88671875,18625.41796875,False,549
252527::056.swc,4247,4246,16439.609375,29949.078125,18620.44921875,False,549
252527::056.swc,4248,4247,16440.26953125,29956.76171875,18618.8203125,False,549
252527::056.swc,4249,4248,16439.6015625,29967.40625,18618.6953125,False,549
252527::056.swc,4250,4249,16439.4765625,29974.06640625,18616.859375,False,549
252527::056.swc,4251,4250,16439.15234375,29979.80078125,18619.12109375,False,549
252527::056.swc,4252,4251,16436.796875,29982.3671875,18620.7578125,False,549
252527::056.swc,4253,4252,16432.94140625,29984.6640625,18615.8203125,False,549
252527::056.swc,4254,4253,16429.1953125,29990.47265625,18610.28125,False,549
252527::056.swc,4255,4254,16428.21875,29994.7265625,18607.046875,False,549
252527::056.swc,4256,4255,16427.859375,29997.8125,18602.38671875,False,549
252527::056.swc,4257,4256,16428.046875,30002.07421875,18601.5,False,549
252527::056.swc,4258,4257,16429.8359375,30006.75390625,18603.53515625,False,549
252527::056.swc,4259,4258,16430.375,30010.70703125,18601.82421875,False,549
252527::056.swc,4260,4259,16429.64453125,30013.36328125,18598.18359375,False,549
252527::056.swc,4261,4260,16429.11328125,30013.1171875,18592.17578125,False,549
252527::056.swc,4262,4261,16431.7265625,30013.84375,18588.3515625,False,549
252527::056.swc,4263,4262,16431.83984375,30014.5625,18581.83203125,False,549
252527::056.swc,4264,4263,16429.484375,30013.99609375,18579.22265625,False,549
252527::056.swc,4265,4264,16424.16015625,30012.64453125,18577.5,False,549
252527::056.swc,4266,4265,16415.921875,30014.82421875,18577.5,False,549
252527::056.swc,4267,4266,16405.3984375,30015.06640625,18577.5,False,549
252527::056.swc,4268,4267,16399.12890625,30013.2734375,18577.5,False,549
252527::056.swc,4269,4268,16392.453125,30014.09375,18577.5,False,549
252527::056.swc,4270,4269,16386.953125,30011.74609375,18577.5,False,549
252527::056.swc,4271,4270,16381.8359375,30004.671875,18576.75,False,549
252527::056.swc,4272,4271,16379.734375,30000.75390625,18574.80078125,False,549
252527::056.swc,4273,4272,16377.1640625,30001.13671875,18575.8984375,True,549
252527::056.swc,4274,2532,16464.0390625,29966.28125,18771.40234375,False,549
252527::056.swc,4275,4274,16468.7265625,29965.49609375,18760.08984375,False,549
252527::056.swc,4276,4275,16477.10546875,29966.140625,18748.96875,False,549
252527::056.swc,4277,4276,16486.03125,29967.109375,18734.3515625,False,549
252527::056.swc,4278,4277,16489.74609375,29967.8671875,18726.26953125,False,549
252527::056.swc,4279,4278,16496.14453125,29971.8515625,18721.51171875,False,549
252527::056.swc,4280,4279,16500.0859375,29974.12890625,18716.5625,False,549
252527::056.swc,4281,4280,16502.92578125,29978.89453125,18711.34375,False,549
252527::056.swc,4282,4281,16506.77734375,29982.37109375,18708.0,False,549
252527::056.swc,4283,4282,16514.01953125,29986.66015625,18700.40625,False,549
252527::056.swc,4284,4283,16520.5703125,29989.7734375,18692.0390625,False,549
252527::056.swc,4285,4284,16524.93359375,29994.65625,18679.06640625,False,549
252527::056.swc,4286,4285,16531.24609375,30000.34375,18667.3984375,False,549
252527::056.swc,4287,4286,16535.1484375,30007.03515625,18662.0,False,549
252527::056.swc,4288,4287,16540.015625,30014.1484375,18660.609375,False,549
252527::056.swc,4289,4288,16541.890625,30016.69140625,18655.26953125,False,549
252527::056.swc,4290,4289,16543.92578125,30022.859375,18650.59765625,False,549
252527::056.swc,4291,4290,16549.7734375,30032.453125,18646.57421875,False,549
252527::056.swc,4292,4291,16556.48828125,30041.79296875,18639.6875,False,549
252527::056.swc,4293,4292,16561.1640625,30048.83203125,18632.41015625,False,549
252527::056.swc,4294,4293,16563.375,30051.60546875,18629.34765625,False,549
252527::056.swc,4295,4294,16569.17578125,30053.87109375,18628.18359375,False,549
252527::056.swc,4296,4295,16574.4453125,30056.43359375,18624.84375,False,549
252527::056.swc,4297,4296,16577.44140625,30058.56640625,18616.4453125,False,549
252527::056.swc,4298,2583,16263.07421875,30016.84765625,19425.3046875,False,549
252527::056.swc,4299,4298,16263.32421875,30015.375,19455.3125,False,549
252527::056.swc,4300,4299,16263.32421875,30015.375,19464.0,False,549
252527::056.swc,4301,4300,16263.50390625,30012.578125,19479.28515625,False,549
252527::056.swc,4302,4301,16263.0078125,30009.34375,19487.7734375,False,549
252527::056.swc,4303,4302,16262.53125,30009.625,19495.38671875,False,549
252527::056.swc,4304,4303,16261.01171875,30011.078125,19501.15625,False,549
252527::056.swc,4305,4304,16256.65234375,30012.359375,19509.82421875,False,549
252527::056.swc,4306,4305,16254.59765625,30011.35546875,19515.50390625,False,549
252527::056.swc,4307,4306,16258.19921875,30012.63671875,19530.94921875,False,549
252527::056.swc,4308,4307,16258.48046875,30011.9296875,19542.18359375,False,549
252527::056.swc,4309,4308,16257.1328125,30009.0,19549.84375,False,549
252527::056.swc,4310,4309,16256.82421875,30006.12109375,19558.84375,False,549
252527::056.swc,4311,4310,16256.40234375,30004.13671875,19570.19921875,False,549
252527::056.swc,4312,4311,16254.68359375,30001.265625,19581.390625,False,549
252527::056.swc,4313,4312,16253.09765625,30000.12109375,19589.12890625,False,549
252527::056.swc,4314,4313,16252.34765625,29998.79296875,19599.1015625,False,549
252527::056.swc,4315,4314,16252.2734375,29998.80078125,19612.8515625,False,549
252527::056.swc,4316,2583,16260.69921875,30021.01171875,19407.70703125,False,549
252527::056.swc,4317,4316,16257.484375,30019.75390625,19414.05859375,False,549
252527::056.swc,4318,4317,16253.48046875,30019.46484375,19418.1171875,False,549
252527::056.swc,4319,4318,16248.953125,30021.3125,19420.5,False,549
252527::056.swc,4320,4319,16243.0,30025.93359375,19422.02734375,False,549
252527::056.swc,4321,4320,16240.25,30029.12890625,19425.24609375,False,549
252527::056.swc,4322,4321,16234.24609375,30030.4453125,19428.6640625,False,549
252527::056.swc,4323,4322,16228.890625,30027.30078125,19431.22265625,False,549
252527::056.swc,4324,4323,16222.3671875,30024.20703125,19432.27734375,False,549
252527::056.swc,4325,4324,16219.7734375,30023.17578125,19429.5,False,549
252527::056.swc,4326,4325,16213.48828125,30020.44921875,19437.09765625,False,549
252527::056.swc,4327,4326,16208.78125,30018.4375,19443.21484375,False,549
252527::056.swc,4328,4327,16203.3515625,30016.328125,19446.671875,False,549
252527::056.swc,4329,4328,16197.0234375,30015.85546875,19452.35546875,False,549
252527::056.swc,4330,4329,16191.92578125,30017.625,19458.2265625,False,549
252527::056.swc,4331,4330,16186.4921875,30019.05859375,19467.125,False,549
252527::056.swc,4332,4331,16178.01953125,30023.58203125,19474.81640625,False,549
252527::056.swc,4333,4332,16168.29296875,30029.93359375,19479.33203125,False,549
252527::056.swc,4334,4333,16161.46484375,30033.8125,19486.8046875,False,549
252527::056.swc,4335,4334,16151.1875,30039.1875,19489.5,False,549
252527::056.swc,4336,4335,16141.74609375,30043.03515625,19489.890625,False,549
252527::056.swc,4337,4336,16139.52734375,30044.96484375,19491.77734375,False,549
252527::056.swc,4338,4337,16136.12109375,30047.9765625,19492.47265625,False,549
252527::056.swc,4339,4338,16131.99609375,30055.02734375,19492.5,False,549
252527::056.swc,4340,4339,16130.828125,30059.6796875,19493.984375,False,549
252527::056.swc,4341,4340,16130.0078125,30062.05078125,19502.375,False,549
252527::056.swc,4342,4341,16129.01953125,30065.84375,19509.65234375,False,549
252527::056.swc,4343,4342,16128.6484375,30072.33984375,19511.44140625,False,549
252527::056.swc,4344,4343,16127.58203125,30077.4140625,19514.54296875,False,549
252527::056.swc,4345,4344,16122.83984375,30086.859375,19519.875,False,549
252527::056.swc,4346,4345,16115.87109375,30094.59375,19525.79296875,False,549
252527::056.swc,4347,4346,16111.5859375,30102.47265625,19532.55078125,False,549
252527::056.swc,4348,4347,16108.96875,30107.328125,19534.5,False,549
252527::056.swc,4349,4348,16107.27734375,30107.0390625,19537.109375,False,549
252527::056.swc,4350,4349,16102.77734375,30116.1953125,19538.96484375,False,549
252527::056.swc,4351,4350,16101.55859375,30124.953125,19542.30859375,False,549
252527::056.swc,4352,4351,16099.81640625,30133.64453125,19544.3671875,False,549
252527::056.swc,4353,4352,16097.44921875,30141.4140625,19549.73828125,False,549
252527::056.swc,4354,4353,16094.55859375,30147.39453125,19553.63671875,False,549
252527::056.swc,4355,4354,16089.34765625,30154.3671875,19556.890625,False,549
252527::056.swc,4356,4355,16082.61328125,30159.1171875,19559.921875,False,549
252527::056.swc,4357,4356,16072.296875,30164.83203125,19562.953125,False,549
252527::056.swc,4358,4357,16068.37109375,30165.23828125,19566.05859375,False,549
252527::056.swc,4359,4358,16067.05859375,30164.62890625,19571.77734375,False,549
252527::056.swc,4360,2625,16250.26171875,30006.4375,19417.5,False,549
252527::056.swc,4361,4360,16249.31640625,30005.625,19428.26953125,False,549
252527::056.swc,4362,4361,16247.671875,30006.8515625,19436.8359375,False,549
252527::056.swc,4363,4362,16244.109375,30008.859375,19443.26171875,False,549
252527::056.swc,4364,4363,16239.80859375,30008.9453125,19448.07421875,False,549
252527::056.swc,4365,4364,16238.0546875,30008.875,19454.08203125,False,549
252527::056.swc,4366,4365,16237.73828125,30010.34765625,19459.27734375,False,549
252527::056.swc,4367,4366,16235.8828125,30013.19921875,19462.65625,False,549
252527::056.swc,4368,4367,16232.14453125,30015.07421875,19472.609375,False,549
252527::056.swc,4369,4368,16227.59375,30017.42578125,19481.43359375,False,549
252527::056.swc,4370,4369,16225.01171875,30019.03125,19489.0,False,549
252527::056.swc,4371,4370,16225.32421875,30019.53125,19504.2734375,False,549
252527::056.swc,4372,4371,16225.89453125,30021.19921875,19520.14453125,False,549
252527::056.swc,4373,4372,16225.7890625,30026.30078125,19547.15234375,False,549
252527::056.swc,4374,4373,16223.0703125,30029.37890625,19560.75390625,False,549
252527::056.swc,4375,4374,16221.27734375,30032.1484375,19564.83984375,False,549
252527::056.swc,4376,4375,16219.87890625,30033.57421875,19574.5,False,549
252527::056.swc,4377,4376,16219.7734375,30033.9375,19581.48828125,False,549
252527::056.swc,4378,4377,16219.78515625,30036.078125,19587.19140625,False,549
252527::056.swc,4379,4378,16220.1015625,30038.296875,19588.5,False,549
252527::056.swc,4380,2625,16251.39453125,30012.296875,19416.3125,False,549
252527::056.swc,4381,4380,16251.61328125,30011.65234375,19434.5234375,False,549
252527::056.swc,4382,4381,16251.30859375,30008.6796875,19446.296875,False,549
252527::056.swc,4383,4382,16250.1875,30008.4375,19460.80859375,False,549
252527::056.swc,4384,4383,16249.7734375,30009.60546875,19469.609375,False,549
252527::056.swc,4385,2637,16181.95703125,29983.23046875,19411.3046875,False,549
252527::056.swc,4386,4385,16179.58203125,29977.9609375,19408.5390625,False,549
252527::056.swc,4387,4386,16177.6015625,29975.19140625,19403.5,False,549
252527::056.swc,4388,4387,16174.8359375,29971.22265625,19401.34375,False,549
252527::056.swc,4389,4388,16173.1484375,29965.58203125,19398.1171875,False,549
252527::056.swc,4390,4389,16171.53125,29957.62890625,19396.0,False,549
252527::056.swc,4391,4390,16171.05859375,29956.2265625,19392.66796875,True,549
252527::056.swc,4392,2637,16176.796875,29985.875,19414.5234375,False,549
252527::056.swc,4393,4392,16168.5390625,29984.16015625,19416.66796875,False,549
252527::056.swc,4394,4393,16164.9140625,29985.60546875,19420.50390625,False,549
252527::056.swc,4395,4394,16157.66015625,29986.63671875,19426.62890625,False,549
252527::056.swc,4396,4395,16155.109375,29986.7734375,19432.5078125,False,549
252527::056.swc,4397,4396,16149.3125,29987.765625,19434.546875,False,549
252527::056.swc,4398,4397,16143.26171875,29991.01953125,19433.57421875,False,549
252527::056.swc,4399,4398,16137.83984375,29995.6953125,19435.52734375,False,549
252527::056.swc,4400,4399,16129.828125,29999.97265625,19438.140625,False,549
252527::056.swc,4401,4400,16122.40625,30005.66015625,19440.7890625,False,549
252527::056.swc,4402,4401,16117.91796875,30008.24609375,19439.1640625,False,549
252527::056.swc,4403,4402,16112.96484375,30010.265625,19430.19921875,False,549
252527::056.swc,4404,4403,16109.2421875,30010.16015625,19422.84765625,False,549
252527::056.swc,4405,4404,16107.12890625,30011.57421875,19415.1484375,False,549
252527::056.swc,4406,4405,16103.87109375,30013.9453125,19414.29296875,False,549
252527::056.swc,4407,4406,16101.390625,30013.5546875,19419.06640625,False,549
252527::056.swc,4408,4407,16096.08984375,30010.3046875,19421.88671875,False,549
252527::056.swc,4409,4408,16093.6484375,30008.80078125,19427.66796875,False,549
252527::056.swc,4410,4409,16090.359375,30005.83203125,19429.72265625,False,549
252527::056.swc,4411,4410,16088.34375,30002.27734375,19433.82421875,False,549
252527::056.swc,4412,4411,16085.1171875,30001.30078125,19437.30078125,False,549
252527::056.swc,4413,4412,16083.45703125,30003.12109375,19445.171875,False,549
252527::056.swc,4414,4413,16082.640625,30007.359375,19450.5,False,549
252527::056.swc,4415,4414,16082.5078125,30010.85546875,19449.5703125,False,549
252527::056.swc,4416,4415,16083.2265625,30012.44921875,19444.0078125,False,549
252527::056.swc,4417,4416,16079.81640625,30015.75390625,19437.7734375,False,549
252527::056.swc,4418,4417,16074.66015625,30020.87109375,19435.84765625,False,549
252527::056.swc,4419,4418,16064.15234375,30028.58984375,19435.5,False,549
252527::056.swc,4420,4419,16057.30859375,30031.3203125,19435.859375,False,549
252527::056.swc,4421,4420,16056.68359375,30031.26953125,19437.6953125,False,549
252527::056.swc,4422,4421,16053.34375,30028.95703125,19437.5390625,False,549
252527::056.swc,4423,4422,16051.26953125,30028.6328125,19432.83984375,False,549
252527::056.swc,4424,4423,16049.265625,30031.16015625,19428.59375,False,549
252527::056.swc,4425,4424,16048.21875,30035.97265625,19427.0,False,549
252527::056.swc,4426,4425,16047.51171875,30039.19921875,19429.3515625,False,549
252527::056.swc,4427,4426,16044.43359375,30041.828125,19427.5546875,False,549
252527::056.swc,4428,4427,16041.6171875,30042.3828125,19424.0,False,549
252527::056.swc,4429,4428,16037.61328125,30044.1796875,19425.9453125,False,549
252527::056.swc,4430,4429,16034.77734375,30044.734375,19431.3359375,False,549
252527::056.swc,4431,4430,16030.6328125,30045.91015625,19432.5,False,549
252527::056.swc,4432,4431,16028.453125,30049.62109375,19432.21875,False,549
252527::056.swc,4433,4432,16027.578125,30055.546875,19430.36328125,False,549
252527::056.swc,4434,4433,16026.70703125,30064.27734375,19429.5,False,549
252527::056.swc,4435,4434,16025.02734375,30069.30078125,19429.5,False,549
252527::056.swc,4436,4435,16024.44921875,30070.6328125,19424.203125,False,549
252527::056.swc,4437,4436,16025.49609375,30074.5859375,19421.26171875,False,549
252527::056.swc,4438,4437,16029.46875,30078.3046875,19423.1484375,False,549
252527::056.swc,4439,4438,16037.2421875,30080.84375,19421.140625,False,549
252527::056.swc,4440,4439,16042.171875,30082.35546875,19415.59375,False,549
252527::056.swc,4441,4440,16045.46484375,30086.4375,19411.96484375,False,549
252527::056.swc,4442,4441,16047.31640625,30088.70703125,19413.65234375,False,549
252527::056.swc,4443,4442,16052.4765625,30090.18359375,19410.84375,False,549
252527::056.swc,4444,4443,16056.1484375,30090.84375,19404.4296875,False,549
252527::056.swc,4445,4444,16059.125,30090.046875,19396.41015625,False,549
252527::056.swc,4446,4445,16064.6875,30088.015625,19385.63671875,False,549
252527::056.swc,4447,4446,16068.703125,30086.78125,19379.8671875,False,549
252527::056.swc,4448,2645,16425.9609375,30673.2578125,18988.55859375,False,549
252527::056.swc,4449,4448,16431.5859375,30679.7265625,18988.5,False,549
252527::056.swc,4450,4449,16437.453125,30683.14453125,18988.41015625,False,549
252527::056.swc,4451,4450,16442.07421875,30683.17578125,18987.05859375,False,549
252527::056.swc,4452,4451,16448.57421875,30685.5859375,18985.5,False,549
252527::056.swc,4453,4452,16453.87890625,30688.828125,18985.5,False,549
252527::056.swc,4454,4453,16466.20703125,30700.4765625,18985.5,False,549
252527::056.swc,4455,4454,16470.3828125,30702.75,18980.4609375,False,549
252527::056.swc,4456,4455,16471.60546875,30703.34375,18970.4453125,False,549
252527::056.swc,4457,4456,16475.2890625,30705.0,18963.1640625,False,549
252527::056.swc,4458,4457,16480.625,30708.0078125,18958.16796875,False,549
252527::056.swc,4459,4458,16485.125,30709.10546875,18953.1875,False,549
252527::056.swc,4460,4459,16487.89453125,30712.1015625,18950.19140625,False,549
252527::056.swc,4461,4460,16489.78515625,30713.63671875,18943.97265625,False,549
252527::056.swc,4462,4461,16491.046875,30715.828125,18934.21484375,False,549
252527::056.swc,4463,4462,16492.9453125,30719.1328125,18927.62109375,False,549
252527::056.swc,4464,2645,16423.19140625,30672.08984375,18988.83203125,False,549
252527::056.swc,4465,4464,16422.671875,30676.9765625,18990.6484375,False,549
252527::056.swc,4466,4465,16421.58203125,30695.546875,18991.5,False,549
252527::056.swc,4467,4466,16421.265625,30699.36328125,18990.9375,False,549
252527::056.swc,4468,4467,16419.2109375,30700.78125,18988.82421875,False,549
252527::056.swc,4469,4468,16418.671875,30707.02734375,18988.5,False,549
252527::056.swc,4470,4469,16420.32421875,30717.25,18988.5,False,549
252527::056.swc,4471,4470,16420.0078125,30726.32421875,18988.5,False,549
252527::056.swc,4472,4471,16422.80859375,30731.2578125,18988.5,False,549
252527::056.swc,4473,4472,16426.1953125,30735.76953125,18986.7578125,False,549
252527::056.swc,4474,4473,16426.66796875,30741.78515625,18984.21875,False,549
252527::056.swc,4475,4474,16425.95703125,30746.28125,18977.875,False,549
252527::056.swc,4476,4475,16426.109375,30753.09375,18974.203125,False,549
252527::056.swc,4477,4476,16426.9296875,30762.76953125,18972.66796875,False,549
252527::056.swc,4478,4477,16427.125,30765.3125,18970.75,False,549
252527::056.swc,4479,4478,16433.0859375,30770.16015625,18975.30859375,False,549
252527::056.swc,4480,4479,16437.91796875,30775.890625,18978.09765625,False,549
252527::056.swc,4481,4480,16440.95703125,30781.640625,18976.09375,False,549
252527::056.swc,4482,4481,16441.45703125,30786.4453125,18974.33984375,False,549
252527::056.swc,4483,4482,16442.1640625,30789.234375,18975.890625,True,549
252527::056.swc,4484,2711,16665.4375,30285.89453125,19144.3671875,False,549
252527::056.swc,4485,4484,16670.8671875,30293.8203125,19152.4140625,False,549
252527::056.swc,4486,4485,16674.90234375,30299.11328125,19159.796875,False,549
252527::056.swc,4487,4486,16676.6328125,30302.515625,19168.58203125,False,549
252527::056.swc,4488,4487,16678.609375,30305.703125,19173.80078125,False,549
252527::056.swc,4489,4488,16682.33984375,30310.4765625,19179.18359375,False,549
252527::056.swc,4490,4489,16685.79296875,30315.43359375,19187.55859375,False,549
252527::056.swc,4491,4490,16689.6484375,30320.72265625,19194.7890625,False,549
252527::056.swc,4492,4491,16691.33203125,30322.765625,19200.640625,False,549
252527::056.swc,4493,4492,16700.5859375,30330.0234375,19211.1015625,False,549
252527::056.swc,4494,4493,16704.12890625,30334.2421875,19217.08203125,False,549
252527::056.swc,4495,4494,16706.25390625,30336.97265625,19223.85546875,False,549
252527::056.swc,4496,4495,16708.828125,30341.046875,19226.6640625,False,549
252527::056.swc,4497,4496,16711.09765625,30346.3984375,19232.3515625,False,549
252527::056.swc,4498,4497,16714.10546875,30354.1328125,19236.85546875,False,549
252527::056.swc,4499,4498,16717.31640625,30356.7734375,19238.06640625,False,549
252527::056.swc,4500,4499,16720.1875,30358.3515625,19242.015625,False,549
252527::056.swc,4501,4500,16721.73046875,30361.79296875,19243.97265625,False,549
252527::056.swc,4502,4501,16723.6796875,30365.921875,19249.33984375,False,549
252527::056.swc,4503,4502,16726.984375,30371.4375,19254.66015625,False,549
252527::056.swc,4504,4503,16731.11328125,30376.4375,19257.24609375,False,549
252527::056.swc,4505,4504,16732.59765625,30380.48828125,19261.0859375,False,549
252527::056.swc,4506,4505,16740.19140625,30388.65625,19267.6640625,False,549
252527::056.swc,4507,4506,16744.109375,30394.39453125,19274.4375,False,549
252527::056.swc,4508,4507,16748.84765625,30400.43359375,19278.73828125,False,549
252527::056.swc,4509,4508,16751.4765625,30403.70703125,19282.97265625,False,549
252527::056.swc,4510,4509,16752.671875,30405.54296875,19288.08984375,False,549
252527::056.swc,4511,4510,16756.8125,30408.44140625,19292.0625,False,549
252527::056.swc,4512,4511,16758.94140625,30413.12109375,19298.96875,False,549
252527::056.swc,4513,4512,16760.4375,30418.02734375,19307.640625,False,549
252527::056.swc,4514,4513,16762.86328125,30425.3515625,19313.3046875,False,549
252527::056.swc,4515,4514,16765.56640625,30431.37109375,19322.03125,False,549
252527::056.swc,4516,4515,16770.21484375,30438.3828125,19328.265625,False,549
252527::056.swc,4517,2711,16661.66796875,30278.16015625,19141.1796875,False,549
252527::056.swc,4518,4517,16659.4921875,30280.9765625,19145.46484375,False,549
252527::056.swc,4519,4518,16655.87109375,30281.34375,19152.98828125,False,549
252527::056.swc,4520,4519,16645.9921875,30281.453125,19157.078125,False,549
252527::056.swc,4521,4520,16637.57421875,30280.296875,19156.671875,False,549
252527::056.swc,4522,4521,16631.890625,30281.34765625,19159.27734375,False,549
252527::056.swc,4523,4522,16625.7265625,30283.3125,19160.46484375,False,549
252527::056.swc,4524,4523,16621.8359375,30283.26171875,19164.27734375,False,549
252527::056.swc,4525,4524,16617.0859375,30282.7265625,19165.83203125,False,549
252527::056.swc,4526,4525,16615.625,30282.5234375,19168.5,False,549
252527::056.swc,4527,4526,16602.2578125,30284.125,19174.1796875,False,549
252527::056.swc,4528,4527,16591.1015625,30283.74609375,19177.4765625,False,549
252527::056.swc,4529,4528,16579.9609375,30281.15625,19183.58203125,False,549
252527::056.swc,4530,4529,16574.9921875,30278.43359375,19190.1015625,False,549
252527::056.swc,4531,4530,16569.33984375,30276.46875,19200.6015625,False,549
252527::056.swc,4532,4531,16565.58984375,30273.0546875,19204.3203125,False,549
252527::056.swc,4533,4532,16558.19140625,30265.39453125,19205.0,False,549
252527::056.swc,4534,4533,16550.51953125,30262.01171875,19207.26171875,False,549
252527::056.swc,4535,4534,16538.98046875,30260.3046875,19207.5,False,549
252527::056.swc,4536,4535,16529.24609375,30258.44140625,19210.0,False,549
252527::056.swc,4537,4536,16522.20703125,30256.359375,19214.765625,False,549
252527::056.swc,4538,4537,16509.74609375,30253.91015625,19218.890625,False,549
252527::056.swc,4539,4538,16502.46875,30252.26171875,19223.0546875,False,549
252527::056.swc,4540,4539,16501.2265625,30251.9765625,19227.5,False,549
252527::056.swc,4541,4540,16489.125,30252.11328125,19228.48828125,False,549
252527::056.swc,4542,4541,16478.19140625,30252.09765625,19231.84765625,False,549
252527::056.swc,4543,4542,16475.8984375,30250.3203125,19236.046875,False,549
252527::056.swc,4544,4543,16470.1328125,30249.28125,19236.48828125,False,549
252527::056.swc,4545,4544,16465.859375,30246.98046875,19241.76953125,False,549
252527::056.swc,4546,4545,16464.25,30242.265625,19245.0234375,False,549
252527::056.swc,4547,4546,16458.12109375,30237.9140625,19246.984375,False,549
252527::056.swc,4548,4547,16451.37109375,30238.28125,19248.93359375,False,549
252527::056.swc,4549,4548,16445.9765625,30238.43359375,19248.0,False,549
252527::056.swc,4550,4549,16443.61328125,30237.54296875,19243.36328125,False,549
252527::056.swc,4551,4550,16438.84765625,30236.3046875,19240.97265625,False,549
252527::056.swc,4552,4551,16431.48046875,30233.25390625,19240.75,False,549
252527::056.swc,4553,4552,16427.99609375,30232.23828125,19242.6015625,False,549
252527::056.swc,4554,4553,16418.84375,30231.58984375,19243.5,False,549
252527::056.swc,4555,4554,16411.28515625,30229.61328125,19243.5,False,549
252527::056.swc,4556,4555,16402.7421875,30223.63671875,19243.5,False,549
252527::056.swc,4557,4556,16395.91015625,30221.64453125,19243.5,False,549
252527::056.swc,4558,4557,16392.62890625,30223.19921875,19248.03515625,False,549
252527::056.swc,4559,4558,16389.01953125,30227.796875,19254.25,False,549
252527::056.swc,4560,4559,16384.171875,30228.1796875,19261.3828125,False,549
252527::056.swc,4561,4560,16383.03515625,30225.81640625,19265.2890625,False,549
252527::056.swc,4562,4561,16381.7890625,30225.6640625,19272.1875,False,549
252527::056.swc,4563,4562,16379.046875,30226.8828125,19277.60546875,False,549
252527::056.swc,4564,4563,16374.53515625,30226.66015625,19279.25,False,549
252527::056.swc,4565,4564,16370.9453125,30225.02734375,19277.1484375,False,549
252527::056.swc,4566,4565,16364.6015625,30222.44921875,19276.5,False,549
252527::056.swc,4567,4566,16359.86328125,30219.5234375,19278.046875,False,549
252527::056.swc,4568,4567,16358.703125,30218.04296875,19282.609375,False,549
252527::056.swc,4569,4568,16352.8671875,30217.0390625,19285.5,False,549
252527::056.swc,4570,4569,16346.8125,30216.65234375,19285.5,False,549
252527::056.swc,4571,4570,16341.62890625,30218.91015625,19285.5,False,549
252527::056.swc,4572,4571,16334.7734375,30220.0,19286.96484375,False,549
252527::056.swc,4573,4572,16330.2265625,30219.515625,19290.79296875,False,549
252527::056.swc,4574,4573,16327.13671875,30221.6015625,19293.19140625,True,549
252527::056.swc,4575,2745,16698.6328125,30043.79296875,18795.12890625,False,549
252527::056.swc,4662,2754,16458.82421875,29963.5625,18803.77734375,False,549
252527::056.swc,4663,4662,16462.09375,29960.8671875,18796.16796875,False,549
252527::056.swc,4664,4663,16467.72265625,29955.171875,18788.48828125,False,549
252527::056.swc,4665,4664,16473.953125,29950.13671875,18782.0078125,False,549
252527::056.swc,4666,4665,16478.76953125,29947.44140625,18776.75,False,549
252527::056.swc,4667,4666,16481.74609375,29946.078125,18770.5,False,549
252527::056.swc,4668,4667,16487.109375,29940.44140625,18766.10546875,False,549
252527::056.swc,4669,4668,16492.7578125,29933.46484375,18758.66015625,False,549
252527::056.swc,4670,4669,16500.953125,29922.83203125,18750.78125,False,549
252527::056.swc,4671,4670,16504.0078125,29917.62109375,18745.66015625,False,549
252527::056.swc,4672,4671,16506.4609375,29911.03125,18741.41796875,False,549
252527::056.swc,4673,2754,16460.36328125,29963.25390625,18805.69921875,False,549
252527::056.swc,4674,4673,16465.7109375,29961.078125,18807.47265625,False,549
252527::056.swc,4675,4674,16470.65625,29957.37890625,18808.5,False,549
252527::056.swc,4676,4675,16473.765625,29953.21484375,18808.5,False,549
252527::056.swc,4677,4676,16476.29296875,29946.26171875,18807.69921875,False,549
252527::056.swc,4678,4677,16477.6015625,29943.19921875,18805.8125,False,549
252527::056.swc,4679,4678,16482.23046875,29939.51953125,18805.5,False,549
252527::056.swc,4680,4679,16484.94140625,29939.4140625,18804.83203125,False,549
252527::056.swc,4681,4680,16485.625,29939.9765625,18800.5,False,549
252527::056.swc,4682,4681,16489.265625,29934.109375,18798.75,False,549
252527::056.swc,4683,4682,16494.90625,29932.34765625,18795.265625,False,549
252527::056.swc,4684,4683,16503.99609375,29933.99609375,18791.90625,False,549
252527::056.swc,4685,4684,16509.63671875,29938.0234375,18789.99609375,False,549
252527::056.swc,4686,4685,16515.51953125,29942.1328125,18785.1328125,False,549
252527::056.swc,4687,4686,16520.2578125,29943.16796875,18781.875,False,549
252527::056.swc,4688,4687,16525.24609375,29943.84375,18774.5390625,False,549
252527::056.swc,4689,4688,16531.703125,29947.51171875,18764.57421875,False,549
252527::056.swc,4690,4689,16534.984375,29948.90625,18756.34765625,False,549
252527::056.swc,4691,4690,16538.6484375,29947.765625,18745.10546875,False,549
252527::056.swc,4692,4691,16541.34375,29945.0,18736.3984375,False,549
252527::056.swc,4693,4692,16543.19140625,29942.30859375,18731.43359375,False,549
252527::056.swc,4694,4693,16544.16015625,29941.05078125,18723.66796875,False,549
252527::056.swc,4695,4694,16545.76953125,29939.91796875,18721.5,False,549
252527::056.swc,4696,2886,16424.65625,30831.44140625,19068.06640625,False,549
252527::056.swc,4697,4696,16425.70703125,30841.4921875,19072.94921875,False,549
252527::056.swc,4698,4697,16425.24609375,30853.953125,19076.83984375,False,549
252527::056.swc,4699,4698,16425.0625,30859.80078125,19079.90625,False,549
252527::056.swc,4700,4699,16424.8046875,30873.1484375,19083.19921875,False,549
252527::056.swc,4701,4700,16425.546875,30880.7578125,19086.53515625,False,549
252527::056.swc,4702,4701,16426.66796875,30889.6328125,19088.09375,False,549
252527::056.swc,4703,4702,16427.125,30892.12890625,19092.16796875,False,549
252527::056.swc,4704,2886,16420.6953125,30823.70703125,19066.3046875,False,549
252527::056.swc,4705,4704,16417.02734375,30823.55078125,19063.83203125,False,549
252527::056.swc,4706,4705,16413.06640625,30820.125,19062.03515625,False,549
252527::056.swc,4707,4706,16408.91015625,30817.4140625,19056.234375,False,549
252527::056.swc,4708,4707,16405.7421875,30816.20703125,19047.44921875,False,549
252527::056.swc,4709,4708,16400.8984375,30816.19921875,19038.328125,False,549
252527::056.swc,4710,4709,16398.96484375,30815.58203125,19032.2578125,False,549
252527::056.swc,4711,4710,16396.34375,30816.171875,19025.94140625,False,549
252527::056.swc,4712,4711,16391.51953125,30815.01171875,19020.44921875,False,549
252527::056.swc,4713,4712,16390.1015625,30812.11328125,19011.6640625,False,549
252527::056.swc,4714,4713,16389.4609375,30810.359375,19001.80078125,False,549
252527::056.swc,4715,4714,16389.89453125,30810.32421875,18995.28515625,False,549
252527::056.swc,4716,2903,16311.3984375,30387.6875,18879.98046875,False,549
252527::056.swc,4717,4716,16310.7734375,30391.5078125,18877.05078125,False,549
252527::056.swc,4718,4717,16308.7421875,30394.51953125,18869.875,False,549
252527::056.swc,4719,4718,16303.0859375,30399.88671875,18864.3046875,False,549
252527::056.swc,4720,4719,16298.8515625,30404.34765625,18854.97265625,False,549
252527::056.swc,4721,4720,16292.5859375,30407.65625,18849.16015625,False,549
252527::056.swc,4722,4721,16286.99609375,30412.6796875,18842.66796875,False,549
252527::056.swc,4723,4722,16285.46875,30416.8828125,18840.5,False,549
252527::056.swc,4724,4723,16283.3359375,30419.50390625,18833.80078125,False,549
252527::056.swc,4725,4724,16280.41796875,30422.3359375,18829.4921875,False,549
252527::056.swc,4726,4725,16279.57421875,30424.52734375,18825.0,False,549
252527::056.swc,4727,2903,16316.28125,30380.78125,18878.6640625,False,549
252527::056.swc,4728,4727,16316.39453125,30379.48828125,18870.65625,False,549
252527::056.swc,4729,4728,16315.46875,30376.40234375,18862.79296875,False,549
252527::056.swc,4730,4729,16315.58203125,30371.54296875,18854.625,False,549
252527::056.swc,4731,4730,16314.8046875,30365.42578125,18847.67578125,False,549
252527::056.swc,4732,4731,16313.1484375,30361.21484375,18843.08984375,False,549
252527::056.swc,4733,4732,16313.19921875,30358.96484375,18838.01171875,False,549
252527::056.swc,4734,4733,16314.39453125,30357.80078125,18830.21875,False,549
252527::056.swc,4735,4734,16315.21484375,30354.6875,18826.5,False,549
252527::056.swc,4736,4735,16316.7578125,30348.8203125,18826.5,False,549
252527::056.swc,4737,4736,16316.8125,30344.44921875,18824.703125,False,549
252527::056.swc,4738,4737,16314.203125,30338.20703125,18821.19140625,False,549
252527::056.swc,4739,4738,16312.90625,30330.49609375,18816.9609375,False,549
252527::056.swc,4740,4739,16313.28515625,30322.14453125,18810.96875,False,549
252527::056.swc,4741,4740,16313.375,30317.46875,18803.89453125,False,549
252527::056.swc,4742,4741,16309.625,30312.17578125,18799.5,False,549
252527::056.swc,4743,4742,16305.63671875,30308.75390625,18798.5,False,549
252527::056.swc,4744,4743,16303.03515625,30305.9921875,18792.8125,False,549
252527::056.swc,4745,4744,16300.38671875,30301.6640625,18788.71484375,False,549
252527::056.swc,4746,4745,16297.0,30295.06640625,18786.4296875,False,549
252527::056.swc,4747,4746,16294.1328125,30293.5234375,18782.7578125,False,549
252527::056.swc,4748,4747,16291.36328125,30291.81640625,18783.046875,False,549
252527::056.swc,4749,4748,16286.27734375,30289.5,18787.09375,False,549
252527::056.swc,4750,4749,16278.41015625,30285.6875,18790.55078125,False,549
252527::056.swc,4751,4750,16271.6796875,30281.9140625,18790.34375,False,549
252527::056.swc,4752,4751,16264.99609375,30278.359375,18787.77734375,False,549
252527::056.swc,4753,4752,16258.17578125,30274.29296875,18789.203125,False,549
252527::056.swc,4754,4753,16250.015625,30271.6875,18788.8125,False,549
252527::056.swc,4755,4754,16246.6875,30270.75390625,18783.87890625,False,549
252527::056.swc,4756,4755,16240.3984375,30269.90234375,18781.5,False,549
252527::056.swc,4757,4756,16231.73046875,30269.01171875,18781.9453125,False,549
252527::056.swc,4758,4757,16229.51171875,30268.33203125,18783.83203125,False,549
252527::056.swc,4759,4758,16221.41015625,30267.765625,18784.5,False,549
252527::056.swc,4760,4759,16216.69921875,30268.484375,18783.27734375,False,549
252527::056.swc,4761,4760,16212.53515625,30270.6953125,18780.74609375,False,549
252527::056.swc,4762,4761,16210.078125,30272.6484375,18776.4453125,False,549
252527::056.swc,4763,4762,16205.19140625,30271.84375,18775.20703125,False,549
252527::056.swc,4764,4763,16199.875,30271.73046875,18771.84375,False,549
252527::056.swc,4765,4764,16196.88671875,30273.12890625,18768.609375,False,549
252527::056.swc,4766,4765,16193.6328125,30272.57421875,18763.88671875,False,549
252527::056.swc,4767,4766,16189.390625,30272.6171875,18761.48046875,False,549
252527::056.swc,4768,4767,16181.62109375,30274.72265625,18760.5,False,549
252527::056.swc,4769,4768,16174.6796875,30274.05078125,18760.5,False,549
252527::056.swc,4770,4769,16170.4765625,30271.3984375,18757.81640625,False,549
252527::056.swc,4771,4770,16168.40234375,30270.70703125,18751.734375,False,549
252527::056.swc,4772,4771,16162.82421875,30269.2109375,18748.16796875,False,549
252527::056.swc,4773,4772,16160.625,30264.23828125,18746.00390625,False,549
252527::056.swc,4774,4773,16160.48828125,30258.94921875,18747.56640625,False,549
252527::056.swc,4775,4774,16157.390625,30253.375,18747.5625,False,549
252527::056.swc,4776,4775,16155.16796875,30250.80078125,18743.82421875,False,549
252527::056.swc,4777,4776,16153.34375,30250.5546875,18740.53125,False,549
252527::056.swc,4778,4777,16150.90234375,30249.8515625,18743.4453125,False,549
252527::056.swc,4779,4778,16143.890625,30248.453125,18743.80859375,False,549
252527::056.swc,4780,4779,16137.80859375,30246.84375,18742.0703125,False,549
252527::056.swc,4781,4780,16132.3984375,30246.125,18738.90625,False,549
252527::056.swc,4782,4781,16128.578125,30244.63671875,18732.3125,False,549
252527::056.swc,4783,4782,16123.9765625,30241.8203125,18726.859375,False,549
252527::056.swc,4784,4783,16119.74609375,30236.0859375,18724.5,False,549
252527::056.swc,4785,4784,16113.234375,30229.7421875,18724.5,False,549
252527::056.swc,4786,4785,16108.109375,30226.71484375,18721.43359375,False,549
252527::056.swc,4787,4786,16106.33203125,30226.37109375,18716.8046875,False,549
252527::056.swc,4788,4787,16100.2265625,30221.41015625,18715.51171875,False,549
252527::056.swc,4789,4788,16095.3984375,30219.34765625,18718.1171875,False,549
252527::056.swc,4790,4789,16094.1484375,30217.83984375,18722.83203125,False,549
252527::056.swc,4791,4790,16091.8671875,30215.57421875,18724.5,False,549
252527::056.swc,4792,4791,16090.44921875,30210.46875,18724.02734375,False,549
252527::056.swc,4793,4792,16091.15625,30206.62109375,18722.08203125,False,549
252527::056.swc,4794,4793,16093.234375,30198.546875,18721.57421875,False,549
252527::056.swc,4795,4794,16094.32421875,30194.61328125,18723.41796875,False,549
252527::056.swc,4796,4795,16094.20703125,30184.62890625,18724.23046875,False,549
252527::056.swc,4797,4796,16094.2734375,30179.81640625,18722.1484375,False,549
252527::056.swc,4798,4797,16096.0625,30172.72265625,18721.5,True,549
252527::056.swc,4799,2943,16647.40625,30505.67578125,18967.3046875,False,549
252527::056.swc,4800,4799,16645.7578125,30505.9921875,18971.7265625,False,549
252527::056.swc,4801,4800,16646.65625,30512.65625,18973.5,False,549
252527::056.swc,4802,4801,16649.40625,30519.046875,18972.8046875,False,549
252527::056.swc,4803,4802,16651.28125,30523.1171875,18970.91796875,False,549
252527::056.swc,4804,4803,16654.71875,30531.69921875,18969.6953125,False,549
252527::056.swc,4805,4804,16656.2578125,30536.0390625,18967.859375,False,549
252527::056.swc,4806,4805,16657.49609375,30545.9375,18967.5,False,549
252527::056.swc,4807,4806,16659.48046875,30552.09375,18967.5,False,549
252527::056.swc,4808,4807,16663.01953125,30556.828125,18967.16796875,False,549
252527::056.swc,4809,4808,16664.375,30558.125,18964.5,False,549
252527::056.swc,4810,4809,16664.68359375,30559.17578125,18967.33203125,False,549
252527::056.swc,4811,4810,16663.8125,30566.27734375,18967.5,False,549
252527::056.swc,4812,4811,16661.68359375,30572.50390625,18966.51171875,False,549
252527::056.swc,4813,4812,16661.125,30576.3515625,18963.22265625,False,549
252527::056.swc,4814,4813,16661.125,30584.29296875,18961.25,False,549
252527::056.swc,4815,4814,16661.125,30585.8203125,18959.47265625,False,549
252527::056.swc,4816,4815,16658.8359375,30594.6171875,18958.59765625,False,549
252527::056.swc,4817,4816,16657.07421875,30601.37890625,18959.12109375,False,549
252527::056.swc,4818,4817,16655.125,30604.99609375,18957.2734375,False,549
252527::056.swc,4819,4818,16652.41796875,30609.125,18960.6640625,False,549
252527::056.swc,4820,4819,16650.13671875,30615.74609375,18959.65625,False,549
252527::056.swc,4821,4820,16649.640625,30619.76171875,18955.890625,False,549
252527::056.swc,4822,4821,16646.69140625,30626.578125,18952.5,False,549
252527::056.swc,4823,4822,16644.01953125,30635.22265625,18951.75,False,549
252527::056.swc,4824,4823,16642.6015625,30642.3046875,18949.77734375,False,549
252527::056.swc,4825,4824,16640.9609375,30651.14453125,18949.5,False,549
252527::056.swc,4826,4825,16637.85546875,30661.28515625,18949.5,False,549
252527::056.swc,4827,4826,16634.5859375,30667.9765625,18948.0,False,549
252527::056.swc,4828,4827,16634.1640625,30669.82421875,18944.0546875,False,549
252527::056.swc,4829,4828,16633.2265625,30674.0,18941.609375,False,549
252527::056.swc,4830,4829,16632.0078125,30682.8046875,18939.79296875,False,549
252527::056.swc,4831,4830,16631.65625,30688.875,18936.11328125,False,549
252527::056.swc,4832,4831,16630.10546875,30695.8828125,18934.5,False,549
252527::056.swc,4833,4832,16626.42578125,30703.4296875,18937.1015625,False,549
252527::056.swc,4834,4833,16623.66015625,30709.38671875,18942.7421875,False,549
252527::056.swc,4835,4834,16622.7734375,30712.8203125,18949.75,False,549
252527::056.swc,4836,4835,16622.515625,30718.18359375,18952.5,False,549
252527::056.swc,4837,4836,16623.703125,30725.43359375,18954.51953125,False,549
252527::056.swc,4838,4837,16625.71875,30730.09765625,18957.359375,False,549
252527::056.swc,4839,4838,16623.32421875,30739.54296875,18960.046875,False,549
252527::056.swc,4840,4839,16619.15625,30746.53515625,18963.41796875,False,549
252527::056.swc,4841,4840,16615.2890625,30750.55078125,18968.30078125,False,549
252527::056.swc,4842,4841,16613.125,30756.20703125,18970.3515625,False,549
252527::056.swc,4843,4842,16612.6171875,30760.53125,18968.796875,False,549
252527::056.swc,4844,4843,16612.625,30763.08203125,18972.9609375,False,549
252527::056.swc,4845,4844,16613.625,30771.5625,18973.55078125,False,549
252527::056.swc,4846,4845,16615.66015625,30780.73828125,18977.7890625,False,549
252527::056.swc,4847,4846,16617.69140625,30782.6015625,18983.609375,False,549
252527::056.swc,4848,4847,16620.73046875,30784.8828125,18985.5,False,549
252527::056.swc,4849,4848,16622.359375,30788.97265625,18985.5,False,549
252527::056.swc,4850,4849,16622.640625,30792.36328125,18990.53515625,False,549
252527::056.swc,4851,4850,16622.234375,30793.765625,18998.65234375,False,549
252527::056.swc,4852,4851,16622.421875,30796.26171875,19003.1484375,True,549
252527::056.swc,4853,2943,16657.14453125,30523.40625,18959.50390625,False,549
252527::056.swc,4854,4853,16662.94140625,30538.73046875,18958.5,False,549
252527::056.swc,4855,4854,16667.33984375,30555.375,18958.75,False,549
252527::056.swc,4856,4855,16668.21875,30557.4765625,18960.75,False,549
252527::056.swc,4857,4856,16665.3828125,30559.60546875,18962.546875,False,549
252527::056.swc,4858,4857,16666.25390625,30562.76171875,18966.57421875,False,549
252527::056.swc,4859,4858,16669.30078125,30563.921875,18967.5,False,549
252527::056.swc,4860,4859,16673.5078125,30569.48046875,18967.5,False,549
252527::056.swc,4861,4860,16676.421875,30576.96875,18967.5,False,549
252527::056.swc,4862,4861,16678.67578125,30581.4140625,18966.0,False,549
252527::056.swc,4863,4862,16678.67578125,30581.6328125,18963.0,False,549
252527::056.swc,4864,4863,16679.640625,30586.52734375,18961.66796875,False,549
252527::056.swc,4865,4864,16680.5546875,30589.26953125,18963.33203125,False,549
252527::056.swc,4866,4865,16681.85546875,30601.63671875,18964.5,False,549
252527::056.swc,4867,4866,16685.65234375,30613.75,18964.28125,False,549
252527::056.swc,4868,4867,16688.30859375,30623.31640625,18962.28515625,False,549
252527::056.swc,4869,4868,16690.66796875,30632.53515625,18961.5,False,549
252527::056.swc,4870,4869,16695.765625,30643.04296875,18961.5,False,549
252527::056.swc,4871,4870,16702.7265625,30655.8515625,18958.59765625,False,549
252527::056.swc,4872,4871,16712.02734375,30672.59375,18955.8046875,False,549
252527::056.swc,4873,4872,16718.88671875,30683.8203125,18951.41796875,False,549
252527::056.swc,4874,4873,16721.828125,30689.234375,18952.171875,False,549
252527::056.swc,4875,4874,16724.87109375,30700.4921875,18952.5,False,549
252527::056.swc,4876,4875,16731.90625,30714.41015625,18952.5,False,549
252527::056.swc,4877,4876,16743.24609375,30731.79296875,18952.5,False,549
252527::056.swc,4878,4877,16748.2265625,30743.90234375,18951.65625,False,549
252527::056.swc,4879,4878,16749.3515625,30747.79296875,18949.82421875,False,549
252527::056.swc,4880,4879,16752.3984375,30756.08984375,18949.30859375,False,549
252527::056.swc,4881,4880,16755.44140625,30764.3828125,18948.796875,False,549
252527::056.swc,4882,4881,16758.48828125,30772.6796875,18948.28125,False,549
252527::056.swc,4883,4882,16761.53125,30780.97265625,18947.76953125,False,549
252527::056.swc,4884,4883,16764.578125,30789.26953125,18947.25390625,False,549
252527::056.swc,4885,4884,16767.625,30797.5625,18946.7421875,False,549
252527::056.swc,4886,4885,16770.66796875,30805.859375,18946.2265625,False,549
252527::056.swc,4887,4886,16773.71484375,30814.15625,18945.7109375,False,549
252527::056.swc,4888,4887,16776.7578125,30822.44921875,18945.19921875,False,549
252527::056.swc,4889,4888,16779.8046875,30830.74609375,18944.68359375,False,549
252527::056.swc,4890,4889,16782.84765625,30839.0390625,18944.171875,False,549
252527::056.swc,4891,4890,16785.89453125,30847.3359375,18943.65625,False,549
252527::056.swc,4892,4891,16785.7109375,30848.87890625,18948.1015625,False,549
252527::056.swc,4893,4892,16787.63671875,30853.06640625,18950.8984375,False,549
252527::056.swc,4894,4893,16791.23828125,30865.91015625,18957.3671875,False,549
252527::056.swc,4895,4894,16793.0390625,30876.27734375,18965.63671875,False,549
252527::056.swc,4896,4895,16794.44921875,30884.05859375,18969.44921875,False,549
252527::056.swc,4897,4896,16795.51171875,30889.9296875,18976.28125,False,549
252527::056.swc,4898,4897,16796.7109375,30891.0703125,18982.80859375,False,549
252527::056.swc,4899,4898,16797.296875,30909.3359375,18985.5,False,549
252527::056.swc,4900,4899,16798.2265625,30920.5234375,18986.453125,False,549
252527::056.swc,4901,4900,16799.5546875,30925.25390625,18989.5,False,549
252527::056.swc,4902,4901,16802.0703125,30937.66796875,18992.59765625,False,549
252527::056.swc,4903,4902,16803.9609375,30946.13671875,18995.58984375,False,549
252527::056.swc,4904,4903,16805.1875,30956.9453125,18997.8125,False,549
252527::056.swc,4905,4904,16807.80859375,30964.61328125,19001.66015625,False,549
252527::056.swc,4906,4905,16809.6640625,30969.2421875,19002.6953125,False,549
252527::056.swc,4907,4906,16810.34765625,30972.19140625,19000.859375,False,549
252527::056.swc,4908,4907,16811.76171875,30978.14453125,19001.25,False,549
252527::056.swc,4909,4908,16812.453125,30979.9375,19003.08203125,False,549
252527::056.swc,4910,4909,16814.47265625,30987.80859375,19003.5,False,549
252527::056.swc,4911,4910,16815.3203125,30996.625,19001.57421875,False,549
252527::056.swc,4912,4911,16815.4609375,31001.2265625,18998.74609375,False,549
252527::056.swc,4913,4912,16813.19140625,31005.37109375,18998.5390625,False,549
252527::056.swc,4914,4913,16810.0546875,31008.265625,19001.5546875,False,549
252527::056.swc,4915,4914,16806.6328125,31011.85546875,19008.23828125,False,549
252527::056.swc,4916,4915,16803.41796875,31016.55078125,19011.19140625,False,549
252527::056.swc,4917,4916,16798.37890625,31021.12109375,19015.7421875,False,549
252527::056.swc,4918,4917,16796.68359375,31021.25,19022.48828125,False,549
252527::056.swc,4919,4918,16795.69140625,31026.37890625,19028.82421875,False,549
252527::056.swc,4920,4919,16792.8828125,31033.0625,19031.90625,False,549
252527::056.swc,4921,4920,16787.4609375,31041.23828125,19034.58984375,False,549
252527::056.swc,4922,4921,16782.7109375,31047.76953125,19039.36328125,False,549
252527::056.swc,4923,4922,16776.609375,31053.625,19045.3828125,False,549
252527::056.swc,4924,4923,16771.02734375,31058.72265625,19047.1796875,False,549
252527::056.swc,4925,4924,16767.12109375,31066.5390625,19047.921875,False,549
252527::056.swc,4926,4925,16764.8671875,31069.1640625,19051.0,False,549
252527::056.swc,4927,4926,16759.59375,31075.3671875,19052.76953125,False,549
252527::056.swc,4928,4927,16757.00390625,31080.5,19055.3671875,True,549
252527::056.swc,4929,2952,16212.48046875,30058.88671875,19487.98046875,False,549
252527::056.swc,4930,4929,16210.75,30058.38671875,19503.78515625,False,549
252527::056.swc,4931,4930,16210.28125,30057.47265625,19512.09375,False,549
252527::056.swc,4932,4931,16211.296875,30056.4296875,19524.25,False,549
252527::056.swc,4933,4932,16210.73828125,30054.72265625,19536.33203125,False,549
252527::056.swc,4934,4933,16209.5625,30053.828125,19539.59765625,False,549
252527::056.swc,4935,2952,16214.09375,30052.5546875,19470.171875,False,549
252527::056.swc,4936,4935,16215.7265625,30044.25,19477.484375,False,549
252527::056.swc,4937,4936,16216.1796875,30037.328125,19481.0703125,False,549
252527::056.swc,4938,4937,16214.69140625,30030.4453125,19484.921875,False,549
252527::056.swc,4939,4938,16212.10546875,30019.38671875,19486.5,False,549
252527::056.swc,4940,4939,16209.703125,30010.85546875,19486.5,False,549
252527::056.swc,4941,4940,16208.7578125,30001.5390625,19486.97265625,False,549
252527::056.swc,4942,4941,16209.140625,29999.16796875,19490.4765625,False,549
252527::056.swc,4943,4942,16209.5234375,29992.234375,19494.89453125,False,549
252527::056.swc,4944,4943,16210.09765625,29985.1796875,19497.7734375,False,549
252527::056.swc,4945,4944,16210.73046875,29970.125,19505.765625,False,549
252527::056.swc,4946,4945,16210.1875,29962.9921875,19509.6640625,False,549
252527::056.swc,4947,4946,16209.1015625,29954.57421875,19510.73046875,False,549
252527::056.swc,4948,4947,16209.34375,29949.62109375,19512.7734375,True,549
252527::056.swc,4949,2993,16085.8125,30235.828125,19614.5078125,False,549
252527::056.swc,4950,4949,16082.046875,30233.6171875,19621.6640625,False,549
252527::056.swc,4951,4950,16076.9609375,30230.3359375,19624.03515625,False,549
252527::056.swc,4952,4951,16069.26953125,30227.0546875,19624.5,False,549
252527::056.swc,4953,4952,16063.28515625,30225.3203125,19625.796875,False,549
252527::056.swc,4954,4953,16061.10546875,30224.2265625,19630.671875,False,549
252527::056.swc,4955,4954,16056.21484375,30223.28515625,19635.98046875,False,549
252527::056.swc,4956,4955,16053.89453125,30221.078125,19640.69140625,False,549
252527::056.swc,4957,4956,16051.8125,30220.77734375,19646.78125,False,549
252527::056.swc,4958,4957,16049.8828125,30223.5,19651.76953125,False,549
252527::056.swc,4959,4958,16048.33984375,30223.81640625,19659.15234375,False,549
252527::056.swc,4960,4959,16047.3984375,30221.91796875,19664.0234375,False,549
252527::056.swc,4961,4960,16046.28125,30221.296875,19672.77734375,False,549
252527::056.swc,4962,4961,16046.48046875,30219.66796875,19679.32421875,False,549
252527::056.swc,4963,4962,16045.8046875,30216.50390625,19685.6171875,True,549
252527::056.swc,4964,2993,16086.875,30233.34765625,19613.00390625,False,549
252527::056.swc,4965,4964,16086.6171875,30229.65234375,19615.1171875,False,549
252527::056.swc,4966,4965,16088.95703125,30224.96484375,19615.5,False,549
252527::056.swc,4967,4966,16092.51171875,30224.0234375,19616.0,False,549
252527::056.swc,4968,4967,16094.1640625,30223.55078125,19620.109375,False,549
252527::056.swc,4969,4968,16094.8828125,30219.73046875,19627.57421875,False,549
252527::056.swc,4970,4969,16095.4296875,30214.58203125,19631.12890625,False,549
252527::056.swc,4971,4970,16094.05859375,30210.75,19637.87890625,False,549
252527::056.swc,4972,4971,16091.26953125,30208.64453125,19643.4140625,False,549
252527::056.swc,4973,4972,16090.2734375,30205.87890625,19654.671875,False,549
252527::056.swc,4974,4973,16092.27734375,30202.65234375,19663.85546875,False,549
252527::056.swc,4975,4974,16093.0234375,30201.92578125,19675.2421875,False,549
252527::056.swc,4976,4975,16093.921875,30200.22265625,19681.40625,False,549
252527::056.swc,4977,4976,16098.1171875,30198.3125,19683.07421875,False,549
252527::056.swc,4978,4977,16107.72265625,30197.5,19686.4453125,False,549
252527::056.swc,4979,4978,16112.33203125,30194.28125,19690.421875,False,549
252527::056.swc,4980,4979,16119.67578125,30189.5859375,19688.23046875,False,549
252527::056.swc,4981,4980,16126.18359375,30188.13671875,19687.07421875,False,549
252527::056.swc,4982,4981,16130.828125,30184.484375,19690.03125,False,549
252527::056.swc,4983,4982,16135.8515625,30181.58203125,19692.296875,False,549
252527::056.swc,4984,4983,16141.26171875,30182.8046875,19692.4140625,True,549
252527::056.swc,4985,3073,16274.828125,30698.66796875,19612.39453125,False,549
252527::056.swc,4986,4985,16280.38671875,30697.67578125,19611.5703125,False,549
252527::056.swc,4987,4986,16283.79296875,30694.390625,19609.78515625,False,549
252527::056.swc,4988,4987,16290.2265625,30694.49609375,19611.77734375,False,549
252527::056.swc,4989,4988,16294.21484375,30696.95703125,19617.56640625,False,549
252527::056.swc,4990,4989,16297.35546875,30701.73046875,19620.9765625,False,549
252527::056.swc,4991,4990,16301.27734375,30706.87109375,19622.0,False,549
252527::056.swc,4992,4991,16302.71875,30709.171875,19625.33203125,False,549
252527::056.swc,4993,4992,16304.96875,30714.265625,19627.27734375,False,549
252527::056.swc,4994,4993,16306.7109375,30716.17578125,19624.72265625,False,549
252527::056.swc,4995,4994,16311.13671875,30718.796875,19626.22265625,False,549
252527::056.swc,4996,4995,16314.66796875,30721.52734375,19629.77734375,False,549
252527::056.swc,4997,4996,16320.140625,30726.83984375,19630.65625,False,549
252527::056.swc,4998,4997,16325.1875,30734.28125,19631.58203125,False,549
252527::056.swc,4999,4998,16332.19140625,30739.2578125,19629.640625,True,549
252527::056.swc,5000,3073,16274.828125,30698.66796875,19612.39453125,False,549
252527::056.swc,5001,5000,16280.38671875,30697.67578125,19611.5703125,False,549
252527::056.swc,5002,5001,16283.79296875,30694.390625,19609.78515625,False,549
252527::056.swc,5003,5002,16289.421875,30694.1796875,19610.34765625,False,549
252527::056.swc,5004,5003,16291.83203125,30695.125,19614.6328125,False,549
252527::056.swc,5005,5004,16296.046875,30699.15625,19619.6796875,False,549
252527::056.swc,5006,5005,16300.625,30706.4140625,19623.3125,False,549
252527::056.swc,5007,5006,16304.29296875,30712.734375,19629.0859375,False,549
252527::056.swc,5008,5007,16305.55078125,30715.94921875,19633.0,False,549
252527::056.swc,5009,5008,16308.51953125,30725.58203125,19632.546875,False,549
252527::056.swc,5010,5009,16313.234375,30732.8984375,19630.71875,False,549
252527::056.swc,5011,5010,16315.87109375,30739.1875,19629.015625,False,549
252527::056.swc,5012,5011,16317.921875,30749.578125,19629.265625,False,549
252527::056.swc,5013,5012,16318.484375,30756.82421875,19632.8828125,False,549
252527::056.swc,5014,5013,16321.171875,30759.5859375,19635.48046875,False,549
252527::056.swc,5015,5014,16325.78125,30759.02734375,19636.5,False,549
252527::056.swc,5016,5015,16333.58203125,30761.41015625,19636.0859375,False,549
252527::056.swc,5017,5016,16338.7265625,30765.16015625,19634.1484375,True,549
252527::056.swc,5100,3248,16160.3203125,30076.46875,19419.9375,False,549
252527::056.swc,5101,5100,16158.71875,30066.171875,19418.56640625,False,549
252527::056.swc,5102,5101,16157.96484375,30062.1015625,19415.66015625,False,549
252527::056.swc,5103,5102,16156.3125,30055.1875,19414.58203125,False,549
252527::056.swc,5104,5103,16156.07421875,30050.7421875,19415.86328125,False,549
252527::056.swc,5105,5104,16155.64453125,30036.87890625,19417.5,False,549
252527::056.swc,5106,5105,16153.5546875,30030.28515625,19417.27734375,False,549
252527::056.swc,5107,5106,16149.78125,30026.234375,19415.23828125,False,549
252527::056.swc,5108,5107,16144.890625,30023.28125,19416.28515625,False,549
252527::056.swc,5109,5108,16139.63671875,30021.5078125,19414.69921875,True,549
252527::056.swc,5110,3248,16157.4609375,30080.28125,19430.36328125,False,549
252527::056.swc,5111,5110,16155.1328125,30078.9921875,19439.43359375,False,549
252527::056.swc,5112,5111,16153.55859375,30076.36328125,19447.92578125,False,549
252527::056.swc,5113,5112,16153.09765625,30075.3515625,19455.203125,False,549
252527::056.swc,5114,5113,16148.93359375,30074.34375,19472.01953125,False,549
252527::056.swc,5115,5114,16144.10546875,30073.2421875,19485.69921875,False,549
252527::056.swc,5116,5115,16141.9296875,30071.6328125,19498.6640625,False,549
252527::056.swc,5117,5116,16140.2578125,30071.44140625,19507.96875,False,549
252527::056.swc,5118,5117,16137.671875,30072.296875,19513.2109375,False,549
252527::056.swc,5119,5118,16135.34375,30073.02734375,19526.375,False,549
252527::056.swc,5120,3256,16182.3125,30119.3515625,19394.30859375,False,549
252527::056.swc,5121,5120,16183.69140625,30123.3671875,19400.76171875,False,549
252527::056.swc,5122,5121,16184.80078125,30131.24609375,19410.03125,False,549
252527::056.swc,5123,5122,16185.93359375,30136.33984375,19418.64453125,False,549
252527::056.swc,5124,5123,16186.69921875,30140.85546875,19428.96875,False,549
252527::056.swc,5125,5124,16187.21484375,30147.296875,19437.63671875,False,549
252527::056.swc,5126,5125,16186.96875,30154.42578125,19445.6953125,False,549
252527::056.swc,5127,5126,16186.63671875,30161.08203125,19456.41015625,False,549
252527::056.swc,5128,5127,16186.75,30165.03515625,19466.265625,False,549
252527::056.swc,5129,5128,16187.58984375,30173.09375,19477.18359375,False,549
252527::056.swc,5130,5129,16186.9609375,30180.078125,19486.48046875,False,549
252527::056.swc,5131,5130,16186.62890625,30183.58203125,19487.5,False,549
252527::056.swc,5132,5131,16187.12890625,30187.140625,19494.72265625,False,549
252527::056.swc,5133,5132,16187.76171875,30191.89453125,19499.33203125,False,549
252527::056.swc,5134,5133,16188.0078125,30197.125,19506.84765625,False,549
252527::056.swc,5135,5134,16187.92578125,30201.73046875,19510.84765625,False,549
252527::056.swc,5136,5135,16186.1875,30210.22265625,19515.37109375,False,549
252527::056.swc,5137,5136,16186.40234375,30216.046875,19519.73828125,False,549
252527::056.swc,5138,5137,16188.13671875,30222.6796875,19526.37109375,False,549
252527::056.swc,5139,3256,16183.2421875,30122.25390625,19393.46484375,False,549
252527::056.swc,5140,5139,16186.625,30133.58203125,19394.1171875,False,549
252527::056.swc,5141,5140,16186.91796875,30140.89453125,19397.703125,False,549
252527::056.swc,5142,5141,16184.21484375,30144.78515625,19402.984375,False,549
252527::056.swc,5143,5142,16179.44921875,30148.34375,19405.11328125,False,549
252527::056.swc,5144,5143,16177.84765625,30151.17578125,19409.390625,False,549
252527::056.swc,5145,5144,16178.44921875,30151.78515625,19415.57421875,False,549
252527::056.swc,5146,5145,16176.78515625,30153.6171875,19418.36328125,False,549
252527::056.swc,5147,5146,16174.015625,30154.140625,19424.87890625,False,549
252527::056.swc,5148,5147,16168.53125,30154.75390625,19430.34375,False,549
252527::056.swc,5149,5148,16162.7734375,30154.8984375,19440.33203125,False,549
252527::056.swc,5150,5149,16161.30859375,30154.80078125,19448.37109375,False,549
252527::056.swc,5151,5150,16161.8046875,30150.6484375,19465.60546875,False,549
252527::056.swc,5152,5151,16163.08203125,30149.52734375,19480.5390625,False,549
252527::056.swc,5153,5152,16165.0390625,30148.76953125,19486.453125,False,549
252527::056.swc,5154,5153,16167.421875,30146.26171875,19484.28125,False,549
252527::056.swc,5155,5154,16171.51171875,30141.15625,19483.5,False,549
252527::056.swc,5156,5155,16175.3203125,30135.06640625,19485.796875,False,549
252527::056.swc,5157,5156,16176.03125,30128.359375,19491.234375,False,549
252527::056.swc,5158,5157,16177.6171875,30123.40234375,19493.94140625,False,549
252527::056.swc,5159,5158,16179.19140625,30115.96875,19495.390625,False,549
252527::056.swc,5160,5159,16177.7109375,30112.265625,19493.5390625,False,549
252527::056.swc,5161,5160,16176.6640625,30104.84765625,19492.5,False,549
252527::056.swc,5162,5161,16174.6015625,30097.34375,19493.34375,False,549
252527::056.swc,5163,5162,16173.38671875,30093.9140625,19495.17578125,False,549
252527::056.swc,5164,5163,16171.90625,30088.08203125,19495.27734375,False,549
252527::056.swc,5165,5164,16172.8359375,30086.578125,19493.0,False,549
252527::056.swc,5166,5165,16178.0234375,30086.5,19492.40234375,False,549
252527::056.swc,5167,5166,16183.37109375,30086.12890625,19488.37890625,False,549
252527::056.swc,5168,5167,16187.62890625,30082.41015625,19485.01171875,False,549
252527::056.swc,5169,5168,16189.9453125,30077.09375,19485.3984375,False,549
252527::056.swc,5170,5169,16193.078125,30071.5234375,19482.29296875,False,549
252527::056.swc,5171,5170,16199.1328125,30066.79296875,19483.359375,False,549
252527::056.swc,5172,5171,16203.40625,30063.08203125,19487.45703125,False,549
252527::056.swc,5173,5172,16210.6640625,30065.71484375,19487.36328125,False,549
252527::056.swc,5174,5173,16219.734375,30059.62890625,19486.5,False,549
252527::056.swc,5175,5174,16226.9140625,30048.5625,19486.5,False,549
252527::056.swc,5176,5175,16234.0,30040.33203125,19485.78515625,False,549
252527::056.swc,5177,5176,16238.81640625,30038.83984375,19484.63671875,False,549
252527::056.swc,5178,5177,16245.1640625,30035.44921875,19486.23828125,False,549
252527::056.swc,5179,5178,16251.0546875,30030.69921875,19487.94140625,False,549
252527::056.swc,5180,5179,16252.70703125,30024.5390625,19488.09375,False,549
252527::056.swc,5181,5180,16252.30078125,30021.04296875,19484.41015625,False,549
252527::056.swc,5182,5181,16251.5625,30019.671875,19478.0078125,False,549
252527::056.swc,5183,5182,16250.7734375,30020.8515625,19469.99609375,True,549
252527::056.swc,5184,3263,16387.53125,30521.296875,19500.29296875,False,549
252527::056.swc,5185,5184,16390.68359375,30527.58984375,19501.5,False,549
252527::056.swc,5186,5185,16395.83203125,30537.00390625,19501.5,False,549
252527::056.swc,5187,5186,16398.50390625,30543.29296875,19504.33203125,False,549
252527::056.swc,5188,5187,16399.9453125,30545.48828125,19509.5859375,False,549
252527::056.swc,5189,5188,16402.453125,30548.91796875,19512.27734375,False,549
252527::056.swc,5190,5189,16403.33984375,30550.765625,19518.38671875,False,549
252527::056.swc,5191,5190,16404.50390625,30553.8828125,19520.43359375,False,549
252527::056.swc,5192,5191,16407.32421875,30555.94140625,19524.5234375,False,549
252527::056.swc,5193,5192,16410.734375,30559.0546875,19525.5,False,549
252527::056.swc,5194,5193,16413.70703125,30562.01953125,19529.4765625,False,549
252527::056.swc,5195,5194,16414.45703125,30564.48046875,19535.15625,False,549
252527::056.swc,5196,5195,16417.265625,30573.0546875,19537.5,False,549
252527::056.swc,5197,5196,16419.06640625,30582.625,19538.0,False,549
252527::056.swc,5198,5197,16419.65234375,30585.98828125,19540.0,False,549
252527::056.swc,5199,5198,16420.2734375,30592.859375,19540.5,False,549
252527::056.swc,5200,5199,16420.8671875,30597.671875,19541.0234375,False,549
252527::056.swc,5201,5200,16421.5625,30601.1171875,19544.4296875,False,549
252527::056.swc,5202,5201,16424.359375,30608.3125,19548.11328125,False,549
252527::056.swc,5203,5202,16425.2734375,30614.6484375,19552.3046875,False,549
252527::056.swc,5204,5203,16426.1171875,30617.828125,19556.95703125,False,549
252527::056.swc,5205,5204,16427.3125,30618.0625,19567.76171875,False,549
252527::056.swc,5206,5205,16430.18359375,30615.87109375,19575.83203125,False,549
252527::056.swc,5207,5206,16435.4921875,30616.05078125,19589.42578125,False,549
252527::056.swc,5208,5207,16439.22265625,30617.265625,19595.13671875,False,549
252527::056.swc,5209,5208,16439.38671875,30620.21875,19604.6015625,False,549
252527::056.swc,5210,5209,16438.171875,30623.0390625,19616.1484375,False,549
252527::056.swc,5211,5210,16436.46484375,30625.578125,19623.75390625,False,549
252527::056.swc,5212,5211,16434.65625,30627.3359375,19633.8515625,False,549
252527::056.swc,5213,5212,16433.390625,30630.28515625,19647.5546875,False,549
252527::056.swc,5214,5213,16430.671875,30629.953125,19657.046875,False,549
252527::056.swc,5215,5214,16426.88671875,30626.0859375,19661.21484375,False,549
252527::056.swc,5216,5215,16425.2265625,30624.10546875,19672.3671875,False,549
252527::056.swc,5217,5216,16424.453125,30624.6953125,19685.7578125,False,549
252527::056.swc,5218,5217,16423.28125,30627.5625,19701.4140625,False,549
252527::056.swc,5219,5218,16422.890625,30629.96484375,19707.25390625,False,549
252527::056.swc,5220,5219,16421.84765625,30632.8359375,19716.171875,False,549
252527::056.swc,5221,5220,16421.2421875,30635.3828125,19729.17578125,False,549
252527::056.swc,5222,5221,16418.9453125,30637.203125,19743.578125,False,549
252527::056.swc,5223,5222,16415.01171875,30639.75390625,19753.29296875,False,549
252527::056.swc,5224,5223,16410.11328125,30642.60546875,19753.5,False,549
252527::056.swc,5225,5224,16408.03515625,30645.9140625,19754.5703125,False,549
252527::056.swc,5226,5225,16406.94921875,30647.3515625,19760.859375,False,549
252527::056.swc,5227,5226,16404.09765625,30646.375,19768.77734375,False,549
252527::056.swc,5228,5227,16401.41796875,30643.078125,19774.24609375,False,549
252527::056.swc,5229,5228,16398.3828125,30641.85546875,19779.85546875,False,549
252527::056.swc,5230,5229,16395.92578125,30642.640625,19781.703125,False,549
252527::056.swc,5231,5230,16391.3046875,30641.23046875,19788.36328125,False,549
252527::056.swc,5232,5231,16386.78515625,30638.0625,19793.796875,False,549
252527::056.swc,5233,5232,16381.41015625,30635.4140625,19794.33984375,False,549
252527::056.swc,5234,5233,16378.87109375,30631.08203125,19792.45703125,False,549
252527::056.swc,5235,5234,16377.7265625,30628.9765625,19789.5,False,549
252527::056.swc,5236,5235,16378.171875,30624.8359375,19789.5,True,549
252527::056.swc,5237,3263,16385.73828125,30521.74609375,19502.421875,False,549
252527::056.swc,5238,5237,16381.0859375,30523.6953125,19505.12890625,False,549
252527::056.swc,5239,5238,16378.12109375,30527.08984375,19511.39453125,False,549
252527::056.swc,5240,5239,16373.26953125,30529.49609375,19517.0703125,False,549
252527::056.swc,5241,5240,16368.54296875,30531.42578125,19519.80859375,False,549
252527::056.swc,5242,5241,16364.56640625,30532.92578125,19525.83203125,False,549
252527::056.swc,5243,5242,16359.95703125,30537.02734375,19537.078125,False,549
252527::056.swc,5244,5243,16355.5546875,30540.734375,19551.3203125,False,549
252527::056.swc,5245,5244,16349.859375,30541.76171875,19555.5,False,549
252527::056.swc,5246,5245,16342.8984375,30540.85546875,19556.44921875,False,549
252527::056.swc,5247,5246,16337.9453125,30540.09375,19563.2890625,False,549
252527::056.swc,5248,5247,16333.80078125,30540.234375,19573.8203125,False,549
252527::056.swc,5249,5248,16330.1171875,30543.58203125,19587.94921875,False,549
252527::056.swc,5250,5249,16328.27734375,30548.94921875,19600.953125,False,549
252527::056.swc,5251,5250,16325.5,30551.08984375,19610.5703125,False,549
252527::056.swc,5252,5251,16328.39453125,30551.9609375,19615.76953125,False,549
252527::056.swc,5253,5252,16334.6171875,30553.68359375,19621.7265625,False,549
252527::056.swc,5254,5253,16337.828125,30554.19140625,19627.97265625,False,549
252527::056.swc,5255,5254,16341.5703125,30552.796875,19633.78125,False,549
252527::056.swc,5256,5255,16341.828125,30552.03125,19640.78515625,False,549
252527::056.swc,5257,5256,16340.03515625,30552.92578125,19647.55078125,False,549
252527::056.swc,5258,5257,16338.4296875,30556.7421875,19652.6640625,False,549
252527::056.swc,5259,5258,16338.75390625,30559.42578125,19665.96484375,False,549
252527::056.swc,5260,5259,16340.09765625,30559.0546875,19677.50390625,False,549
252527::056.swc,5261,5260,16340.01171875,30556.37890625,19684.8359375,False,549
252527::056.swc,5262,5261,16337.78515625,30555.5703125,19691.703125,False,549
252527::056.swc,5263,5262,16336.78515625,30554.8984375,19698.16015625,False,549
252527::056.swc,5264,5263,16336.12890625,30552.265625,19703.30078125,True,549
252527::056.swc,5265,3284,16492.4921875,30620.87890625,19517.13671875,False,549
252527::056.swc,5266,5265,16496.7578125,30623.45703125,19511.36328125,False,549
252527::056.swc,5267,5266,16498.09375,30626.45703125,19505.796875,False,549
252527::056.swc,5268,5267,16499.88671875,30632.18359375,19503.15625,False,549
252527::056.swc,5269,5268,16504.61328125,30640.0703125,19501.5,False,549
252527::056.swc,5270,5269,16509.01953125,30642.89453125,19497.77734375,False,549
252527::056.swc,5271,5270,16512.49609375,30644.7265625,19492.98046875,False,549
252527::056.swc,5272,5271,16515.19140625,30644.41796875,19484.6015625,False,549
252527::056.swc,5273,5272,16517.203125,30645.5859375,19480.5,False,549
252527::056.swc,5274,5273,16522.53515625,30648.03515625,19476.125,False,549
252527::056.swc,5275,5274,16529.0859375,30649.88671875,19466.7265625,False,549
252527::056.swc,5276,5275,16535.06640625,30650.26953125,19456.8046875,False,549
252527::056.swc,5277,5276,16537.93359375,30649.62890625,19448.2734375,False,549
252527::056.swc,5278,5277,16541.875,30647.28515625,19444.26171875,False,549
252527::056.swc,5279,5278,16543.390625,30644.2734375,19442.5,True,549
252527::056.swc,5280,3284,16492.23046875,30625.83203125,19527.9375,False,549
252527::056.swc,5281,5280,16496.77734375,30629.234375,19530.9453125,False,549
252527::056.swc,5282,5281,16499.2109375,30629.8828125,19535.015625,False,549
252527::056.swc,5283,5282,16498.78125,30631.328125,19539.3984375,False,549
252527::056.swc,5284,5283,16496.12109375,30637.3515625,19548.30859375,False,549
252527::056.swc,5285,5284,16491.8203125,30639.93359375,19555.03125,False,549
252527::056.swc,5286,5285,16488.03125,30639.83984375,19560.26171875,False,549
252527::056.swc,5287,5286,16484.54296875,30638.46875,19567.2890625,False,549
252527::056.swc,5288,5287,16480.1328125,30637.38671875,19580.08984375,False,549
252527::056.swc,5289,5288,16476.3515625,30636.49609375,19588.3046875,False,549
252527::056.swc,5290,5289,16474.13671875,30637.4921875,19597.10546875,False,549
252527::056.swc,5291,5290,16473.10546875,30642.5625,19600.8828125,False,549
252527::056.swc,5292,5291,16471.17578125,30645.55859375,19607.703125,False,549
252527::056.swc,5293,5292,16468.30078125,30649.90625,19613.8125,False,549
252527::056.swc,5294,5293,16464.81640625,30651.0,19618.6875,False,549
252527::056.swc,5295,5294,16462.234375,30649.1171875,19625.4609375,False,549
252527::056.swc,5296,5295,16460.3828125,30648.890625,19632.48046875,False,549
252527::056.swc,5297,5296,16458.66796875,30650.4765625,19636.0546875,False,549
252527::056.swc,5298,5297,16456.65234375,30655.56640625,19636.5,False,549
252527::056.swc,5299,5298,16456.9765625,30660.5234375,19636.5,False,549
252527::056.swc,5300,5299,16457.08203125,30663.4375,19639.42578125,False,549
252527::056.swc,5301,5300,16456.43359375,30664.02734375,19643.41015625,False,549
252527::056.swc,5302,5301,16456.5859375,30668.1484375,19645.5,False,549
252527::056.swc,5303,5302,16456.5546875,30675.34765625,19645.5,False,549
252527::056.swc,5304,5303,16455.9609375,30683.96484375,19648.78515625,False,549
252527::056.swc,5305,5304,16455.15625,30690.234375,19652.53515625,False,549
252527::056.swc,5306,5305,16452.25390625,30696.515625,19655.50390625,False,549
252527::056.swc,5307,5306,16450.17578125,30701.046875,19663.06640625,False,549
252527::056.swc,5308,5307,16450.4296875,30707.015625,19669.76171875,False,549
252527::056.swc,5309,5308,16450.81640625,30711.9140625,19672.5,False,549
252527::056.swc,5310,5309,16451.078125,30718.890625,19671.6796875,False,549
252527::056.swc,5311,5310,16450.30078125,30720.234375,19667.26171875,False,549
252527::056.swc,5312,5311,16449.18359375,30726.1953125,19663.58203125,False,549
252527::056.swc,5313,5312,16448.75,30729.58203125,19665.08203125,True,549
252527::056.swc,5314,3324,16382.078125,30057.625,19652.03125,False,549
252527::056.swc,5315,5314,16382.6875,30062.29296875,19654.0546875,False,549
252527::056.swc,5316,5315,16382.92578125,30073.953125,19655.34375,False,549
252527::056.swc,5317,5316,16383.68359375,30079.77734375,19657.28515625,False,549
252527::056.swc,5318,5317,16386.28515625,30087.09765625,19658.10546875,False,549
252527::056.swc,5319,5318,16387.45703125,30090.88671875,19661.53515625,False,549
252527::056.swc,5320,5319,16386.20703125,30096.58984375,19664.40234375,False,549
252527::056.swc,5321,5320,16380.0703125,30101.08203125,19667.83203125,False,549
252527::056.swc,5322,5321,16371.0625,30108.98046875,19670.5390625,False,549
252527::056.swc,5323,5322,16370.21484375,30113.41015625,19673.4453125,True,549
252527::056.swc,5324,3324,16381.046875,30052.7578125,19653.296875,False,549
252527::056.swc,5325,5324,16378.35546875,30046.6484375,19656.87109375,False,549
252527::056.swc,5326,5325,16376.6484375,30039.19921875,19657.5,False,549
252527::056.swc,5327,5326,16377.64453125,30028.37109375,19657.5,False,549
252527::056.swc,5328,5327,16377.18359375,30016.140625,19660.29296875,False,549
252527::056.swc,5329,5328,16377.8671875,30011.859375,19664.46484375,False,549
252527::056.swc,5330,5329,16379.2734375,30006.7734375,19666.5,False,549
252527::056.swc,5331,5330,16379.5078125,29999.79296875,19665.60546875,False,549
252527::056.swc,5332,5331,16378.34375,29996.46484375,19663.71484375,False,549
252527::056.swc,5333,3373,16072.6953125,30209.484375,18778.29296875,False,549
252527::056.swc,5334,5333,16070.66015625,30209.43359375,18764.546875,False,549
252527::056.swc,5335,5334,16070.26171875,30208.8125,18754.83203125,False,549
252527::056.swc,5336,5335,16069.94921875,30206.953125,18754.5,False,549
252527::056.swc,5337,5336,16070.74609375,30204.6015625,18747.66015625,False,549
252527::056.swc,5338,5337,16069.875,30199.7109375,18741.2109375,False,549
252527::056.swc,5339,5338,16067.0703125,30194.8984375,18735.46875,False,549
252527::056.swc,5340,5339,16066.359375,30190.8828125,18727.04296875,False,549
252527::056.swc,5341,5340,16064.19921875,30183.3125,18720.7734375,False,549
252527::056.swc,5342,5341,16060.96484375,30178.234375,18715.28125,False,549
252527::056.swc,5343,5342,16059.875,30176.00390625,18708.91796875,False,549
252527::056.swc,5344,5343,16058.03515625,30174.75390625,18700.0078125,False,549
252527::056.swc,5345,5344,16051.9140625,30173.1484375,18697.5,False,549
252527::056.swc,5346,5345,16047.1953125,30170.23046875,18697.5,False,549
252527::056.swc,5347,5346,16043.76953125,30168.7734375,18694.1640625,False,549
252527::056.swc,5348,5347,16043.3046875,30168.8671875,18686.6875,False,549
252527::056.swc,5349,5348,16040.44921875,30170.12890625,18675.55859375,False,549
252527::056.swc,5350,5349,16036.19140625,30173.01953125,18666.00390625,False,549
252527::056.swc,5351,5350,16030.2734375,30176.7421875,18660.5703125,False,549
252527::056.swc,5352,5351,16027.0703125,30177.91796875,18656.625,False,549
252527::056.swc,5353,5352,16022.0078125,30179.390625,18656.2109375,False,549
252527::056.swc,5354,5353,16017.93359375,30180.6875,18659.8984375,False,549
252527::056.swc,5355,5354,16014.87890625,30181.2578125,18658.109375,False,549
252527::056.swc,5356,5355,16013.984375,30182.0234375,18651.3984375,False,549
252527::056.swc,5357,5356,16012.33203125,30185.6015625,18642.28125,False,549
252527::056.swc,5358,5357,16009.56640625,30189.4765625,18637.1328125,False,549
252527::056.swc,5359,5358,16006.8515625,30193.35546875,18628.91015625,False,549
252527::056.swc,5360,5359,15998.0078125,30192.73828125,18625.8515625,False,549
252527::056.swc,5361,5360,15992.5859375,30194.65625,18623.23828125,False,549
252527::056.swc,5362,5361,15991.734375,30197.98046875,18618.703125,False,549
252527::056.swc,5363,5362,15991.9765625,30202.65234375,18616.5,False,549
252527::056.swc,5364,5363,15992.875,30203.875,18611.27734375,False,549
252527::056.swc,5365,5364,15992.9609375,30203.3203125,18602.1796875,False,549
252527::056.swc,5366,5365,15993.21875,30199.36328125,18591.0703125,False,549
252527::056.swc,5367,5366,15991.86328125,30193.828125,18582.3671875,False,549
252527::056.swc,5368,5367,15989.0625,30186.0546875,18577.80078125,False,549
252527::056.swc,5369,5368,15984.75390625,30179.47265625,18579.0703125,False,549
252527::056.swc,5370,5369,15983.1015625,30172.72265625,18575.58203125,False,549
252527::056.swc,5371,5370,15985.15625,30167.01171875,18567.34375,False,549
252527::056.swc,5372,5371,15986.58203125,30164.47265625,18559.36328125,False,549
252527::056.swc,5373,5372,15988.73046875,30162.90234375,18556.5,False,549
252527::056.swc,5374,5373,15991.41015625,30157.44921875,18551.25390625,False,549
252527::056.swc,5375,5374,15993.296875,30153.359375,18545.16015625,False,549
252527::056.swc,5376,5375,15994.5,30150.84765625,18537.66015625,False,549
252527::056.swc,5377,5376,15997.56640625,30148.859375,18532.1171875,True,549
252527::056.swc,5378,3373,16071.0,30208.63671875,18783.9921875,False,549
252527::056.swc,5379,5378,16067.171875,30208.078125,18782.046875,False,549
252527::056.swc,5380,5379,16060.17578125,30205.57421875,18781.27734375,False,549
252527::056.swc,5381,5380,16055.875,30204.90625,18778.6484375,False,549
252527::056.swc,5382,5381,16050.4375,30203.609375,18778.5,False,549
252527::056.swc,5383,5382,16047.30078125,30198.32421875,18778.390625,False,549
252527::056.swc,5384,5383,16046.91015625,30193.46484375,18776.72265625,False,549
252527::056.swc,5385,5384,16039.08203125,30187.54296875,18773.3671875,False,549
252527::056.swc,5386,5385,16030.4765625,30183.4921875,18768.84765625,False,549
252527::056.swc,5387,5386,16024.77734375,30181.3359375,18767.60546875,False,549
252527::056.swc,5388,5387,16021.33984375,30179.234375,18770.48046875,False,549
252527::056.swc,5389,5388,16015.796875,30178.27734375,18772.27734375,False,549
252527::056.swc,5390,5389,16010.75,30180.23828125,18770.19921875,False,549
252527::056.swc,5391,5390,16005.82421875,30179.98046875,18769.5,False,549
252527::056.swc,5392,5391,15994.6484375,30169.01953125,18769.5,False,549
252527::056.swc,5393,5392,15986.85546875,30163.32421875,18769.5,False,549
252527::056.swc,5394,5393,15981.703125,30164.83203125,18769.43359375,False,549
252527::056.swc,5395,5394,15974.44140625,30165.0,18767.64453125,False,549
252527::056.swc,5396,5395,15970.30859375,30162.45703125,18768.21484375,False,549
252527::056.swc,5397,5396,15969.5234375,30161.625,18764.5,True,549
252527::056.swc,5398,3375,16384.71484375,30219.28125,18820.0,False,549
252527::056.swc,5399,5398,16386.35546875,30226.99609375,18817.72265625,False,549
252527::056.swc,5400,5399,16388.4296875,30236.49609375,18817.33203125,False,549
252527::056.swc,5401,5400,16388.8359375,30243.0859375,18815.22265625,False,549
252527::056.swc,5402,5401,16389.2265625,30252.2578125,18814.16796875,False,549
252527::056.swc,5403,5402,16389.91015625,30257.6015625,18811.6484375,False,549
252527::056.swc,5404,5403,16391.578125,30264.171875,18811.203125,False,549
252527::056.swc,5405,5404,16392.0234375,30267.4765625,18809.16796875,False,549
252527::056.swc,5406,5405,16395.48828125,30277.32421875,18802.46875,False,549
252527::056.swc,5407,5406,16397.81640625,30288.6171875,18798.48828125,False,549
252527::056.swc,5408,5407,16400.36328125,30297.78515625,18796.5,False,549
252527::056.swc,5409,5408,16406.59375,30304.0859375,18796.5,False,549
252527::056.swc,5410,5409,16411.73046875,30307.6953125,18795.96484375,False,549
252527::056.swc,5411,5410,16412.82421875,30309.30078125,18793.859375,False,549
252527::056.swc,5412,5411,16414.3828125,30311.55859375,18790.80078125,False,549
252527::056.swc,5413,5412,16417.15625,30318.9453125,18790.5,False,549
252527::056.swc,5414,5413,16422.87109375,30330.3125,18790.5,False,549
252527::056.swc,5415,3375,16386.1953125,30207.59765625,18823.4140625,False,549
252527::056.swc,5416,5415,16391.25390625,30213.03125,18825.8203125,False,549
252527::056.swc,5417,5416,16394.16796875,30217.8046875,18829.27734375,False,549
252527::056.swc,5418,5417,16399.14453125,30225.5625,18832.49609375,False,549
252527::056.swc,5419,5418,16403.59765625,30231.1328125,18838.89453125,False,549
252527::056.swc,5420,5419,16410.375,30238.76171875,18843.33203125,False,549
252527::056.swc,5421,3396,16250.375,30286.5390625,18851.9765625,False,549
252527::056.swc,5422,5421,16243.73828125,30291.0546875,18853.453125,False,549
252527::056.swc,5423,5422,16237.1015625,30295.56640625,18854.9296875,False,549
252527::056.swc,5424,5423,16230.4609375,30300.078125,18856.40625,False,549
252527::056.swc,5425,5424,16223.82421875,30304.59375,18857.8828125,False,549
252527::056.swc,5426,5425,16217.1875,30309.10546875,18859.359375,False,549
252527::056.swc,5427,5426,16215.9453125,30310.69921875,18862.5078125,False,549
252527::056.swc,5428,5427,16209.30859375,30314.97265625,18866.1171875,False,549
252527::056.swc,5429,5428,16197.47265625,30323.1875,18870.71484375,False,549
252527::056.swc,5430,5429,16191.92578125,30327.08203125,18873.8515625,False,549
252527::056.swc,5431,5430,16189.65625,30327.85546875,18872.796875,False,549
252527::056.swc,5432,3396,16251.5625,30283.15625,18844.31640625,False,549
252527::056.swc,5433,5432,16246.1171875,30284.28515625,18838.1328125,False,549
252527::056.swc,5434,5433,16240.671875,30285.4140625,18831.94921875,False,549
252527::056.swc,5435,5434,16235.22265625,30286.54296875,18825.765625,False,549
252527::056.swc,5436,5435,16233.5,30287.875,18821.765625,False,549
252527::056.swc,5437,5436,16228.62109375,30288.0859375,18817.44140625,False,549
252527::056.swc,5438,5437,16223.73046875,30288.70703125,18808.1953125,False,549
252527::056.swc,5439,5438,16219.08984375,30289.859375,18797.16796875,False,549
252527::056.swc,5440,5439,16215.625,30291.6953125,18790.76953125,False,549
252527::056.swc,5441,5440,16213.20703125,30292.6328125,18782.41015625,False,549
252527::056.swc,5442,5441,16210.6328125,30293.1640625,18778.5,False,549
252527::056.swc,5443,5442,16207.69921875,30294.96484375,18777.01953125,False,549
252527::056.swc,5444,5443,16204.9296875,30296.59765625,18770.09765625,False,549
252527::056.swc,5445,5444,16200.39453125,30301.2578125,18762.2421875,False,549
252527::056.swc,5446,5445,16194.59375,30306.296875,18756.94140625,False,549
252527::056.swc,5447,5446,16188.16015625,30310.67578125,18747.02734375,False,549
252527::056.swc,5448,5447,16186.5703125,30312.265625,18742.18359375,False,549
252527::056.swc,5449,5448,16180.328125,30311.734375,18736.2421875,False,549
252527::056.swc,5450,5449,16175.98828125,30313.80078125,18733.5,False,549
252527::056.swc,5451,5450,16170.07421875,30316.671875,18733.5,False,549
252527::056.swc,5452,5451,16166.4765625,30318.8515625,18730.83203125,False,549
252527::056.swc,5453,5452,16163.83984375,30319.6171875,18724.59765625,False,549
252527::056.swc,5454,5453,16157.8828125,30321.51953125,18720.109375,False,549
252527::056.swc,5455,5454,16154.7734375,30322.17578125,18715.5,False,549
252527::056.swc,5456,3436,16225.0703125,30411.07421875,18599.41015625,False,549
252527::056.swc,5457,5456,16222.2578125,30418.7890625,18598.66796875,False,549
252527::056.swc,5458,5457,16221.4453125,30425.078125,18600.8515625,False,549
252527::056.swc,5459,5458,16223.390625,30431.95703125,18601.83203125,False,549
252527::056.swc,5460,5459,16224.32421875,30433.9765625,18604.5,False,549
252527::056.swc,5461,3436,16224.41796875,30409.31640625,18601.5,False,549
252527::056.swc,5462,5461,16215.99609375,30414.80078125,18601.9765625,False,549
252527::056.swc,5463,5462,16209.79296875,30420.74609375,18604.26171875,False,549
252527::056.swc,5464,5463,16206.2265625,30428.2109375,18604.5,False,549
252527::056.swc,5465,5464,16203.59765625,30431.375,18603.83203125,False,549
252527::056.swc,5466,5465,16202.875,30431.484375,18600.0,False,549
252527::056.swc,5467,5466,16200.33984375,30436.390625,18598.8125,False,549
252527::056.swc,5468,5467,16194.76171875,30444.92578125,18600.96484375,False,549
252527::056.swc,5469,5468,16187.66796875,30454.27734375,18602.40625,False,549
252527::056.swc,5470,5469,16185.14453125,30460.6796875,18604.359375,False,549
252527::056.swc,5471,5470,16184.54296875,30464.29296875,18606.390625,False,549
252527::056.swc,5472,5471,16181.828125,30470.83984375,18607.5,False,549
252527::056.swc,5473,5472,16178.7265625,30480.4453125,18607.61328125,False,549
252527::056.swc,5474,5473,16174.09375,30492.46484375,18609.87109375,False,549
252527::056.swc,5475,5474,16168.53125,30508.19921875,18610.96484375,False,549
252527::056.swc,5476,5475,16166.55859375,30514.8984375,18613.08203125,False,549
252527::056.swc,5477,5476,16165.421875,30521.49609375,18613.5,False,549
252527::056.swc,5478,5477,16161.75390625,30527.7890625,18614.48828125,False,549
252527::056.swc,5479,5478,16156.94140625,30531.82421875,18618.234375,False,549
252527::056.swc,5480,5479,16151.6015625,30535.22265625,18619.5,False,549
252527::056.swc,5481,5480,16146.87109375,30538.3125,18614.89453125,False,549
252527::056.swc,5482,5481,16143.55859375,30541.75,18614.2421875,False,549
252527::056.swc,5483,5482,16140.5078125,30547.30078125,18618.39453125,False,549
252527::056.swc,5484,5483,16134.7421875,30559.921875,18621.37109375,False,549
252527::056.swc,5485,5484,16132.33984375,30564.515625,18625.0,False,549
252527::056.swc,5486,5485,16126.34765625,30572.265625,18626.4609375,False,549
252527::056.swc,5487,5486,16117.9609375,30580.94140625,18629.0625,False,549
252527::056.swc,5488,5487,16110.96484375,30587.2109375,18632.765625,False,549
252527::056.swc,5489,3486,16349.14453125,30008.703125,18707.484375,False,549
252527::056.swc,5490,5489,16348.2734375,30004.953125,18706.5,False,549
252527::056.swc,5491,3486,16347.98046875,30014.6796875,18712.84765625,False,549
252527::056.swc,5492,5491,16347.046875,30022.36328125,18714.4296875,False,549
252527::056.swc,5493,5492,16348.171875,30026.78125,18717.046875,False,549
252527::056.swc,5494,5493,16349.15234375,30030.8515625,18712.79296875,False,549
252527::056.swc,5495,5494,16349.4765625,30036.37109375,18713.16796875,False,549
252527::056.swc,5496,5495,16348.64453125,30038.625,18715.0546875,False,549
252527::056.swc,5497,5496,16346.5078125,30045.16796875,18715.5,False,549
252527::056.swc,5498,5497,16344.66015625,30060.0234375,18715.5,False,549
252527::056.swc,5499,5498,16344.60546875,30073.453125,18715.5,False,549
252527::056.swc,5500,5499,16344.26953125,30085.2265625,18714.35546875,False,549
252527::056.swc,5501,5500,16345.4609375,30092.5546875,18711.74609375,False,549
252527::056.swc,5502,5501,16345.71875,30103.421875,18710.92578125,False,549
252527::056.swc,5503,5502,16344.34375,30107.7109375,18714.42578125,False,549
252527::056.swc,5504,5503,16343.2734375,30110.546875,18713.3046875,False,549
252527::056.swc,5505,5504,16342.06640625,30110.84375,18720.80859375,False,549
252527::056.swc,5506,5505,16340.1015625,30116.5390625,18721.5,False,549
252527::056.swc,5507,5506,16340.87109375,30132.4140625,18722.484375,False,549
252527::056.swc,5508,5507,16340.75390625,30143.578125,18725.8203125,False,549
252527::056.swc,5509,5508,16340.47265625,30147.16796875,18731.7890625,False,549
252527::056.swc,5510,5509,16338.234375,30153.484375,18735.85546875,False,549
252527::056.swc,5511,5510,16332.3515625,30163.11328125,18743.234375,False,549
252527::056.swc,5512,5511,16325.25390625,30174.75,18754.390625,False,549
252527::056.swc,5513,5512,16321.23046875,30181.18359375,18762.47265625,False,549
252527::056.swc,5514,5513,16319.109375,30182.78515625,18761.859375,False,549
252527::056.swc,5515,5514,16316.06640625,30184.03125,18770.06640625,False,549
252527::056.swc,5516,5515,16313.26171875,30186.65625,18775.76953125,False,549
252527::056.swc,5517,5516,16310.53125,30191.76953125,18780.37109375,False,549
252527::056.swc,5518,5517,16308.41796875,30196.96484375,18782.3671875,False,549
252527::056.swc,5519,5518,16306.46484375,30205.38671875,18788.02734375,False,549
252527::056.swc,5520,5519,16304.17578125,30214.67578125,18792.01953125,False,549
252527::056.swc,5521,5520,16303.22265625,30226.47265625,18793.5,False,549
252527::056.swc,5522,5521,16301.83984375,30230.1484375,18794.77734375,False,549
252527::056.swc,5523,5522,16301.24609375,30230.5546875,18800.890625,False,549
252527::056.swc,5524,5523,16299.40234375,30232.44140625,18805.5,False,549
252527::056.swc,5525,5524,16297.4453125,30234.5234375,18806.5,False,549
252527::056.swc,5526,5525,16297.6484375,30237.58984375,18811.68359375,False,549
252527::056.swc,5527,5526,16297.51953125,30241.421875,18814.08203125,False,549
252527::056.swc,5528,5527,16293.7734375,30249.7734375,18819.3515625,False,549
252527::056.swc,5529,5528,16289.4765625,30254.15625,18820.5,False,549
252527::056.swc,5530,5529,16287.14453125,30258.1015625,18824.44921875,False,549
252527::056.swc,5531,5530,16284.08984375,30259.9609375,18833.453125,False,549
252527::056.swc,5532,5531,16278.90625,30261.59765625,18842.75390625,False,549
252527::056.swc,5533,5532,16272.18359375,30265.49609375,18852.28125,False,549
252527::056.swc,5534,5533,16268.33984375,30269.82421875,18855.984375,False,549
252527::056.swc,5535,5534,16265.40234375,30272.85546875,18856.49609375,False,549
252527::056.swc,5536,5535,16263.86328125,30279.15625,18860.0390625,False,549
252527::056.swc,5537,5536,16262.57421875,30281.39453125,18866.640625,False,549
252527::056.swc,5538,5537,16260.4140625,30284.3671875,18868.5,False,549
252527::056.swc,5539,5538,16258.6015625,30290.70703125,18869.765625,False,549
252527::056.swc,5540,5539,16258.07421875,30295.47265625,18875.16015625,False,549
252527::056.swc,5541,5540,16257.10546875,30303.38671875,18877.5,False,549
252527::056.swc,5542,5541,16256.17578125,30309.23046875,18884.265625,False,549
252527::056.swc,5543,5542,16256.17578125,30311.66796875,18891.23828125,False,549
252527::056.swc,5544,3489,16325.34375,30040.90625,18744.2265625,False,549
252527::056.swc,5545,5544,16316.19921875,30037.75390625,18740.78125,False,549
252527::056.swc,5546,5545,16302.08203125,30031.74609375,18738.64453125,False,549
252527::056.swc,5547,5546,16295.48828125,30028.19921875,18736.82421875,False,549
252527::056.swc,5548,5547,16288.32421875,30021.60546875,18735.96875,False,549
252527::056.swc,5549,5548,16283.78515625,30018.58203125,18733.859375,False,549
252527::056.swc,5550,5549,16281.5234375,30016.67578125,18730.5,False,549
252527::056.swc,5551,3489,16324.82421875,30044.82421875,18745.5078125,False,549
252527::056.swc,5552,5551,16315.66015625,30041.05078125,18749.1796875,False,549
252527::056.swc,5553,5552,16309.58984375,30038.76953125,18749.359375,False,549
252527::056.swc,5554,5553,16304.10546875,30038.5,18751.1484375,False,549
252527::056.swc,5555,5554,16298.390625,30036.62890625,18754.23046875,False,549
252527::056.swc,5556,5555,16296.17578125,30034.91015625,18757.2890625,False,549
252527::056.swc,5557,5556,16289.73828125,30033.1953125,18757.796875,False,549
252527::056.swc,5558,5557,16284.29296875,30033.0703125,18759.94140625,False,549
252527::056.swc,5559,5558,16279.96484375,30032.5078125,18758.453125,False,549
252527::056.swc,5560,5559,16275.0234375,30028.99609375,18757.97265625,False,549
252527::056.swc,5561,5560,16273.4140625,30028.37890625,18761.73828125,False,549
252527::056.swc,5562,5561,16269.42578125,30029.36328125,18765.0390625,False,549
252527::056.swc,5563,5562,16265.62109375,30028.56640625,18761.5078125,False,549
252527::056.swc,5564,5563,16258.32421875,30027.53515625,18760.26171875,False,549
252527::056.swc,5565,5564,16256.24609375,30027.41796875,18758.3046875,False,549
252527::056.swc,5566,5565,16243.8359375,30023.72265625,18757.17578125,False,549
252527::056.swc,5567,5566,16239.7265625,30022.796875,18754.72265625,False,549
252527::056.swc,5568,5567,16233.359375,30024.50390625,18754.5,False,549
252527::056.swc,5569,5568,16223.99609375,30024.5390625,18754.1953125,False,549
252527::056.swc,5570,5569,16218.11328125,30023.7109375,18752.88671875,False,549
252527::056.swc,5571,5570,16212.30859375,30022.80078125,18756.76171875,False,549
252527::056.swc,5572,5571,16204.36328125,30023.9296875,18755.53515625,False,549
252527::056.swc,5573,5572,16196.734375,30028.53125,18752.66015625,False,549
252527::056.swc,5574,5573,16189.0859375,30031.75,18750.828125,False,549
252527::056.swc,5575,5574,16179.3046875,30034.12109375,18746.71484375,False,549
252527::056.swc,5576,5575,16175.65625,30034.046875,18743.1015625,False,549
252527::056.swc,5577,5576,16168.81640625,30031.94140625,18741.4375,False,549
252527::056.swc,5578,5577,16164.28125,30031.8671875,18738.12890625,False,549
252527::056.swc,5579,3501,16241.2265625,30128.5078125,18769.19140625,False,549
252527::056.swc,5580,5579,16237.84765625,30131.953125,18763.015625,False,549
252527::056.swc,5581,5580,16236.02734375,30137.48828125,18756.28125,False,549
252527::056.swc,5582,5581,16233.5234375,30144.390625,18751.0859375,False,549
252527::056.swc,5583,5582,16229.6171875,30150.546875,18748.3515625,False,549
252527::056.swc,5584,5583,16228.40625,30153.54296875,18743.48046875,False,549
252527::056.swc,5585,5584,16224.11328125,30155.3828125,18727.609375,False,549
252527::056.swc,5586,5585,16219.98828125,30159.89453125,18719.1171875,False,549
252527::056.swc,5587,5586,16217.6484375,30163.66015625,18709.1796875,False,549
252527::056.swc,5588,5587,16216.35546875,30164.33984375,18702.73828125,False,549
252527::056.swc,5589,5588,16215.50390625,30167.1953125,18690.40625,False,549
252527::056.swc,5590,5589,16215.109375,30171.390625,18677.71484375,False,549
252527::056.swc,5591,5590,16216.27734375,30174.37890625,18669.296875,False,549
252527::056.swc,5592,5591,16216.47265625,30178.3203125,18654.33984375,False,549
252527::056.swc,5593,5592,16217.16015625,30180.57421875,18642.703125,False,549
252527::056.swc,5594,5593,16217.80078125,30181.125,18634.5,False,549
252527::056.swc,5595,5594,16215.63671875,30179.2734375,18624.9375,False,549
252527::056.swc,5596,5595,16214.21484375,30178.6015625,18616.34375,False,549
252527::056.swc,5597,5596,16213.30859375,30179.7265625,18610.46875,False,549
252527::056.swc,5598,5597,16210.34375,30180.02734375,18604.546875,False,549
252527::056.swc,5599,5598,16206.77734375,30179.21484375,18601.078125,False,549
252527::056.swc,5600,5599,16203.7734375,30178.30859375,18595.02734375,False,549
252527::056.swc,5601,5600,16199.5859375,30175.3828125,18588.7265625,False,549
252527::056.swc,5602,5601,16197.65234375,30173.21875,18580.3046875,False,549
252527::056.swc,5603,5602,16193.875,30171.8125,18574.35546875,False,549
252527::056.swc,5604,5603,16191.109375,30170.19140625,18566.703125,False,549
252527::056.swc,5605,5604,16188.5625,30170.04296875,18562.5,False,549
252527::056.swc,5606,5605,16187.1015625,30169.36328125,18554.75,False,549
252527::056.swc,5607,5606,16185.5390625,30165.8125,18543.921875,False,549
252527::056.swc,5608,5607,16183.2890625,30163.73046875,18528.8359375,False,549
252527::056.swc,5609,5608,16180.02734375,30162.44140625,18522.12890625,False,549
252527::056.swc,5610,5609,16179.3671875,30159.19140625,18518.41015625,False,549
252527::056.swc,5611,5610,16178.5,30157.05859375,18508.58984375,False,549
252527::056.swc,5612,5611,16176.90234375,30154.35546875,18498.70703125,False,549
252527::056.swc,5613,5612,16170.2578125,30150.03515625,18496.82421875,False,549
252527::056.swc,5614,5613,16163.83984375,30147.3359375,18498.19921875,False,549
252527::056.swc,5615,5614,16155.9375,30146.33203125,18495.6953125,False,549
252527::056.swc,5616,5615,16147.9375,30143.14453125,18490.6953125,False,549
252527::056.swc,5617,5616,16143.73828125,30139.46484375,18487.9609375,False,549
252527::056.swc,5618,5617,16135.86328125,30137.1328125,18487.19921875,False,549
252527::056.swc,5619,5618,16130.20703125,30131.984375,18486.38671875,False,549
252527::056.swc,5620,5619,16122.703125,30126.6171875,18487.41796875,False,549
252527::056.swc,5621,5620,16116.12109375,30123.58984375,18486.0,False,549
252527::056.swc,5622,5621,16115.05078125,30123.6953125,18482.33203125,False,549
252527::056.swc,5623,5622,16111.46484375,30123.7890625,18482.84375,False,549
252527::056.swc,5624,5623,16109.89453125,30123.07421875,18488.37109375,False,549
252527::056.swc,5625,5624,16101.6328125,30127.37890625,18489.85546875,False,549
252527::056.swc,5626,5625,16095.5078125,30126.5078125,18487.28125,False,549
252527::056.swc,5627,5626,16094.64453125,30125.22265625,18482.453125,False,549
252527::056.swc,5628,5627,16090.703125,30123.0234375,18481.5,False,549
252527::056.swc,5629,5628,16079.515625,30121.09375,18481.55078125,False,549
252527::056.swc,5630,5629,16072.66015625,30120.62109375,18483.41796875,False,549
252527::056.swc,5631,5630,16068.67578125,30122.515625,18484.5,False,549
252527::056.swc,5632,5631,16061.3203125,30126.96875,18484.5,False,549
252527::056.swc,5633,5632,16057.46484375,30129.69140625,18482.796875,True,549
252527::056.swc,5634,3501,16246.98828125,30120.6171875,18771.2734375,False,549
252527::056.swc,5635,5634,16246.58203125,30118.57421875,18766.72265625,False,549
252527::056.swc,5636,5635,16247.00390625,30119.9921875,18757.1328125,False,549
252527::056.swc,5637,5636,16248.9296875,30122.99609375,18748.07421875,False,549
252527::056.swc,5638,5637,16251.4375,30126.2890625,18741.484375,False,549
252527::056.swc,5639,5638,16252.6171875,30126.984375,18728.5859375,False,549
252527::056.swc,5640,5639,16252.91015625,30125.23828125,18719.91796875,False,549
252527::056.swc,5641,5640,16252.94921875,30125.640625,18709.41796875,False,549
252527::056.swc,5642,5641,16253.2578125,30127.49609375,18701.2265625,False,549
252527::056.swc,5643,5642,16253.4765625,30128.23828125,18689.70703125,False,549
252527::056.swc,5644,5643,16253.0625,30127.52734375,18683.9296875,False,549
252527::056.swc,5645,3526,16412.09375,30048.03125,18700.515625,False,549
252527::056.swc,5646,5645,16415.30859375,30049.7890625,18696.18359375,False,549
252527::056.swc,5647,5646,16417.390625,30049.82421875,18687.90625,False,549
252527::056.swc,5648,5647,16423.56640625,30048.37109375,18673.84375,False,549
252527::056.swc,5649,5648,16430.4609375,30046.765625,18663.8515625,False,549
252527::056.swc,5650,5649,16433.625,30046.015625,18656.41796875,False,549
252527::056.swc,5651,5650,16434.203125,30046.76171875,18649.0390625,False,549
252527::056.swc,5652,5651,16436.35546875,30045.5546875,18644.8046875,False,549
252527::056.swc,5653,5652,16437.40234375,30043.109375,18644.78515625,False,549
252527::056.swc,5654,5653,16439.5703125,30044.46875,18648.01171875,False,549
252527::056.swc,5655,5654,16440.859375,30047.31640625,18645.2109375,False,549
252527::056.swc,5656,5655,16443.96875,30047.1953125,18633.8125,False,549
252527::056.swc,5657,5656,16449.53515625,30045.8671875,18625.38671875,False,549
252527::056.swc,5658,5657,16453.91015625,30045.203125,18615.546875,False,549
252527::056.swc,5659,5658,16456.640625,30043.4609375,18606.51953125,False,549
252527::056.swc,5660,5659,16457.66796875,30041.24609375,18598.078125,False,549
252527::056.swc,5661,5660,16459.9296875,30039.12109375,18592.625,False,549
252527::056.swc,5662,5661,16463.43359375,30038.45703125,18581.61328125,False,549
252527::056.swc,5663,5662,16465.39453125,30037.4140625,18574.9375,False,549
252527::056.swc,5664,5663,16467.94921875,30034.078125,18568.99609375,False,549
252527::056.swc,5665,5664,16473.1953125,30029.9453125,18561.85546875,False,549
252527::056.swc,5666,5665,16475.58203125,30028.62109375,18555.84765625,False,549
252527::056.swc,5667,5666,16476.78515625,30028.12109375,18548.65234375,False,549
252527::056.swc,5668,5667,16479.90625,30025.55078125,18541.92578125,False,549
252527::056.swc,5669,5668,16481.42578125,30021.390625,18537.8671875,False,549
252527::056.swc,5670,5669,16483.76171875,30018.8046875,18528.11328125,False,549
252527::056.swc,5671,5670,16488.0,30017.859375,18519.87890625,False,549
252527::056.swc,5672,5671,16490.98828125,30015.58984375,18514.30859375,False,549
252527::056.swc,5673,5672,16493.9765625,30010.46484375,18501.921875,False,549
252527::056.swc,5674,5673,16495.671875,30006.86328125,18491.96875,False,549
252527::056.swc,5675,5674,16497.8515625,30004.640625,18490.5,False,549
252527::056.swc,5676,5675,16504.78125,30002.79296875,18484.51953125,False,549
252527::056.swc,5677,5676,16508.67578125,29998.59375,18477.1875,False,549
252527::056.swc,5678,5677,16509.43359375,29993.25390625,18470.8984375,False,549
252527::056.swc,5679,5678,16509.12109375,29988.6484375,18462.71484375,False,549
252527::056.swc,5680,5679,16510.83203125,29981.625,18455.29296875,False,549
252527::056.swc,5681,5680,16514.8046875,29977.49609375,18447.71875,False,549
252527::056.swc,5682,5681,16517.48046875,29973.41796875,18438.22265625,False,549
252527::056.swc,5683,5682,16520.87109375,29968.42578125,18430.11328125,False,549
252527::056.swc,5684,5683,16525.33984375,29960.75,18420.80859375,False,549
252527::056.swc,5685,5684,16530.1015625,29957.21875,18414.515625,False,549
252527::056.swc,5686,5685,16531.73828125,29953.60546875,18409.6484375,False,549
252527::056.swc,5687,5686,16527.35546875,29944.015625,18409.5,False,549
252527::056.swc,5688,5687,16524.7421875,29933.984375,18408.34375,False,549
252527::056.swc,5689,5688,16524.06640625,29929.3671875,18402.4609375,False,549
252527::056.swc,5690,5689,16522.109375,29923.28125,18398.90625,False,549
252527::056.swc,5691,5690,16521.6875,29916.3984375,18392.91015625,False,549
252527::056.swc,5692,5691,16521.11328125,29903.98828125,18386.125,False,549
252527::056.swc,5693,5692,16520.99609375,29892.9609375,18378.5390625,False,549
252527::056.swc,5694,5693,16521.94140625,29886.7890625,18377.25,False,549
252527::056.swc,5695,5694,16522.359375,29881.58203125,18379.140625,False,549
252527::056.swc,5696,5695,16525.4375,29872.59765625,18376.8671875,False,549
252527::056.swc,5697,5696,16531.4765625,29863.203125,18369.921875,False,549
252527::056.swc,5698,5697,16533.98828125,29856.3515625,18365.3046875,False,549
252527::056.swc,5699,5698,16535.58203125,29851.77734375,18361.62890625,False,549
252527::056.swc,5700,5699,16540.07421875,29846.66015625,18362.9921875,False,549
252527::056.swc,5701,5700,16544.04296875,29847.140625,18365.2578125,False,549
252527::056.swc,5702,5701,16547.59765625,29846.203125,18363.0625,False,549
252527::056.swc,5703,5702,16553.2890625,29839.9375,18359.66015625,False,549
252527::056.swc,5704,5703,16559.8515625,29834.796875,18355.89453125,False,549
252527::056.swc,5705,5704,16563.3125,29830.30078125,18354.9921875,False,549
252527::056.swc,5706,5705,16562.45703125,29826.24609375,18352.86328125,False,549
252527::056.swc,5707,5706,16559.15625,29815.48046875,18352.5,False,549
252527::056.swc,5708,5707,16556.4765625,29803.12890625,18352.5,True,549
252527::056.swc,5709,3526,16412.09375,30048.03125,18700.515625,False,549
252527::056.swc,5710,5709,16415.2890625,30049.7890625,18696.2890625,False,549
252527::056.swc,5711,5710,16417.4765625,30050.48046875,18689.00390625,False,549
252527::056.swc,5712,5711,16422.21875,30053.09765625,18682.41796875,False,549
252527::056.swc,5713,5712,16426.609375,30054.94140625,18679.96875,False,549
252527::056.swc,5714,5713,16434.234375,30060.44921875,18679.5,False,549
252527::056.swc,5715,5714,16441.18359375,30067.66796875,18679.18359375,False,549
252527::056.swc,5716,5715,16445.3046875,30071.74609375,18677.08203125,False,549
252527::056.swc,5717,5716,16451.140625,30075.4453125,18676.5,False,549
252527::056.swc,5718,3530,16419.78515625,30022.30859375,18739.96484375,False,549
252527::056.swc,5719,5718,16420.9765625,30015.05078125,18738.46484375,False,549
252527::056.swc,5720,5719,16422.203125,30008.875,18734.17578125,False,549
252527::056.swc,5721,5720,16422.57421875,30004.3203125,18728.5,False,549
252527::056.swc,5722,5721,16422.7421875,30000.6875,18727.16796875,False,549
252527::056.swc,5723,5722,16423.671875,29996.96875,18722.390625,False,549
252527::056.swc,5724,5723,16424.90625,29989.30859375,18717.375,False,549
252527::056.swc,5725,5724,16425.140625,29980.390625,18712.2265625,False,549
252527::056.swc,5726,5725,16424.6875,29978.32421875,18709.75,False,549
252527::056.swc,5727,5726,16424.76171875,29975.41796875,18706.67578125,False,549
252527::056.swc,5728,5727,16425.66015625,29967.84375,18704.34375,False,549
252527::056.swc,5729,5728,16426.99609375,29962.83984375,18699.81640625,False,549
252527::056.swc,5730,5729,16428.3671875,29955.10546875,18697.09765625,False,549
252527::056.swc,5731,5730,16430.26953125,29951.55859375,18693.38671875,False,549
252527::056.swc,5732,5731,16433.45703125,29944.32421875,18689.015625,False,549
252527::056.swc,5733,5732,16436.71875,29940.1953125,18683.796875,False,549
252527::056.swc,5734,5733,16440.29296875,29937.45703125,18682.1484375,False,549
252527::056.swc,5735,5734,16442.07421875,29933.60546875,18678.90625,False,549
252527::056.swc,5736,5735,16439.69921875,29927.62109375,18676.5,False,549
252527::056.swc,5737,5736,16435.12890625,29922.296875,18675.51171875,False,549
252527::056.swc,5738,5737,16434.265625,29918.4453125,18673.0546875,False,549
252527::056.swc,5739,5738,16433.94921875,29916.59765625,18669.0,False,549
252527::056.swc,5740,5739,16434.6953125,29906.31640625,18655.875,False,549
252527::056.swc,5741,5740,16437.7578125,29902.265625,18650.734375,False,549
252527::056.swc,5742,5741,16441.01171875,29899.171875,18643.7890625,False,549
252527::056.swc,5743,5742,16444.13671875,29896.3828125,18639.84765625,False,549
252527::056.swc,5744,5743,16448.3515625,29891.47265625,18637.5,False,549
252527::056.swc,5745,5744,16450.953125,29886.08203125,18636.52734375,False,549
252527::056.swc,5746,5745,16452.37890625,29883.18359375,18632.80859375,True,549
252527::056.swc,5747,3530,16424.375,30022.4765625,18741.46484375,False,549
252527::056.swc,5748,5747,16432.06640625,30019.15234375,18737.9921875,False,549
252527::056.swc,5749,5748,16436.0234375,30016.83203125,18733.83203125,False,549
252527::056.swc,5750,5749,16443.09765625,30012.2421875,18733.80859375,False,549
252527::056.swc,5751,5750,16447.97265625,30010.02734375,18735.890625,False,549
252527::056.swc,5752,5751,16449.92578125,30008.7109375,18732.2109375,False,549
252527::056.swc,5753,5752,16450.32421875,30008.28125,18726.546875,False,549
252527::056.swc,5754,3623,16289.63671875,29965.24609375,18722.55078125,False,549
252527::056.swc,5755,5754,16286.87890625,29966.84375,18725.40234375,False,549
252527::056.swc,5756,5755,16286.01171875,29968.3046875,18720.47265625,False,549
252527::056.swc,5757,5756,16288.75390625,29971.56640625,18715.14453125,False,549
252527::056.swc,5758,5757,16290.01953125,29977.46484375,18709.765625,False,549
252527::056.swc,5759,5758,16288.45703125,29982.15234375,18705.98828125,False,549
252527::056.swc,5760,5759,16286.58984375,29984.1640625,18701.22265625,True,549
252527::056.swc,5761,3623,16292.5703125,29960.03515625,18718.53515625,False,549
252527::056.swc,5762,5761,16291.52734375,29954.30078125,18714.0546875,False,549
252527::056.swc,5763,5762,16288.96484375,29949.16015625,18712.5,False,549
252527::056.swc,5764,5763,16284.8046875,29947.51953125,18709.08203125,False,549
252527::056.swc,5765,5764,16280.765625,29946.78515625,18703.42578125,False,549
252527::056.swc,5766,5765,16273.796875,29942.2265625,18700.04296875,False,549
252527::056.swc,5767,5766,16270.3125,29937.90234375,18697.66015625,False,549
252527::056.swc,5768,5767,16268.03515625,29936.18359375,18691.1484375,False,549
252527::056.swc,5769,5768,16266.2734375,29936.84765625,18686.80859375,False,549
252527::056.swc,5770,5769,16262.69921875,29935.125,18684.4609375,False,549
252527::056.swc,5771,5770,16262.0234375,29931.59765625,18681.98046875,False,549
252527::056.swc,5772,5771,16262.44921875,29926.65625,18674.7109375,False,549
252527::056.swc,5773,5772,16262.97265625,29920.3125,18667.79296875,False,549
252527::056.swc,5774,5773,16263.2890625,29914.0234375,18658.890625,False,549
252527::056.swc,5775,5774,16265.56640625,29912.28125,18655.2265625,False,549
252527::056.swc,5776,5775,16267.6171875,29910.95703125,18645.7265625,False,549
252527::056.swc,5777,5776,16270.515625,29908.1796875,18638.1953125,False,549
252527::056.swc,5778,5777,16273.921875,29905.90625,18632.84375,False,549
252527::056.swc,5779,3677,16351.078125,30567.84765625,18739.98828125,False,549
252527::056.swc,5780,5779,16350.66015625,30571.5078125,18742.3515625,False,549
252527::056.swc,5781,5780,16347.28125,30575.34765625,18741.24609375,False,549
252527::056.swc,5782,5781,16342.8984375,30578.2421875,18738.7421875,False,549
252527::056.swc,5783,5782,16341.72265625,30581.8984375,18735.90625,False,549
252527::056.swc,5784,5783,16342.5703125,30586.125,18730.63671875,False,549
252527::056.swc,5785,5784,16345.26953125,30591.8203125,18726.9375,False,549
252527::056.swc,5786,5785,16350.06640625,30595.88671875,18724.5,True,549
252527::056.swc,5787,3677,16350.375,30565.2734375,18736.55859375,False,549
252527::056.swc,5788,5787,16353.46484375,30564.77734375,18733.5,False,549
252527::056.swc,5789,5788,16357.00390625,30561.31640625,18732.890625,False,549
252527::056.swc,5790,5789,16358.7734375,30557.00390625,18728.58203125,False,549
252527::056.swc,5791,5790,16359.94140625,30554.91015625,18721.53515625,False,549
252527::056.swc,5792,5791,16361.390625,30555.89453125,18714.12890625,False,549
252527::056.swc,5793,5792,16363.328125,30559.4453125,18711.31640625,False,549
252527::056.swc,5794,5793,16366.35546875,30561.28125,18700.81640625,False,549
252527::056.swc,5795,5794,16371.12890625,30559.84375,18693.921875,False,549
252527::056.swc,5796,5795,16375.9765625,30559.9296875,18682.48828125,False,549
252527::056.swc,5797,5796,16380.953125,30561.84375,18678.11328125,False,549
252527::056.swc,5798,5797,16388.00390625,30566.04296875,18676.5,False,549
252527::056.swc,5799,5798,16391.96484375,30571.71484375,18676.203125,False,549
252527::056.swc,5800,5799,16393.6796875,30575.22265625,18674.16796875,False,549
252527::056.swc,5801,5800,16393.78515625,30576.9921875,18676.328125,False,549
252527::056.swc,5802,5801,16391.92578125,30581.328125,18676.5,False,549
252527::056.swc,5803,5802,16388.8828125,30585.2421875,18683.01953125,False,549
252527::056.swc,5804,5803,16386.76953125,30586.7265625,18694.32421875,False,549
252527::056.swc,5805,5804,16387.09765625,30587.8359375,18697.265625,False,549
252527::056.swc,5806,5805,16390.21875,30590.06640625,18697.5,False,549
252527::056.swc,5807,5806,16393.95703125,30590.515625,18701.31640625,False,549
252527::056.swc,5808,5807,16392.7578125,30590.03515625,18707.46484375,False,549
252527::056.swc,5809,5808,16389.6953125,30590.76953125,18711.39453125,False,549
252527::056.swc,5810,5809,16386.9375,30593.8828125,18720.13671875,False,549
252527::056.swc,5811,5810,16386.21875,30596.8671875,18727.7734375,True,549
252527::056.swc,5812,3687,16419.06640625,30313.6484375,18784.23046875,False,549
252527::056.swc,5813,5812,16417.8515625,30316.69140625,18786.796875,False,549
252527::056.swc,5814,5813,16416.98828125,30330.55078125,18787.5,False,549
252527::056.swc,5815,5814,16418.37890625,30336.56640625,18787.57421875,False,549
252527::056.swc,5816,5815,16419.32421875,30339.88671875,18789.41796875,False,549
252527::056.swc,5817,5816,16418.86328125,30359.2890625,18790.5,False,549
252527::056.swc,5818,5817,16417.94140625,30365.9296875,18791.8203125,False,549
252527::056.swc,5819,5818,16416.53515625,30373.015625,18794.71484375,False,549
252527::056.swc,5820,5819,16414.6015625,30381.15234375,18800.24609375,False,549
252527::056.swc,5821,5820,16413.4765625,30384.57421875,18805.5,False,549
252527::056.swc,5822,3687,16419.06640625,30313.6484375,18784.23046875,False,549
252527::056.swc,5823,5822,16417.8515625,30316.69140625,18786.796875,False,549
252527::056.swc,5824,5823,16416.96875,30330.5078125,18787.5,False,549
252527::056.swc,5825,5824,16418.19140625,30336.58203125,18787.5,False,549
252527::056.swc,5826,5825,16419.25390625,30339.7265625,18784.83203125,False,549
252527::056.swc,5827,5826,16419.32421875,30339.7265625,18779.83203125,False,549
252527::056.swc,5828,5827,16419.6875,30343.09765625,18774.390625,False,549
252527::056.swc,5829,5828,16421.8125,30351.08984375,18770.72265625,False,549
252527::056.swc,5830,5829,16422.90234375,30359.453125,18764.703125,False,549
252527::056.swc,5831,5830,16421.29296875,30368.4453125,18762.21484375,False,549
252527::056.swc,5832,5831,16419.55859375,30376.89453125,18758.63671875,False,549
252527::056.swc,5833,5832,16419.32421875,30382.96484375,18757.5,False,549
252527::056.swc,5834,5833,16419.32421875,30385.984375,18755.5546875,False,549
252527::056.swc,5835,5834,16418.45703125,30393.1640625,18754.5,False,549
252527::056.swc,5836,5835,16416.4609375,30397.0546875,18752.2421875,False,549
252527::056.swc,5837,5836,16417.1796875,30402.51953125,18745.890625,False,549
252527::056.swc,5838,5837,16415.1640625,30408.6953125,18740.46484375,False,549
252527::056.swc,5839,5838,16413.14453125,30409.8046875,18736.30078125,False,549
252527::056.swc,5840,5839,16412.76171875,30413.22265625,18733.5,False,549
252527::056.swc,5841,5840,16413.96484375,30421.96484375,18733.5,False,549
252527::056.swc,5842,5841,16417.69140625,30434.99609375,18733.16796875,False,549
252527::056.swc,5843,5842,16419.2890625,30438.5234375,18729.66796875,False,549
252527::056.swc,5844,5843,16419.68359375,30446.00390625,18721.87109375,False,549
252527::056.swc,5845,5844,16420.34765625,30452.1328125,18719.47265625,False,549
252527::056.swc,5846,5845,16421.48828125,30462.16796875,18719.640625,False,549
252527::056.swc,5847,5846,16419.76171875,30467.6328125,18722.90625,False,549
252527::056.swc,5848,5847,16417.5390625,30478.921875,18724.5,False,549
252527::056.swc,5849,5848,16414.859375,30486.56640625,18725.46484375,False,549
252527::056.swc,5850,5849,16413.59375,30490.2421875,18730.79296875,False,549
252527::056.swc,5851,5850,16412.23046875,30494.09765625,18733.5,False,549
252527::056.swc,5852,5851,16410.6640625,30499.9140625,18733.5,False,549
252527::056.swc,5853,5852,16411.890625,30508.88671875,18733.5,False,549
252527::056.swc,5854,5853,16417.26171875,30512.3203125,18733.5,False,549
252527::056.swc,5855,5854,16420.88671875,30518.1953125,18733.83203125,False,549
252527::056.swc,5856,5855,16421.1328125,30522.47265625,18736.18359375,False,549
252527::056.swc,5857,5856,16419.6953125,30527.515625,18735.1328125,False,549
252527::056.swc,5858,5857,16416.85546875,30532.91015625,18735.76171875,False,549
252527::056.swc,5859,5858,16415.58203125,30536.9140625,18733.83203125,False,549
252527::056.swc,5860,5859,16416.37890625,30541.8984375,18733.5,False,549
252527::056.swc,5861,5860,16415.4296875,30560.7265625,18733.74609375,False,549
252527::056.swc,5862,5861,16419.421875,30565.12890625,18735.14453125,False,549
252527::056.swc,5863,5862,16425.1328125,30568.19140625,18733.86328125,False,549
252527::056.swc,5864,5863,16427.7734375,30570.4765625,18736.5,True,549
252527::056.swc,5865,3775,16013.48046875,30001.046875,18632.171875,False,549
252527::056.swc,5866,5865,16013.76953125,30005.05859375,18625.23828125,False,549
252527::056.swc,5867,5866,16015.6328125,30005.80078125,18613.1328125,False,549
252527::056.swc,5868,5867,16018.8125,30008.70703125,18602.84765625,False,549
252527::056.swc,5869,5868,16020.125,30011.859375,18598.3125,False,549
252527::056.swc,5870,5869,16025.2578125,30013.3671875,18590.96484375,False,549
252527::056.swc,5871,5870,16030.7734375,30010.9296875,18588.56640625,False,549
252527::056.swc,5872,5871,16034.921875,30010.078125,18583.625,False,549
252527::056.swc,5873,5872,16043.55078125,30010.55078125,18579.6640625,False,549
252527::056.swc,5874,5873,16053.99609375,30009.53515625,18571.390625,False,549
252527::056.swc,5875,5874,16064.5546875,30006.0390625,18565.5,False,549
252527::056.swc,5876,5875,16070.28125,30001.6875,18565.42578125,False,549
252527::056.swc,5877,5876,16079.87109375,29998.83984375,18559.8125,False,549
252527::056.swc,5878,5877,16088.93359375,29998.16015625,18555.40234375,False,549
252527::056.swc,5879,5878,16097.41796875,29996.73828125,18553.5,False,549
252527::056.swc,5880,5879,16104.2265625,29993.359375,18553.5,False,549
252527::056.swc,5881,5880,16107.6875,29990.01171875,18552.54296875,False,549
252527::056.swc,5882,5881,16107.9765625,29988.3359375,18547.16015625,False,549
252527::056.swc,5883,5882,16112.3984375,29985.69921875,18541.5,False,549
252527::056.swc,5884,5883,16118.53125,29981.62109375,18541.16796875,False,549
252527::056.swc,5885,5884,16120.32421875,29976.91015625,18538.83203125,False,549
252527::056.swc,5886,5885,16120.32421875,29970.84375,18538.5,True,549
252527::056.swc,5887,3775,16013.77734375,29996.984375,18634.625,False,549
252527::056.swc,5888,5887,16008.4140625,30000.40234375,18634.5,False,549
252527::056.swc,5889,5888,16005.3984375,30006.1640625,18635.7578125,False,549
252527::056.swc,5890,5889,16002.98828125,30011.56640625,18639.85546875,False,549
252527::056.swc,5891,5890,16001.2890625,30015.828125,18644.75390625,False,549
252527::056.swc,5892,5891,15999.3828125,30020.375,18646.5,False,549
252527::056.swc,5893,5892,15995.69140625,30024.16796875,18646.75,False,549
252527::056.swc,5894,5893,15991.91796875,30026.37890625,18648.69921875,False,549
252527::056.swc,5895,5894,15984.41015625,30030.77734375,18649.30078125,False,549
252527::056.swc,5896,5895,15976.36328125,30034.7265625,18653.47265625,False,549
252527::056.swc,5897,5896,15972.87109375,30038.60546875,18659.49609375,False,549
252527::056.swc,5898,5897,15966.02734375,30042.8828125,18661.9140625,False,549
252527::056.swc,5899,5898,15960.46875,30046.90234375,18665.296875,False,549
252527::056.swc,5900,5899,15958.05078125,30047.0078125,18669.09375,False,549
252527::056.swc,5901,5900,15953.87890625,30047.76953125,18670.5,False,549
252527::056.swc,5902,5901,15949.96484375,30051.05859375,18670.5,False,549
252527::056.swc,5903,5902,15946.96484375,30053.7578125,18670.5,True,549
252527::056.swc,5904,3780,16383.90234375,29937.69921875,18727.58203125,False,549
252527::056.swc,5905,5904,16384.46484375,29929.7890625,18721.234375,False,549
252527::056.swc,5906,5905,16386.1953125,29920.87890625,18714.421875,False,549
252527::056.swc,5907,5906,16388.84765625,29911.19921875,18709.61328125,False,549
252527::056.swc,5908,5907,16389.6484375,29903.4140625,18705.90625,False,549
252527::056.swc,5909,5908,16389.75390625,29896.1640625,18700.3203125,False,549
252527::056.swc,5910,5909,16391.05078125,29888.66015625,18697.94140625,False,549
252527::056.swc,5911,5910,16392.7578125,29884.80078125,18694.66796875,False,549
252527::056.swc,5912,5911,16393.21875,29884.7265625,18689.33203125,False,549
252527::056.swc,5913,5912,16393.99609375,29881.08984375,18685.41796875,False,549
252527::056.swc,5914,5913,16394.453125,29876.5625,18684.1015625,False,549
252527::056.swc,5915,5914,16398.9921875,29861.25,18673.19921875,False,549
252527::056.swc,5916,5915,16402.03515625,29851.85546875,18669.25390625,False,549
252527::056.swc,5917,5916,16405.03515625,29843.3046875,18663.84765625,False,549
252527::056.swc,5918,5917,16406.89453125,29835.1328125,18661.5,False,549
252527::056.swc,5919,5918,16408.40234375,29825.0703125,18661.5,False,549
252527::056.swc,5920,5919,16410.1171875,29819.7265625,18660.0,False,549
252527::056.swc,5921,5920,16412.39453125,29815.390625,18654.32421875,False,549
252527::056.swc,5922,5921,16416.02734375,29808.78515625,18650.94921875,False,549
252527::056.swc,5923,3780,16381.55859375,29942.046875,18742.203125,False,549
252527::056.swc,5924,5923,16380.8046875,29932.75390625,18742.5,False,549
252527::056.swc,5925,5924,16383.23046875,29919.0390625,18742.5,False,549
252527::056.swc,5926,5925,16386.42578125,29911.5078125,18742.38671875,False,549
252527::056.swc,5927,5926,16388.125,29908.61328125,18740.58203125,False,549
252527::056.swc,5928,5927,16389.21484375,29899.8984375,18739.5,False,549
252527::056.swc,5929,5928,16391.359375,29886.4765625,18739.7578125,False,549
252527::056.swc,5930,5929,16392.578125,29880.41015625,18742.02734375,False,549
252527::056.swc,5931,5930,16399.1953125,29868.05078125,18741.6015625,False,549
252527::056.swc,5932,5931,16400.890625,29862.4140625,18739.71484375,False,549
252527::056.swc,5933,5932,16406.86328125,29855.2109375,18739.5,False,549
252527::056.swc,5934,5933,16414.67578125,29849.234375,18739.5,False,549
252527::056.swc,5935,5934,16418.86328125,29842.84375,18739.5,False,549
252527::056.swc,5936,5935,16420.41796875,29830.34375,18739.5,False,549
252527::056.swc,5937,5936,16423.71875,29811.65625,18739.5,False,549
252527::056.swc,5938,5937,16426.56640625,29800.15234375,18738.75,False,549
252527::056.swc,5939,5938,16427.30078125,29795.6796875,18736.859375,False,549
252527::056.swc,5940,5939,16428.20703125,29789.15234375,18736.5,False,549
252527::056.swc,5941,5940,16430.42578125,29773.7578125,18736.5,False,549
252527::056.swc,5942,5941,16434.4140625,29761.28125,18736.5,False,549
252527::056.swc,5943,5942,16437.48828125,29754.94921875,18736.5,False,549
252527::056.swc,5944,5943,16443.6796875,29746.26953125,18736.5,False,549
252527::056.swc,5945,5944,16449.3515625,29735.62109375,18736.5,False,549
252527::056.swc,5946,5945,16454.46484375,29727.86328125,18738.265625,False,549
252527::056.swc,5947,5946,16458.82421875,29718.87109375,18736.98046875,False,549
252527::056.swc,5948,5947,16461.6484375,29711.33203125,18739.296875,False,549
252527::056.swc,5949,5948,16463.48828125,29707.30859375,18742.39453125,False,549
252527::056.swc,5950,5949,16468.0,29701.81640625,18743.8984375,False,549
252527::056.swc,5951,5950,16478.34765625,29688.4765625,18745.5,False,549
252527::056.swc,5952,5951,16491.01171875,29671.17578125,18745.5,False,549
252527::056.swc,5953,5952,16497.30078125,29664.19140625,18745.0,False,549
252527::056.swc,5954,5953,16499.1796875,29660.8203125,18742.68359375,False,549
252527::056.swc,5955,5954,16501.42578125,29653.4765625,18743.03515625,False,549
252527::056.swc,5956,5955,16503.25390625,29647.48046875,18745.140625,False,549
252527::056.swc,5957,5956,16505.33984375,29639.84375,18743.8046875,False,549
252527::056.swc,5958,5957,16506.37890625,29635.46484375,18740.65625,False,549
252527::056.swc,5959,5958,16507.328125,29629.796875,18739.5,False,549
252527::056.swc,5960,5959,16510.16796875,29621.19921875,18736.69921875,False,549
252527::056.swc,5961,5960,16514.796875,29608.6640625,18736.26171875,False,549
252527::056.swc,5962,5961,16518.015625,29602.61328125,18734.03515625,False,549
252527::056.swc,5963,5962,16522.23046875,29595.72265625,18733.5,False,549
252527::056.swc,5964,5963,16527.1953125,29586.6953125,18727.890625,False,549
252527::056.swc,5965,5964,16530.1015625,29581.7421875,18722.578125,False,549
252527::056.swc,5966,5965,16533.20703125,29574.9453125,18721.5,False,549
252527::056.swc,5967,3792,16312.8515625,29932.859375,18731.625,False,549
252527::056.swc,5968,5967,16312.00390625,29931.5234375,18724.9453125,False,549
252527::056.swc,5969,5968,16309.125,29930.2421875,18721.5,False,549
252527::056.swc,5970,5969,16301.4296875,29924.5,18719.55859375,False,549
252527::056.swc,5971,5970,16293.0,29917.61328125,18712.15625,False,549
252527::056.swc,5972,5971,16285.19921875,29909.38671875,18701.39453125,False,549
252527::056.swc,5973,5972,16279.19140625,29902.2734375,18697.5,False,549
252527::056.swc,5974,5973,16276.77734375,29900.0390625,18693.34375,False,549
252527::056.swc,5975,5974,16275.7265625,29899.19921875,18686.9296875,False,549
252527::056.swc,5976,5975,16273.08203125,29896.75,18683.07421875,False,549
252527::056.swc,5977,5976,16270.3125,29893.15234375,18669.77734375,False,549
252527::056.swc,5978,5977,16268.10546875,29891.09765625,18654.01171875,False,549
252527::056.swc,5979,5978,16267.68359375,29889.51953125,18645.26953125,False,549
252527::056.swc,5980,5979,16266.26953125,29887.5546875,18642.0859375,False,549
252527::056.swc,5981,5980,16264.625,29886.67578125,18628.44140625,False,549
252527::056.swc,5982,5981,16264.625,29886.67578125,18620.98046875,False,549
252527::056.swc,5983,5982,16261.8984375,29887.7421875,18611.33984375,False,549
252527::056.swc,5984,5983,16257.2890625,29886.7890625,18606.046875,False,549
252527::056.swc,5985,5984,16255.06640625,29887.67578125,18599.41796875,False,549
252527::056.swc,5986,5985,16248.421875,29888.1171875,18596.3828125,False,549
252527::056.swc,5987,5986,16242.44140625,29887.203125,18591.6484375,False,549
252527::056.swc,5988,5987,16234.859375,29887.453125,18589.5,False,549
252527::056.swc,5989,5988,16229.4296875,29885.44140625,18588.28515625,False,549
252527::056.swc,5990,5989,16225.9140625,29884.65234375,18582.98828125,False,549
252527::056.swc,5991,5990,16219.890625,29883.7421875,18580.5,False,549
252527::056.swc,5992,5991,16212.9296875,29882.91796875,18580.0,False,549
252527::056.swc,5993,5992,16208.65234375,29883.46484375,18577.8984375,False,549
252527::056.swc,5994,5993,16204.37109375,29884.2890625,18579.32421875,False,549
252527::056.swc,5995,5994,16200.55078125,29884.96484375,18578.25,False,549
252527::056.swc,5996,5995,16195.3984375,29887.5859375,18579.640625,False,549
252527::056.swc,5997,5996,16183.62890625,29892.2109375,18579.63671875,False,549
252527::056.swc,5998,5997,16178.421875,29897.00390625,18577.76953125,False,549
252527::056.swc,5999,5998,16166.8203125,29900.75390625,18575.9296875,False,549
252527::056.swc,6000,5999,16156.015625,29902.546875,18571.87109375,False,549
252527::056.swc,6001,6000,16146.30078125,29904.9921875,18568.93359375,False,549
252527::056.swc,6002,6001,16140.42578125,29905.34765625,18565.33984375,False,549
252527::056.swc,6003,6002,16138.0234375,29903.29296875,18559.66796875,False,549
252527::056.swc,6004,6003,16134.5859375,29902.8203125,18551.72265625,False,549
252527::056.swc,6005,6004,16133.3359375,29902.5234375,18543.32421875,False,549
252527::056.swc,6006,6005,16132.1796875,29898.30078125,18539.2578125,False,549
252527::056.swc,6007,6006,16131.6015625,29896.234375,18534.2109375,False,549
252527::056.swc,6008,6007,16129.35546875,29893.69921875,18532.5,False,549
252527::056.swc,6009,6008,16127.55078125,29892.5234375,18528.23046875,False,549
252527::056.swc,6010,6009,16127.71875,29892.29296875,18515.3515625,False,549
252527::056.swc,6011,6010,16128.765625,29891.19140625,18506.26953125,False,549
252527::056.swc,6012,6011,16128.58203125,29890.18359375,18498.3125,False,549
252527::056.swc,6013,6012,16124.7578125,29889.41796875,18488.58203125,False,549
252527::056.swc,6014,6013,16120.1796875,29887.9453125,18485.04296875,False,549
252527::056.swc,6015,6014,16112.35546875,29887.32421875,18484.25,False,549
252527::056.swc,6016,6015,16109.53125,29886.296875,18482.22265625,False,549
252527::056.swc,6017,6016,16103.3359375,29882.62109375,18481.5,False,549
252527::056.swc,6018,6017,16100.91796875,29880.9375,18479.33203125,True,549
252527::056.swc,6019,3792,16313.23828125,29933.52734375,18733.3515625,False,549
252527::056.swc,6020,6019,16312.07421875,29931.5234375,18728.16796875,False,549
252527::056.swc,6021,6020,16311.34765625,29931.28515625,18722.31640625,False,549
252527::056.swc,6022,6021,16309.30078125,29930.91796875,18719.83203125,False,549
252527::056.swc,6023,6022,16306.828125,29931.859375,18710.48828125,False,549
252527::056.swc,6024,6023,16303.44140625,29933.89453125,18702.23046875,False,549
252527::056.swc,6025,6024,16299.04296875,29934.4375,18691.49609375,False,549
252527::056.swc,6026,6025,16294.1953125,29934.4609375,18684.1015625,False,549
252527::056.swc,6027,6026,16291.1953125,29935.5703125,18674.6171875,False,549
252527::056.swc,6028,6027,16291.34765625,29936.98046875,18662.75,False,549
252527::056.swc,6029,6028,16289.5859375,29937.21484375,18653.58984375,False,549
252527::056.swc,6030,6029,16287.61328125,29936.3359375,18646.5,False,549
252527::056.swc,6031,6030,16284.73828125,29934.49609375,18645.1484375,False,549
252527::056.swc,6032,6031,16282.26171875,29933.390625,18639.51171875,False,549
252527::056.swc,6033,6032,16280.3828125,29933.4765625,18631.890625,False,549
252527::056.swc,6034,6033,16280.359375,29933.16796875,18622.8828125,False,549
252527::056.swc,6035,6034,16281.01171875,29931.5859375,18614.20703125,False,549
252527::056.swc,6036,6035,16281.35546875,29926.421875,18605.1171875,False,549
252527::056.swc,6037,6036,16282.00390625,29921.8125,18600.28515625,False,549
252527::056.swc,6038,6037,16280.3984375,29915.40625,18596.2109375,False,549
252527::056.swc,6039,6038,16277.3046875,29911.5234375,18593.078125,False,549
252527::056.swc,6040,6039,16274.9296875,29907.453125,18585.984375,False,549
252527::056.swc,6041,6040,16271.7890625,29905.36328125,18581.5625,False,549
252527::056.swc,6042,6041,16270.6484375,29900.96484375,18577.35546875,False,549
252527::056.swc,6043,6042,16269.7578125,29895.36328125,18574.703125,False,549
252527::056.swc,6044,6043,16269.2109375,29893.17578125,18570.66796875,False,549
252527::056.swc,6045,3884,16341.68359375,29975.3203125,18678.875,False,549
252527::056.swc,6046,6045,16339.48828125,29973.76953125,18671.73828125,False,549
252527::056.swc,6047,6046,16338.94140625,29973.17578125,18665.56640625,False,549
252527::056.swc,6048,6047,16338.734375,29972.375,18651.1640625,False,549
252527::056.swc,6049,6048,16339.75390625,29971.390625,18640.76171875,False,549
252527::056.swc,6050,6049,16340.6171875,29969.6875,18637.87109375,False,549
252527::056.swc,6051,6050,16339.8125,29966.26953125,18631.37890625,False,549
252527::056.swc,6052,6051,16337.0234375,29962.54296875,18626.609375,False,549
252527::056.swc,6053,6052,16336.56640625,29959.0546875,18624.734375,False,549
252527::056.swc,6054,6053,16337.11328125,29955.3046875,18619.125,False,549
252527::056.swc,6055,6054,16337.50390625,29943.83203125,18610.5078125,False,549
252527::056.swc,6056,6055,16338.30859375,29932.84375,18601.19921875,False,549
252527::056.swc,6057,6056,16338.07421875,29928.92578125,18593.5,False,549
252527::056.swc,6058,6057,16339.1015625,29922.9375,18585.49609375,False,549
252527::056.swc,6059,6058,16344.70703125,29920.9765625,18582.64453125,False,549
252527::056.swc,6060,6059,16350.3828125,29921.4296875,18579.55859375,False,549
252527::056.swc,6061,6060,16355.40625,29919.6015625,18575.96875,False,549
252527::056.swc,6062,6061,16364.70703125,29919.07421875,18567.44921875,False,549
252527::056.swc,6063,6062,16376.43359375,29918.046875,18559.15625,False,549
252527::056.swc,6064,6063,16382.85546875,29915.88671875,18552.12109375,False,549
252527::056.swc,6065,6064,16385.6640625,29916.05859375,18547.8828125,False,549
252527::056.swc,6066,6065,16390.11328125,29913.8125,18545.51953125,False,549
252527::056.swc,6067,6066,16393.20703125,29911.8984375,18538.66796875,False,549
252527::056.swc,6068,6067,16395.5703125,29909.578125,18535.5,False,549
252527::056.swc,6069,6068,16399.0390625,29904.95703125,18533.1328125,False,549
252527::056.swc,6070,6069,16403.0390625,29900.27734375,18528.84375,False,549
252527::056.swc,6071,6070,16408.44140625,29895.4609375,18521.75,False,549
252527::056.swc,6072,6071,16411.51953125,29891.234375,18514.2578125,False,549
252527::056.swc,6073,6072,16414.76171875,29888.33984375,18505.5703125,False,549
252527::056.swc,6074,6073,16420.04296875,29882.8359375,18499.79296875,False,549
252527::056.swc,6075,6074,16421.86328125,29877.7265625,18495.16015625,False,549
252527::056.swc,6076,6075,16423.75390625,29874.6484375,18489.45703125,False,549
252527::056.swc,6077,6076,16425.1796875,29869.00390625,18487.5,False,549
252527::056.swc,6078,6077,16427.953125,29859.84375,18487.77734375,False,549
252527::056.swc,6079,6078,16431.390625,29854.4609375,18490.03515625,False,549
252527::056.swc,6080,6079,16437.3828125,29850.0625,18490.22265625,False,549
252527::056.swc,6081,6080,16441.73046875,29846.58203125,18488.1953125,False,549
252527::056.swc,6082,6081,16447.54296875,29840.71875,18487.5,False,549
252527::056.swc,6083,6082,16454.38671875,29836.80078125,18487.16796875,False,549
252527::056.swc,6084,6083,16456.375,29835.9765625,18484.5,False,549
252527::056.swc,6085,6084,16468.76953125,29828.65625,18481.890625,False,549
252527::056.swc,6086,6085,16481.05859375,29819.60546875,18481.5,False,549
252527::056.swc,6087,6086,16493.71484375,29812.3125,18481.5,False,549
252527::056.swc,6088,6087,16497.8671875,29809.9765625,18480.0,False,549
252527::056.swc,6089,6088,16499.06640625,29808.75,18476.5,False,549
252527::056.swc,6090,6089,16507.8828125,29800.296875,18472.2734375,False,549
252527::056.swc,6091,6090,16517.04296875,29792.13671875,18465.9609375,False,549
252527::056.swc,6092,6091,16522.265625,29787.11328125,18463.5,False,549
252527::056.swc,6093,6092,16530.66796875,29782.3828125,18463.22265625,False,549
252527::056.swc,6094,6093,16535.234375,29779.58203125,18461.0,False,549
252527::056.swc,6095,6094,16541.3125,29775.0,18460.22265625,False,549
252527::056.swc,6096,6095,16547.62109375,29770.5625,18458.0,False,549
252527::056.swc,6097,6096,16553.85546875,29767.1015625,18457.27734375,False,549
252527::056.swc,6098,6097,16558.1875,29764.9140625,18454.83203125,False,549
252527::056.swc,6099,6098,16564.99609375,29761.48828125,18454.0,False,549
252527::056.swc,6100,6099,16571.140625,29758.36328125,18451.68359375,False,549
252527::056.swc,6101,6100,16577.89453125,29754.8671875,18451.5,False,549
252527::056.swc,6102,6101,16581.6875,29754.05859375,18452.73828125,False,549
252527::056.swc,6103,6102,16588.83203125,29747.7890625,18451.5,False,549
252527::056.swc,6104,6103,16596.00390625,29738.046875,18451.5,False,549
252527::056.swc,6105,6104,16602.375,29731.04296875,18451.0,False,549
252527::056.swc,6106,6105,16604.67578125,29729.125,18449.0,False,549
252527::056.swc,6107,6106,16610.53125,29724.63671875,18448.5,False,549
252527::056.swc,6108,6107,16616.01953125,29719.65234375,18448.5,False,549
252527::056.swc,6109,3884,16346.2421875,29975.0859375,18675.88671875,False,549
252527::056.swc,6110,6109,16348.60546875,29972.734375,18665.44921875,False,549
252527::056.swc,6111,6110,16351.19921875,29971.9375,18652.4453125,False,549
252527::056.swc,6112,3890,16314.375,30005.4375,18674.71484375,False,549
252527::056.swc,6113,6112,16310.03125,30009.41015625,18670.6484375,False,549
252527::056.swc,6114,6113,16307.6328125,30013.06640625,18669.07421875,False,549
252527::056.swc,6115,6114,16306.359375,30015.60546875,18663.2578125,False,549
252527::056.swc,6116,6115,16302.91796875,30017.10546875,18661.56640625,False,549
252527::056.swc,6117,6116,16296.01953125,30017.7890625,18661.5,False,549
252527::056.swc,6118,6117,16291.75,30015.3125,18660.41015625,False,549
252527::056.swc,6119,6118,16288.5078125,30012.828125,18656.89453125,False,549
252527::056.swc,6120,6119,16284.21875,30014.34765625,18652.81640625,False,549
252527::056.swc,6121,6120,16276.67578125,30018.91015625,18652.5,False,549
252527::056.swc,6122,6121,16271.80859375,30022.4609375,18654.79296875,False,549
252527::056.swc,6123,6122,16271.36328125,30023.70703125,18658.91796875,False,549
252527::056.swc,6124,6123,16268.73046875,30028.234375,18661.5,False,549
252527::056.swc,6125,6124,16264.43359375,30038.0625,18661.89453125,False,549
252527::056.swc,6126,6125,16263.10546875,30046.24609375,18664.03515625,False,549
252527::056.swc,6127,6126,16262.265625,30051.82421875,18667.109375,False,549
252527::056.swc,6128,6127,16261.03125,30061.2421875,18668.859375,False,549
252527::056.swc,6129,6128,16262.24609375,30067.359375,18670.359375,False,549
252527::056.swc,6130,6129,16259.90625,30074.20703125,18671.32421875,False,549
252527::056.swc,6131,6130,16254.7734375,30075.67578125,18674.23046875,False,549
252527::056.swc,6132,6131,16248.31640625,30076.2421875,18682.98828125,False,549
252527::056.swc,6133,6132,16240.86328125,30076.66796875,18689.47265625,False,549
252527::056.swc,6134,6133,16235.80078125,30076.87109375,18697.5,False,549
252527::056.swc,6135,6134,16232.58203125,30077.72265625,18699.90625,False,549
252527::056.swc,6136,6135,16228.05859375,30082.171875,18700.5,False,549
252527::056.swc,6137,6136,16223.9765625,30087.0625,18705.33203125,False,549
252527::056.swc,6138,6137,16215.7734375,30090.83203125,18708.265625,False,549
252527::056.swc,6139,6138,16211.09765625,30092.6171875,18711.41015625,False,549
252527::056.swc,6140,6139,16206.79296875,30096.39453125,18710.56640625,False,549
252527::056.swc,6141,6140,16203.31640625,30098.57421875,18711.8359375,False,549
252527::056.swc,6142,6141,16202.390625,30099.85546875,18705.54296875,False,549
252527::056.swc,6143,6142,16199.7890625,30100.734375,18703.5,False,549
252527::056.swc,6144,6143,16197.59375,30101.03125,18706.71484375,False,549
252527::056.swc,6145,6144,16195.83984375,30099.80078125,18713.91015625,False,549
252527::056.swc,6146,6145,16192.1484375,30097.55078125,18717.41015625,False,549
252527::056.swc,6147,6146,16185.55859375,30095.83203125,18718.76953125,False,549
252527::056.swc,6148,6147,16183.3203125,30096.859375,18720.52734375,False,549
252527::056.swc,6149,6148,16180.15234375,30101.4765625,18721.5,False,549
252527::056.swc,6150,6149,16178.5859375,30106.9296875,18722.9140625,False,549
252527::056.swc,6151,6150,16178.9375,30111.80078125,18726.09765625,False,549
252527::056.swc,6152,6151,16178.8984375,30114.82421875,18730.16796875,False,549
252527::056.swc,6153,6152,16176.921875,30116.91796875,18736.24609375,False,549
252527::056.swc,6154,6153,16172.0703125,30122.82421875,18740.6953125,False,549
252527::056.swc,6155,6154,16168.53125,30131.29296875,18742.5,False,549
252527::056.swc,6156,6155,16168.765625,30136.05078125,18742.27734375,False,549
252527::056.swc,6157,6156,16169.07421875,30137.57421875,18739.5,False,549
252527::056.swc,6158,6157,16167.1328125,30143.65625,18743.94140625,False,549
252527::056.swc,6159,6158,16163.35546875,30148.05859375,18748.3515625,False,549
252527::056.swc,6160,6159,16155.64453125,30158.03125,18751.84765625,False,549
252527::056.swc,6161,6160,16148.3125,30168.13671875,18757.4453125,False,549
252527::056.swc,6162,6161,16141.16015625,30176.8359375,18764.76171875,False,549
252527::056.swc,6163,6162,16139.30078125,30179.6875,18769.0,True,549
252527::056.swc,6164,3890,16310.44921875,29999.1484375,18676.87109375,False,549
252527::056.swc,6165,6164,16300.82421875,29998.9140625,18673.76171875,False,549
252527::056.swc,6166,6165,16294.8984375,30000.2421875,18670.6484375,False,549
252527::056.swc,6167,6166,16289.4375,30005.09765625,18668.14453125,False,549
252527::056.swc,6168,6167,16284.6328125,30008.65625,18663.359375,False,549
252527::056.swc,6169,6168,16283.4765625,30009.0546875,18659.0,False,549
252527::056.swc,6170,6169,16279.20703125,30010.33203125,18659.375,False,549
252527::056.swc,6171,6170,16274.2265625,30010.87890625,18655.0703125,False,549
252527::056.swc,6172,6171,16269.9296875,30012.60546875,18650.0546875,False,549
252527::056.swc,6173,6172,16266.1328125,30014.8984375,18648.44921875,False,549
252527::056.swc,6174,6173,16261.76171875,30018.5625,18639.93359375,False,549
252527::056.swc,6175,6174,16255.94921875,30021.32421875,18633.60546875,False,549
252527::056.swc,6176,3905,16380.27734375,30080.625,18619.18359375,False,549
252527::056.swc,6177,6176,16375.91015625,30083.734375,18609.0546875,False,549
252527::056.swc,6178,6177,16371.86328125,30085.91796875,18604.5,False,549
252527::056.swc,6179,6178,16369.05078125,30086.59375,18597.71875,False,549
252527::056.swc,6180,6179,16366.8671875,30087.98046875,18583.375,False,549
252527::056.swc,6181,6180,16364.125,30090.49609375,18568.6328125,False,549
252527::056.swc,6182,6181,16361.73828125,30091.875,18560.05078125,False,549
252527::056.swc,6183,6182,16358.12890625,30093.06640625,18547.2265625,False,549
252527::056.swc,6184,6183,16357.1640625,30095.0859375,18542.05078125,False,549
252527::056.swc,6185,6184,16354.59765625,30095.36328125,18536.41015625,False,549
252527::056.swc,6186,6185,16353.0703125,30094.0390625,18520.34375,False,549
252527::056.swc,6187,6186,16351.98046875,30092.21875,18510.2109375,False,549
252527::056.swc,6188,6187,16353.59765625,30090.7578125,18500.62890625,False,549
252527::056.swc,6189,6188,16357.48046875,30092.1953125,18498.66015625,False,549
252527::056.swc,6190,6189,16358.078125,30095.640625,18494.25,False,549
252527::056.swc,6191,6190,16354.5390625,30097.73046875,18489.3515625,False,549
252527::056.swc,6192,6191,16351.59765625,30099.08203125,18484.65234375,False,549
252527::056.swc,6193,6192,16347.12890625,30096.59375,18482.453125,False,549
252527::056.swc,6194,6193,16343.9765625,30094.07421875,18476.62890625,False,549
252527::056.swc,6195,6194,16341.40625,30094.15625,18465.46875,False,549
252527::056.swc,6196,6195,16337.7578125,30094.3671875,18454.48828125,False,549
252527::056.swc,6197,6196,16333.41015625,30093.52734375,18443.34375,False,549
252527::056.swc,6198,6197,16329.4375,30095.35546875,18433.4375,False,549
252527::056.swc,6199,6198,16326.6015625,30097.66015625,18426.09375,False,549
252527::056.swc,6200,6199,16323.01171875,30098.7734375,18420.203125,False,549
252527::056.swc,6201,6200,16318.171875,30098.56640625,18406.6171875,False,549
252527::056.swc,6202,6201,16314.25,30098.0,18392.78125,False,549
252527::056.swc,6203,6202,16311.45703125,30096.65625,18385.74609375,False,549
252527::056.swc,6204,6203,16309.6328125,30094.484375,18373.55859375,False,549
252527::056.swc,6205,6204,16309.08984375,30094.0234375,18363.7578125,False,549
252527::056.swc,6206,6205,16307.8125,30094.0234375,18361.5,False,549
252527::056.swc,6207,6206,16304.2421875,30092.5859375,18354.10546875,False,549
252527::056.swc,6208,6207,16300.80859375,30090.109375,18341.19921875,False,549
252527::056.swc,6209,6208,16297.81640625,30089.30859375,18320.84765625,False,549
252527::056.swc,6210,6209,16294.61328125,30089.8125,18305.9765625,False,549
252527::056.swc,6211,6210,16291.0234375,30091.25,18296.37109375,False,549
252527::056.swc,6212,6211,16288.4140625,30091.78125,18280.53515625,False,549
252527::056.swc,6213,6212,16286.171875,30092.9140625,18268.54296875,False,549
252527::056.swc,6214,6213,16284.28515625,30094.953125,18265.72265625,False,549
252527::056.swc,6215,6214,16282.82421875,30095.9765625,18268.5,False,549
252527::056.swc,6216,6215,16278.29296875,30101.85546875,18269.47265625,False,549
252527::056.swc,6217,6216,16275.62890625,30106.0625,18273.19140625,False,549
252527::056.swc,6218,6217,16272.75390625,30113.84765625,18274.5,False,549
252527::056.swc,6219,6218,16271.1875,30122.05078125,18275.25,False,549
252527::056.swc,6220,6219,16270.75390625,30125.0390625,18277.08203125,False,549
252527::056.swc,6221,6220,16269.96875,30132.796875,18277.02734375,False,549
252527::056.swc,6222,6221,16267.7265625,30140.3828125,18274.8046875,False,549
252527::056.swc,6223,6222,16265.625,30147.828125,18269.859375,False,549
252527::056.swc,6224,6223,16262.41796875,30152.3125,18266.21484375,False,549
252527::056.swc,6225,6224,16259.62890625,30156.6328125,18265.5,False,549
252527::056.swc,6226,6225,16259.0,30160.12109375,18258.43359375,False,549
252527::056.swc,6227,6226,16259.12109375,30170.95703125,18253.5,False,549
252527::056.swc,6228,6227,16259.953125,30176.3046875,18252.453125,False,549
252527::056.swc,6229,6228,16259.69140625,30180.55859375,18247.89453125,False,549
252527::056.swc,6230,6229,16257.25390625,30186.8125,18235.94921875,False,549
252527::056.swc,6231,6230,16254.63671875,30191.37109375,18228.078125,True,549
252527::056.swc,6232,3905,16381.8515625,30079.921875,18635.35546875,False,549
252527::056.swc,6233,6232,16379.3984375,30084.09375,18637.18359375,False,549
252527::056.swc,6234,6233,16376.33984375,30086.40234375,18636.99609375,False,549
252527::056.swc,6235,6234,16375.2890625,30087.25,18634.015625,False,549
252527::056.swc,6236,6235,16373.05859375,30089.8828125,18638.015625,False,549
252527::056.swc,6237,6236,16367.70703125,30096.43359375,18642.05859375,False,549
252527::056.swc,6238,6237,16363.984375,30104.828125,18639.67578125,False,549
252527::056.swc,6239,6238,16363.9375,30114.2265625,18636.02734375,False,549
252527::056.swc,6240,6239,16366.203125,30121.95703125,18634.5,False,549
252527::056.swc,6241,6240,16370.40625,30126.2890625,18632.62890625,False,549
252527::056.swc,6242,6241,16374.62890625,30129.15234375,18628.4921875,False,549
252527::056.swc,6243,6242,16378.78125,30134.28125,18625.5,False,549
252527::056.swc,6244,6243,16379.984375,30138.91796875,18625.5,False,549
252527::056.swc,6245,6244,16381.0703125,30141.26171875,18619.9140625,False,549
252527::056.swc,6246,6245,16382.41015625,30145.75,18617.859375,False,549
252527::056.swc,6247,6246,16384.4609375,30151.1015625,18619.109375,False,549
252527::056.swc,6248,6247,16386.69140625,30154.5703125,18624.30859375,False,549
252527::056.swc,6249,6248,16390.11328125,30159.10546875,18625.5,False,549
252527::056.swc,6250,6249,16391.54296875,30168.91015625,18625.5,False,549
252527::056.swc,6251,6250,16390.14453125,30188.18359375,18626.265625,False,549
252527::056.swc,6252,6251,16388.45703125,30199.375,18628.1875,False,549
252527::056.swc,6253,6252,16388.203125,30207.03515625,18625.83203125,False,549
252527::056.swc,6254,6253,16388.59765625,30206.78125,18622.83203125,False,549
252527::056.swc,6255,6254,16389.16796875,30208.7265625,18629.62109375,False,549
252527::056.swc,6256,6255,16393.3359375,30212.6875,18630.69921875,False,549
252527::056.swc,6257,6256,16399.421875,30213.41015625,18630.96484375,False,549
252527::056.swc,6258,6257,16403.359375,30215.3984375,18628.859375,True,549
252527::056.swc,6259,3908,16416.78125,30053.29296875,18747.87109375,False,549
252527::056.swc,6260,6259,16423.09765625,30054.69140625,18743.83203125,False,549
252527::056.swc,6261,6260,16427.765625,30056.75,18739.3125,False,549
252527::056.swc,6262,6261,16432.8671875,30058.90625,18737.1640625,False,549
252527::056.swc,6263,6262,16437.81640625,30063.59375,18733.828125,False,549
252527::056.swc,6264,6263,16443.97265625,30064.38671875,18733.09375,False,549
252527::056.swc,6265,6264,16445.72265625,30063.77734375,18729.68359375,False,549
252527::056.swc,6266,6265,16452.5703125,30065.21484375,18725.87890625,False,549
252527::056.swc,6267,6266,16459.1796875,30067.50390625,18719.92578125,False,549
252527::056.swc,6268,6267,16465.515625,30070.8203125,18718.0,False,549
252527::056.swc,6269,6268,16466.7734375,30072.375,18715.91796875,False,549
252527::056.swc,6270,3908,16410.1640625,30051.11328125,18747.8984375,False,549
252527::056.swc,6271,6270,16411.40234375,30050.453125,18741.296875,False,549
252527::056.swc,6272,6271,16412.640625,30049.796875,18734.69921875,False,549
252527::056.swc,6273,6272,16413.87890625,30049.13671875,18728.09765625,False,549
252527::056.swc,6274,6273,16415.92578125,30047.76171875,18717.43359375,False,549
252527::056.swc,6275,6274,16420.0703125,30046.54296875,18707.87890625,False,549
252527::056.swc,6276,6275,16423.98828125,30044.53515625,18700.40234375,False,549
252527::056.swc,6277,6276,16426.68359375,30042.109375,18697.5,False,549
252527::056.swc,6278,6277,16429.3828125,30043.4921875,18690.578125,False,549
252527::056.swc,6279,6278,16433.1796875,30047.1796875,18684.921875,False,549
252527::056.swc,6280,6279,16437.19140625,30051.453125,18681.33984375,False,549
252527::056.swc,6281,6280,16437.921875,30059.5390625,18676.51953125,False,549
252527::056.swc,6282,6281,16436.96484375,30065.6953125,18671.625,False,549
252527::056.swc,6283,6282,16436.609375,30069.75390625,18670.5,False,549
252527::056.swc,6284,6283,16442.70703125,30077.0,18667.01953125,False,549
252527::056.swc,6285,6284,16445.7265625,30080.24609375,18660.7265625,False,549
252527::056.swc,6286,6285,16449.1875,30081.87890625,18651.12890625,False,549
252527::056.swc,6287,6286,16453.0234375,30083.0625,18645.671875,False,549
252527::056.swc,6288,6287,16455.24609375,30087.9375,18638.90625,False,549
252527::056.swc,6289,6288,16458.0390625,30095.0,18634.1328125,False,549
252527::056.swc,6290,6289,16459.984375,30098.56640625,18627.4140625,False,549
252527::056.swc,6291,6290,16460.21875,30097.93359375,18615.6484375,False,549
252527::056.swc,6292,6291,16459.54296875,30096.4375,18608.05859375,False,549
252527::056.swc,6293,6292,16457.96875,30095.9765625,18599.59375,False,549
252527::056.swc,6294,6293,16457.74609375,30095.84765625,18590.1953125,False,549
252527::056.swc,6295,6294,16458.6875,30094.7890625,18583.2890625,False,549
252527::056.swc,6296,6295,16459.9296875,30092.22265625,18578.90234375,False,549
252527::056.swc,6297,6296,16460.2734375,30088.69140625,18574.875,True,549
252527::056.swc,6298,3951,16573.6640625,30510.73046875,18841.5,False,549
252527::056.swc,6299,6298,16577.23828125,30523.484375,18838.62890625,False,549
252527::056.swc,6300,6299,16581.8203125,30531.046875,18832.53515625,False,549
252527::056.swc,6301,6300,16585.7890625,30538.1953125,18829.93359375,False,549
252527::056.swc,6302,6301,16587.30078125,30545.48046875,18829.140625,False,549
252527::056.swc,6303,6302,16587.6640625,30547.359375,18827.3046875,False,549
252527::056.swc,6304,3951,16566.15625,30506.11328125,18841.5,False,549
252527::056.swc,6305,6304,16561.2421875,30521.125,18841.5,False,549
252527::056.swc,6306,6305,16561.9921875,30525.5078125,18840.5546875,False,549
252527::056.swc,6307,6306,16561.5703125,30528.859375,18836.0,False,549
252527::056.swc,6308,6307,16559.015625,30533.1015625,18832.1875,False,549
252527::056.swc,6309,6308,16554.36328125,30537.63671875,18829.5,False,549
252527::056.swc,6310,6309,16551.5234375,30543.83984375,18829.84765625,False,549
252527::056.swc,6311,6310,16550.44921875,30548.1640625,18831.7734375,False,549
252527::056.swc,6312,6311,16549.3125,30568.21484375,18832.75390625,False,549
252527::056.swc,6313,6312,16547.81640625,30578.64453125,18835.5,False,549
252527::056.swc,6314,6313,16546.7265625,30579.68359375,18840.0,False,549
252527::056.swc,6315,6314,16545.6015625,30585.1875,18841.5,False,549
252527::056.swc,6316,6315,16542.5859375,30594.55078125,18841.5,False,549
252527::056.swc,6317,6316,16540.02734375,30601.3671875,18838.05859375,False,549
252527::056.swc,6318,6317,16538.53125,30602.6796875,18833.453125,False,549
252527::056.swc,6319,6318,16534.60546875,30607.38671875,18834.015625,False,549
252527::056.swc,6320,6319,16531.35546875,30611.33984375,18838.98828125,False,549
252527::056.swc,6321,6320,16528.24609375,30616.3359375,18841.5,False,549
252527::056.swc,6322,6321,16519.66796875,30632.09375,18841.5,False,549
252527::056.swc,6323,6322,16513.46484375,30647.8359375,18841.5,False,549
252527::056.swc,6324,6323,16507.53125,30664.17578125,18841.5,False,549
252527::056.swc,6325,6324,16506.7421875,30670.2265625,18841.390625,False,549
252527::056.swc,6326,6325,16504.54296875,30673.58984375,18839.72265625,False,549
252527::056.swc,6327,6326,16503.1015625,30682.38671875,18839.00390625,False,549
252527::056.swc,6328,6327,16501.9921875,30687.1484375,18840.94921875,False,549
252527::056.swc,6329,6328,16498.8984375,30690.48046875,18845.08984375,False,549
252527::056.swc,6330,6329,16496.13671875,30690.12109375,18849.640625,False,549
252527::056.swc,6331,6330,16488.328125,30691.28125,18854.32421875,False,549
252527::056.swc,6332,6331,16481.24609375,30692.6953125,18862.37109375,False,549
252527::056.swc,6333,6332,16472.53125,30699.59765625,18869.0859375,False,549
252527::056.swc,6334,6333,16467.62109375,30706.93359375,18871.45703125,False,549
252527::056.swc,6335,6334,16464.2734375,30708.92578125,18876.16796875,False,549
252527::056.swc,6461,4297,16581.3125,30059.76953125,18611.29296875,False,549
252527::056.swc,6462,6461,16586.4765625,30060.3359375,18610.33203125,False,549
252527::056.swc,6463,6462,16590.16796875,30057.21875,18605.3515625,False,549
252527::056.swc,6464,6463,16592.04296875,30053.63671875,18600.2890625,False,549
252527::056.swc,6465,6464,16594.45703125,30053.19921875,18593.28515625,False,549
252527::056.swc,6466,6465,16597.765625,30053.95703125,18590.52734375,False,549
252527::056.swc,6467,6466,16604.1484375,30054.48046875,18589.5,False,549
252527::056.swc,6468,6467,16614.05078125,30053.609375,18589.5,False,549
252527::056.swc,6469,6468,16622.34375,30055.171875,18589.5,False,549
252527::056.swc,6470,6469,16627.859375,30053.6015625,18588.66796875,False,549
252527::056.swc,6471,6470,16630.48046875,30052.23828125,18584.38671875,False,549
252527::056.swc,6472,6471,16634.41796875,30052.69921875,18582.015625,True,549
252527::056.swc,6473,4297,16576.359375,30058.640625,18618.74609375,False,549
252527::056.swc,6474,6473,16579.1328125,30064.921875,18617.56640625,False,549
252527::056.swc,6475,6474,16585.34375,30071.91015625,18614.40625,False,549
252527::056.swc,6476,6475,16591.421875,30080.55859375,18613.33203125,False,549
252527::056.swc,6477,6476,16594.79296875,30085.46484375,18611.18359375,False,549
252527::056.swc,6478,6477,16600.38671875,30092.2265625,18610.265625,False,549
252527::056.swc,6479,6478,16605.140625,30100.21484375,18607.73046875,False,549
252527::056.swc,6480,6479,16606.33984375,30107.14453125,18605.48828125,False,549
252527::056.swc,6481,6480,16604.6796875,30113.12109375,18606.3359375,False,549
252527::056.swc,6482,6481,16602.65625,30117.2109375,18609.68359375,False,549
252527::056.swc,6483,6482,16602.4375,30125.41015625,18610.83203125,False,549
252527::056.swc,6484,6483,16602.625,30129.125,18613.5,False,549
252527::056.swc,6485,6484,16603.6953125,30139.08203125,18613.5,False,549
252527::056.swc,6486,6485,16605.98046875,30151.95703125,18611.76953125,False,549
252527::056.swc,6487,6486,16608.7734375,30157.41796875,18609.01171875,False,549
252527::056.swc,6488,6487,16607.41015625,30164.890625,18607.5,False,549
252527::056.swc,6489,6488,16604.9453125,30168.8203125,18607.5,False,549
252527::056.swc,6490,6489,16605.4296875,30176.53515625,18605.27734375,False,549
252527::056.swc,6491,6490,16606.546875,30181.3984375,18607.02734375,False,549
252527::056.swc,6492,6491,16607.46484375,30188.10546875,18605.765625,False,549
252527::056.swc,6493,6492,16606.796875,30193.91796875,18603.01953125,False,549
252527::056.swc,6494,6493,16605.05078125,30199.25390625,18603.58203125,False,549
252527::056.swc,6495,6494,16604.58203125,30199.32421875,18607.75,False,549
252527::056.swc,6496,6495,16603.7109375,30203.6484375,18610.5,False,549
252527::056.swc,6497,6496,16603.73046875,30210.72265625,18611.0625,False,549
252527::056.swc,6498,6497,16604.7578125,30217.47265625,18613.28515625,False,549
252527::056.swc,6499,6498,16607.46484375,30223.3359375,18612.69921875,False,549
252527::056.swc,6500,6499,16607.24609375,30227.46484375,18607.9453125,False,549
252527::056.swc,6501,6500,16604.99609375,30232.35546875,18605.390625,False,549
252527::056.swc,6502,6501,16598.15625,30237.078125,18604.59765625,False,549
252527::056.swc,6503,6502,16593.9375,30239.5859375,18607.16796875,False,549
252527::056.swc,6504,6503,16591.3203125,30246.28515625,18607.5,False,549
252527::056.swc,6505,6504,16588.35546875,30256.66796875,18605.609375,False,549
252527::056.swc,6506,6505,16586.2734375,30268.78515625,18604.5,False,549
252527::056.swc,6507,6506,16582.33984375,30278.6796875,18604.5,False,549
252527::056.swc,6508,6507,16577.02734375,30283.15234375,18604.5,False,549
252527::056.swc,6509,6508,16573.7109375,30289.0859375,18603.06640625,False,549
252527::056.swc,6510,6509,16569.7890625,30294.32421875,18600.19140625,False,549
252527::056.swc,6511,6510,16563.5625,30303.52734375,18598.5,False,549
252527::056.swc,6512,6511,16559.671875,30311.08203125,18598.5,False,549
252527::056.swc,6513,6512,16558.43359375,30316.61328125,18598.609375,False,549
252527::056.swc,6514,6513,16556.12890625,30320.4140625,18600.546875,False,549
252527::056.swc,6515,6514,16549.546875,30329.2890625,18599.8203125,False,549
252527::056.swc,6516,6515,16544.53125,30332.7265625,18597.1953125,False,549
252527::056.swc,6517,6516,16538.5078125,30333.13671875,18597.8203125,False,549
252527::056.swc,6518,6517,16534.55859375,30335.08203125,18595.66796875,False,549
252527::056.swc,6519,6518,16532.80078125,30337.13671875,18590.5,False,549
252527::056.swc,6520,6519,16531.11328125,30339.45703125,18589.5,False,549
252527::056.swc,6521,6520,16522.52734375,30340.39453125,18588.9453125,False,549
252527::056.swc,6522,6521,16519.20703125,30340.4296875,18584.28125,False,549
252527::056.swc,6523,6522,16514.60546875,30339.31640625,18581.46484375,False,549
252527::056.swc,6524,6523,16510.03515625,30342.390625,18580.5,False,549
252527::056.swc,6525,6524,16508.515625,30344.92578125,18577.046875,False,549
252527::056.swc,6526,6525,16507.30078125,30343.04296875,18570.21875,False,549
252527::056.swc,6527,6526,16506.6171875,30339.09375,18565.5,False,549
252527::056.swc,6528,6527,16503.57421875,30336.859375,18564.390625,False,549
252527::056.swc,6529,6528,16501.73046875,30334.9140625,18558.984375,True,549
252527::056.swc,6530,4315,16251.94921875,29995.71875,19639.12890625,False,549
252527::056.swc,6531,6530,16251.55078125,29992.9765625,19656.8984375,False,549
252527::056.swc,6532,6531,16250.55078125,29991.30859375,19672.5390625,False,549
252527::056.swc,6533,6532,16249.2265625,29990.42578125,19681.4921875,False,549
252527::056.swc,6534,6533,16248.375,29989.21875,19695.125,False,549
252527::056.swc,6535,6534,16248.375,29987.515625,19703.84375,False,549
252527::056.swc,6536,6535,16247.91015625,29984.46484375,19718.51171875,False,549
252527::056.swc,6537,6536,16246.71484375,29984.17578125,19732.671875,False,549
252527::056.swc,6538,6537,16246.14453125,29983.8671875,19752.87109375,False,549
252527::056.swc,6539,6538,16246.99609375,29983.2890625,19762.1484375,False,549
252527::056.swc,6540,6539,16248.71875,29979.6640625,19771.05078125,False,549
252527::056.swc,6541,6540,16248.140625,29975.59375,19775.70703125,False,549
252527::056.swc,6542,6541,16247.9921875,29971.40234375,19781.65234375,False,549
252527::056.swc,6543,6542,16246.80078125,29967.1640625,19791.72265625,False,549
252527::056.swc,6544,6543,16247.078125,29960.87109375,19799.3984375,False,549
252527::056.swc,6545,6544,16247.70703125,29954.421875,19805.14453125,False,549
252527::056.swc,6546,6545,16247.890625,29948.390625,19808.16015625,False,549
252527::056.swc,6547,6546,16245.91796875,29941.5625,19812.94140625,False,549
252527::056.swc,6548,6547,16244.984375,29933.5390625,19819.484375,False,549
252527::056.swc,6549,6548,16243.66796875,29929.1875,19824.47265625,False,549
252527::056.swc,6550,6549,16243.140625,29913.26953125,19840.8203125,False,549
252527::056.swc,6551,6550,16242.8125,29906.6640625,19849.88671875,False,549
252527::056.swc,6552,6551,16243.046875,29900.4296875,19855.51171875,False,549
252527::056.swc,6553,6552,16241.58203125,29889.68359375,19867.96484375,False,549
252527::056.swc,6554,6553,16239.4375,29881.97265625,19879.1953125,False,549
252527::056.swc,6555,6554,16238.66015625,29877.05078125,19884.03125,False,549
252527::056.swc,6556,6555,16238.6171875,29873.46484375,19891.73828125,False,549
252527::056.swc,6557,6556,16236.54296875,29870.56640625,19898.5390625,False,549
252527::056.swc,6558,6557,16233.9375,29868.91015625,19907.2734375,False,549
252527::056.swc,6559,6558,16232.9609375,29869.65234375,19915.6796875,False,549
252527::056.swc,6560,6559,16232.953125,29868.4609375,19925.109375,False,549
252527::056.swc,6561,6560,16233.92578125,29865.9140625,19930.5703125,False,549
252527::056.swc,6562,6561,16234.07421875,29862.77734375,19933.5,True,549
252527::056.swc,6563,4315,16252.94140625,30000.0546875,19619.734375,False,549
252527::056.swc,6564,6563,16256.21875,30004.6328125,19623.15234375,False,549
252527::056.swc,6565,6564,16258.44921875,30011.30078125,19630.28515625,False,549
252527::056.swc,6566,6565,16260.9765625,30016.5234375,19634.47265625,False,549
252527::056.swc,6567,6566,16262.24609375,30017.484375,19638.1484375,False,549
252527::056.swc,6568,6567,16263.98046875,30022.19140625,19643.19140625,False,549
252527::056.swc,6569,6568,16265.95703125,30026.35546875,19650.42578125,False,549
252527::056.swc,6570,6569,16266.8046875,30028.58203125,19656.19921875,False,549
252527::056.swc,6571,6570,16268.390625,30032.6484375,19660.3984375,False,549
252527::056.swc,6572,6571,16268.8515625,30034.76953125,19666.67578125,False,549
252527::056.swc,6573,6572,16266.71875,30035.171875,19671.88671875,False,549
252527::056.swc,6574,6573,16262.7109375,30035.86328125,19674.55859375,False,549
252527::056.swc,6575,6574,16260.8359375,30035.37890625,19678.2734375,False,549
252527::056.swc,6576,6575,16259.8515625,30035.08203125,19680.96484375,False,549
252527::056.swc,6577,6576,16255.2890625,30034.48828125,19681.61328125,False,549
252527::056.swc,6578,6577,16252.14453125,30033.93359375,19686.0546875,False,549
252527::056.swc,6579,6578,16250.34375,30032.11328125,19691.3203125,False,549
252527::056.swc,6580,6579,16246.48046875,30031.109375,19696.62890625,False,549
252527::056.swc,6581,6580,16243.95703125,30029.91796875,19706.18359375,False,549
252527::056.swc,6582,6581,16242.171875,30027.22265625,19717.29296875,False,549
252527::056.swc,6583,6582,16242.47265625,30023.515625,19721.61328125,False,549
252527::056.swc,6584,6583,16243.953125,30021.90234375,19730.0390625,False,549
252527::056.swc,6585,6584,16245.37109375,30022.2578125,19738.2109375,False,549
252527::056.swc,6586,6585,16247.30859375,30023.47265625,19743.671875,False,549
252527::056.swc,6587,6586,16249.42578125,30027.18359375,19748.484375,False,549
252527::056.swc,6588,6587,16249.67578125,30029.58984375,19757.02734375,False,549
252527::056.swc,6589,6588,16249.07421875,30032.703125,19759.5,False,549
252527::056.swc,6590,6589,16246.44921875,30036.90234375,19759.66796875,False,549
252527::056.swc,6591,6590,16245.1796875,30038.125,19761.75,True,549
252527::056.swc,6592,4359,16067.46484375,30165.44140625,19565.6875,False,549
252527::056.swc,6593,6592,16063.45703125,30164.6953125,19561.5,False,549
252527::056.swc,6594,6593,16058.19921875,30165.82421875,19561.67578125,False,549
252527::056.swc,6595,6594,16052.046875,30167.765625,19564.04296875,False,549
252527::056.swc,6596,6595,16046.1484375,30167.5625,19564.5,False,549
252527::056.swc,6597,6596,16041.98828125,30165.0703125,19566.33203125,False,549
252527::056.swc,6598,6597,16038.00390625,30163.47265625,19572.1640625,False,549
252527::056.swc,6599,6598,16031.15234375,30162.6875,19579.34375,False,549
252527::056.swc,6600,6599,16028.4609375,30164.0,19583.84765625,False,549
252527::056.swc,6601,6600,16023.14453125,30167.48046875,19589.57421875,False,549
252527::056.swc,6602,6601,16017.734375,30169.609375,19591.27734375,False,549
252527::056.swc,6603,6602,16015.0703125,30171.5859375,19589.21484375,False,549
252527::056.swc,6604,6603,16011.59375,30173.44921875,19591.26171875,False,549
252527::056.swc,6605,6604,16008.45703125,30175.625,19596.27734375,False,549
252527::056.swc,6606,6605,16005.57421875,30177.91796875,19597.7109375,False,549
252527::056.swc,6607,6606,16003.26953125,30179.00390625,19602.01171875,False,549
252527::056.swc,6608,6607,16002.62109375,30178.6015625,19606.83203125,False,549
252527::056.swc,6609,6608,15998.73046875,30180.62890625,19610.58984375,False,549
252527::056.swc,6610,6609,15994.5859375,30183.30078125,19612.3984375,False,549
252527::056.swc,6611,6610,15992.609375,30177.7578125,19615.63671875,False,549
252527::056.swc,6612,6611,15994.3984375,30169.33984375,19618.38671875,False,549
252527::056.swc,6613,6612,15995.9140625,30165.1171875,19621.27734375,False,549
252527::056.swc,6614,6613,15997.6875,30158.1640625,19621.90625,False,549
252527::056.swc,6615,6614,15998.1171875,30152.05859375,19623.8359375,True,549
252527::056.swc,6616,4359,16063.0390625,30163.234375,19577.28515625,False,549
252527::056.swc,6617,6616,16062.87890625,30159.328125,19582.2578125,False,549
252527::056.swc,6618,6617,16065.1328125,30154.859375,19584.2578125,False,549
252527::056.swc,6619,6618,16066.51953125,30147.9375,19585.5,False,549
252527::056.swc,6620,6619,16067.21875,30144.671875,19588.1875,False,549
252527::056.swc,6621,6620,16067.625,30141.734375,19593.703125,False,549
252527::056.swc,6622,6621,16066.4921875,30138.2265625,19604.69140625,False,549
252527::056.swc,6623,6622,16062.953125,30136.4609375,19614.6484375,False,549
252527::056.swc,6624,6623,16058.71484375,30135.01953125,19621.2109375,False,549
252527::056.swc,6625,6624,16056.0234375,30131.09375,19625.4140625,False,549
252527::056.swc,6626,6625,16053.99609375,30126.33203125,19633.37109375,False,549
252527::056.swc,6627,6626,16050.94140625,30121.69921875,19637.6171875,False,549
252527::056.swc,6628,6627,16048.640625,30117.6640625,19644.61328125,False,549
252527::056.swc,6629,6628,16049.125,30114.2421875,19651.6171875,False,549
252527::056.swc,6630,6629,16055.2265625,30112.5703125,19659.328125,False,549
252527::056.swc,6631,6630,16066.50390625,30113.79296875,19662.99609375,False,549
252527::056.swc,6632,6631,16077.296875,30116.44140625,19662.03515625,False,549
252527::056.swc,6633,6632,16086.76953125,30118.86328125,19658.7265625,False,549
252527::056.swc,6634,6633,16092.484375,30118.28125,19657.5,False,549
252527::056.swc,6635,6634,16095.515625,30117.42578125,19659.0,False,549
252527::056.swc,6636,6635,16096.31640625,30118.76953125,19662.5,False,549
252527::056.swc,6637,6636,16099.765625,30125.13671875,19664.265625,False,549
252527::056.swc,6638,6637,16104.0625,30129.6328125,19666.62890625,False,549
252527::056.swc,6639,6638,16108.58203125,30130.39453125,19669.0,False,549
252527::056.swc,6640,6639,16115.03515625,30131.8203125,19669.16796875,False,549
252527::056.swc,6641,6640,16117.07421875,30132.375,19666.5,False,549
252527::056.swc,6642,6641,16125.6953125,30138.32421875,19659.16015625,False,549
252527::056.swc,6643,6642,16131.765625,30143.71875,19655.03125,False,549
252527::056.swc,6644,6643,16136.8828125,30150.74609375,19650.515625,False,549
252527::056.swc,6645,6644,16143.421875,30158.55078125,19648.5,False,549
252527::056.swc,6646,6645,16145.67578125,30164.796875,19646.75390625,False,549
252527::056.swc,6647,6646,16145.796875,30168.9765625,19641.796875,False,549
252527::056.swc,6648,6647,16146.25390625,30174.65234375,19640.5,False,549
252527::056.swc,6649,6648,16147.14453125,30176.43359375,19644.5,False,549
252527::056.swc,6650,6649,16150.1796875,30178.48046875,19645.5,False,549
252527::056.swc,6651,6650,16152.4921875,30178.5625,19637.68359375,False,549
252527::056.swc,6652,6651,16152.4375,30179.015625,19629.7265625,False,549
252527::056.swc,6653,6652,16153.21484375,30183.796875,19623.51953125,False,549
252527::056.swc,6654,6653,16154.57421875,30186.32421875,19617.84765625,False,549
252527::056.swc,6655,6654,16157.1875,30186.32421875,19613.6171875,False,549
252527::056.swc,6656,6655,16159.55078125,30186.32421875,19601.71875,False,549
252527::056.swc,6657,6656,16159.9765625,30186.32421875,19591.7578125,True,549
252527::056.swc,6658,4379,16218.296875,30043.50390625,19593.92578125,False,549
252527::056.swc,6659,6658,16217.59765625,30047.30859375,19601.5546875,False,549
252527::056.swc,6660,6659,16216.671875,30050.1640625,19610.0234375,False,549
252527::056.swc,6661,6660,16216.55859375,30050.515625,19623.01953125,False,549
252527::056.swc,6662,6661,16217.39453125,30049.50390625,19631.19140625,False,549
252527::056.swc,6663,6662,16219.65234375,30050.25390625,19633.5,False,549
252527::056.swc,6664,6663,16222.125,30049.8828125,19641.33984375,False,549
252527::056.swc,6665,6664,16224.1328125,30047.90625,19651.78125,False,549
252527::056.swc,6666,6665,16224.0234375,30046.6171875,19666.515625,False,549
252527::056.swc,6667,6666,16221.01171875,30045.79296875,19683.40625,False,549
252527::056.swc,6668,6667,16218.02734375,30043.6875,19711.2734375,False,549
252527::056.swc,6669,6668,16216.7109375,30040.23828125,19726.41015625,False,549
252527::056.swc,6670,6669,16216.62109375,30037.8203125,19740.94921875,False,549
252527::056.swc,6671,6670,16216.30078125,30038.31640625,19746.5546875,False,549
252527::056.swc,6672,6671,16217.875,30040.79296875,19747.5,False,549
252527::056.swc,6673,6672,16217.66015625,30042.0703125,19757.53125,False,549
252527::056.swc,6674,6673,16215.484375,30041.796875,19771.44140625,False,549
252527::056.swc,6675,6674,16213.25390625,30042.984375,19782.24609375,False,549
252527::056.swc,6676,6675,16211.5078125,30041.80078125,19795.03125,False,549
252527::056.swc,6677,6676,16211.82421875,30040.61328125,19809.41015625,True,549
252527::056.swc,6678,4379,16222.98828125,30044.546875,19593.49609375,False,549
252527::056.swc,6679,6678,16224.6796875,30053.48828125,19597.9375,False,549
252527::056.swc,6680,6679,16226.18359375,30059.9765625,19605.68359375,False,549
252527::056.swc,6681,6680,16230.0625,30068.2890625,19610.77734375,False,549
252527::056.swc,6682,6681,16231.734375,30075.53125,19614.01953125,False,549
252527::056.swc,6683,6682,16234.35546875,30086.5859375,19615.5,False,549
252527::056.swc,6684,6683,16236.0234375,30096.8046875,19615.75,False,549
252527::056.swc,6685,6684,16236.0234375,30100.9765625,19617.52734375,False,549
252527::056.swc,6686,6685,16235.9609375,30113.9296875,19620.1796875,False,549
252527::056.swc,6687,6686,16235.3203125,30117.85546875,19625.25,False,549
252527::056.swc,6688,6687,16236.46484375,30125.69140625,19628.2109375,False,549
252527::056.swc,6689,6688,16239.60546875,30133.1015625,19631.7109375,False,549
252527::056.swc,6690,6689,16241.66796875,30140.9453125,19630.8046875,False,549
252527::056.swc,6691,6690,16243.3359375,30148.0,19632.9453125,False,549
252527::056.swc,6692,6691,16245.3671875,30151.46875,19636.34375,False,549
252527::056.swc,6693,6692,16249.7890625,30154.16796875,19641.83203125,False,549
252527::056.swc,6694,6693,16256.78515625,30158.90234375,19646.55078125,False,549
252527::056.swc,6695,6694,16262.62890625,30165.57421875,19648.83203125,False,549
252527::056.swc,6696,6695,16264.984375,30168.69140625,19651.08203125,False,549
252527::056.swc,6697,6696,16268.625,30169.30078125,19652.75390625,False,549
252527::056.swc,6698,6697,16271.23046875,30168.07421875,19656.5234375,False,549
252527::056.swc,6699,6698,16274.9921875,30168.03125,19657.5,False,549
252527::056.swc,6700,6699,16279.7421875,30171.40234375,19655.8984375,False,549
252527::056.swc,6701,6700,16281.2578125,30174.171875,19652.46484375,False,549
252527::056.swc,6702,6701,16283.4140625,30177.23046875,19645.08984375,False,549
252527::056.swc,6703,6702,16286.171875,30179.2578125,19640.98828125,False,549
252527::056.swc,6704,6703,16290.75,30183.72265625,19637.171875,False,549
252527::056.swc,6705,6704,16295.97265625,30188.8515625,19630.93359375,False,549
252527::056.swc,6706,6705,16301.90625,30193.5625,19627.16796875,False,549
252527::056.swc,6707,6706,16302.9765625,30194.125,19624.5,False,549
252527::056.swc,6708,6707,16312.10546875,30193.53515625,19626.953125,False,549
252527::056.swc,6709,6708,16318.34375,30192.19921875,19626.203125,False,549
252527::056.swc,6710,6709,16322.46484375,30191.8515625,19622.0625,False,549
252527::056.swc,6711,6710,16326.39453125,30193.7265625,19615.4453125,False,549
252527::056.swc,6712,6711,16332.0,30193.91015625,19611.2421875,False,549
252527::056.swc,6713,6712,16336.4140625,30195.671875,19607.890625,False,549
252527::056.swc,6714,6713,16341.92578125,30195.2578125,19603.1640625,False,549
252527::056.swc,6715,6714,16344.125,30189.49609375,19600.87109375,False,549
252527::056.swc,6716,6715,16346.24609375,30181.7421875,19599.96484375,False,549
252527::056.swc,6717,6716,16349.08203125,30178.5546875,19596.8671875,False,549
252527::056.swc,6718,6717,16351.39453125,30178.390625,19593.015625,False,549
252527::056.swc,6719,6718,16352.5546875,30173.45703125,19591.5,False,549
252527::056.swc,6720,6719,16352.421875,30165.37890625,19591.5,False,549
252527::056.swc,6721,6720,16355.078125,30156.91015625,19593.4765625,False,549
252527::056.swc,6722,6721,16356.59375,30151.76171875,19596.11328125,True,549
252527::056.swc,6723,4384,16249.6796875,30008.6015625,19477.12890625,False,549
252527::056.swc,6724,6723,16250.53515625,30004.6640625,19487.1640625,False,549
252527::056.swc,6725,6724,16253.796875,30000.921875,19494.4765625,False,549
252527::056.swc,6726,6725,16255.73828125,29999.5546875,19502.3359375,False,549
252527::056.swc,6727,6726,16264.16796875,29994.37109375,19509.0625,False,549
252527::056.swc,6728,6727,16270.96484375,29988.90625,19515.140625,True,549
252527::056.swc,6729,4384,16251.51953125,30018.5234375,19481.94921875,False,549
252527::056.swc,6730,6729,16252.73046875,30025.55078125,19489.38671875,False,549
252527::056.swc,6731,6730,16254.4609375,30032.24609375,19498.1640625,False,549
252527::056.swc,6732,6731,16255.56640625,30034.12890625,19502.97265625,False,549
252527::056.swc,6733,4384,16249.67578125,30007.5,19488.4140625,False,549
252527::056.swc,6734,6733,16248.89453125,30007.30859375,19502.51953125,False,549
252527::056.swc,6735,6734,16247.40234375,30006.32421875,19516.546875,False,549
252527::056.swc,6736,6735,16245.171875,30005.14453125,19529.859375,False,549
252527::056.swc,6737,6736,16243.421875,30002.53515625,19536.8515625,False,549
252527::056.swc,6738,6737,16243.078125,29998.89453125,19544.30859375,False,549
252527::056.swc,6739,6738,16244.3203125,29998.7109375,19552.31640625,False,549
252527::056.swc,6740,6739,16244.0390625,29999.5,19560.69921875,False,549
252527::056.swc,6741,6740,16242.1171875,29999.6875,19568.69140625,False,549
252527::056.swc,6742,6741,16239.83203125,29997.58984375,19576.30078125,False,549
252527::056.swc,6743,6742,16238.2109375,29994.5703125,19589.015625,False,549
252527::056.swc,6744,6743,16238.48828125,29992.453125,19597.9609375,False,549
252527::056.swc,6745,6744,16237.71484375,29990.92578125,19610.78515625,False,549
252527::056.swc,6746,6745,16235.90234375,29989.82421875,19621.56640625,False,549
252527::056.swc,6747,6746,16235.375,29989.56640625,19631.390625,False,549
252527::056.swc,6748,6747,16235.375,29990.67578125,19633.390625,False,549
252527::056.swc,6749,6748,16231.68359375,29988.9921875,19641.65234375,False,549
252527::056.swc,6750,6749,16226.30078125,29986.21484375,19644.92578125,False,549
252527::056.swc,6751,6750,16222.1171875,29981.75390625,19650.390625,False,549
252527::056.swc,6752,6751,16218.0546875,29979.7578125,19654.3671875,False,549
252527::056.swc,6753,6752,16215.16015625,29977.28125,19662.58984375,False,549
252527::056.swc,6754,6753,16213.2578125,29975.77734375,19673.76171875,False,549
252527::056.swc,6755,6754,16211.21875,29975.48828125,19682.109375,False,549
252527::056.swc,6756,6755,16210.28125,29976.1953125,19689.4921875,False,549
252527::056.swc,6757,6756,16208.91015625,29975.75,19699.06640625,False,549
252527::056.swc,6758,6757,16208.328125,29974.0625,19702.890625,False,549
252527::056.swc,6759,6758,16209.75,29972.84765625,19714.76953125,False,549
252527::056.swc,6760,6759,16213.32421875,29974.41796875,19724.328125,False,549
252527::056.swc,6761,6760,16217.796875,29978.91796875,19729.1953125,True,549
252527::056.swc,6762,4447,16071.08203125,30083.67578125,19376.67578125,False,549
252527::056.swc,6763,6762,16070.48046875,30079.65234375,19373.546875,False,549
252527::056.swc,6764,6763,16067.4609375,30075.78515625,19369.51171875,False,549
252527::056.swc,6765,6764,16065.921875,30074.24609375,19362.3046875,False,549
252527::056.swc,6766,6765,16066.94921875,30073.35546875,19357.72265625,False,549
252527::056.swc,6767,6766,16069.81640625,30075.0625,19356.546875,False,549
252527::056.swc,6768,6767,16071.2421875,30076.671875,19351.71875,True,549
252527::056.swc,6769,4447,16072.265625,30089.9765625,19383.828125,False,549
252527::056.swc,6770,6769,16074.890625,30090.3828125,19393.421875,False,549
252527::056.swc,6771,6770,16079.90625,30090.265625,19397.6484375,False,549
252527::056.swc,6772,6771,16082.64453125,30093.77734375,19407.4921875,False,549
252527::056.swc,6773,6772,16081.34375,30100.421875,19415.94140625,False,549
252527::056.swc,6774,6773,16081.9375,30106.28515625,19422.30078125,False,549
252527::056.swc,6775,6774,16084.43359375,30108.33203125,19421.203125,False,549
252527::056.swc,6776,6775,16087.24609375,30109.4375,19426.734375,False,549
252527::056.swc,6777,6776,16088.6640625,30110.046875,19436.1796875,True,549
252527::056.swc,6778,4463,16497.6328125,30725.69921875,18920.58984375,False,549
252527::056.swc,6779,6778,16499.32421875,30727.68359375,18908.3515625,False,549
252527::056.swc,6780,6779,16499.9765625,30729.9140625,18897.0,False,549
252527::056.swc,6781,6780,16499.36328125,30731.21875,18882.8125,False,549
252527::056.swc,6782,6781,16499.2734375,30734.203125,18870.72265625,False,549
252527::056.swc,6783,6782,16498.76953125,30736.796875,18855.7734375,False,549
252527::056.swc,6784,6783,16497.87890625,30738.36328125,18850.03125,False,549
252527::056.swc,6785,6784,16496.60546875,30740.95703125,18847.5,True,549
252527::056.swc,6786,4463,16498.65625,30719.16015625,18921.89453125,False,549
252527::056.swc,6787,6786,16504.3671875,30719.1875,18916.16796875,False,549
252527::056.swc,6788,6787,16510.078125,30719.21484375,18910.44140625,False,549
252527::056.swc,6789,6788,16515.7890625,30719.23828125,18904.71875,False,549
252527::056.swc,6790,6789,16521.5,30719.265625,18898.9921875,False,549
252527::056.swc,6791,6790,16527.2109375,30719.29296875,18893.265625,False,549
252527::056.swc,6792,6791,16532.921875,30719.3203125,18887.5390625,False,549
252527::056.swc,6793,6792,16537.9140625,30720.828125,18879.359375,True,549
252527::056.swc,6794,4516,16773.359375,30440.87109375,19329.203125,False,549
252527::056.swc,6795,6794,16773.57421875,30441.79296875,19336.0,False,549
252527::056.swc,6796,6795,16774.546875,30443.5625,19339.5,False,549
252527::056.swc,6797,6796,16778.05859375,30447.53515625,19339.5,False,549
252527::056.swc,6798,6797,16782.44140625,30452.16015625,19344.14453125,False,549
252527::056.swc,6799,6798,16784.046875,30454.5546875,19350.23828125,False,549
252527::056.swc,6800,6799,16788.43359375,30459.9375,19353.0,False,549
252527::056.swc,6801,6800,16790.78515625,30461.20703125,19357.80078125,False,549
252527::056.swc,6802,6801,16797.0,30461.5078125,19362.75390625,False,549
252527::056.swc,6803,6802,16801.57421875,30460.5078125,19360.8046875,False,549
252527::056.swc,6804,6803,16806.35546875,30462.046875,19361.35546875,False,549
252527::056.swc,6805,6804,16808.21875,30465.15234375,19363.1875,False,549
252527::056.swc,6806,6805,16811.77734375,30469.40234375,19366.109375,False,549
252527::056.swc,6807,6806,16817.5859375,30474.0,19367.30078125,False,549
252527::056.swc,6808,6807,16821.75390625,30478.05078125,19372.046875,False,549
252527::056.swc,6809,6808,16826.796875,30481.11328125,19374.8828125,False,549
252527::056.swc,6810,6809,16830.3515625,30484.7734375,19379.8203125,False,549
252527::056.swc,6811,6810,16836.60546875,30491.25,19383.2265625,False,549
252527::056.swc,6812,6811,16842.4765625,30496.30078125,19387.16796875,False,549
252527::056.swc,6813,6812,16842.71484375,30497.1953125,19392.38671875,False,549
252527::056.swc,6814,6813,16845.47265625,30500.359375,19393.8125,False,549
252527::056.swc,6815,6814,16851.8359375,30503.87890625,19396.83203125,False,549
252527::056.swc,6816,6815,16857.390625,30506.7109375,19402.52734375,False,549
252527::056.swc,6817,4516,16769.10546875,30443.4921875,19330.36328125,False,549
252527::056.swc,6818,6817,16769.67578125,30451.23046875,19334.90625,False,549
252527::056.swc,6819,6818,16769.67578125,30457.2109375,19341.8203125,False,549
252527::056.swc,6820,6819,16770.08203125,30461.953125,19349.8359375,False,549
252527::056.swc,6821,6820,16771.76171875,30466.453125,19355.9453125,False,549
252527::056.swc,6822,6821,16774.41015625,30471.6015625,19360.5703125,False,549
252527::056.swc,6823,6822,16775.0234375,30479.1484375,19365.01171875,False,549
252527::056.swc,6824,6823,16776.5,30486.04296875,19370.6640625,False,549
252527::056.swc,6825,6824,16778.6328125,30492.53515625,19374.42578125,False,549
252527::056.swc,6826,6825,16778.7734375,30495.87890625,19377.5859375,False,549
252527::056.swc,6827,6826,16775.38671875,30503.78515625,19383.35546875,False,549
252527::056.swc,6828,6827,16774.98828125,30508.3125,19392.08203125,False,549
252527::056.swc,6829,6828,16777.94921875,30515.37109375,19401.48828125,False,549
252527::056.swc,6830,6829,16783.8046875,30521.11328125,19411.203125,False,549
252527::056.swc,6831,6830,16789.828125,30528.48828125,19416.9765625,False,549
252527::056.swc,6832,6831,16795.7734375,30530.05078125,19418.44921875,False,549
252527::056.swc,6833,6832,16798.7265625,30530.7890625,19425.04296875,False,549
252527::056.swc,6834,6833,16798.3671875,30531.9296875,19435.01171875,False,549
252527::056.swc,6835,6834,16800.48828125,30529.46875,19443.93359375,False,549
252527::056.swc,6836,6835,16803.6640625,30527.99609375,19449.6015625,False,549
252527::056.swc,6837,6836,16805.859375,30529.52734375,19461.28515625,False,549
252527::056.swc,6838,6837,16806.66015625,30533.453125,19471.203125,False,549
252527::056.swc,6839,6838,16807.734375,30536.44140625,19484.12109375,False,549
252527::056.swc,6840,6839,16808.01171875,30535.73046875,19491.5703125,False,549
252527::056.swc,6841,6840,16806.4453125,30536.39453125,19500.484375,False,549
252527::056.swc,6842,6841,16805.44921875,30534.53125,19511.25,False,549
252527::056.swc,6843,6842,16806.44140625,30532.6015625,19517.5703125,False,549
252527::056.swc,6844,6843,16808.82421875,30533.765625,19522.85546875,False,549
252527::056.swc,6845,6844,16809.0625,30536.4921875,19527.1171875,False,549
252527::056.swc,6846,6845,16807.484375,30538.27734375,19534.2265625,False,549
252527::056.swc,6847,6846,16805.06640625,30538.83203125,19539.6484375,False,549
252527::056.swc,6848,6847,16803.17578125,30538.49609375,19549.43359375,False,549
252527::056.swc,6849,6848,16802.84375,30537.50390625,19555.9140625,False,549
252527::056.swc,6928,4672,16507.9765625,29909.203125,18737.75,False,549
252527::056.swc,6929,6928,16511.65625,29907.3359375,18736.5,False,549
252527::056.swc,6930,6929,16513.50390625,29906.4296875,18733.078125,False,549
252527::056.swc,6931,6930,16513.8125,29907.66796875,18725.73828125,False,549
252527::056.swc,6932,6931,16518.4375,29906.265625,18716.55078125,False,549
252527::056.swc,6933,6932,16522.40625,29901.48828125,18706.828125,False,549
252527::056.swc,6934,6933,16527.65625,29895.171875,18697.78515625,False,549
252527::056.swc,6935,6934,16530.6015625,29892.06640625,18691.41796875,False,549
252527::056.swc,6936,6935,16535.140625,29888.8828125,18687.13671875,False,549
252527::056.swc,6937,6936,16539.6796875,29883.29296875,18681.8359375,False,549
252527::056.swc,6938,6937,16542.21875,29877.64453125,18672.0234375,False,549
252527::056.swc,6939,6938,16542.82421875,29874.9765625,18662.83203125,False,549
252527::056.swc,6940,6939,16544.50390625,29873.7265625,18653.2421875,False,549
252527::056.swc,6941,6940,16548.4375,29873.02734375,18645.515625,False,549
252527::056.swc,6942,6941,16550.19921875,29870.8359375,18640.73046875,False,549
252527::056.swc,6943,6942,16550.59765625,29868.65625,18633.671875,False,549
252527::056.swc,6944,6943,16552.55078125,29867.0625,18620.68359375,False,549
252527::056.swc,6945,6944,16557.68359375,29866.44140625,18609.76953125,False,549
252527::056.swc,6946,6945,16560.93359375,29864.13671875,18603.55859375,False,549
252527::056.swc,6947,6946,16562.14453125,29860.80078125,18597.46875,False,549
252527::056.swc,6948,6947,16561.30078125,29857.03125,18593.828125,False,549
252527::056.swc,6949,6948,16562.421875,29854.58984375,18586.12109375,False,549
252527::056.swc,6950,6949,16565.421875,29855.2578125,18576.78515625,False,549
252527::056.swc,6951,6950,16567.16796875,29853.86328125,18569.6875,False,549
252527::056.swc,6952,6951,16569.8125,29846.59765625,18564.40234375,False,549
252527::056.swc,6953,6952,16574.5390625,29841.40625,18555.3515625,False,549
252527::056.swc,6954,6953,16576.984375,29836.0,18545.56640625,False,549
252527::056.swc,6955,6954,16576.6328125,29829.2421875,18542.03125,False,549
252527::056.swc,6956,6955,16578.609375,29823.0859375,18531.79296875,False,549
252527::056.swc,6957,6956,16582.69921875,29818.84375,18525.92578125,False,549
252527::056.swc,6958,6957,16584.640625,29814.19921875,18519.296875,False,549
252527::056.swc,6959,6958,16583.79296875,29809.2578125,18517.59765625,False,549
252527::056.swc,6960,6959,16582.52734375,29806.73828125,18513.84375,False,549
252527::056.swc,6961,6960,16582.4765625,29805.47265625,18508.29296875,False,549
252527::056.swc,6962,6961,16584.703125,29800.046875,18505.16015625,False,549
252527::056.swc,6963,6962,16588.82421875,29793.109375,18503.2734375,False,549
252527::056.swc,6964,6963,16591.57421875,29787.30078125,18499.83203125,False,549
252527::056.swc,6965,6964,16592.94140625,29786.34765625,18493.70703125,False,549
252527::056.swc,6966,6965,16595.90625,29781.24609375,18486.30078125,False,549
252527::056.swc,6967,6966,16597.27734375,29775.4765625,18478.046875,False,549
252527::056.swc,6968,6967,16597.99609375,29772.2734375,18468.91796875,True,549
252527::056.swc,6969,4672,16508.87890625,29908.73828125,18737.046875,False,549
252527::056.swc,6970,6969,16514.265625,29904.55859375,18734.3203125,False,549
252527::056.swc,6971,6970,16520.23046875,29895.8125,18726.61328125,False,549
252527::056.swc,6972,6971,16525.5078125,29888.3203125,18717.7578125,False,549
252527::056.swc,6973,6972,16532.05078125,29880.66796875,18712.33203125,False,549
252527::056.swc,6974,6973,16535.8828125,29874.16796875,18705.29296875,False,549
252527::056.swc,6975,6974,16538.28515625,29865.1953125,18697.58984375,False,549
252527::056.swc,6976,6975,16544.5859375,29854.171875,18688.78125,False,549
252527::056.swc,6977,6976,16549.9609375,29846.50390625,18685.125,False,549
252527::056.swc,6978,6977,16553.6640625,29842.27734375,18681.37109375,False,549
252527::056.swc,6979,6978,16558.375,29839.44921875,18678.93359375,False,549
252527::056.swc,6980,6979,16560.578125,29834.91796875,18675.03125,False,549
252527::056.swc,6981,6980,16562.9765625,29827.36328125,18671.2265625,False,549
252527::056.swc,6982,4695,16549.265625,29942.0078125,18708.92578125,False,549
252527::056.swc,6983,6982,16554.76953125,29941.30078125,18701.16015625,False,549
252527::056.swc,6984,6983,16558.4453125,29938.9765625,18698.47265625,False,549
252527::056.swc,6985,6984,16563.1171875,29935.18359375,18697.5,False,549
252527::056.swc,6986,6985,16563.671875,29932.30078125,18699.27734375,False,549
252527::056.swc,6987,6986,16563.8046875,29931.55859375,18704.83203125,False,549
252527::056.swc,6988,6987,16566.94140625,29931.33203125,18706.5,False,549
252527::056.swc,6989,6988,16572.84375,29928.59765625,18706.5,False,549
252527::056.swc,6990,6989,16576.55078125,29927.625,18703.83203125,False,549
252527::056.swc,6991,6990,16577.703125,29928.09765625,18698.61328125,False,549
252527::056.swc,6992,6991,16583.3828125,29928.44140625,18696.1484375,False,549
252527::056.swc,6993,6992,16587.6953125,29927.13671875,18692.1015625,False,549
252527::056.swc,6994,6993,16591.00390625,29922.36328125,18690.375,False,549
252527::056.swc,6995,6994,16592.296875,29921.5234375,18685.2421875,False,549
252527::056.swc,6996,6995,16593.0078125,29923.8984375,18684.55859375,False,549
252527::056.swc,6997,6996,16593.4453125,29924.98828125,18691.27734375,False,549
252527::056.swc,6998,6997,16595.8515625,29924.484375,18696.625,False,549
252527::056.swc,6999,6998,16597.45703125,29924.6875,18692.72265625,False,549
252527::056.swc,7000,6999,16601.22265625,29926.41015625,18690.00390625,False,549
252527::056.swc,7001,7000,16605.19140625,29926.953125,18691.21484375,False,549
252527::056.swc,7002,7001,16607.5234375,29925.61328125,18689.91796875,True,549
252527::056.swc,7003,4695,16549.1640625,29942.08984375,18709.15234375,False,549
252527::056.swc,7004,7003,16553.07421875,29942.0390625,18702.53515625,False,549
252527::056.swc,7005,7004,16558.0625,29939.2578125,18698.5390625,False,549
252527::056.swc,7006,7005,16562.69140625,29936.37109375,18697.5,False,549
252527::056.swc,7007,7006,16566.453125,29934.828125,18690.85546875,False,549
252527::056.swc,7008,7007,16570.33984375,29933.2421875,18680.86328125,False,549
252527::056.swc,7009,7008,16574.55078125,29929.5390625,18678.3671875,False,549
252527::056.swc,7010,7009,16578.94921875,29924.62890625,18670.6328125,False,549
252527::056.swc,7011,7010,16582.1875,29921.58203125,18667.01171875,False,549
252527::056.swc,7012,7011,16583.71484375,29920.0078125,18662.5,False,549
252527::056.swc,7013,7012,16586.24609375,29917.359375,18661.5,False,549
252527::056.swc,7014,4703,16430.3984375,30900.62890625,19096.01953125,False,549
252527::056.swc,7015,7014,16431.46875,30911.84375,19097.109375,False,549
252527::056.swc,7016,7015,16432.26171875,30916.3515625,19099.03515625,False,549
252527::056.swc,7017,7016,16433.51953125,30926.0078125,19100.55859375,False,549
252527::056.swc,7018,7017,16435.0390625,30933.51953125,19104.06640625,False,549
252527::056.swc,7019,7018,16437.48828125,30939.796875,19108.16796875,False,549
252527::056.swc,7020,7019,16439.00390625,30945.68359375,19109.55859375,False,549
252527::056.swc,7021,7020,16441.32421875,30951.390625,19113.234375,False,549
252527::056.swc,7022,7021,16444.33984375,30961.80078125,19114.5,False,549
252527::056.swc,7023,7022,16448.29296875,30972.0,19114.5,False,549
252527::056.swc,7024,7023,16455.37890625,30991.83984375,19114.5,False,549
252527::056.swc,7025,7024,16462.03515625,31006.7734375,19117.90234375,False,549
252527::056.swc,7026,7025,16468.83203125,31017.5390625,19122.125,False,549
252527::056.swc,7027,7026,16473.48046875,31021.31640625,19120.87109375,False,549
252527::056.swc,7028,7027,16478.08984375,31020.328125,19117.72265625,False,549
252527::056.swc,7029,7028,16488.23828125,31015.234375,19117.5,False,549
252527::056.swc,7030,7029,16500.453125,31015.21484375,19117.5,False,549
252527::056.swc,7031,7030,16506.91015625,31018.45703125,19117.83203125,False,549
252527::056.swc,7032,7031,16508.375,31018.9765625,19120.5,False,549
252527::056.swc,7033,7032,16512.99609375,31021.54296875,19117.69921875,False,549
252527::056.swc,7034,7033,16521.4453125,31025.73828125,19117.16796875,False,549
252527::056.swc,7035,7034,16526.32421875,31027.93359375,19114.72265625,False,549
252527::056.swc,7036,7035,16533.23046875,31031.796875,19114.5,False,549
252527::056.swc,7037,7036,16541.44921875,31033.953125,19116.06640625,False,549
252527::056.swc,7038,7037,16544.06640625,31036.8359375,19120.7890625,False,549
252527::056.swc,7039,7038,16545.34765625,31041.3671875,19128.03125,False,549
252527::056.swc,7040,7039,16548.5078125,31047.5078125,19133.734375,False,549
252527::056.swc,7041,7040,16555.02734375,31052.59765625,19135.3203125,False,549
252527::056.swc,7042,7041,16561.29296875,31054.77734375,19133.09375,False,549
252527::056.swc,7043,7042,16569.375,31057.28515625,19132.72265625,False,549
252527::056.swc,7044,7043,16574.640625,31059.75,19135.22265625,False,549
252527::056.swc,7045,7044,16576.50390625,31065.0,19137.11328125,False,549
252527::056.swc,7046,7045,16576.6015625,31070.40234375,19140.31640625,False,549
252527::056.swc,7047,7046,16576.03125,31078.5703125,19141.6484375,False,549
252527::056.swc,7048,7047,16575.32421875,31080.7265625,19144.5,False,549
252527::056.swc,7049,4703,16431.01953125,30901.00390625,19093.4765625,False,549
252527::056.swc,7050,7049,16435.80078125,30905.24609375,19091.890625,False,549
252527::056.swc,7051,7050,16439.68359375,30905.0234375,19087.45703125,False,549
252527::056.swc,7052,7051,16443.9921875,30902.62109375,19084.03125,False,549
252527::056.swc,7053,7052,16448.03515625,30902.32421875,19079.54296875,False,549
252527::056.swc,7054,7053,16451.48828125,30903.18359375,19078.5,False,549
252527::056.swc,7055,7054,16454.375,30905.2421875,19072.89453125,False,549
252527::056.swc,7056,7055,16455.48046875,30908.4453125,19067.33984375,False,549
252527::056.swc,7057,4715,16391.46875,30809.375,18988.3359375,False,549
252527::056.swc,7058,7057,16395.12109375,30809.83203125,18985.57421875,False,549
252527::056.swc,7059,7058,16398.86328125,30810.83984375,18986.96875,False,549
252527::056.swc,7060,7059,16405.8125,30816.33984375,18985.734375,False,549
252527::056.swc,7061,7060,16412.3984375,30824.7578125,18984.77734375,False,549
252527::056.swc,7062,7061,16414.125,30827.0625,18982.75,True,549
252527::056.swc,7063,4715,16391.08203125,30812.99609375,18988.125,False,549
252527::056.swc,7064,7063,16392.3828125,30818.34765625,18985.5,False,549
252527::056.swc,7065,7064,16395.1796875,30822.65625,18985.16796875,False,549
252527::056.swc,7066,7065,16396.09765625,30827.875,18979.828125,False,549
252527::056.swc,7067,7066,16393.59765625,30832.3359375,18976.8984375,False,549
252527::056.swc,7068,7067,16388.37890625,30834.6796875,18977.546875,False,549
252527::056.swc,7069,7068,16386.3671875,30836.55078125,18982.59765625,False,549
252527::056.swc,7070,7069,16383.0078125,30835.85546875,18985.27734375,False,549
252527::056.swc,7071,7070,16380.31640625,30836.41015625,18979.77734375,False,549
252527::056.swc,7072,7071,16378.1484375,30840.82421875,18974.46875,False,549
252527::056.swc,7073,7072,16375.37109375,30845.43359375,18966.37890625,False,549
252527::056.swc,7074,7073,16369.5546875,30847.95703125,18957.66796875,False,549
252527::056.swc,7075,7074,16362.70703125,30850.12890625,18954.56640625,False,549
252527::056.swc,7076,7075,16354.86328125,30847.8359375,18950.4765625,False,549
252527::056.swc,7077,7076,16345.93359375,30845.66796875,18949.5,False,549
252527::056.swc,7078,7077,16338.2578125,30846.3828125,18947.77734375,False,549
252527::056.swc,7079,7078,16335.0625,30848.35546875,18944.34765625,False,549
252527::056.swc,7080,7079,16331.37890625,30849.68359375,18936.87109375,False,549
252527::056.swc,7081,7080,16327.76953125,30847.9765625,18929.7734375,False,549
252527::056.swc,7082,7081,16324.29296875,30848.2265625,18924.30078125,False,549
252527::056.swc,7083,7082,16322.96484375,30851.54296875,18921.40234375,False,549
252527::056.swc,7084,7083,16323.125,30852.57421875,18917.5,False,549
252527::056.swc,7085,4726,16276.2890625,30424.296875,18819.66796875,False,549
252527::056.swc,7086,7085,16271.37109375,30424.59375,18815.44140625,False,549
252527::056.swc,7087,7086,16265.296875,30425.0,18813.48828125,False,549
252527::056.swc,7088,7087,16261.70703125,30425.16015625,18809.9375,False,549
252527::056.swc,7089,7088,16259.109375,30427.4375,18805.72265625,False,549
252527::056.swc,7090,7089,16254.34375,30431.64453125,18804.11328125,False,549
252527::056.swc,7091,7090,16250.37109375,30434.12890625,18800.33203125,False,549
252527::056.swc,7092,7091,16242.66015625,30438.71484375,18798.78515625,False,549
252527::056.swc,7093,7092,16239.59375,30440.1171875,18796.859375,False,549
252527::056.swc,7094,7093,16232.9140625,30444.5703125,18796.5,False,549
252527::056.swc,7095,7094,16222.28515625,30455.88671875,18796.5,False,549
252527::056.swc,7096,7095,16211.328125,30463.71875,18796.22265625,False,549
252527::056.swc,7097,7096,16207.7890625,30463.5234375,18794.390625,False,549
252527::056.swc,7098,4726,16283.58203125,30428.734375,18819.40234375,False,549
252527::056.swc,7099,7098,16286.140625,30437.14453125,18817.5,False,549
252527::056.swc,7100,7099,16287.86328125,30446.16796875,18817.33203125,False,549
252527::056.swc,7101,7100,16286.55859375,30448.2734375,18815.52734375,False,549
252527::056.swc,7102,7101,16284.015625,30449.12890625,18812.453125,False,549
252527::056.swc,7103,7102,16279.18359375,30450.6484375,18815.859375,False,549
252527::056.swc,7104,7103,16270.20703125,30453.609375,18818.25,False,549
252527::056.swc,7105,7104,16263.734375,30456.5390625,18821.01171875,False,549
252527::056.swc,7106,7105,16261.22265625,30457.36328125,18825.28515625,False,549
252527::056.swc,7107,7106,16257.62109375,30457.33984375,18824.72265625,False,549
252527::056.swc,7108,7107,16253.8359375,30459.859375,18825.77734375,False,549
252527::056.swc,7109,7108,16247.54296875,30466.84375,18826.5,False,549
252527::056.swc,7110,7109,16237.68359375,30478.3046875,18821.63671875,False,549
252527::056.swc,7111,7110,16232.1171875,30483.7109375,18820.39453125,False,549
252527::056.swc,7112,7111,16224.40234375,30488.49609375,18824.5703125,False,549
252527::056.swc,7113,7112,16217.77734375,30492.41796875,18826.08203125,False,549
252527::056.swc,7114,7113,16212.92578125,30492.4296875,18825.89453125,False,549
252527::056.swc,7115,7114,16207.64453125,30491.2421875,18829.00390625,False,549
252527::056.swc,7116,7115,16204.82421875,30489.62890625,18833.0078125,False,549
252527::056.swc,7117,7116,16204.34375,30489.2890625,18839.70703125,False,549
252527::056.swc,7118,7117,16201.609375,30487.3515625,18842.51953125,False,549
252527::056.swc,7119,7118,16198.6484375,30486.8984375,18835.84765625,False,549
252527::056.swc,7120,7119,16188.453125,30485.1796875,18832.390625,False,549
252527::056.swc,7121,7120,16184.01171875,30483.03125,18830.609375,False,549
252527::056.swc,7122,7121,16176.63671875,30480.2734375,18830.0,False,549
252527::056.swc,7123,7122,16173.0,30479.0078125,18832.27734375,False,549
252527::056.swc,7124,7123,16166.09765625,30477.5,18832.5,False,549
252527::056.swc,7125,7124,16157.82421875,30477.30078125,18830.640625,False,549
252527::056.swc,7126,7125,16155.703125,30478.6875,18825.83984375,False,549
252527::056.swc,7127,7126,16152.6796875,30478.5390625,18817.69140625,False,549
252527::056.swc,7128,7127,16149.39453125,30476.86328125,18812.5625,False,549
252527::056.swc,7129,7128,16146.171875,30478.08984375,18810.0,False,549
252527::056.swc,7130,7129,16145.08203125,30479.99609375,18805.0078125,False,549
252527::056.swc,7131,7130,16147.37890625,30482.58984375,18792.3359375,False,549
252527::056.swc,7132,7131,16151.41015625,30484.54296875,18781.52734375,False,549
252527::056.swc,7133,7132,16154.75390625,30485.359375,18767.4921875,False,549
252527::056.swc,7134,7133,16156.0546875,30485.703125,18755.95703125,False,549
252527::056.swc,7135,7134,16156.9765625,30489.359375,18751.078125,False,549
252527::056.swc,7136,7135,16159.40234375,30490.390625,18744.4921875,False,549
252527::056.swc,7137,7136,16164.36328125,30490.3671875,18741.76171875,False,549
252527::056.swc,7138,7137,16168.8515625,30490.5234375,18737.11328125,False,549
252527::056.swc,7139,7138,16170.16015625,30490.3671875,18729.63671875,False,549
252527::056.swc,7140,7139,16169.73828125,30491.265625,18724.9453125,False,549
252527::056.swc,7141,7140,16169.328125,30494.23828125,18722.72265625,False,549
252527::056.swc,7142,7141,16172.36328125,30498.171875,18719.79296875,False,549
252527::056.swc,7143,7142,16175.7265625,30498.953125,18716.44921875,True,549
252527::056.swc,7144,4934,16209.234375,30052.46484375,19564.359375,False,549
252527::056.swc,7145,7144,16208.703125,30051.3046875,19580.2109375,False,549
252527::056.swc,7146,7145,16206.8984375,30050.40625,19603.0625,False,549
252527::056.swc,7147,7146,16204.890625,30049.57421875,19620.83203125,False,549
252527::056.swc,7148,7147,16203.56640625,30048.4453125,19637.78515625,False,549
252527::056.swc,7149,7148,16201.56640625,30048.18359375,19648.67578125,False,549
252527::056.swc,7150,7149,16200.95703125,30047.8203125,19659.5,False,549
252527::056.swc,7151,7150,16200.640625,30044.87109375,19678.9921875,False,549
252527::056.swc,7152,7151,16200.9296875,30042.796875,19696.2578125,False,549
252527::056.swc,7153,7152,16200.44921875,30040.66796875,19708.24609375,False,549
252527::056.swc,7154,7153,16199.875,30037.1171875,19720.3359375,False,549
252527::056.swc,7155,7154,16200.7265625,30034.796875,19726.94921875,False,549
252527::056.swc,7156,7155,16201.52734375,30034.2265625,19733.8359375,False,549
252527::056.swc,7157,7156,16200.6171875,30033.43359375,19747.0625,False,549
252527::056.swc,7158,7157,16198.890625,30031.37890625,19764.12890625,False,549
252527::056.swc,7159,7158,16197.23046875,30027.9375,19786.40625,False,549
252527::056.swc,7160,7159,16196.4765625,30025.859375,19795.765625,False,549
252527::056.swc,7161,7160,16196.328125,30024.23046875,19804.546875,False,549
252527::056.swc,7162,7161,16194.58203125,30023.1875,19815.4765625,False,549
252527::056.swc,7163,7162,16192.58203125,30023.0546875,19821.91796875,False,549
252527::056.swc,7164,7163,16191.4453125,30020.94921875,19832.9921875,False,549
252527::056.swc,7165,7164,16191.60546875,30018.49609375,19847.6171875,False,549
252527::056.swc,7166,7165,16192.2109375,30016.1015625,19856.1484375,False,549
252527::056.swc,7167,7166,16194.45703125,30015.1953125,19866.45703125,False,549
252527::056.swc,7168,7167,16197.75390625,30013.82421875,19871.77734375,False,549
252527::056.swc,7169,7168,16201.359375,30013.8046875,19880.6875,False,549
252527::056.swc,7170,7169,16204.546875,30017.04296875,19886.171875,False,549
252527::056.swc,7171,7170,16207.390625,30019.44921875,19893.65234375,False,549
252527::056.swc,7172,7171,16210.04296875,30023.6328125,19897.5,False,549
252527::056.swc,7173,7172,16212.5859375,30032.26171875,19897.96484375,False,549
252527::056.swc,7174,7173,16214.890625,30037.35546875,19900.73828125,False,549
252527::056.swc,7175,7174,16219.95703125,30046.20703125,19910.34375,False,549
252527::056.swc,7176,7175,16221.48828125,30051.09765625,19914.4921875,False,549
252527::056.swc,7177,7176,16222.1328125,30053.1640625,19921.28515625,False,549
252527::056.swc,7178,7177,16224.421875,30058.40625,19926.26953125,False,549
252527::056.swc,7179,7178,16226.28515625,30061.9765625,19933.83203125,False,549
252527::056.swc,7180,7179,16228.5859375,30065.02734375,19938.203125,False,549
252527::056.swc,7181,7180,16229.54296875,30065.42578125,19945.0,False,549
252527::056.swc,7182,7181,16232.6015625,30068.640625,19951.3515625,False,549
252527::056.swc,7183,7182,16236.1484375,30075.17578125,19960.27734375,False,549
252527::056.swc,7184,7183,16238.19921875,30080.984375,19970.48828125,False,549
252527::056.swc,7185,7184,16240.37109375,30086.89453125,19981.9140625,False,549
252527::056.swc,7186,7185,16243.84765625,30090.52734375,19987.125,False,549
252527::056.swc,7187,7186,16248.42578125,30092.0625,19992.43359375,False,549
252527::056.swc,7188,7187,16254.32421875,30095.94921875,19995.04296875,False,549
252527::056.swc,7189,7188,16259.359375,30101.203125,19999.859375,False,549
252527::056.swc,7190,7189,16263.08984375,30103.25390625,20004.8984375,False,549
252527::056.swc,7191,7190,16267.375,30105.390625,20007.41796875,False,549
252527::056.swc,7192,7191,16270.6328125,30108.734375,20013.97265625,False,549
252527::056.swc,7193,7192,16276.1640625,30115.13671875,20016.33984375,False,549
252527::056.swc,7194,7193,16283.0,30120.4375,20017.7421875,False,549
252527::056.swc,7195,7194,16289.359375,30121.5546875,20022.89453125,False,549
252527::056.swc,7196,7195,16296.50390625,30124.8046875,20030.39453125,False,549
252527::056.swc,7197,7196,16304.21484375,30131.03125,20035.60546875,False,549
252527::056.swc,7198,7197,16308.91796875,30135.69921875,20042.9609375,False,549
252527::056.swc,7199,7198,16311.68359375,30138.80078125,20045.1015625,False,549
252527::056.swc,7200,7199,16313.71484375,30138.90234375,20049.91015625,False,549
252527::056.swc,7201,7200,16315.87890625,30138.640625,20055.65625,False,549
252527::056.swc,7202,7201,16321.1796875,30138.4140625,20056.97265625,False,549
252527::056.swc,7203,7202,16325.63671875,30139.0546875,20061.9296875,False,549
252527::056.swc,7204,7203,16334.35546875,30142.71875,20068.91796875,False,549
252527::056.swc,7205,7204,16339.1640625,30143.49609375,20074.0,False,549
252527::056.swc,7206,7205,16341.23046875,30141.47265625,20074.5,True,549
252527::056.swc,7207,4934,16199.18359375,30062.109375,19545.28125,False,549
252527::056.swc,7208,7207,16192.37109375,30069.6015625,19546.5,False,549
252527::056.swc,7209,7208,16184.3203125,30077.65625,19546.0546875,False,549
252527::056.swc,7210,7209,16182.07421875,30080.27734375,19544.16796875,False,549
252527::056.swc,7211,7210,16181.875,30081.39453125,19541.11328125,False,549
252527::056.swc,7212,7211,16182.671875,30086.203125,19540.5,False,549
252527::056.swc,7213,7212,16183.4453125,30089.99609375,19543.5,False,549
252527::056.swc,7214,7213,16180.796875,30092.30859375,19548.30859375,False,549
252527::056.swc,7215,7214,16179.14453125,30099.48828125,19548.87109375,False,549
252527::056.swc,7216,7215,16179.453125,30104.43359375,19546.91796875,False,549
252527::056.swc,7217,7216,16179.83203125,30108.265625,19547.421875,False,549
252527::056.swc,7218,7217,16180.10546875,30109.5078125,19550.71875,True,549
252527::056.swc,7219,5119,16142.7578125,30076.48046875,19530.45703125,False,549
252527::056.swc,7220,7219,16150.64453125,30079.41015625,19531.5,False,549
252527::056.swc,7221,7220,16155.31640625,30084.05859375,19531.5,False,549
252527::056.swc,7222,7221,16156.93359375,30088.7109375,19529.08203125,False,549
252527::056.swc,7223,7222,16158.1953125,30091.9765625,19524.375,False,549
252527::056.swc,7224,7223,16161.625,30095.61328125,19524.81640625,False,549
252527::056.swc,7225,7224,16168.46875,30097.60546875,19525.796875,False,549
252527::056.swc,7226,7225,16172.2265625,30097.92578125,19527.83203125,True,549
252527::056.swc,7227,5119,16134.25390625,30072.74609375,19534.5078125,False,549
252527::056.swc,7228,7227,16131.03125,30072.6796875,19543.6015625,False,549
252527::056.swc,7229,7228,16126.2265625,30073.4375,19562.546875,False,549
252527::056.swc,7230,7229,16121.8515625,30072.34765625,19574.640625,False,549
252527::056.swc,7231,7230,16119.36328125,30071.71875,19587.703125,False,549
252527::056.swc,7232,7231,16117.96484375,30072.46875,19599.265625,False,549
252527::056.swc,7233,7232,16116.40234375,30071.9140625,19608.17578125,False,549
252527::056.swc,7234,7233,16113.34765625,30071.58203125,19615.484375,False,549
252527::056.swc,7235,7234,16111.03515625,30070.62890625,19630.3359375,False,549
252527::056.swc,7236,7235,16109.85546875,30069.66796875,19642.52734375,False,549
252527::056.swc,7237,7236,16108.7890625,30069.3046875,19656.97265625,False,549
252527::056.swc,7238,7237,16109.1796875,30068.90625,19666.50390625,False,549
252527::056.swc,7239,7238,16107.5390625,30067.63671875,19677.74609375,False,549
252527::056.swc,7240,7239,16105.37890625,30066.85546875,19685.22265625,False,549
252527::056.swc,7241,7240,16103.2265625,30065.390625,19703.8125,False,549
252527::056.swc,7242,7241,16102.7734375,30060.7265625,19732.171875,False,549
252527::056.swc,7243,7242,16102.1015625,30057.328125,19747.40625,False,549
252527::056.swc,7244,7243,16099.59375,30054.23828125,19758.58203125,False,549
252527::056.swc,7245,7244,16097.19140625,30052.05859375,19764.00390625,False,549
252527::056.swc,7246,7245,16095.79296875,30048.7421875,19772.55859375,False,549
252527::056.swc,7247,7246,16095.4296875,30045.53515625,19783.85546875,False,549
252527::056.swc,7248,7247,16092.51171875,30043.4921875,19792.00390625,False,549
252527::056.swc,7249,7248,16088.3828125,30042.640625,19806.08203125,False,549
252527::056.swc,7250,7249,16085.7421875,30040.7578125,19824.4765625,False,549
252527::056.swc,7251,7250,16084.2578125,30043.171875,19838.0546875,False,549
252527::056.swc,7252,7251,16081.015625,30045.8984375,19850.42578125,False,549
252527::056.swc,7253,7252,16079.6015625,30052.1953125,19861.3515625,False,549
252527::056.swc,7254,7253,16083.375,30061.97265625,19861.5,False,549
252527::056.swc,7255,7254,16085.609375,30070.84765625,19861.5,False,549
252527::056.swc,7256,7255,16085.12890625,30075.5234375,19862.8203125,False,549
252527::056.swc,7257,7256,16084.6875,30081.16796875,19866.63671875,False,549
252527::056.swc,7258,7257,16085.33203125,30086.5390625,19867.5,False,549
252527::056.swc,7259,7258,16087.41796875,30093.0546875,19871.8515625,False,549
252527::056.swc,7260,7259,16087.82421875,30101.5234375,19873.5,False,549
252527::056.swc,7261,7260,16086.18359375,30102.2578125,19870.42578125,False,549
252527::056.swc,7262,7261,16082.5546875,30100.42578125,19866.5546875,False,549
252527::056.swc,7263,7262,16078.0625,30098.74609375,19858.55078125,False,549
252527::056.swc,7264,7263,16073.484375,30097.55078125,19853.2109375,False,549
252527::056.swc,7265,7264,16072.4453125,30097.375,19846.12109375,False,549
252527::056.swc,7266,7265,16073.4921875,30097.796875,19841.98828125,False,549
252527::056.swc,7267,5138,16188.8984375,30227.70703125,19532.98046875,False,549
252527::056.swc,7268,7267,16189.11328125,30235.08984375,19545.6171875,False,549
252527::056.swc,7269,7268,16190.6796875,30241.71484375,19553.93359375,False,549
252527::056.swc,7270,7269,16192.54296875,30243.57421875,19561.5078125,False,549
252527::056.swc,7271,7270,16193.20703125,30241.80078125,19566.20703125,False,549
252527::056.swc,7272,7271,16195.24609375,30241.1796875,19576.40234375,False,549
252527::056.swc,7273,7272,16197.6640625,30242.734375,19584.36328125,False,549
252527::056.swc,7274,7273,16200.625,30247.0859375,19602.10546875,False,549
252527::056.swc,7275,7274,16203.15625,30250.23046875,19611.41796875,False,549
252527::056.swc,7276,7275,16204.1015625,30255.11328125,19618.7421875,False,549
252527::056.swc,7277,7276,16204.17578125,30261.02734375,19629.390625,False,549
252527::056.swc,7278,7277,16203.8046875,30268.484375,19635.2421875,False,549
252527::056.swc,7279,7278,16203.03125,30272.52734375,19641.375,False,549
252527::056.swc,7280,7279,16203.11328125,30274.453125,19651.08203125,False,549
252527::056.swc,7281,7280,16206.00390625,30277.5546875,19660.01171875,False,549
252527::056.swc,7282,7281,16207.375,30278.68359375,19669.47265625,False,549
252527::056.swc,7283,7282,16207.42578125,30279.0625,19677.47265625,False,549
252527::056.swc,7284,7283,16207.8359375,30281.75390625,19686.70703125,False,549
252527::056.swc,7285,7284,16208.9375,30286.9140625,19695.73828125,False,549
252527::056.swc,7286,7285,16212.015625,30295.5859375,19706.3828125,False,549
252527::056.swc,7287,7286,16212.625,30298.7734375,19711.5,False,549
252527::056.swc,7288,7287,16211.98828125,30298.89453125,19715.72265625,False,549
252527::056.swc,7289,7288,16212.4453125,30301.89453125,19720.84765625,False,549
252527::056.swc,7290,7289,16213.9921875,30303.16796875,19727.1171875,False,549
252527::056.swc,7291,7290,16213.52734375,30304.05859375,19734.87109375,False,549
252527::056.swc,7292,7291,16212.87109375,30307.109375,19746.4140625,False,549
252527::056.swc,7293,7292,16213.03125,30309.4609375,19761.4140625,False,549
252527::056.swc,7294,7293,16213.33203125,30311.7265625,19770.72265625,False,549
252527::056.swc,7295,7294,16214.4140625,30314.8359375,19777.609375,False,549
252527::056.swc,7296,7295,16215.1796875,30317.390625,19786.41015625,False,549
252527::056.swc,7297,7296,16215.81640625,30324.546875,19795.1171875,False,549
252527::056.swc,7298,7297,16215.48046875,30329.421875,19799.546875,False,549
252527::056.swc,7299,7298,16215.2265625,30330.546875,19805.08203125,False,549
252527::056.swc,7300,7299,16214.68359375,30340.1328125,19805.09765625,False,549
252527::056.swc,7301,7300,16213.63671875,30346.72265625,19807.484375,False,549
252527::056.swc,7302,7301,16212.19921875,30350.81640625,19811.6640625,False,549
252527::056.swc,7303,7302,16210.72265625,30355.2421875,19813.5,False,549
252527::056.swc,7304,7303,16208.640625,30363.3671875,19813.6484375,False,549
252527::056.swc,7305,7304,16208.15234375,30369.515625,19815.71484375,False,549
252527::056.swc,7306,7305,16208.66796875,30376.2109375,19814.69921875,False,549
252527::056.swc,7307,7306,16209.48828125,30382.234375,19816.28515625,False,549
252527::056.swc,7308,7307,16210.859375,30393.32421875,19815.90234375,False,549
252527::056.swc,7309,7308,16210.31640625,30395.9140625,19811.19921875,False,549
252527::056.swc,7310,7309,16210.0234375,30401.73046875,19806.13671875,False,549
252527::056.swc,7311,7310,16210.19140625,30408.10546875,19802.6875,False,549
252527::056.swc,7312,7311,16211.9296875,30414.30859375,19800.96484375,False,549
252527::056.swc,7313,7312,16215.25390625,30418.37109375,19798.60546875,False,549
252527::056.swc,7314,7313,16219.109375,30422.8984375,19799.2890625,False,549
252527::056.swc,7315,7314,16220.58203125,30427.0703125,19801.17578125,False,549
252527::056.swc,7316,7315,16223.5,30434.65234375,19800.27734375,False,549
252527::056.swc,7317,7316,16225.703125,30437.08203125,19798.609375,False,549
252527::056.swc,7318,7317,16227.515625,30453.984375,19798.5,False,549
252527::056.swc,7319,7318,16226.75390625,30457.6171875,19799.74609375,False,549
252527::056.swc,7320,7319,16225.83203125,30460.02734375,19804.234375,False,549
252527::056.swc,7321,7320,16226.08984375,30467.46484375,19807.5,False,549
252527::056.swc,7322,7321,16227.6796875,30475.5078125,19807.5,False,549
252527::056.swc,7323,7322,16228.2265625,30480.015625,19806.0,False,549
252527::056.swc,7324,7323,16228.2265625,30480.125,19802.5,False,549
252527::056.swc,7325,7324,16229.578125,30483.01953125,19809.7421875,False,549
252527::056.swc,7326,7325,16230.625,30488.21484375,19812.390625,False,549
252527::056.swc,7327,7326,16229.04296875,30494.6640625,19813.5,False,549
252527::056.swc,7328,7327,16223.7265625,30499.328125,19811.9140625,False,549
252527::056.swc,7329,7328,16217.75,30499.6875,19809.02734375,False,549
252527::056.swc,7330,7329,16211.0859375,30500.12109375,19807.5,False,549
252527::056.swc,7331,7330,16209.32421875,30507.63671875,19807.5,False,549
252527::056.swc,7332,7331,16212.61328125,30515.04296875,19807.5,False,549
252527::056.swc,7333,7332,16213.28515625,30527.20703125,19808.609375,False,549
252527::056.swc,7334,7333,16210.91796875,30532.7890625,19810.3125,False,549
252527::056.swc,7335,7334,16206.74609375,30536.9140625,19813.6171875,False,549
252527::056.swc,7336,7335,16202.51953125,30536.68359375,19818.1796875,False,549
252527::056.swc,7337,7336,16197.86328125,30538.7734375,19820.87890625,False,549
252527::056.swc,7338,7337,16196.68359375,30540.69140625,19826.51953125,False,549
252527::056.swc,7339,7338,16196.3359375,30543.94921875,19829.5546875,False,549
252527::056.swc,7340,7339,16193.5078125,30544.73828125,19836.42578125,False,549
252527::056.swc,7341,7340,16190.75390625,30543.6640625,19840.19140625,False,549
252527::056.swc,7342,7341,16187.76953125,30544.8671875,19844.94140625,False,549
252527::056.swc,7343,7342,16187.328125,30545.56640625,19850.4609375,True,549
252527::056.swc,7344,5138,16185.9921875,30222.66015625,19542.0859375,False,549
252527::056.swc,7345,7344,16181.94140625,30220.6484375,19556.7734375,False,549
252527::056.swc,7346,7345,16179.97265625,30220.125,19571.375,False,549
252527::056.swc,7347,7346,16180.16796875,30221.375,19583.34765625,False,549
252527::056.swc,7348,7347,16182.32421875,30224.34765625,19592.66015625,False,549
252527::056.swc,7349,7348,16182.85546875,30228.9765625,19600.62890625,False,549
252527::056.swc,7350,7349,16180.91796875,30233.66796875,19605.23046875,False,549
252527::056.swc,7351,7350,16179.68359375,30235.41796875,19610.41015625,False,549
252527::056.swc,7352,7351,16177.796875,30240.46484375,19616.87109375,False,549
252527::056.swc,7353,7352,16177.91015625,30246.234375,19621.53125,False,549
252527::056.swc,7354,7353,16177.3125,30250.99609375,19628.35546875,False,549
252527::056.swc,7355,7354,16176.11328125,30255.16015625,19631.9765625,False,549
252527::056.swc,7356,7355,16175.21484375,30257.48046875,19637.13671875,False,549
252527::056.swc,7357,7356,16174.92578125,30262.1015625,19639.5,False,549
252527::056.swc,7358,7357,16174.421875,30264.08984375,19647.3671875,False,549
252527::056.swc,7359,7358,16175.421875,30268.12109375,19650.69140625,False,549
252527::056.swc,7360,7359,16178.29296875,30273.0625,19658.671875,False,549
252527::056.swc,7361,7360,16181.33203125,30277.4296875,19663.6796875,False,549
252527::056.swc,7362,7361,16183.4375,30282.80078125,19670.58984375,False,549
252527::056.swc,7363,7362,16184.82421875,30285.92578125,19676.40625,False,549
252527::056.swc,7364,7363,16185.17578125,30288.25,19683.5,False,549
252527::056.swc,7365,7364,16187.859375,30290.62109375,19686.875,False,549
252527::056.swc,7366,7365,16191.640625,30291.8203125,19693.140625,False,549
252527::056.swc,7367,7366,16197.57421875,30295.61328125,19698.8984375,False,549
252527::056.swc,7368,7367,16201.38671875,30298.6328125,19701.203125,False,549
252527::056.swc,7369,7368,16204.51171875,30304.54296875,19712.04296875,False,549
252527::056.swc,7370,7369,16205.78515625,30310.30078125,19723.546875,False,549
252527::056.swc,7371,7370,16206.8671875,30316.296875,19729.15234375,False,549
252527::056.swc,7372,7371,16208.8203125,30319.3671875,19735.7421875,False,549
252527::056.swc,7373,7372,16211.75,30323.140625,19737.39453125,False,549
252527::056.swc,7374,7373,16213.48046875,30327.57421875,19744.00390625,False,549
252527::056.swc,7375,7374,16215.9921875,30334.1328125,19747.6640625,False,549
252527::056.swc,7376,7375,16217.55078125,30339.01953125,19753.79296875,False,549
252527::056.swc,7377,7376,16220.2578125,30341.82421875,19758.91015625,False,549
252527::056.swc,7378,7377,16226.7265625,30344.515625,19760.296875,False,549
252527::056.swc,7379,7378,16232.265625,30345.3828125,19762.359375,False,549
252527::056.swc,7380,7379,16236.65625,30348.2265625,19762.5,False,549
252527::056.swc,7381,7380,16237.4609375,30352.3203125,19763.28125,False,549
252527::056.swc,7382,7381,16237.32421875,30355.0,19766.87890625,False,549
252527::056.swc,7383,7382,16236.6015625,30361.0390625,19773.3515625,False,549
252527::056.swc,7384,7383,16237.91796875,30367.4296875,19777.01171875,False,549
252527::056.swc,7385,7384,16239.46875,30374.50390625,19779.53515625,False,549
252527::056.swc,7386,7385,16239.0,30381.7578125,19779.47265625,False,549
252527::056.swc,7387,7386,16236.97265625,30385.78125,19776.3359375,False,549
252527::056.swc,7388,7387,16233.8828125,30391.58984375,19774.5,False,549
252527::056.swc,7389,7388,16233.953125,30400.296875,19771.94140625,False,549
252527::056.swc,7390,7389,16236.0234375,30409.42578125,19767.21875,False,549
252527::056.swc,7391,7390,16238.38671875,30415.5078125,19767.38671875,False,549
252527::056.swc,7392,7391,16240.0625,30420.64453125,19765.59375,False,549
252527::056.swc,7393,7392,16243.625,30434.51953125,19765.5,False,549
252527::056.swc,7394,7393,16247.81640625,30445.05078125,19765.21875,False,549
252527::056.swc,7395,7394,16248.375,30449.0,19763.43359375,False,549
252527::056.swc,7396,7395,16246.6640625,30453.28125,19762.5,False,549
252527::056.swc,7397,7396,16242.31640625,30457.046875,19762.5,True,549
252527::056.swc,7398,5332,16377.73828125,29986.80078125,19664.7734375,False,549
252527::056.swc,7399,7398,16377.00390625,29983.10546875,19668.5625,False,549
252527::056.swc,7400,7399,16376.15234375,29977.2734375,19669.5,False,549
252527::056.swc,7401,7400,16376.24609375,29972.58203125,19667.91796875,False,549
252527::056.swc,7402,7401,16375.02734375,29969.69921875,19664.90234375,False,549
252527::056.swc,7403,7402,16373.82421875,29964.7265625,19664.25,False,549
252527::056.swc,7404,7403,16373.82421875,29963.57421875,19666.08203125,True,549
252527::056.swc,7405,5332,16379.8515625,29988.66015625,19653.1015625,False,549
252527::056.swc,7406,7405,16380.56640625,29985.3984375,19643.31640625,False,549
252527::056.swc,7407,7406,16380.9375,29983.31640625,19640.9375,False,549
252527::056.swc,7408,7407,16381.80859375,29981.69140625,19633.4375,False,549
252527::056.swc,7409,7408,16383.2578125,29981.92578125,19625.51953125,False,549
252527::056.swc,7410,7409,16385.3046875,29983.8359375,19617.35546875,False,549
252527::056.swc,7411,7410,16386.125,29985.609375,19609.19921875,False,549
252527::056.swc,7412,7411,16388.10546875,29988.5625,19601.15625,False,549
252527::056.swc,7413,7412,16391.08984375,29991.265625,19598.13671875,False,549
252527::056.swc,7414,7413,16395.66015625,29990.60546875,19597.5,False,549
252527::056.swc,7415,7414,16398.90234375,29988.11328125,19590.80859375,False,549
252527::056.swc,7416,7415,16400.8359375,29986.9609375,19580.4375,False,549
252527::056.swc,7417,7416,16401.125,29987.05859375,19574.359375,False,549
252527::056.swc,7418,7417,16404.1171875,29986.33984375,19563.8359375,False,549
252527::056.swc,7419,7418,16405.8359375,29986.421875,19550.1796875,False,549
252527::056.swc,7420,7419,16406.96484375,29989.5546875,19541.9609375,False,549
252527::056.swc,7421,7420,16407.015625,29994.453125,19536.1484375,True,549
252527::056.swc,7422,5414,16428.55859375,30339.51953125,18787.84765625,False,549
252527::056.swc,7423,7422,16430.6171875,30345.6875,18786.8515625,False,549
252527::056.swc,7424,7423,16431.0703125,30347.078125,18783.81640625,False,549
252527::056.swc,7425,7424,16434.78515625,30353.9375,18781.5,False,549
252527::056.swc,7426,7425,16439.9453125,30365.09375,18781.5,False,549
252527::056.swc,7427,7426,16445.75,30381.23828125,18780.77734375,False,549
252527::056.swc,7428,7427,16449.046875,30386.94140625,18778.890625,False,549
252527::056.swc,7429,7428,16457.76171875,30399.6328125,18774.953125,False,549
252527::056.swc,7430,7429,16461.734375,30405.75,18770.859375,False,549
252527::056.swc,7431,7430,16463.93359375,30409.66796875,18765.37890625,False,549
252527::056.swc,7432,7431,16463.1640625,30413.39453125,18763.5,False,549
252527::056.swc,7433,7432,16463.30859375,30421.19140625,18764.75,False,549
252527::056.swc,7434,7433,16464.44921875,30425.87890625,18768.5390625,False,549
252527::056.swc,7435,7434,16467.08984375,30433.2109375,18769.5,False,549
252527::056.swc,7436,7435,16468.953125,30441.84375,18769.5,False,549
252527::056.swc,7437,7436,16470.45703125,30445.0234375,18768.16796875,False,549
252527::056.swc,7438,7437,16470.67578125,30445.0234375,18764.5,False,549
252527::056.swc,7439,7438,16475.9375,30454.59765625,18760.2421875,False,549
252527::056.swc,7440,7439,16477.17578125,30457.69140625,18754.75,False,549
252527::056.swc,7441,5414,16424.171875,30341.796875,18793.19921875,False,549
252527::056.swc,7442,7441,16424.6953125,30371.26171875,18793.5,False,549
252527::056.swc,7443,7442,16423.5,30379.21875,18793.5,False,549
252527::056.swc,7444,7443,16424.90625,30392.1953125,18793.5,False,549
252527::056.swc,7445,7444,16427.28125,30402.0,18793.5,False,549
252527::056.swc,7446,7445,16427.19140625,30405.85546875,18794.4453125,False,549
252527::056.swc,7447,7446,16427.125,30407.30859375,18797.6953125,False,549
252527::056.swc,7448,7447,16427.3984375,30417.96875,18799.5,False,549
252527::056.swc,7449,7448,16428.52734375,30430.1953125,18799.5,False,549
252527::056.swc,7450,7449,16430.20703125,30441.421875,18798.65625,False,549
252527::056.swc,7451,7450,16430.6484375,30446.87109375,18796.82421875,False,549
252527::056.swc,7452,7451,16428.43359375,30456.1328125,18796.84765625,False,549
252527::056.swc,7453,7452,16425.55859375,30461.7421875,18798.7734375,False,549
252527::056.swc,7454,7453,16423.28515625,30470.66015625,18799.49609375,False,549
252527::056.swc,7455,7454,16423.48046875,30480.984375,18799.38671875,False,549
252527::056.swc,7456,7455,16423.1796875,30489.33203125,18796.7265625,False,549
252527::056.swc,7457,7456,16422.203125,30498.42578125,18794.84765625,False,549
252527::056.swc,7458,7457,16420.66796875,30506.8046875,18795.45703125,False,549
252527::056.swc,7459,7458,16419.1015625,30516.23046875,18793.640625,False,549
252527::056.swc,7460,7459,16419.05078125,30526.546875,18790.6484375,False,549
252527::056.swc,7461,7460,16422.26171875,30537.0390625,18790.33203125,False,549
252527::056.swc,7462,7461,16423.54296875,30542.375,18788.22265625,False,549
252527::056.swc,7463,7462,16425.09375,30551.6328125,18787.5,False,549
252527::056.swc,7464,7463,16425.421875,30562.109375,18789.984375,False,549
252527::056.swc,7465,7464,16422.68359375,30566.99609375,18792.67578125,False,549
252527::056.swc,7466,7465,16418.1015625,30569.3828125,18793.5,False,549
252527::056.swc,7467,7466,16411.8359375,30575.8359375,18796.31640625,False,549
252527::056.swc,7468,7467,16408.7265625,30580.7734375,18799.0703125,False,549
252527::056.swc,7469,7468,16403.9296875,30587.86328125,18799.5,False,549
252527::056.swc,7470,7469,16400.49609375,30596.7109375,18801.453125,False,549
252527::056.swc,7471,7470,16398.62890625,30602.484375,18804.046875,False,549
252527::056.swc,7472,7471,16393.078125,30612.734375,18805.5,False,549
252527::056.swc,7473,7472,16386.34375,30621.05078125,18805.5,False,549
252527::056.swc,7474,7473,16385.44921875,30622.18359375,18808.25,False,549
252527::056.swc,7475,7474,16382.65234375,30627.44921875,18808.5,False,549
252527::056.swc,7476,7475,16377.9140625,30633.30078125,18811.41015625,False,549
252527::056.swc,7477,7476,16372.83203125,30638.203125,18819.046875,False,549
252527::056.swc,7478,7477,16368.25,30642.78515625,18824.0,False,549
252527::056.swc,7479,7478,16364.1875,30643.73046875,18826.43359375,False,549
252527::056.swc,7480,7479,16356.90234375,30645.12109375,18826.5,False,549
252527::056.swc,7481,7480,16347.55078125,30643.8984375,18828.05859375,False,549
252527::056.swc,7482,7481,16343.83984375,30642.27734375,18831.3984375,False,549
252527::056.swc,7483,7482,16338.23828125,30641.17578125,18831.00390625,False,549
252527::056.swc,7484,7483,16331.78125,30640.93359375,18827.125,False,549
252527::056.swc,7485,7484,16326.34375,30642.953125,18824.5625,False,549
252527::056.swc,7486,7485,16322.03125,30644.640625,18826.27734375,False,549
252527::056.swc,7487,7486,16315.82421875,30642.90625,18826.5,False,549
252527::056.swc,7488,7487,16313.375,30639.43359375,18824.52734375,False,549
252527::056.swc,7489,7488,16311.4921875,30637.9765625,18821.17578125,False,549
252527::056.swc,7490,7489,16304.73046875,30635.06640625,18820.5,False,549
252527::056.swc,7491,7490,16300.51171875,30632.21875,18817.77734375,False,549
252527::056.swc,7492,7491,16300.84765625,30630.05859375,18812.4140625,False,549
252527::056.swc,7493,7492,16296.765625,30628.5234375,18804.921875,False,549
252527::056.swc,7494,7493,16292.9765625,30628.984375,18799.69140625,False,549
252527::056.swc,7495,7494,16290.4453125,30630.53515625,18792.33203125,False,549
252527::056.swc,7496,7495,16287.58203125,30635.34765625,18788.9453125,False,549
252527::056.swc,7497,7496,16284.86328125,30637.81640625,18782.8984375,False,549
252527::056.swc,7498,7497,16279.55078125,30640.05078125,18781.5,False,549
252527::056.swc,7499,7498,16277.3125,30644.1015625,18781.5,False,549
252527::056.swc,7500,7499,16276.9765625,30646.90234375,18777.72265625,False,549
252527::056.swc,7501,7500,16275.3203125,30648.30859375,18772.90625,False,549
252527::056.swc,7502,7501,16269.4453125,30648.078125,18772.16796875,False,549
252527::056.swc,7503,7502,16265.92578125,30649.40625,18769.6484375,False,549
252527::056.swc,7504,7503,16261.69921875,30652.984375,18769.66796875,False,549
252527::056.swc,7505,7504,16260.07421875,30654.921875,18771.75,False,549
252527::056.swc,7506,7505,16261.5078125,30658.89453125,18770.08203125,False,549
252527::056.swc,7507,7506,16266.1171875,30662.96484375,18769.5,False,549
252527::056.swc,7508,7507,16268.44140625,30667.2109375,18769.09375,False,549
252527::056.swc,7509,7508,16267.140625,30671.171875,18767.2734375,False,549
252527::056.swc,7510,7509,16262.54296875,30674.23828125,18768.6640625,False,549
252527::056.swc,7511,7510,16258.7734375,30676.375,18765.1640625,False,549
252527::056.swc,7512,7511,16258.80859375,30678.0859375,18758.68359375,False,549
252527::056.swc,7513,7512,16259.4765625,30682.8984375,18756.95703125,False,549
252527::056.swc,7514,7513,16263.61328125,30687.78515625,18751.7890625,False,549
252527::056.swc,7515,7514,16268.92578125,30692.203125,18748.90625,False,549
252527::056.swc,7516,7515,16271.65234375,30694.40234375,18744.84375,False,549
252527::056.swc,7517,7516,16269.92578125,30698.484375,18742.5,False,549
252527::056.swc,7518,7517,16267.15234375,30705.55078125,18742.33203125,False,549
252527::056.swc,7519,7518,16268.265625,30712.35546875,18739.93359375,False,549
252527::056.swc,7520,7519,16272.78515625,30722.1328125,18738.80078125,False,549
252527::056.swc,7521,7520,16275.5390625,30727.05859375,18736.73046875,False,549
252527::056.swc,7522,7521,16277.140625,30732.47265625,18739.45703125,False,549
252527::056.swc,7523,7522,16277.5625,30736.4453125,18746.015625,False,549
252527::056.swc,7524,7523,16277.62109375,30736.23828125,18752.1953125,True,549
252527::056.swc,7525,5420,16411.83984375,30240.22265625,18841.703125,False,549
252527::056.swc,7526,7525,16416.78125,30245.3046875,18842.5546875,False,549
252527::056.swc,7527,7526,16423.703125,30251.16015625,18845.74609375,False,549
252527::056.swc,7528,7527,16435.12109375,30262.078125,18847.75,False,549
252527::056.swc,7529,7528,16440.23046875,30267.36328125,18849.56640625,False,549
252527::056.swc,7530,7529,16446.1015625,30273.70703125,18850.33203125,False,549
252527::056.swc,7531,7530,16447.21875,30275.375,18848.25,False,549
252527::056.swc,7532,7531,16453.60546875,30280.1953125,18852.37109375,False,549
252527::056.swc,7533,7532,16462.1328125,30286.66796875,18855.2578125,False,549
252527::056.swc,7534,7533,16471.85546875,30295.92578125,18858.3828125,False,549
252527::056.swc,7535,7534,16481.234375,30306.0390625,18863.59375,False,549
252527::056.swc,7536,7535,16490.36328125,30315.25,18869.80859375,False,549
252527::056.swc,7537,5420,16415.734375,30243.046875,18840.65625,False,549
252527::056.swc,7538,7537,16423.00390625,30246.55859375,18836.07421875,False,549
252527::056.swc,7539,7538,16429.3984375,30250.88671875,18834.61328125,False,549
252527::056.swc,7540,7539,16431.3125,30253.23828125,18830.08984375,False,549
252527::056.swc,7541,7540,16435.19921875,30256.69921875,18827.44921875,False,549
252527::056.swc,7542,7541,16444.6015625,30260.04296875,18819.51953125,False,549
252527::056.swc,7543,7542,16456.1171875,30263.51171875,18813.38671875,False,549
252527::056.swc,7544,7543,16464.56640625,30265.6171875,18809.93359375,False,549
252527::056.swc,7545,7544,16470.375,30269.59765625,18808.5,False,549
252527::056.swc,7546,7545,16476.19140625,30274.75390625,18808.859375,False,549
252527::056.swc,7547,7546,16478.40234375,30275.6796875,18810.6953125,False,549
252527::056.swc,7548,7547,16480.1015625,30277.83203125,18805.86328125,False,549
252527::056.swc,7549,7548,16482.47265625,30280.671875,18804.5,False,549
252527::056.swc,7550,7549,16483.0234375,30281.3359375,18801.0,False,549
252527::056.swc,7551,7550,16486.40625,30288.42578125,18799.5,False,549
252527::056.swc,7552,7551,16489.98828125,30296.88671875,18799.22265625,False,549
252527::056.swc,7553,7552,16493.484375,30304.25390625,18796.83203125,False,549
252527::056.swc,7554,7553,16499.18359375,30312.5859375,18795.53125,False,549
252527::056.swc,7555,7554,16503.3046875,30316.91015625,18792.34375,False,549
252527::056.swc,7556,7555,16507.55078125,30322.33984375,18790.5,False,549
252527::056.swc,7557,5431,16182.7265625,30330.48046875,18877.26171875,False,549
252527::056.swc,7558,7557,16169.28515625,30335.30078125,18878.13671875,False,549
252527::056.swc,7559,7558,16159.53125,30339.265625,18882.14453125,False,549
252527::056.swc,7560,7559,16151.69140625,30341.2734375,18883.5,False,549
252527::056.swc,7561,7560,16147.76953125,30344.78515625,18883.5,False,549
252527::056.swc,7562,7561,16146.05078125,30349.7421875,18883.5,False,549
252527::056.swc,7563,7562,16141.4296875,30356.23046875,18883.5,False,549
252527::056.swc,7564,7563,16135.06640625,30361.1328125,18883.5,False,549
252527::056.swc,7565,7564,16131.3125,30366.22265625,18886.34765625,False,549
252527::056.swc,7566,7565,16130.80859375,30368.2109375,18889.2421875,False,549
252527::056.swc,7567,7566,16130.73046875,30374.19921875,18889.4921875,False,549
252527::056.swc,7568,7567,16127.8515625,30381.453125,18889.5,False,549
252527::056.swc,7569,7568,16121.421875,30391.109375,18889.15625,False,549
252527::056.swc,7570,7569,16114.859375,30397.375,18888.3359375,False,549
252527::056.swc,7571,7570,16110.87890625,30402.2421875,18892.14453125,False,549
252527::056.swc,7572,7571,16107.21484375,30407.49609375,18894.140625,False,549
252527::056.swc,7573,5431,16187.73046875,30326.43359375,18876.9609375,False,549
252527::056.swc,7574,7573,16185.16015625,30323.11328125,18876.61328125,False,549
252527::056.swc,7575,7574,16184.25390625,30320.92578125,18872.08984375,False,549
252527::056.swc,7576,7575,16181.83984375,30318.75390625,18872.38671875,False,549
252527::056.swc,7577,7576,16180.7734375,30318.1640625,18876.0,False,549
252527::056.swc,7578,7577,16177.5546875,30316.1796875,18877.23046875,False,549
252527::056.swc,7579,7578,16173.40234375,30313.95703125,18875.5234375,False,549
252527::056.swc,7580,7579,16169.51171875,30312.375,18876.77734375,False,549
252527::056.swc,7581,7580,16163.390625,30312.30859375,18876.56640625,False,549
252527::056.swc,7582,7581,16156.1953125,30312.046875,18872.078125,False,549
252527::056.swc,7583,7582,16146.0703125,30311.1875,18869.5078125,False,549
252527::056.swc,7584,7583,16141.80859375,30310.8203125,18870.75,False,549
252527::056.swc,7585,7584,16134.97265625,30305.13671875,18866.43359375,False,549
252527::056.swc,7586,7585,16128.48046875,30297.7890625,18863.82421875,False,549
252527::056.swc,7587,7586,16122.28515625,30292.1953125,18862.5,False,549
252527::056.swc,7588,7587,16119.43359375,30289.37109375,18859.98828125,False,549
252527::056.swc,7589,7588,16118.60546875,30288.19140625,18851.3671875,False,549
252527::056.swc,7590,7589,16118.9921875,30289.34765625,18843.375,False,549
252527::056.swc,7591,7590,16120.734375,30290.02734375,18831.58984375,False,549
252527::056.swc,7592,7591,16123.89453125,30289.8125,18826.375,False,549
252527::056.swc,7593,7592,16126.74609375,30291.359375,18814.84375,False,549
252527::056.swc,7594,7593,16129.05078125,30293.078125,18810.53515625,False,549
252527::056.swc,7595,7594,16130.765625,30294.13671875,18800.984375,False,549
252527::056.swc,7596,7595,16132.39453125,30295.94921875,18793.96484375,False,549
252527::056.swc,7597,7596,16134.58203125,30299.34375,18782.90625,False,549
252527::056.swc,7598,7597,16138.109375,30300.25,18776.51171875,False,549
252527::056.swc,7599,7598,16142.9921875,30300.16015625,18770.953125,False,549
252527::056.swc,7600,7599,16147.0859375,30301.5,18769.5,False,549
252527::056.swc,7601,7600,16149.0,30303.19140625,18764.90625,False,549
252527::056.swc,7602,7601,16149.42578125,30305.34765625,18758.6875,False,549
252527::056.swc,7603,7602,16147.05078125,30306.07421875,18750.375,False,549
252527::056.swc,7604,7603,16144.546875,30303.8203125,18744.67578125,False,549
252527::056.swc,7605,7604,16143.73046875,30299.0859375,18737.65625,False,549
252527::056.swc,7606,7605,16143.7265625,30296.6328125,18730.79296875,False,549
252527::056.swc,7607,7606,16144.3125,30295.72265625,18721.7890625,False,549
252527::056.swc,7608,7607,16146.515625,30295.55859375,18717.33984375,False,549
252527::056.swc,7609,7608,16151.26953125,30292.9453125,18713.359375,False,549
252527::056.swc,7610,7609,16153.6015625,30291.2890625,18708.234375,False,549
252527::056.swc,7611,7610,16154.78125,30290.703125,18699.55859375,False,549
252527::056.swc,7612,7611,16157.89453125,30292.03515625,18695.171875,False,549
252527::056.swc,7613,7612,16160.2890625,30293.9140625,18688.10546875,False,549
252527::056.swc,7614,7613,16160.625,30295.72265625,18679.22265625,False,549
252527::056.swc,7615,7614,16162.46484375,30298.4296875,18673.96484375,False,549
252527::056.swc,7616,7615,16167.18359375,30298.87890625,18671.72265625,False,549
252527::056.swc,7617,7616,16166.98828125,30296.86328125,18665.19140625,False,549
252527::056.swc,7618,7617,16165.890625,30293.12109375,18662.72265625,False,549
252527::056.swc,7619,7618,16167.94140625,30291.359375,18655.375,False,549
252527::056.swc,7620,7619,16172.0859375,30288.41796875,18651.36328125,False,549
252527::056.swc,7621,7620,16176.59765625,30282.90625,18642.375,False,549
252527::056.swc,7622,7621,16178.65234375,30279.4765625,18633.95703125,False,549
252527::056.swc,7623,7622,16179.3828125,30275.60546875,18624.62109375,False,549
252527::056.swc,7624,7623,16179.453125,30273.46484375,18616.0390625,False,549
252527::056.swc,7625,7624,16182.0,30268.640625,18610.20703125,False,549
252527::056.swc,7626,7625,16183.71484375,30265.515625,18604.11328125,False,549
252527::056.swc,7627,7626,16183.765625,30256.93359375,18597.07421875,False,549
252527::056.swc,7628,7627,16183.32421875,30250.9921875,18589.49609375,False,549
252527::056.swc,7629,7628,16183.16796875,30247.48046875,18581.453125,False,549
252527::056.swc,7630,7629,16182.10546875,30244.74609375,18577.9453125,False,549
252527::056.swc,7631,7630,16180.9453125,30237.10546875,18576.53125,False,549
252527::056.swc,7632,7631,16179.8515625,30229.37890625,18572.265625,False,549
252527::056.swc,7633,7632,16179.71875,30224.5625,18566.5,False,549
252527::056.swc,7634,7633,16180.6953125,30218.1875,18565.36328125,False,549
252527::056.swc,7635,7634,16180.8125,30212.71875,18562.5546875,False,549
252527::056.swc,7636,7635,16181.7578125,30210.71875,18557.703125,False,549
252527::056.swc,7637,7636,16184.20703125,30207.546875,18554.01953125,False,549
252527::056.swc,7638,7637,16185.58984375,30205.9609375,18547.48828125,False,549
252527::056.swc,7639,7638,16185.953125,30205.76171875,18544.0,False,549
252527::056.swc,7640,7639,16188.53125,30201.53515625,18540.44140625,False,549
252527::056.swc,7641,7640,16193.7734375,30195.26171875,18537.265625,False,549
252527::056.swc,7642,7641,16200.2265625,30187.7421875,18535.0,False,549
252527::056.swc,7643,7642,16200.92578125,30186.9765625,18532.5,False,549
252527::056.swc,7644,7643,16200.0078125,30187.62890625,18538.875,False,549
252527::056.swc,7645,7644,16201.7578125,30190.52734375,18546.34375,False,549
252527::056.swc,7646,7645,16202.7265625,30194.03515625,18550.5859375,True,549
252527::056.swc,7647,5455,16134.6484375,30330.28125,18708.1015625,False,549
252527::056.swc,7648,7647,16124.08984375,30332.78125,18703.82421875,False,549
252527::056.swc,7649,7648,16120.3828125,30335.015625,18703.09765625,False,549
252527::056.swc,7650,7649,16117.91796875,30337.0,18699.2109375,False,549
252527::056.swc,7651,7650,16113.125,30337.76171875,18697.5,False,549
252527::056.swc,7652,7651,16111.16015625,30338.25390625,18693.4140625,False,549
252527::056.swc,7653,7652,16111.87890625,30339.44140625,18687.09765625,False,549
252527::056.swc,7654,7653,16109.48828125,30341.29296875,18683.2265625,False,549
252527::056.swc,7655,7654,16106.51953125,30342.6015625,18685.15234375,False,549
252527::056.swc,7656,7655,16101.328125,30344.421875,18681.203125,False,549
252527::056.swc,7657,7656,16096.08984375,30345.875,18673.421875,False,549
252527::056.swc,7658,7657,16087.96484375,30350.98046875,18670.1796875,False,549
252527::056.swc,7659,7658,16080.41015625,30354.06640625,18668.29296875,False,549
252527::056.swc,7660,7659,16073.06640625,30356.91015625,18663.703125,False,549
252527::056.swc,7661,7660,16067.66015625,30360.11328125,18661.5,False,549
252527::056.swc,7662,7661,16060.3828125,30362.26953125,18660.0546875,False,549
252527::056.swc,7663,7662,16057.44921875,30363.16015625,18656.328125,False,549
252527::056.swc,7664,5455,16157.77734375,30322.5234375,18709.13671875,False,549
252527::056.swc,7665,7664,16164.234375,30324.76953125,18701.6015625,False,549
252527::056.swc,7666,7665,16171.30078125,30327.203125,18695.921875,False,549
252527::056.swc,7667,7666,16178.69921875,30328.04296875,18690.12109375,False,549
252527::056.swc,7668,7667,16184.04296875,30332.41796875,18689.796875,False,549
252527::056.swc,7669,7668,16184.48046875,30337.80859375,18692.43359375,False,549
252527::056.swc,7670,7669,16186.875,30343.2109375,18696.98046875,False,549
252527::056.swc,7671,7670,16191.5390625,30349.32421875,18697.5,False,549
252527::056.swc,7672,7671,16196.19921875,30351.3671875,18697.72265625,False,549
252527::056.swc,7673,7672,16197.8046875,30353.6875,18699.48828125,False,549
252527::056.swc,7674,7673,16199.7265625,30358.30078125,18697.7890625,False,549
252527::056.swc,7675,7674,16203.72265625,30362.68359375,18696.8046875,False,549
252527::056.swc,7676,7675,16204.80078125,30362.734375,18692.640625,False,549
252527::056.swc,7677,7676,16205.26171875,30366.26953125,18688.5,False,549
252527::056.swc,7678,7677,16207.73828125,30373.27734375,18685.72265625,False,549
252527::056.swc,7679,7678,16209.5625,30378.5625,18681.06640625,False,549
252527::056.swc,7680,7679,16210.9296875,30381.31640625,18674.6953125,False,549
252527::056.swc,7681,7680,16213.8125,30382.08203125,18668.74609375,False,549
252527::056.swc,7682,7681,16218.72265625,30383.2265625,18663.234375,False,549
252527::056.swc,7683,7682,16225.83984375,30386.41796875,18659.04296875,False,549
252527::056.swc,7684,7683,16230.6015625,30392.16796875,18653.5,False,549
252527::056.swc,7685,7684,16232.9140625,30400.609375,18651.12890625,False,549
252527::056.swc,7686,7685,16235.85546875,30409.28125,18647.31640625,False,549
252527::056.swc,7687,7686,16237.109375,30415.7265625,18643.890625,False,549
252527::056.swc,7688,7687,16237.1953125,30421.10546875,18647.02734375,False,549
252527::056.swc,7689,7688,16236.96484375,30427.58203125,18653.19140625,False,549
252527::056.swc,7690,7689,16237.921875,30435.6875,18659.296875,False,549
252527::056.swc,7691,7690,16238.16796875,30442.9453125,18663.48046875,False,549
252527::056.swc,7692,7691,16238.91015625,30448.41796875,18664.5,False,549
252527::056.swc,7693,7692,16239.71484375,30454.44921875,18667.13671875,False,549
252527::056.swc,7694,7693,16242.66796875,30461.91796875,18667.83203125,False,549
252527::056.swc,7695,7694,16244.4765625,30465.17578125,18670.5,True,549
252527::056.swc,7696,5460,16225.6015625,30435.73046875,18601.66796875,False,549
252527::056.swc,7697,7696,16227.36328125,30441.44140625,18600.9921875,False,549
252527::056.swc,7698,7697,16226.82421875,30444.94140625,18599.046875,False,549
252527::056.swc,7699,7698,16225.7734375,30451.73828125,18598.5,False,549
252527::056.swc,7700,7699,16223.37890625,30457.01953125,18600.17578125,False,549
252527::056.swc,7701,7700,16220.26953125,30458.52734375,18603.99609375,False,549
252527::056.swc,7702,7701,16218.46484375,30462.45703125,18607.40234375,False,549
252527::056.swc,7703,7702,16219.48828125,30465.8125,18608.703125,False,549
252527::056.swc,7704,7703,16219.7734375,30467.03515625,18612.58203125,True,549
252527::056.swc,7705,5460,16227.65234375,30440.71484375,18612.0390625,False,549
252527::056.swc,7706,7705,16227.50390625,30445.83203125,18616.5234375,False,549
252527::056.swc,7707,7706,16227.359375,30450.953125,18621.0078125,False,549
252527::056.swc,7708,7707,16227.2109375,30456.0703125,18625.4921875,False,549
252527::056.swc,7709,7708,16225.6015625,30465.40625,18627.7265625,False,549
252527::056.swc,7710,7709,16224.9765625,30470.30078125,18631.16796875,False,549
252527::056.swc,7711,7710,16224.81640625,30471.90234375,18636.38671875,False,549
252527::056.swc,7712,7711,16224.03515625,30477.84765625,18638.4921875,False,549
252527::056.swc,7713,7712,16224.16015625,30484.34375,18642.921875,False,549
252527::056.swc,7714,7713,16225.94921875,30494.046875,18650.3203125,False,549
252527::056.swc,7715,7714,16227.73046875,30502.953125,18655.00390625,False,549
252527::056.swc,7716,7715,16227.89453125,30508.4375,18661.25390625,False,549
252527::056.swc,7717,7716,16225.38671875,30515.390625,18667.85546875,False,549
252527::056.swc,7718,7717,16224.0234375,30519.9140625,18673.80078125,False,549
252527::056.swc,7719,7718,16223.1328125,30521.5703125,18678.3515625,False,549
252527::056.swc,7720,7719,16223.4765625,30523.8125,18681.4375,False,549
252527::056.swc,7721,7720,16224.23828125,30530.51953125,18682.5,False,549
252527::056.swc,7722,7721,16227.2890625,30542.41015625,18682.5,False,549
252527::056.swc,7723,7722,16230.55078125,30550.703125,18683.67578125,False,549
252527::056.swc,7724,7723,16232.80078125,30555.43359375,18686.6953125,True,549
252527::056.swc,7725,5488,16105.47265625,30589.8125,18636.94921875,False,549
252527::056.swc,7726,7725,16096.80078125,30591.3984375,18638.0703125,False,549
252527::056.swc,7727,7726,16089.8359375,30594.43359375,18641.0546875,False,549
252527::056.swc,7728,7727,16086.41796875,30596.5625,18644.6484375,False,549
252527::056.swc,7729,7728,16080.98828125,30600.9453125,18648.6015625,False,549
252527::056.swc,7730,7729,16075.3046875,30604.13671875,18655.0078125,False,549
252527::056.swc,7731,7730,16068.7109375,30608.93359375,18660.46875,False,549
252527::056.swc,7732,7731,16056.1640625,30617.18359375,18667.12890625,False,549
252527::056.swc,7733,7732,16046.42578125,30621.6640625,18670.5,False,549
252527::056.swc,7734,7733,16039.828125,30624.7890625,18676.19921875,False,549
252527::056.swc,7735,7734,16033.58203125,30627.59765625,18678.8046875,False,549
252527::056.swc,7736,5488,16107.7109375,30591.875,18634.3203125,False,549
252527::056.swc,7737,7736,16105.80078125,30601.640625,18634.5,False,549
252527::056.swc,7738,7737,16108.34765625,30610.18359375,18634.5,False,549
252527::056.swc,7739,7738,16109.6875,30622.75,18634.5,False,549
252527::056.swc,7740,7739,16111.53515625,30627.49609375,18636.08984375,False,549
252527::056.swc,7741,7740,16113.0390625,30629.8515625,18639.2890625,False,549
252527::056.swc,7742,7741,16115.390625,30634.265625,18640.5,False,549
252527::056.swc,7743,7742,16116.42578125,30639.71484375,18640.5,False,549
252527::056.swc,7744,5490,16345.921875,29998.4765625,18693.83203125,False,549
252527::056.swc,7745,7744,16345.2265625,29993.3203125,18680.0,False,549
252527::056.swc,7746,7745,16342.18359375,29987.5859375,18673.15234375,False,549
252527::056.swc,7747,7746,16339.9375,29979.50390625,18663.109375,False,549
252527::056.swc,7748,7747,16338.640625,29972.328125,18651.24609375,False,549
252527::056.swc,7749,7748,16335.87109375,29965.7578125,18640.68359375,False,549
252527::056.swc,7750,7749,16332.09765625,29958.73046875,18630.2890625,False,549
252527::056.swc,7751,7750,16331.79296875,29951.79296875,18618.796875,False,549
252527::056.swc,7752,7751,16330.74609375,29943.6796875,18610.30078125,False,549
252527::056.swc,7753,7752,16330.51953125,29936.734375,18600.52734375,False,549
252527::056.swc,7754,7753,16330.92578125,29932.08984375,18592.42578125,False,549
252527::056.swc,7755,7754,16330.90625,29929.953125,18584.61328125,False,549
252527::056.swc,7756,7755,16330.60546875,29926.90234375,18583.5,False,549
252527::056.swc,7757,7756,16331.515625,29917.75,18572.05078125,False,549
252527::056.swc,7758,7757,16332.78515625,29905.01953125,18558.34765625,False,549
252527::056.swc,7759,7758,16332.875,29900.50390625,18551.4453125,False,549
252527::056.swc,7760,7759,16332.828125,29896.93359375,18545.8203125,False,549
252527::056.swc,7761,7760,16332.73828125,29890.91796875,18544.11328125,False,549
252527::056.swc,7762,7761,16332.36328125,29886.2734375,18540.70703125,False,549
252527::056.swc,7763,7762,16331.84765625,29881.3046875,18533.7734375,False,549
252527::056.swc,7764,7763,16330.26953125,29874.5703125,18528.0390625,False,549
252527::056.swc,7765,7764,16327.61328125,29868.01171875,18523.51171875,False,549
252527::056.swc,7766,7765,16326.44140625,29860.49609375,18516.73046875,False,549
252527::056.swc,7767,7766,16326.87109375,29856.02734375,18513.5,False,549
252527::056.swc,7768,7767,16327.0234375,29855.4765625,18509.5,False,549
252527::056.swc,7769,7768,16325.953125,29845.20703125,18501.140625,False,549
252527::056.swc,7770,7769,16325.7265625,29840.8515625,18493.69921875,False,549
252527::056.swc,7771,7770,16325.58984375,29839.66796875,18488.390625,False,549
252527::056.swc,7772,7771,16324.890625,29833.671875,18484.19921875,False,549
252527::056.swc,7773,7772,16324.0234375,29827.1484375,18477.203125,False,549
252527::056.swc,7774,7773,16323.80859375,29819.59765625,18467.078125,False,549
252527::056.swc,7775,7774,16324.30078125,29812.203125,18461.1875,False,549
252527::056.swc,7776,7775,16324.42578125,29806.125,18458.453125,False,549
252527::056.swc,7777,7776,16324.1015625,29801.41015625,18452.48046875,False,549
252527::056.swc,7778,7777,16323.8984375,29794.59375,18446.5625,False,549
252527::056.swc,7779,7778,16323.9921875,29789.6953125,18445.5,False,549
252527::056.swc,7780,7779,16323.19921875,29786.57421875,18442.83203125,False,549
252527::056.swc,7781,7780,16323.90234375,29785.6875,18437.171875,False,549
252527::056.swc,7782,7781,16324.421875,29781.7890625,18431.94921875,False,549
252527::056.swc,7783,7782,16324.42578125,29777.0,18427.98828125,False,549
252527::056.swc,7784,7783,16324.42578125,29772.94921875,18422.5,False,549
252527::056.swc,7785,7784,16324.36328125,29767.15234375,18419.90234375,False,549
252527::056.swc,7786,7785,16323.2578125,29760.76953125,18413.0078125,False,549
252527::056.swc,7787,7786,16322.41796875,29754.0234375,18409.6953125,False,549
252527::056.swc,7788,7787,16322.16015625,29748.74609375,18403.09375,False,549
252527::056.swc,7789,7788,16323.2265625,29745.08203125,18398.91796875,False,549
252527::056.swc,7790,7789,16328.77734375,29736.66015625,18391.09765625,False,549
252527::056.swc,7791,7790,16333.57421875,29727.98828125,18384.91015625,False,549
252527::056.swc,7792,7791,16335.71484375,29722.296875,18377.3671875,False,549
252527::056.swc,7793,7792,16340.49609375,29714.66015625,18368.8125,False,549
252527::056.swc,7794,7793,16345.32421875,29708.81640625,18362.57421875,False,549
252527::056.swc,7795,7794,16350.4765625,29707.078125,18359.5234375,False,549
252527::056.swc,7796,7795,16353.0625,29703.91015625,18354.81640625,False,549
252527::056.swc,7797,7796,16354.55859375,29698.65234375,18350.13671875,False,549
252527::056.swc,7798,7797,16354.1484375,29694.08203125,18347.8359375,False,549
252527::056.swc,7799,7798,16353.68359375,29691.7890625,18344.0546875,True,549
252527::056.swc,7800,5490,16349.3828125,29999.015625,18703.73828125,False,549
252527::056.swc,7801,7800,16353.4921875,29987.3984375,18703.5,False,549
252527::056.swc,7802,7801,16356.8203125,29965.59765625,18703.5,False,549
252527::056.swc,7803,7802,16359.08984375,29949.93359375,18703.5,False,549
252527::056.swc,7804,7803,16361.69921875,29940.6875,18703.75,False,549
252527::056.swc,7805,7804,16362.125,29938.73046875,18705.75,False,549
252527::056.swc,7806,5543,16255.26953125,30314.0234375,18895.234375,False,549
252527::056.swc,7807,7806,16253.296875,30317.98828125,18897.21484375,False,549
252527::056.swc,7808,7807,16251.92578125,30321.0546875,18896.43359375,False,549
252527::056.swc,7809,7808,16248.43359375,30323.59765625,18898.2890625,False,549
252527::056.swc,7810,7809,16246.0546875,30325.66015625,18903.81640625,False,549
252527::056.swc,7811,7810,16243.40625,30330.41015625,18907.08203125,False,549
252527::056.swc,7812,7811,16242.88671875,30334.9921875,18913.94921875,False,549
252527::056.swc,7813,7812,16240.05078125,30339.45703125,18920.578125,False,549
252527::056.swc,7814,7813,16239.15234375,30344.55078125,18930.62109375,False,549
252527::056.swc,7815,7814,16237.8515625,30346.83203125,18937.07421875,True,549
252527::056.swc,7816,5543,16260.50390625,30315.7421875,18889.62890625,False,549
252527::056.swc,7817,7816,16263.44921875,30322.5078125,18892.609375,False,549
252527::056.swc,7818,7817,16264.5390625,30328.484375,18901.8125,False,549
252527::056.swc,7819,7818,16266.203125,30335.67578125,18908.2890625,False,549
252527::056.swc,7820,7819,16266.95703125,30339.0546875,18914.57421875,False,549
252527::056.swc,7821,7820,16268.8203125,30343.484375,18916.5,False,549
252527::056.swc,7822,7821,16271.78515625,30348.4921875,18916.72265625,False,549
252527::056.swc,7823,7822,16272.2734375,30352.76171875,18919.16796875,False,549
252527::056.swc,7824,7823,16271.47265625,30360.859375,18919.83203125,False,549
252527::056.swc,7825,7824,16271.125,30363.7734375,18922.5,False,549
252527::056.swc,7826,7825,16271.78125,30364.65625,18919.83203125,False,549
252527::056.swc,7827,7826,16273.34765625,30369.19921875,18919.5,False,549
252527::056.swc,7828,7827,16274.375,30372.4140625,18921.87890625,False,549
252527::056.swc,7829,7828,16273.08203125,30375.94140625,18929.04296875,False,549
252527::056.swc,7830,7829,16270.58984375,30381.734375,18935.20703125,False,549
252527::056.swc,7831,7830,16270.5703125,30387.73046875,18941.484375,False,549
252527::056.swc,7832,7831,16271.50390625,30390.87890625,18950.1015625,False,549
252527::056.swc,7833,7832,16272.6953125,30393.6484375,18953.4375,False,549
252527::056.swc,7834,7833,16272.359375,30403.6171875,18957.10546875,False,549
252527::056.swc,7835,7834,16270.9921875,30408.140625,18960.28125,False,549
252527::056.swc,7836,7835,16269.75390625,30410.84765625,18968.15625,False,549
252527::056.swc,7837,7836,16269.01953125,30417.26953125,18973.140625,False,549
252527::056.swc,7838,7837,16268.53515625,30425.1484375,18976.75390625,False,549
252527::056.swc,7839,7838,16267.875,30429.78125,18983.0625,False,549
252527::056.swc,7840,7839,16268.1640625,30436.2890625,18987.51171875,False,549
252527::056.swc,7841,7840,16270.19140625,30442.015625,18989.38671875,False,549
252527::056.swc,7842,7841,16271.53515625,30445.58203125,18993.0625,False,549
252527::056.swc,7843,7842,16274.203125,30451.33203125,18994.5,False,549
252527::056.swc,7844,7843,16274.9375,30456.83203125,18995.4453125,False,549
252527::056.swc,7845,7844,16275.00390625,30460.7890625,18999.296875,False,549
252527::056.swc,7846,7845,16274.72265625,30466.48828125,19000.72265625,False,549
252527::056.swc,7847,7846,16274.375,30467.7734375,19003.5,False,549
252527::056.swc,7848,7847,16274.19140625,30476.9453125,19010.8828125,False,549
252527::056.swc,7849,7848,16271.98046875,30482.625,19013.93359375,False,549
252527::056.swc,7850,7849,16270.56640625,30486.5703125,19018.734375,False,549
252527::056.swc,7851,7850,16271.19140625,30490.1875,19022.16796875,False,549
252527::056.swc,7852,7851,16275.32421875,30495.3515625,19024.30078125,False,549
252527::056.swc,7853,7852,16281.20703125,30504.91015625,19024.8125,False,549
252527::056.swc,7854,7853,16284.8203125,30512.6484375,19027.12890625,False,549
252527::056.swc,7855,7854,16285.71484375,30517.3203125,19031.14453125,False,549
252527::056.swc,7856,7855,16284.28125,30520.8671875,19035.0703125,False,549
252527::056.swc,7857,7856,16283.875,30524.0,19038.85546875,False,549
252527::056.swc,7858,7857,16285.45703125,30533.98828125,19042.328125,False,549
252527::056.swc,7859,7858,16286.53125,30543.77734375,19051.296875,False,549
252527::056.swc,7860,7859,16284.91015625,30546.78515625,19057.16796875,False,549
252527::056.swc,7861,7860,16280.01953125,30545.84375,19057.5,False,549
252527::056.swc,7862,7861,16276.27734375,30544.53125,19060.33203125,False,549
252527::056.swc,7863,7862,16273.81640625,30545.55078125,19065.6953125,False,549
252527::056.swc,7864,7863,16269.734375,30546.71875,19068.4609375,False,549
252527::056.swc,7865,7864,16267.55859375,30550.0390625,19069.5,False,549
252527::056.swc,7866,7865,16267.7265625,30554.95703125,19068.66796875,False,549
252527::056.swc,7867,7866,16267.30859375,30557.19921875,19064.88671875,False,549
252527::056.swc,7868,7867,16265.25,30562.1328125,19063.5,False,549
252527::056.swc,7869,7868,16268.07421875,30571.5078125,19063.5,False,549
252527::056.swc,7870,7869,16272.20703125,30577.9609375,19063.5,False,549
252527::056.swc,7871,7870,16273.375,30585.296875,19063.0,False,549
252527::056.swc,7872,7871,16274.17578125,30587.375,19060.91796875,False,549
252527::056.swc,7873,7872,16276.51171875,30598.6953125,19063.5,False,549
252527::056.swc,7874,7873,16276.0078125,30602.78515625,19066.140625,True,549
252527::056.swc,7875,5550,16275.75390625,30014.859375,18733.41796875,False,549
252527::056.swc,7876,7875,16265.99609375,30010.47265625,18731.99609375,False,549
252527::056.swc,7877,7876,16259.88671875,30008.20703125,18729.58984375,False,549
252527::056.swc,7878,7877,16256.12890625,30007.28125,18725.33203125,False,549
252527::056.swc,7879,7878,16250.421875,30003.91015625,18724.5,False,549
252527::056.swc,7880,7879,16236.8671875,29996.8359375,18724.5,False,549
252527::056.swc,7881,7880,16225.6953125,29992.8515625,18724.5,False,549
252527::056.swc,7882,5550,16279.1953125,30013.9765625,18723.94140625,False,549
252527::056.swc,7883,7882,16279.1640625,30008.46484375,18719.203125,False,549
252527::056.swc,7884,7883,16281.19921875,30004.36328125,18716.68359375,False,549
252527::056.swc,7885,7884,16283.5078125,30003.078125,18713.1015625,False,549
252527::056.swc,7886,7885,16291.4296875,29999.37890625,18710.13671875,False,549
252527::056.swc,7887,7886,16296.73046875,29998.328125,18707.02734375,False,549
252527::056.swc,7888,7887,16307.91796875,29996.55078125,18703.28125,False,549
252527::056.swc,7889,7888,16316.09765625,29994.44140625,18697.09375,False,549
252527::056.swc,7890,7889,16321.8828125,29992.921875,18689.43359375,False,549
252527::056.swc,7891,7890,16327.0625,29993.375,18681.140625,False,549
252527::056.swc,7892,7891,16334.0078125,29993.76953125,18674.32421875,False,549
252527::056.swc,7893,7892,16338.83203125,29993.09765625,18667.0078125,False,549
252527::056.swc,7894,7893,16343.80859375,29991.76171875,18663.59375,False,549
252527::056.swc,7895,7894,16350.41015625,29989.66796875,18661.5,False,549
252527::056.swc,7896,7895,16354.25390625,29988.7265625,18658.83203125,False,549
252527::056.swc,7897,7896,16355.5078125,29988.73828125,18653.61328125,False,549
252527::056.swc,7898,7897,16358.30078125,29989.05078125,18652.5,False,549
252527::056.swc,7899,7898,16359.19140625,29989.96484375,18646.546875,False,549
252527::056.swc,7900,7899,16362.875,29989.6015625,18645.72265625,False,549
252527::056.swc,7901,7900,16367.5234375,29988.68359375,18648.23046875,False,549
252527::056.swc,7902,7901,16373.953125,29988.42578125,18646.609375,False,549
252527::056.swc,7903,7902,16381.875,29985.52734375,18643.31640625,False,549
252527::056.swc,7904,7903,16387.8203125,29983.69921875,18638.640625,False,549
252527::056.swc,7905,7904,16393.36328125,29980.10546875,18636.19921875,False,549
252527::056.swc,7906,7905,16394.2890625,29975.9765625,18632.4140625,False,549
252527::056.swc,7907,7906,16396.3515625,29968.2578125,18628.7109375,False,549
252527::056.swc,7908,7907,16398.375,29964.3046875,18622.26171875,False,549
252527::056.swc,7909,7908,16402.46484375,29959.05859375,18615.671875,False,549
252527::056.swc,7910,7909,16405.19140625,29954.69921875,18608.78515625,False,549
252527::056.swc,7911,7910,16408.046875,29953.11328125,18607.5,False,549
252527::056.swc,7912,7911,16412.15625,29949.91015625,18600.0546875,False,549
252527::056.swc,7913,7912,16415.19921875,29943.05078125,18593.8046875,False,549
252527::056.swc,7914,7913,16417.62109375,29936.12109375,18591.78515625,False,549
252527::056.swc,7915,7914,16419.81640625,29930.76953125,18588.7734375,False,549
252527::056.swc,7916,7915,16420.7265625,29927.078125,18584.33203125,False,549
252527::056.swc,7917,7916,16421.3046875,29921.47265625,18583.09765625,False,549
252527::056.swc,7918,7917,16420.85546875,29915.59375,18579.67578125,False,549
252527::056.swc,7919,7918,16421.21484375,29906.3515625,18576.51171875,False,549
252527::056.swc,7920,7919,16422.62890625,29902.51171875,18574.609375,False,549
252527::056.swc,7921,7920,16423.62890625,29899.74609375,18569.25,False,549
252527::056.swc,7922,7921,16427.12109375,29894.30859375,18569.03125,False,549
252527::056.swc,7923,7922,16432.1171875,29892.33984375,18569.9765625,False,549
252527::056.swc,7924,7923,16437.6953125,29890.5390625,18566.890625,False,549
252527::056.swc,7925,7924,16442.07421875,29886.75390625,18566.47265625,False,549
252527::056.swc,7926,7925,16444.76953125,29883.05859375,18569.8046875,False,549
252527::056.swc,7927,7926,16446.9375,29881.015625,18564.13671875,False,549
252527::056.swc,7928,7927,16451.7265625,29878.0234375,18559.8515625,False,549
252527::056.swc,7929,7928,16458.66015625,29872.43359375,18555.96484375,False,549
252527::056.swc,7930,7929,16460.34375,29870.21875,18553.859375,False,549
252527::056.swc,7931,7930,16463.046875,29865.0234375,18553.50390625,False,549
252527::056.swc,7932,7931,16466.68359375,29864.08203125,18553.5,False,549
252527::056.swc,7933,7932,16475.8828125,29868.953125,18553.5,False,549
252527::056.swc,7934,7933,16486.0703125,29872.8671875,18553.5,False,549
252527::056.swc,7935,7934,16491.765625,29876.70703125,18552.58203125,False,549
252527::056.swc,7936,7935,16492.5390625,29876.92578125,18547.8984375,False,549
252527::056.swc,7937,7936,16498.0234375,29878.86328125,18546.4140625,False,549
252527::056.swc,7938,7937,16502.9765625,29882.7890625,18550.984375,False,549
252527::056.swc,7939,7938,16505.453125,29883.421875,18555.1328125,False,549
252527::056.swc,7940,7939,16507.234375,29880.85546875,18559.5,False,549
252527::056.swc,7941,7940,16510.18359375,29873.65234375,18561.74609375,False,549
252527::056.swc,7942,7941,16512.70703125,29868.33984375,18565.90234375,False,549
252527::056.swc,7943,7942,16515.2578125,29863.60546875,18572.6875,False,549
252527::056.swc,7944,7943,16515.984375,29859.44921875,18576.28515625,False,549
252527::056.swc,7945,7944,16517.9765625,29855.93359375,18577.5,False,549
252527::056.swc,7946,7945,16521.83984375,29856.7890625,18579.515625,False,549
252527::056.swc,7947,7946,16524.453125,29859.06640625,18584.94140625,False,549
252527::056.swc,7948,7947,16524.625,29860.67578125,18591.5,False,549
252527::056.swc,7949,5578,16155.90234375,30029.32421875,18733.328125,False,549
252527::056.swc,7950,7949,16152.63671875,30028.05078125,18727.05859375,False,549
252527::056.swc,7951,7950,16147.30078125,30027.85546875,18720.796875,False,549
252527::056.swc,7952,7951,16139.9765625,30026.23828125,18718.87109375,False,549
252527::056.swc,7953,7952,16130.64453125,30022.62890625,18719.34375,False,549
252527::056.swc,7954,7953,16126.6640625,30023.35546875,18720.84375,False,549
252527::056.swc,7955,7954,16122.23828125,30023.6484375,18718.41015625,False,549
252527::056.swc,7956,7955,16119.42578125,30020.77734375,18716.08203125,False,549
252527::056.swc,7957,7956,16115.93359375,30018.95703125,18710.59765625,False,549
252527::056.swc,7958,7957,16110.61328125,30017.79296875,18709.87109375,False,549
252527::056.swc,7959,7958,16104.44140625,30017.4609375,18705.2578125,False,549
252527::056.swc,7960,7959,16096.1015625,30016.734375,18705.1328125,False,549
252527::056.swc,7961,7960,16088.94140625,30017.98828125,18706.4453125,False,549
252527::056.swc,7962,7961,16083.41796875,30020.98828125,18705.01953125,False,549
252527::056.swc,7963,7962,16081.6328125,30022.6796875,18701.31640625,False,549
252527::056.swc,7964,7963,16075.3984375,30027.26171875,18700.08203125,False,549
252527::056.swc,7965,7964,16073.55859375,30028.71875,18698.25,False,549
252527::056.swc,7966,7965,16067.61328125,30032.62109375,18697.5078125,False,549
252527::056.swc,7967,7966,16053.96484375,30035.55078125,18698.3125,False,549
252527::056.swc,7968,7967,16045.00390625,30034.9453125,18700.53515625,False,549
252527::056.swc,7969,7968,16038.421875,30035.6875,18703.27734375,False,549
252527::056.swc,7970,7969,16031.3359375,30039.67578125,18703.5,False,549
252527::056.swc,7971,7970,16025.63671875,30042.4375,18701.703125,False,549
252527::056.swc,7972,7971,16021.9140625,30039.5859375,18697.640625,False,549
252527::056.swc,7973,7972,16017.48046875,30032.1875,18693.2578125,False,549
252527::056.swc,7974,7973,16011.3828125,30025.84375,18689.10546875,False,549
252527::056.swc,7975,7974,16007.64453125,30022.1015625,18691.0859375,False,549
252527::056.swc,7976,7975,16005.95703125,30021.01171875,18696.08203125,False,549
252527::056.swc,7977,7976,16003.6015625,30019.49609375,18697.5,False,549
252527::056.swc,7978,7977,15998.375,30014.49609375,18697.5,False,549
252527::056.swc,7979,7978,15996.8515625,30010.53515625,18695.68359375,False,549
252527::056.swc,7980,7979,15995.21875,30008.44140625,18689.91015625,False,549
252527::056.swc,7981,7980,15991.9765625,30005.24609375,18688.27734375,False,549
252527::056.swc,7982,7981,15988.75,30002.74609375,18684.16796875,False,549
252527::056.swc,7983,7982,15985.4375,29999.390625,18682.5,True,549
252527::056.swc,7984,5578,16163.78125,30034.32421875,18741.64453125,False,549
252527::056.swc,7985,7984,16166.43359375,30040.0078125,18743.1328125,False,549
252527::056.swc,7986,7985,16167.59375,30046.45703125,18751.0078125,False,549
252527::056.swc,7987,7986,16165.78515625,30050.53125,18757.171875,False,549
252527::056.swc,7988,7987,16163.49609375,30055.39453125,18760.21484375,False,549
252527::056.swc,7989,7988,16163.0546875,30056.9765625,18766.27734375,False,549
252527::056.swc,7990,7989,16160.7265625,30060.21875,18769.5,False,549
252527::056.swc,7991,7990,16156.1953125,30067.31640625,18770.32421875,False,549
252527::056.swc,7992,7991,16149.16796875,30073.46875,18774.203125,False,549
252527::056.swc,7993,7992,16144.61328125,30077.765625,18779.16796875,False,549
252527::056.swc,7994,7993,16142.31640625,30080.7734375,18784.52734375,False,549
252527::056.swc,7995,7994,16140.1328125,30081.49609375,18791.2734375,False,549
252527::056.swc,7996,7995,16134.7734375,30081.15234375,18796.89453125,False,549
252527::056.swc,7997,7996,16129.91015625,30079.8125,18803.83203125,False,549
252527::056.swc,7998,7997,16126.80859375,30077.46484375,18805.5,True,549
252527::056.swc,7999,5644,16250.875,30123.6875,18679.71875,False,549
252527::056.swc,8000,7999,16249.8203125,30122.65625,18671.9765625,False,549
252527::056.swc,8001,8000,16250.16015625,30120.9140625,18662.61328125,False,549
252527::056.swc,8002,8001,16250.96484375,30117.71875,18658.921875,False,549
252527::056.swc,8003,8002,16251.86328125,30116.24609375,18653.07421875,False,549
252527::056.swc,8004,8003,16254.0078125,30111.8828125,18647.7578125,False,549
252527::056.swc,8005,8004,16255.671875,30107.3828125,18645.2265625,False,549
252527::056.swc,8006,8005,16257.5703125,30106.3828125,18639.08984375,False,549
252527::056.swc,8007,8006,16260.98046875,30108.40625,18632.0859375,False,549
252527::056.swc,8008,8007,16265.17578125,30108.16015625,18628.1484375,False,549
252527::056.swc,8009,8008,16268.9921875,30107.01953125,18620.44140625,False,549
252527::056.swc,8010,8009,16273.33984375,30104.19140625,18615.59765625,False,549
252527::056.swc,8011,8010,16274.98046875,30101.703125,18610.8359375,False,549
252527::056.swc,8012,8011,16273.5703125,30100.91796875,18605.79296875,False,549
252527::056.swc,8013,8012,16273.9921875,30100.8359375,18597.4375,False,549
252527::056.swc,8014,8013,16276.96484375,30103.34375,18595.5,True,549
252527::056.swc,8015,5644,16252.94140625,30131.796875,18674.875,False,549
252527::056.swc,8016,8015,16251.9453125,30135.6875,18670.09375,False,549
252527::056.swc,8017,8016,16251.65625,30141.4375,18667.07421875,False,549
252527::056.swc,8018,8017,16252.83203125,30144.953125,18663.06640625,False,549
252527::056.swc,8019,8018,16255.74609375,30149.88671875,18659.3359375,False,549
252527::056.swc,8020,8019,16260.41015625,30154.73828125,18651.30078125,False,549
252527::056.swc,8021,8020,16266.390625,30159.83984375,18644.5546875,False,549
252527::056.swc,8022,8021,16270.3359375,30164.40234375,18632.140625,False,549
252527::056.swc,8023,8022,16273.375,30168.7578125,18624.92578125,False,549
252527::056.swc,8024,8023,16274.48046875,30170.48828125,18617.77734375,False,549
252527::056.swc,8025,8024,16275.546875,30169.8125,18611.0546875,False,549
252527::056.swc,8026,8025,16277.55859375,30167.76953125,18608.82421875,False,549
252527::056.swc,8027,8026,16281.2578125,30167.2421875,18602.43359375,False,549
252527::056.swc,8028,8027,16283.1640625,30168.20703125,18597.6953125,False,549
252527::056.swc,8029,8028,16284.67578125,30169.109375,18588.375,False,549
252527::056.swc,8030,8029,16288.8046875,30169.58984375,18582.23828125,False,549
252527::056.swc,8031,8030,16291.71875,30172.046875,18577.0625,False,549
252527::056.swc,8032,8031,16294.03515625,30177.1171875,18566.34375,False,549
252527::056.swc,8033,8032,16297.46484375,30186.6328125,18555.71875,False,549
252527::056.swc,8034,8033,16300.1484375,30193.77734375,18543.1875,False,549
252527::056.swc,8035,8034,16300.96875,30195.3125,18535.44140625,False,549
252527::056.swc,8036,8035,16305.40234375,30195.9453125,18528.71484375,False,549
252527::056.swc,8037,8036,16311.484375,30197.5859375,18521.9296875,False,549
252527::056.swc,8038,8037,16315.7421875,30199.24609375,18509.8125,False,549
252527::056.swc,8039,8038,16319.87109375,30199.34375,18500.64453125,False,549
252527::056.swc,8040,8039,16315.66015625,30196.46875,18488.3046875,False,549
252527::056.swc,8041,8040,16314.69921875,30195.42578125,18478.4609375,False,549
252527::056.swc,8042,8041,16315.30078125,30196.01171875,18469.72265625,False,549
252527::056.swc,8043,8042,16318.03515625,30195.03515625,18465.828125,False,549
252527::056.swc,8044,8043,16322.1328125,30191.11328125,18459.12109375,False,549
252527::056.swc,8045,8044,16325.65234375,30188.72265625,18450.46875,False,549
252527::056.swc,8046,8045,16326.734375,30186.0546875,18446.35546875,False,549
252527::056.swc,8047,8046,16327.02734375,30181.90234375,18444.10546875,False,549
252527::056.swc,8048,8047,16327.18359375,30179.45703125,18437.17578125,False,549
252527::056.swc,8049,8048,16331.5234375,30177.4140625,18426.91796875,True,549
252527::056.swc,8050,5717,16461.03125,30080.796875,18674.453125,False,549
252527::056.swc,8051,8050,16468.484375,30082.3359375,18672.53125,False,549
252527::056.swc,8052,8051,16475.453125,30081.48828125,18669.55859375,False,549
252527::056.swc,8053,8052,16486.33984375,30083.0546875,18666.453125,False,549
252527::056.swc,8054,8053,16495.5234375,30086.484375,18663.1484375,False,549
252527::056.swc,8055,8054,16507.29296875,30090.03515625,18661.5,False,549
252527::056.swc,8056,8055,16518.19140625,30091.859375,18654.9375,False,549
252527::056.swc,8057,8056,16524.74609375,30092.9921875,18653.6171875,False,549
252527::056.swc,8058,8057,16527.96484375,30093.0625,18649.79296875,False,549
252527::056.swc,8059,8058,16533.53125,30094.125,18646.5,False,549
252527::056.swc,8060,8059,16539.8125,30097.1015625,18646.046875,False,549
252527::056.swc,8061,8060,16546.3515625,30098.44140625,18643.46484375,False,549
252527::056.swc,8062,8061,16552.2578125,30100.41796875,18638.32421875,False,549
252527::056.swc,8063,8062,16557.97265625,30102.21875,18635.296875,False,549
252527::056.swc,8064,8063,16564.73828125,30103.21875,18630.3671875,False,549
252527::056.swc,8065,8064,16570.08984375,30104.13671875,18623.09375,False,549
252527::056.swc,8066,8065,16576.22265625,30104.921875,18620.03515625,False,549
252527::056.swc,8067,8066,16583.01171875,30105.84765625,18618.3515625,False,549
252527::056.swc,8068,8067,16588.4765625,30107.9765625,18615.3671875,False,549
252527::056.swc,8069,8068,16591.41015625,30110.0625,18611.42578125,False,549
252527::056.swc,8070,8069,16596.94921875,30110.296875,18605.4296875,False,549
252527::056.swc,8071,8070,16605.1640625,30106.1640625,18599.765625,False,549
252527::056.swc,8072,8071,16614.421875,30104.08203125,18590.52734375,False,549
252527::056.swc,8073,8072,16618.5625,30102.578125,18583.453125,False,549
252527::056.swc,8074,8073,16622.4296875,30101.93359375,18580.5,False,549
252527::056.swc,8075,8074,16628.43359375,30100.484375,18579.71875,False,549
252527::056.swc,8076,8075,16632.21875,30099.65234375,18576.12109375,False,549
252527::056.swc,8077,8076,16641.25,30099.0234375,18572.796875,False,549
252527::056.swc,8078,8077,16647.671875,30099.9609375,18569.22265625,False,549
252527::056.swc,8079,5717,16452.45703125,30076.93359375,18679.140625,False,549
252527::056.swc,8080,8079,16454.15625,30084.078125,18679.5,False,549
252527::056.swc,8081,8080,16457.703125,30088.9921875,18679.72265625,False,549
252527::056.swc,8082,8081,16459.77734375,30095.6875,18682.27734375,False,549
252527::056.swc,8083,8082,16459.80078125,30104.64453125,18682.5,False,549
252527::056.swc,8084,8083,16458.48046875,30111.08203125,18681.47265625,False,549
252527::056.swc,8085,8084,16456.48828125,30113.70703125,18679.75,False,549
252527::056.swc,8086,8085,16454.51171875,30119.421875,18679.5,False,549
252527::056.swc,8087,8086,16454.56640625,30131.2265625,18679.83203125,False,549
252527::056.swc,8088,8087,16457.2890625,30144.69921875,18681.94921875,False,549
252527::056.swc,8089,8088,16458.0,30157.07421875,18682.5,False,549
252527::056.swc,8090,8089,16458.28125,30161.60546875,18685.3515625,False,549
252527::056.swc,8091,8090,16461.76171875,30168.703125,18685.5,False,549
252527::056.swc,8092,8091,16462.42578125,30179.69140625,18685.5,False,549
252527::056.swc,8093,8092,16458.25390625,30185.26953125,18684.66796875,False,549
252527::056.swc,8094,8093,16456.78515625,30187.5078125,18680.88671875,False,549
252527::056.swc,8095,8094,16454.56640625,30192.1015625,18678.11328125,False,549
252527::056.swc,8096,8095,16455.1171875,30195.125,18674.33203125,False,549
252527::056.swc,8097,8096,16457.57421875,30201.171875,18673.38671875,False,549
252527::056.swc,8098,8097,16459.03125,30204.234375,18670.08203125,False,549
252527::056.swc,8099,8098,16460.69921875,30205.55078125,18664.7421875,False,549
252527::056.swc,8100,8099,16464.625,30210.03515625,18658.203125,False,549
252527::056.swc,8101,8100,16469.3046875,30216.6484375,18653.75390625,False,549
252527::056.swc,8102,8101,16470.984375,30222.4140625,18651.84765625,False,549
252527::056.swc,8103,8102,16470.8125,30226.68359375,18647.171875,False,549
252527::056.swc,8104,8103,16471.92578125,30230.86328125,18644.4140625,False,549
252527::056.swc,8105,8104,16475.5546875,30234.80078125,18641.50390625,False,549
252527::056.swc,8106,8105,16481.796875,30237.94140625,18635.34765625,False,549
252527::056.swc,8107,8106,16490.4140625,30242.609375,18630.328125,False,549
252527::056.swc,8108,8107,16495.4140625,30245.6640625,18627.171875,False,549
252527::056.swc,8109,8108,16497.72265625,30245.13671875,18621.5078125,False,549
252527::056.swc,8110,8109,16501.3125,30241.8828125,18617.27734375,False,549
252527::056.swc,8111,8110,16503.8359375,30240.2265625,18612.34375,False,549
252527::056.swc,8112,8111,16509.203125,30236.078125,18610.5,False,549
252527::056.swc,8113,8112,16512.27734375,30234.42578125,18607.75,False,549
252527::056.swc,8114,8113,16514.15625,30234.07421875,18602.9765625,False,549
252527::056.swc,8115,8114,16517.28515625,30232.234375,18600.828125,False,549
252527::056.swc,8116,8115,16519.671875,30231.24609375,18594.734375,False,549
252527::056.swc,8117,8116,16522.6640625,30234.09765625,18592.5,False,549
252527::056.swc,8118,8117,16527.62109375,30238.71875,18591.75,False,549
252527::056.swc,8119,8118,16531.62109375,30241.09375,18587.640625,False,549
252527::056.swc,8120,8119,16535.73828125,30242.3828125,18582.12890625,False,549
252527::056.swc,8121,8120,16540.51171875,30242.0,18582.1171875,False,549
252527::056.swc,8122,8121,16545.3203125,30238.33203125,18579.6015625,False,549
252527::056.swc,8123,8122,16547.29296875,30234.33984375,18576.03515625,True,549
252527::056.swc,8124,5753,16454.97265625,30007.1484375,18722.73828125,False,549
252527::056.swc,8125,8124,16460.06640625,30003.40625,18720.53125,False,549
252527::056.swc,8126,8125,16465.59765625,29997.98828125,18716.046875,False,549
252527::056.swc,8127,8126,16469.76953125,29989.609375,18711.1875,False,549
252527::056.swc,8128,8127,16471.22265625,29976.984375,18708.16015625,False,549
252527::056.swc,8129,8128,16472.70703125,29969.78125,18705.87890625,False,549
252527::056.swc,8130,8129,16476.90625,29961.05859375,18701.66796875,False,549
252527::056.swc,8131,8130,16479.0234375,29957.9140625,18698.0,False,549
252527::056.swc,8132,8131,16484.3046875,29949.3671875,18697.5,False,549
252527::056.swc,8133,8132,16487.87109375,29945.546875,18697.16796875,False,549
252527::056.swc,8134,8133,16488.875,29944.55859375,18693.66796875,False,549
252527::056.swc,8135,8134,16488.9453125,29941.4296875,18688.59765625,False,549
252527::056.swc,8136,8135,16489.76953125,29935.08203125,18685.01953125,False,549
252527::056.swc,8137,8136,16491.03125,29924.1953125,18680.89453125,False,549
252527::056.swc,8138,8137,16493.4609375,29917.29296875,18677.22265625,False,549
252527::056.swc,8139,8138,16498.73046875,29907.37890625,18674.33203125,False,549
252527::056.swc,8140,8139,16503.4296875,29897.08984375,18669.015625,False,549
252527::056.swc,8141,8140,16506.42578125,29891.1171875,18663.0,False,549
252527::056.swc,8142,8141,16506.87890625,29886.30078125,18661.5,False,549
252527::056.swc,8143,8142,16510.3359375,29880.1875,18660.3515625,False,549
252527::056.swc,8144,8143,16511.74609375,29873.9921875,18657.54296875,False,549
252527::056.swc,8145,8144,16516.6640625,29867.65625,18654.46875,False,549
252527::056.swc,8146,8145,16521.984375,29859.67578125,18651.11328125,False,549
252527::056.swc,8147,8146,16528.00390625,29846.84375,18647.62890625,False,549
252527::056.swc,8148,8147,16532.99609375,29834.8671875,18641.7265625,False,549
252527::056.swc,8149,8148,16540.7109375,29817.75390625,18637.375,False,549
252527::056.swc,8150,8149,16547.890625,29797.5,18634.5,False,549
252527::056.swc,8151,8150,16549.41015625,29787.23046875,18633.37890625,False,549
252527::056.swc,8152,8151,16550.01953125,29779.5234375,18630.046875,False,549
252527::056.swc,8153,8152,16551.4140625,29768.19140625,18628.66796875,False,549
252527::056.swc,8154,8153,16551.92578125,29765.828125,18630.75,False,549
252527::056.swc,8155,8154,16554.6796875,29762.28515625,18625.86328125,False,549
252527::056.swc,8156,8155,16557.578125,29755.15625,18625.5,False,549
252527::056.swc,8157,8156,16558.96875,29750.82421875,18624.0,False,549
252527::056.swc,8158,8157,16558.984375,29747.3671875,18620.21484375,False,549
252527::056.swc,8159,8158,16558.46875,29737.3125,18617.359375,False,549
252527::056.swc,8160,8159,16559.71875,29728.0859375,18616.5,False,549
252527::056.swc,8161,8160,16563.6875,29714.6484375,18612.45703125,False,549
252527::056.swc,8162,8161,16570.15625,29692.4375,18608.7109375,False,549
252527::056.swc,8163,8162,16572.265625,29686.6328125,18606.2890625,False,549
252527::056.swc,8164,8163,16573.7890625,29673.5390625,18604.5,False,549
252527::056.swc,8165,8164,16577.453125,29665.25,18604.5,False,549
252527::056.swc,8166,8165,16582.09765625,29659.73046875,18604.16796875,False,549
252527::056.swc,8167,8166,16584.62890625,29656.17578125,18601.72265625,False,549
252527::056.swc,8168,8167,16588.703125,29648.828125,18601.5,False,549
252527::056.swc,8169,8168,16594.26171875,29639.21484375,18598.49609375,False,549
252527::056.swc,8170,8169,16598.6796875,29631.9296875,18595.00390625,False,549
252527::056.swc,8171,8170,16603.0,29627.80859375,18591.296875,False,549
252527::056.swc,8172,8171,16610.0390625,29616.2578125,18588.94140625,False,549
252527::056.swc,8173,8172,16613.94921875,29609.2734375,18583.43359375,False,549
252527::056.swc,8174,8173,16618.9609375,29602.44140625,18579.5390625,False,549
252527::056.swc,8175,8174,16626.15625,29591.734375,18577.1640625,False,549
252527::056.swc,8176,8175,16630.30078125,29583.88671875,18574.97265625,False,549
252527::056.swc,8177,8176,16633.78125,29577.58203125,18569.5,False,549
252527::056.swc,8178,8177,16636.19921875,29572.546875,18568.72265625,False,549
252527::056.swc,8179,8178,16638.515625,29568.59765625,18571.16796875,False,549
252527::056.swc,8180,8179,16642.08203125,29563.58203125,18570.26953125,False,549
252527::056.swc,8181,8180,16645.21484375,29558.78515625,18566.25390625,False,549
252527::056.swc,8182,8181,16649.53515625,29552.05859375,18566.27734375,False,549
252527::056.swc,8183,8182,16652.765625,29544.63671875,18563.14453125,False,549
252527::056.swc,8184,8183,16654.28515625,29537.578125,18562.3515625,False,549
252527::056.swc,8185,8184,16655.4609375,29536.11328125,18559.83203125,False,549
252527::056.swc,8186,8185,16660.41796875,29535.9765625,18559.5,False,549
252527::056.swc,8187,8186,16664.49609375,29533.3046875,18558.859375,False,549
252527::056.swc,8188,8187,16665.453125,29532.44921875,18555.47265625,False,549
252527::056.swc,8189,8188,16667.125,29526.93359375,18553.53515625,False,549
252527::056.swc,8190,8189,16666.2890625,29519.94140625,18552.34375,False,549
252527::056.swc,8191,8190,16665.4296875,29516.59375,18546.4140625,False,549
252527::056.swc,8192,8191,16665.23046875,29507.28125,18540.91015625,False,549
252527::056.swc,8193,8192,16666.109375,29501.203125,18537.1484375,False,549
252527::056.swc,8194,8193,16666.85546875,29492.26171875,18535.19140625,False,549
252527::056.swc,8195,8194,16666.9765625,29488.01171875,18532.66796875,False,549
252527::056.swc,8196,8195,16666.9765625,29486.92578125,18527.5,False,549
252527::056.swc,8197,8196,16666.87109375,29476.2265625,18526.9296875,False,549
252527::056.swc,8198,8197,16666.88671875,29466.0,18521.64453125,False,549
252527::056.swc,8199,8198,16663.86328125,29455.41015625,18518.08984375,False,549
252527::056.swc,8200,8199,16664.0,29446.11328125,18516.30078125,False,549
252527::056.swc,8201,8200,16665.3671875,29437.5,18519.17578125,False,549
252527::056.swc,8202,8201,16661.59375,29426.21875,18520.40234375,False,549
252527::056.swc,8203,8202,16661.10546875,29418.484375,18517.6484375,False,549
252527::056.swc,8204,8203,16667.38671875,29410.87109375,18517.61328125,False,549
252527::056.swc,8205,8204,16671.46875,29404.80078125,18519.52734375,False,549
252527::056.swc,8206,8205,16671.5234375,29397.95703125,18522.0,False,549
252527::056.swc,8207,8206,16672.296875,29393.5859375,18525.9453125,False,549
252527::056.swc,8208,8207,16674.98828125,29387.9453125,18524.125,False,549
252527::056.swc,8209,8208,16676.7109375,29383.71875,18519.05859375,False,549
252527::056.swc,8210,8209,16678.6796875,29374.09375,18516.48046875,False,549
252527::056.swc,8211,8210,16677.26171875,29365.39453125,18512.98046875,False,549
252527::056.swc,8212,8211,16676.07421875,29361.0625,18514.76953125,False,549
252527::056.swc,8213,8212,16677.15234375,29350.3046875,18517.5,False,549
252527::056.swc,8214,8213,16678.24609375,29337.90625,18517.5,False,549
252527::056.swc,8217,5753,16458.80078125,30018.9921875,18721.73828125,False,549
252527::056.swc,8218,8217,16463.609375,30024.7421875,18716.4453125,False,549
252527::056.swc,8219,8218,16466.5546875,30028.9765625,18715.19921875,False,549
252527::056.swc,8220,8219,16471.69140625,30036.28515625,18710.09765625,False,549
252527::056.swc,8221,8220,16478.375,30043.8125,18707.26953125,False,549
252527::056.swc,8222,8221,16482.25390625,30050.5390625,18708.0390625,False,549
252527::056.swc,8223,8222,16483.15234375,30051.87109375,18711.70703125,False,549
252527::056.swc,8224,8223,16484.80078125,30050.34375,18714.44921875,False,549
252527::056.swc,8225,8224,16486.28515625,30050.0390625,18709.33984375,False,549
252527::056.swc,8226,8225,16489.37109375,30051.79296875,18705.58984375,False,549
252527::056.swc,8227,8226,16497.99609375,30061.74609375,18703.5,False,549
252527::056.swc,8228,8227,16508.86328125,30073.1484375,18703.5,False,549
252527::056.swc,8229,8228,16516.19921875,30080.43359375,18701.71875,False,549
252527::056.swc,8230,8229,16523.12109375,30086.39453125,18705.24609375,False,549
252527::056.swc,8231,8230,16529.53515625,30094.19140625,18706.96484375,False,549
252527::056.swc,8232,8231,16534.41015625,30101.01171875,18709.22265625,False,549
252527::056.swc,8233,8232,16539.38671875,30109.01953125,18710.0625,False,549
252527::056.swc,8234,8233,16542.6015625,30114.48828125,18712.17578125,False,549
252527::056.swc,8235,8234,16548.87890625,30120.9140625,18712.5,False,549
252527::056.swc,8236,8235,16552.3984375,30124.01953125,18715.97265625,False,549
252527::056.swc,8237,8236,16554.6796875,30124.98046875,18720.79296875,False,549
252527::056.swc,8238,8237,16560.53125,30127.08984375,18723.765625,False,549
252527::056.swc,8239,8238,16566.85546875,30129.3125,18728.859375,False,549
252527::056.swc,8240,8239,16570.62890625,30131.2890625,18734.57421875,False,549
252527::056.swc,8241,8240,16574.94140625,30134.35546875,18736.5,False,549
252527::056.swc,8242,8241,16576.5,30137.94140625,18736.5,False,549
252527::056.swc,8243,8242,16583.28125,30147.2578125,18743.4765625,False,549
252527::056.swc,8244,8243,16588.82421875,30152.65625,18746.5,False,549
252527::056.swc,8245,8244,16591.4296875,30154.53125,18751.14453125,False,549
252527::056.swc,8246,8245,16596.984375,30158.5390625,18754.35546875,False,549
252527::056.swc,8247,8246,16602.28515625,30162.22265625,18755.60546875,False,549
252527::056.swc,8248,8247,16604.76171875,30164.4375,18759.12109375,False,549
252527::056.swc,8249,8248,16609.7890625,30166.875,18762.76171875,False,549
252527::056.swc,8250,8249,16616.01171875,30171.00390625,18769.93359375,False,549
252527::056.swc,8251,8250,16624.79296875,30175.67578125,18776.2890625,False,549
252527::056.swc,8252,8251,16629.62890625,30180.671875,18778.5,False,549
252527::056.swc,8253,8252,16633.59375,30189.1171875,18778.5,False,549
252527::056.swc,8254,8253,16635.58203125,30192.00390625,18776.97265625,False,549
252527::056.swc,8255,8254,16640.04296875,30192.6171875,18774.8671875,False,549
252527::056.swc,8256,8255,16646.51171875,30196.19921875,18776.3984375,False,549
252527::056.swc,8257,8256,16652.64453125,30200.4921875,18780.515625,False,549
252527::056.swc,8258,8257,16658.7109375,30205.61328125,18778.97265625,False,549
252527::056.swc,8259,8258,16668.59375,30214.85546875,18778.5,False,549
252527::056.swc,8260,8259,16675.9375,30218.77734375,18780.60546875,False,549
252527::056.swc,8261,8260,16681.10546875,30217.91796875,18783.67578125,False,549
252527::056.swc,8262,8261,16686.0859375,30217.5625,18782.67578125,False,549
252527::056.swc,8263,8262,16688.671875,30218.140625,18784.984375,False,549
252527::056.swc,8264,8263,16692.2578125,30220.01953125,18788.5078125,False,549
252527::056.swc,8265,8264,16695.40625,30222.140625,18794.69140625,False,549
252527::056.swc,8266,8265,16696.16015625,30223.5625,18804.31640625,False,549
252527::056.swc,8267,8266,16695.46484375,30225.47265625,18811.96875,False,549
252527::056.swc,8268,8267,16694.3671875,30231.11328125,18823.70703125,False,549
252527::056.swc,8269,8268,16693.80078125,30235.63671875,18828.63671875,False,549
252527::056.swc,8270,8269,16692.58203125,30243.375,18829.5,False,549
252527::056.swc,8271,8270,16694.74609375,30247.39453125,18831.6171875,False,549
252527::056.swc,8272,8271,16695.75,30252.0234375,18842.0234375,False,549
252527::056.swc,8273,8272,16696.36328125,30260.89453125,18852.30078125,False,549
252527::056.swc,8274,8273,16698.0390625,30268.421875,18856.5,False,549
252527::056.swc,8275,8274,16701.1875,30273.609375,18856.5,False,549
252527::056.swc,8276,8275,16702.5078125,30278.83203125,18858.86328125,False,549
252527::056.swc,8277,8276,16703.62890625,30281.01953125,18863.04296875,False,549
252527::056.swc,8278,8277,16704.03125,30288.46875,18865.5,False,549
252527::056.swc,8279,8278,16703.18359375,30293.265625,18864.56640625,False,549
252527::056.swc,8280,8279,16703.79296875,30297.30859375,18860.98046875,False,549
252527::056.swc,8281,8280,16704.0234375,30303.01171875,18859.5,False,549
252527::056.swc,8282,8281,16709.125,30317.26171875,18859.5,False,549
252527::056.swc,8283,8282,16714.109375,30325.16015625,18858.5703125,False,549
252527::056.swc,8284,8283,16715.6796875,30328.3515625,18854.8515625,False,549
252527::056.swc,8285,8284,16716.85546875,30331.90234375,18855.3046875,False,549
252527::056.swc,8286,8285,16717.046875,30335.21484375,18859.24609375,False,549
252527::056.swc,8287,8286,16716.76953125,30342.18359375,18862.41796875,False,549
252527::056.swc,8288,8287,16718.51953125,30347.89453125,18867.62109375,False,549
252527::056.swc,8289,8288,16720.078125,30352.5,18868.40234375,False,549
252527::056.swc,8290,8289,16721.08203125,30357.34765625,18865.72265625,False,549
252527::056.swc,8291,8290,16720.48046875,30361.99609375,18865.953125,False,549
252527::056.swc,8292,8291,16719.6875,30367.20703125,18868.45703125,False,549
252527::056.swc,8293,8292,16720.921875,30373.171875,18871.796875,False,549
252527::056.swc,8294,8293,16719.98046875,30380.2265625,18874.796875,False,549
252527::056.swc,8295,8294,16718.44140625,30383.30859375,18877.0546875,False,549
252527::056.swc,8296,8295,16715.546875,30389.40234375,18877.5,True,549
252527::056.swc,8297,5778,16277.7890625,29907.5078125,18631.515625,False,549
252527::056.swc,8298,8297,16279.140625,29912.265625,18631.5,True,549
252527::056.swc,8299,5778,16279.9375,29901.52734375,18625.6796875,False,549
252527::056.swc,8300,8299,16281.80859375,29899.8125,18618.74609375,False,549
252527::056.swc,8301,8300,16281.9375,29898.4765625,18612.40234375,False,549
252527::056.swc,8302,8301,16284.046875,29898.3359375,18606.62890625,False,549
252527::056.swc,8303,8302,16287.48046875,29901.3203125,18599.87109375,False,549
252527::056.swc,8304,8303,16290.4296875,29901.515625,18594.73046875,False,549
252527::056.swc,8305,8304,16295.37109375,29900.58203125,18590.43359375,False,549
252527::056.swc,8306,8305,16300.421875,29898.66796875,18582.73828125,False,549
252527::056.swc,8307,8306,16303.37890625,29896.80859375,18575.4609375,False,549
252527::056.swc,8308,8307,16307.66796875,29895.59765625,18568.4296875,False,549
252527::056.swc,8309,8308,16314.79296875,29893.92578125,18564.56640625,False,549
252527::056.swc,8310,8309,16322.72265625,29895.66015625,18560.3671875,False,549
252527::056.swc,8311,8310,16327.58984375,29898.0546875,18557.93359375,False,549
252527::056.swc,8312,8311,16331.05859375,29898.23828125,18552.40625,False,549
252527::056.swc,8313,8312,16336.7890625,29896.5234375,18549.3203125,False,549
252527::056.swc,8314,8313,16340.2421875,29896.6640625,18543.71484375,False,549
252527::056.swc,8315,8314,16347.3359375,29901.66015625,18539.75,False,549
252527::056.swc,8316,8315,16353.55078125,29908.5234375,18535.65234375,False,549
252527::056.swc,8317,8316,16356.03515625,29916.8515625,18529.28515625,False,549
252527::056.swc,8318,8317,16355.55859375,29924.41015625,18525.31640625,False,549
252527::056.swc,8319,8318,16354.0390625,29936.75,18523.5,False,549
252527::056.swc,8320,8319,16354.2109375,29943.15625,18523.5,False,549
252527::056.swc,8321,8320,16353.421875,29947.2890625,18520.15234375,False,549
252527::056.swc,8322,8321,16350.65625,29950.140625,18517.71484375,False,549
252527::056.swc,8323,8322,16350.9140625,29956.83203125,18511.91796875,False,549
252527::056.swc,8324,8323,16353.16796875,29962.49609375,18509.1953125,False,549
252527::056.swc,8325,8324,16356.90234375,29965.59375,18508.5,False,549
252527::056.swc,8326,8325,16362.47265625,29965.2109375,18508.8984375,False,549
252527::056.swc,8327,8326,16368.19140625,29967.65625,18510.8203125,False,549
252527::056.swc,8328,8327,16371.77734375,29973.390625,18513.0546875,False,549
252527::056.swc,8329,8328,16373.12109375,29975.546875,18516.34375,False,549
252527::056.swc,8330,8329,16373.93359375,29976.375,18522.0,False,549
252527::056.swc,8331,8330,16375.703125,29980.80859375,18523.5,False,549
252527::056.swc,8332,8331,16378.23828125,29987.65625,18523.0,False,549
252527::056.swc,8333,8332,16379.0234375,29989.82421875,18520.91796875,True,549
252527::056.swc,8334,5821,16406.8203125,30387.51171875,18808.046875,False,549
252527::056.swc,8335,8334,16399.9765625,30390.921875,18814.859375,False,549
252527::056.swc,8336,8335,16393.20703125,30394.25,18817.734375,False,549
252527::056.swc,8337,8336,16384.7734375,30395.3984375,18820.85546875,False,549
252527::056.swc,8338,8337,16376.08984375,30397.38671875,18825.25,False,549
252527::056.swc,8339,8338,16369.203125,30399.7421875,18827.80859375,False,549
252527::056.swc,8340,8339,16362.1171875,30399.69140625,18829.5,False,549
252527::056.swc,8341,8340,16358.7890625,30399.19140625,18833.41796875,False,549
252527::056.swc,8342,8341,16357.1328125,30399.72265625,18840.015625,False,549
252527::056.swc,8343,8342,16353.79296875,30402.12890625,18841.5,False,549
252527::056.swc,8344,8343,16351.19921875,30407.6484375,18841.75,False,549
252527::056.swc,8345,8344,16348.8203125,30409.0,18843.1328125,False,549
252527::056.swc,8346,8345,16343.22265625,30411.40234375,18842.54296875,False,549
252527::056.swc,8347,8346,16336.66015625,30414.1875,18846.671875,False,549
252527::056.swc,8348,8347,16330.2734375,30418.18359375,18849.09375,True,549
252527::056.swc,8349,5821,16411.97265625,30394.921875,18806.33203125,False,549
252527::056.swc,8350,8349,16411.078125,30398.421875,18810.11328125,False,549
252527::056.swc,8351,8350,16409.640625,30409.640625,18812.94921875,False,549
252527::056.swc,8352,8351,16409.57421875,30417.32421875,18815.7265625,False,549
252527::056.swc,8353,8352,16410.0234375,30432.1328125,18817.5,False,549
252527::056.swc,8354,8353,16411.92578125,30445.52734375,18817.5,False,549
252527::056.swc,8355,8354,16413.75390625,30460.671875,18817.5,False,549
252527::056.swc,8356,8355,16415.7578125,30469.06640625,18818.21484375,False,549
252527::056.swc,8357,8356,16417.97265625,30474.3671875,18820.26171875,False,549
252527::056.swc,8358,8357,16423.13671875,30485.04296875,18820.5,False,549
252527::056.swc,8359,8358,16427.00390625,30497.640625,18819.9921875,False,549
252527::056.swc,8360,8359,16427.35546875,30502.80859375,18818.046875,False,549
252527::056.swc,8361,8360,16428.3359375,30510.66015625,18817.91796875,False,549
252527::056.swc,8362,8361,16429.4375,30513.56640625,18819.8046875,False,549
252527::056.swc,8363,8362,16433.43359375,30517.79296875,18820.5,False,549
252527::056.swc,8364,8363,16437.08984375,30524.23828125,18820.08203125,False,549
252527::056.swc,8365,8364,16438.140625,30526.6171875,18818.25,False,549
252527::056.swc,8366,8365,16441.59375,30544.171875,18817.50390625,False,549
252527::056.swc,8367,8366,16443.84765625,30557.7265625,18820.55078125,False,549
252527::056.swc,8368,8367,16444.5,30561.2734375,18823.03125,False,549
252527::056.swc,8369,8368,16446.8125,30573.0078125,18823.5,False,549
252527::056.swc,8370,8369,16450.8984375,30584.8359375,18823.92578125,False,549
252527::056.swc,8371,8370,16453.75390625,30592.8125,18826.046875,False,549
252527::056.swc,8372,8371,16457.80078125,30606.25,18826.5,False,549
252527::056.swc,8373,8372,16460.15234375,30618.64453125,18826.5,False,549
252527::056.swc,8374,5922,16419.00390625,29803.765625,18649.5234375,False,549
252527::056.swc,8375,8374,16420.91796875,29795.84765625,18648.24609375,False,549
252527::056.swc,8376,8375,16420.765625,29794.5703125,18643.22265625,False,549
252527::056.swc,8377,8376,16421.4140625,29790.5625,18637.1640625,False,549
252527::056.swc,8378,8377,16423.390625,29784.72265625,18634.3125,False,549
252527::056.swc,8379,8378,16428.02734375,29775.69921875,18629.765625,False,549
252527::056.swc,8380,8379,16431.1796875,29771.87109375,18626.31640625,False,549
252527::056.swc,8381,8380,16434.21875,29766.7265625,18624.41015625,False,549
252527::056.swc,8382,8381,16436.6796875,29759.5703125,18619.1796875,False,549
252527::056.swc,8383,8382,16438.8828125,29752.08203125,18615.34375,False,549
252527::056.swc,8384,8383,16442.57421875,29743.78125,18613.5,False,549
252527::056.swc,8385,8384,16443.03515625,29741.9375,18610.72265625,False,549
252527::056.swc,8386,8385,16446.84375,29734.3828125,18607.95703125,False,549
252527::056.swc,8387,8386,16453.37890625,29723.8984375,18600.20703125,False,549
252527::056.swc,8388,8387,16460.3125,29714.0859375,18590.8359375,False,549
252527::056.swc,8389,8388,16463.82421875,29708.46484375,18584.4609375,False,549
252527::056.swc,8390,8389,16465.5703125,29700.625,18583.5,False,549
252527::056.swc,8391,8390,16470.3984375,29693.66015625,18582.46484375,False,549
252527::056.swc,8392,8391,16473.94140625,29688.35546875,18578.7265625,False,549
252527::056.swc,8393,8392,16478.16015625,29679.921875,18576.6875,False,549
252527::056.swc,8394,8393,16481.1796875,29671.98828125,18573.16015625,False,549
252527::056.swc,8395,8394,16483.3359375,29668.6953125,18569.48046875,False,549
252527::056.swc,8396,5922,16418.39453125,29804.14453125,18649.546875,False,549
252527::056.swc,8397,8396,16421.390625,29792.98828125,18649.5,False,549
252527::056.swc,8398,8397,16422.84375,29784.84765625,18653.625,False,549
252527::056.swc,8399,8398,16419.95703125,29780.1328125,18661.66796875,False,549
252527::056.swc,8400,8399,16414.890625,29775.53515625,18669.19140625,False,549
252527::056.swc,8401,8400,16411.88671875,29771.27734375,18672.07421875,False,549
252527::056.swc,8402,8401,16410.7109375,29767.31640625,18675.69140625,False,549
252527::056.swc,8403,8402,16408.37109375,29762.6015625,18676.66796875,False,549
252527::056.swc,8404,8403,16406.41796875,29760.51953125,18679.171875,False,549
252527::056.swc,8405,8404,16405.25390625,29755.03125,18684.53125,False,549
252527::056.swc,8406,8405,16405.0,29749.7109375,18691.359375,False,549
252527::056.swc,8407,8406,16404.63671875,29748.640625,18696.29296875,False,549
252527::056.swc,8408,8407,16406.03515625,29742.6015625,18701.4296875,False,549
252527::056.swc,8409,8408,16406.0859375,29739.390625,18707.359375,False,549
252527::056.swc,8410,8409,16403.46484375,29740.15234375,18715.19921875,False,549
252527::056.swc,8411,8410,16399.3125,29742.3671875,18725.44140625,False,549
252527::056.swc,8412,8411,16396.6640625,29741.53125,18731.33984375,False,549
252527::056.swc,8413,8412,16394.796875,29738.21875,18733.83203125,False,549
252527::056.swc,8414,8413,16396.08203125,29735.02734375,18736.6015625,False,549
252527::056.swc,8415,8414,16400.046875,29734.28125,18738.51171875,False,549
252527::056.swc,8416,8415,16405.88671875,29735.94921875,18739.5,False,549
252527::056.swc,8417,8416,16411.34375,29736.15234375,18742.2578125,False,549
252527::056.swc,8418,8417,16414.078125,29732.703125,18747.35546875,False,549
252527::056.swc,8419,8418,16415.1015625,29725.90625,18752.69921875,False,549
252527::056.swc,8420,8419,16416.5625,29714.5234375,18757.94140625,False,549
252527::056.swc,8421,8420,16416.86328125,29705.890625,18766.84375,False,549
252527::056.swc,8422,8421,16420.140625,29697.1953125,18772.94140625,False,549
252527::056.swc,8423,8422,16424.35546875,29692.73828125,18774.84765625,False,549
252527::056.swc,8424,8423,16428.01953125,29687.21875,18779.3359375,False,549
252527::056.swc,8425,8424,16430.15234375,29680.5625,18781.97265625,False,549
252527::056.swc,8426,8425,16430.8203125,29675.44140625,18785.78125,False,549
252527::056.swc,8427,8426,16432.08984375,29670.5078125,18787.5,False,549
252527::056.swc,8428,8427,16432.88671875,29666.9296875,18791.52734375,False,549
252527::056.swc,8429,8428,16432.26171875,29665.8359375,18795.79296875,False,549
252527::056.swc,8430,8429,16431.6015625,29659.76171875,18798.10546875,False,549
252527::056.swc,8431,8430,16431.29296875,29652.60546875,18805.97265625,False,549
252527::056.swc,8432,8431,16430.9296875,29642.01171875,18811.5,False,549
252527::056.swc,8433,8432,16434.31640625,29632.9609375,18811.1875,False,549
252527::056.swc,8434,8433,16439.6953125,29628.36328125,18809.3203125,False,549
252527::056.swc,8435,8434,16442.609375,29626.46484375,18810.47265625,False,549
252527::056.swc,8436,8435,16445.0078125,29624.35546875,18808.59765625,False,549
252527::056.swc,8437,8436,16449.7734375,29617.546875,18807.9375,False,549
252527::056.swc,8438,8437,16452.80859375,29612.30859375,18805.97265625,False,549
252527::056.swc,8439,8438,16455.1015625,29608.8671875,18808.27734375,False,549
252527::056.swc,8440,8439,16458.6171875,29606.109375,18808.5,False,549
252527::056.swc,8441,8440,16460.07421875,29599.90234375,18808.5,False,549
252527::056.swc,8442,8441,16458.24609375,29592.9765625,18809.0,False,549
252527::056.swc,8443,8442,16457.42578125,29588.6875,18811.27734375,False,549
252527::056.swc,8444,8443,16455.20703125,29580.1015625,18811.61328125,False,549
252527::056.swc,8445,8444,16453.19140625,29576.11328125,18813.66796875,True,549
252527::056.swc,8446,5966,16532.5078125,29566.3125,18714.76171875,False,549
252527::056.swc,8447,8446,16531.28125,29559.140625,18708.38671875,False,549
252527::056.swc,8448,8447,16531.7734375,29552.390625,18702.40625,False,549
252527::056.swc,8449,8448,16533.10546875,29546.671875,18700.5,False,549
252527::056.swc,8450,8449,16534.7109375,29541.6875,18697.8515625,False,549
252527::056.swc,8451,8450,16538.953125,29535.05859375,18696.71875,False,549
252527::056.swc,8452,8451,16540.4453125,29532.4765625,18693.12109375,False,549
252527::056.swc,8453,8452,16542.10546875,29526.2421875,18691.5,False,549
252527::056.swc,8454,8453,16543.50390625,29513.95703125,18688.76171875,False,549
252527::056.swc,8455,8454,16545.30859375,29505.8359375,18684.23828125,False,549
252527::056.swc,8456,8455,16547.24609375,29501.8515625,18680.0,False,549
252527::056.swc,8457,8456,16550.83984375,29498.87109375,18680.90625,False,549
252527::056.swc,8458,8457,16553.1484375,29493.48046875,18685.2734375,False,549
252527::056.swc,8459,8458,16555.15234375,29487.515625,18687.4375,False,549
252527::056.swc,8460,8459,16557.7734375,29479.1171875,18686.2578125,False,549
252527::056.swc,8461,8460,16559.984375,29472.28125,18681.55078125,False,549
252527::056.swc,8462,8461,16561.8125,29459.390625,18679.5,False,549
252527::056.swc,8463,8462,16564.85546875,29447.82421875,18679.83203125,False,549
252527::056.swc,8464,8463,16566.2265625,29443.21484375,18682.08203125,False,549
252527::056.swc,8465,8464,16570.4765625,29433.4453125,18682.5,False,549
252527::056.swc,8466,8465,16573.58984375,29428.9375,18685.03515625,False,549
252527::056.swc,8467,8466,16573.1328125,29423.796875,18692.8671875,False,549
252527::056.swc,8468,8467,16573.16015625,29417.43359375,18700.171875,False,549
252527::056.swc,8469,8468,16572.578125,29413.47265625,18706.72265625,False,549
252527::056.swc,8470,8469,16569.484375,29409.52734375,18709.83203125,False,549
252527::056.swc,8471,8470,16564.6953125,29406.03515625,18714.015625,False,549
252527::056.swc,8472,8471,16561.765625,29403.78515625,18719.7890625,False,549
252527::056.swc,8473,8472,16558.5546875,29401.29296875,18721.5,True,549
252527::056.swc,8474,5966,16538.75390625,29564.3828125,18717.0703125,False,549
252527::056.swc,8475,8474,16538.52734375,29556.81640625,18715.5,False,549
252527::056.swc,8476,8475,16534.75,29548.22265625,18715.33203125,False,549
252527::056.swc,8477,8476,16532.8984375,29543.1484375,18713.3984375,False,549
252527::056.swc,8478,8477,16531.8046875,29536.7421875,18712.5,False,549
252527::056.swc,8479,8478,16532.65234375,29524.07421875,18712.5,False,549
252527::056.swc,8480,8479,16535.67578125,29514.91015625,18712.0,False,549
252527::056.swc,8481,8480,16536.32421875,29512.92578125,18709.5,False,549
252527::056.swc,8482,8481,16537.85546875,29497.95703125,18709.5,False,549
252527::056.swc,8483,8482,16538.3515625,29488.66015625,18707.3359375,False,549
252527::056.swc,8484,8483,16539.3984375,29482.75390625,18701.609375,False,549
252527::056.swc,8485,8484,16541.16015625,29475.609375,18698.6171875,False,549
252527::056.swc,8486,8485,16547.16796875,29464.4296875,18693.046875,False,549
252527::056.swc,8487,8486,16551.6640625,29451.77734375,18684.921875,False,549
252527::056.swc,8488,8487,16557.05078125,29436.37109375,18674.28125,False,549
252527::056.swc,8489,8488,16559.79296875,29426.5546875,18668.890625,False,549
252527::056.swc,8490,8489,16562.81640625,29416.66796875,18665.2265625,False,549
252527::056.swc,8491,8490,16566.42578125,29403.875,18663.4453125,False,549
252527::056.swc,8492,8491,16567.90234375,29398.515625,18660.92578125,False,549
252527::056.swc,8493,8492,16569.41796875,29390.99609375,18655.45703125,False,549
252527::056.swc,8494,8493,16570.703125,29388.15625,18650.390625,False,549
252527::056.swc,8495,8494,16575.33203125,29382.64453125,18648.48046875,False,549
252527::056.swc,8496,8495,16582.02734375,29374.0078125,18641.1484375,False,549
252527::056.swc,8497,8496,16586.7421875,29365.37109375,18634.9375,False,549
252527::056.swc,8498,8497,16590.86328125,29357.41015625,18633.91015625,False,549
252527::056.swc,8499,8498,16593.859375,29351.5390625,18629.01171875,False,549
252527::056.swc,8500,8499,16597.65625,29344.5,18626.53125,False,549
252527::056.swc,8501,8500,16601.48828125,29337.25,18625.5,False,549
252527::056.swc,8502,8501,16602.625,29332.94921875,18622.83203125,False,549
252527::056.swc,8503,8502,16602.82421875,29331.453125,18617.61328125,False,549
252527::056.swc,8504,8503,16604.7890625,29326.140625,18616.5,False,549
252527::056.swc,8505,8504,16607.90234375,29319.6328125,18612.359375,False,549
252527::056.swc,8506,8505,16613.8359375,29314.07421875,18609.12890625,False,549
252527::056.swc,8507,8506,16618.16015625,29311.578125,18607.59375,False,549
252527::056.swc,8508,5966,16533.72265625,29572.671875,18719.66796875,False,549
252527::056.swc,8509,8508,16539.9296875,29564.77734375,18718.828125,False,549
252527::056.swc,8510,8509,16545.4296875,29558.73828125,18720.234375,False,549
252527::056.swc,8511,8510,16547.80078125,29554.72265625,18715.01953125,False,549
252527::056.swc,8512,8511,16550.97265625,29552.83203125,18717.46484375,False,549
252527::056.swc,8513,8512,16553.36328125,29552.13671875,18724.1796875,False,549
252527::056.swc,8514,8513,16555.48828125,29549.671875,18727.0859375,False,549
252527::056.swc,8515,8514,16558.4375,29547.125,18724.5234375,False,549
252527::056.swc,8516,8515,16562.61328125,29540.55859375,18723.15234375,False,549
252527::056.swc,8517,8516,16566.3046875,29534.82421875,18726.76171875,False,549
252527::056.swc,8518,8517,16568.86328125,29531.640625,18732.56640625,False,549
252527::056.swc,8519,8518,16571.58203125,29528.7421875,18733.5,False,549
252527::056.swc,8520,8519,16580.6484375,29523.8984375,18733.1484375,False,549
252527::056.swc,8521,8520,16586.98046875,29522.18359375,18731.32421875,False,549
252527::056.swc,8522,8521,16592.41796875,29520.26171875,18733.27734375,False,549
252527::056.swc,8523,8522,16596.44140625,29515.75390625,18733.5,False,549
252527::056.swc,8524,8523,16602.02734375,29512.15625,18730.58203125,False,549
252527::056.swc,8525,8524,16606.3671875,29510.9921875,18726.27734375,False,549
252527::056.swc,8526,8525,16611.65625,29509.0,18724.5,False,549
252527::056.swc,8527,8526,16615.328125,29505.109375,18721.18359375,False,549
252527::056.swc,8528,8527,16623.7109375,29499.7109375,18717.90234375,False,549
252527::056.swc,8529,8528,16631.89453125,29493.59765625,18717.9765625,False,549
252527::056.swc,8530,8529,16639.65234375,29490.83203125,18717.96875,False,549
252527::056.swc,8531,8530,16643.58984375,29490.99609375,18716.0234375,False,549
252527::056.swc,8532,8531,16648.23046875,29488.68359375,18717.359375,False,549
252527::056.swc,8547,6044,16271.90625,29892.15625,18561.2578125,False,549
252527::056.swc,8548,8547,16275.76171875,29893.3515625,18554.875,False,549
252527::056.swc,8549,8548,16280.46484375,29895.21875,18552.42578125,False,549
252527::056.swc,8550,8549,16283.609375,29896.76171875,18547.015625,False,549
252527::056.swc,8551,8550,16285.89453125,29899.59765625,18540.16015625,False,549
252527::056.swc,8552,8551,16289.2890625,29904.80859375,18536.27734375,False,549
252527::056.swc,8553,8552,16290.69921875,29907.8671875,18531.55859375,False,549
252527::056.swc,8554,8553,16291.2734375,29909.87890625,18523.52734375,True,549
252527::056.swc,8555,6044,16265.76171875,29889.6953125,18568.65234375,False,549
252527::056.swc,8556,8555,16260.71875,29887.3671875,18569.21484375,False,549
252527::056.swc,8557,8556,16259.55078125,29885.34375,18571.140625,False,549
252527::056.swc,8558,8557,16253.91015625,29880.41015625,18569.828125,False,549
252527::056.swc,8559,8558,16248.08984375,29877.81640625,18566.859375,False,549
252527::056.swc,8560,8559,16241.82421875,29877.0625,18565.61328125,False,549
252527::056.swc,8561,8560,16239.70703125,29877.51953125,18567.41796875,False,549
252527::056.swc,8562,8561,16229.875,29877.8984375,18568.33203125,False,549
252527::056.swc,8563,8562,16225.0390625,29878.18359375,18566.48046875,False,549
252527::056.swc,8564,8563,16219.453125,29877.19140625,18566.43359375,False,549
252527::056.swc,8565,8564,16214.28515625,29874.41015625,18567.75,False,549
252527::056.swc,8566,8565,16208.6875,29873.97265625,18565.953125,False,549
252527::056.swc,8567,8566,16199.81640625,29870.859375,18565.5,False,549
252527::056.swc,8568,8567,16191.34375,29866.24609375,18564.15625,False,549
252527::056.swc,8569,8568,16187.41015625,29864.97265625,18560.6875,False,549
252527::056.swc,8570,8569,16181.640625,29859.94140625,18559.5,False,549
252527::056.swc,8571,8570,16178.3203125,29855.609375,18560.0,False,549
252527::056.swc,8572,8571,16177.5234375,29854.82421875,18562.5,False,549
252527::056.swc,8573,8572,16173.703125,29852.95703125,18559.66796875,False,549
252527::056.swc,8574,8573,16164.75,29848.79296875,18558.8515625,False,549
252527::056.swc,8575,8574,16159.703125,29844.30859375,18556.8203125,False,549
252527::056.swc,8576,8575,16156.9296875,29841.28125,18558.140625,False,549
252527::056.swc,8577,8576,16152.2578125,29840.7890625,18561.52734375,False,549
252527::056.swc,8578,8577,16147.42578125,29843.984375,18562.890625,False,549
252527::056.swc,8579,8578,16144.1171875,29849.8515625,18565.00390625,False,549
252527::056.swc,8580,8579,16139.53125,29854.546875,18571.62890625,False,549
252527::056.swc,8581,8580,16132.36328125,29855.73046875,18580.15625,False,549
252527::056.swc,8582,8581,16125.34765625,29858.08203125,18589.12890625,False,549
252527::056.swc,8583,8582,16117.45703125,29861.2109375,18589.5,False,549
252527::056.swc,8584,8583,16111.96875,29863.0078125,18592.40625,False,549
252527::056.swc,8585,8584,16108.16796875,29865.171875,18598.51953125,False,549
252527::056.swc,8586,8585,16102.5546875,29866.25390625,18601.17578125,False,549
252527::056.swc,8587,8586,16097.82421875,29860.328125,18599.32421875,False,549
252527::056.swc,8588,8587,16090.55078125,29854.4609375,18599.33203125,False,549
252527::056.swc,8589,8588,16086.7734375,29852.19140625,18602.62890625,False,549
252527::056.swc,8590,8589,16079.83203125,29850.83203125,18603.78515625,False,549
252527::056.swc,8591,8590,16072.59765625,29846.1328125,18608.24609375,False,549
252527::056.swc,8592,8591,16067.74609375,29842.44140625,18608.0,False,549
252527::056.swc,8593,8592,16065.8828125,29839.6953125,18604.02734375,False,549
252527::056.swc,8594,8593,16060.8125,29835.87109375,18601.8984375,True,549
252527::056.swc,8595,6108,16628.34765625,29712.7109375,18444.8125,False,549
252527::056.swc,8596,8595,16639.16015625,29707.56640625,18445.37890625,False,549
252527::056.swc,8597,8596,16647.91015625,29701.73828125,18445.5,False,549
252527::056.swc,8598,8597,16657.73828125,29692.8046875,18448.21875,False,549
252527::056.swc,8599,8598,16662.8046875,29688.4453125,18452.70703125,False,549
252527::056.swc,8600,8599,16664.3203125,29682.05859375,18454.5,False,549
252527::056.swc,8601,8600,16668.48828125,29671.85546875,18459.30859375,False,549
252527::056.swc,8602,8601,16672.16796875,29666.1953125,18458.19140625,False,549
252527::056.swc,8603,8602,16675.625,29666.07421875,18453.59375,False,549
252527::056.swc,8604,8603,16679.1640625,29663.703125,18449.328125,False,549
252527::056.swc,8605,8604,16686.90625,29661.31640625,18448.5,False,549
252527::056.swc,8606,8605,16694.9765625,29660.19921875,18448.22265625,False,549
252527::056.swc,8607,8606,16697.5234375,29658.8671875,18446.25,False,549
252527::056.swc,8608,8607,16703.9375,29655.609375,18443.50390625,False,549
252527::056.swc,8609,8608,16708.66796875,29653.30078125,18443.6484375,False,549
252527::056.swc,8610,8609,16712.15234375,29650.0625,18445.44921875,False,549
252527::056.swc,8611,8610,16720.8046875,29645.03125,18445.5,False,549
252527::056.swc,8612,8611,16728.39453125,29637.890625,18445.5,False,549
252527::056.swc,8613,8612,16731.21875,29635.3203125,18443.92578125,False,549
252527::056.swc,8614,8613,16731.828125,29633.81640625,18438.7578125,False,549
252527::056.swc,8615,8614,16730.78125,29631.78125,18436.5,False,549
252527::056.swc,8616,8615,16724.37109375,29627.8984375,18431.08203125,False,549
252527::056.swc,8617,8616,16722.75390625,29623.890625,18425.8828125,False,549
252527::056.swc,8618,8617,16723.80078125,29617.8671875,18420.8046875,False,549
252527::056.swc,8619,8618,16722.98046875,29607.296875,18417.7109375,False,549
252527::056.swc,8620,8619,16723.96484375,29601.671875,18415.71484375,False,549
252527::056.swc,8621,8620,16729.23828125,29590.8984375,18415.2890625,False,549
252527::056.swc,8622,8621,16733.68359375,29580.81640625,18412.3828125,False,549
252527::056.swc,8623,8622,16735.54296875,29571.2421875,18409.5,False,549
252527::056.swc,8624,8623,16735.65234375,29563.97265625,18409.5,False,549
252527::056.swc,8625,8624,16736.14453125,29558.671875,18409.5,False,549
252527::056.swc,8626,8625,16739.19140625,29555.42578125,18409.5,False,549
252527::056.swc,8627,8626,16742.53515625,29547.84765625,18409.5,False,549
252527::056.swc,8628,8627,16744.55859375,29535.890625,18409.5,False,549
252527::056.swc,8629,8628,16744.20703125,29526.87109375,18409.5,False,549
252527::056.swc,8630,8629,16744.2421875,29521.42578125,18404.9609375,False,549
252527::056.swc,8631,8630,16743.87890625,29521.375,18398.40625,False,549
252527::056.swc,8632,8631,16744.60546875,29519.53125,18394.5,False,549
252527::056.swc,8633,8632,16744.46484375,29514.08984375,18395.22265625,False,549
252527::056.swc,8634,8633,16743.83984375,29512.2734375,18397.25,False,549
252527::056.swc,8635,8634,16743.30078125,29511.39453125,18404.55859375,False,549
252527::056.swc,8636,8635,16743.8828125,29508.78125,18409.62890625,False,549
252527::056.swc,8637,8636,16743.16796875,29504.6796875,18412.23046875,False,549
252527::056.swc,8638,8637,16742.515625,29500.55859375,18410.47265625,False,549
252527::056.swc,8639,8638,16744.1171875,29494.140625,18410.19140625,False,549
252527::056.swc,8640,8639,16745.1640625,29491.828125,18408.61328125,False,549
252527::056.swc,8641,8640,16743.98046875,29490.5234375,18400.71875,False,549
252527::056.swc,8642,8641,16741.2890625,29487.43359375,18397.5,False,549
252527::056.swc,8643,8642,16738.890625,29482.67578125,18397.0,False,549
252527::056.swc,8644,8643,16738.9453125,29481.09375,18394.91796875,True,549
252527::056.swc,8645,6108,16619.74609375,29709.328125,18452.4921875,False,549
252527::056.swc,8646,8645,16622.91796875,29705.1796875,18456.8984375,False,549
252527::056.swc,8647,8646,16624.3359375,29703.76171875,18460.125,True,549
252527::056.swc,8648,6111,16352.171875,29970.44921875,18646.46484375,False,549
252527::056.swc,8649,8648,16353.4296875,29965.3046875,18641.73046875,False,549
252527::056.swc,8650,8649,16355.89453125,29956.578125,18637.59765625,False,549
252527::056.swc,8651,8650,16356.87890625,29949.3125,18629.73046875,False,549
252527::056.swc,8652,8651,16357.6875,29938.73828125,18624.328125,False,549
252527::056.swc,8653,8652,16357.765625,29931.63671875,18618.75390625,False,549
252527::056.swc,8654,8653,16357.2265625,29926.3359375,18616.5,False,549
252527::056.swc,8655,8654,16355.421875,29921.078125,18616.5,False,549
252527::056.swc,8656,8655,16347.01953125,29910.71484375,18617.4296875,False,549
252527::056.swc,8657,8656,16338.46875,29901.03515625,18616.5859375,False,549
252527::056.swc,8658,8657,16329.3359375,29893.38671875,18616.08203125,False,549
252527::056.swc,8659,8658,16325.13671875,29888.4296875,18614.1171875,False,549
252527::056.swc,8660,8659,16320.83984375,29882.671875,18614.01953125,False,549
252527::056.swc,8661,8660,16313.37109375,29877.5546875,18614.3046875,False,549
252527::056.swc,8662,8661,16310.74609375,29875.75,18616.140625,False,549
252527::056.swc,8663,8662,16299.51953125,29866.31640625,18617.609375,False,549
252527::056.swc,8664,8663,16297.953125,29862.19140625,18619.390625,False,549
252527::056.swc,8665,8664,16295.9453125,29856.5859375,18617.5,False,549
252527::056.swc,8666,8665,16293.8828125,29854.4453125,18614.57421875,False,549
252527::056.swc,8667,8666,16289.82421875,29854.57421875,18611.18359375,False,549
252527::056.swc,8668,8667,16287.65625,29855.234375,18606.2109375,False,549
252527::056.swc,8669,8668,16285.265625,29853.54296875,18604.5,False,549
252527::056.swc,8670,6111,16348.171875,29972.0703125,18644.73828125,False,549
252527::056.swc,8671,8670,16346.5234375,29974.19140625,18632.3671875,False,549
252527::056.swc,8672,8671,16346.89453125,29978.70703125,18617.375,False,549
252527::056.swc,8673,8672,16348.24609375,29981.71484375,18606.79296875,False,549
252527::056.swc,8674,8673,16347.9921875,29984.44921875,18598.12890625,False,549
252527::056.swc,8675,8674,16346.32421875,29987.46875,18588.98828125,False,549
252527::056.swc,8676,8675,16344.65234375,29988.9296875,18580.48828125,False,549
252527::056.swc,8677,8676,16344.24609375,29989.74609375,18568.640625,False,549
252527::056.swc,8678,8677,16344.1875,29991.92578125,18559.05078125,False,549
252527::056.swc,8679,8678,16343.9921875,29994.80078125,18553.62890625,False,549
252527::056.swc,8680,8679,16342.90625,29997.17578125,18542.44140625,False,549
252527::056.swc,8681,8680,16341.671875,29997.17578125,18528.87890625,False,549
252527::056.swc,8682,8681,16340.2890625,29996.984375,18516.0078125,False,549
252527::056.swc,8683,8682,16337.4921875,29996.4140625,18509.359375,False,549
252527::056.swc,8684,8683,16334.26953125,29995.984375,18497.80078125,False,549
252527::056.swc,8685,8684,16330.1484375,29996.18359375,18486.63671875,False,549
252527::056.swc,8686,8685,16326.19140625,29997.55078125,18478.25,False,549
252527::056.swc,8687,8686,16324.5546875,29998.37890625,18471.21484375,False,549
252527::056.swc,8688,8687,16319.7734375,30005.23046875,18453.68359375,False,549
252527::056.swc,8689,8688,16317.59375,30007.0546875,18441.1171875,False,549
252527::056.swc,8690,8689,16316.734375,30006.24609375,18432.9765625,False,549
252527::056.swc,8691,8690,16316.83203125,30007.14453125,18420.6328125,False,549
252527::056.swc,8692,8691,16316.625,30009.203125,18410.12109375,False,549
252527::056.swc,8693,6175,16251.4765625,30022.1171875,18633.1171875,False,549
252527::056.swc,8694,8693,16248.05078125,30020.94140625,18636.7265625,False,549
252527::056.swc,8695,8694,16241.59375,30017.015625,18636.171875,False,549
252527::056.swc,8696,8695,16237.2109375,30012.6953125,18634.62890625,True,549
252527::056.swc,8697,6175,16251.52734375,30023.33984375,18627.0234375,False,549
252527::056.swc,8698,8697,16243.00390625,30026.875,18625.57421875,False,549
252527::056.swc,8699,8698,16234.69921875,30029.4375,18620.29296875,False,549
252527::056.swc,8700,8699,16232.92578125,30029.4609375,18613.8125,False,549
252527::056.swc,8701,8700,16228.3046875,30030.38671875,18610.5,False,549
252527::056.swc,8702,8701,16223.703125,30031.7578125,18609.23046875,False,549
252527::056.swc,8703,8702,16220.875,30034.140625,18604.96484375,False,549
252527::056.swc,8704,8703,16220.73828125,30036.90234375,18599.72265625,False,549
252527::056.swc,8705,6269,16468.2734375,30075.30078125,18711.78515625,False,549
252527::056.swc,8706,8705,16468.671875,30081.5625,18707.234375,False,549
252527::056.swc,8707,8706,16467.79296875,30089.93359375,18703.5,False,549
252527::056.swc,8708,8707,16466.30859375,30101.29296875,18703.89453125,False,549
252527::056.swc,8709,8708,16462.82421875,30110.44921875,18706.75390625,False,549
252527::056.swc,8710,8709,16456.65234375,30127.640625,18710.828125,False,549
252527::056.swc,8711,8710,16455.8203125,30134.19140625,18713.75,False,549
252527::056.swc,8712,8711,16459.16015625,30149.515625,18701.45703125,False,549
252527::056.swc,8713,8712,16462.859375,30158.82421875,18696.140625,False,549
252527::056.swc,8714,8713,16464.1953125,30164.44140625,18694.91796875,False,549
252527::056.swc,8715,8714,16464.515625,30165.48828125,18696.75,False,549
252527::056.swc,8716,8715,16458.93359375,30172.0234375,18698.55859375,False,549
252527::056.swc,8717,8716,16455.5078125,30176.19921875,18701.546875,False,549
252527::056.swc,8718,8717,16452.5703125,30177.57421875,18705.44921875,False,549
252527::056.swc,8719,8718,16449.45703125,30182.5859375,18706.5,False,549
252527::056.swc,8720,8719,16445.98828125,30190.64453125,18706.5,False,549
252527::056.swc,8721,8720,16443.375,30195.96875,18708.0,False,549
252527::056.swc,8722,8721,16443.25390625,30196.9765625,18711.5,False,549
252527::056.swc,8723,8722,16441.84765625,30202.32421875,18714.45703125,False,549
252527::056.swc,8724,8723,16439.60546875,30207.0234375,18719.06640625,False,549
252527::056.swc,8725,8724,16438.7109375,30209.953125,18725.203125,False,549
252527::056.swc,8726,8725,16437.6328125,30210.78125,18730.99609375,False,549
252527::056.swc,8727,8726,16436.19921875,30209.3671875,18733.5,False,549
252527::056.swc,8728,8727,16437.734375,30210.9453125,18727.1640625,False,549
252527::056.swc,8729,8728,16438.09765625,30215.36328125,18721.58203125,False,549
252527::056.swc,8730,8729,16437.69921875,30216.921875,18722.86328125,False,549
252527::056.swc,8731,8730,16437.46484375,30226.4921875,18724.5,False,549
252527::056.swc,8732,8731,16436.87109375,30230.1953125,18726.359375,False,549
252527::056.swc,8733,8732,16434.5390625,30235.96875,18732.30859375,False,549
252527::056.swc,8734,8733,16431.36328125,30241.41796875,18736.5625,False,549
252527::056.swc,8735,8734,16427.3125,30250.01171875,18740.8984375,False,549
252527::056.swc,8736,8735,16425.8203125,30255.58203125,18743.546875,False,549
252527::056.swc,8737,8736,16423.3828125,30260.88671875,18747.73046875,False,549
252527::056.swc,8738,8737,16419.80859375,30268.640625,18751.22265625,False,549
252527::056.swc,8739,8738,16418.58984375,30274.375,18755.51171875,False,549
252527::056.swc,8740,8739,16418.3671875,30277.49609375,18759.62109375,False,549
252527::056.swc,8741,8740,16418.9921875,30285.2421875,18761.1484375,False,549
252527::056.swc,8742,8741,16418.6953125,30290.77734375,18765.37109375,False,549
252527::056.swc,8743,8742,16418.25390625,30292.59765625,18769.0,False,549
252527::056.swc,8744,8743,16418.0234375,30297.0625,18770.33203125,False,549
252527::056.swc,8745,8744,16417.5078125,30299.92578125,18774.5,False,549
252527::056.swc,8746,8745,16415.46484375,30304.69140625,18775.5,False,549
252527::056.swc,8747,8746,16415.49609375,30311.80078125,18784.92578125,False,549
252527::056.swc,8748,8747,16416.90234375,30316.5859375,18787.5,False,549
252527::056.swc,8749,8748,16416.03125,30327.21875,18787.5,False,549
252527::056.swc,8750,8749,16412.37109375,30333.57421875,18787.5,False,549
252527::056.swc,8751,8750,16407.8203125,30338.57421875,18788.0,False,549
252527::056.swc,8752,8751,16406.9765625,30339.88671875,18790.08203125,False,549
252527::056.swc,8753,8752,16406.63671875,30341.65234375,18792.64453125,False,549
252527::056.swc,8754,8753,16405.12890625,30346.68359375,18793.5,False,549
252527::056.swc,8755,8754,16403.5546875,30351.65625,18798.7734375,False,549
252527::056.swc,8756,8755,16401.18359375,30355.90625,18808.2890625,False,549
252527::056.swc,8757,8756,16396.80078125,30360.72265625,18816.21875,False,549
252527::056.swc,8758,8757,16392.4765625,30362.18359375,18827.63671875,False,549
252527::056.swc,8759,8758,16389.3828125,30366.75390625,18838.29296875,False,549
252527::056.swc,8760,8759,16387.62109375,30369.1953125,18847.8359375,False,549
252527::056.swc,8761,8760,16383.921875,30368.9140625,18861.51171875,False,549
252527::056.swc,8762,8761,16378.53125,30368.93359375,18864.74609375,False,549
252527::056.swc,8763,8762,16374.5390625,30368.7890625,18869.8203125,False,549
252527::056.swc,8764,8763,16371.375,30369.8359375,18879.60546875,False,549
252527::056.swc,8765,8764,16366.9921875,30372.26171875,18888.921875,False,549
252527::056.swc,8766,8765,16365.375,30373.5234375,18898.9453125,False,549
252527::056.swc,8767,8766,16363.11328125,30373.5703125,18904.27734375,False,549
252527::056.swc,8768,8767,16360.31640625,30375.12890625,18906.58203125,False,549
252527::056.swc,8769,8768,16359.65625,30377.25390625,18912.12109375,False,549
252527::056.swc,8770,8769,16358.30859375,30385.04296875,18915.50390625,False,549
252527::056.swc,8771,8770,16358.21484375,30392.25,18920.83203125,False,549
252527::056.swc,8772,8771,16357.69921875,30397.80859375,18927.30078125,False,549
252527::056.swc,8773,8772,16357.10546875,30398.2265625,18931.0,False,549
252527::056.swc,8774,8773,16355.20703125,30405.3359375,18940.9296875,False,549
252527::056.swc,8775,8774,16352.66796875,30413.27734375,18942.1171875,False,549
252527::056.swc,8776,8775,16351.4375,30417.43359375,18938.5859375,False,549
252527::056.swc,8777,8776,16349.84765625,30421.07421875,18940.16796875,False,549
252527::056.swc,8778,8777,16349.7734375,30421.79296875,18943.16796875,True,549
252527::056.swc,8779,6269,16468.46484375,30072.94921875,18713.35546875,False,549
252527::056.swc,8780,8779,16475.21875,30074.65234375,18711.5546875,False,549
252527::056.swc,8781,8780,16482.2890625,30076.38671875,18708.17578125,False,549
252527::056.swc,8782,8781,16487.32421875,30078.78125,18703.921875,False,549
252527::056.swc,8783,8782,16493.93359375,30081.33984375,18702.16796875,False,549
252527::056.swc,8784,8783,16498.3828125,30082.93359375,18698.78515625,False,549
252527::056.swc,8785,8784,16506.72265625,30083.98828125,18694.0234375,False,549
252527::056.swc,8786,8785,16511.54296875,30084.23828125,18688.203125,False,549
252527::056.swc,8787,8786,16517.38671875,30084.00390625,18684.53515625,False,549
252527::056.swc,8788,8787,16521.09375,30086.03515625,18678.3984375,False,549
252527::056.swc,8789,8788,16527.93359375,30090.51953125,18675.33984375,False,549
252527::056.swc,8790,8789,16539.171875,30095.93359375,18673.5,False,549
252527::056.swc,8791,8790,16554.78515625,30097.6796875,18671.7578125,False,549
252527::056.swc,8792,8791,16559.80078125,30097.68359375,18668.5,False,549
252527::056.swc,8793,8792,16562.52734375,30097.81640625,18662.2734375,False,549
252527::056.swc,8794,8793,16567.16796875,30096.734375,18656.52734375,False,549
252527::056.swc,8795,8794,16576.4375,30093.7734375,18649.421875,False,549
252527::056.swc,8796,8795,16583.19140625,30091.8125,18643.23046875,False,549
252527::056.swc,8797,8796,16589.21875,30087.73046875,18636.30859375,False,549
252527::056.swc,8798,8797,16593.546875,30086.19921875,18630.31640625,False,549
252527::056.swc,8799,8798,16598.75390625,30082.5625,18617.82421875,False,549
252527::056.swc,8800,8799,16605.875,30079.1953125,18610.859375,False,549
252527::056.swc,8801,8800,16612.20703125,30078.9140625,18604.0,False,549
252527::056.swc,8802,8801,16621.5625,30079.0859375,18600.5,False,549
252527::056.swc,8803,8802,16626.234375,30078.0859375,18594.12109375,False,549
252527::056.swc,8804,8803,16632.28515625,30074.7890625,18587.03515625,False,549
252527::056.swc,8805,6303,16592.06640625,30555.2265625,18826.51171875,False,549
252527::056.swc,8806,8805,16593.41015625,30562.765625,18826.5,False,549
252527::056.swc,8807,8806,16593.5234375,30565.8515625,18823.83203125,False,549
252527::056.swc,8808,8807,16594.03125,30566.296875,18818.72265625,False,549
252527::056.swc,8809,8808,16595.5546875,30567.9296875,18819.0546875,False,549
252527::056.swc,8810,8809,16596.12890625,30569.26953125,18824.9453125,False,549
252527::056.swc,8811,8810,16596.4765625,30573.05078125,18825.8984375,False,549
252527::056.swc,8812,8811,16597.3671875,30577.00390625,18821.85546875,False,549
252527::056.swc,8813,8812,16600.55859375,30586.765625,18817.85546875,False,549
252527::056.swc,8814,8813,16603.3671875,30594.90234375,18817.5,False,549
252527::056.swc,8815,8814,16604.81640625,30598.32421875,18812.078125,False,549
252527::056.swc,8816,8815,16607.14453125,30603.70703125,18811.796875,False,549
252527::056.swc,8817,8816,16609.1484375,30607.79296875,18813.83203125,True,549
252527::056.swc,8818,6303,16583.19140625,30555.96484375,18830.73046875,False,549
252527::056.swc,8819,8818,16582.75,30562.25390625,18832.5,False,549
252527::056.swc,8820,8819,16582.75390625,30567.3515625,18832.16796875,False,549
252527::056.swc,8821,8820,16582.52734375,30571.4609375,18829.77734375,False,549
252527::056.swc,8822,8821,16582.92578125,30574.2265625,18830.8359375,False,549
252527::056.swc,8823,8822,16583.3984375,30587.4453125,18832.5,False,549
252527::056.swc,8824,8823,16584.21484375,30594.6171875,18832.5,False,549
252527::056.swc,8825,8824,16584.6484375,30598.46484375,18834.5546875,False,549
252527::056.swc,8826,8825,16584.94921875,30598.95703125,18838.66796875,False,549
252527::056.swc,8827,8826,16584.296875,30606.2265625,18841.5,False,549
252527::056.swc,8828,8827,16584.3125,30616.1953125,18841.88671875,False,549
252527::056.swc,8829,8828,16584.86328125,30621.0546875,18844.02734375,False,549
252527::056.swc,8830,8829,16584.49609375,30629.57421875,18849.19921875,False,549
252527::056.swc,8831,8830,16581.51171875,30637.8671875,18850.83203125,False,549
252527::056.swc,8832,8831,16580.5234375,30641.0,18853.0,False,549
252527::056.swc,8833,8832,16580.1015625,30646.953125,18853.5,False,549
252527::056.swc,8834,8833,16578.12890625,30651.2421875,18853.5,False,549
252527::056.swc,8835,8834,16572.8125,30656.37890625,18854.0234375,False,549
252527::056.swc,8836,8835,16568.34765625,30660.3828125,18855.984375,False,549
252527::056.swc,8837,8836,16565.9140625,30664.00390625,18860.45703125,False,549
252527::056.swc,8838,8837,16561.5546875,30671.71875,18864.46875,False,549
252527::056.swc,8839,8838,16557.046875,30679.9765625,18865.5,False,549
252527::056.swc,8840,8839,16551.8125,30686.8515625,18865.5,False,549
252527::056.swc,8841,8840,16550.625,30689.90625,18866.9453125,False,549
252527::056.swc,8842,8841,16550.48046875,30690.8984375,18873.8359375,False,549
252527::056.swc,8843,8842,16549.2890625,30693.8125,18877.5,False,549
252527::056.swc,8844,8843,16548.7265625,30705.74609375,18878.25,False,549
252527::056.swc,8845,8844,16548.15625,30713.3984375,18880.140625,False,549
252527::056.swc,8846,8845,16546.3984375,30726.76953125,18880.5,False,549
252527::056.swc,8847,8846,16545.09375,30733.25,18880.5,False,549
252527::056.swc,8848,8847,16542.1328125,30738.671875,18882.18359375,False,549
252527::056.swc,8849,8848,16539.5703125,30739.6171875,18883.96875,False,549
252527::056.swc,8850,8849,16537.125,30740.1875,18875.9765625,False,549
252527::056.swc,8851,8850,16532.53515625,30741.87890625,18870.8671875,False,549
252527::056.swc,8852,8851,16529.37109375,30745.62890625,18865.02734375,False,549
252527::056.swc,8853,8852,16528.30078125,30749.265625,18860.71484375,False,549
252527::056.swc,8854,8853,16521.90625,30754.44921875,18851.11328125,False,549
252527::056.swc,8855,8854,16516.3125,30758.625,18845.96484375,False,549
252527::056.swc,8856,8855,16514.7421875,30760.24609375,18842.2578125,False,549
252527::056.swc,8857,8856,16512.22265625,30766.60546875,18839.2578125,False,549
252527::056.swc,8858,8857,16510.18359375,30772.96484375,18833.8671875,False,549
252527::056.swc,8859,8858,16510.16796875,30778.484375,18827.171875,False,549
252527::056.swc,8860,8859,16508.9140625,30780.51953125,18821.51953125,False,549
252527::056.swc,8861,8860,16504.90234375,30780.75,18820.5,False,549
252527::056.swc,8862,8861,16500.9609375,30776.2109375,18816.44140625,False,549
252527::056.swc,8863,8862,16498.296875,30770.5859375,18808.9296875,False,549
252527::056.swc,8864,8863,16496.90234375,30768.1875,18798.45703125,False,549
252527::056.swc,8865,8864,16493.92578125,30768.07421875,18797.19921875,False,549
252527::056.swc,8866,8865,16490.32421875,30768.38671875,18789.2421875,False,549
252527::056.swc,8867,8866,16485.796875,30769.3984375,18787.02734375,False,549
252527::056.swc,8868,8867,16479.8984375,30767.25,18787.5,False,549
252527::056.swc,8869,8868,16474.34375,30762.2578125,18786.43359375,False,549
252527::056.swc,8870,8869,16472.625,30760.92578125,18782.5,True,549
252527::056.swc,8871,6335,16456.36328125,30707.64453125,18880.30078125,True,549
252527::056.swc,8872,6335,16458.40625,30713.6015625,18877.484375,False,549
252527::056.swc,8873,8872,16452.18359375,30724.78125,18877.5,False,549
252527::056.swc,8874,8873,16448.3125,30739.03125,18877.5,False,549
252527::056.swc,8875,8874,16445.48828125,30752.38671875,18877.5,False,549
252527::056.swc,8876,8875,16441.90234375,30759.515625,18879.1328125,False,549
252527::056.swc,8877,8876,16437.98046875,30767.91015625,18884.63671875,False,549
252527::056.swc,8878,8877,16436.390625,30772.64453125,18889.16796875,False,549
252527::056.swc,8879,8878,16434.6328125,30777.61328125,18890.44921875,False,549
252527::056.swc,8880,8879,16433.00390625,30780.6796875,18893.77734375,False,549
252527::056.swc,8881,8880,16432.66796875,30781.6640625,18897.640625,False,549
252527::056.swc,8882,8881,16428.8671875,30782.890625,18898.4921875,False,549
252527::056.swc,8883,8882,16426.203125,30790.00390625,18901.77734375,False,549
252527::056.swc,8884,8883,16425.0390625,30796.5390625,18907.47265625,False,549
252527::056.swc,8885,8884,16423.1484375,30800.1328125,18913.25390625,False,549
252527::056.swc,8886,8885,16418.79296875,30803.6484375,18919.74609375,False,549
252527::056.swc,8887,8886,16417.0859375,30806.9609375,18925.9765625,False,549
252527::056.swc,8888,8887,16415.609375,30810.23828125,18928.17578125,False,549
252527::056.swc,8889,8888,16411.390625,30812.5703125,18932.11328125,False,549
252527::056.swc,8890,8889,16406.671875,30813.67578125,18944.3359375,True,549
252527::056.swc,8952,6732,16258.375,30042.69140625,19518.5703125,False,549
252527::056.swc,8953,8952,16260.9609375,30049.21484375,19533.20703125,False,549
252527::056.swc,8954,8953,16261.8515625,30051.890625,19542.8828125,False,549
252527::056.swc,8955,8954,16263.61328125,30052.78125,19551.7734375,False,549
252527::056.swc,8956,8955,16264.80859375,30052.73828125,19561.984375,False,549
252527::056.swc,8957,8956,16265.7421875,30054.2734375,19569.14453125,False,549
252527::056.swc,8958,8957,16265.09375,30056.765625,19574.95703125,False,549
252527::056.swc,8959,8958,16266.16015625,30059.96875,19581.5234375,False,549
252527::056.swc,8960,8959,16267.1640625,30063.91796875,19585.42578125,False,549
252527::056.swc,8961,8960,16266.82421875,30067.43359375,19594.37109375,False,549
252527::056.swc,8962,8961,16265.2734375,30071.4296875,19598.5,False,549
252527::056.swc,8963,8962,16263.5625,30072.05859375,19607.2890625,False,549
252527::056.swc,8964,8963,16262.01953125,30069.82421875,19624.84375,False,549
252527::056.swc,8965,8964,16260.37109375,30068.578125,19640.70703125,False,549
252527::056.swc,8966,8965,16259.6796875,30065.953125,19649.6015625,False,549
252527::056.swc,8967,8966,16260.578125,30064.82421875,19659.09765625,False,549
252527::056.swc,8968,8967,16261.75390625,30066.1015625,19664.73046875,False,549
252527::056.swc,8969,8968,16262.05078125,30067.65234375,19676.390625,False,549
252527::056.swc,8970,8969,16262.3671875,30066.77734375,19681.390625,False,549
252527::056.swc,8971,8970,16262.03125,30067.60546875,19677.109375,False,549
252527::056.swc,8972,8971,16261.62109375,30065.921875,19665.94921875,False,549
252527::056.swc,8973,8972,16260.43359375,30064.625,19661.26953125,False,549
252527::056.swc,8974,8973,16258.89453125,30062.00390625,19662.44140625,False,549
252527::056.swc,8975,8974,16257.39453125,30060.4921875,19672.28125,False,549
252527::056.swc,8976,8975,16256.17578125,30059.35546875,19690.0234375,False,549
252527::056.swc,8977,8976,16256.17578125,30057.890625,19699.0234375,False,549
252527::056.swc,8978,8977,16254.5703125,30054.2109375,19708.30859375,False,549
252527::056.swc,8979,8978,16249.734375,30054.953125,19707.2109375,False,549
252527::056.swc,8980,8979,16245.35546875,30058.0,19708.6484375,False,549
252527::056.swc,8981,8980,16243.17578125,30059.57421875,19711.5,True,549
252527::056.swc,8982,6732,16258.9609375,30034.54296875,19512.03515625,False,549
252527::056.swc,8983,8982,16261.29296875,30032.47265625,19521.76953125,False,549
252527::056.swc,8984,8983,16266.26953125,30029.04296875,19531.6328125,False,549
252527::056.swc,8985,8984,16267.48828125,30026.296875,19538.2734375,False,549
252527::056.swc,8986,8985,16271.23828125,30023.703125,19543.9375,False,549
252527::056.swc,8987,8986,16275.55859375,30023.80859375,19547.98046875,False,549
252527::056.swc,8988,8987,16279.73046875,30024.046875,19556.7265625,False,549
252527::056.swc,8989,8988,16282.6484375,30022.9375,19562.9375,False,549
252527::056.swc,8990,8989,16290.640625,30024.1484375,19564.1875,False,549
252527::056.swc,8991,8990,16297.4609375,30025.28125,19562.35546875,False,549
252527::056.swc,8992,8991,16301.6015625,30025.7734375,19564.16796875,False,549
252527::056.swc,8993,8992,16303.1640625,30025.7734375,19571.30078125,False,549
252527::056.swc,8994,8993,16306.80859375,30026.14453125,19577.30859375,False,549
252527::056.swc,8995,8994,16308.56640625,30026.1171875,19588.48828125,False,549
252527::056.swc,8996,8995,16309.76171875,30024.921875,19597.2109375,False,549
252527::056.swc,8997,8996,16311.3046875,30021.24609375,19608.49609375,False,549
252527::056.swc,8998,8997,16315.875,30019.99609375,19611.37109375,False,549
252527::056.swc,8999,8998,16319.87890625,30019.52734375,19616.8203125,False,549
252527::056.swc,9000,8999,16329.52734375,30017.76171875,19621.33984375,False,549
252527::056.swc,9001,9000,16336.54296875,30014.54296875,19626.60546875,False,549
252527::056.swc,9002,9001,16340.5390625,30013.77734375,19630.0,False,549
252527::056.swc,9003,9002,16345.7265625,30013.6953125,19630.40234375,False,549
252527::056.swc,9004,9003,16349.8515625,30014.50390625,19627.83203125,False,549
252527::056.swc,9005,9004,16356.18359375,30016.6328125,19628.6484375,False,549
252527::056.swc,9006,9005,16361.0234375,30019.0078125,19632.00390625,False,549
252527::056.swc,9007,9006,16364.70703125,30023.72265625,19633.83203125,False,549
252527::056.swc,9008,9007,16366.0234375,30025.125,19636.5,False,549
252527::056.swc,9009,9008,16377.984375,30031.7578125,19642.45703125,False,549
252527::056.swc,9010,9009,16383.03125,30034.98828125,19648.0078125,False,549
252527::056.swc,9011,9010,16387.375,30039.15625,19651.265625,False,549
252527::056.swc,9012,9011,16392.9453125,30042.26171875,19655.640625,False,549
252527::056.swc,9013,9012,16398.375,30046.49609375,19658.68359375,False,549
252527::056.swc,9014,9013,16402.00390625,30049.8125,19662.2578125,False,549
252527::056.swc,9015,9014,16406.52734375,30051.48828125,19666.25,False,549
252527::056.swc,9016,9015,16409.93359375,30050.40234375,19669.0,False,549
252527::056.swc,9017,9016,16416.41015625,30047.41796875,19669.26171875,False,549
252527::056.swc,9018,9017,16422.4453125,30043.5390625,19667.40625,False,549
252527::056.swc,9019,9018,16425.72265625,30040.203125,19668.8359375,False,549
252527::056.swc,9020,9019,16429.359375,30037.92578125,19665.703125,False,549
252527::056.swc,9021,9020,16431.95703125,30037.9453125,19661.43359375,False,549
252527::056.swc,9022,9021,16436.58203125,30037.96484375,19660.5,True,549
252527::056.swc,9023,6816,16859.97265625,30509.27734375,19405.1484375,False,549
252527::056.swc,9024,9023,16865.03515625,30511.203125,19405.81640625,False,549
252527::056.swc,9025,9024,16866.9375,30511.32421875,19408.76953125,False,549
252527::056.swc,9026,9025,16872.65234375,30516.125,19412.921875,False,549
252527::056.swc,9027,9026,16879.18359375,30522.3671875,19415.3203125,False,549
252527::056.swc,9028,9027,16886.22265625,30527.93359375,19420.58984375,False,549
252527::056.swc,9029,9028,16890.58203125,30531.76171875,19428.59375,False,549
252527::056.swc,9030,9029,16895.82421875,30534.94140625,19432.5,False,549
252527::056.swc,9031,9030,16900.140625,30538.7421875,19433.58984375,False,549
252527::056.swc,9032,9031,16902.921875,30542.38671875,19436.75390625,False,549
252527::056.swc,9033,9032,16908.21484375,30548.15625,19438.5,False,549
252527::056.swc,9034,6816,16860.44140625,30509.73046875,19405.3828125,False,549
252527::056.swc,9035,9034,16867.78125,30511.26171875,19405.5,False,549
252527::056.swc,9036,9035,16873.90234375,30511.1171875,19403.625,False,549
252527::056.swc,9037,9036,16880.1875,30511.6640625,19400.0078125,False,549
252527::056.swc,9038,9037,16884.25390625,30512.90234375,19394.8828125,False,549
252527::056.swc,9039,9038,16894.60546875,30517.13671875,19393.5,False,549
252527::056.swc,9040,9039,16903.4140625,30519.82421875,19393.80078125,False,549
252527::056.swc,9041,9040,16907.6015625,30521.48046875,19395.859375,False,549
252527::056.swc,9042,9041,16911.73828125,30523.9453125,19396.484375,False,549
252527::056.swc,9043,9042,16919.92578125,30531.68359375,19396.5,False,549
252527::056.swc,9044,9043,16927.23828125,30536.40625,19395.0,False,549
252527::056.swc,9045,9044,16930.7734375,30538.859375,19392.39453125,False,549
252527::056.swc,9046,9045,16936.83984375,30542.6484375,19396.7734375,False,549
252527::056.swc,9047,9046,16941.171875,30545.38671875,19403.2578125,False,549
252527::056.swc,9048,9047,16943.34375,30545.62109375,19396.25,False,549
252527::056.swc,9049,9048,16944.77734375,30546.2578125,19387.01171875,False,549
252527::056.swc,9050,9049,16946.9921875,30549.96484375,19381.5,False,549
252527::056.swc,9051,9050,16949.0546875,30552.6875,19380.38671875,False,549
252527::056.swc,9052,9051,16951.55078125,30552.2890625,19372.875,False,549
252527::056.swc,9053,9052,16956.87109375,30550.2421875,19368.38671875,False,549
252527::056.swc,9054,9053,16961.78125,30547.8359375,19361.66796875,False,549
252527::056.swc,9055,9054,16964.0,30542.69921875,19359.6875,False,549
252527::056.swc,9056,9055,16965.796875,30537.84765625,19356.02734375,False,549
252527::056.swc,9057,9056,16969.48046875,30532.03125,19353.625,False,549
252527::056.swc,9058,9057,16973.35546875,30527.46875,19349.16015625,False,549
252527::056.swc,9059,9058,16979.7421875,30522.5390625,19348.38671875,False,549
252527::056.swc,9060,9059,16984.484375,30519.02734375,19352.4453125,False,549
252527::056.swc,9077,6849,16801.91796875,30541.1328125,19560.12109375,False,549
252527::056.swc,9078,9077,16801.01171875,30545.7890625,19569.4140625,False,549
252527::056.swc,9079,9078,16798.42578125,30548.2734375,19574.328125,False,549
252527::056.swc,9080,9079,16796.09765625,30550.71484375,19581.89453125,False,549
252527::056.swc,9081,9080,16795.67578125,30551.625,19587.5,False,549
252527::056.swc,9082,9081,16796.9765625,30549.54296875,19578.24609375,False,549
252527::056.swc,9083,9082,16799.9921875,30547.30078125,19571.62890625,False,549
252527::056.swc,9084,9083,16801.37890625,30544.8359375,19568.81640625,False,549
252527::056.swc,9085,9084,16801.57421875,30542.59375,19562.171875,False,549
252527::056.swc,9086,9085,16802.55859375,30538.91796875,19558.5,False,549
252527::056.swc,9087,9086,16804.4765625,30536.2890625,19561.5390625,False,549
252527::056.swc,9088,9087,16806.65625,30535.3125,19566.94140625,False,549
252527::056.swc,9089,9088,16807.0859375,30534.73046875,19574.5625,False,549
252527::056.swc,9090,9089,16804.76171875,30535.0078125,19582.97265625,False,549
252527::056.swc,9091,9090,16803.74609375,30534.80078125,19593.53515625,False,549
252527::056.swc,9092,9091,16804.7421875,30534.38671875,19602.90234375,False,549
252527::056.swc,9093,9092,16807.359375,30535.09765625,19615.25390625,False,549
252527::056.swc,9094,9093,16811.3046875,30536.03125,19622.2734375,False,549
252527::056.swc,9095,9094,16814.1328125,30540.17578125,19626.42578125,False,549
252527::056.swc,9096,9095,16816.48828125,30542.0234375,19632.39453125,False,549
252527::056.swc,9097,9096,16817.7734375,30542.5234375,19641.16796875,False,549
252527::056.swc,9098,9097,16817.97265625,30539.015625,19646.91015625,False,549
252527::056.swc,9099,9098,16819.59765625,30532.2109375,19651.7578125,False,549
252527::056.swc,9100,9099,16822.2890625,30525.7890625,19658.22265625,False,549
252527::056.swc,9101,9100,16825.72265625,30522.265625,19662.875,False,549
252527::056.swc,9102,9101,16827.5234375,30521.7265625,19666.5,False,549
252527::056.swc,9103,9102,16829.359375,30517.58203125,19680.94140625,False,549
252527::056.swc,9104,9103,16829.4765625,30512.6640625,19690.06640625,False,549
252527::056.swc,9105,9104,16830.125,30505.7109375,19695.375,False,549
252527::056.swc,9106,9105,16832.91796875,30499.875,19701.0078125,False,549
252527::056.swc,9107,9106,16835.8984375,30492.52734375,19704.18359375,False,549
252527::056.swc,9108,9107,16837.73828125,30488.4140625,19708.69140625,False,549
252527::056.swc,9109,9108,16840.7265625,30487.12109375,19713.2421875,False,549
252527::056.swc,9110,9109,16842.33203125,30488.32421875,19719.68359375,False,549
252527::056.swc,9111,9110,16845.58984375,30491.89453125,19722.20703125,False,549
252527::056.swc,9112,9111,16847.16015625,30494.6875,19726.8359375,False,549
252527::056.swc,9113,9112,16851.85546875,30496.6328125,19733.59375,False,549
252527::056.swc,9114,9113,16859.12890625,30498.48828125,19736.83984375,False,549
252527::056.swc,9115,9114,16865.0,30503.09765625,19740.3515625,False,549
252527::056.swc,9116,9115,16867.80078125,30506.4140625,19744.875,False,549
252527::056.swc,9117,9116,16870.9140625,30508.37890625,19745.375,False,549
252527::056.swc,9118,9117,16873.1171875,30508.6640625,19749.5390625,False,549
252527::056.swc,9119,9118,16873.78515625,30507.19140625,19761.5,False,549
252527::056.swc,9120,9119,16873.25,30504.55078125,19769.49609375,False,549
252527::056.swc,9121,9120,16872.48046875,30505.0703125,19781.39453125,True,549
252527::056.swc,9122,6849,16805.3671875,30535.91796875,19564.38671875,False,549
252527::056.swc,9123,9122,16809.046875,30539.0,19573.2578125,False,549
252527::056.swc,9124,9123,16810.45703125,30546.03125,19582.37890625,False,549
252527::056.swc,9125,9124,16812.73046875,30549.140625,19587.73828125,False,549
252527::056.swc,9126,9125,16813.2265625,30550.01953125,19595.2109375,False,549
252527::056.swc,9127,9126,16807.15234375,30555.234375,19607.05078125,False,549
252527::056.swc,9128,9127,16801.35546875,30559.26171875,19615.90625,False,549
252527::056.swc,9129,9128,16794.55078125,30562.09375,19619.53125,False,549
252527::056.swc,9130,9129,16791.56640625,30565.25,19623.02734375,False,549
252527::056.swc,9131,9130,16789.0390625,30566.57421875,19628.9609375,False,549
252527::056.swc,9132,9131,16787.56640625,30569.19921875,19640.1875,False,549
252527::056.swc,9133,9132,16787.3125,30572.46484375,19650.16015625,False,549
252527::056.swc,9134,9133,16789.18359375,30572.6953125,19656.80078125,False,549
252527::056.swc,9135,9134,16792.23046875,30572.109375,19659.34375,False,549
252527::056.swc,9136,9135,16793.41796875,30571.265625,19666.578125,False,549
252527::056.swc,9137,9136,16791.6328125,30569.2578125,19671.6640625,False,549
252527::056.swc,9138,9137,16786.6484375,30567.5703125,19672.95703125,False,549
252527::056.swc,9139,9138,16783.48046875,30567.6171875,19677.296875,False,549
252527::056.swc,9140,9139,16781.4296875,30570.0078125,19681.87109375,False,549
252527::056.swc,9141,9140,16779.8984375,30574.34375,19683.796875,False,549
252527::056.swc,9142,9141,16774.859375,30581.15234375,19684.5,False,549
252527::056.swc,9143,9142,16768.48046875,30585.53125,19686.61328125,False,549
252527::056.swc,9144,9143,16765.28125,30586.796875,19691.51171875,False,549
252527::056.swc,9145,9144,16762.38671875,30589.328125,19693.5,False,549
252527::056.swc,9146,9145,16759.5546875,30596.84375,19693.5,True,549
252527::056.swc,9255,6981,16563.2578125,29822.20703125,18663.6875,False,549
252527::056.swc,9256,9255,16565.0625,29816.99609375,18657.45703125,False,549
252527::056.swc,9257,9256,16569.55078125,29810.24609375,18654.63671875,False,549
252527::056.swc,9258,9257,16571.77734375,29806.8515625,18649.65625,False,549
252527::056.swc,9259,9258,16576.60546875,29800.98046875,18643.9921875,False,549
252527::056.swc,9260,9259,16581.078125,29794.4453125,18636.64453125,False,549
252527::056.swc,9261,9260,16585.81640625,29789.55859375,18627.80078125,False,549
252527::056.swc,9262,9261,16590.46484375,29784.95703125,18625.5,False,549
252527::056.swc,9263,9262,16592.55078125,29782.67578125,18622.5390625,False,549
252527::056.swc,9264,9263,16594.5078125,29782.69921875,18617.09375,False,549
252527::056.swc,9265,9264,16598.3671875,29782.36328125,18611.375,False,549
252527::056.swc,9266,9265,16601.19921875,29780.00390625,18605.74609375,False,549
252527::056.swc,9267,9266,16604.71875,29776.69140625,18604.5,False,549
252527::056.swc,9268,9267,16605.828125,29775.44140625,18600.5234375,False,549
252527::056.swc,9269,9268,16608.16015625,29770.765625,18596.046875,False,549
252527::056.swc,9270,9269,16610.03515625,29766.6015625,18590.23828125,False,549
252527::056.swc,9271,9270,16612.58203125,29762.79296875,18582.45703125,False,549
252527::056.swc,9272,9271,16616.08984375,29759.22265625,18577.72265625,False,549
252527::056.swc,9273,9272,16618.60546875,29754.90234375,18571.953125,False,549
252527::056.swc,9274,9273,16621.11328125,29754.0859375,18569.45703125,False,549
252527::056.swc,9275,9274,16623.78515625,29753.12109375,18561.5390625,False,549
252527::056.swc,9276,9275,16627.75,29750.35546875,18556.73046875,False,549
252527::056.swc,9277,9276,16633.1796875,29746.47265625,18552.58203125,False,549
252527::056.swc,9278,9277,16634.44140625,29745.6484375,18547.73828125,False,549
252527::056.swc,9279,9278,16638.1171875,29743.2421875,18540.66015625,False,549
252527::056.swc,9280,9279,16640.2109375,29740.171875,18535.35546875,False,549
252527::056.swc,9281,9280,16644.46875,29736.921875,18524.046875,False,549
252527::056.swc,9282,9281,16649.1875,29733.3125,18510.5625,False,549
252527::056.swc,9283,9282,16652.76953125,29729.12890625,18500.4140625,False,549
252527::056.swc,9284,9283,16657.703125,29724.3125,18490.0546875,False,549
252527::056.swc,9285,9284,16658.94921875,29722.0390625,18484.12890625,False,549
252527::056.swc,9286,9285,16661.828125,29715.6796875,18473.35546875,False,549
252527::056.swc,9287,9286,16665.828125,29707.1953125,18462.87890625,False,549
252527::056.swc,9288,9287,16667.71484375,29702.25390625,18458.37109375,False,549
252527::056.swc,9289,9288,16668.765625,29696.66015625,18455.19140625,False,549
252527::056.swc,9290,9289,16668.8125,29689.08203125,18448.51171875,False,549
252527::056.swc,9291,9290,16666.73046875,29682.95703125,18443.234375,False,549
252527::056.swc,9292,9291,16668.90625,29676.859375,18435.91015625,False,549
252527::056.swc,9293,9292,16672.99609375,29672.3203125,18429.83984375,False,549
252527::056.swc,9294,9293,16673.50390625,29662.515625,18427.5,False,549
252527::056.swc,9295,9294,16670.23046875,29652.74609375,18427.5,False,549
252527::056.swc,9296,9295,16668.6171875,29648.1953125,18425.32421875,True,549
252527::056.swc,9297,6981,16563.84765625,29821.53125,18671.0078125,False,549
252527::056.swc,9298,9297,16565.3984375,29818.4609375,18673.22265625,False,549
252527::056.swc,9299,9298,16569.765625,29813.1875,18675.1328125,False,549
252527::056.swc,9300,9299,16574.0,29809.17578125,18678.50390625,False,549
252527::056.swc,9301,9300,16580.3984375,29806.55859375,18680.16796875,False,549
252527::056.swc,9302,9301,16583.234375,29806.07421875,18684.0,False,549
252527::056.swc,9303,9302,16586.625,29805.6328125,18684.73828125,False,549
252527::056.swc,9304,9303,16593.73046875,29804.40234375,18682.734375,False,549
252527::056.swc,9305,9304,16603.1015625,29802.4453125,18682.5,False,549
252527::056.swc,9306,9305,16613.97265625,29802.66015625,18685.05078125,False,549
252527::056.swc,9307,9306,16618.7890625,29802.01953125,18690.91796875,False,549
252527::056.swc,9308,9307,16622.0625,29801.82421875,18697.0546875,False,549
252527::056.swc,9309,9308,16627.46484375,29801.0,18697.5,False,549
252527::056.swc,9310,9309,16634.63671875,29800.62109375,18699.0,False,549
252527::056.swc,9311,9310,16636.546875,29804.47265625,18699.4453125,False,549
252527::056.swc,9312,9311,16638.75,29805.29296875,18697.81640625,False,549
252527::056.swc,9313,9312,16641.109375,29805.1953125,18702.984375,False,549
252527::056.swc,9314,9313,16642.0546875,29807.92578125,18707.9609375,False,549
252527::056.swc,9315,9314,16642.33984375,29810.0625,18714.7734375,False,549
252527::056.swc,9316,9315,16644.15234375,29805.32421875,18719.8515625,False,549
252527::056.swc,9317,9316,16646.2890625,29798.859375,18723.19921875,False,549
252527::056.swc,9318,9317,16647.79296875,29795.1953125,18727.1796875,False,549
252527::056.swc,9319,9318,16651.50390625,29791.4140625,18729.22265625,False,549
252527::056.swc,9320,9319,16654.07421875,29790.078125,18732.69921875,False,549
252527::056.swc,9321,9320,16654.36328125,29784.92578125,18740.8984375,False,549
252527::056.swc,9322,9321,16653.703125,29779.72265625,18744.99609375,True,549
252527::056.swc,9323,7013,16582.8125,29915.54296875,18664.66796875,False,549
252527::056.swc,9324,9323,16576.65234375,29909.921875,18664.54296875,False,549
252527::056.swc,9325,9324,16571.56640625,29905.5234375,18662.22265625,False,549
252527::056.swc,9326,9325,16568.3984375,29905.35546875,18661.83203125,False,549
252527::056.swc,9327,9326,16567.44921875,29904.91015625,18665.0,False,549
252527::056.swc,9328,9327,16566.2734375,29901.23828125,18667.5,False,549
252527::056.swc,9329,9328,16564.35546875,29890.74609375,18667.5,False,549
252527::056.swc,9330,9329,16561.0703125,29880.07421875,18668.54296875,False,549
252527::056.swc,9331,9330,16557.9453125,29871.90234375,18671.61328125,False,549
252527::056.swc,9332,9331,16556.7109375,29866.85546875,18671.16796875,False,549
252527::056.swc,9333,9332,16552.2890625,29855.65234375,18673.15625,False,549
252527::056.swc,9334,9333,16550.515625,29847.01171875,18673.5,False,549
252527::056.swc,9335,9334,16549.42578125,29843.4140625,18675.76171875,False,549
252527::056.swc,9336,9335,16550.20703125,29841.88671875,18679.6171875,False,549
252527::056.swc,9337,9336,16548.828125,29836.546875,18682.5,False,549
252527::056.swc,9338,9337,16544.83984375,29826.359375,18682.5,False,549
252527::056.swc,9339,9338,16542.66015625,29816.22265625,18683.546875,False,549
252527::056.swc,9340,9339,16542.16796875,29810.87109375,18685.26953125,False,549
252527::056.swc,9341,9340,16543.6875,29806.2265625,18685.27734375,False,549
252527::056.swc,9342,9341,16544.7734375,29805.42578125,18682.5,True,549
252527::056.swc,9343,7013,16589.203125,29913.60546875,18655.89453125,False,549
252527::056.swc,9344,9343,16591.36328125,29910.26171875,18647.984375,False,549
252527::056.swc,9345,9344,16594.1171875,29906.3671875,18643.2109375,False,549
252527::056.swc,9346,9345,16595.6875,29903.7265625,18636.20703125,False,549
252527::056.swc,9347,9346,16600.5078125,29898.625,18627.86328125,False,549
252527::056.swc,9348,9347,16602.88671875,29893.5859375,18619.3125,False,549
252527::056.swc,9349,9348,16604.203125,29890.03515625,18610.84765625,False,549
252527::056.swc,9350,9349,16604.69140625,29886.37109375,18607.5,False,549
252527::056.swc,9351,9350,16604.39453125,29879.2109375,18607.5,False,549
252527::056.swc,9352,9351,16601.36328125,29868.6953125,18606.75,False,549
252527::056.swc,9353,9352,16600.8125,29863.3203125,18604.82421875,False,549
252527::056.swc,9354,9353,16603.4140625,29857.703125,18604.5,False,549
252527::056.swc,9355,9354,16607.77734375,29851.5234375,18599.20703125,False,549
252527::056.swc,9356,9355,16611.9609375,29845.34375,18596.32421875,False,549
252527::056.swc,9357,9356,16617.7421875,29839.33984375,18595.17578125,False,549
252527::056.swc,9358,9357,16621.33984375,29836.984375,18593.0625,False,549
252527::056.swc,9359,9358,16627.109375,29831.77734375,18591.64453125,False,549
252527::056.swc,9360,9359,16633.0,29828.34375,18585.78515625,False,549
252527::056.swc,9361,9360,16639.1875,29823.6953125,18583.23046875,False,549
252527::056.swc,9362,9361,16641.14453125,29820.12109375,18581.47265625,False,549
252527::056.swc,9363,9362,16645.671875,29814.15625,18580.5,False,549
252527::056.swc,9364,9363,16651.984375,29808.8125,18580.5,False,549
252527::056.swc,9365,9364,16655.953125,29806.07421875,18582.47265625,False,549
252527::056.swc,9366,9365,16656.49609375,29806.00390625,18586.75,False,549
252527::056.swc,9367,9366,16657.1015625,29803.59765625,18589.5,False,549
252527::056.swc,9368,9367,16658.13671875,29799.0703125,18589.5,False,549
252527::056.swc,9369,9368,16659.921875,29793.125,18589.5,False,549
252527::056.swc,9370,9369,16663.74609375,29787.671875,18590.4453125,False,549
252527::056.swc,9371,9370,16664.76171875,29785.12109375,18595.02734375,False,549
252527::056.swc,9372,9371,16665.53515625,29777.453125,18598.1953125,False,549
252527::056.swc,9373,9372,16668.73828125,29765.37109375,18598.69921875,False,549
252527::056.swc,9374,9373,16670.5625,29758.2265625,18600.83203125,False,549
252527::056.swc,9375,9374,16669.46875,29750.95703125,18600.53125,False,549
252527::056.swc,9376,9375,16665.83984375,29742.59765625,18596.8125,False,549
252527::056.swc,9377,9376,16664.72265625,29731.0859375,18595.5,False,549
252527::056.swc,9378,9377,16667.20703125,29725.046875,18595.5,False,549
252527::056.swc,9379,9378,16667.671875,29715.90625,18591.16015625,False,549
252527::056.swc,9380,9379,16668.15234375,29708.68359375,18589.5,True,549
252527::056.swc,9381,7048,16574.91796875,31085.9140625,19148.46484375,False,549
252527::056.swc,9382,9381,16573.3828125,31093.203125,19152.80859375,False,549
252527::056.swc,9383,9382,16571.4921875,31101.84375,19155.80078125,False,549
252527::056.swc,9384,9383,16570.09375,31105.2734375,19159.1875,True,549
252527::056.swc,9385,7048,16567.87109375,31091.48046875,19144.96484375,False,549
252527::056.swc,9386,9385,16565.58984375,31095.765625,19147.08203125,False,549
252527::056.swc,9387,9386,16564.39453125,31101.14453125,19147.9765625,False,549
252527::056.swc,9388,9387,16564.2734375,31104.40234375,19150.37109375,False,549
252527::056.swc,9389,9388,16564.2734375,31106.07421875,19155.5,False,549
252527::056.swc,9390,9389,16563.80859375,31109.1875,19153.6484375,False,549
252527::056.swc,9391,9390,16562.53125,31115.26171875,19153.5,False,549
252527::056.swc,9392,9391,16559.453125,31120.01953125,19153.5,False,549
252527::056.swc,9393,9392,16553.04296875,31124.109375,19153.5,False,549
252527::056.swc,9394,9393,16542.890625,31126.12109375,19153.5,False,549
252527::056.swc,9395,9394,16539.33203125,31124.98828125,19152.66796875,False,549
252527::056.swc,9396,9395,16537.8046875,31121.76171875,19148.5,False,549
252527::056.swc,9397,9396,16537.171875,31112.5703125,19146.3828125,False,549
252527::056.swc,9398,9397,16537.78125,31107.15234375,19142.2265625,False,549
252527::056.swc,9399,7056,16454.87890625,30907.765625,19074.3984375,False,549
252527::056.swc,9400,9399,16454.44921875,30904.0546875,19075.5,False,549
252527::056.swc,9401,9400,16457.0703125,30899.99609375,19075.5,False,549
252527::056.swc,9402,9401,16460.5859375,30898.32421875,19074.7265625,False,549
252527::056.swc,9403,9402,16461.99609375,30898.88671875,19071.16015625,False,549
252527::056.swc,9404,9403,16463.04296875,30903.53515625,19060.9453125,False,549
252527::056.swc,9405,9404,16465.62890625,30906.03515625,19056.98046875,False,549
252527::056.swc,9406,9405,16468.203125,30906.125,19053.12109375,True,549
252527::056.swc,9407,7056,16457.61328125,30914.94921875,19061.69140625,False,549
252527::056.swc,9408,9407,16460.984375,30916.55859375,19054.78515625,False,549
252527::056.swc,9409,9408,16463.5859375,30914.71875,19048.796875,False,549
252527::056.swc,9410,7084,16320.16015625,30852.78515625,18905.4453125,False,549
252527::056.swc,9411,9410,16315.71484375,30854.84375,18901.5,True,549
252527::056.swc,9412,7084,16320.94140625,30852.51953125,18908.4140625,False,549
252527::056.swc,9413,9412,16321.140625,30857.1640625,18904.1484375,False,549
252527::056.swc,9414,9413,16319.88671875,30860.9921875,18902.26171875,False,549
252527::056.swc,9415,9414,16318.31640625,30867.7890625,18901.5,False,549
252527::056.swc,9416,9415,16316.01171875,30872.453125,18898.18359375,False,549
252527::056.swc,9417,9416,16311.6015625,30875.0,18893.4453125,False,549
252527::056.swc,9418,9417,16302.359375,30875.2578125,18892.43359375,False,549
252527::056.swc,9419,9418,16295.46875,30874.48828125,18889.9453125,False,549
252527::056.swc,9420,9419,16289.484375,30875.265625,18888.3515625,False,549
252527::056.swc,9421,9420,16282.734375,30877.078125,18884.1015625,False,549
252527::056.swc,9422,9421,16278.8671875,30878.93359375,18878.75390625,False,549
252527::056.swc,9423,9422,16275.40625,30881.34765625,18877.5,False,549
252527::056.swc,9424,9423,16272.52734375,30883.36328125,18880.1171875,False,549
252527::056.swc,9425,9424,16270.75,30885.22265625,18887.58984375,False,549
252527::056.swc,9426,9425,16267.515625,30885.87890625,18889.49609375,False,549
252527::056.swc,9427,9426,16266.21875,30885.43359375,18882.4765625,False,549
252527::056.swc,9428,9427,16265.609375,30888.4453125,18877.5,False,549
252527::056.swc,9429,9428,16262.6640625,30890.23828125,18877.5,False,549
252527::056.swc,9430,9429,16258.58984375,30890.265625,18872.22265625,False,549
252527::056.swc,9431,9430,16256.0859375,30890.265625,18866.07421875,False,549
252527::056.swc,9432,9431,16251.47265625,30891.93359375,18864.43359375,False,549
252527::056.swc,9433,9432,16249.2265625,30896.26171875,18865.7578125,False,549
252527::056.swc,9434,9433,16246.7734375,30898.1953125,18868.27734375,False,549
252527::056.swc,9435,9434,16242.265625,30897.96875,18868.5,False,549
252527::056.swc,9436,9435,16238.26953125,30896.19921875,18870.69140625,False,549
252527::056.swc,9437,9436,16235.00390625,30894.48046875,18876.359375,False,549
252527::056.swc,9438,9437,16231.16015625,30887.90234375,18882.4140625,False,549
252527::056.swc,9439,9438,16226.97265625,30883.26953125,18888.46484375,False,549
252527::056.swc,9440,9439,16220.73046875,30879.5703125,18892.5,False,549
252527::056.swc,9441,9440,16215.5703125,30876.18359375,18892.0,False,549
252527::056.swc,9442,9441,16213.01953125,30872.8203125,18889.0,False,549
252527::056.swc,9443,9442,16212.046875,30867.390625,18885.1484375,False,549
252527::056.swc,9444,9443,16211.60546875,30855.9921875,18882.4921875,False,549
252527::056.swc,9445,9444,16213.515625,30851.34765625,18879.375,False,549
252527::056.swc,9446,9445,16214.9296875,30848.8984375,18876.57421875,True,549
252527::056.swc,9447,7097,16200.49609375,30468.20703125,18791.77734375,False,549
252527::056.swc,9448,9447,16195.22265625,30474.83984375,18787.1015625,False,549
252527::056.swc,9449,9448,16193.0078125,30482.70703125,18781.43359375,False,549
252527::056.swc,9450,9449,16191.11328125,30493.875,18775.875,False,549
252527::056.swc,9451,9450,16187.26171875,30506.7421875,18770.96875,False,549
252527::056.swc,9452,9451,16185.19921875,30515.609375,18766.7265625,False,549
252527::056.swc,9453,9452,16182.07421875,30519.0,18763.0234375,False,549
252527::056.swc,9454,9453,16180.33984375,30523.49609375,18757.84375,False,549
252527::056.swc,9455,9454,16177.8828125,30533.09765625,18755.0625,False,549
252527::056.swc,9456,9455,16173.09765625,30547.80859375,18753.87890625,False,549
252527::056.swc,9457,9456,16170.48046875,30555.70703125,18751.75,False,549
252527::056.swc,9458,9457,16165.890625,30566.3046875,18751.5,False,549
252527::056.swc,9459,7097,16200.02734375,30463.98046875,18788.67578125,False,549
252527::056.swc,9460,9459,16196.015625,30461.5,18781.55078125,False,549
252527::056.swc,9461,9460,16192.8828125,30458.69140625,18770.66015625,False,549
252527::056.swc,9462,9461,16190.7421875,30454.375,18760.30078125,False,549
252527::056.swc,9463,9462,16186.40625,30447.83203125,18754.90234375,False,549
252527::056.swc,9464,9463,16178.3515625,30442.265625,18746.61328125,False,549
252527::056.swc,9465,9464,16166.60546875,30432.8203125,18735.27734375,False,549
252527::056.swc,9466,9465,16162.93359375,30427.6484375,18726.21484375,False,549
252527::056.swc,9467,9466,16160.01953125,30422.69921875,18715.40234375,False,549
252527::056.swc,9468,9467,16156.109375,30418.69140625,18710.09375,False,549
252527::056.swc,9469,9468,16151.36328125,30414.1015625,18698.3125,False,549
252527::056.swc,9470,9469,16148.05859375,30411.6328125,18684.50390625,False,549
252527::056.swc,9471,9470,16144.8125,30411.94140625,18676.5,False,549
252527::056.swc,9472,9471,16141.28515625,30416.95703125,18674.546875,False,549
252527::056.swc,9473,9472,16137.92578125,30418.765625,18670.28125,False,549
252527::056.swc,9474,9473,16134.01171875,30419.6484375,18663.68359375,False,549
252527::056.swc,9475,9474,16133.32421875,30419.9453125,18656.3046875,False,549
252527::056.swc,9476,9475,16132.03515625,30421.51171875,18649.55078125,False,549
252527::056.swc,9477,9476,16128.93359375,30425.74609375,18639.6328125,False,549
252527::056.swc,9478,9477,16124.70703125,30429.99609375,18628.5703125,False,549
252527::056.swc,9479,9478,16120.171875,30431.171875,18619.6953125,False,549
252527::056.swc,9480,9479,16113.85546875,30428.7890625,18613.4765625,False,549
252527::056.swc,9481,9480,16109.71484375,30428.0234375,18605.5703125,False,549
252527::056.swc,9482,9481,16104.31640625,30427.3125,18600.41015625,False,549
252527::056.swc,9483,9482,16100.71875,30427.4453125,18593.984375,False,549
252527::056.swc,9484,9483,16099.0390625,30428.2578125,18587.40234375,False,549
252527::056.swc,9485,9484,16095.015625,30427.27734375,18583.33203125,False,549
252527::056.swc,9486,9485,16084.86328125,30423.91796875,18580.1953125,False,549
252527::056.swc,9487,9486,16076.19921875,30420.08203125,18580.0546875,False,549
252527::056.swc,9488,9487,16070.921875,30418.87109375,18574.5078125,False,549
252527::056.swc,9489,9488,16063.46484375,30417.48828125,18563.97265625,False,549
252527::056.swc,9490,9489,16056.31640625,30416.42578125,18557.28515625,False,549
252527::056.swc,9491,9490,16049.12890625,30413.4140625,18548.35546875,False,549
252527::056.swc,9492,9491,16044.1875,30408.671875,18539.8515625,False,549
252527::056.swc,9493,9492,16040.11328125,30407.3984375,18531.90625,False,549
252527::056.swc,9494,9493,16035.21875,30408.1328125,18525.9765625,False,549
252527::056.swc,9495,9494,16029.39453125,30405.66796875,18520.33203125,False,549
252527::056.swc,9496,9495,16026.13671875,30401.9375,18513.25390625,False,549
252527::056.swc,9497,9496,16024.09765625,30399.3671875,18504.87109375,False,549
252527::056.swc,9498,9497,16020.58203125,30396.2890625,18501.66796875,False,549
252527::056.swc,9499,9498,16019.57421875,30395.32421875,18498.0,False,549
252527::056.swc,9500,9499,16015.4765625,30390.60546875,18490.8359375,False,549
252527::056.swc,9501,9500,16013.0625,30388.5234375,18485.203125,False,549
252527::056.swc,9502,9501,16012.81640625,30386.94921875,18474.82421875,False,549
252527::056.swc,9503,9502,16014.69921875,30385.9375,18465.62109375,False,549
252527::056.swc,9504,9503,16017.3671875,30382.6171875,18455.14453125,False,549
252527::056.swc,9505,9504,16017.79296875,30378.328125,18443.98046875,False,549
252527::056.swc,9506,9505,16017.796875,30377.42578125,18434.05078125,False,549
252527::056.swc,9507,9506,16016.390625,30375.703125,18427.34375,False,549
252527::056.swc,9508,9507,16015.31640625,30374.6953125,18422.37890625,False,549
252527::056.swc,9509,9508,16011.8359375,30369.7578125,18420.42578125,False,549
252527::056.swc,9510,9509,16010.7265625,30364.9609375,18417.7109375,False,549
252527::056.swc,9511,9510,16010.4765625,30360.9765625,18411.9609375,False,549
252527::056.swc,9512,9511,16012.7265625,30359.28515625,18407.15234375,False,549
252527::056.swc,9513,9512,16016.86328125,30358.5859375,18400.1640625,False,549
252527::056.swc,9514,9513,16018.7109375,30357.0703125,18392.375,False,549
252527::056.swc,9515,9514,16018.515625,30354.30859375,18386.23828125,False,549
252527::056.swc,9516,9515,16015.4140625,30351.26953125,18385.27734375,False,549
252527::056.swc,9517,9516,16010.40625,30349.1796875,18382.6484375,False,549
252527::056.swc,9518,9517,16003.40625,30344.3671875,18382.42578125,False,549
252527::056.swc,9519,9518,15997.875,30341.20703125,18380.48046875,False,549
252527::056.swc,9520,9519,15991.91015625,30340.921875,18378.62890625,False,549
252527::056.swc,9521,9520,15989.39453125,30338.8046875,18376.7421875,True,549
252527::056.swc,9522,7266,16069.31640625,30096.21875,19845.5234375,False,549
252527::056.swc,9523,9522,16065.3984375,30096.5859375,19838.23046875,False,549
252527::056.swc,9524,9523,16062.3359375,30097.13671875,19827.85546875,False,549
252527::056.swc,9525,9524,16059.0859375,30097.77734375,19823.98046875,False,549
252527::056.swc,9526,9525,16056.87109375,30098.57421875,19812.20703125,False,549
252527::056.swc,9527,9526,16054.33984375,30098.59765625,19803.8515625,False,549
252527::056.swc,9528,9527,16049.32421875,30100.7265625,19796.73828125,False,549
252527::056.swc,9529,9528,16046.5859375,30107.5625,19794.51171875,False,549
252527::056.swc,9530,9529,16044.078125,30113.09375,19787.40234375,False,549
252527::056.swc,9531,9530,16040.33984375,30114.5703125,19783.5,False,549
252527::056.swc,9532,9531,16035.74609375,30117.85546875,19775.69921875,False,549
252527::056.swc,9533,9532,16032.609375,30121.8046875,19766.12109375,False,549
252527::056.swc,9534,9533,16030.6015625,30126.51171875,19760.80859375,False,549
252527::056.swc,9535,9534,16029.4921875,30130.953125,19753.6796875,False,549
252527::056.swc,9536,9535,16029.90234375,30133.3203125,19746.7265625,False,549
252527::056.swc,9537,9536,16027.5078125,30139.71484375,19740.13671875,False,549
252527::056.swc,9538,9537,16023.5234375,30144.88671875,19735.5,False,549
252527::056.swc,9539,9538,16018.87890625,30149.98046875,19734.44140625,False,549
252527::056.swc,9540,9539,16014.0625,30153.87890625,19732.1640625,False,549
252527::056.swc,9541,9540,16011.7734375,30156.7265625,19728.0,True,549
252527::056.swc,9542,7266,16074.66796875,30100.7109375,19832.7421875,False,549
252527::056.swc,9543,9542,16074.765625,30101.74609375,19822.265625,False,549
252527::056.swc,9544,9543,16074.640625,30101.6875,19809.484375,False,549
252527::056.swc,9545,9544,16075.5,30100.08203125,19795.12109375,False,549
252527::056.swc,9546,9545,16074.9140625,30097.40234375,19788.375,False,549
252527::056.swc,9547,9546,16074.5625,30096.11328125,19779.5390625,False,549
252527::056.swc,9548,9547,16076.01953125,30098.3359375,19785.125,False,549
252527::056.swc,9549,9548,16077.03125,30103.65625,19790.26171875,False,549
252527::056.swc,9550,9549,16077.8984375,30109.546875,19792.66796875,False,549
252527::056.swc,9551,9550,16079.3125,30114.109375,19797.01171875,False,549
252527::056.swc,9552,9551,16079.18359375,30120.515625,19798.5,True,549
252527::056.swc,9553,7440,16479.125,30465.8515625,18755.89453125,False,549
252527::056.swc,9554,9553,16481.078125,30474.01171875,18757.0390625,False,549
252527::056.swc,9555,9554,16483.02734375,30482.16796875,18758.1796875,False,549
252527::056.swc,9556,9555,16484.98046875,30490.328125,18759.32421875,False,549
252527::056.swc,9557,9556,16486.9296875,30498.48828125,18760.46875,False,549
252527::056.swc,9558,9557,16499.3203125,30521.30078125,18760.5,False,549
252527::056.swc,9559,9558,16505.5625,30530.23046875,18760.5,False,549
252527::056.swc,9560,9559,16513.765625,30546.68359375,18760.5,False,549
252527::056.swc,9561,9560,16519.30078125,30561.859375,18760.5,False,549
252527::056.swc,9562,9561,16522.7890625,30573.76953125,18758.203125,False,549
252527::056.swc,9563,9562,16526.73828125,30582.3125,18757.5,False,549
252527::056.swc,9564,9563,16531.55078125,30588.171875,18757.5,False,549
252527::056.swc,9565,9564,16535.33203125,30594.47265625,18758.3671875,False,549
252527::056.swc,9566,9565,16538.328125,30595.87890625,18760.015625,False,549
252527::056.swc,9567,9566,16541.83203125,30600.359375,18757.88671875,False,549
252527::056.swc,9568,9567,16544.3671875,30604.33984375,18759.38671875,False,549
252527::056.swc,9569,9568,16547.53515625,30606.9609375,18758.2734375,False,549
252527::056.swc,9570,9569,16548.90234375,30608.0703125,18752.7890625,False,549
252527::056.swc,9571,9570,16551.8046875,30612.9453125,18751.5,False,549
252527::056.swc,9572,9571,16557.92578125,30620.5078125,18751.5,False,549
252527::056.swc,9573,9572,16562.953125,30629.9765625,18751.58203125,False,549
252527::056.swc,9574,9573,16563.44921875,30632.09375,18753.08203125,False,549
252527::056.swc,9575,9574,16566.82421875,30640.6640625,18756.2578125,False,549
252527::056.swc,9576,9575,16568.98828125,30646.984375,18755.35546875,False,549
252527::056.swc,9577,9576,16569.46875,30650.6171875,18752.30859375,True,549
252527::056.swc,9578,7440,16473.73046875,30461.52734375,18750.3046875,False,549
252527::056.swc,9579,9578,16469.2421875,30461.98046875,18747.34375,False,549
252527::056.swc,9580,9579,16466.62109375,30461.7578125,18740.96875,False,549
252527::056.swc,9581,9580,16463.015625,30461.546875,18737.03125,False,549
252527::056.swc,9582,9581,16461.4453125,30461.27734375,18729.31640625,False,549
252527::056.swc,9583,9582,16461.37109375,30461.046875,18718.44921875,False,549
252527::056.swc,9584,9583,16461.73828125,30454.88671875,18708.7734375,False,549
252527::056.swc,9585,9584,16461.40625,30449.84765625,18702.75390625,False,549
252527::056.swc,9586,9585,16456.79296875,30447.203125,18700.5,False,549
252527::056.swc,9587,9586,16452.41796875,30447.8515625,18700.5,False,549
252527::056.swc,9588,9587,16449.94921875,30448.3515625,18703.25,False,549
252527::056.swc,9589,9588,16446.86328125,30451.45703125,18710.0546875,False,549
252527::056.swc,9590,9589,16440.57421875,30454.875,18714.5,False,549
252527::056.swc,9591,9590,16430.4453125,30450.23046875,18715.5,False,549
252527::056.swc,9592,9591,16421.12109375,30440.4296875,18714.4609375,False,549
252527::056.swc,9593,9592,16417.08203125,30436.93359375,18712.51171875,False,549
252527::056.swc,9594,9593,16411.578125,30435.3515625,18708.1015625,False,549
252527::056.swc,9595,9594,16409.26171875,30429.18359375,18703.859375,False,549
252527::056.swc,9596,9595,16407.73046875,30422.15234375,18700.35546875,False,549
252527::056.swc,9597,9596,16403.58203125,30413.4453125,18697.5,False,549
252527::056.swc,9598,9597,16400.9296875,30406.01171875,18697.5,False,549
252527::056.swc,9599,9598,16399.296875,30394.75,18694.6171875,False,549
252527::056.swc,9600,9599,16397.80078125,30388.2578125,18690.18359375,False,549
252527::056.swc,9601,9600,16401.10546875,30381.6015625,18688.47265625,False,549
252527::056.swc,9602,9601,16404.25,30380.56640625,18689.8125,True,549
252527::056.swc,9603,7536,16495.19921875,30322.796875,18868.26953125,False,549
252527::056.swc,9604,9603,16500.03515625,30330.34765625,18866.734375,False,549
252527::056.swc,9605,9604,16504.8671875,30337.89453125,18865.1953125,False,549
252527::056.swc,9606,9605,16509.703125,30345.44140625,18863.65625,False,549
252527::056.swc,9607,9606,16514.5390625,30352.9921875,18862.12109375,False,549
252527::056.swc,9608,9607,16519.375,30360.5390625,18860.58203125,False,549
252527::056.swc,9609,9608,16522.83203125,30369.14453125,18856.96484375,False,549
252527::056.swc,9610,9609,16526.87890625,30377.578125,18856.5,False,549
252527::056.swc,9611,9610,16531.58984375,30383.63671875,18856.0546875,False,549
252527::056.swc,9612,9611,16534.8203125,30387.09765625,18854.09375,False,549
252527::056.swc,9613,9612,16538.33203125,30392.40625,18853.27734375,False,549
252527::056.swc,9614,9613,16539.53515625,30394.640625,18851.0,False,549
252527::056.swc,9615,9614,16541.5390625,30399.4375,18850.5,False,549
252527::056.swc,9616,9615,16547.9609375,30408.28515625,18850.5,False,549
252527::056.swc,9617,9616,16556.21875,30417.00390625,18850.5,False,549
252527::056.swc,9618,9617,16560.421875,30422.9375,18851.0,False,549
252527::056.swc,9619,9618,16561.0234375,30423.57421875,18853.5,False,549
252527::056.swc,9620,9619,16566.625,30430.60546875,18854.0,False,549
252527::056.swc,9621,9620,16569.26953125,30432.94921875,18856.3515625,False,549
252527::056.swc,9622,9621,16574.484375,30439.69921875,18856.5,False,549
252527::056.swc,9623,9622,16577.69140625,30445.97265625,18856.16796875,False,549
252527::056.swc,9624,9623,16579.61328125,30447.70703125,18853.72265625,False,549
252527::056.swc,9625,9624,16584.2578125,30450.6875,18855.85546875,False,549
252527::056.swc,9626,9625,16590.36328125,30456.01171875,18860.68359375,False,549
252527::056.swc,9627,9626,16598.41796875,30466.69921875,18862.5,False,549
252527::056.swc,9628,9627,16603.18359375,30474.9609375,18863.81640625,False,549
252527::056.swc,9629,9628,16606.01953125,30477.75390625,18867.59765625,False,549
252527::056.swc,9630,9629,16608.67578125,30480.95703125,18866.2265625,False,549
252527::056.swc,9631,9630,16612.03515625,30484.55859375,18868.19140625,False,549
252527::056.swc,9632,9631,16617.0546875,30491.1640625,18868.5,False,549
252527::056.swc,9633,9632,16626.78125,30501.85546875,18869.46875,False,549
252527::056.swc,9634,9633,16631.875,30506.09765625,18871.34375,False,549
252527::056.swc,9635,9634,16635.45703125,30510.7890625,18874.3359375,False,549
252527::056.swc,9636,9635,16637.87109375,30513.0859375,18878.59765625,False,549
252527::056.swc,9637,9636,16642.75,30513.421875,18879.6171875,False,549
252527::056.swc,9638,9637,16646.6953125,30512.421875,18877.796875,False,549
252527::056.swc,9639,9638,16651.40625,30515.8515625,18877.5,False,549
252527::056.swc,9640,9639,16653.828125,30523.84765625,18877.5,True,549
252527::056.swc,9641,7536,16499.28515625,30320.07421875,18874.6953125,False,549
252527::056.swc,9642,9641,16508.1875,30323.3125,18882.609375,False,549
252527::056.swc,9643,9642,16513.19140625,30327.80078125,18885.703125,False,549
252527::056.swc,9644,9643,16520.11328125,30332.91796875,18888.375,False,549
252527::056.swc,9645,9644,16525.8671875,30337.55078125,18894.1875,False,549
252527::056.swc,9646,9645,16534.81640625,30343.96875,18899.375,False,549
252527::056.swc,9647,9646,16543.46484375,30350.25390625,18901.5,False,549
252527::056.swc,9648,9647,16545.42578125,30352.6328125,18904.890625,False,549
252527::056.swc,9649,9648,16545.42578125,30353.24609375,18910.9453125,False,549
252527::056.swc,9650,9649,16546.71875,30355.50390625,18913.5,False,549
252527::056.swc,9651,9650,16550.515625,30357.9140625,18913.2265625,False,549
252527::056.swc,9652,9651,16555.17578125,30358.828125,18911.453125,False,549
252527::056.swc,9653,9652,16567.1953125,30365.67578125,18917.71484375,False,549
252527::056.swc,9654,9653,16576.28515625,30369.63671875,18920.59375,False,549
252527::056.swc,9655,9654,16582.6640625,30374.0625,18925.20703125,False,549
252527::056.swc,9656,9655,16591.02734375,30379.2265625,18926.8046875,False,549
252527::056.swc,9657,9656,16596.60546875,30383.34375,18929.11328125,False,549
252527::056.swc,9658,9657,16601.51171875,30387.37109375,18934.68359375,False,549
252527::056.swc,9659,9658,16607.51171875,30391.90625,18937.08203125,False,549
252527::056.swc,9660,9659,16612.67578125,30394.8984375,18935.38671875,False,549
252527::056.swc,9661,7556,16511.82421875,30327.94140625,18788.40625,False,549
252527::056.swc,9662,9661,16520.69140625,30336.0546875,18787.16796875,False,549
252527::056.swc,9663,9662,16524.3828125,30340.44140625,18785.47265625,False,549
252527::056.swc,9664,9663,16530.68359375,30346.21875,18784.87890625,False,549
252527::056.swc,9665,9664,16539.4375,30351.55859375,18780.91796875,False,549
252527::056.swc,9666,9665,16547.98046875,30356.26953125,18779.296875,False,549
252527::056.swc,9667,9666,16551.6015625,30361.91015625,18781.27734375,False,549
252527::056.swc,9668,9667,16556.171875,30372.09375,18781.5,False,549
252527::056.swc,9669,9668,16562.29296875,30379.09375,18779.76953125,False,549
252527::056.swc,9670,9669,16566.25390625,30382.19921875,18776.61328125,False,549
252527::056.swc,9671,9670,16572.14453125,30387.19140625,18775.5,False,549
252527::056.swc,9672,9671,16574.68359375,30391.078125,18773.609375,False,549
252527::056.swc,9673,9672,16576.671875,30399.16015625,18772.20703125,False,549
252527::056.swc,9674,9673,16580.39453125,30406.72265625,18770.40234375,False,549
252527::056.swc,9675,9674,16583.55859375,30410.4375,18766.74609375,False,549
252527::056.swc,9676,9675,16587.9921875,30418.91796875,18763.25,False,549
252527::056.swc,9677,9676,16594.51953125,30431.25,18759.6640625,False,549
252527::056.swc,9678,9677,16598.2578125,30438.22265625,18756.765625,False,549
252527::056.swc,9679,9678,16599.66015625,30444.73828125,18755.015625,False,549
252527::056.swc,9680,9679,16600.39453125,30448.62109375,18757.0,False,549
252527::056.swc,9681,9680,16602.16796875,30454.6796875,18756.65625,False,549
252527::056.swc,9682,9681,16605.17578125,30459.68359375,18753.45703125,False,549
252527::056.swc,9683,9682,16607.17578125,30461.92578125,18748.5,False,549
252527::056.swc,9684,9683,16617.5234375,30465.23828125,18747.16796875,False,549
252527::056.swc,9685,9684,16621.88671875,30467.25,18743.71484375,False,549
252527::056.swc,9686,9685,16629.61328125,30476.49609375,18742.5,False,549
252527::056.swc,9687,9686,16634.22265625,30488.50390625,18743.0,False,549
252527::056.swc,9688,9687,16634.9765625,30493.57421875,18745.27734375,False,549
252527::056.swc,9689,9688,16633.59375,30498.9375,18745.6484375,False,549
252527::056.swc,9690,9689,16630.1796875,30502.54296875,18748.40234375,False,549
252527::056.swc,9691,9690,16624.328125,30502.43359375,18750.44921875,False,549
252527::056.swc,9692,9691,16619.75,30504.75390625,18753.52734375,False,549
252527::056.swc,9693,9692,16619.1796875,30505.4140625,18756.640625,False,549
252527::056.swc,9694,9693,16617.7734375,30507.2109375,18759.44140625,False,549
252527::056.swc,9695,9694,16615.203125,30512.46875,18756.515625,False,549
252527::056.swc,9696,9695,16609.75,30514.3515625,18754.28125,False,549
252527::056.swc,9697,9696,16603.34765625,30512.3046875,18751.8046875,False,549
252527::056.swc,9698,9697,16597.0546875,30513.0546875,18749.2734375,False,549
252527::056.swc,9699,9698,16593.375,30513.2734375,18753.60546875,False,549
252527::056.swc,9700,9699,16592.53125,30513.2734375,18761.1796875,False,549
252527::056.swc,9701,7556,16509.08203125,30327.71875,18790.5,False,549
252527::056.swc,9702,9701,16508.3828125,30341.13671875,18791.21484375,False,549
252527::056.swc,9703,9702,16508.30078125,30350.05859375,18793.140625,False,549
252527::056.swc,9704,9703,16508.3046875,30359.90625,18793.5,False,549
252527::056.swc,9705,9704,16509.43359375,30366.8515625,18794.0,False,549
252527::056.swc,9706,9705,16509.94140625,30370.05078125,18796.27734375,False,549
252527::056.swc,9707,9706,16512.2109375,30375.6484375,18797.2890625,False,549
252527::056.swc,9708,9707,16513.26171875,30380.046875,18800.4765625,False,549
252527::056.swc,9709,9708,16514.70703125,30382.45703125,18808.30859375,False,549
252527::056.swc,9710,9709,16517.2734375,30386.00390625,18816.0,False,549
252527::056.swc,9711,9710,16519.2265625,30390.1640625,18819.5,False,549
252527::056.swc,9712,9711,16519.42578125,30391.65625,18825.203125,False,549
252527::056.swc,9713,9712,16520.6953125,30394.953125,18829.5,False,549
252527::056.swc,9714,9713,16522.796875,30396.734375,18829.5,False,549
252527::056.swc,9715,9714,16527.6328125,30403.0234375,18831.015625,False,549
252527::056.swc,9716,9715,16529.6640625,30405.88671875,18834.7265625,False,549
252527::056.swc,9717,9716,16533.484375,30412.03125,18837.36328125,False,549
252527::056.swc,9718,9717,16536.3828125,30420.21484375,18843.02734375,False,549
252527::056.swc,9719,9718,16538.90234375,30425.70703125,18845.984375,False,549
252527::056.swc,9720,9719,16541.7734375,30433.62890625,18847.5,False,549
252527::056.swc,9721,9720,16545.3046875,30440.82421875,18847.5,False,549
252527::056.swc,9722,9721,16546.94140625,30444.90234375,18851.12890625,False,549
252527::056.swc,9723,9722,16548.12890625,30445.55859375,18857.5390625,False,549
252527::056.swc,9724,9723,16551.23828125,30451.59375,18862.5,False,549
252527::056.swc,9725,9724,16557.12109375,30460.24609375,18862.72265625,False,549
252527::056.swc,9726,9725,16559.7265625,30464.5234375,18865.5,False,549
252527::056.swc,9727,9726,16555.84375,30458.14453125,18862.56640625,False,549
252527::056.swc,9728,9727,16550.203125,30449.03515625,18862.5,False,549
252527::056.swc,9729,9728,16547.75,30445.0234375,18858.609375,False,549
252527::056.swc,9730,9729,16546.90234375,30445.09765625,18853.390625,False,549
252527::056.swc,9731,9730,16547.859375,30450.08203125,18850.5,False,549
252527::056.swc,9732,9731,16551.453125,30458.71875,18851.234375,False,549
252527::056.swc,9733,9732,16554.5234375,30464.3671875,18853.15625,False,549
252527::056.swc,9734,9733,16558.640625,30474.3515625,18853.5,False,549
252527::056.swc,9735,9734,16560.6171875,30482.65234375,18852.7265625,False,549
252527::056.swc,9736,9735,16562.86328125,30486.81640625,18850.59375,False,549
252527::056.swc,9737,9736,16567.1640625,30487.7734375,18847.72265625,False,549
252527::056.swc,9738,9737,16572.03125,30485.09375,18848.09765625,False,549
252527::056.swc,9739,9738,16574.19921875,30482.6171875,18851.328125,False,549
252527::056.swc,9740,9739,16575.40234375,30482.91015625,18856.84375,False,549
252527::056.swc,9741,9740,16576.96875,30486.29296875,18862.5,False,549
252527::056.swc,9742,9741,16581.82421875,30494.01953125,18861.390625,False,549
252527::056.swc,9743,9742,16585.8125,30501.7421875,18858.19921875,False,549
252527::056.swc,9744,9743,16591.734375,30509.77734375,18856.5,False,549
252527::056.swc,9745,9744,16597.84375,30518.60546875,18857.546875,False,549
252527::056.swc,9746,9745,16602.84765625,30525.84375,18859.6015625,False,549
252527::056.swc,9747,9746,16605.2265625,30528.875,18862.5,False,549
252527::056.swc,9748,9747,16607.53515625,30534.55078125,18862.5,False,549
252527::056.swc,9749,9748,16612.89453125,30541.29296875,18860.94921875,False,549
252527::056.swc,9750,9749,16614.26171875,30545.375,18857.67578125,False,549
252527::056.swc,9751,9750,16615.46484375,30555.5703125,18856.5,False,549
252527::056.swc,9752,9751,16615.1171875,30568.78515625,18855.64453125,False,549
252527::056.swc,9753,9752,16615.05859375,30576.94140625,18853.6640625,False,549
252527::056.swc,9754,9753,16615.625,30580.875,18850.5,False,549
252527::056.swc,9755,7572,16103.8359375,30412.23046875,18893.484375,False,549
252527::056.swc,9756,9755,16101.29296875,30417.08203125,18895.21875,False,549
252527::056.swc,9757,9756,16100.48828125,30423.15234375,18895.3515625,False,549
252527::056.swc,9758,9757,16100.82421875,30424.875,18892.5,False,549
252527::056.swc,9759,7572,16102.83203125,30408.6796875,18882.48046875,False,549
252527::056.swc,9760,9759,16100.82421875,30409.74609375,18875.0,False,549
252527::056.swc,9761,9760,16097.1875,30409.3046875,18877.26953125,False,549
252527::056.swc,9762,9761,16093.8203125,30407.4765625,18870.6171875,False,549
252527::056.swc,9763,9762,16090.44140625,30405.68359375,18854.71484375,False,549
252527::056.swc,9764,9763,16086.06640625,30403.53515625,18842.28515625,False,549
252527::056.swc,9765,9764,16083.375,30402.33984375,18830.2109375,False,549
252527::056.swc,9766,9765,16079.28125,30401.12890625,18818.9609375,False,549
252527::056.swc,9767,9766,16075.390625,30401.67578125,18816.23046875,False,549
252527::056.swc,9768,9767,16072.125,30402.9921875,18809.71484375,False,549
252527::056.swc,9769,9768,16065.34375,30401.7890625,18797.5390625,False,549
252527::056.swc,9770,9769,16059.1875,30399.66015625,18782.76171875,False,549
252527::056.swc,9771,9770,16053.95703125,30396.1484375,18776.984375,False,549
252527::056.swc,9772,9771,16050.8203125,30394.640625,18766.38671875,False,549
252527::056.swc,9773,9772,16048.85546875,30394.81640625,18755.13671875,False,549
252527::056.swc,9774,9773,16047.9609375,30397.609375,18749.04296875,False,549
252527::056.swc,9775,9774,16044.390625,30396.95703125,18742.49609375,False,549
252527::056.swc,9776,9775,16041.4609375,30393.5078125,18738.16015625,False,549
252527::056.swc,9777,9776,16040.24609375,30390.1015625,18733.83984375,False,549
252527::056.swc,9778,9777,16040.328125,30387.4140625,18726.296875,False,549
252527::056.swc,9779,9778,16041.75,30387.14453125,18719.1484375,False,549
252527::056.swc,9780,9779,16041.96875,30388.953125,18712.21875,False,549
252527::056.swc,9781,9780,16040.31640625,30392.2109375,18707.12109375,False,549
252527::056.swc,9782,9781,16041.546875,30398.7890625,18705.27734375,False,549
252527::056.swc,9783,9782,16046.76953125,30403.2421875,18704.48046875,False,549
252527::056.swc,9784,9783,16055.796875,30406.546875,18703.25,False,549
252527::056.swc,9785,9784,16057.2109375,30405.8125,18701.52734375,True,549
252527::056.swc,9786,7663,16054.4609375,30364.359375,18662.1953125,False,549
252527::056.swc,9787,9786,16051.3046875,30365.51171875,18664.5,False,549
252527::056.swc,9788,9787,16046.51953125,30365.1328125,18664.5,False,549
252527::056.swc,9789,9788,16042.375,30364.42578125,18667.21484375,False,549
252527::056.swc,9790,9789,16039.44921875,30364.42578125,18671.53125,False,549
252527::056.swc,9791,9790,16033.9765625,30363.08203125,18674.1953125,False,549
252527::056.swc,9792,9791,16030.828125,30361.69921875,18678.41015625,False,549
252527::056.swc,9793,9792,16026.890625,30362.23046875,18681.16796875,False,549
252527::056.swc,9794,9793,16026.07421875,30362.9453125,18685.0,True,549
252527::056.swc,9795,7663,16052.21484375,30366.87109375,18651.171875,False,549
252527::056.swc,9796,9795,16042.15625,30371.86328125,18647.75390625,False,549
252527::056.swc,9797,9796,16036.4921875,30374.82421875,18644.5390625,False,549
252527::056.swc,9798,9797,16029.78125,30377.26171875,18643.5,False,549
252527::056.swc,9799,9798,16027.578125,30379.8359375,18643.16796875,False,549
252527::056.swc,9800,9799,16025.296875,30381.33203125,18638.27734375,False,549
252527::056.swc,9801,9800,16016.41015625,30383.9453125,18628.31640625,False,549
252527::056.swc,9802,9801,16009.359375,30387.453125,18620.703125,False,549
252527::056.swc,9803,7735,16026.96875,30626.53515625,18681.01953125,False,549
252527::056.swc,9804,9803,16023.0078125,30627.6796875,18688.50390625,False,549
252527::056.swc,9805,9804,16021.74609375,30628.78125,18695.64453125,False,549
252527::056.swc,9806,9805,16020.015625,30628.46875,18697.5,False,549
252527::056.swc,9807,9806,16021.83984375,30630.5234375,18704.4765625,False,549
252527::056.swc,9808,9807,16023.6796875,30633.63671875,18708.42578125,False,549
252527::056.swc,9809,9808,16025.25390625,30638.578125,18710.6484375,False,549
252527::056.swc,9810,9809,16025.0625,30642.78515625,18714.42578125,False,549
252527::056.swc,9811,9810,16022.390625,30648.2578125,18724.04296875,False,549
252527::056.swc,9812,9811,16019.42578125,30651.94921875,18733.7265625,False,549
252527::056.swc,9813,9812,16015.1640625,30655.07421875,18743.76171875,False,549
252527::056.swc,9814,9813,16012.42578125,30657.5078125,18755.3359375,False,549
252527::056.swc,9815,9814,16012.17578125,30658.87109375,18763.14453125,False,549
252527::056.swc,9816,9815,16010.94921875,30661.88671875,18772.6171875,False,549
252527::056.swc,9817,9816,16008.61328125,30664.8515625,18781.40625,False,549
252527::056.swc,9818,9817,16004.765625,30665.234375,18788.828125,False,549
252527::056.swc,9819,9818,15999.796875,30663.84765625,18796.75390625,False,549
252527::056.swc,9820,9819,15996.078125,30663.44140625,18807.2734375,False,549
252527::056.swc,9821,9820,15993.75,30664.19140625,18820.55078125,False,549
252527::056.swc,9822,9821,15993.46875,30665.09375,18832.39453125,False,549
252527::056.swc,9823,9822,15992.19140625,30665.92578125,18840.72265625,False,549
252527::056.swc,9824,9823,15989.7578125,30665.3125,18843.21484375,False,549
252527::056.swc,9825,9824,15988.6484375,30663.9375,18848.45703125,False,549
252527::056.swc,9826,9825,15986.94921875,30662.4921875,18855.44921875,False,549
252527::056.swc,9827,9826,15982.4609375,30660.765625,18862.87109375,False,549
252527::056.swc,9828,9827,15978.4453125,30660.4765625,18867.72265625,False,549
252527::056.swc,9829,9828,15976.30078125,30663.1171875,18871.5,False,549
252527::056.swc,9830,9829,15975.171875,30666.453125,18871.5,False,549
252527::056.swc,9831,9830,15973.96484375,30670.5546875,18877.35546875,False,549
252527::056.swc,9832,9831,15973.44921875,30672.515625,18886.05078125,False,549
252527::056.swc,9833,9832,15969.98828125,30670.15625,18892.5,False,549
252527::056.swc,9834,9833,15966.07421875,30665.484375,18893.12890625,False,549
252527::056.swc,9835,9834,15963.765625,30661.9296875,18896.23828125,False,549
252527::056.swc,9836,9835,15961.83203125,30659.25,18902.7890625,False,549
252527::056.swc,9837,9836,15958.9765625,30659.6640625,18912.80859375,False,549
252527::056.swc,9838,9837,15952.9140625,30660.83203125,18914.265625,False,549
252527::056.swc,9839,9838,15944.55859375,30659.73828125,18918.953125,False,549
252527::056.swc,9840,9839,15936.72265625,30656.703125,18926.96484375,False,549
252527::056.swc,9841,9840,15932.41015625,30655.71484375,18935.72265625,False,549
252527::056.swc,9842,9841,15929.74609375,30656.4921875,18938.87109375,False,549
252527::056.swc,9843,9842,15928.21875,30656.890625,18946.77734375,False,549
252527::056.swc,9844,9843,15924.32421875,30653.6328125,18955.88671875,False,549
252527::056.swc,9845,9844,15919.81640625,30649.375,18963.94140625,False,549
252527::056.swc,9846,9845,15913.65234375,30647.109375,18976.51171875,False,549
252527::056.swc,9847,9846,15909.3125,30648.13671875,18983.5390625,False,549
252527::056.swc,9848,9847,15905.10546875,30649.1484375,18987.41796875,False,549
252527::056.swc,9849,9848,15904.4140625,30651.07421875,18995.0859375,False,549
252527::056.swc,9850,9849,15906.2421875,30653.2421875,18998.91796875,False,549
252527::056.swc,9851,9850,15907.2734375,30655.0859375,19002.69140625,False,549
252527::056.swc,9852,9851,15910.140625,30659.5390625,19005.109375,False,549
252527::056.swc,9853,9852,15912.65234375,30663.2421875,19013.4140625,False,549
252527::056.swc,9854,9853,15914.1953125,30666.3125,19022.77734375,True,549
252527::056.swc,9855,7735,16027.8984375,30630.67578125,18679.49609375,False,549
252527::056.swc,9856,9855,16024.84765625,30632.2265625,18682.16796875,False,549
252527::056.swc,9857,9856,16024.06640625,30635.90234375,18689.40625,False,549
252527::056.swc,9858,9857,16022.0625,30641.97265625,18695.37109375,False,549
252527::056.swc,9859,9858,16019.109375,30648.60546875,18699.52734375,False,549
252527::056.swc,9860,9859,16019.76953125,30653.61328125,18703.171875,False,549
252527::056.swc,9861,9860,16021.06640625,30657.0390625,18708.5,False,549
252527::056.swc,9862,9861,16021.48046875,30663.71875,18710.703125,False,549
252527::056.swc,9863,9862,16020.4921875,30672.5546875,18716.890625,False,549
252527::056.swc,9864,9863,16021.1875,30678.625,18722.609375,False,549
252527::056.swc,9865,9864,16023.36328125,30681.9140625,18727.01953125,False,549
252527::056.swc,9866,9865,16024.9140625,30687.953125,18731.0546875,False,549
252527::056.swc,9867,9866,16025.2109375,30694.71484375,18737.74609375,False,549
252527::056.swc,9868,9867,16024.890625,30699.546875,18740.4375,False,549
252527::056.swc,9869,9868,16025.3125,30701.26953125,18744.1171875,False,549
252527::056.swc,9870,9869,16024.4921875,30708.61328125,18748.95703125,False,549
252527::056.swc,9871,9870,16020.5625,30715.0,18753.7734375,False,549
252527::056.swc,9872,9871,16019.234375,30719.29296875,18758.9453125,False,549
252527::056.swc,9873,9872,16019.26953125,30725.10546875,18762.6875,False,549
252527::056.swc,9874,9873,16017.890625,30729.14453125,18768.203125,False,549
252527::056.swc,9875,9874,16015.48046875,30733.26953125,18771.9609375,False,549
252527::056.swc,9876,9875,16013.7421875,30736.53515625,18777.0390625,False,549
252527::056.swc,9877,9876,16008.10546875,30740.296875,18782.375,False,549
252527::056.swc,9878,9877,16002.265625,30742.84765625,18789.98828125,False,549
252527::056.swc,9879,9878,15998.92578125,30741.578125,18800.23046875,False,549
252527::056.swc,9880,9879,15996.23046875,30737.93359375,18806.81640625,False,549
252527::056.swc,9881,9880,15992.0625,30734.796875,18814.1484375,False,549
252527::056.swc,9882,9881,15988.44921875,30732.65625,18822.15625,False,549
252527::056.swc,9883,9882,15984.09375,30731.61328125,18827.53515625,False,549
252527::056.swc,9884,9883,15981.86328125,30731.1171875,18832.15234375,False,549
252527::056.swc,9885,9884,15974.78125,30729.98828125,18837.48046875,False,549
252527::056.swc,9886,9885,15970.82421875,30729.96875,18843.58203125,False,549
252527::056.swc,9887,9886,15965.671875,30731.26953125,18845.8515625,False,549
252527::056.swc,9888,9887,15958.29296875,30731.42578125,18852.140625,False,549
252527::056.swc,9889,9888,15952.10546875,30731.9609375,18860.296875,False,549
252527::056.swc,9890,9889,15947.484375,30735.09375,18865.5390625,False,549
252527::056.swc,9891,9890,15944.5546875,30738.28125,18871.7265625,False,549
252527::056.swc,9892,9891,15941.91796875,30739.4296875,18878.85546875,False,549
252527::056.swc,9893,9892,15939.9921875,30738.78125,18888.4453125,False,549
252527::056.swc,9894,9893,15935.5,30736.78515625,18896.44921875,False,549
252527::056.swc,9895,9894,15927.3984375,30734.015625,18901.1171875,False,549
252527::056.swc,9896,9895,15919.765625,30730.33203125,18907.2109375,False,549
252527::056.swc,9897,9896,15916.7265625,30730.2109375,18915.95703125,False,549
252527::056.swc,9898,9897,15914.30078125,30732.50390625,18925.95703125,False,549
252527::056.swc,9899,9898,15910.6640625,30734.8828125,18930.0,True,549
252527::056.swc,9900,7743,16115.09375,30639.32421875,18647.55078125,False,549
252527::056.swc,9901,9900,16113.06640625,30643.6328125,18650.8515625,False,549
252527::056.swc,9902,9901,16112.30859375,30649.17578125,18655.65234375,False,549
252527::056.swc,9903,9902,16109.890625,30654.0234375,18660.13671875,False,549
252527::056.swc,9904,9903,16104.671875,30654.58203125,18663.63671875,False,549
252527::056.swc,9905,9904,16099.2265625,30655.953125,18665.42578125,False,549
252527::056.swc,9906,9905,16098.55078125,30657.25,18667.390625,True,549
252527::056.swc,9907,7743,16123.55859375,30644.97265625,18648.30078125,False,549
252527::056.swc,9908,9907,16128.1328125,30651.578125,18649.5,False,549
252527::056.swc,9909,9908,16135.13671875,30657.57421875,18650.48046875,False,549
252527::056.swc,9910,9909,16140.7421875,30662.3828125,18652.58984375,False,549
252527::056.swc,9911,9910,16142.42578125,30664.7265625,18655.5,False,549
252527::056.swc,9912,9911,16137.84375,30668.25390625,18655.796875,False,549
252527::056.swc,9913,9912,16133.89453125,30665.80078125,18659.2109375,False,549
252527::056.swc,9914,9913,16128.37890625,30665.19140625,18663.31640625,False,549
252527::056.swc,9915,9914,16122.8671875,30668.87890625,18668.86328125,False,549
252527::056.swc,9916,9915,16118.75,30673.68359375,18672.97265625,False,549
252527::056.swc,9917,9916,16115.51171875,30675.3125,18675.57421875,False,549
252527::056.swc,9918,9917,16107.13671875,30677.984375,18675.48828125,False,549
252527::056.swc,9919,9918,16100.890625,30680.6796875,18677.46484375,False,549
252527::056.swc,9920,9919,16097.40234375,30680.59375,18682.68359375,False,549
252527::056.swc,9921,9920,16094.1953125,30679.1796875,18685.08203125,False,549
252527::056.swc,9922,9921,16085.7109375,30677.56640625,18686.28125,False,549
252527::056.swc,9923,9922,16079.4921875,30681.14453125,18687.8046875,False,549
252527::056.swc,9924,9923,16072.390625,30682.9453125,18691.3515625,False,549
252527::056.swc,9925,9924,16067.4375,30681.87109375,18692.19140625,False,549
252527::056.swc,9926,9925,16065.5234375,30682.50390625,18695.5390625,True,549
252527::056.swc,9927,7805,16363.91796875,29936.25390625,18701.97265625,False,549
252527::056.swc,9928,9927,16367.234375,29928.84375,18700.5,False,549
252527::056.swc,9929,9928,16370.1171875,29918.421875,18700.5,False,549
252527::056.swc,9930,9929,16370.828125,29898.67578125,18700.0078125,False,549
252527::056.swc,9931,9930,16371.7421875,29889.7421875,18698.046875,False,549
252527::056.swc,9932,9931,16373.99609375,29879.00390625,18697.5,False,549
252527::056.swc,9933,9932,16377.12890625,29869.8515625,18697.5,False,549
252527::056.swc,9934,9933,16378.7421875,29854.8125,18697.5,False,549
252527::056.swc,9935,9934,16378.3828125,29837.828125,18697.5,False,549
252527::056.swc,9936,9935,16379.70703125,29825.79296875,18697.5,False,549
252527::056.swc,9937,9936,16379.5390625,29807.078125,18697.5,False,549
252527::056.swc,9938,9937,16380.1953125,29786.9375,18697.5,False,549
252527::056.swc,9939,9938,16378.265625,29770.99609375,18697.5,False,549
252527::056.swc,9940,9939,16377.44921875,29755.6640625,18697.5,False,549
252527::056.swc,9941,9940,16377.10546875,29746.8125,18698.69921875,False,549
252527::056.swc,9942,9941,16377.07421875,29743.5859375,18702.3828125,False,549
252527::056.swc,9943,9942,16377.7890625,29737.01953125,18703.30078125,False,549
252527::056.swc,9944,9943,16379.8515625,29731.09375,18701.18359375,False,549
252527::056.swc,9945,9944,16384.79296875,29722.63671875,18700.5,False,549
252527::056.swc,9946,9945,16390.16796875,29715.30078125,18699.9453125,False,549
252527::056.swc,9947,9946,16395.86328125,29708.4140625,18697.61328125,False,549
252527::056.swc,9948,9947,16402.41796875,29700.921875,18697.5,False,549
252527::056.swc,9949,9948,16413.14453125,29693.05859375,18697.359375,False,549
252527::056.swc,9950,9949,16424.0078125,29688.4765625,18696.640625,False,549
252527::056.swc,9951,9950,16439.5859375,29683.0546875,18697.40625,False,549
252527::056.swc,9952,9951,16452.65625,29677.66796875,18698.34375,False,549
252527::056.swc,9953,9952,16457.1796875,29675.95703125,18700.28515625,False,549
252527::056.swc,9954,9953,16468.44921875,29671.94921875,18700.5,False,549
252527::056.swc,9955,9954,16481.17578125,29669.0546875,18700.5,False,549
252527::056.swc,9956,9955,16489.79296875,29667.71875,18701.37109375,False,549
252527::056.swc,9957,9956,16497.09765625,29665.53515625,18700.69140625,False,549
252527::056.swc,9958,9957,16509.8125,29655.13671875,18702.59375,False,549
252527::056.swc,9959,9958,16533.109375,29635.8671875,18703.5,False,549
252527::056.swc,9960,9959,16545.52734375,29623.1875,18703.5,False,549
252527::056.swc,9961,9960,16555.03515625,29616.24609375,18704.48046875,False,549
252527::056.swc,9962,9961,16560.41015625,29613.41015625,18706.4453125,False,549
252527::056.swc,9963,9962,16563.37109375,29608.53515625,18708.99609375,False,549
252527::056.swc,9964,9963,16564.671875,29604.85546875,18708.015625,False,549
252527::056.swc,9965,9964,16570.5,29603.05078125,18709.4140625,False,549
252527::056.swc,9966,9965,16574.47265625,29600.48046875,18713.48046875,False,549
252527::056.swc,9967,9966,16579.69140625,29597.015625,18715.5,False,549
252527::056.swc,9968,9967,16588.01953125,29594.4609375,18717.546875,False,549
252527::056.swc,9969,9968,16592.26171875,29592.94921875,18721.0,False,549
252527::056.swc,9970,9969,16593.05078125,29593.2421875,18724.0,False,549
252527::056.swc,9971,9970,16595.12109375,29597.12109375,18725.765625,False,549
252527::056.swc,9972,9971,16595.8984375,29600.74609375,18731.08984375,False,549
252527::056.swc,10003,7805,16354.0,29936.66015625,18707.1328125,False,549
252527::056.swc,10004,10003,16347.3203125,29940.609375,18709.046875,False,549
252527::056.swc,10005,10004,16339.9921875,29943.625,18709.5,False,549
252527::056.swc,10006,10005,16337.703125,29943.11328125,18712.5703125,False,549
252527::056.swc,10007,10006,16330.484375,29942.640625,18714.6953125,False,549
252527::056.swc,10008,10007,16320.16015625,29945.75,18716.58203125,False,549
252527::056.swc,10009,10008,16313.7265625,29950.984375,18717.71484375,False,549
252527::056.swc,10010,10009,16308.796875,29954.08984375,18716.1484375,False,549
252527::056.swc,10011,10010,16304.8203125,29955.69140625,18717.796875,False,549
252527::056.swc,10012,10011,16301.9375,29960.65625,18718.6015625,False,549
252527::056.swc,10013,10012,16301.7265625,29968.31640625,18720.84765625,False,549
252527::056.swc,10014,10013,16300.0234375,29975.24609375,18722.59765625,False,549
252527::056.swc,10015,10014,16298.81640625,29976.51171875,18726.3515625,False,549
252527::056.swc,10016,10015,16294.6171875,29981.38671875,18729.45703125,False,549
252527::056.swc,10017,10016,16290.59765625,29980.09765625,18730.5,False,549
252527::056.swc,10018,10017,16284.10546875,29981.8359375,18730.23046875,False,549
252527::056.swc,10019,10018,16279.5625,29985.01953125,18728.49609375,False,549
252527::056.swc,10020,10019,16274.0078125,29987.03125,18729.43359375,False,549
252527::056.swc,10021,10020,16271.35546875,29990.49609375,18733.26171875,False,549
252527::056.swc,10022,10021,16268.51953125,29993.3984375,18732.5546875,False,549
252527::056.swc,10023,10022,16266.20703125,29993.578125,18727.421875,False,549
252527::056.swc,10024,10023,16263.89453125,29992.10546875,18724.5,False,549
252527::056.swc,10025,10024,16262.0703125,29991.1171875,18719.3203125,False,549
252527::056.swc,10026,10025,16258.55859375,29988.01171875,18716.37890625,False,549
252527::056.swc,10027,10026,16255.625,29986.87890625,18711.95703125,False,549
252527::056.swc,10028,10027,16252.40234375,29989.546875,18709.5,False,549
252527::056.swc,10029,10028,16251.3984375,29994.6875,18709.5,False,549
252527::056.swc,10030,10029,16253.078125,30003.63671875,18705.109375,False,549
252527::056.swc,10031,10030,16254.0625,30013.671875,18703.5,False,549
252527::056.swc,10032,10031,16253.37109375,30018.0,18705.296875,False,549
252527::056.swc,10033,10032,16248.14453125,30018.62109375,18706.4609375,False,549
252527::056.swc,10034,10033,16241.59765625,30024.36328125,18706.5,False,549
252527::056.swc,10035,10034,16237.55078125,30033.02734375,18706.5,False,549
252527::056.swc,10036,10035,16230.7578125,30037.77734375,18706.5,False,549
252527::056.swc,10037,10036,16222.32421875,30040.35546875,18710.06640625,False,549
252527::056.swc,10038,10037,16216.79296875,30044.05078125,18714.66796875,False,549
252527::056.swc,10039,10038,16212.4921875,30047.4921875,18715.08203125,False,549
252527::056.swc,10040,10039,16210.52734375,30051.625,18712.77734375,False,549
252527::056.swc,10041,10040,16209.8203125,30057.68359375,18711.04296875,False,549
252527::056.swc,10042,10041,16207.15234375,30060.84765625,18709.5,False,549
252527::056.swc,10043,10042,16202.0625,30066.53515625,18702.91796875,False,549
252527::056.swc,10044,10043,16198.3359375,30070.734375,18703.29296875,False,549
252527::056.swc,10045,10044,16195.9296875,30071.4296875,18710.33203125,False,549
252527::056.swc,10046,10045,16193.59765625,30074.1640625,18708.2265625,True,549
252527::056.swc,10047,7881,16217.4609375,29992.5625,18726.87109375,False,549
252527::056.swc,10048,10047,16215.2421875,29995.79296875,18728.5,False,549
252527::056.swc,10049,10048,16214.48046875,29996.453125,18732.5,False,549
252527::056.swc,10050,10049,16210.81640625,29997.60546875,18733.5,True,549
252527::056.swc,10051,7881,16219.828125,29990.17578125,18722.83203125,False,549
252527::056.swc,10052,10051,16209.359375,29986.359375,18721.5,False,549
252527::056.swc,10053,10052,16200.4453125,29983.4375,18721.33203125,False,549
252527::056.swc,10054,10053,16198.32421875,29983.46875,18719.25,False,549
252527::056.swc,10055,7948,16533.0390625,29866.640625,18592.65625,False,549
252527::056.swc,10056,10055,16535.9453125,29869.125,18594.6953125,True,549
252527::056.swc,10057,7948,16526.22265625,29866.82421875,18592.67578125,False,549
252527::056.swc,10058,10057,16525.3984375,29872.36328125,18595.96875,False,549
252527::056.swc,10059,10058,16522.39453125,29874.453125,18599.42578125,False,549
252527::056.swc,10060,10059,16522.4921875,29876.65625,18603.66796875,False,549
252527::056.swc,10061,10060,16526.5859375,29882.60546875,18604.84375,False,549
252527::056.swc,10062,10061,16528.19140625,29887.98046875,18606.5625,False,549
252527::056.swc,10063,10062,16529.12109375,29891.84375,18605.47265625,False,549
252527::056.swc,10064,10063,16528.0546875,29897.265625,18606.078125,False,549
252527::056.swc,10065,10064,16527.49609375,29901.57421875,18609.17578125,False,549
252527::056.swc,10066,10065,16529.5390625,29905.7421875,18610.5,False,549
252527::056.swc,10067,10066,16534.390625,29905.24609375,18610.5,True,549
252527::056.swc,10068,8078,16651.76953125,30098.0390625,18565.0,False,549
252527::056.swc,10069,10068,16652.69921875,30095.609375,18559.96875,False,549
252527::056.swc,10070,10069,16653.08984375,30091.21484375,18556.046875,False,549
252527::056.swc,10071,10070,16653.00390625,30086.16796875,18553.92578125,False,549
252527::056.swc,10072,10071,16655.22265625,30080.65625,18552.36328125,False,549
252527::056.swc,10073,10072,16657.16015625,30077.56640625,18546.96875,False,549
252527::056.swc,10074,10073,16658.52734375,30073.0859375,18544.5,False,549
252527::056.swc,10075,10074,16660.84375,30062.80078125,18542.76171875,False,549
252527::056.swc,10076,10075,16662.84375,30056.4296875,18539.140625,False,549
252527::056.swc,10077,10076,16666.796875,30052.34375,18535.27734375,False,549
252527::056.swc,10078,10077,16670.1796875,30051.265625,18533.1640625,True,549
252527::056.swc,10079,8078,16657.3828125,30101.42578125,18561.0234375,False,549
252527::056.swc,10080,10079,16667.41015625,30105.21484375,18554.69921875,False,549
252527::056.swc,10081,10080,16674.109375,30106.65625,18548.09765625,False,549
252527::056.swc,10082,10081,16684.546875,30109.5859375,18541.4609375,False,549
252527::056.swc,10083,10082,16694.0,30113.7421875,18533.90625,False,549
252527::056.swc,10084,10083,16703.78515625,30115.37109375,18531.4140625,False,549
252527::056.swc,10085,10084,16710.8828125,30115.875,18527.8359375,False,549
252527::056.swc,10086,10085,16715.4609375,30116.33984375,18523.94921875,False,549
252527::056.swc,10087,10086,16721.8046875,30115.765625,18519.70703125,False,549
252527::056.swc,10088,10087,16727.10546875,30115.68359375,18519.46484375,False,549
252527::056.swc,10089,10088,16731.53515625,30116.80859375,18517.6484375,False,549
252527::056.swc,10090,10089,16735.7578125,30120.1484375,18517.5,False,549
252527::056.swc,10091,10090,16738.51171875,30123.19921875,18520.0,False,549
252527::056.swc,10092,10091,16739.53515625,30123.53515625,18523.16796875,False,549
252527::056.swc,10093,10092,16745.109375,30122.7734375,18521.375,False,549
252527::056.swc,10094,10093,16752.0078125,30120.4453125,18517.8828125,False,549
252527::056.swc,10095,10094,16760.8828125,30117.453125,18517.5,False,549
252527::056.swc,10096,10095,16769.3984375,30119.0625,18517.68359375,False,549
252527::056.swc,10097,10096,16773.26171875,30124.2734375,18519.34375,False,549
252527::056.swc,10098,10097,16780.29296875,30129.62890625,18520.5,False,549
252527::056.swc,10099,10098,16785.26171875,30130.8203125,18520.5,False,549
252527::056.swc,10100,10099,16790.12890625,30132.578125,18525.84765625,False,549
252527::056.swc,10101,10100,16795.51953125,30136.27734375,18530.10546875,False,549
252527::056.swc,10102,10101,16804.98828125,30138.84375,18529.10546875,False,549
252527::056.swc,10103,10102,16812.86328125,30139.2578125,18527.90625,False,549
252527::056.swc,10104,10103,16816.78125,30141.98046875,18531.5703125,False,549
252527::056.swc,10105,10104,16820.6640625,30145.57421875,18532.16796875,False,549
252527::056.swc,10106,10105,16823.0390625,30147.37890625,18529.83203125,False,549
252527::056.swc,10107,10106,16826.93359375,30153.33203125,18529.5,True,549
252527::056.swc,10108,8373,16459.91015625,30625.69140625,18828.83984375,False,549
252527::056.swc,10109,10108,16457.71484375,30630.98828125,18827.0,False,549
252527::056.swc,10110,10109,16455.75390625,30638.6328125,18826.5,False,549
252527::056.swc,10111,10110,16450.05859375,30644.70703125,18826.5,False,549
252527::056.swc,10112,10111,16443.17578125,30643.50390625,18827.8046875,False,549
252527::056.swc,10113,10112,16439.03515625,30643.7734375,18830.56640625,False,549
252527::056.swc,10114,10113,16432.890625,30646.2890625,18832.5,False,549
252527::056.swc,10115,10114,16426.80078125,30650.41015625,18834.85546875,False,549
252527::056.swc,10116,10115,16423.33203125,30652.68359375,18839.4765625,False,549
252527::056.swc,10117,10116,16417.23046875,30656.62890625,18841.5,False,549
252527::056.swc,10118,10117,16412.38671875,30663.5625,18841.5,False,549
252527::056.swc,10119,10118,16406.7265625,30669.3515625,18841.5,False,549
252527::056.swc,10120,10119,16404.65234375,30675.0546875,18843.58984375,False,549
252527::056.swc,10121,10120,16401.37890625,30678.1875,18850.62109375,False,549
252527::056.swc,10122,10121,16394.08984375,30680.2265625,18857.1640625,False,549
252527::056.swc,10123,10122,16382.74609375,30682.4140625,18864.2421875,False,549
252527::056.swc,10124,10123,16377.37109375,30682.84375,18864.6171875,False,549
252527::056.swc,10125,10124,16373.96875,30685.87890625,18861.48046875,False,549
252527::056.swc,10126,10125,16365.6640625,30688.1015625,18859.5,False,549
252527::056.swc,10127,10126,16354.26953125,30689.46875,18863.3125,False,549
252527::056.swc,10128,10127,16348.2890625,30693.25390625,18869.125,False,549
252527::056.swc,10129,10128,16345.73046875,30699.453125,18873.140625,False,549
252527::056.swc,10130,10129,16342.1953125,30701.75,18875.84375,False,549
252527::056.swc,10131,10130,16338.46484375,30703.3359375,18882.578125,False,549
252527::056.swc,10132,10131,16333.796875,30706.4609375,18888.6796875,False,549
252527::056.swc,10133,10132,16330.87890625,30712.0703125,18893.5390625,False,549
252527::056.swc,10134,10133,16325.296875,30718.27734375,18898.08984375,False,549
252527::056.swc,10135,10134,16318.96875,30720.35546875,18906.83984375,False,549
252527::056.swc,10136,10135,16313.19921875,30721.3359375,18916.16796875,False,549
252527::056.swc,10137,10136,16307.90625,30719.94140625,18923.0390625,False,549
252527::056.swc,10138,10137,16304.5390625,30720.85546875,18927.046875,False,549
252527::056.swc,10139,10138,16298.7109375,30723.15625,18935.1328125,False,549
252527::056.swc,10140,10139,16294.19921875,30722.84765625,18940.5,False,549
252527::056.swc,10141,10140,16288.45703125,30720.42578125,18942.5390625,False,549
252527::056.swc,10142,10141,16284.38671875,30720.92578125,18947.7578125,True,549
252527::056.swc,10143,8373,16465.4375,30631.73046875,18827.6796875,False,549
252527::056.swc,10144,10143,16468.24609375,30637.61328125,18830.97265625,False,549
252527::056.swc,10145,10144,16472.4921875,30646.046875,18832.5,False,549
252527::056.swc,10146,10145,16477.875,30655.6953125,18832.6484375,False,549
252527::056.swc,10147,10146,16482.6328125,30666.5,18835.3515625,False,549
252527::056.swc,10148,10147,16485.55078125,30675.4375,18835.5,False,549
252527::056.swc,10149,10148,16486.92578125,30679.74609375,18836.9453125,False,549
252527::056.swc,10150,10149,16486.92578125,30680.79296875,18839.6640625,False,549
252527::056.swc,10151,10150,16488.52734375,30687.6171875,18841.5,False,549
252527::056.swc,10152,10151,16492.21484375,30699.8515625,18841.5,False,549
252527::056.swc,10153,10152,16495.06640625,30710.46875,18842.25,False,549
252527::056.swc,10154,10153,16495.35546875,30711.34375,18844.08203125,False,549
252527::056.swc,10155,10154,16498.3125,30722.29296875,18846.234375,False,549
252527::056.swc,10156,10155,16499.6171875,30729.01171875,18850.1015625,False,549
252527::056.swc,10157,10156,16504.35546875,30741.984375,18858.12109375,False,549
252527::056.swc,10158,10157,16509.82421875,30752.20703125,18863.45703125,False,549
252527::056.swc,10159,10158,16510.75,30761.05859375,18867.5546875,False,549
252527::056.swc,10160,10159,16509.49609375,30771.1484375,18875.828125,False,549
252527::056.swc,10161,10160,16509.453125,30779.01953125,18884.9453125,False,549
252527::056.swc,10162,8395,16489.26171875,29667.375,18562.3984375,False,549
252527::056.swc,10163,10162,16493.81640625,29668.37109375,18554.26171875,False,549
252527::056.swc,10164,10163,16496.375,29669.96484375,18542.4765625,False,549
252527::056.swc,10165,10164,16496.88671875,29669.84375,18530.79296875,True,549
252527::056.swc,10166,8395,16484.50390625,29666.015625,18566.0703125,False,549
252527::056.swc,10167,10166,16487.58203125,29661.71484375,18565.16796875,False,549
252527::056.swc,10168,10167,16488.875,29658.3984375,18562.83203125,False,549
252527::056.swc,10169,10168,16489.59375,29651.53515625,18561.5390625,False,549
252527::056.swc,10170,10169,16492.984375,29643.85546875,18558.5703125,False,549
252527::056.swc,10171,10170,16496.63671875,29636.8046875,18554.51953125,False,549
252527::056.swc,10172,10171,16500.91796875,29629.20703125,18553.5,False,549
252527::056.swc,10173,10172,16502.5234375,29625.58984375,18551.83203125,False,549
252527::056.swc,10174,10173,16503.55078125,29623.2265625,18545.609375,False,549
252527::056.swc,10175,10174,16505.4609375,29619.515625,18542.42578125,False,549
252527::056.swc,10176,10175,16506.83984375,29617.875,18539.40625,False,549
252527::056.swc,10177,10176,16510.21484375,29610.5703125,18536.515625,False,549
252527::056.swc,10178,10177,16513.125,29602.49609375,18531.23828125,False,549
252527::056.swc,10179,10178,16515.2109375,29598.6875,18527.1015625,False,549
252527::056.swc,10180,10179,16520.01171875,29587.5625,18522.12890625,False,549
252527::056.swc,10181,10180,16524.54296875,29577.96875,18516.15625,False,549
252527::056.swc,10182,10181,16528.0546875,29569.55859375,18508.890625,False,549
252527::056.swc,10183,10182,16532.2890625,29561.73046875,18501.0234375,False,549
252527::056.swc,10184,10183,16536.16796875,29555.875,18496.984375,False,549
252527::056.swc,10185,10184,16539.04296875,29551.50390625,18491.16796875,False,549
252527::056.swc,10186,10185,16541.66015625,29546.28515625,18489.37109375,False,549
252527::056.swc,10187,10186,16542.17578125,29542.66796875,18483.17578125,False,549
252527::056.swc,10188,10187,16548.1484375,29539.40234375,18475.44921875,False,549
252527::056.swc,10189,10188,16553.6484375,29535.390625,18472.5,False,549
252527::056.swc,10190,10189,16555.76953125,29528.9609375,18468.41796875,False,549
252527::056.swc,10191,10190,16555.37890625,29521.73046875,18460.359375,False,549
252527::056.swc,10192,10191,16556.0546875,29515.14453125,18450.1328125,False,549
252527::056.swc,10193,10192,16558.65234375,29509.50390625,18440.6484375,False,549
252527::056.swc,10194,10193,16564.37890625,29502.390625,18430.75390625,False,549
252527::056.swc,10195,10194,16568.14453125,29496.5078125,18425.18359375,False,549
252527::056.swc,10196,10195,16569.65625,29493.38671875,18419.62109375,False,549
252527::056.swc,10197,10196,16572.3671875,29490.71484375,18415.97265625,False,549
252527::056.swc,10198,10197,16574.57421875,29486.14453125,18415.5,False,549
252527::056.swc,10199,10198,16576.26171875,29482.10546875,18412.76953125,False,549
252527::056.swc,10200,10199,16580.65625,29475.0703125,18411.08203125,False,549
252527::056.swc,10201,10200,16582.109375,29470.390625,18407.7734375,False,549
252527::056.swc,10202,10201,16582.4765625,29468.75390625,18402.47265625,False,549
252527::056.swc,10203,10202,16581.25,29463.58203125,18400.5,False,549
252527::056.swc,10204,10203,16578.0625,29457.13671875,18401.66796875,False,549
252527::056.swc,10205,10204,16574.96875,29453.94921875,18403.09375,False,549
252527::056.swc,10206,10205,16573.0703125,29451.24609375,18401.3046875,True,549
252527::056.swc,10207,8507,16622.40234375,29307.76953125,18612.10546875,False,549
252527::056.swc,10208,10207,16626.56640625,29298.9609375,18611.98046875,False,549
252527::056.swc,10209,10208,16634.83203125,29288.4296875,18610.78515625,False,549
252527::056.swc,10210,10209,16642.0390625,29277.01171875,18610.5,False,549
252527::056.swc,10211,10210,16643.23828125,29266.40625,18610.5,False,549
252527::056.swc,10212,10211,16640.94921875,29259.32421875,18610.6875,False,549
252527::056.swc,10213,10212,16641.1015625,29255.296875,18612.56640625,False,549
252527::056.swc,10214,10213,16642.97265625,29245.90234375,18611.4765625,False,549
252527::056.swc,10215,10214,16642.48828125,29236.77734375,18614.125,False,549
252527::056.swc,10216,10215,16643.47265625,29229.66015625,18618.8984375,False,549
252527::056.swc,10217,10216,16645.09375,29228.23828125,18626.5859375,False,549
252527::056.swc,10218,8507,16633.44921875,29310.94921875,18599.02734375,False,549
252527::056.swc,10219,10218,16641.74609375,29308.2421875,18595.58203125,False,549
252527::056.swc,10220,10219,16649.04296875,29308.484375,18593.68359375,False,549
252527::056.swc,10221,10220,16652.546875,29308.984375,18590.1015625,False,549
252527::056.swc,10222,10221,16656.90234375,29312.015625,18587.88671875,False,549
252527::056.swc,10223,10222,16660.00390625,29315.15234375,18580.63671875,False,549
252527::056.swc,10224,10223,16665.02734375,29315.53515625,18572.87890625,False,549
252527::056.swc,10225,10224,16667.5546875,29313.28125,18566.98046875,False,549
252527::056.swc,10226,10225,16672.61328125,29311.484375,18560.8984375,False,549
252527::056.swc,10250,8669,16284.00390625,29848.8125,18600.421875,False,549
252527::056.swc,10251,10250,16285.02734375,29844.23046875,18591.265625,False,549
252527::056.swc,10252,10251,16286.95703125,29841.42578125,18587.0,False,549
252527::056.swc,10253,10252,16287.984375,29839.10546875,18588.52734375,False,549
252527::056.swc,10254,10253,16289.3984375,29836.171875,18583.45703125,False,549
252527::056.swc,10255,10254,16293.98046875,29833.1953125,18575.4609375,False,549
252527::056.swc,10256,10255,16296.84765625,29832.17578125,18569.55859375,True,549
252527::056.swc,10257,8669,16277.0390625,29851.2265625,18603.48046875,False,549
252527::056.swc,10258,10257,16269.10546875,29847.90625,18605.75390625,False,549
252527::056.swc,10259,10258,16260.8671875,29841.34765625,18604.6953125,False,549
252527::056.swc,10260,10259,16253.15625,29836.40625,18605.25,False,549
252527::056.swc,10261,10260,16250.83984375,29834.265625,18607.08203125,False,549
252527::056.swc,10262,10261,16245.390625,29829.15234375,18607.80078125,False,549
252527::056.swc,10263,10262,16241.140625,29827.1171875,18609.6875,False,549
252527::056.swc,10264,10263,16232.60546875,29824.90234375,18609.78515625,False,549
252527::056.swc,10265,10264,16227.76953125,29824.0859375,18607.859375,False,549
252527::056.swc,10266,10265,16220.3984375,29823.12109375,18607.5,False,549
252527::056.swc,10267,10266,16214.07421875,29821.9765625,18609.47265625,False,549
252527::056.swc,10268,10267,16208.83984375,29822.0234375,18608.75390625,False,549
252527::056.swc,10269,10268,16204.08984375,29821.5859375,18609.984375,False,549
252527::056.swc,10270,10269,16198.984375,29819.97265625,18607.6484375,False,549
252527::056.swc,10271,10270,16190.72265625,29817.21875,18607.5,False,549
252527::056.swc,10272,10271,16178.28515625,29810.51953125,18607.5,False,549
252527::056.swc,10273,10272,16174.24609375,29806.40625,18607.18359375,False,549
252527::056.swc,10274,10273,16171.23828125,29805.25,18603.3359375,False,549
252527::056.swc,10275,10274,16170.30078125,29806.4921875,18598.31640625,False,549
252527::056.swc,10276,10275,16166.33203125,29806.85546875,18595.5,False,549
252527::056.swc,10277,10276,16163.11328125,29806.02734375,18595.5,False,549
252527::056.swc,10278,10277,16157.8203125,29804.9375,18592.09765625,False,549
252527::056.swc,10279,10278,16152.359375,29800.6640625,18589.61328125,False,549
252527::056.swc,10280,10279,16146.00390625,29790.61328125,18588.04296875,False,549
252527::056.swc,10281,10280,16142.08203125,29785.13671875,18582.44921875,False,549
252527::056.swc,10282,10281,16138.91796875,29781.6328125,18575.4921875,False,549
252527::056.swc,10283,10282,16136.03125,29780.44921875,18575.28125,False,549
252527::056.swc,10284,10283,16132.73828125,29781.20703125,18577.7109375,False,549
252527::056.swc,10285,10284,16128.8515625,29780.26171875,18575.21875,True,549
252527::056.swc,10286,8692,16317.6484375,30016.06640625,18407.34375,False,549
252527::056.swc,10287,10286,16316.7890625,30022.8125,18400.0546875,True,549
252527::056.swc,10288,8692,16313.94140625,30008.76171875,18397.53125,False,549
252527::056.swc,10289,10288,16309.41796875,30009.37890625,18381.0703125,False,549
252527::056.swc,10290,10289,16306.6171875,30008.75,18373.5,False,549
252527::056.swc,10291,10290,16306.01953125,30007.30078125,18371.453125,False,549
252527::056.swc,10292,10291,16301.734375,30005.5390625,18360.15625,False,549
252527::056.swc,10293,10292,16295.7265625,30002.359375,18349.046875,False,549
252527::056.swc,10294,10293,16290.96875,30000.16015625,18339.39453125,False,549
252527::056.swc,10295,10294,16287.28515625,30000.02734375,18335.38671875,False,549
252527::056.swc,10296,10295,16285.80859375,29998.984375,18328.2734375,False,549
252527::056.swc,10297,10296,16282.30859375,29998.4375,18319.4765625,False,549
252527::056.swc,10298,10297,16278.953125,29998.62890625,18306.5859375,False,549
252527::056.swc,10299,10298,16275.796875,29998.30078125,18284.8203125,False,549
252527::056.swc,10300,10299,16272.41796875,29997.8046875,18268.34765625,False,549
252527::056.swc,10301,10300,16271.7734375,29997.3515625,18261.25,False,549
252527::056.swc,10302,10301,16273.15234375,29999.78515625,18256.171875,False,549
252527::056.swc,10303,10302,16273.671875,30005.41796875,18254.78515625,False,549
252527::056.swc,10304,10303,16272.4453125,30010.4296875,18256.25,False,549
252527::056.swc,10305,10304,16270.72265625,30018.3984375,18256.27734375,False,549
252527::056.swc,10306,10305,16268.59375,30022.16015625,18253.72265625,False,549
252527::056.swc,10307,10306,16264.5,30027.7109375,18254.03515625,False,549
252527::056.swc,10308,10307,16262.765625,30034.1171875,18256.26171875,False,549
252527::056.swc,10309,10308,16261.32421875,30044.17578125,18257.08203125,False,549
252527::056.swc,10310,10309,16260.578125,30049.08203125,18259.8125,False,549
252527::056.swc,10311,10310,16259.32421875,30051.37109375,18264.5,False,549
252527::056.swc,10312,10311,16254.5234375,30053.1796875,18265.5,False,549
252527::056.swc,10313,10312,16250.30859375,30057.18359375,18266.390625,False,549
252527::056.swc,10314,10313,16249.625,30058.2734375,18271.16796875,False,549
252527::056.swc,10315,10314,16244.60546875,30063.04296875,18274.82421875,False,549
252527::056.swc,10316,10315,16239.22265625,30068.20703125,18276.65625,False,549
252527::056.swc,10317,10316,16233.32421875,30076.02734375,18277.5,False,549
252527::056.swc,10318,10317,16231.02734375,30081.5546875,18278.33203125,False,549
252527::056.swc,10319,10318,16230.59375,30083.71484375,18282.0,False,549
252527::056.swc,10320,10319,16225.8359375,30086.625,18283.5,False,549
252527::056.swc,10321,10320,16219.63671875,30088.234375,18283.5,True,549
252527::056.swc,10322,8704,16222.16796875,30038.95703125,18593.57421875,False,549
252527::056.swc,10323,10322,16221.140625,30039.88671875,18585.11328125,False,549
252527::056.swc,10324,10323,16220.42578125,30042.4375,18578.39453125,False,549
252527::056.swc,10325,10324,16220.58203125,30048.12109375,18574.0859375,False,549
252527::056.swc,10326,10325,16220.47265625,30054.51953125,18566.21484375,False,549
252527::056.swc,10327,10326,16219.3828125,30060.22265625,18560.87890625,False,549
252527::056.swc,10328,10327,16219.6796875,30066.9921875,18556.390625,False,549
252527::056.swc,10329,10328,16219.7734375,30069.8203125,18548.5703125,False,549
252527::056.swc,10330,10329,16219.96484375,30070.27734375,18536.1953125,False,549
252527::056.swc,10331,10330,16220.58984375,30068.5078125,18530.5078125,False,549
252527::056.swc,10332,10331,16219.93359375,30067.92578125,18522.3515625,False,549
252527::056.swc,10333,10332,16219.7734375,30070.18359375,18508.484375,False,549
252527::056.swc,10334,10333,16219.7734375,30073.48046875,18501.328125,False,549
252527::056.swc,10335,10334,16219.7734375,30074.09765625,18492.734375,False,549
252527::056.swc,10336,8704,16228.2734375,30044.1328125,18583.22265625,False,549
252527::056.swc,10337,10336,16232.8359375,30049.859375,18574.46875,False,549
252527::056.swc,10338,10337,16233.31640625,30057.55859375,18568.5,False,549
252527::056.swc,10339,10338,16230.671875,30060.94140625,18568.5,False,549
252527::056.swc,10340,10339,16224.8515625,30063.32421875,18568.5,False,549
252527::056.swc,10341,10340,16218.94140625,30068.88671875,18566.35546875,False,549
252527::056.swc,10342,10341,16214.2265625,30072.828125,18561.27734375,False,549
252527::056.swc,10343,10342,16209.6796875,30076.09375,18559.5,False,549
252527::056.swc,10344,10343,16207.65625,30080.05078125,18558.8515625,False,549
252527::056.swc,10345,10344,16207.30859375,30083.19921875,18554.96875,False,549
252527::056.swc,10346,10345,16206.37109375,30090.10546875,18550.921875,False,549
252527::056.swc,10347,10346,16205.4453125,30096.19921875,18543.3515625,False,549
252527::056.swc,10348,10347,16204.17578125,30105.30859375,18537.71875,False,549
252527::056.swc,10349,10348,16203.58203125,30113.609375,18529.0390625,False,549
252527::056.swc,10350,10349,16198.3046875,30127.28515625,18523.890625,False,549
252527::056.swc,10351,10350,16195.28125,30132.5390625,18525.77734375,False,549
252527::056.swc,10352,10351,16194.7734375,30140.734375,18524.359375,False,549
252527::056.swc,10353,10352,16195.609375,30145.66015625,18524.8671875,False,549
252527::056.swc,10354,10353,16195.296875,30149.94921875,18521.30859375,False,549
252527::056.swc,10355,10354,16192.3828125,30155.609375,18517.72265625,False,549
252527::056.swc,10356,10355,16188.07421875,30158.15234375,18512.98046875,False,549
252527::056.swc,10357,10356,16184.54296875,30159.67578125,18514.203125,False,549
252527::056.swc,10358,10357,16184.02734375,30159.67578125,18521.44140625,False,549
252527::056.swc,10359,10358,16183.28125,30161.046875,18526.5,False,549
252527::056.swc,10360,10359,16181.6875,30163.3515625,18524.7890625,False,549
252527::056.swc,10361,10360,16179.8515625,30166.5390625,18516.8984375,False,549
252527::056.swc,10362,10361,16177.85546875,30168.125,18508.67578125,False,549
252527::056.swc,10363,10362,16173.7890625,30168.45703125,18506.8125,False,549
252527::056.swc,10364,10363,16169.16796875,30171.3828125,18509.8515625,False,549
252527::056.swc,10365,10364,16164.9453125,30173.36328125,18509.515625,False,549
252527::056.swc,10366,10365,16161.71484375,30174.2265625,18513.984375,False,549
252527::056.swc,10367,10366,16154.9921875,30177.421875,18517.61328125,False,549
252527::056.swc,10368,10367,16147.15234375,30181.296875,18517.53125,False,549
252527::056.swc,10369,10368,16141.79296875,30183.86328125,18512.44140625,False,549
252527::056.swc,10370,10369,16136.46484375,30182.80078125,18511.5,False,549
252527::056.swc,10371,10370,16132.67578125,30181.234375,18513.0,False,549
252527::056.swc,10372,10371,16132.67578125,30181.015625,18516.0,False,549
252527::056.swc,10373,10372,16129.1328125,30180.30859375,18516.40234375,False,549
252527::056.swc,10374,10373,16124.296875,30181.5859375,18514.69921875,False,549
252527::056.swc,10375,10374,16120.16015625,30180.546875,18508.1171875,False,549
252527::056.swc,10376,10375,16117.62109375,30178.71875,18501.109375,False,549
252527::056.swc,10377,10376,16116.953125,30175.62890625,18495.8125,False,549
252527::056.swc,10378,10377,16115.7578125,30171.73828125,18493.01171875,False,549
252527::056.swc,10379,10378,16115.99609375,30168.26171875,18487.17578125,False,549
252527::056.swc,10380,10379,16116.78515625,30163.89453125,18483.04296875,True,549
252527::056.swc,10381,8804,16637.87890625,30072.91015625,18581.9609375,False,549
252527::056.swc,10382,10381,16645.6484375,30073.421875,18578.1796875,False,549
252527::056.swc,10383,10382,16652.125,30073.64453125,18571.9296875,False,549
252527::056.swc,10384,10383,16657.6484375,30072.40234375,18567.30859375,False,549
252527::056.swc,10385,10384,16660.9921875,30068.97265625,18564.64453125,False,549
252527::056.swc,10386,10385,16665.7734375,30066.8828125,18559.33203125,False,549
252527::056.swc,10387,10386,16668.44140625,30066.7265625,18553.83203125,False,549
252527::056.swc,10388,10387,16673.9453125,30064.5859375,18551.01953125,False,549
252527::056.swc,10389,10388,16675.7734375,30062.60546875,18545.19140625,False,549
252527::056.swc,10390,10389,16680.859375,30059.26171875,18540.859375,False,549
252527::056.swc,10391,10390,16685.34375,30056.1015625,18534.58984375,False,549
252527::056.swc,10392,10391,16690.3046875,30053.85546875,18531.0,False,549
252527::056.swc,10393,10392,16693.66015625,30053.265625,18527.0546875,False,549
252527::056.swc,10394,10393,16699.41015625,30050.48828125,18526.16796875,False,549
252527::056.swc,10395,10394,16702.4609375,30048.05859375,18522.08203125,False,549
252527::056.swc,10396,10395,16709.203125,30044.0625,18518.56640625,False,549
252527::056.swc,10397,10396,16716.05078125,30040.1171875,18516.5,False,549
252527::056.swc,10398,10397,16717.0234375,30039.42578125,18512.5,False,549
252527::056.swc,10399,10398,16726.26953125,30032.32421875,18506.625,False,549
252527::056.swc,10400,10399,16734.4765625,30027.27734375,18500.98828125,False,549
252527::056.swc,10401,10400,16740.14453125,30025.58203125,18498.625,False,549
252527::056.swc,10402,10401,16747.796875,30024.25390625,18493.36328125,False,549
252527::056.swc,10403,10402,16752.97265625,30024.5,18489.4921875,False,549
252527::056.swc,10404,10403,16755.01171875,30023.88671875,18485.32421875,False,549
252527::056.swc,10405,10404,16762.234375,30021.41796875,18477.4140625,False,549
252527::056.swc,10406,10405,16768.61328125,30020.453125,18473.453125,False,549
252527::056.swc,10407,10406,16771.84375,30020.57421875,18474.09765625,False,549
252527::056.swc,10408,10407,16773.453125,30020.57421875,18479.21484375,False,549
252527::056.swc,10409,10408,16776.1875,30020.5390625,18481.5,False,549
252527::056.swc,10410,10409,16780.515625,30021.09375,18481.5,False,549
252527::056.swc,10411,10410,16783.375,30019.93359375,18479.2578125,False,549
252527::056.swc,10412,10411,16785.578125,30018.140625,18471.1796875,False,549
252527::056.swc,10413,10412,16788.7890625,30014.921875,18464.7421875,False,549
252527::056.swc,10414,10413,16789.890625,30013.38671875,18458.4453125,False,549
252527::056.swc,10415,10414,16798.6796875,30009.75390625,18454.296875,False,549
252527::056.swc,10416,10415,16809.59765625,30006.328125,18449.14453125,False,549
252527::056.swc,10417,10416,16813.2265625,30004.9765625,18445.5,False,549
252527::056.swc,10418,10417,16823.73828125,29998.84375,18445.5,False,549
252527::056.swc,10419,10418,16827.32421875,29998.42578125,18442.21875,False,549
252527::056.swc,10420,10419,16831.4765625,29997.3828125,18434.2734375,False,549
252527::056.swc,10421,10420,16837.6796875,29994.828125,18430.859375,False,549
252527::056.swc,10422,10421,16841.32421875,29991.6796875,18423.6328125,False,549
252527::056.swc,10423,10422,16844.75390625,29986.86328125,18420.75390625,False,549
252527::056.swc,10424,10423,16848.46875,29983.18359375,18415.1171875,False,549
252527::056.swc,10425,10424,16852.40625,29980.33984375,18412.5,False,549
252527::056.swc,10426,10425,16856.15625,29975.0703125,18411.4765625,False,549
252527::056.swc,10427,10426,16861.24609375,29971.796875,18407.99609375,False,549
252527::056.swc,10428,10427,16864.8984375,29969.078125,18401.67578125,False,549
252527::056.swc,10429,10428,16866.1875,29968.375,18395.3046875,False,549
252527::056.swc,10430,10429,16869.2890625,29969.8984375,18392.1328125,False,549
252527::056.swc,10431,10430,16872.9921875,29967.85546875,18389.59375,False,549
252527::056.swc,10432,10431,16876.5546875,29965.96484375,18391.15625,False,549
252527::056.swc,10433,10432,16883.37890625,29963.8515625,18391.5,False,549
252527::056.swc,10434,10433,16889.45703125,29959.390625,18390.55859375,False,549
252527::056.swc,10435,10434,16894.26171875,29955.87890625,18388.1015625,False,549
252527::056.swc,10436,10435,16898.3671875,29953.34765625,18383.10546875,False,549
252527::056.swc,10437,10436,16901.9921875,29948.53515625,18380.953125,False,549
252527::056.swc,10438,10437,16904.1875,29944.45703125,18381.52734375,False,549
252527::056.swc,10439,10438,16909.7734375,29940.04296875,18379.63671875,False,549
252527::056.swc,10440,10439,16912.6640625,29936.578125,18375.12109375,False,549
252527::056.swc,10441,10440,16917.89453125,29929.515625,18371.96875,False,549
252527::056.swc,10442,10441,16923.5234375,29920.5859375,18364.87890625,False,549
252527::056.swc,10443,10442,16929.8359375,29912.078125,18359.7734375,False,549
252527::056.swc,10444,10443,16935.89453125,29901.9140625,18358.5,False,549
252527::056.swc,10445,10444,16941.6953125,29895.30859375,18356.9140625,False,549
252527::056.swc,10446,10445,16946.23046875,29887.06640625,18352.1171875,False,549
252527::056.swc,10447,10446,16952.3046875,29878.78515625,18347.64453125,False,549
252527::056.swc,10448,10447,16956.2265625,29872.76171875,18341.6484375,False,549
252527::056.swc,10449,10448,16961.0,29865.56640625,18338.3828125,False,549
252527::056.swc,10450,10449,16966.83203125,29859.6875,18335.63671875,False,549
252527::056.swc,10451,10450,16972.6640625,29853.8125,18332.88671875,False,549
252527::056.swc,10452,10451,16978.5,29847.93359375,18330.140625,False,549
252527::056.swc,10453,10452,16984.33203125,29842.0546875,18327.39453125,False,549
252527::056.swc,10454,10453,16990.1640625,29836.1796875,18324.64453125,False,549
252527::056.swc,10455,10454,16995.99609375,29830.30078125,18321.8984375,False,549
252527::056.swc,10456,10455,17001.83203125,29824.421875,18319.15234375,False,549
252527::056.swc,10457,10456,17007.6640625,29818.546875,18316.40234375,False,549
252527::056.swc,10458,10457,17013.49609375,29812.66796875,18313.65625,True,549
252527::056.swc,10459,8804,16636.94921875,30072.2421875,18582.4453125,False,549
252527::056.swc,10460,10459,16641.13671875,30067.22265625,18580.5,False,549
252527::056.swc,10461,10460,16643.00390625,30062.0390625,18579.66796875,False,549
252527::056.swc,10462,10461,16643.55078125,30060.55078125,18576.0,False,549
252527::056.swc,10463,10462,16644.8828125,30055.9140625,18577.44921875,False,549
252527::056.swc,10464,10463,16646.2109375,30051.28125,18578.90234375,False,549
252527::056.swc,10465,10464,16647.54296875,30046.64453125,18580.3515625,False,549
252527::056.swc,10466,10465,16646.3828125,30042.609375,18575.94921875,False,549
252527::056.swc,10467,10466,16645.22265625,30038.5703125,18571.546875,True,549
252527::056.swc,10468,9033,16912.77734375,30554.08203125,19445.5703125,False,549
252527::056.swc,10469,10468,16918.421875,30563.77734375,19451.5546875,False,549
252527::056.swc,10470,10469,16920.98046875,30568.1953125,19455.9296875,False,549
252527::056.swc,10471,10470,16926.46484375,30572.19140625,19462.12890625,False,549
252527::056.swc,10472,10471,16933.37890625,30577.015625,19473.828125,False,549
252527::056.swc,10473,10472,16941.36328125,30583.86328125,19483.62890625,False,549
252527::056.swc,10474,10473,16947.16796875,30590.50390625,19489.94921875,False,549
252527::056.swc,10475,10474,16950.0078125,30593.125,19493.0546875,False,549
252527::056.swc,10476,10475,16951.0234375,30594.51953125,19498.75,False,549
252527::056.swc,10477,10476,16953.3515625,30598.3203125,19502.05859375,False,549
252527::056.swc,10478,10477,16959.04296875,30606.16796875,19506.234375,False,549
252527::056.swc,10479,10478,16962.421875,30611.78515625,19511.74609375,False,549
252527::056.swc,10480,10479,16964.65234375,30617.84765625,19514.5,False,549
252527::056.swc,10484,9033,16909.14453125,30548.7578125,19440.75,False,549
252527::056.swc,10485,10484,16915.4140625,30547.8984375,19441.5,False,549
252527::056.swc,10486,10485,16923.7890625,30543.6796875,19441.3125,False,549
252527::056.swc,10487,10486,16931.9609375,30541.703125,19438.45703125,False,549
252527::056.swc,10488,10487,16938.83203125,30541.9296875,19434.640625,False,549
252527::056.swc,10489,10488,16944.64453125,30544.09765625,19432.5,False,549
252527::056.swc,10490,10489,16950.3671875,30550.8046875,19433.671875,False,549
252527::056.swc,10491,10490,16955.3046875,30555.58984375,19435.76171875,False,549
252527::056.swc,10492,10491,16960.41796875,30557.83203125,19439.73046875,False,549
252527::056.swc,10493,10492,16966.68359375,30560.0078125,19442.26953125,False,549
252527::056.swc,10494,10493,16969.94140625,30562.359375,19445.890625,False,549
252527::056.swc,10495,10494,16972.76171875,30563.87109375,19451.67578125,False,549
252527::056.swc,10496,10495,16975.60546875,30564.015625,19462.75390625,False,549
252527::056.swc,10497,10496,16979.03125,30562.2734375,19472.578125,False,549
252527::056.swc,10498,10497,16982.53125,30561.05859375,19477.1171875,False,549
252527::056.swc,10499,10498,16986.78515625,30561.1953125,19486.12109375,False,549
252527::056.swc,10500,10499,16989.296875,30560.84375,19497.5546875,False,549
252527::056.swc,10504,9033,16911.7890625,30552.6015625,19445.08984375,False,549
252527::056.swc,10505,10504,16909.70703125,30554.671875,19453.07421875,False,549
252527::056.swc,10506,10505,16906.2734375,30554.37890625,19458.05859375,False,549
252527::056.swc,10507,10506,16903.10546875,30552.296875,19468.9296875,False,549
252527::056.swc,10508,10507,16902.28515625,30549.7734375,19477.25390625,False,549
252527::056.swc,10509,10508,16900.31640625,30546.83984375,19485.4609375,False,549
252527::056.swc,10510,10509,16898.72265625,30545.4609375,19495.625,False,549
252527::056.swc,10511,10510,16892.61328125,30542.79296875,19516.12109375,False,549
252527::056.swc,10512,10511,16887.1328125,30541.4140625,19529.7578125,False,549
252527::056.swc,10513,10512,16883.203125,30538.89453125,19543.109375,False,549
252527::056.swc,10557,9398,16534.8125,31099.81640625,19138.7890625,False,549
252527::056.swc,10558,10557,16532.625,31095.28515625,19132.83984375,False,549
252527::056.swc,10559,10558,16530.42578125,31091.546875,19125.4453125,False,549
252527::056.swc,10560,10559,16527.20703125,31088.34765625,19121.91796875,False,549
252527::056.swc,10561,10560,16522.56640625,31084.44921875,19120.5,False,549
252527::056.swc,10562,10561,16520.19921875,31083.0234375,19122.5,False,549
252527::056.swc,10563,10562,16519.73046875,31083.9140625,19126.51953125,False,549
252527::056.swc,10564,10563,16517.3828125,31086.49609375,19129.5,False,549
252527::056.swc,10565,10564,16512.84375,31091.9453125,19129.5,True,549
252527::056.swc,10566,9398,16537.265625,31109.03515625,19147.7578125,False,549
252527::056.swc,10567,10566,16536.70703125,31108.921875,19159.734375,False,549
252527::056.swc,10568,10567,16534.94140625,31111.140625,19165.5,False,549
252527::056.swc,10569,10568,16531.23046875,31117.3359375,19165.5,False,549
252527::056.swc,10570,10569,16530.4765625,31124.5859375,19165.59375,False,549
252527::056.swc,10571,10570,16534.60546875,31130.0625,19166.95703125,False,549
252527::056.swc,10572,10571,16539.359375,31136.96484375,19166.25,False,549
252527::056.swc,10573,10572,16541.59375,31141.65625,19167.6015625,False,549
252527::056.swc,10574,10573,16542.0546875,31147.56640625,19168.5,True,549
252527::056.swc,10575,9398,16536.859375,31103.6875,19141.5078125,False,549
252527::056.swc,10576,10575,16535.1015625,31100.921875,19145.27734375,False,549
252527::056.swc,10577,10576,16534.52734375,31099.70703125,19153.01953125,False,549
252527::056.swc,10578,10577,16531.61328125,31099.39453125,19155.67578125,False,549
252527::056.swc,10579,10578,16528.4765625,31101.97265625,19153.84375,False,549
252527::056.swc,10580,10579,16524.7265625,31102.9375,19154.5,False,549
252527::056.swc,10581,10580,16521.28515625,31103.03515625,19161.0546875,False,549
252527::056.swc,10582,10581,16514.62890625,31104.453125,19168.4609375,False,549
252527::056.swc,10583,10582,16508.1328125,31105.84375,19171.21875,False,549
252527::056.swc,10584,10583,16504.0859375,31105.3515625,19170.3515625,False,549
252527::056.swc,10585,10584,16500.41015625,31103.328125,19173.125,False,549
252527::056.swc,10586,10585,16496.3359375,31100.62890625,19172.16015625,False,549
252527::056.swc,10587,10586,16494.7265625,31099.57421875,19174.5,True,549
252527::056.swc,10588,9409,16467.9921875,30916.265625,19043.328125,False,549
252527::056.swc,10589,10588,16472.421875,30919.21875,19042.39453125,False,549
252527::056.swc,10590,10589,16478.28515625,30916.90234375,19037.03125,False,549
252527::056.swc,10591,10590,16482.30859375,30912.4140625,19025.8359375,False,549
252527::056.swc,10592,10591,16487.23046875,30910.90625,19020.01953125,False,549
252527::056.swc,10593,10592,16490.5234375,30912.0,19011.1796875,False,549
252527::056.swc,10594,10593,16494.49609375,30912.9921875,19005.0,False,549
252527::056.swc,10595,10594,16500.40234375,30911.5625,19001.99609375,False,549
252527::056.swc,10596,10595,16502.671875,30910.07421875,18995.484375,False,549
252527::056.swc,10597,10596,16507.67578125,30908.078125,18991.72265625,False,549
252527::056.swc,10598,10597,16514.76953125,30907.1796875,18989.71875,False,549
252527::056.swc,10599,10598,16521.24609375,30908.35546875,18990.921875,False,549
252527::056.swc,10600,10599,16526.0859375,30909.9296875,18987.8203125,False,549
252527::056.swc,10601,10600,16527.85546875,30909.87890625,18979.87109375,False,549
252527::056.swc,10602,10601,16531.18359375,30910.80078125,18973.5,False,549
252527::056.swc,10603,10602,16534.89453125,30912.68359375,18973.5,False,549
252527::056.swc,10604,10603,16537.12109375,30914.51953125,18970.29296875,False,549
252527::056.swc,10605,10604,16537.8515625,30914.95703125,18965.640625,False,549
252527::056.swc,10606,10605,16542.0078125,30917.15234375,18964.52734375,False,549
252527::056.swc,10607,10606,16545.90625,30922.13671875,18963.99609375,False,549
252527::056.swc,10608,10607,16549.0,30924.28125,18960.3828125,False,549
252527::056.swc,10609,10608,16551.08984375,30927.609375,18952.5,False,549
252527::056.swc,10610,10609,16551.95703125,30928.95703125,18945.01953125,False,549
252527::056.swc,10611,10610,16555.60546875,30932.63671875,18939.16015625,False,549
252527::056.swc,10612,10611,16556.8125,30936.60546875,18935.875,False,549
252527::056.swc,10613,10612,16556.26953125,30939.23046875,18929.53515625,False,549
252527::056.swc,10614,10613,16553.19140625,30941.4765625,18928.83203125,False,549
252527::056.swc,10615,10614,16551.92578125,30942.2734375,18931.5,False,549
252527::056.swc,10616,10615,16553.05859375,30941.52734375,18928.83203125,False,549
252527::056.swc,10617,10616,16558.12890625,30934.16796875,18925.5625,False,549
252527::056.swc,10618,10617,16560.6796875,30922.90625,18920.578125,False,549
252527::056.swc,10619,10618,16564.9296875,30912.75,18914.17578125,False,549
252527::056.swc,10620,10619,16567.18359375,30910.42578125,18911.25,True,549
252527::056.swc,10621,9409,16456.1171875,30908.984375,19044.3671875,False,549
252527::056.swc,10622,10621,16451.32421875,30904.6875,19045.27734375,False,549
252527::056.swc,10623,10622,16448.16015625,30899.015625,19045.33984375,False,549
252527::056.swc,10624,10623,16445.6328125,30895.546875,19043.3046875,True,549
252527::056.swc,10625,9458,16164.26171875,30569.66796875,18745.22265625,False,549
252527::056.swc,10626,10625,16161.26171875,30573.71875,18741.109375,False,549
252527::056.swc,10627,10626,16157.171875,30579.91796875,18739.5,False,549
252527::056.swc,10628,10627,16155.203125,30585.91796875,18738.47265625,False,549
252527::056.swc,10629,10628,16152.49609375,30590.80078125,18734.64453125,False,549
252527::056.swc,10630,10629,16148.0234375,30598.21484375,18731.22265625,False,549
252527::056.swc,10631,10630,16146.7109375,30602.1015625,18725.6328125,False,549
252527::056.swc,10632,10631,16143.6484375,30609.2578125,18722.765625,False,549
252527::056.swc,10633,10632,16138.453125,30615.6328125,18719.5703125,False,549
252527::056.swc,10634,10633,16133.796875,30622.984375,18717.8671875,False,549
252527::056.swc,10635,10634,16131.515625,30626.70703125,18715.05078125,False,549
252527::056.swc,10636,10635,16131.65625,30628.69921875,18710.0546875,False,549
252527::056.swc,10637,10636,16133.609375,30630.08984375,18707.390625,False,549
252527::056.swc,10638,9458,16162.7890625,30573.40234375,18753.78125,False,549
252527::056.swc,10639,10638,16160.1640625,30579.41015625,18759.640625,False,549
252527::056.swc,10640,10639,16158.671875,30591.1875,18763.5,False,549
252527::056.swc,10641,10640,16156.61328125,30601.2890625,18764.33203125,False,549
252527::056.swc,10642,10641,16155.06640625,30607.37109375,18768.11328125,False,549
252527::056.swc,10643,10642,16152.06640625,30620.3203125,18770.12890625,False,549
252527::056.swc,10644,10643,16149.90625,30631.45703125,18774.29296875,False,549
252527::056.swc,10645,10644,16149.37890625,30641.42578125,18777.8203125,False,549
252527::056.swc,10646,10645,16148.90625,30646.7578125,18781.16796875,False,549
252527::056.swc,10647,10646,16148.60546875,30651.19140625,18781.5,False,549
252527::056.swc,10648,10647,16148.16015625,30664.06640625,18784.265625,False,549
252527::056.swc,10649,10648,16153.234375,30687.33203125,18786.015625,False,549
252527::056.swc,10650,10649,16160.1796875,30702.71484375,18789.08984375,False,549
252527::056.swc,10651,10650,16162.17578125,30721.546875,18790.66796875,False,549
252527::056.swc,10652,10651,16163.10546875,30734.5,18793.79296875,False,549
252527::056.swc,10653,10652,16166.63671875,30753.53125,18798.61328125,False,549
252527::056.swc,10654,10653,16168.84375,30764.61328125,18804.296875,False,549
252527::056.swc,10655,10654,16174.01171875,30785.05078125,18809.15625,False,549
252527::056.swc,10656,10655,16179.4921875,30804.02734375,18815.3359375,False,549
252527::056.swc,10657,10656,16183.578125,30816.06640625,18818.1328125,False,549
252527::056.swc,10658,10657,16186.546875,30835.05078125,18824.6640625,False,549
252527::056.swc,10659,10658,16188.5546875,30853.3515625,18828.52734375,False,549
252527::056.swc,10660,10659,16188.2265625,30863.796875,18831.1640625,False,549
252527::056.swc,10661,10660,16188.640625,30870.21875,18836.015625,False,549
252527::056.swc,10662,10661,16189.2109375,30872.70703125,18836.40234375,False,549
252527::056.swc,10663,10662,16189.37109375,30882.03125,18846.7265625,False,549
252527::056.swc,10664,10663,16189.0625,30893.6796875,18854.4140625,False,549
252527::056.swc,10665,10664,16189.421875,30902.390625,18857.1328125,False,549
252527::056.swc,10666,10665,16191.4140625,30907.65625,18861.4296875,False,549
252527::056.swc,10667,10666,16192.859375,30914.125,18864.3046875,False,549
252527::056.swc,10668,10667,16199.34375,30924.77734375,18866.33203125,False,549
252527::056.swc,10669,10668,16202.34765625,30933.89453125,18868.87109375,False,549
252527::056.swc,10670,10669,16205.62109375,30943.33203125,18873.37890625,False,549
252527::056.swc,10671,10670,16206.96875,30946.0,18877.0,False,549
252527::056.swc,10672,10671,16209.7109375,30955.140625,18878.3046875,False,549
252527::056.swc,10673,10672,16210.44921875,30962.1640625,18880.140625,False,549
252527::056.swc,10674,10673,16214.54296875,30975.62890625,18882.09765625,False,549
252527::056.swc,10675,10674,16216.76171875,30984.2109375,18885.109375,False,549
252527::056.swc,10676,10675,16217.64453125,30986.4765625,18889.0,False,549
252527::056.swc,10677,10676,16218.578125,31000.97265625,18889.99609375,False,549
252527::056.swc,10678,10677,16219.9453125,31009.734375,18892.31640625,False,549
252527::056.swc,10679,10678,16220.29296875,31024.93359375,18894.51171875,False,549
252527::056.swc,10680,10679,16217.9140625,31035.4921875,18898.03515625,False,549
252527::056.swc,10681,10680,16217.78515625,31042.70703125,18902.01953125,False,549
252527::056.swc,10682,10681,16219.1171875,31045.46875,18906.296875,False,549
252527::056.swc,10683,10682,16219.9375,31053.8046875,18908.3671875,False,549
252527::056.swc,10684,10683,16220.78125,31060.79296875,18912.58984375,False,549
252527::056.swc,10685,10684,16223.71484375,31071.125,18913.5,False,549
252527::056.swc,10686,10685,16227.90234375,31080.15625,18913.5,False,549
252527::056.swc,10687,10686,16229.47265625,31087.03125,18915.22265625,False,549
252527::056.swc,10688,10687,16227.19921875,31090.12109375,18918.77734375,False,549
252527::056.swc,10689,10688,16223.90234375,31095.06640625,18919.5,False,549
252527::056.swc,10690,10689,16224.85546875,31100.77734375,18922.41015625,False,549
252527::056.swc,10691,10690,16230.953125,31103.06640625,18922.5,False,549
252527::056.swc,10692,10691,16239.1015625,31102.703125,18920.8046875,False,549
252527::056.swc,10693,10692,16243.4296875,31103.6953125,18917.3125,False,549
252527::056.swc,10694,10693,16248.1328125,31109.82421875,18913.95703125,False,549
252527::056.swc,10695,10694,16253.5390625,31119.66796875,18913.5,False,549
252527::056.swc,10696,10695,16259.74609375,31125.79296875,18913.6484375,False,549
252527::056.swc,10697,10696,16265.03125,31129.23046875,18916.0,False,549
252527::056.swc,10698,10697,16271.21875,31134.7421875,18915.72265625,False,549
252527::056.swc,10699,10698,16275.6171875,31139.359375,18913.80078125,False,549
252527::056.swc,10700,10699,16280.91796875,31146.30078125,18913.5,False,549
252527::056.swc,10701,10700,16282.05078125,31154.1640625,18917.80078125,False,549
252527::056.swc,10702,10701,16280.76171875,31157.65234375,18925.47265625,False,549
252527::056.swc,10703,10702,16277.30859375,31161.59375,18928.7734375,False,549
252527::056.swc,10704,10703,16275.51171875,31167.671875,18930.546875,False,549
252527::056.swc,10705,10704,16274.140625,31180.19921875,18934.2890625,False,549
252527::056.swc,10706,10705,16274.78125,31187.453125,18940.60546875,False,549
252527::056.swc,10707,10706,16270.78515625,31195.796875,18947.1484375,False,549
252527::056.swc,10708,10707,16264.875,31204.62890625,18951.09375,False,549
252527::056.swc,10709,10708,16258.3515625,31211.73828125,18956.98828125,False,549
252527::056.swc,10710,10709,16255.734375,31216.05078125,18960.94140625,False,549
252527::056.swc,10711,10710,16254.7578125,31221.0703125,18962.73046875,False,549
252527::056.swc,10712,10711,16254.3359375,31222.09375,18966.28515625,True,549
252527::056.swc,10713,9660,16613.3671875,30397.52734375,18939.68359375,False,549
252527::056.swc,10714,10713,16617.18359375,30407.578125,18942.984375,False,549
252527::056.swc,10715,10714,16621.38671875,30414.3671875,18948.21484375,False,549
252527::056.swc,10716,10715,16627.0859375,30419.8046875,18951.71484375,False,549
252527::056.swc,10717,10716,16634.60546875,30427.85546875,18957.86328125,False,549
252527::056.swc,10718,10717,16643.3671875,30436.4921875,18963.3828125,False,549
252527::056.swc,10719,10718,16648.55078125,30443.05078125,18969.296875,False,549
252527::056.swc,10720,10719,16652.8125,30448.05859375,18970.83203125,False,549
252527::056.swc,10721,10720,16654.60546875,30449.75390625,18973.08203125,False,549
252527::056.swc,10722,10721,16663.03515625,30460.91015625,18976.6484375,False,549
252527::056.swc,10723,10722,16669.19140625,30466.8359375,18980.23828125,False,549
252527::056.swc,10724,10723,16672.9921875,30476.859375,18986.88671875,False,549
252527::056.swc,10725,10724,16677.78125,30488.30859375,18991.88671875,False,549
252527::056.swc,10726,10725,16685.8046875,30499.0234375,18995.5546875,False,549
252527::056.swc,10727,10726,16690.4375,30502.96875,18999.84765625,False,549
252527::056.swc,10728,10727,16694.81640625,30506.56640625,19007.796875,False,549
252527::056.swc,10729,10728,16698.16796875,30510.33984375,19013.01171875,False,549
252527::056.swc,10730,10729,16699.50390625,30512.63671875,19020.01953125,False,549
252527::056.swc,10731,10730,16700.3515625,30514.5234375,19021.5,False,549
252527::056.swc,10732,10731,16702.97265625,30517.3359375,19025.55078125,False,549
252527::056.swc,10733,10732,16704.1015625,30517.82421875,19031.25,False,549
252527::056.swc,10734,10733,16708.03515625,30517.55078125,19037.9453125,False,549
252527::056.swc,10735,10734,16712.1015625,30516.98046875,19041.375,False,549
252527::056.swc,10736,10735,16717.16015625,30516.03125,19042.5,False,549
252527::056.swc,10737,10736,16720.546875,30516.07421875,19047.5703125,False,549
252527::056.swc,10738,10737,16721.515625,30515.7265625,19055.77734375,False,549
252527::056.swc,10739,10738,16722.5859375,30513.46484375,19061.98828125,False,549
252527::056.swc,10740,10739,16723.0625,30508.7890625,19066.5,False,549
252527::056.swc,10741,10740,16724.0,30504.03125,19065.42578125,False,549
252527::056.swc,10742,10741,16725.35546875,30500.88671875,19061.03515625,False,549
252527::056.swc,10743,10742,16728.04296875,30499.015625,19056.43359375,False,549
252527::056.swc,10744,10743,16729.9765625,30496.8828125,19058.87109375,False,549
252527::056.swc,10745,10744,16736.46484375,30493.73046875,19056.765625,False,549
252527::056.swc,10746,10745,16739.83203125,30492.11328125,19047.97265625,False,549
252527::056.swc,10747,10746,16741.7265625,30488.40234375,19039.3515625,False,549
252527::056.swc,10748,10747,16741.7265625,30484.26171875,19036.1875,False,549
252527::056.swc,10749,10748,16741.6640625,30482.046875,19031.5,False,549
252527::056.swc,10750,10749,16740.42578125,30477.8671875,19028.765625,False,549
252527::056.swc,10751,10750,16738.9375,30473.92578125,19021.3828125,True,549
252527::056.swc,10752,9660,16617.828125,30393.3359375,18934.265625,False,549
252527::056.swc,10753,10752,16620.67578125,30390.53515625,18931.16015625,False,549
252527::056.swc,10754,10753,16625.328125,30390.6796875,18925.1328125,False,549
252527::056.swc,10755,10754,16630.03515625,30392.25390625,18919.2890625,False,549
252527::056.swc,10756,10755,16633.5546875,30392.25,18916.5,False,549
252527::056.swc,10757,10756,16639.7109375,30389.515625,18893.171875,False,549
252527::056.swc,10758,10757,16642.2734375,30390.4296875,18883.72265625,False,549
252527::056.swc,10759,10758,16639.40234375,30395.16015625,18883.5,False,549
252527::056.swc,10760,10759,16633.0078125,30400.6484375,18881.4296875,False,549
252527::056.swc,10761,10760,16630.046875,30405.125,18876.2734375,False,549
252527::056.swc,10762,10761,16628.984375,30409.08984375,18869.11328125,False,549
252527::056.swc,10763,10762,16629.2109375,30413.328125,18865.03125,False,549
252527::056.swc,10764,10763,16631.17578125,30417.04296875,18857.234375,False,549
252527::056.swc,10765,10764,16634.96484375,30425.9453125,18850.80859375,False,549
252527::056.swc,10766,10765,16637.734375,30431.984375,18848.203125,False,549
252527::056.swc,10767,10766,16639.39453125,30433.3984375,18847.52734375,False,549
252527::056.swc,10768,10767,16639.921875,30442.13671875,18847.5,False,549
252527::056.swc,10769,10768,16637.91796875,30447.796875,18846.68359375,False,549
252527::056.swc,10770,10769,16637.578125,30450.12890625,18842.98046875,False,549
252527::056.swc,10771,10770,16643.69140625,30458.5390625,18841.19140625,False,549
252527::056.swc,10772,10771,16646.94921875,30463.11328125,18837.3046875,False,549
252527::056.swc,10773,10772,16647.32421875,30468.59765625,18831.82421875,False,549
252527::056.swc,10774,10773,16646.453125,30475.19921875,18828.0078125,False,549
252527::056.swc,10775,10774,16643.75,30477.51171875,18822.953125,False,549
252527::056.swc,10776,10775,16641.953125,30477.4375,18816.34375,False,549
252527::056.swc,10777,10776,16638.4296875,30478.7265625,18816.6328125,False,549
252527::056.swc,10778,10777,16635.4140625,30484.45703125,18812.8046875,False,549
252527::056.swc,10779,10778,16634.890625,30489.48046875,18809.859375,True,549
252527::056.swc,10780,9700,16593.3984375,30513.19921875,18754.5390625,False,549
252527::056.swc,10781,10780,16589.94140625,30510.04296875,18751.5,False,549
252527::056.swc,10782,10781,16584.8984375,30505.67578125,18751.2421875,False,549
252527::056.swc,10783,10782,16583.7734375,30498.984375,18746.328125,False,549
252527::056.swc,10784,10783,16583.6484375,30494.71875,18738.7734375,False,549
252527::056.swc,10785,10784,16582.74609375,30489.44140625,18732.3359375,True,549
252527::056.swc,10786,9700,16587.74609375,30521.49609375,18756.65625,False,549
252527::056.swc,10787,10786,16583.25390625,30525.2109375,18753.5,False,549
252527::056.swc,10788,10787,16580.46875,30525.7734375,18749.16796875,False,549
252527::056.swc,10789,10788,16574.9921875,30524.72265625,18748.59765625,False,549
252527::056.swc,10790,10789,16571.68359375,30527.54296875,18751.3515625,False,549
252527::056.swc,10791,10790,16570.3203125,30531.53125,18751.18359375,False,549
252527::056.swc,10792,10791,16567.5234375,30532.94921875,18746.3828125,False,549
252527::056.swc,10793,10792,16563.50390625,30532.54296875,18742.95703125,False,549
252527::056.swc,10794,10793,16560.6640625,30529.7578125,18742.5,False,549
252527::056.swc,10795,10794,16560.375,30527.6484375,18739.83203125,False,549
252527::056.swc,10796,10795,16557.765625,30526.4453125,18734.13671875,False,549
252527::056.swc,10797,10796,16554.390625,30523.02734375,18731.984375,True,549
252527::056.swc,10798,9754,16617.484375,30580.16015625,18841.53515625,False,549
252527::056.swc,10799,10798,16617.359375,30576.73828125,18830.53125,False,549
252527::056.swc,10800,10799,16616.40234375,30575.0234375,18820.1953125,True,549
252527::056.swc,10801,9754,16615.60546875,30583.96484375,18854.8515625,False,549
252527::056.swc,10802,10801,16612.67578125,30586.921875,18864.453125,False,549
252527::056.swc,10803,10802,16611.7265625,30588.6953125,18872.28515625,False,549
252527::056.swc,10804,10803,16610.95703125,30592.875,18877.890625,False,549
252527::056.swc,10805,10804,16609.48046875,30597.0625,18880.578125,False,549
252527::056.swc,10806,10805,16606.37890625,30604.77734375,18889.0859375,False,549
252527::056.swc,10807,10806,16603.85546875,30608.61328125,18894.69921875,False,549
252527::056.swc,10808,10807,16603.58984375,30612.1640625,18903.98828125,False,549
252527::056.swc,10809,10808,16605.29296875,30617.58984375,18912.0703125,False,549
252527::056.swc,10810,10809,16607.63671875,30622.890625,18916.19921875,False,549
252527::056.swc,10811,10810,16606.62890625,30628.66796875,18920.32421875,False,549
252527::056.swc,10812,10811,16605.2578125,30633.39453125,18927.01171875,True,549
252527::056.swc,10813,9758,16094.078125,30435.43359375,18890.3203125,False,549
252527::056.swc,10814,10813,16087.5703125,30444.25,18889.5,False,549
252527::056.swc,10815,10814,16083.12890625,30454.42578125,18889.5,False,549
252527::056.swc,10816,10815,16080.91015625,30464.16796875,18890.26171875,False,549
252527::056.swc,10817,10816,16079.84375,30470.234375,18892.1484375,False,549
252527::056.swc,10818,10817,16078.77734375,30476.83203125,18892.49609375,False,549
252527::056.swc,10819,10818,16073.81640625,30488.43359375,18893.109375,False,549
252527::056.swc,10820,10819,16069.8828125,30494.73046875,18895.02734375,False,549
252527::056.swc,10821,10820,16065.8359375,30507.73046875,18897.23046875,False,549
252527::056.swc,10822,10821,16063.6328125,30514.58984375,18900.38671875,False,549
252527::056.swc,10823,10822,16061.57421875,30522.6171875,18901.5,False,549
252527::056.swc,10824,10823,16058.2578125,30539.19140625,18901.5,False,549
252527::056.swc,10825,9758,16108.61328125,30428.80078125,18888.01953125,False,549
252527::056.swc,10826,10825,16118.87109375,30433.703125,18886.5,False,549
252527::056.swc,10827,10826,16124.9375,30438.2578125,18887.17578125,False,549
252527::056.swc,10828,10827,16128.34375,30441.6015625,18890.953125,False,549
252527::056.swc,10829,10828,16135.20703125,30448.71484375,18894.91796875,False,549
252527::056.swc,10830,10829,16141.6640625,30457.25390625,18897.60546875,False,549
252527::056.swc,10831,10830,16164.21875,30475.34765625,18902.4453125,False,549
252527::056.swc,10832,10831,16178.48046875,30491.59765625,18907.1953125,False,549
252527::056.swc,10833,10832,16190.35546875,30504.3125,18907.6015625,False,549
252527::056.swc,10834,10833,16196.81640625,30511.59765625,18909.07421875,False,549
252527::056.swc,10835,10834,16199.6640625,30513.41015625,18911.828125,False,549
252527::056.swc,10836,10835,16207.32421875,30518.99609375,18912.67578125,False,549
252527::056.swc,10837,10836,16217.15625,30524.55078125,18912.7890625,False,549
252527::056.swc,10838,10837,16227.60546875,30532.265625,18916.98046875,False,549
252527::056.swc,10839,10838,16239.0234375,30543.59375,18921.51953125,False,549
252527::056.swc,10840,10839,16242.4296875,30548.6015625,18924.98828125,False,549
252527::056.swc,10841,10840,16254.94921875,30560.6953125,18926.39453125,False,549
252527::056.swc,10842,10841,16263.40625,30568.4140625,18925.625,False,549
252527::056.swc,10843,10842,16272.96875,30577.9453125,18925.5,False,549
252527::056.swc,10844,10843,16277.578125,30584.84765625,18925.5,False,549
252527::056.swc,10845,10844,16277.203125,30590.98046875,18924.25390625,False,549
252527::056.swc,10846,10845,16273.34375,30597.72265625,18920.6171875,False,549
252527::056.swc,10847,10846,16269.75390625,30603.16796875,18914.5,False,549
252527::056.swc,10848,10847,16265.59765625,30607.078125,18913.5,False,549
252527::056.swc,10849,10848,16262.01171875,30610.33203125,18910.6484375,False,549
252527::056.swc,10850,10849,16261.33203125,30611.5625,18906.28125,False,549
252527::056.swc,10851,10850,16259.734375,30617.01171875,18904.66796875,False,549
252527::056.swc,10852,10851,16258.3046875,30623.16015625,18905.62890625,False,549
252527::056.swc,10853,10852,16256.46484375,30630.73046875,18904.4296875,False,549
252527::056.swc,10854,10853,16252.6484375,30636.77734375,18901.0546875,False,549
252527::056.swc,10855,10854,16247.07421875,30641.2890625,18898.33984375,False,549
252527::056.swc,10856,10855,16244.5859375,30644.2421875,18893.71484375,False,549
252527::056.swc,10857,10856,16241.265625,30647.7734375,18895.0390625,False,549
252527::056.swc,10858,10857,16236.73046875,30653.9921875,18895.0546875,False,549
252527::056.swc,10859,10858,16234.6328125,30654.98828125,18893.16796875,False,549
252527::056.swc,10860,9802,16005.9765625,30389.90625,18615.5703125,False,549
252527::056.swc,10861,10860,16000.22265625,30393.28515625,18611.21484375,False,549
252527::056.swc,10862,10861,15995.1171875,30394.85546875,18609.5,False,549
252527::056.swc,10863,10862,15991.03125,30396.9609375,18604.1328125,False,549
252527::056.swc,10864,10863,15983.9375,30400.85546875,18601.0703125,False,549
252527::056.swc,10865,10864,15977.328125,30402.359375,18596.62890625,False,549
252527::056.swc,10866,10865,15971.50390625,30404.23046875,18594.5,False,549
252527::056.swc,10867,10866,15966.63671875,30406.53515625,18589.12109375,False,549
252527::056.swc,10868,10867,15962.5859375,30407.73828125,18581.78515625,False,549
252527::056.swc,10869,10868,15957.17578125,30410.82421875,18578.85546875,False,549
252527::056.swc,10870,10869,15949.51171875,30416.9765625,18571.79296875,False,549
252527::056.swc,10871,10870,15941.984375,30420.8125,18569.33203125,False,549
252527::056.swc,10872,10871,15939.359375,30421.1171875,18572.32421875,False,549
252527::056.swc,10873,10872,15936.69921875,30421.84375,18567.859375,False,549
252527::056.swc,10874,10873,15932.44140625,30421.32421875,18558.08984375,False,549
252527::056.swc,10875,10874,15929.05078125,30417.6484375,18548.51953125,False,549
252527::056.swc,10876,10875,15925.41015625,30415.3828125,18544.3203125,False,549
252527::056.swc,10877,10876,15921.84765625,30414.4296875,18537.48046875,False,549
252527::056.swc,10878,10877,15920.88671875,30413.77734375,18532.81640625,False,549
252527::056.swc,10879,10878,15914.44140625,30413.265625,18527.44140625,False,549
252527::056.swc,10880,10879,15903.515625,30413.390625,18521.203125,False,549
252527::056.swc,10881,10880,15898.11328125,30413.17578125,18515.41796875,False,549
252527::056.swc,10882,10881,15897.3203125,30411.55859375,18508.171875,False,549
252527::056.swc,10883,10882,15894.21875,30411.2265625,18501.94921875,False,549
252527::056.swc,10884,10883,15890.5546875,30412.21875,18496.61328125,False,549
252527::056.swc,10885,10884,15887.25,30414.26953125,18495.2578125,False,549
252527::056.swc,10886,10885,15883.98828125,30414.8359375,18491.171875,False,549
252527::056.swc,10887,10886,15881.46484375,30413.4296875,18485.1875,False,549
252527::056.swc,10888,10887,15877.76171875,30413.90625,18482.28515625,False,549
252527::056.swc,10889,10888,15874.96875,30414.87109375,18484.171875,False,549
252527::056.swc,10890,10889,15871.01171875,30415.265625,18480.1015625,False,549
252527::056.swc,10891,10890,15866.40625,30415.12890625,18471.1328125,False,549
252527::056.swc,10892,10891,15860.26171875,30413.97265625,18464.6015625,False,549
252527::056.swc,10893,10892,15855.796875,30413.59375,18455.44921875,False,549
252527::056.swc,10894,10893,15853.75,30412.3125,18451.76171875,False,549
252527::056.swc,10895,10894,15849.2578125,30412.6875,18451.09375,False,549
252527::056.swc,10896,10895,15846.60546875,30414.67578125,18448.84375,False,549
252527::056.swc,10897,10896,15844.44921875,30415.40234375,18441.43359375,False,549
252527::056.swc,10898,10897,15841.76953125,30414.8125,18432.7421875,False,549
252527::056.swc,10899,10898,15838.51171875,30415.28125,18427.18359375,False,549
252527::056.swc,10900,10899,15832.53515625,30415.62890625,18423.078125,False,549
252527::056.swc,10901,10900,15828.953125,30416.69921875,18415.05859375,False,549
252527::056.swc,10902,10901,15824.31640625,30415.35546875,18405.93359375,False,549
252527::056.swc,10903,10902,15821.2890625,30408.59375,18400.2890625,False,549
252527::056.swc,10904,10903,15817.2265625,30404.32421875,18393.359375,False,549
252527::056.swc,10905,10904,15811.1484375,30400.7265625,18388.9296875,False,549
252527::056.swc,10906,10905,15807.9921875,30399.59765625,18385.50390625,False,549
252527::056.swc,10907,10906,15805.8984375,30399.2109375,18376.23046875,False,549
252527::056.swc,10908,10907,15801.96484375,30397.9453125,18372.9453125,False,549
252527::056.swc,10909,10908,15799.90234375,30396.03515625,18368.703125,False,549
252527::056.swc,10910,10909,15796.3046875,30392.07421875,18367.2109375,False,549
252527::056.swc,10911,10910,15789.296875,30390.25,18359.515625,False,549
252527::056.swc,10912,10911,15781.6953125,30389.71484375,18351.80078125,False,549
252527::056.swc,10913,10912,15778.27734375,30390.35546875,18349.62890625,False,549
252527::056.swc,10914,10913,15775.51171875,30391.30078125,18342.62109375,False,549
252527::056.swc,10915,10914,15772.453125,30388.015625,18328.23828125,False,549
252527::056.swc,10916,10915,15771.421875,30383.078125,18313.72265625,False,549
252527::056.swc,10917,10916,15769.23046875,30377.9921875,18301.25390625,False,549
252527::056.swc,10918,10917,15765.4140625,30373.51171875,18295.5,False,549
252527::056.swc,10919,10918,15764.3671875,30371.125,18288.1484375,False,549
252527::056.swc,10920,10919,15763.26171875,30369.87890625,18276.50390625,False,549
252527::056.swc,10921,10920,15761.515625,30368.6953125,18271.8515625,False,549
252527::056.swc,10922,10921,15759.78125,30368.33203125,18273.73828125,False,549
252527::056.swc,10923,10922,15756.54296875,30367.1484375,18267.26953125,False,549
252527::056.swc,10924,10923,15753.08984375,30363.75390625,18261.91015625,False,549
252527::056.swc,10925,10924,15749.86328125,30359.27734375,18248.79296875,False,549
252527::056.swc,10926,10925,15746.08984375,30353.109375,18237.3125,False,549
252527::056.swc,10927,10926,15741.8984375,30348.50390625,18225.6875,False,549
252527::056.swc,10928,10927,15740.359375,30346.890625,18219.140625,False,549
252527::056.swc,10929,10928,15739.68359375,30343.4609375,18213.70703125,False,549
252527::056.swc,10930,10929,15737.3828125,30340.2265625,18204.8359375,False,549
252527::056.swc,10931,10930,15732.55078125,30334.06640625,18193.50390625,False,549
252527::056.swc,10932,10931,15726.6953125,30329.24609375,18186.76953125,False,549
252527::056.swc,10933,10932,15722.17578125,30327.68359375,18180.68359375,False,549
252527::056.swc,10934,10933,15720.90625,30326.37890625,18173.19140625,False,549
252527::056.swc,10935,10934,15715.1796875,30326.24609375,18170.8984375,False,549
252527::056.swc,10936,10935,15711.49609375,30326.0390625,18165.1484375,False,549
252527::056.swc,10937,10936,15707.6875,30325.85546875,18153.1875,False,549
252527::056.swc,10938,10937,15705.85546875,30324.57421875,18141.1484375,False,549
252527::056.swc,10939,10938,15705.125,30322.609375,18134.80078125,False,549
252527::056.swc,10940,10939,15702.96484375,30318.57421875,18129.89453125,False,549
252527::056.swc,10941,10940,15700.77734375,30315.2734375,18121.31640625,True,549
252527::056.swc,10942,9802,16004.60546875,30387.078125,18620.34765625,False,549
252527::056.swc,10943,10942,16000.734375,30385.76953125,18624.0,False,549
252527::056.swc,10944,10943,15992.390625,30384.0625,18622.6484375,False,549
252527::056.swc,10945,10944,15985.4609375,30383.3046875,18618.375,False,549
252527::056.swc,10946,10945,15978.9921875,30383.46484375,18616.5,False,549
252527::056.swc,10947,10946,15976.09765625,30383.92578125,18619.16796875,False,549
252527::056.swc,10948,10947,15974.31640625,30384.46875,18625.625,False,549
252527::056.swc,10949,10948,15971.3359375,30385.11328125,18628.09375,False,549
252527::056.swc,10950,10949,15969.453125,30385.9296875,18623.79296875,False,549
252527::056.swc,10951,10950,15968.953125,30386.12109375,18617.05859375,False,549
252527::056.swc,10952,10951,15965.94140625,30386.578125,18613.5,False,549
252527::056.swc,10953,10952,15960.5390625,30387.49609375,18612.5234375,False,549
252527::056.swc,10954,10953,15955.27734375,30386.68359375,18609.05078125,False,549
252527::056.swc,10955,10954,15949.703125,30386.0625,18602.66015625,False,549
252527::056.swc,10956,10955,15945.515625,30384.0625,18599.48828125,False,549
252527::056.swc,10957,10956,15938.453125,30382.86328125,18598.1328125,False,549
252527::056.swc,10958,10957,15932.25,30383.5078125,18595.9296875,False,549
252527::056.swc,10959,10958,15925.7421875,30381.51953125,18587.36328125,False,549
252527::056.swc,10960,10959,15925.07421875,30380.015625,18581.8359375,False,549
252527::056.swc,10961,10960,15921.73828125,30375.34375,18578.0625,False,549
252527::056.swc,10962,10961,15915.29296875,30372.19140625,18574.55859375,False,549
252527::056.swc,10963,10962,15908.65234375,30367.69921875,18575.578125,False,549
252527::056.swc,10964,10963,15905.6015625,30364.3203125,18572.8671875,False,549
252527::056.swc,10965,10964,15902.890625,30363.890625,18568.72265625,False,549
252527::056.swc,10966,10965,15897.2109375,30364.25,18568.5,False,549
252527::056.swc,10967,10966,15892.17578125,30364.96875,18566.0,False,549
252527::056.swc,10968,10967,15889.82421875,30364.265625,18562.72265625,False,549
252527::056.swc,10969,10968,15884.2421875,30363.14453125,18562.23828125,False,549
252527::056.swc,10970,10969,15882.0703125,30361.6640625,18560.22265625,False,549
252527::056.swc,10971,10970,15877.3828125,30359.94140625,18562.45703125,False,549
252527::056.swc,10972,10971,15871.40234375,30353.62109375,18562.859375,False,549
252527::056.swc,10973,10972,15867.5078125,30351.5,18564.78515625,False,549
252527::056.swc,10974,10973,15861.4453125,30349.359375,18565.38671875,False,549
252527::056.swc,10975,10974,15859.125,30347.01171875,18563.38671875,False,549
252527::056.swc,10976,10975,15854.02734375,30344.828125,18562.5,False,549
252527::056.swc,10977,10976,15851.1640625,30341.0546875,18560.890625,False,549
252527::056.swc,10978,10977,15849.234375,30338.3984375,18557.65625,False,549
252527::056.swc,10979,10978,15844.1015625,30335.203125,18554.75390625,False,549
252527::056.swc,10980,10979,15840.609375,30333.08203125,18549.98828125,False,549
252527::056.swc,10981,10980,15835.0625,30326.80859375,18545.4609375,False,549
252527::056.swc,10982,10981,15832.3359375,30320.76953125,18541.35546875,True,549
252527::056.swc,11042,10054,16194.84765625,29982.2890625,18721.3203125,False,549
252527::056.swc,11043,11042,16188.5078125,29979.3828125,18718.83203125,False,549
252527::056.swc,11044,11043,16179.453125,29976.1796875,18718.40234375,False,549
252527::056.swc,11045,11044,16175.98046875,29975.3203125,18716.796875,False,549
252527::056.swc,11046,11045,16167.43359375,29973.44921875,18716.546875,False,549
252527::056.swc,11047,11046,16158.88671875,29971.57421875,18716.296875,False,549
252527::056.swc,11048,11047,16150.34375,29969.703125,18716.04296875,False,549
252527::056.swc,11049,11048,16141.796875,29967.828125,18715.79296875,False,549
252527::056.swc,11050,11049,16133.25,29965.95703125,18715.54296875,False,549
252527::056.swc,11051,11050,16133.828125,29968.171875,18708.1640625,False,549
252527::056.swc,11052,11051,16131.34375,29968.76171875,18702.83984375,False,549
252527::056.swc,11053,11052,16127.27734375,29967.92578125,18700.8515625,False,549
252527::056.swc,11054,11053,16119.3984375,29963.9140625,18703.0,False,549
252527::056.swc,11055,11054,16117.453125,29962.83203125,18708.7578125,False,549
252527::056.swc,11056,11055,16111.12109375,29962.609375,18712.5,False,549
252527::056.swc,11057,11056,16103.95703125,29962.16796875,18712.08203125,False,549
252527::056.swc,11058,11057,16100.49609375,29962.38671875,18710.25,False,549
252527::056.swc,11059,11058,16087.34765625,29961.9609375,18709.41796875,False,549
252527::056.swc,11060,11059,16074.43359375,29960.15234375,18709.6796875,False,549
252527::056.swc,11061,11060,16069.49609375,29959.38671875,18711.796875,False,549
252527::056.swc,11062,11061,16065.6953125,29959.38671875,18709.83203125,False,549
252527::056.swc,11063,11062,16056.54296875,29958.62890625,18710.08203125,False,549
252527::056.swc,11064,11063,16053.92578125,29957.7578125,18712.02734375,False,549
252527::056.swc,11065,11064,16053.2421875,29958.4140625,18710.296875,False,549
252527::056.swc,11066,11065,16043.4140625,29958.421875,18709.5,False,549
252527::056.swc,11067,11066,16027.45703125,29957.37890625,18709.38671875,False,549
252527::056.swc,11068,11067,16014.58984375,29956.98828125,18707.1484375,False,549
252527::056.swc,11069,11068,16005.58984375,29957.62109375,18706.0,False,549
252527::056.swc,11070,11069,15999.875,29958.41796875,18703.77734375,False,549
252527::056.swc,11071,11070,15992.8984375,29957.6640625,18703.68359375,False,549
252527::056.swc,11072,11071,15989.05859375,29957.8671875,18705.75,False,549
252527::056.swc,11073,11072,15980.984375,29955.96875,18701.13671875,False,549
252527::056.swc,11074,11073,15973.77734375,29956.64453125,18700.203125,False,549
252527::056.swc,11075,11074,15970.51171875,29957.99609375,18698.16796875,False,549
252527::056.swc,11076,11075,15964.5078125,29958.56640625,18697.5,False,549
252527::056.swc,11077,11076,15956.1875,29957.6796875,18696.58984375,False,549
252527::056.swc,11078,11077,15948.60546875,29957.69140625,18691.13671875,False,549
252527::056.swc,11079,11078,15938.81640625,29958.53515625,18686.15234375,False,549
252527::056.swc,11080,10054,16196.734375,29986.1171875,18715.9375,False,549
252527::056.swc,11081,11080,16191.03125,29991.69921875,18715.9453125,False,549
252527::056.swc,11082,11081,16188.5078125,29992.81640625,18719.3515625,False,549
252527::056.swc,11083,11082,16183.3125,29994.796875,18721.5,False,549
252527::056.swc,11084,11083,16178.1484375,29999.578125,18722.3671875,False,549
252527::056.swc,11085,11084,16176.859375,30004.7421875,18726.08984375,False,549
252527::056.swc,11086,11085,16175.5390625,30008.17578125,18731.66796875,False,549
252527::056.swc,11087,11086,16174.90234375,30008.7421875,18735.890625,False,549
252527::056.swc,11088,11087,16169.6953125,30011.65625,18738.89453125,False,549
252527::056.swc,11089,11088,16162.1953125,30013.4140625,18745.19921875,False,549
252527::056.swc,11090,11089,16156.640625,30011.94921875,18751.0546875,False,549
252527::056.swc,11091,11090,16154.07421875,30011.078125,18756.609375,False,549
252527::056.swc,11092,11091,16149.9609375,30009.46484375,18757.5,False,549
252527::056.swc,11093,11092,16147.29296875,30004.46484375,18762.95703125,False,549
252527::056.swc,11094,11093,16143.3984375,30003.22265625,18770.58203125,False,549
252527::056.swc,11095,11094,16133.640625,30000.16796875,18776.41796875,False,549
252527::056.swc,11096,11095,16125.37109375,29997.57421875,18780.0859375,False,549
252527::056.swc,11097,11096,16122.38671875,29997.515625,18779.3046875,True,549
252527::056.swc,11098,10161,16513.44921875,30795.20703125,18897.6796875,False,549
252527::056.swc,11099,11098,16516.31640625,30803.09375,18911.29296875,False,549
252527::056.swc,11100,11099,16519.15234375,30809.0078125,18916.96484375,False,549
252527::056.swc,11101,11100,16523.875,30818.9921875,18921.5078125,False,549
252527::056.swc,11102,11101,16528.4765625,30826.61328125,18926.80859375,False,549
252527::056.swc,11103,11102,16532.16015625,30833.0,18929.4375,False,549
252527::056.swc,11104,11103,16533.203125,30838.23046875,18933.58984375,False,549
252527::056.swc,11105,11104,16534.296875,30845.8203125,18935.34375,False,549
252527::056.swc,11106,11105,16535.875,30851.0625,18939.17578125,False,549
252527::056.swc,11107,11106,16539.3828125,30861.19921875,18950.1796875,False,549
252527::056.swc,11108,11107,16543.08203125,30872.35546875,18958.66796875,False,549
252527::056.swc,11109,11108,16544.35546875,30877.43359375,18962.96484375,False,549
252527::056.swc,11110,11109,16545.9609375,30889.88671875,18968.46875,False,549
252527::056.swc,11111,11110,16546.31640625,30902.59375,18977.9453125,False,549
252527::056.swc,11112,11111,16546.4140625,30906.40625,18984.5546875,False,549
252527::056.swc,11113,11112,16548.57421875,30914.48046875,18985.5,False,549
252527::056.swc,11114,11113,16551.9765625,30921.73046875,18985.83203125,False,549
252527::056.swc,11115,11114,16553.7890625,30927.109375,18988.609375,False,549
252527::056.swc,11116,11115,16556.6171875,30935.640625,18990.6875,False,549
252527::056.swc,11117,11116,16552.79296875,30944.3046875,18991.5,False,549
252527::056.swc,11118,11117,16546.61328125,30948.78125,18991.83203125,False,549
252527::056.swc,11119,11118,16542.28515625,30952.38671875,18994.58984375,False,549
252527::056.swc,11120,11119,16536.328125,30959.44140625,18996.73828125,False,549
252527::056.swc,11121,11120,16530.12890625,30970.03125,19000.21484375,False,549
252527::056.swc,11122,11121,16528.046875,30974.33203125,19003.13671875,False,549
252527::056.swc,11123,11122,16525.79296875,30980.4375,19007.73046875,False,549
252527::056.swc,11124,11123,16523.58203125,30988.5703125,19011.5390625,False,549
252527::056.swc,11125,11124,16521.94921875,30995.06640625,19016.02734375,False,549
252527::056.swc,11126,11125,16521.375,31001.6796875,19019.41796875,False,549
252527::056.swc,11127,11126,16521.1953125,31004.1328125,19024.90625,False,549
252527::056.swc,11128,11127,16520.6484375,31008.58984375,19029.4609375,False,549
252527::056.swc,11129,11128,16520.15625,31012.859375,19031.5,False,549
252527::056.swc,11130,11129,16518.859375,31019.1796875,19037.16015625,False,549
252527::056.swc,11131,11130,16517.234375,31027.29296875,19041.25390625,False,549
252527::056.swc,11132,11131,16513.18359375,31030.7890625,19043.85546875,False,549
252527::056.swc,11133,11132,16508.7578125,31030.30078125,19046.97265625,False,549
252527::056.swc,11134,11133,16500.75390625,31030.51171875,19048.5,False,549
252527::056.swc,11135,11134,16495.66796875,31033.17578125,19048.0,False,549
252527::056.swc,11136,11135,16494.7265625,31033.92578125,19045.5,False,549
252527::056.swc,11137,11136,16492.4609375,31035.8984375,19048.16796875,False,549
252527::056.swc,11138,11137,16488.22265625,31043.4375,19050.76953125,False,549
252527::056.swc,11139,11138,16485.76953125,31048.71875,19055.38671875,False,549
252527::056.swc,11140,11139,16482.36328125,31053.671875,19057.5,False,549
252527::056.swc,11141,11140,16475.02734375,31056.78515625,19057.5,False,549
252527::056.swc,11142,11141,16467.6953125,31061.83203125,19058.32421875,False,549
252527::056.swc,11143,11142,16462.35546875,31066.83203125,19060.47265625,False,549
252527::056.swc,11144,11143,16459.2109375,31069.0234375,19063.76953125,False,549
252527::056.swc,11145,11144,16454.0234375,31070.16796875,19066.5,False,549
252527::056.swc,11146,11145,16447.7734375,31073.85546875,19067.0,False,549
252527::056.swc,11147,11146,16441.9296875,31076.7109375,19069.3515625,False,549
252527::056.swc,11148,11147,16431.98046875,31081.52734375,19069.5,False,549
252527::056.swc,11149,11148,16424.19921875,31087.24609375,19070.90625,False,549
252527::056.swc,11150,11149,16421.98828125,31089.25390625,19073.0,False,549
252527::056.swc,11151,11150,16417.203125,31088.75,19079.8671875,False,549
252527::056.swc,11152,11151,16411.2890625,31087.3671875,19085.03125,False,549
252527::056.swc,11153,11152,16406.703125,31089.96484375,19087.5,False,549
252527::056.swc,11154,11153,16404.92578125,31092.06640625,19091.51953125,False,549
252527::056.swc,11155,11154,16402.25,31095.5,19093.5,False,549
252527::056.swc,11156,11155,16397.5859375,31099.2421875,19093.5,False,549
252527::056.swc,11157,11156,16389.96875,31108.734375,19093.5,False,549
252527::056.swc,11158,11157,16385.1015625,31116.80078125,19093.5,False,549
252527::056.swc,11159,11158,16382.765625,31125.45703125,19093.5,False,549
252527::056.swc,11160,11159,16382.80078125,31136.92578125,19093.5,False,549
252527::056.swc,11161,11160,16381.6171875,31151.2578125,19093.5,False,549
252527::056.swc,11162,11161,16384.19921875,31161.58984375,19093.5,False,549
252527::056.swc,11163,11162,16388.30078125,31165.31640625,19092.59765625,False,549
252527::056.swc,11164,11163,16389.37890625,31166.98046875,19087.93359375,False,549
252527::056.swc,11165,11164,16392.05078125,31170.0078125,19084.5,False,549
252527::056.swc,11166,11165,16394.48828125,31173.734375,19084.5,False,549
252527::056.swc,11167,10161,16510.0234375,30782.703125,18888.6171875,False,549
252527::056.swc,11168,11167,16508.7578125,30787.125,18888.83203125,False,549
252527::056.swc,11169,11168,16503.71484375,30784.7890625,18887.41015625,False,549
252527::056.swc,11170,11169,16498.8203125,30781.015625,18889.1484375,False,549
252527::056.swc,11171,11170,16495.19140625,30776.19921875,18888.8359375,False,549
252527::056.swc,11172,11171,16492.2109375,30774.9921875,18886.890625,False,549
252527::056.swc,11173,11172,16491.8671875,30770.4375,18881.49609375,False,549
252527::056.swc,11174,11173,16489.3125,30765.11328125,18879.4765625,False,549
252527::056.swc,11175,11174,16486.8828125,30758.48046875,18875.28515625,False,549
252527::056.swc,11176,11175,16486.2734375,30755.25390625,18869.0,True,549
252527::056.swc,11177,10217,16644.2109375,29228.26171875,18636.453125,False,549
252527::056.swc,11178,11177,16644.609375,29228.26953125,18648.125,False,549
252527::056.swc,11179,11178,16643.18359375,29226.921875,18657.703125,False,549
252527::056.swc,11180,11179,16638.67578125,29225.87890625,18662.5234375,False,549
252527::056.swc,11181,11180,16635.625,29222.44140625,18663.015625,False,549
252527::056.swc,11182,11181,16636.703125,29215.078125,18660.88671875,False,549
252527::056.swc,11183,11182,16636.85546875,29210.6953125,18656.5,False,549
252527::056.swc,11184,11183,16635.14453125,29207.6640625,18656.31640625,False,549
252527::056.swc,11185,11184,16633.8828125,29204.171875,18660.1171875,False,549
252527::056.swc,11186,11185,16633.62890625,29194.40625,18661.83203125,False,549
252527::056.swc,11187,11186,16632.96484375,29187.625,18664.3515625,False,549
252527::056.swc,11188,11187,16630.30078125,29177.07421875,18664.91796875,False,549
252527::056.swc,11189,11188,16628.96484375,29172.9765625,18666.75,True,549
252527::056.swc,11190,10217,16651.1328125,29225.125,18634.7109375,False,549
252527::056.swc,11191,11190,16651.9296875,29216.2578125,18636.80859375,False,549
252527::056.swc,11192,11191,16650.25390625,29209.08203125,18634.859375,False,549
252527::056.swc,11193,11192,16651.80859375,29200.76953125,18634.5,False,549
252527::056.swc,11194,11193,16657.1875,29191.75390625,18633.28515625,False,549
252527::056.swc,11195,11194,16660.3671875,29182.60546875,18630.5078125,False,549
252527::056.swc,11211,10335,16220.24609375,30073.6328125,18486.01171875,False,549
252527::056.swc,11212,11211,16221.97265625,30071.97265625,18481.80859375,False,549
252527::056.swc,11213,11212,16224.46484375,30070.98046875,18481.5,False,549
252527::056.swc,11214,11213,16226.2734375,30071.875,18477.1640625,False,549
252527::056.swc,11215,11214,16226.2734375,30072.03125,18471.4453125,False,549
252527::056.swc,11216,11215,16228.50390625,30073.86328125,18469.5,False,549
252527::056.swc,11217,11216,16233.81640625,30075.03515625,18468.9375,False,549
252527::056.swc,11218,11217,16238.1484375,30073.828125,18466.82421875,False,549
252527::056.swc,11219,11218,16242.7421875,30068.12890625,18464.2578125,False,549
252527::056.swc,11220,11219,16245.8125,30064.58984375,18460.25,False,549
252527::056.swc,11221,11220,16251.734375,30062.1484375,18457.5,False,549
252527::056.swc,11222,11221,16259.21484375,30063.28125,18457.5,False,549
252527::056.swc,11223,11222,16265.40234375,30066.66796875,18456.66796875,False,549
252527::056.swc,11224,11223,16266.25,30067.3515625,18453.0,True,549
252527::056.swc,11225,10335,16217.3359375,30076.08203125,18487.53515625,False,549
252527::056.swc,11226,11225,16212.2109375,30080.42578125,18483.71484375,False,549
252527::056.swc,11227,11226,16209.375,30082.98046875,18478.75,False,549
252527::056.swc,11228,11227,16208.9140625,30084.73828125,18471.85546875,False,549
252527::056.swc,11229,11228,16207.64453125,30090.203125,18462.25390625,False,549
252527::056.swc,11230,11229,16205.80078125,30096.38671875,18454.890625,False,549
252527::056.swc,11231,11230,16204.4375,30104.98828125,18450.83203125,False,549
252527::056.swc,11232,11231,16204.17578125,30107.0234375,18446.5,False,549
252527::056.swc,11233,11232,16201.4453125,30112.4921875,18441.7890625,False,549
252527::056.swc,11234,11233,16199.94921875,30116.76171875,18435.953125,False,549
252527::056.swc,11235,11234,16195.84375,30122.3671875,18433.40625,False,549
252527::056.swc,11236,11235,16190.4765625,30124.28125,18432.4609375,False,549
252527::056.swc,11237,11236,16186.1640625,30126.86328125,18433.11328125,False,549
252527::056.swc,11238,11237,16182.390625,30129.203125,18431.03515625,False,549
252527::056.swc,11239,11238,16172.828125,30131.0234375,18430.16796875,False,549
252527::056.swc,11240,11239,16164.484375,30132.2890625,18427.6484375,False,549
252527::056.swc,11241,11240,16158.10546875,30132.28125,18427.5,False,549
252527::056.swc,11242,11241,16155.53515625,30129.8671875,18430.171875,False,549
252527::056.swc,11243,11242,16146.99609375,30126.4296875,18430.5,False,549
252527::056.swc,11244,11243,16139.1015625,30124.44140625,18431.0,False,549
252527::056.swc,11245,11244,16133.7578125,30122.6171875,18433.3515625,False,549
252527::056.swc,11246,11245,16122.953125,30118.1328125,18433.83984375,False,549
252527::056.swc,11247,11246,16116.35546875,30115.6796875,18436.9765625,False,549
252527::056.swc,11248,11247,16110.59765625,30114.703125,18440.90625,False,549
252527::056.swc,11249,11248,16108.46484375,30114.80859375,18444.58984375,False,549
252527::056.swc,11250,11249,16104.37890625,30113.90234375,18445.5,False,549
252527::056.swc,11251,11250,16100.609375,30112.13671875,18443.125,False,549
252527::056.swc,11252,11251,16097.19140625,30110.33203125,18438.3046875,False,549
252527::056.swc,11253,11252,16099.7734375,30111.71484375,18444.4609375,False,549
252527::056.swc,11254,11253,16099.5,30111.02734375,18452.57421875,False,549
252527::056.swc,11255,11254,16098.05078125,30112.22265625,18456.9921875,False,549
252527::056.swc,11256,11255,16095.98046875,30114.765625,18455.1640625,False,549
252527::056.swc,11257,11256,16093.16015625,30116.390625,18456.6328125,False,549
252527::056.swc,11258,11257,16086.25390625,30115.70703125,18457.5,False,549
252527::056.swc,11259,11258,16080.70703125,30112.22265625,18457.27734375,False,549
252527::056.swc,11260,11259,16076.953125,30110.83203125,18454.72265625,False,549
252527::056.swc,11261,11260,16071.96484375,30109.46875,18457.44921875,False,549
252527::056.swc,11262,11261,16066.1875,30108.98828125,18462.98828125,False,549
252527::056.swc,11263,11262,16062.1328125,30109.08984375,18469.71875,False,549
252527::056.swc,11264,11263,16059.18359375,30110.3671875,18472.5,True,549
252527::056.swc,11311,10637,16130.5390625,30628.74609375,18710.94921875,False,549
252527::056.swc,11312,11311,16127.89453125,30630.796875,18712.5,False,549
252527::056.swc,11313,11312,16124.703125,30638.0859375,18710.4140625,False,549
252527::056.swc,11314,11313,16121.18359375,30644.8671875,18706.39453125,False,549
252527::056.swc,11315,11314,16115.1640625,30652.53515625,18701.40234375,False,549
252527::056.swc,11316,11315,16112.31640625,30658.1640625,18697.94921875,False,549
252527::056.swc,11317,11316,16108.6875,30662.8828125,18696.61328125,False,549
252527::056.swc,11318,11317,16105.890625,30666.6171875,18691.6796875,False,549
252527::056.swc,11319,11318,16100.4296875,30675.96484375,18687.42578125,False,549
252527::056.swc,11320,11319,16094.3359375,30686.76171875,18684.5,False,549
252527::056.swc,11321,11320,16089.36328125,30692.64453125,18679.6171875,False,549
252527::056.swc,11322,11321,16083.1484375,30696.87890625,18675.78125,False,549
252527::056.swc,11323,11322,16069.4765625,30708.73046875,18666.265625,False,549
252527::056.swc,11324,11323,16058.45703125,30717.46875,18655.26171875,False,549
252527::056.swc,11325,11324,16052.09765625,30718.5,18648.92578125,False,549
252527::056.swc,11326,11325,16045.95703125,30715.74609375,18644.49609375,False,549
252527::056.swc,11327,11326,16037.1875,30713.6328125,18639.79296875,False,549
252527::056.swc,11328,11327,16028.34765625,30712.48046875,18636.5,False,549
252527::056.swc,11329,11328,16026.62890625,30712.484375,18632.5,False,549
252527::056.swc,11330,11329,16022.3984375,30713.81640625,18630.66796875,False,549
252527::056.swc,11331,11330,16016.1328125,30712.15625,18627.171875,False,549
252527::056.swc,11332,11331,16009.09375,30709.81640625,18625.5,False,549
252527::056.swc,11333,11332,16000.6953125,30709.70703125,18623.515625,False,549
252527::056.swc,11334,11333,15996.30859375,30710.609375,18618.23828125,False,549
252527::056.swc,11335,11334,15986.23046875,30710.66796875,18614.51953125,False,549
252527::056.swc,11336,11335,15980.97265625,30708.81640625,18611.11328125,False,549
252527::056.swc,11337,11336,15971.7421875,30707.77734375,18607.2578125,False,549
252527::056.swc,11338,11337,15958.62890625,30706.88671875,18601.28125,False,549
252527::056.swc,11339,11338,15951.07421875,30707.58203125,18598.5,False,549
252527::056.swc,11340,11339,15945.1328125,30709.55078125,18596.41796875,False,549
252527::056.swc,11341,11340,15941.11328125,30710.47265625,18590.87890625,False,549
252527::056.swc,11342,11341,15934.64453125,30713.80078125,18588.9453125,False,549
252527::056.swc,11343,11342,15932.46875,30716.28125,18584.5,False,549
252527::056.swc,11344,11343,15930.578125,30721.5703125,18583.5,False,549
252527::056.swc,11345,11344,15927.0703125,30724.3515625,18580.8359375,False,549
252527::056.swc,11346,11345,15922.58203125,30722.375,18575.8203125,False,549
252527::056.swc,11347,11346,15917.5,30720.9296875,18568.30859375,False,549
252527::056.swc,11348,11347,15914.203125,30721.03125,18565.5,False,549
252527::056.swc,11349,11348,15906.3515625,30718.72265625,18560.71875,False,549
252527::056.swc,11350,11349,15901.81640625,30717.375,18555.0,False,549
252527::056.swc,11351,11350,15895.33984375,30716.203125,18553.82421875,False,549
252527::056.swc,11352,11351,15889.12890625,30715.08984375,18555.7265625,False,549
252527::056.swc,11353,11352,15884.265625,30714.125,18552.66796875,False,549
252527::056.swc,11354,11353,15880.98828125,30714.21875,18545.0,False,549
252527::056.swc,11355,11354,15875.08984375,30714.44921875,18538.31640625,False,549
252527::056.swc,11356,11355,15866.57421875,30716.79296875,18530.12890625,False,549
252527::056.swc,11357,11356,15860.72265625,30716.6953125,18523.48046875,False,549
252527::056.swc,11358,11357,15854.18359375,30715.3125,18520.46484375,False,549
252527::056.swc,11359,11358,15844.2734375,30713.94921875,18510.67578125,False,549
252527::056.swc,11360,11359,15830.06640625,30712.69921875,18501.60546875,False,549
252527::056.swc,11361,11360,15819.4765625,30712.3515625,18489.6328125,False,549
252527::056.swc,11362,11361,15809.96875,30712.96875,18482.87890625,False,549
252527::056.swc,11363,11362,15803.0625,30713.03125,18474.1953125,False,549
252527::056.swc,11364,11363,15797.09375,30712.9140625,18470.8671875,False,549
252527::056.swc,11365,10637,16137.41015625,30635.234375,18704.05859375,False,549
252527::056.swc,11366,11365,16137.89453125,30638.65234375,18700.72265625,False,549
252527::056.swc,11367,11366,16136.30078125,30644.5703125,18699.12890625,False,549
252527::056.swc,11368,11367,16137.16015625,30648.796875,18696.5703125,False,549
252527::056.swc,11369,11368,16137.22265625,30651.98828125,18689.79296875,False,549
252527::056.swc,11370,11369,16135.80078125,30654.73046875,18685.14453125,False,549
252527::056.swc,11371,11370,16136.33203125,30656.1484375,18677.5703125,False,549
252527::056.swc,11372,11371,16141.58203125,30660.21875,18667.2421875,True,549
252527::056.swc,11373,10824,16055.86328125,30550.38671875,18901.5,False,549
252527::056.swc,11374,11373,16052.99609375,30561.37890625,18902.48046875,False,549
252527::056.swc,11375,11374,16051.20703125,30566.46484375,18904.38671875,False,549
252527::056.swc,11376,11375,16048.1875,30575.92578125,18904.5,False,549
252527::056.swc,11377,11376,16046.203125,30580.484375,18907.97265625,False,549
252527::056.swc,11378,11377,16045.54296875,30581.51171875,18912.58203125,False,549
252527::056.swc,11379,11378,16040.2578125,30592.01953125,18913.5,False,549
252527::056.swc,11380,11379,16035.48046875,30600.66796875,18913.5,False,549
252527::056.swc,11381,11380,16034.26953125,30602.62109375,18915.8515625,False,549
252527::056.swc,11382,11381,16033.1171875,30610.08203125,18917.078125,False,549
252527::056.swc,11383,11382,16032.85546875,30618.17578125,18919.421875,False,549
252527::056.swc,11384,11383,16030.6875,30627.765625,18923.16015625,False,549
252527::056.swc,11385,11384,16025.7265625,30640.90234375,18925.84765625,False,549
252527::056.swc,11386,11385,16023.703125,30648.765625,18928.390625,False,549
252527::056.swc,11387,11386,16023.19921875,30654.7265625,18929.14453125,False,549
252527::056.swc,11388,11387,16022.453125,30657.86328125,18932.265625,False,549
252527::056.swc,11389,11388,16021.6875,30664.38671875,18934.5,False,549
252527::056.swc,11390,11389,16020.09375,30669.3125,18934.68359375,False,549
252527::056.swc,11391,11390,16018.81640625,30673.34765625,18937.0,False,549
252527::056.swc,11392,11391,16016.3203125,30678.85546875,18937.5,False,549
252527::056.swc,11393,11392,16015.0234375,30685.73828125,18937.75,False,549
252527::056.swc,11394,11393,16014.47265625,30688.6796875,18939.77734375,False,549
252527::056.swc,11395,11394,16011.55078125,30695.8671875,18941.12109375,False,549
252527::056.swc,11396,11395,16007.8203125,30702.29296875,18943.33203125,False,549
252527::056.swc,11397,11396,16003.15625,30710.02734375,18943.42578125,False,549
252527::056.swc,11398,11397,16000.7265625,30714.0703125,18941.25,False,549
252527::056.swc,11399,10824,16059.05859375,30546.98046875,18900.94140625,False,549
252527::056.swc,11400,11399,16060.56640625,30555.4375,18896.5546875,False,549
252527::056.swc,11401,11400,16062.19140625,30561.0234375,18888.8671875,False,549
252527::056.swc,11402,11401,16063.4375,30568.26953125,18884.21484375,False,549
252527::056.swc,11403,11402,16064.25390625,30573.29296875,18878.09765625,False,549
252527::056.swc,11404,11403,16064.3125,30577.234375,18871.15625,False,549
252527::056.swc,11405,11404,16063.57421875,30581.43359375,18866.37109375,False,549
252527::056.swc,11406,11405,16061.84375,30588.03515625,18861.1953125,False,549
252527::056.swc,11407,11406,16060.80859375,30591.625,18856.10546875,False,549
252527::056.swc,11408,11407,16060.8671875,30597.21875,18851.77734375,False,549
252527::056.swc,11409,11408,16061.10546875,30600.4921875,18845.5,False,549
252527::056.swc,11410,11409,16062.68359375,30601.88671875,18844.5,False,549
252527::056.swc,11411,11410,16064.9140625,30609.203125,18835.37109375,False,549
252527::056.swc,11412,11411,16065.17578125,30615.91015625,18829.1484375,False,549
252527::056.swc,11413,11412,16065.07421875,30621.40625,18826.0,False,549
252527::056.swc,11414,11413,16064.73046875,30627.2890625,18818.80078125,False,549
252527::056.swc,11415,11414,16063.57421875,30637.0,18809.19140625,False,549
252527::056.swc,11416,11415,16063.125,30641.9765625,18802.5,False,549
252527::056.swc,11417,10859,16231.8515625,30648.97265625,18888.44921875,False,549
252527::056.swc,11418,11417,16226.8203125,30642.0078125,18885.00390625,False,549
252527::056.swc,11419,11418,16222.08203125,30639.65234375,18883.58203125,False,549
252527::056.swc,11420,11419,16220.1015625,30635.28515625,18880.4140625,False,549
252527::056.swc,11421,11420,16221.6875,30632.5703125,18871.0859375,False,549
252527::056.swc,11422,11421,16222.21875,30626.3515625,18866.203125,False,549
252527::056.swc,11423,11422,16218.70703125,30618.28125,18863.0625,False,549
252527::056.swc,11424,11423,16217.0234375,30614.2578125,18857.55859375,False,549
252527::056.swc,11425,11424,16214.1875,30610.01953125,18856.5,False,549
252527::056.swc,11426,11425,16213.953125,30602.0234375,18856.1171875,False,549
252527::056.swc,11427,11426,16215.421875,30596.19921875,18854.16796875,False,549
252527::056.swc,11428,11427,16208.375,30588.84765625,18853.5,False,549
252527::056.swc,11429,11428,16202.90625,30586.43359375,18853.5,False,549
252527::056.swc,11430,11429,16199.60546875,30582.87890625,18855.94140625,False,549
252527::056.swc,11431,11430,16194.28125,30580.46484375,18859.7265625,False,549
252527::056.swc,11432,11431,16188.828125,30579.5703125,18863.359375,False,549
252527::056.swc,11433,11432,16184.46484375,30580.99609375,18869.47265625,True,549
252527::056.swc,11434,10859,16231.42578125,30661.30859375,18890.265625,False,549
252527::056.swc,11435,11434,16231.0078125,30669.0,18888.37109375,False,549
252527::056.swc,11436,11435,16233.0625,30673.75,18882.4453125,False,549
252527::056.swc,11437,11436,16234.07421875,30677.3828125,18874.94921875,False,549
252527::056.swc,11438,11437,16233.296875,30679.6875,18869.41796875,False,549
252527::056.swc,11439,11438,16230.31640625,30684.16796875,18868.5,False,549
252527::056.swc,11440,11439,16229.01171875,30691.23828125,18868.5,False,549
252527::056.swc,11441,11440,16230.41796875,30699.76953125,18868.91796875,False,549
252527::056.swc,11442,11441,16231.44140625,30704.0703125,18870.75,True,549
252527::056.swc,11443,11079,15932.44140625,29963.640625,18686.53125,False,549
252527::056.swc,11444,11443,15928.8828125,29970.23828125,18688.65625,False,549
252527::056.swc,11445,11444,15926.625,29974.23828125,18693.359375,False,549
252527::056.swc,11446,11445,15921.4453125,29978.9296875,18698.1640625,False,549
252527::056.swc,11447,11446,15912.91015625,29984.234375,18701.3046875,False,549
252527::056.swc,11448,11447,15904.69921875,29990.625,18703.5,False,549
252527::056.swc,11449,11448,15903.046875,29996.109375,18703.25,False,549
252527::056.swc,11450,11449,15902.62109375,29999.640625,18701.22265625,False,549
252527::056.swc,11451,11450,15903.78515625,30006.96875,18699.609375,False,549
252527::056.swc,11452,11451,15907.66015625,30010.25,18697.76953125,False,549
252527::056.swc,11453,11452,15912.69140625,30016.1796875,18698.2890625,False,549
252527::056.swc,11454,11453,15915.83984375,30019.73828125,18700.17578125,False,549
252527::056.swc,11455,11454,15919.48828125,30026.37890625,18700.8515625,False,549
252527::056.swc,11456,11455,15918.9765625,30030.74609375,18702.73828125,False,549
252527::056.swc,11457,11456,15918.59375,30034.4609375,18701.85546875,True,549
252527::056.swc,11458,11079,15933.99609375,29958.8203125,18684.5078125,False,549
252527::056.swc,11459,11458,15931.515625,29959.0078125,18680.16796875,False,549
252527::056.swc,11460,11459,15925.91015625,29955.8125,18678.7890625,False,549
252527::056.swc,11461,11460,15920.39453125,29947.81640625,18676.64453125,False,549
252527::056.swc,11462,11461,15914.7890625,29942.83203125,18674.109375,False,549
252527::056.swc,11463,11462,15907.59765625,29940.25390625,18673.5,False,549
252527::056.swc,11464,11463,15896.24609375,29933.203125,18673.5,False,549
252527::056.swc,11465,11464,15887.95703125,29928.33984375,18672.6953125,False,549
252527::056.swc,11466,11465,15884.04296875,29926.4296875,18670.66015625,False,549
252527::056.swc,11467,11466,15874.62109375,29922.85546875,18670.5,False,549
252527::056.swc,11468,11166,16394.94921875,31180.078125,19088.48046875,False,549
252527::056.swc,11469,11468,16396.36328125,31182.9609375,19092.77734375,True,549
252527::056.swc,11470,11166,16402.36328125,31178.6328125,19078.23828125,False,549
252527::056.swc,11471,11470,16406.1015625,31180.41015625,19071.05859375,False,549
252527::056.swc,11472,11471,16409.08984375,31180.69921875,19064.40234375,False,549
252527::056.swc,11473,11472,16410.79296875,31179.3828125,19058.83203125,False,549
252527::056.swc,11474,11473,16412.7109375,31176.9375,19057.5,True,549
252527::056.swc,11536,11364,15791.28515625,30712.2890625,18466.10546875,False,549
252527::056.swc,11537,11536,15788.6953125,30711.58984375,18460.7109375,False,549
252527::056.swc,11538,11537,15788.25390625,30709.8984375,18455.04296875,False,549
252527::056.swc,11539,11538,15785.890625,30706.96875,18451.5,False,549
252527::056.swc,11540,11539,15781.77734375,30704.82421875,18451.5,False,549
252527::056.swc,11541,11540,15775.12109375,30704.62109375,18451.5,False,549
252527::056.swc,11542,11541,15771.04296875,30709.6953125,18449.76171875,False,549
252527::056.swc,11543,11542,15766.1875,30714.55859375,18445.69921875,False,549
252527::056.swc,11544,11543,15761.67578125,30716.19921875,18441.05078125,False,549
252527::056.swc,11545,11544,15758.0703125,30717.06640625,18441.98046875,False,549
252527::056.swc,11546,11545,15754.19921875,30718.19921875,18438.17578125,False,549
252527::056.swc,11547,11546,15745.16796875,30719.359375,18434.98828125,False,549
252527::056.swc,11548,11547,15732.35546875,30719.88671875,18429.69921875,False,549
252527::056.swc,11549,11548,15718.84375,30720.703125,18420.19140625,False,549
252527::056.swc,11550,11549,15707.3984375,30721.7890625,18414.234375,False,549
252527::056.swc,11551,11550,15695.62890625,30721.92578125,18410.453125,False,549
252527::056.swc,11552,11551,15690.92578125,30721.28125,18407.734375,False,549
252527::056.swc,11553,11552,15687.359375,30721.15625,18401.015625,False,549
252527::056.swc,11554,11553,15680.7578125,30721.09375,18398.140625,False,549
252527::056.swc,11555,11554,15674.25390625,30721.50390625,18392.81640625,False,549
252527::056.swc,11556,11555,15665.5234375,30722.82421875,18390.51953125,False,549
252527::056.swc,11557,11556,15657.63671875,30724.24609375,18386.70703125,False,549
252527::056.swc,11558,11557,15647.55859375,30724.3359375,18381.38671875,False,549
252527::056.swc,11559,11558,15639.578125,30725.49609375,18375.61328125,False,549
252527::056.swc,11560,11559,15631.46484375,30727.6171875,18372.66796875,False,549
252527::056.swc,11561,11560,15628.21484375,30728.5,18369.0,False,549
252527::056.swc,11562,11561,15623.16796875,30728.3828125,18367.5,False,549
252527::056.swc,11563,11562,15615.87109375,30725.046875,18367.08203125,False,549
252527::056.swc,11564,11563,15613.359375,30723.53125,18365.25,False,549
252527::056.swc,11565,11564,15607.48046875,30724.7421875,18360.765625,False,549
252527::056.swc,11566,11565,15592.2578125,30728.3671875,18356.5078125,False,549
252527::056.swc,11567,11566,15580.875,30730.66796875,18350.8828125,False,549
252527::056.swc,11568,11567,15570.609375,30731.49609375,18347.58203125,False,549
252527::056.swc,11569,11568,15560.48046875,30730.94921875,18347.24609375,False,549
252527::056.swc,11570,11569,15553.0390625,30732.859375,18344.6953125,False,549
252527::056.swc,11571,11570,15548.43359375,30738.44140625,18340.87109375,False,549
252527::056.swc,11572,11571,15547.09765625,30747.26953125,18337.6484375,False,549
252527::056.swc,11573,11572,15546.8671875,30763.5,18336.5546875,False,549
252527::056.swc,11574,11573,15545.7734375,30770.28125,18334.87890625,False,549
252527::056.swc,11575,11574,15544.64453125,30774.234375,18336.34765625,False,549
252527::056.swc,11576,11575,15540.27734375,30774.453125,18331.18359375,False,549
252527::056.swc,11577,11576,15533.6015625,30775.0859375,18329.88671875,False,549
252527::056.swc,11578,11577,15520.42578125,30781.4140625,18321.69921875,False,549
252527::056.swc,11579,11578,15512.8359375,30788.51953125,18313.8828125,False,549
252527::056.swc,11580,11579,15508.8203125,30791.6953125,18304.0,False,549
252527::056.swc,11581,11580,15507.65234375,30798.41015625,18306.1171875,False,549
252527::056.swc,11582,11581,15507.51953125,30806.05859375,18302.41015625,False,549
252527::056.swc,11583,11582,15508.34375,30813.5234375,18301.5,False,549
252527::056.swc,11584,11583,15510.74609375,30817.21875,18293.6875,False,549
252527::056.swc,11585,11584,15515.8984375,30819.94140625,18282.234375,False,549
252527::056.swc,11586,11585,15518.7265625,30822.86328125,18272.0,False,549
252527::056.swc,11587,11586,15520.4453125,30827.12890625,18264.96875,False,549
252527::056.swc,11588,11587,15521.0234375,30831.40625,18256.03125,False,549
252527::056.swc,11589,11588,15516.76171875,30840.953125,18244.73046875,False,549
252527::056.swc,11590,11589,15507.453125,30856.3125,18235.6171875,False,549
252527::056.swc,11591,11590,15499.84375,30866.32421875,18224.05078125,False,549
252527::056.swc,11592,11591,15498.6875,30868.8671875,18218.44921875,False,549
252527::056.swc,11593,11592,15499.88671875,30872.55078125,18217.16796875,False,549
252527::056.swc,11594,11593,15505.6328125,30876.0625,18210.2421875,False,549
252527::056.swc,11595,11594,15513.7265625,30881.4140625,18204.51953125,False,549
252527::056.swc,11596,11595,15518.82421875,30885.96484375,18202.83984375,False,549
252527::056.swc,11597,11596,15521.41796875,30898.6484375,18202.5,False,549
252527::056.swc,11598,11597,15521.3828125,30904.62890625,18204.42578125,False,549
252527::056.swc,11599,11598,15522.16796875,30907.61328125,18207.25390625,False,549
252527::056.swc,11600,11599,15523.13671875,30915.54296875,18208.87109375,False,549
252527::056.swc,11601,11600,15526.46484375,30920.19921875,18211.19140625,False,549
252527::056.swc,11602,11601,15528.8203125,30925.99609375,18216.91015625,False,549
252527::056.swc,11603,11602,15527.1875,30935.80859375,18217.69921875,False,549
252527::056.swc,11604,11603,15529.7734375,30941.23828125,18222.03125,False,549
252527::056.swc,11605,11604,15533.41796875,30945.125,18225.390625,False,549
252527::056.swc,11606,11605,15532.921875,30950.66015625,18228.9375,False,549
252527::056.swc,11607,11606,15531.9375,30955.30078125,18234.28515625,False,549
252527::056.swc,11608,11607,15530.33984375,30958.40234375,18240.40234375,False,549
252527::056.swc,11609,11608,15528.34765625,30962.11328125,18241.70703125,False,549
252527::056.swc,11610,11609,15528.05859375,30966.18359375,18246.3515625,False,549
252527::056.swc,11611,11610,15529.2421875,30967.19921875,18252.95703125,False,549
252527::056.swc,11612,11611,15530.21484375,30965.625,18263.5390625,False,549
252527::056.swc,11613,11612,15533.57421875,30962.109375,18270.92578125,False,549
252527::056.swc,11614,11613,15537.609375,30956.9453125,18278.8671875,False,549
252527::056.swc,11615,11614,15540.02734375,30949.78125,18282.81640625,False,549
252527::056.swc,11616,11615,15540.7734375,30944.43359375,18284.30859375,False,549
252527::056.swc,11617,11616,15539.15234375,30942.71484375,18288.6796875,False,549
252527::056.swc,11618,11617,15536.234375,30940.48828125,18289.5,False,549
252527::056.swc,11619,11618,15530.27734375,30935.08203125,18293.42578125,False,549
252527::056.swc,11620,11619,15524.734375,30933.8046875,18295.33203125,False,549
252527::056.swc,11621,11620,15518.7890625,30932.875,18299.31640625,False,549
252527::056.swc,11622,11621,15516.84765625,30932.046875,18304.953125,True,549
252527::056.swc,11623,11364,15795.08203125,30713.12109375,18465.234375,False,549
252527::056.swc,11624,11623,15795.19921875,30714.41796875,18452.5390625,False,549
252527::056.swc,11625,11624,15794.78515625,30717.21875,18439.203125,False,549
252527::056.swc,11626,11625,15793.56640625,30719.015625,18432.125,False,549
252527::056.swc,11627,11626,15789.48046875,30720.84765625,18428.32421875,False,549
252527::056.swc,11628,11627,15783.2578125,30726.26953125,18421.41015625,False,549
252527::056.swc,11629,11628,15780.11328125,30731.26171875,18413.77734375,False,549
252527::056.swc,11630,11629,15775.01953125,30735.55078125,18409.8203125,False,549
252527::056.swc,11631,11630,15770.59375,30737.80859375,18403.90234375,False,549
252527::056.swc,11632,11631,15767.4140625,30740.63671875,18400.421875,False,549
252527::056.swc,11633,11632,15766.07421875,30744.5234375,18397.5,False,549
252527::056.swc,11634,11633,15766.4296875,30746.390625,18391.8671875,False,549
252527::056.swc,11635,11634,15765.65625,30746.07421875,18385.0546875,False,549
252527::056.swc,11636,11635,15762.3046875,30741.0859375,18378.7890625,False,549
252527::056.swc,11637,11636,15757.0078125,30733.25390625,18373.64453125,False,549
252527::056.swc,11638,11637,15755.0234375,30730.2890625,18367.72265625,False,549
252527::056.swc,11639,11638,15755.328125,30726.89453125,18361.36328125,False,549
252527::056.swc,11640,11398,16000.7265625,30715.73828125,18947.51953125,False,549
252527::056.swc,11641,11640,15999.9140625,30723.43359375,18949.5,False,549
252527::056.swc,11642,11641,15996.77734375,30726.96875,18949.5,False,549
252527::056.swc,11643,11642,15994.109375,30733.84765625,18952.296875,False,549
252527::056.swc,11644,11643,15991.06640625,30743.25,18957.734375,False,549
252527::056.swc,11645,11644,15988.25390625,30747.90625,18960.4453125,False,549
252527::056.swc,11646,11645,15984.43359375,30753.62109375,18961.5,False,549
252527::056.swc,11647,11646,15981.875,30758.09375,18963.8515625,False,549
252527::056.swc,11648,11647,15980.55078125,30763.0,18968.484375,False,549
252527::056.swc,11649,11648,15977.21484375,30770.62890625,18972.4921875,False,549
252527::056.swc,11650,11649,15969.4921875,30779.8359375,18973.890625,False,549
252527::056.swc,11651,11650,15965.5546875,30784.21875,18975.77734375,False,549
252527::056.swc,11652,11651,15959.73046875,30793.58984375,18979.140625,False,549
252527::056.swc,11653,11652,15954.24609375,30800.73046875,18981.62109375,False,549
252527::056.swc,11654,11653,15951.25,30804.28515625,18986.19921875,False,549
252527::056.swc,11655,11654,15946.97265625,30813.40234375,18989.16796875,False,549
252527::056.swc,11656,11655,15944.6484375,30819.0234375,18992.90234375,False,549
252527::056.swc,11657,11656,15941.390625,30827.84375,18996.5078125,False,549
252527::056.swc,11658,11657,15938.08984375,30836.91796875,18998.22265625,False,549
252527::056.swc,11659,11658,15934.84765625,30844.7890625,19002.4921875,False,549
252527::056.swc,11660,11659,15931.39453125,30852.3203125,19005.3046875,False,549
252527::056.swc,11661,11660,15927.37890625,30859.36328125,19006.5,False,549
252527::056.swc,11662,11661,15922.7734375,30866.46875,19013.85546875,False,549
252527::056.swc,11663,11662,15921.42578125,30875.8984375,19017.0,False,549
252527::056.swc,11664,11663,15920.5078125,30878.8203125,19020.66796875,False,549
252527::056.swc,11665,11664,15917.42578125,30884.62890625,19021.5,False,549
252527::056.swc,11666,11665,15911.8046875,30890.7421875,19028.48828125,False,549
252527::056.swc,11667,11666,15907.73828125,30896.6171875,19031.48046875,False,549
252527::056.swc,11668,11667,15905.51171875,30902.046875,19034.48828125,False,549
252527::056.swc,11669,11668,15900.53515625,30910.98046875,19037.671875,False,549
252527::056.swc,11670,11669,15897.42578125,30918.73046875,19040.83984375,False,549
252527::056.swc,11671,11670,15894.90625,30925.44140625,19044.94140625,False,549
252527::056.swc,11672,11671,15892.69140625,30928.78515625,19049.7890625,False,549
252527::056.swc,11673,11672,15890.1796875,30933.62890625,19053.73046875,False,549
252527::056.swc,11674,11673,15885.02734375,30940.10546875,19060.6640625,False,549
252527::056.swc,11675,11674,15879.16796875,30948.69140625,19065.33203125,False,549
252527::056.swc,11676,11675,15874.2421875,30956.921875,19071.72265625,False,549
252527::056.swc,11677,11676,15868.421875,30968.984375,19081.671875,False,549
252527::056.swc,11678,11677,15866.23828125,30976.3046875,19087.2421875,False,549
252527::056.swc,11679,11678,15865.734375,30978.4609375,19092.375,False,549
252527::056.swc,11680,11679,15863.03515625,30982.47265625,19093.5,False,549
252527::056.swc,11681,11680,15855.9296875,30990.7734375,19099.7890625,False,549
252527::056.swc,11682,11681,15850.74609375,30997.796875,19107.375,False,549
252527::056.swc,11683,11682,15845.6171875,31004.15234375,19112.17578125,False,549
252527::056.swc,11684,11683,15843.515625,31007.0546875,19116.18359375,False,549
252527::056.swc,11685,11684,15840.7890625,31012.53125,19119.25,False,549
252527::056.swc,11686,11685,15838.68359375,31017.97265625,19124.30859375,False,549
252527::056.swc,11687,11686,15836.89453125,31019.76171875,19128.5546875,False,549
252527::056.swc,11688,11687,15833.03515625,31025.421875,19131.66015625,False,549
252527::056.swc,11689,11688,15830.765625,31030.09375,19136.28515625,False,549
252527::056.swc,11690,11689,15827.4296875,31037.08203125,19140.91015625,False,549
252527::056.swc,11691,11690,15824.52734375,31043.66015625,19143.5703125,False,549
252527::056.swc,11692,11691,15822.4140625,31047.65234375,19150.01171875,False,549
252527::056.swc,11693,11692,15818.40625,31052.2578125,19157.33984375,False,549
252527::056.swc,11694,11693,15817.20703125,31053.42578125,19163.83203125,False,549
252527::056.swc,11695,11694,15813.62890625,31058.2890625,19165.8984375,False,549
252527::056.swc,11696,11695,15810.12890625,31065.9296875,19167.8046875,False,549
252527::056.swc,11697,11696,15804.28515625,31078.515625,19175.8203125,False,549
252527::056.swc,11698,11697,15802.1171875,31084.74609375,19182.1171875,False,549
252527::056.swc,11699,11698,15802.5078125,31088.18359375,19184.390625,False,549
252527::056.swc,11700,11699,15803.0546875,31089.15234375,19188.16796875,False,549
252527::056.swc,11701,11398,16001.94140625,30717.28515625,18937.16796875,False,549
252527::056.swc,11702,11701,16000.8671875,30721.0859375,18934.5,False,549
252527::056.swc,11703,11702,15999.90625,30729.78125,18932.37109375,False,549
252527::056.swc,11704,11703,16000.96875,30743.0,18925.0390625,False,549
252527::056.swc,11705,11704,16002.26171875,30755.13671875,18919.52734375,False,549
252527::056.swc,11706,11705,16003.5078125,30763.6640625,18913.93359375,False,549
252527::056.swc,11707,11706,16004.53515625,30770.828125,18911.01953125,False,549
252527::056.swc,11708,11707,16004.66796875,30774.3203125,18906.23046875,False,549
252527::056.swc,11709,11708,16005.61328125,30784.08203125,18902.33984375,False,549
252527::056.swc,11710,11709,16007.2734375,30792.12890625,18897.4296875,False,549
252527::056.swc,11711,11710,16008.97265625,30801.07421875,18894.61328125,False,549
252527::056.swc,11712,11711,16009.17578125,30803.35546875,18892.66796875,False,549
252527::056.swc,11713,11712,16011.609375,30816.57421875,18885.30078125,False,549
252527::056.swc,11714,11713,16012.42578125,30822.0234375,18886.5,False,549
252527::056.swc,11715,11416,16063.2265625,30646.1171875,18796.4609375,False,549
252527::056.swc,11716,11715,16063.65234375,30651.72265625,18793.27734375,False,549
252527::056.swc,11717,11716,16063.7734375,30655.6640625,18786.98046875,False,549
252527::056.swc,11718,11717,16063.88671875,30660.1640625,18782.52734375,False,549
252527::056.swc,11719,11718,16065.91015625,30665.359375,18779.30859375,False,549
252527::056.swc,11720,11719,16066.6953125,30669.625,18773.37109375,False,549
252527::056.swc,11721,11720,16067.80859375,30673.859375,18770.44921875,False,549
252527::056.swc,11722,11721,16069.53515625,30677.98828125,18762.19140625,False,549
252527::056.swc,11723,11722,16070.4453125,30682.3828125,18755.63671875,False,549
252527::056.swc,11724,11723,16072.1875,30689.0703125,18748.71875,False,549
252527::056.swc,11725,11724,16072.59375,30696.1328125,18739.890625,False,549
252527::056.swc,11726,11725,16071.6640625,30697.78125,18737.22265625,False,549
252527::056.swc,11727,11726,16069.140625,30700.63671875,18728.47265625,False,549
252527::056.swc,11728,11727,16070.0,30704.0703125,18714.1171875,False,549
252527::056.swc,11729,11728,16071.64453125,30706.87109375,18709.1953125,False,549
252527::056.swc,11730,11729,16072.140625,30709.6171875,18700.9375,False,549
252527::056.swc,11731,11730,16071.80078125,30713.5859375,18695.20703125,False,549
252527::056.swc,11732,11731,16072.875,30717.078125,18689.12890625,False,549
252527::056.swc,11733,11732,16074.09375,30723.0,18683.2421875,False,549
252527::056.swc,11734,11733,16074.75,30729.25390625,18681.98046875,False,549
252527::056.swc,11735,11734,16075.53125,30735.22265625,18676.58203125,False,549
252527::056.swc,11736,11735,16077.1953125,30738.6796875,18673.953125,False,549
252527::056.swc,11737,11736,16078.50390625,30744.15625,18672.66796875,False,549
252527::056.swc,11738,11737,16078.80078125,30746.66796875,18669.0,False,549
252527::056.swc,11739,11738,16080.4140625,30750.54296875,18666.609375,False,549
252527::056.swc,11740,11739,16081.4609375,30752.16015625,18662.83203125,False,549
252527::056.swc,11741,11740,16082.48828125,30755.07421875,18657.01171875,False,549
252527::056.swc,11742,11741,16082.625,30759.91796875,18654.6484375,False,549
252527::056.swc,11743,11742,16082.6328125,30767.3515625,18642.02734375,False,549
252527::056.swc,11744,11743,16083.0625,30777.91796875,18628.6484375,False,549
252527::056.swc,11745,11744,16084.48828125,30784.6484375,18617.875,False,549
252527::056.swc,11746,11745,16086.0078125,30793.7109375,18607.2421875,False,549
252527::056.swc,11747,11746,16088.3515625,30805.203125,18597.65234375,False,549
252527::056.swc,11748,11747,16090.71484375,30811.3828125,18595.5,False,549
252527::056.swc,11749,11416,16063.46484375,30643.61328125,18805.3515625,False,549
252527::056.swc,11750,11749,16066.12109375,30646.7421875,18805.5,False,549
252527::056.swc,11751,11750,16070.41796875,30660.0546875,18805.5,False,549
252527::056.swc,11752,11751,16072.65625,30677.5625,18805.5,False,549
252527::056.swc,11753,11752,16074.06640625,30685.5234375,18804.0,False,549
252527::056.swc,11754,11753,16074.5234375,30686.53515625,18800.5,False,549
252527::056.swc,11755,11754,16076.32421875,30691.69921875,18800.0,False,549
252527::056.swc,11756,11755,16076.7734375,30694.01171875,18803.0,False,549
252527::056.swc,11757,11756,16077.12890625,30700.6796875,18804.8984375,False,549
252527::056.swc,11758,11757,16077.875,30703.0703125,18798.75,False,549
252527::056.swc,11759,11758,16077.90625,30709.2265625,18792.1484375,False,549
252527::056.swc,11760,11759,16080.47265625,30718.86328125,18790.5,False,549
252527::056.swc,11761,11760,16080.19140625,30728.296875,18789.8046875,False,549
252527::056.swc,11762,11761,16081.00390625,30735.953125,18787.77734375,False,549
252527::056.swc,11763,11762,16083.01953125,30747.58984375,18787.3125,False,549
252527::056.swc,11764,11763,16084.52734375,30752.58203125,18785.43359375,False,549
252527::056.swc,11765,11764,16088.09375,30764.109375,18784.171875,False,549
252527::056.swc,11766,11765,16090.2734375,30772.71875,18781.44140625,False,549
252527::056.swc,11767,11766,16092.02734375,30785.1640625,18779.234375,False,549
252527::056.swc,11768,11767,16094.1640625,30793.9609375,18776.0,False,549
252527::056.swc,11769,11768,16096.4921875,30804.40234375,18773.92578125,False,549
252527::056.swc,11770,11769,16098.43359375,30812.0859375,18770.73046875,False,549
252527::056.swc,11771,11770,16103.66015625,30820.52734375,18767.61328125,False,549
252527::056.swc,11772,11771,16105.4765625,30825.9453125,18761.9375,False,549
252527::056.swc,11773,11772,16107.046875,30839.984375,18755.5546875,False,549
252527::056.swc,11774,11773,16108.21875,30850.4140625,18752.41015625,False,549
252527::056.swc,11775,11774,16110.79296875,30859.26953125,18751.5,False,549
252527::056.swc,11776,11775,16111.46875,30868.58203125,18751.5,False,549
252527::056.swc,11777,11776,16113.51171875,30873.62890625,18748.828125,False,549
252527::056.swc,11778,11777,16117.4453125,30883.2265625,18747.38671875,False,549
252527::056.swc,11779,11778,16120.48046875,30892.1875,18744.9765625,False,549
252527::056.swc,11780,11779,16123.07421875,30904.97265625,18739.24609375,False,549
252527::056.swc,11781,11780,16124.93359375,30916.7890625,18735.54296875,False,549
252527::056.swc,11782,11781,16127.52734375,30927.41015625,18730.015625,False,549
252527::056.swc,11783,11782,16128.98046875,30934.93359375,18727.5,False,549
252527::056.swc,11784,11783,16133.0703125,30951.37109375,18728.2890625,False,549
252527::056.swc,11785,11784,16135.046875,30959.85546875,18730.2421875,False,549
252527::056.swc,11786,11785,16136.46875,30965.67578125,18729.0,False,549
252527::056.swc,11787,11786,16136.57421875,30965.78125,18726.0,False,549
252527::056.swc,11788,11787,16136.76953125,30975.0625,18724.5,False,549
252527::056.swc,11789,11788,16138.1640625,30980.2109375,18724.5,False,549
252527::056.swc,11790,11789,16140.98046875,30996.6015625,18724.2421875,False,549
252527::056.swc,11791,11790,16143.6015625,31005.66796875,18721.7109375,False,549
252527::056.swc,11792,11791,16146.8515625,31015.47265625,18721.5,False,549
252527::056.swc,11793,11792,16150.2265625,31022.84375,18722.609375,False,549
252527::056.swc,11794,11793,16151.23828125,31024.53125,18724.390625,False,549
252527::056.swc,11795,11467,15871.43359375,29919.65625,18670.5,False,549
252527::056.swc,11796,11795,15873.99609375,29915.85546875,18670.5,True,549
252527::056.swc,11797,11467,15867.76953125,29920.4609375,18668.43359375,False,549
252527::056.swc,11798,11797,15857.8515625,29917.3671875,18667.5,False,549
252527::056.swc,11799,11798,15853.1171875,29914.50390625,18666.5390625,False,549
252527::056.swc,11800,11799,15849.65625,29911.390625,18663.55078125,False,549
252527::056.swc,11801,11800,15842.74609375,29907.25,18661.5,False,549
252527::056.swc,11802,11801,15833.40234375,29899.484375,18661.5,False,549
252527::056.swc,11803,11802,15829.125,29895.234375,18660.0,False,549
252527::056.swc,11804,11803,15822.5546875,29892.73828125,18654.39453125,False,549
252527::056.swc,11805,11804,15811.8203125,29889.2265625,18650.84765625,False,549
252527::056.swc,11806,11805,15802.82421875,29887.0078125,18646.89453125,False,549
252527::056.swc,11807,11806,15797.12109375,29885.1953125,18648.30859375,False,549
252527::056.swc,11808,11807,15794.18359375,29883.13671875,18645.2109375,False,549
252527::056.swc,11809,11808,15787.21875,29880.18359375,18643.5,False,549
252527::056.swc,11810,11809,15781.12890625,29878.41796875,18643.31640625,False,549
252527::056.swc,11811,11810,15773.65625,29874.578125,18640.79296875,False,549
252527::056.swc,11812,11811,15766.48828125,29871.0859375,18640.38671875,False,549
252527::056.swc,11813,11812,15764.7734375,29869.125,18638.83203125,False,549
252527::056.swc,11814,11813,15757.76171875,29866.4140625,18637.5,False,549
252527::056.swc,11815,11814,15743.0546875,29860.1328125,18637.5,False,549
252527::056.swc,11816,11815,15729.484375,29852.76171875,18637.12890625,False,549
252527::056.swc,11817,11816,15726.34375,29851.3671875,18635.203125,False,549
252527::056.swc,11818,11817,15715.75,29845.97265625,18634.09375,False,549
252527::056.swc,11819,11818,15707.2578125,29838.96875,18631.81640625,False,549
252527::056.swc,11820,11819,15695.0390625,29828.52734375,18631.5,False,549
252527::056.swc,11821,11820,15693.4921875,29826.21484375,18634.0546875,False,549
252527::056.swc,11822,11821,15684.08203125,29821.546875,18634.5,False,549
252527::056.swc,11823,11822,15669.734375,29817.62890625,18634.5,False,549
252527::056.swc,11824,11823,15656.9140625,29815.82421875,18635.3046875,False,549
252527::056.swc,11825,11824,15652.609375,29816.55859375,18637.26171875,False,549
252527::056.swc,11826,11825,15644.58203125,29819.4921875,18637.5,False,549
252527::056.swc,11827,11826,15633.56640625,29820.8359375,18637.27734375,False,549
252527::056.swc,11828,11827,15624.78125,29820.015625,18636.046875,False,549
252527::056.swc,11829,11828,15619.90234375,29819.11328125,18638.87109375,False,549
252527::056.swc,11830,11829,15612.421875,29818.34765625,18640.5,False,549
252527::056.swc,11831,11830,15605.48046875,29815.91796875,18640.5,False,549
252527::056.swc,11832,11831,15597.015625,29811.96484375,18637.80078125,False,549
252527::056.swc,11833,11832,15593.046875,29810.31640625,18640.0,False,549
252527::056.swc,11834,11833,15585.015625,29806.4140625,18640.5,False,549
252527::056.swc,11835,11834,15578.01171875,29803.1953125,18644.171875,False,549
252527::056.swc,11836,11835,15575.65234375,29802.81640625,18647.96875,False,549
252527::056.swc,11837,11836,15571.921875,29802.3359375,18645.95703125,False,549
252527::056.swc,11838,11837,15571.1796875,29801.13671875,18641.30859375,False,549
252527::056.swc,11839,11639,15757.18359375,30725.703125,18359.0546875,False,549
252527::056.swc,11840,11839,15763.38671875,30728.43359375,18356.83203125,False,549
252527::056.swc,11841,11840,15769.23828125,30729.296875,18352.19140625,False,549
252527::056.swc,11842,11841,15776.30078125,30727.546875,18344.05859375,False,549
252527::056.swc,11843,11842,15778.26953125,30725.796875,18337.4453125,False,549
252527::056.swc,11844,11843,15779.859375,30725.85546875,18330.73828125,False,549
252527::056.swc,11845,11844,15782.171875,30728.671875,18325.3359375,False,549
252527::056.swc,11846,11845,15783.38671875,30733.19140625,18322.5,False,549
252527::056.swc,11847,11846,15782.59765625,30738.8203125,18322.5,False,549
252527::056.swc,11848,11847,15783.8046875,30743.9765625,18321.140625,False,549
252527::056.swc,11849,11848,15788.3984375,30746.7734375,18318.3828125,False,549
252527::056.swc,11850,11849,15793.859375,30749.7421875,18312.5390625,True,549
252527::056.swc,11851,11639,15752.80859375,30726.94921875,18364.26953125,False,549
252527::056.swc,11852,11851,15744.20703125,30727.28125,18357.88671875,False,549
252527::056.swc,11853,11852,15737.76171875,30728.4140625,18353.94140625,False,549
252527::056.swc,11854,11853,15734.9921875,30729.58984375,18356.1015625,True,549
252527::056.swc,11855,11700,15798.0078125,31098.24609375,19195.5078125,False,549
252527::056.swc,11856,11855,15792.203125,31104.296875,19205.08203125,False,549
252527::056.swc,11857,11856,15788.71484375,31109.9765625,19217.2890625,False,549
252527::056.swc,11858,11857,15786.33984375,31113.7421875,19222.5,False,549
252527::056.swc,11859,11858,15785.12109375,31117.0859375,19222.5,False,549
252527::056.swc,11860,11700,15808.08984375,31091.49609375,19183.234375,False,549
252527::056.swc,11861,11860,15809.86328125,31096.6484375,19179.9609375,False,549
252527::056.swc,11862,11861,15812.45703125,31098.6640625,19175.390625,False,549
252527::056.swc,11863,11862,15818.50390625,31099.36328125,19172.1171875,False,549
252527::056.swc,11864,11863,15826.25390625,31102.7890625,19171.27734375,False,549
252527::056.swc,11865,11864,15832.88671875,31106.859375,19168.41015625,False,549
252527::056.swc,11866,11865,15844.2890625,31116.0546875,19166.0703125,False,549
252527::056.swc,11867,11866,15855.34765625,31126.55078125,19165.5,False,549
252527::056.swc,11868,11867,15864.33984375,31137.48828125,19166.671875,False,549
252527::056.swc,11869,11868,15870.171875,31145.3515625,19169.4921875,False,549
252527::056.swc,11870,11869,15876.296875,31154.2265625,19169.3984375,False,549
252527::056.swc,11871,11870,15877.6328125,31157.73828125,19170.203125,False,549
252527::056.swc,11872,11871,15887.26171875,31174.625,19175.25390625,False,549
252527::056.swc,11873,11872,15893.01953125,31185.26953125,19182.01171875,False,549
252527::056.swc,11874,11873,15897.16015625,31192.8515625,19190.62109375,False,549
252527::056.swc,11875,11874,15899.92578125,31193.09375,19198.328125,False,549
252527::056.swc,11876,11875,15906.01953125,31192.125,19203.953125,False,549
252527::056.swc,11877,11876,15910.6171875,31197.27734375,19212.921875,False,549
252527::056.swc,11878,11877,15910.44921875,31204.09375,19221.5390625,False,549
252527::056.swc,11879,11878,15909.63671875,31212.55078125,19228.5,False,549
252527::056.swc,11880,11879,15906.671875,31218.7265625,19229.1328125,False,549
252527::056.swc,11881,11880,15902.87109375,31223.66015625,19238.5078125,False,549
252527::056.swc,11882,11881,15900.515625,31225.47265625,19247.76171875,False,549
252527::056.swc,11883,11882,15896.7265625,31231.43359375,19254.5703125,False,549
252527::056.swc,11884,11883,15895.13671875,31237.92578125,19262.875,False,549
252527::056.swc,11885,11884,15889.02734375,31247.41015625,19271.51953125,False,549
252527::056.swc,11886,11885,15880.74609375,31253.6015625,19278.6171875,False,549
252527::056.swc,11887,11886,15877.1640625,31260.796875,19285.01171875,False,549
252527::056.swc,11888,11887,15879.01953125,31264.171875,19288.6796875,False,549
252527::056.swc,11889,11888,15879.1171875,31266.48828125,19293.671875,False,549
252527::056.swc,11890,11889,15878.1640625,31269.96484375,19294.5,True,549
252527::056.swc,11891,11714,16012.42578125,30823.14453125,18882.3359375,False,549
252527::056.swc,11892,11891,16012.95703125,30829.66796875,18880.5,False,549
252527::056.swc,11893,11892,16013.65234375,30835.71875,18881.0,False,549
252527::056.swc,11894,11893,16014.19921875,30838.98046875,18883.27734375,False,549
252527::056.swc,11895,11894,16015.7734375,30847.4375,18883.5,False,549
252527::056.swc,11896,11895,16017.5703125,30856.5546875,18880.83203125,False,549
252527::056.swc,11897,11896,16017.91796875,30857.09375,18877.83203125,False,549
252527::056.swc,11898,11897,16018.08203125,30871.18359375,18877.5,False,549
252527::056.swc,11899,11898,16017.69140625,30875.50390625,18876.5,False,549
252527::056.swc,11900,11899,16017.90625,30879.05859375,18872.0546875,False,549
252527::056.swc,11901,11900,16018.7734375,30885.7421875,18869.5390625,False,549
252527::056.swc,11902,11901,16018.6953125,30892.87109375,18868.33203125,False,549
252527::056.swc,11903,11902,16016.09765625,30900.11328125,18866.3046875,False,549
252527::056.swc,11904,11903,16011.3046875,30909.453125,18864.87109375,False,549
252527::056.swc,11905,11904,16009.82421875,30911.23828125,18862.75,False,549
252527::056.swc,11906,11905,16013.9609375,30917.140625,18857.828125,False,549
252527::056.swc,11907,11906,16019.2109375,30920.49609375,18854.5390625,False,549
252527::056.swc,11908,11907,16025.171875,30924.08203125,18852.49609375,False,549
252527::056.swc,11909,11908,16029.16796875,30926.55078125,18848.73046875,False,549
252527::056.swc,11910,11909,16032.37890625,30930.46484375,18842.4375,False,549
252527::056.swc,11911,11910,16033.59765625,30933.67578125,18840.5,False,549
252527::056.swc,11912,11911,16034.15625,30936.5703125,18834.9921875,False,549
252527::056.swc,11913,11912,16032.75,30940.27734375,18831.18359375,False,549
252527::056.swc,11914,11913,16028.93359375,30948.7421875,18832.03125,False,549
252527::056.swc,11915,11914,16026.60546875,30954.19921875,18835.8046875,False,549
252527::056.swc,11916,11915,16024.265625,30957.8828125,18840.68359375,False,549
252527::056.swc,11917,11916,16020.65234375,30962.0390625,18841.83203125,False,549
252527::056.swc,11918,11917,16013.4296875,30966.1640625,18844.40234375,False,549
252527::056.swc,11919,11918,16005.76953125,30970.03125,18844.5,False,549
252527::056.swc,11920,11919,16001.78125,30973.01171875,18840.1796875,False,549
252527::056.swc,11921,11920,16001.4140625,30976.21484375,18834.4765625,False,549
252527::056.swc,11922,11921,16001.20703125,30977.375,18824.42578125,False,549
252527::056.swc,11923,11922,16000.34375,30977.375,18818.3515625,False,549
252527::056.swc,11924,11923,15997.27734375,30974.42578125,18812.4921875,False,549
252527::056.swc,11925,11924,15993.80078125,30967.33984375,18806.01171875,False,549
252527::056.swc,11926,11925,15991.34375,30960.7265625,18802.796875,False,549
252527::056.swc,11927,11926,15990.359375,30960.4140625,18804.83203125,True,549
252527::056.swc,11928,11714,16008.3125,30830.95703125,18888.8671875,False,549
252527::056.swc,11929,11928,16006.609375,30838.43359375,18897.078125,False,549
252527::056.swc,11930,11929,16005.6484375,30847.4609375,18904.5,False,549
252527::056.swc,11931,11930,16005.92578125,30851.26171875,18910.8515625,False,549
252527::056.swc,11932,11931,16004.84375,30858.125,18915.51171875,False,549
252527::056.swc,11933,11932,16001.66015625,30863.50390625,18919.95703125,False,549
252527::056.swc,11934,11933,16000.7265625,30872.14453125,18923.0234375,False,549
252527::056.swc,11935,11934,16000.34765625,30879.58984375,18927.5234375,False,549
252527::056.swc,11936,11935,15998.875,30893.23828125,18933.10546875,False,549
252527::056.swc,11937,11936,15996.17578125,30903.9609375,18938.1015625,False,549
252527::056.swc,11938,11937,15993.546875,30911.28125,18946.4609375,False,549
252527::056.swc,11939,11938,15991.4296875,30914.453125,18952.91796875,False,549
252527::056.swc,11940,11939,15990.32421875,30915.40234375,18959.4140625,False,549
252527::056.swc,11941,11940,15984.4296875,30920.44140625,18971.078125,False,549
252527::056.swc,11942,11941,15979.4296875,30927.296875,18974.73828125,False,549
252527::056.swc,11943,11942,15977.1328125,30932.39453125,18978.75,False,549
252527::056.swc,11944,11943,15977.4921875,30939.1953125,18983.6875,False,549
252527::056.swc,11945,11944,15977.52734375,30946.68359375,18985.5,False,549
252527::056.swc,11946,11945,15976.2421875,30948.8046875,18983.859375,False,549
252527::056.swc,11947,11946,15975.8359375,30950.1015625,18978.19140625,False,549
252527::056.swc,11948,11947,15974.38671875,30955.0546875,18973.17578125,False,549
252527::056.swc,11949,11948,15973.2265625,30959.52734375,18964.1328125,False,549
252527::056.swc,11950,11949,15975.4921875,30957.28125,18959.7109375,False,549
252527::056.swc,11951,11950,15981.24609375,30953.5,18952.90625,False,549
252527::056.swc,11952,11951,15986.5625,30951.61328125,18949.0546875,False,549
252527::056.swc,11953,11952,15989.73828125,30950.3203125,18943.35546875,False,549
252527::056.swc,11954,11953,15991.59765625,30947.3359375,18934.58984375,False,549
252527::056.swc,11955,11954,15994.8984375,30942.71875,18929.0078125,False,549
252527::056.swc,11956,11955,15995.1171875,30939.39453125,18926.796875,True,549
252527::056.swc,11957,11748,16090.18359375,30809.85546875,18590.875,False,549
252527::056.swc,11958,11957,16089.94921875,30814.36328125,18581.61328125,False,549
252527::056.swc,11959,11958,16089.96484375,30819.0859375,18574.609375,False,549
252527::056.swc,11960,11959,16086.91796875,30821.0,18568.72265625,False,549
252527::056.swc,11961,11960,16079.66796875,30820.53125,18567.86328125,False,549
252527::056.swc,11962,11961,16075.41796875,30821.37890625,18564.52734375,False,549
252527::056.swc,11963,11962,16071.69921875,30823.8984375,18564.875,False,549
252527::056.swc,11964,11963,16069.625,30826.859375,18568.27734375,False,549
252527::056.swc,11965,11964,16066.078125,30829.48828125,18568.5,False,549
252527::056.swc,11966,11965,16061.734375,30827.5234375,18568.5,False,549
252527::056.swc,11967,11966,16057.41796875,30821.65234375,18568.5,False,549
252527::056.swc,11968,11967,16048.70703125,30817.1640625,18568.5,False,549
252527::056.swc,11969,11968,16039.859375,30815.375,18569.0,False,549
252527::056.swc,11970,11969,16038.42578125,30814.875,18571.5,True,549
252527::056.swc,11971,11748,16096.8828125,30815.828125,18599.53125,False,549
252527::056.swc,11972,11971,16101.3671875,30821.421875,18604.37890625,False,549
252527::056.swc,11973,11972,16107.4375,30827.6171875,18607.70703125,False,549
252527::056.swc,11974,11973,16110.14453125,30833.71875,18610.5234375,False,549
252527::056.swc,11975,11974,16107.8515625,30836.83984375,18613.3515625,False,549
252527::056.swc,11976,11975,16103.6796875,30838.62109375,18615.53125,False,549
252527::056.swc,11977,11976,16101.08203125,30841.2734375,18619.7734375,False,549
252527::056.swc,11978,11977,16101.171875,30844.84765625,18624.98046875,False,549
252527::056.swc,11979,11978,16106.16796875,30847.3046875,18627.0,False,549
252527::056.swc,11980,11979,16113.203125,30849.11328125,18633.36328125,False,549
252527::056.swc,11981,11980,16119.3359375,30850.48828125,18637.37890625,False,549
252527::056.swc,11982,11981,16120.84375,30851.80078125,18640.390625,False,549
252527::056.swc,11983,11982,16116.86328125,30850.02734375,18635.6328125,False,549
252527::056.swc,11984,11983,16112.67578125,30849.32421875,18637.25,False,549
252527::056.swc,11985,11984,16113.56640625,30848.5,18641.859375,False,549
252527::056.swc,11986,11985,16116.109375,30845.52734375,18641.48046875,False,549
252527::056.swc,11987,11986,16118.4140625,30839.3828125,18639.671875,False,549
252527::056.swc,11988,11987,16116.80859375,30833.78515625,18634.0546875,False,549
252527::056.swc,11989,11988,16116.9765625,30830.92578125,18628.0234375,True,549
252527::056.swc,11990,11794,16150.80859375,31028.6171875,18730.33984375,False,549
252527::056.swc,11991,11990,16150.63671875,31029.140625,18742.4453125,False,549
252527::056.swc,11992,11991,16148.75,31029.40234375,18750.57421875,False,549
252527::056.swc,11993,11992,16140.9765625,31026.171875,18757.9375,False,549
252527::056.swc,11994,11993,16135.4921875,31023.83203125,18766.04296875,False,549
252527::056.swc,11995,11994,16131.19140625,31021.1171875,18769.83203125,False,549
252527::056.swc,11996,11995,16130.078125,31024.78125,18772.59375,False,549
252527::056.swc,11997,11996,16130.3046875,31032.40234375,18775.18359375,False,549
252527::056.swc,11998,11997,16131.19140625,31040.0234375,18780.84375,False,549
252527::056.swc,11999,11998,16132.69140625,31043.6484375,18786.78515625,False,549
252527::056.swc,12000,11999,16132.7109375,31046.83984375,18795.65234375,False,549
252527::056.swc,12001,12000,16131.3515625,31048.7734375,18805.4453125,False,549
252527::056.swc,12002,12001,16132.6328125,31053.23046875,18811.5,False,549
252527::056.swc,12003,12002,16135.87109375,31059.55078125,18812.109375,False,549
252527::056.swc,12004,12003,16135.7109375,31065.3984375,18816.8671875,False,549
252527::056.swc,12005,12004,16135.0546875,31069.1796875,18826.15625,False,549
252527::056.swc,12006,12005,16132.8515625,31074.15234375,18830.046875,False,549
252527::056.swc,12007,12006,16131.05078125,31076.27734375,18834.28515625,True,549
252527::056.swc,12008,11794,16157.28515625,31030.47265625,18720.03515625,False,549
252527::056.swc,12009,12008,16163.7265625,31036.6640625,18719.3671875,False,549
252527::056.swc,12010,12009,16166.109375,31039.37890625,18721.19921875,False,549
252527::056.swc,12011,12010,16167.00390625,31045.453125,18724.12890625,False,549
252527::056.swc,12012,12011,16165.734375,31048.67578125,18730.7109375,False,549
252527::056.swc,12013,12012,16163.23828125,31054.63671875,18734.15234375,False,549
252527::056.swc,12014,12013,16162.66796875,31059.52734375,18736.33203125,False,549
252527::056.swc,12015,12014,16166.4609375,31065.5390625,18736.5,False,549
252527::056.swc,12016,12015,16172.26953125,31070.91796875,18736.5,False,549
252527::056.swc,12017,12016,16176.265625,31077.0546875,18735.9453125,False,549
252527::056.swc,12018,12017,16177.19921875,31078.75,18732.0,True,549
252527::056.swc,12019,11838,15568.10546875,29791.80078125,18640.40234375,False,549
252527::056.swc,12020,12019,15566.703125,29783.3671875,18638.22265625,False,549
252527::056.swc,12021,12020,15567.51171875,29774.2734375,18637.5,False,549
252527::056.swc,12022,12021,15565.21484375,29768.03125,18639.7421875,False,549
252527::056.swc,12023,12022,15559.3125,29765.578125,18643.640625,False,549
252527::056.swc,12024,12023,15553.48046875,29765.65625,18646.5,False,549
252527::056.swc,12025,12024,15550.19921875,29768.71875,18647.13671875,False,549
252527::056.swc,12026,12025,15547.25390625,29770.94921875,18653.0390625,False,549
252527::056.swc,12027,12026,15545.8828125,29771.953125,18659.88671875,False,549
252527::056.swc,12028,12027,15542.73828125,29774.1171875,18661.5,False,549
252527::056.swc,12029,12028,15532.9453125,29778.09765625,18665.08203125,False,549
252527::056.swc,12030,12029,15526.4765625,29780.42578125,18670.8671875,False,549
252527::056.swc,12031,12030,15519.38671875,29782.94921875,18674.10546875,False,549
252527::056.swc,12032,12031,15512.6640625,29785.0,18678.6875,False,549
252527::056.swc,12033,12032,15507.73828125,29782.8515625,18681.51953125,False,549
252527::056.swc,12034,12033,15503.8515625,29780.48828125,18686.17578125,False,549
252527::056.swc,12035,12034,15499.05859375,29778.32421875,18693.53515625,False,549
252527::056.swc,12036,12035,15496.3515625,29776.42578125,18699.828125,False,549
252527::056.swc,12037,12036,15491.51171875,29774.12109375,18703.14453125,False,549
252527::056.swc,12038,12037,15485.71484375,29772.71875,18709.2109375,False,549
252527::056.swc,12039,12038,15478.6875,29769.75390625,18712.69921875,False,549
252527::056.swc,12040,12039,15469.0546875,29765.171875,18716.0,False,549
252527::056.swc,12041,12040,15467.74609375,29764.00390625,18718.08203125,False,549
252527::056.swc,12042,12041,15461.05078125,29762.05859375,18720.37890625,False,549
252527::056.swc,12043,12042,15453.69140625,29759.68359375,18719.36328125,False,549
252527::056.swc,12044,12043,15449.15234375,29756.3046875,18721.3515625,False,549
252527::056.swc,12045,12044,15443.89453125,29753.4609375,18721.5,False,549
252527::056.swc,12046,12045,15437.953125,29751.5546875,18724.73046875,False,549
252527::056.swc,12047,12046,15432.80078125,29751.1875,18732.109375,False,549
252527::056.swc,12048,12047,15427.49609375,29750.296875,18736.87890625,False,549
252527::056.swc,12049,12048,15421.03515625,29748.8828125,18739.5,False,549
252527::056.swc,12050,12049,15415.9453125,29748.3203125,18740.015625,False,549
252527::056.swc,12051,12050,15411.8671875,29748.3984375,18743.0546875,False,549
252527::056.swc,12052,12051,15407.3828125,29747.57421875,18743.11328125,False,549
252527::056.swc,12053,12052,15406.8046875,29747.57421875,18740.0,False,549
252527::056.swc,12054,12053,15399.68359375,29742.9375,18741.484375,False,549
252527::056.swc,12055,12054,15390.72265625,29740.3359375,18742.5,False,549
252527::056.swc,12056,12055,15383.96875,29738.8984375,18741.24609375,False,549
252527::056.swc,12057,12056,15381.60546875,29737.60546875,18738.51953125,False,549
252527::056.swc,12058,12057,15378.3984375,29732.9609375,18736.5,False,549
252527::056.swc,12059,12058,15374.015625,29723.58984375,18736.5,False,549
252527::056.swc,12060,12059,15369.66015625,29717.578125,18736.83203125,False,549
252527::056.swc,12061,12060,15365.76171875,29716.6484375,18739.3515625,False,549
252527::056.swc,12062,12061,15362.22265625,29718.390625,18739.5,False,549
252527::056.swc,12063,12062,15354.96484375,29721.0859375,18743.32421875,False,549
252527::056.swc,12064,12063,15351.20703125,29722.12890625,18747.49609375,False,549
252527::056.swc,12065,12064,15344.890625,29721.61328125,18751.109375,False,549
252527::056.swc,12066,12065,15337.33984375,29720.015625,18753.51171875,False,549
252527::056.swc,12067,12066,15331.46484375,29716.87890625,18755.16796875,False,549
252527::056.swc,12068,12067,15329.37109375,29715.55859375,18759.83203125,False,549
252527::056.swc,12069,12068,15327.15234375,29713.2890625,18760.76171875,False,549
252527::056.swc,12070,12069,15325.0625,29711.8359375,18765.0625,False,549
252527::056.swc,12071,12070,15323.4765625,29711.96484375,18773.36328125,False,549
252527::056.swc,12072,12071,15319.44921875,29714.98828125,18782.40625,False,549
252527::056.swc,12073,12072,15315.1484375,29719.91015625,18790.51171875,False,549
252527::056.swc,12074,12073,15307.0,29724.609375,18801.90234375,False,549
252527::056.swc,12075,12074,15299.49609375,29726.37890625,18811.5859375,True,549
252527::056.swc,12076,11838,15569.88671875,29800.2734375,18643.13671875,False,549
252527::056.swc,12077,12076,15563.91015625,29796.62109375,18643.5,False,549
252527::056.swc,12078,12077,15556.30078125,29793.8203125,18644.6484375,False,549
252527::056.swc,12079,12078,15553.21875,29793.7265625,18646.3515625,False,549
252527::056.swc,12080,12079,15548.9140625,29792.0546875,18643.93359375,False,549
252527::056.swc,12081,12080,15543.0703125,29791.48046875,18643.5,False,549
252527::056.swc,12082,12081,15532.45703125,29785.171875,18643.5,False,549
252527::056.swc,12083,12082,15525.84765625,29779.56640625,18643.5,False,549
252527::056.swc,12084,12083,15522.3359375,29775.84375,18641.74609375,False,549
252527::056.swc,12085,12084,15521.32421875,29774.07421875,18637.24609375,False,549
252527::056.swc,12086,12085,15517.99609375,29771.09765625,18634.5,False,549
252527::056.swc,12087,12086,15513.4609375,29766.96875,18634.83203125,False,549
252527::056.swc,12088,12087,15510.8515625,29764.1640625,18637.0,False,549
252527::056.swc,12089,12088,15506.80859375,29759.859375,18637.5,False,549
252527::056.swc,12090,12089,15503.140625,29752.75,18637.5,False,549
252527::056.swc,12091,12090,15501.7421875,29744.87109375,18638.0,False,549
252527::056.swc,12092,12091,15501.07421875,29742.484375,18641.02734375,False,549
252527::056.swc,12093,12092,15498.40625,29739.015625,18640.859375,False,549
252527::056.swc,12094,12093,15497.87109375,29733.20703125,18640.96875,False,549
252527::056.swc,12095,12094,15500.21875,29729.5078125,18644.04296875,False,549
252527::056.swc,12096,12095,15502.96484375,29728.38671875,18649.40625,False,549
252527::056.swc,12097,12096,15504.953125,29729.43359375,18658.7421875,False,549
252527::056.swc,12098,12097,15505.41015625,29731.53515625,18665.875,False,549
252527::056.swc,12099,12098,15504.8125,29735.12890625,18670.66796875,False,549
252527::056.swc,12100,12099,15504.80859375,29739.21484375,18672.51953125,False,549
252527::056.swc,12101,12100,15507.9609375,29748.2109375,18673.5,False,549
252527::056.swc,12102,12101,15509.69140625,29753.72265625,18676.3125,False,549
252527::056.swc,12103,12102,15510.90234375,29754.63671875,18679.109375,True,549
252527::056.swc,12104,11859,15783.1875,31118.16015625,19231.515625,False,549
252527::056.swc,12105,12104,15778.65234375,31122.484375,19245.3203125,False,549
252527::056.swc,12106,12105,15775.0546875,31127.48046875,19253.0625,False,549
252527::056.swc,12107,12106,15771.421875,31132.0078125,19258.2421875,False,549
252527::056.swc,12108,12107,15767.0390625,31135.12890625,19263.9921875,False,549
252527::056.swc,12109,12108,15763.734375,31137.43359375,19272.8125,False,549
252527::056.swc,12110,12109,15761.171875,31139.65234375,19276.7734375,False,549
252527::056.swc,12111,12110,15759.55078125,31140.74609375,19284.38671875,False,549
252527::056.swc,12112,12111,15754.88671875,31146.1640625,19291.9375,False,549
252527::056.swc,12113,12112,15749.8203125,31152.609375,19303.12890625,False,549
252527::056.swc,12114,12113,15746.390625,31156.78515625,19308.88671875,False,549
252527::056.swc,12115,12114,15745.0546875,31158.015625,19313.8046875,False,549
252527::056.swc,12116,12115,15742.828125,31159.2421875,19320.80078125,False,549
252527::056.swc,12117,12116,15739.53515625,31163.875,19327.52734375,False,549
252527::056.swc,12118,12117,15735.4453125,31169.83984375,19338.4296875,False,549
252527::056.swc,12119,12118,15732.09765625,31172.375,19343.29296875,False,549
252527::056.swc,12120,12119,15727.64453125,31176.2421875,19355.38671875,False,549
252527::056.swc,12121,12120,15725.40234375,31180.90234375,19365.49609375,False,549
252527::056.swc,12122,12121,15724.484375,31183.5546875,19374.8828125,False,549
252527::056.swc,12123,12122,15723.33984375,31184.07421875,19382.296875,False,549
252527::056.swc,12124,12123,15718.97265625,31184.0859375,19386.78515625,False,549
252527::056.swc,12125,12124,15716.12890625,31184.671875,19392.53125,False,549
252527::056.swc,12126,12125,15711.26953125,31184.66796875,19398.0390625,False,549
252527::056.swc,12127,12126,15708.703125,31186.234375,19403.7890625,False,549
252527::056.swc,12128,12127,15700.15625,31192.5,19417.0078125,False,549
252527::056.swc,12129,12128,15694.59375,31196.03515625,19429.04296875,False,549
252527::056.swc,12130,12129,15690.49609375,31199.26171875,19436.36328125,False,549
252527::056.swc,12131,12130,15685.8671875,31203.00390625,19448.08203125,False,549
252527::056.swc,12132,12131,15679.00390625,31207.29296875,19461.6796875,False,549
252527::056.swc,12133,12132,15673.05078125,31209.95703125,19477.6796875,False,549
252527::056.swc,12134,12133,15669.07421875,31212.72265625,19495.57421875,False,549
252527::056.swc,12135,12134,15666.25390625,31212.375,19504.90625,False,549
252527::056.swc,12136,12135,15662.27734375,31212.69921875,19506.16796875,False,549
252527::056.swc,12137,12136,15661.04296875,31213.83984375,19502.83203125,False,549
252527::056.swc,12138,12137,15657.5,31217.54296875,19513.78125,False,549
252527::056.swc,12139,12138,15654.578125,31219.03515625,19522.8359375,False,549
252527::056.swc,12140,12139,15650.73046875,31219.81640625,19528.578125,False,549
252527::056.swc,12141,12140,15647.6640625,31221.12890625,19538.0859375,False,549
252527::056.swc,12142,12141,15642.9375,31223.54296875,19547.55859375,False,549
252527::056.swc,12143,12142,15636.89453125,31226.1875,19554.265625,False,549
252527::056.swc,12144,12143,15631.41796875,31228.87109375,19568.16015625,False,549
252527::056.swc,12145,12144,15625.65625,31230.734375,19580.4296875,False,549
252527::056.swc,12146,12145,15618.765625,31233.1171875,19591.375,False,549
252527::056.swc,12147,12146,15612.390625,31236.8515625,19601.4765625,False,549
252527::056.swc,12148,12147,15605.953125,31238.6953125,19610.17578125,False,549
252527::056.swc,12149,12148,15601.81640625,31239.234375,19619.265625,False,549
252527::056.swc,12150,12149,15598.22265625,31241.44140625,19624.44140625,False,549
252527::056.swc,12151,12150,15592.375,31242.96875,19628.58203125,False,549
252527::056.swc,12152,12151,15586.59765625,31242.66015625,19634.4296875,False,549
252527::056.swc,12153,12152,15583.50390625,31242.71484375,19642.24609375,False,549
252527::056.swc,12154,12153,15581.05078125,31244.23046875,19648.203125,False,549
252527::056.swc,12155,12154,15578.625,31246.1875,19649.7578125,False,549
252527::056.swc,12156,12155,15574.16796875,31247.50390625,19655.59765625,False,549
252527::056.swc,12157,12156,15569.0625,31248.87109375,19665.32421875,False,549
252527::056.swc,12158,12157,15563.67578125,31251.22265625,19674.7421875,False,549
252527::056.swc,12159,12158,15558.47265625,31251.9375,19682.78125,False,549
252527::056.swc,12160,12159,15554.2421875,31252.765625,19692.46484375,False,549
252527::056.swc,12161,12160,15548.5078125,31256.5859375,19694.59765625,False,549
252527::056.swc,12162,12161,15544.375,31263.1328125,19689.53515625,False,549
252527::056.swc,12163,12162,15541.03125,31269.1953125,19687.5,False,549
252527::056.swc,12164,12163,15537.02734375,31275.6484375,19687.5,False,549
252527::056.swc,12165,12164,15529.890625,31281.0,19687.5,False,549
252527::056.swc,12166,12165,15524.3828125,31283.6015625,19687.5,False,549
252527::056.swc,12167,12166,15517.95703125,31284.54296875,19684.75390625,False,549
252527::056.swc,12168,12167,15513.99609375,31283.51171875,19681.203125,False,549
252527::056.swc,12169,12168,15512.0078125,31282.30078125,19676.5,False,549
252527::056.swc,12170,12169,15508.4921875,31280.24609375,19675.38671875,False,549
252527::056.swc,12171,12170,15503.9140625,31280.078125,19669.796875,False,549
252527::056.swc,12172,12171,15499.49609375,31282.71875,19662.34765625,False,549
252527::056.swc,12173,12172,15495.2421875,31284.80078125,19650.6953125,False,549
252527::056.swc,12174,12173,15488.2109375,31287.796875,19638.23828125,False,549
252527::056.swc,12175,12174,15484.98046875,31291.84765625,19634.3046875,False,549
252527::056.swc,12176,12175,15486.31640625,31294.77734375,19630.8203125,False,549
252527::056.swc,12177,12176,15490.1953125,31297.65625,19630.27734375,False,549
252527::056.swc,12178,12177,15494.59765625,31299.3671875,19627.77734375,False,549
252527::056.swc,12179,12178,15498.58984375,31298.48828125,19627.5,False,549
252527::056.swc,12180,12179,15503.91796875,31296.45703125,19621.5703125,False,549
252527::056.swc,12181,12180,15506.8671875,31295.7578125,19614.1796875,False,549
252527::056.swc,12182,12181,15501.953125,31297.21484375,19624.3046875,False,549
252527::056.swc,12183,12182,15498.05078125,31298.90625,19627.5,False,549
252527::056.swc,12184,12183,15493.39453125,31298.9140625,19628.3359375,False,549
252527::056.swc,12185,12184,15489.390625,31297.33984375,19630.640625,False,549
252527::056.swc,12186,12185,15485.68359375,31294.71484375,19635.32421875,False,549
252527::056.swc,12187,12186,15483.2421875,31296.06640625,19638.96875,False,549
252527::056.swc,12188,12187,15479.95703125,31299.86328125,19637.02734375,False,549
252527::056.swc,12189,12188,15477.5078125,31303.078125,19630.68359375,False,549
252527::056.swc,12190,12189,15475.0859375,31301.67578125,19621.1484375,False,549
252527::056.swc,12191,12190,15468.37109375,31301.046875,19616.15234375,False,549
252527::056.swc,12192,12191,15461.90234375,31302.8046875,19618.05859375,False,549
252527::056.swc,12193,12192,15456.328125,31301.48828125,19618.359375,False,549
252527::056.swc,12194,12193,15454.34765625,31298.64453125,19616.859375,True,549
252527::056.swc,12195,11859,15782.54296875,31122.84765625,19230.296875,False,549
252527::056.swc,12196,12195,15779.6328125,31126.57421875,19233.51953125,False,549
252527::056.swc,12197,12196,15775.60546875,31133.44921875,19234.5,False,549
252527::056.swc,12198,12197,15772.62890625,31141.09765625,19234.5,False,549
252527::056.swc,12199,12198,15767.84765625,31147.03515625,19234.5,False,549
252527::056.swc,12200,12199,15761.47265625,31152.421875,19236.3984375,False,549
252527::056.swc,12201,12200,15758.0,31160.296875,19241.62890625,False,549
252527::056.swc,12202,12201,15754.63671875,31166.83203125,19249.328125,False,549
252527::056.swc,12203,12202,15753.7265625,31172.42578125,19256.2265625,False,549
252527::056.swc,12204,12203,15753.66015625,31178.6953125,19261.578125,False,549
252527::056.swc,12205,12204,15752.43359375,31186.0859375,19265.66796875,False,549
252527::056.swc,12206,12205,15751.09375,31187.56640625,19267.33203125,False,549
252527::056.swc,12207,12206,15748.0078125,31191.8125,19270.0546875,False,549
252527::056.swc,12208,12207,15740.3203125,31195.98046875,19271.6484375,False,549
252527::056.swc,12209,12208,15733.0078125,31196.20703125,19274.8125,False,549
252527::056.swc,12210,12209,15724.79296875,31197.98046875,19283.24609375,False,549
252527::056.swc,12211,12210,15716.38671875,31201.3828125,19293.3046875,False,549
252527::056.swc,12212,12211,15712.76171875,31204.09375,19301.80859375,False,549
252527::056.swc,12213,12212,15709.54296875,31206.21484375,19305.25390625,False,549
252527::056.swc,12214,12213,15702.97265625,31208.07421875,19306.5,False,549
252527::056.swc,12215,12214,15698.00390625,31210.2421875,19303.8828125,False,549
252527::056.swc,12216,12215,15692.01953125,31215.59375,19298.99609375,False,549
252527::056.swc,12217,12216,15685.55078125,31218.2265625,19297.5,False,549
252527::056.swc,12218,12217,15684.1171875,31222.14453125,19298.015625,False,549
252527::056.swc,12219,12218,15683.4609375,31224.37109375,19301.0234375,True,549
