NeuronUID,AnimalID,SourceARMIndex,Level,TargetID,RetainedLengthVoxel,LegacyStrength
251637::001.swc,936,542,1,L1:mapped:501,437.0469999999898,2.6415
251637::001.swc,936,542,1,L1:mapped:638,119.19700000000194,2.0799
251637::001.swc,936,542,1,L1:mapped:1501,354.80199999999604,2.5512
251637::001.swc,936,542,2,L2:mapped:516,437.0469999999898,2.6415
251637::001.swc,936,542,2,L2:mapped:724,119.19700000000194,2.0799
251637::001.swc,936,542,2,L2:mapped:1524,8.566999999999998,0.9808
251637::001.swc,936,542,2,L2:mapped:1550,331.8639999999976,2.5223
251637::001.swc,936,542,3,L3:mapped:537,437.0469999999898,2.6415
251637::001.swc,936,542,3,L3:mapped:724,119.19700000000194,2.0799
251637::001.swc,936,542,3,L3:mapped:1540,8.566999999999998,0.9808
251637::001.swc,936,542,3,L3:mapped:1551,241.1579999999997,2.3841
251637::001.swc,936,542,3,L3:mapped:1562,90.70600000000081,1.9624
251637::001.swc,936,542,4,L4:mapped:538,415.3899999999908,2.6195
251637::001.swc,936,542,4,L4:mapped:547,21.65699999999996,1.3552
251637::001.swc,936,542,4,L4:mapped:725,119.19700000000194,2.0799
251637::001.swc,936,542,4,L4:mapped:1546,8.566999999999998,0.9808
251637::001.swc,936,542,4,L4:mapped:1552,238.2409999999999,2.3788
251637::001.swc,936,542,4,L4:mapped:1559,2.916999999999999,0.593
251637::001.swc,936,542,4,L4:mapped:1562,90.70600000000081,1.9624
251637::001.swc,936,542,5,L5:mapped:540,415.3899999999908,2.6195
251637::001.swc,936,542,5,L5:mapped:549,21.65699999999996,1.3552
251637::001.swc,936,542,5,L5:mapped:727,119.19700000000194,2.0799
251637::001.swc,936,542,5,L5:mapped:1548,8.566999999999998,0.9808
251637::001.swc,936,542,5,L5:mapped:1556,226.38800000000003,2.3568
251637::001.swc,936,542,5,L5:mapped:1558,11.852999999999998,1.109
251637::001.swc,936,542,5,L5:mapped:1560,2.916999999999999,0.593
251637::001.swc,936,542,5,L5:mapped:1567,90.09600000000079,1.9595
251637::001.swc,936,542,6,L6:mapped:542,329.4889999999938,2.5192
251637::001.swc,936,542,6,L6:mapped:543,82.50700000000082,1.9217
251637::001.swc,936,542,6,L6:mapped:549,21.65699999999996,1.3552
251637::001.swc,936,542,6,L6:mapped:728,119.19700000000194,2.0799
251637::001.swc,936,542,6,L6:mapped:1548,8.566999999999998,0.9808
251637::001.swc,936,542,6,L6:mapped:1556,226.38800000000003,2.3568
251637::001.swc,936,542,6,L6:mapped:1558,11.852999999999998,1.109
251637::001.swc,936,542,6,L6:mapped:1560,2.916999999999999,0.593
251637::001.swc,936,542,6,L6:mapped:1567,90.09600000000079,1.9595
251637::002.swc,936,542,1,L1:mapped:501,25.74899999999993,1.4273
251637::002.swc,936,542,2,L2:mapped:516,25.74899999999993,1.4273
251637::002.swc,936,542,3,L3:mapped:537,25.74899999999993,1.4273
251637::002.swc,936,542,4,L4:mapped:538,23.566999999999954,1.3904
251637::002.swc,936,542,4,L4:mapped:547,2.1819999999999995,0.5027
251637::002.swc,936,542,5,L5:mapped:540,23.566999999999954,1.3904
251637::002.swc,936,542,5,L5:mapped:549,2.1819999999999995,0.5027
251637::002.swc,936,542,6,L6:mapped:542,23.566999999999954,1.3904
251637::002.swc,936,542,6,L6:mapped:549,2.1819999999999995,0.5027
251637::003.swc,936,549,1,L1:mapped:501,65.19300000000035,1.8208
251637::003.swc,936,549,2,L2:mapped:516,65.19300000000035,1.8208
251637::003.swc,936,549,3,L3:mapped:537,65.19300000000035,1.8208
251637::003.swc,936,549,4,L4:mapped:538,18.998999999999988,1.301
251637::003.swc,936,549,4,L4:mapped:547,46.19400000000016,1.6739
251637::003.swc,936,549,5,L5:mapped:540,18.998999999999988,1.301
251637::003.swc,936,549,5,L5:mapped:549,46.19400000000016,1.6739
251637::003.swc,936,549,6,L6:mapped:542,18.998999999999988,1.301
251637::003.swc,936,549,6,L6:mapped:549,46.19400000000016,1.6739
251637::004.swc,936,549,1,L1:mapped:501,87.28300000000092,1.9459
251637::004.swc,936,549,1,L1:mapped:1501,1338.11999999995,3.1268
251637::004.swc,936,549,2,L2:mapped:516,87.28300000000092,1.9459
251637::004.swc,936,549,2,L2:mapped:1502,55.41499999999996,1.7514
251637::004.swc,936,549,2,L2:mapped:1524,1.7459999999999993,0.4387
251637::004.swc,936,549,2,L2:mapped:1550,1280.9589999999525,3.1079
251637::004.swc,936,549,3,L3:mapped:537,87.28300000000092,1.9459
251637::004.swc,936,549,3,L3:mapped:1503,55.41499999999996,1.7514
251637::004.swc,936,549,3,L3:mapped:1540,1.7459999999999993,0.4387
251637::004.swc,936,549,3,L3:mapped:1551,1128.0559999999646,3.0527
251637::004.swc,936,549,3,L3:mapped:1562,152.90300000000113,2.1872
251637::004.swc,936,549,4,L4:mapped:538,28.78799999999998,1.474
251637::004.swc,936,549,4,L4:mapped:547,58.495000000000104,1.7745
251637::004.swc,936,549,4,L4:mapped:1504,55.41499999999996,1.7514
251637::004.swc,936,549,4,L4:mapped:1546,1.7459999999999993,0.4387
251637::004.swc,936,549,4,L4:mapped:1552,1109.3079999999686,3.0454
251637::004.swc,936,549,4,L4:mapped:1559,18.747999999999994,1.2955
251637::004.swc,936,549,4,L4:mapped:1562,152.90300000000113,2.1872
251637::004.swc,936,549,5,L5:mapped:540,28.78799999999998,1.474
251637::004.swc,936,549,5,L5:mapped:549,58.495000000000104,1.7745
251637::004.swc,936,549,5,L5:mapped:1504,55.41499999999996,1.7514
251637::004.swc,936,549,5,L5:mapped:1548,1.7459999999999993,0.4387
251637::004.swc,936,549,5,L5:mapped:1553,110.40800000000115,2.0469
251637::004.swc,936,549,5,L5:mapped:1556,937.6069999999811,2.9725
251637::004.swc,936,549,5,L5:mapped:1557,25.878999999999994,1.4294
251637::004.swc,936,549,5,L5:mapped:1558,35.41399999999996,1.5613
251637::004.swc,936,549,5,L5:mapped:1560,18.747999999999994,1.2955
251637::004.swc,936,549,5,L5:mapped:1567,152.90300000000113,2.1872
251637::004.swc,936,549,6,L6:mapped:541,10.747999999999994,1.07
251637::004.swc,936,549,6,L6:mapped:542,18.03999999999997,1.2797
251637::004.swc,936,549,6,L6:mapped:549,58.495000000000104,1.7745
251637::004.swc,936,549,6,L6:mapped:1504,55.41499999999996,1.7514
251637::004.swc,936,549,6,L6:mapped:1548,1.7459999999999993,0.4387
251637::004.swc,936,549,6,L6:mapped:1554,110.40800000000115,2.0469
251637::004.swc,936,549,6,L6:mapped:1556,937.6069999999811,2.9725
251637::004.swc,936,549,6,L6:mapped:1557,25.878999999999994,1.4294
251637::004.swc,936,549,6,L6:mapped:1558,35.41399999999996,1.5613
251637::004.swc,936,549,6,L6:mapped:1560,18.747999999999994,1.2955
251637::004.swc,936,549,6,L6:mapped:1567,152.90300000000113,2.1872
251637::005.swc,936,549,1,L1:mapped:501,62.28899999999997,1.8013
251637::005.swc,936,549,1,L1:mapped:1501,329.8449999999972,2.5196
251637::005.swc,936,549,1,L1:mapped:1582,69.0320000000001,1.8453
251637::005.swc,936,549,1,L1:mapped:1786,22.98499999999999,1.3799
251637::005.swc,936,549,2,L2:mapped:516,62.28899999999997,1.8013
251637::005.swc,936,549,2,L2:mapped:1524,166.12400000000127,2.223
251637::005.swc,936,549,2,L2:mapped:1550,124.2350000000016,2.0977
251637::005.swc,936,549,2,L2:mapped:1583,62.255999999999915,1.8011
251637::005.swc,936,549,2,L2:mapped:1611,6.775999999999999,0.8908
251637::005.swc,936,549,2,L2:mapped:1787,22.98499999999999,1.3799
251637::005.swc,936,549,3,L3:mapped:537,62.28899999999997,1.8013
251637::005.swc,936,549,3,L3:mapped:1525,96.6240000000008,1.9896
251637::005.swc,936,549,3,L3:mapped:1540,69.5000000000001,1.8482
251637::005.swc,936,549,3,L3:mapped:1551,64.23499999999993,1.8145
251637::005.swc,936,549,3,L3:mapped:1562,59.99999999999986,1.7853
251637::005.swc,936,549,3,L3:mapped:1584,62.255999999999915,1.8011
251637::005.swc,936,549,3,L3:mapped:1612,6.775999999999999,0.8908
251637::005.swc,936,549,3,L3:mapped:1818,22.98499999999999,1.3799
251637::005.swc,936,549,4,L4:mapped:538,15.259999999999982,1.2111
251637::005.swc,936,549,4,L4:mapped:547,47.02899999999992,1.6815
251637::005.swc,936,549,4,L4:mapped:1526,39.708000000000034,1.6097
251637::005.swc,936,549,4,L4:mapped:1530,56.91599999999991,1.7628
251637::005.swc,936,549,4,L4:mapped:1541,14.512999999999996,1.1907
251637::005.swc,936,549,4,L4:mapped:1543,41.26299999999997,1.626
251637::005.swc,936,549,4,L4:mapped:1546,13.723999999999997,1.168
251637::005.swc,936,549,4,L4:mapped:1552,62.168999999999905,1.8005
251637::005.swc,936,549,4,L4:mapped:1559,2.066,0.4866
251637::005.swc,936,549,4,L4:mapped:1562,59.99999999999986,1.7853
251637::005.swc,936,549,4,L4:mapped:1591,62.255999999999915,1.8011
251637::005.swc,936,549,4,L4:mapped:1612,6.775999999999999,0.8908
251637::005.swc,936,549,4,L4:mapped:1822,22.98499999999999,1.3799
251637::005.swc,936,549,5,L5:mapped:540,15.259999999999982,1.2111
251637::005.swc,936,549,5,L5:mapped:549,47.02899999999992,1.6815
251637::005.swc,936,549,5,L5:mapped:1527,39.708000000000034,1.6097
251637::005.swc,936,549,5,L5:mapped:1535,56.91599999999991,1.7628
251637::005.swc,936,549,5,L5:mapped:1542,14.512999999999996,1.1907
251637::005.swc,936,549,5,L5:mapped:1544,19.807999999999982,1.3182
251637::005.swc,936,549,5,L5:mapped:1545,21.454999999999977,1.3513
251637::005.swc,936,549,5,L5:mapped:1549,13.723999999999997,1.168
251637::005.swc,936,549,5,L5:mapped:1553,7.668999999999995,0.938
251637::005.swc,936,549,5,L5:mapped:1560,2.066,0.4866
251637::005.swc,936,549,5,L5:mapped:1567,28.745999999999984,1.4734
251637::005.swc,936,549,5,L5:mapped:1595,62.255999999999915,1.8011
251637::005.swc,936,549,5,L5:mapped:1612,6.775999999999999,0.8908
251637::005.swc,936,549,5,L5:mapped:1823,22.98499999999999,1.3799
251637::005.swc,936,549,6,L6:mapped:542,8.898999999999996,0.9956
251637::005.swc,936,549,6,L6:mapped:549,47.02899999999992,1.6815
251637::005.swc,936,549,6,L6:mapped:1527,39.708000000000034,1.6097
251637::005.swc,936,549,6,L6:mapped:1536,32.21499999999996,1.5213
251637::005.swc,936,549,6,L6:mapped:1537,24.701,1.41
251637::005.swc,936,549,6,L6:mapped:1542,14.512999999999996,1.1907
251637::005.swc,936,549,6,L6:mapped:1544,19.807999999999982,1.3182
251637::005.swc,936,549,6,L6:mapped:1545,21.454999999999977,1.3513
251637::005.swc,936,549,6,L6:mapped:1549,13.723999999999997,1.168
251637::005.swc,936,549,6,L6:mapped:1554,6.9629999999999965,0.9011
251637::005.swc,936,549,6,L6:mapped:1560,2.066,0.4866
251637::005.swc,936,549,6,L6:mapped:1567,28.745999999999984,1.4734
251637::005.swc,936,549,6,L6:mapped:1598,62.255999999999915,1.8011
251637::005.swc,936,549,6,L6:mapped:1612,6.775999999999999,0.8908
251637::005.swc,936,549,6,L6:mapped:1823,22.98499999999999,1.3799
251637::006.swc,936,549,1,L1:mapped:501,229.17899999999833,2.3621
251637::006.swc,936,549,1,L1:mapped:1501,20.706,1.3366
251637::006.swc,936,549,2,L2:mapped:516,117.32600000000147,2.0731
251637::006.swc,936,549,2,L2:mapped:577,111.85300000000126,2.0525
251637::006.swc,936,549,2,L2:mapped:1502,20.706,1.3366
251637::006.swc,936,549,3,L3:mapped:537,117.32600000000147,2.0731
251637::006.swc,936,549,3,L3:mapped:578,111.85300000000126,2.0525
251637::006.swc,936,549,3,L3:mapped:1503,20.706,1.3366
251637::006.swc,936,549,4,L4:mapped:538,62.43600000000039,1.8023
251637::006.swc,936,549,4,L4:mapped:547,54.889999999999944,1.7473
251637::006.swc,936,549,4,L4:mapped:580,111.85300000000126,2.0525
251637::006.swc,936,549,4,L4:mapped:1504,20.706,1.3366
251637::006.swc,936,549,5,L5:mapped:540,62.43600000000039,1.8023
251637::006.swc,936,549,5,L5:mapped:549,54.889999999999944,1.7473
251637::006.swc,936,549,5,L5:mapped:584,111.85300000000126,2.0525
251637::006.swc,936,549,5,L5:mapped:1504,20.706,1.3366
251637::006.swc,936,549,6,L6:mapped:541,3.9149999999999974,0.6915
251637::006.swc,936,549,6,L6:mapped:542,51.80500000000018,1.7227
251637::006.swc,936,549,6,L6:mapped:549,54.889999999999944,1.7473
251637::006.swc,936,549,6,L6:mapped:585,21.336000000000023,1.349
251637::006.swc,936,549,6,L6:mapped:586,90.51700000000065,1.9615
251637::006.swc,936,549,6,L6:mapped:1504,20.706,1.3366
251637::007.swc,936,542,1,L1:mapped:501,277.89399999999694,2.4454
251637::007.swc,936,542,1,L1:mapped:1501,101.22300000000044,2.0095
251637::007.swc,936,542,2,L2:mapped:516,236.4499999999983,2.3756
251637::007.swc,936,542,2,L2:mapped:550,5.658999999999996,0.8234
251637::007.swc,936,542,2,L2:mapped:577,35.784999999999954,1.5657
251637::007.swc,936,542,2,L2:mapped:1502,41.778999999999975,1.6312
251637::007.swc,936,542,2,L2:mapped:1550,59.44399999999988,1.7814
251637::007.swc,936,542,3,L3:mapped:525,38.18100000000003,1.5931
251637::007.swc,936,542,3,L3:mapped:537,198.26899999999955,2.2994
251637::007.swc,936,542,3,L3:mapped:564,5.658999999999996,0.8234
251637::007.swc,936,542,3,L3:mapped:578,35.784999999999954,1.5657
251637::007.swc,936,542,3,L3:mapped:1503,41.778999999999975,1.6312
251637::007.swc,936,542,3,L3:mapped:1551,55.681999999999874,1.7534
251637::007.swc,936,542,4,L4:mapped:534,38.18100000000003,1.5931
251637::007.swc,936,542,4,L4:mapped:538,79.36200000000062,1.9051
251637::007.swc,936,542,4,L4:mapped:547,118.90700000000159,2.0788
251637::007.swc,936,542,4,L4:mapped:565,5.658999999999996,0.8234
251637::007.swc,936,542,4,L4:mapped:580,35.784999999999954,1.5657
251637::007.swc,936,542,4,L4:mapped:1504,41.778999999999975,1.6312
251637::007.swc,936,542,4,L4:mapped:1552,55.681999999999874,1.7534
251637::007.swc,936,542,5,L5:mapped:534,38.18100000000003,1.5931
251637::007.swc,936,542,5,L5:mapped:540,79.36200000000062,1.9051
251637::007.swc,936,542,5,L5:mapped:549,118.90700000000159,2.0788
251637::007.swc,936,542,5,L5:mapped:569,5.658999999999996,0.8234
251637::007.swc,936,542,5,L5:mapped:584,35.784999999999954,1.5657
251637::007.swc,936,542,5,L5:mapped:1504,41.778999999999975,1.6312
251637::007.swc,936,542,5,L5:mapped:1556,55.681999999999874,1.7534
251637::007.swc,936,542,6,L6:mapped:536,38.18100000000003,1.5931
251637::007.swc,936,542,6,L6:mapped:541,20.23900000000001,1.3271
251637::007.swc,936,542,6,L6:mapped:542,59.123000000000054,1.779
251637::007.swc,936,542,6,L6:mapped:549,118.90700000000159,2.0788
251637::007.swc,936,542,6,L6:mapped:570,5.658999999999996,0.8234
251637::007.swc,936,542,6,L6:mapped:586,35.784999999999954,1.5657
251637::007.swc,936,542,6,L6:mapped:1504,41.778999999999975,1.6312
251637::007.swc,936,542,6,L6:mapped:1556,55.681999999999874,1.7534
251637::008.swc,936,542,1,L1:mapped:501,51.52800000000005,1.7204
251637::008.swc,936,542,1,L1:mapped:1082,30.864999999999952,1.5033
251637::008.swc,936,542,1,L1:mapped:1501,68.9060000000001,1.8445
251637::008.swc,936,542,1,L1:mapped:1582,272.46999999999696,2.4369
251637::008.swc,936,542,2,L2:mapped:516,51.52800000000005,1.7204
251637::008.swc,936,542,2,L2:mapped:1113,30.864999999999952,1.5033
251637::008.swc,936,542,2,L2:mapped:1550,59.40999999999994,1.7811
251637::008.swc,936,542,2,L2:mapped:1613,272.46999999999696,2.4369
251637::008.swc,936,542,3,L3:mapped:537,51.52800000000005,1.7204
251637::008.swc,936,542,3,L3:mapped:1115,2.8649999999999984,0.5871
251637::008.swc,936,542,3,L3:mapped:1127,27.99999999999997,1.4624
251637::008.swc,936,542,3,L3:mapped:1551,59.40999999999994,1.7811
251637::008.swc,936,542,3,L3:mapped:1615,116.73200000000125,2.0709
251637::008.swc,936,542,3,L3:mapped:1627,134.17100000000178,2.1309
251637::008.swc,936,542,4,L4:mapped:538,39.038,1.6025
251637::008.swc,936,542,4,L4:mapped:547,12.48999999999999,1.13
251637::008.swc,936,542,4,L4:mapped:1126,2.8649999999999984,0.5871
251637::008.swc,936,542,4,L4:mapped:1127,27.99999999999997,1.4624
251637::008.swc,936,542,4,L4:mapped:1552,59.40999999999994,1.7811
251637::008.swc,936,542,4,L4:mapped:1626,112.50500000000115,2.055
251637::008.swc,936,542,4,L4:mapped:1627,134.17100000000178,2.1309
251637::008.swc,936,542,5,L5:mapped:540,39.038,1.6025
251637::008.swc,936,542,5,L5:mapped:549,12.48999999999999,1.13
251637::008.swc,936,542,5,L5:mapped:1126,2.8649999999999984,0.5871
251637::008.swc,936,542,5,L5:mapped:1128,23.84699999999997,1.3953
251637::008.swc,936,542,5,L5:mapped:1133,4.152999999999999,0.7121
251637::008.swc,936,542,5,L5:mapped:1558,49.47999999999997,1.7031
251637::008.swc,936,542,5,L5:mapped:1626,112.50500000000115,2.055
251637::008.swc,936,542,5,L5:mapped:1628,125.78800000000194,2.1031
251637::008.swc,936,542,6,L6:mapped:542,23.630999999999982,1.3915
251637::008.swc,936,542,6,L6:mapped:549,12.48999999999999,1.13
251637::008.swc,936,542,6,L6:mapped:1126,2.8649999999999984,0.5871
251637::008.swc,936,542,6,L6:mapped:1128,23.84699999999997,1.3953
251637::008.swc,936,542,6,L6:mapped:1133,4.152999999999999,0.7121
251637::008.swc,936,542,6,L6:mapped:1558,49.47999999999997,1.7031
251637::008.swc,936,542,6,L6:mapped:1626,112.50500000000115,2.055
251637::008.swc,936,542,6,L6:mapped:1628,125.78800000000194,2.1031
251637::009.swc,936,542,1,L1:mapped:501,43.552000000000014,1.6489
251637::009.swc,936,542,1,L1:mapped:1082,83.38400000000054,1.9263
251637::009.swc,936,542,1,L1:mapped:1582,176.00800000000072,2.248
251637::009.swc,936,542,2,L2:mapped:516,43.552000000000014,1.6489
251637::009.swc,936,542,2,L2:mapped:1113,83.38400000000054,1.9263
251637::009.swc,936,542,2,L2:mapped:1613,176.00800000000072,2.248
251637::009.swc,936,542,3,L3:mapped:537,43.552000000000014,1.6489
251637::009.swc,936,542,3,L3:mapped:1115,17.01999999999999,1.2558
251637::009.swc,936,542,3,L3:mapped:1127,66.36400000000005,1.8284
251637::009.swc,936,542,3,L3:mapped:1615,55.390999999999885,1.7512
251637::009.swc,936,542,3,L3:mapped:1627,103.15700000000125,2.0177
251637::009.swc,936,542,4,L4:mapped:538,28.173999999999925,1.465
251637::009.swc,936,542,4,L4:mapped:547,15.377999999999973,1.2143
251637::009.swc,936,542,4,L4:mapped:1126,17.01999999999999,1.2558
251637::009.swc,936,542,4,L4:mapped:1127,66.36400000000005,1.8284
251637::009.swc,936,542,4,L4:mapped:1626,53.291999999999874,1.7347
251637::009.swc,936,542,4,L4:mapped:1627,103.15700000000125,2.0177
251637::009.swc,936,542,5,L5:mapped:540,28.173999999999925,1.465
251637::009.swc,936,542,5,L5:mapped:549,15.377999999999973,1.2143
251637::009.swc,936,542,5,L5:mapped:1126,17.01999999999999,1.2558
251637::009.swc,936,542,5,L5:mapped:1128,60.26399999999999,1.7872
251637::009.swc,936,542,5,L5:mapped:1133,6.1,0.8513
251637::009.swc,936,542,5,L5:mapped:1626,53.291999999999874,1.7347
251637::009.swc,936,542,5,L5:mapped:1628,63.04199999999998,1.8065
251637::009.swc,936,542,5,L5:mapped:1633,39.74999999999995,1.6101
251637::009.swc,936,542,6,L6:mapped:541,9.202000000000004,1.0087
251637::009.swc,936,542,6,L6:mapped:542,18.971999999999962,1.3004
251637::009.swc,936,542,6,L6:mapped:549,15.377999999999973,1.2143
251637::009.swc,936,542,6,L6:mapped:1126,17.01999999999999,1.2558
251637::009.swc,936,542,6,L6:mapped:1128,60.26399999999999,1.7872
251637::009.swc,936,542,6,L6:mapped:1133,6.1,0.8513
251637::009.swc,936,542,6,L6:mapped:1626,53.291999999999874,1.7347
251637::009.swc,936,542,6,L6:mapped:1628,63.04199999999998,1.8065
251637::009.swc,936,542,6,L6:mapped:1633,39.74999999999995,1.6101
251637::010.swc,936,549,1,L1:mapped:501,82.30100000000063,1.9207
251637::010.swc,936,549,1,L1:mapped:638,313.1319999999962,2.4971
251637::010.swc,936,549,1,L1:mapped:1501,75.94400000000005,1.8862
251637::010.swc,936,549,2,L2:mapped:516,82.30100000000063,1.9207
251637::010.swc,936,549,2,L2:mapped:639,180.13200000000109,2.258
251637::010.swc,936,549,2,L2:mapped:665,32.426999999999964,1.5241
251637::010.swc,936,549,2,L2:mapped:675,4.153999999999999,0.7121
251637::010.swc,936,549,2,L2:mapped:724,96.4190000000006,1.9886
251637::010.swc,936,549,2,L2:mapped:1502,75.85900000000004,1.8857
251637::010.swc,936,549,3,L3:mapped:537,82.30100000000063,1.9207
251637::010.swc,936,549,3,L3:mapped:653,180.13200000000109,2.258
251637::010.swc,936,549,3,L3:mapped:665,32.426999999999964,1.5241
251637::010.swc,936,549,3,L3:mapped:688,4.153999999999999,0.7121
251637::010.swc,936,549,3,L3:mapped:724,96.4190000000006,1.9886
251637::010.swc,936,549,3,L3:mapped:1503,64.9339999999999,1.8191
251637::010.swc,936,549,4,L4:mapped:538,44.91799999999994,1.662
251637::010.swc,936,549,4,L4:mapped:547,37.38299999999992,1.5841
251637::010.swc,936,549,4,L4:mapped:654,74.82900000000025,1.8798
251637::010.swc,936,549,4,L4:mapped:660,105.30300000000125,2.0265
251637::010.swc,936,549,4,L4:mapped:666,0.585,0.2
251637::010.swc,936,549,4,L4:mapped:667,31.841999999999967,1.5164
251637::010.swc,936,549,4,L4:mapped:688,4.153999999999999,0.7121
251637::010.swc,936,549,4,L4:mapped:725,96.4190000000006,1.9886
251637::010.swc,936,549,4,L4:mapped:1504,64.9339999999999,1.8191
251637::010.swc,936,549,5,L5:mapped:540,44.91799999999994,1.662
251637::010.swc,936,549,5,L5:mapped:549,37.38299999999992,1.5841
251637::010.swc,936,549,5,L5:mapped:658,15.861000000000006,1.2269
251637::010.swc,936,549,5,L5:mapped:659,58.96799999999975,1.7779
251637::010.swc,936,549,5,L5:mapped:661,101.5280000000011,2.0108
251637::010.swc,936,549,5,L5:mapped:662,3.7749999999999964,0.679
251637::010.swc,936,549,5,L5:mapped:666,0.585,0.2
251637::010.swc,936,549,5,L5:mapped:668,31.841999999999967,1.5164
251637::010.swc,936,549,5,L5:mapped:689,4.153999999999999,0.7121
251637::010.swc,936,549,5,L5:mapped:726,37.89999999999994,1.5899
251637::010.swc,936,549,5,L5:mapped:727,58.51900000000005,1.7747
251637::010.swc,936,549,5,L5:mapped:1504,64.9339999999999,1.8191
251637::010.swc,936,549,6,L6:mapped:541,24.149999999999956,1.4005
251637::010.swc,936,549,6,L6:mapped:542,20.76799999999999,1.3378
251637::010.swc,936,549,6,L6:mapped:549,37.38299999999992,1.5841
251637::010.swc,936,549,6,L6:mapped:658,15.861000000000006,1.2269
251637::010.swc,936,549,6,L6:mapped:659,58.96799999999975,1.7779
251637::010.swc,936,549,6,L6:mapped:661,101.5280000000011,2.0108
251637::010.swc,936,549,6,L6:mapped:664,3.7749999999999964,0.679
251637::010.swc,936,549,6,L6:mapped:666,0.585,0.2
251637::010.swc,936,549,6,L6:mapped:670,31.841999999999967,1.5164
251637::010.swc,936,549,6,L6:mapped:690,4.153999999999999,0.7121
251637::010.swc,936,549,6,L6:mapped:726,37.89999999999994,1.5899
251637::010.swc,936,549,6,L6:mapped:728,58.51900000000005,1.7747
251637::010.swc,936,549,6,L6:mapped:1504,64.9339999999999,1.8191
251637::011.swc,936,549,1,L1:mapped:501,43.00600000000003,1.6435
251637::011.swc,936,549,2,L2:mapped:516,43.00600000000003,1.6435
251637::011.swc,936,549,3,L3:mapped:537,43.00600000000003,1.6435
251637::011.swc,936,549,4,L4:mapped:538,9.780999999999993,1.0327
251637::011.swc,936,549,4,L4:mapped:547,33.22499999999992,1.5343
251637::011.swc,936,549,5,L5:mapped:540,9.780999999999993,1.0327
251637::011.swc,936,549,5,L5:mapped:549,33.22499999999992,1.5343
251637::011.swc,936,549,6,L6:mapped:541,7.878999999999997,0.9484
251637::011.swc,936,549,6,L6:mapped:542,1.9019999999999995,0.4627
251637::011.swc,936,549,6,L6:mapped:549,33.22499999999992,1.5343
251637::012.swc,936,541,1,L1:mapped:501,363.0539999999951,2.5612
251637::012.swc,936,541,1,L1:mapped:590,166.97700000000083,2.2252
251637::012.swc,936,541,2,L2:mapped:516,67.1460000000002,1.8334
251637::012.swc,936,541,2,L2:mapped:577,295.9079999999964,2.4726
251637::012.swc,936,541,2,L2:mapped:591,166.97700000000083,2.2252
251637::012.swc,936,541,3,L3:mapped:537,67.1460000000002,1.8334
251637::012.swc,936,541,3,L3:mapped:578,295.9079999999964,2.4726
251637::012.swc,936,541,3,L3:mapped:595,166.97700000000083,2.2252
251637::012.swc,936,541,4,L4:mapped:538,60.24700000000004,1.7871
251637::012.swc,936,541,4,L4:mapped:547,6.899,0.8976
251637::012.swc,936,541,4,L4:mapped:580,295.9079999999964,2.4726
251637::012.swc,936,541,4,L4:mapped:595,166.97700000000083,2.2252
251637::012.swc,936,541,5,L5:mapped:540,60.24700000000004,1.7871
251637::012.swc,936,541,5,L5:mapped:549,6.899,0.8976
251637::012.swc,936,541,5,L5:mapped:584,295.9079999999964,2.4726
251637::012.swc,936,541,5,L5:mapped:595,166.97700000000083,2.2252
251637::012.swc,936,541,6,L6:mapped:541,58.058000000000014,1.7713
251637::012.swc,936,541,6,L6:mapped:542,2.1889999999999987,0.5037
251637::012.swc,936,541,6,L6:mapped:549,6.899,0.8976
251637::012.swc,936,541,6,L6:mapped:586,295.9079999999964,2.4726
251637::012.swc,936,541,6,L6:mapped:595,166.97700000000083,2.2252
251637::013.swc,936,541,1,L1:mapped:501,1040.3319999999858,3.0176
251637::013.swc,936,541,1,L1:mapped:590,411.06599999999395,2.615
251637::013.swc,936,541,1,L1:mapped:638,6.560999999999998,0.8786
251637::013.swc,936,541,1,L1:mapped:1501,1822.953999999938,3.261
251637::013.swc,936,541,2,L2:mapped:516,241.78099999999895,2.3852
251637::013.swc,936,541,2,L2:mapped:550,45.9579999999999,1.6717
251637::013.swc,936,541,2,L2:mapped:577,752.5929999999865,2.8771
251637::013.swc,936,541,2,L2:mapped:591,344.544999999996,2.5385
251637::013.swc,936,541,2,L2:mapped:612,66.52099999999997,1.8294
251637::013.swc,936,541,2,L2:mapped:724,6.560999999999998,0.8786
251637::013.swc,936,541,2,L2:mapped:1502,67.46600000000004,1.8355
251637::013.swc,936,541,2,L2:mapped:1550,1752.8799999999405,3.244
251637::013.swc,936,541,3,L3:mapped:525,3.085,0.6112
251637::013.swc,936,541,3,L3:mapped:537,238.695999999999,2.3797
251637::013.swc,936,541,3,L3:mapped:564,45.9579999999999,1.6717
251637::013.swc,936,541,3,L3:mapped:578,752.5929999999865,2.8771
251637::013.swc,936,541,3,L3:mapped:592,76.37800000000028,1.8886
251637::013.swc,936,541,3,L3:mapped:595,268.167,2.43
251637::013.swc,936,541,3,L3:mapped:613,32.23399999999998,1.5216
251637::013.swc,936,541,3,L3:mapped:620,34.28699999999997,1.5476
251637::013.swc,936,541,3,L3:mapped:724,6.560999999999998,0.8786
251637::013.swc,936,541,3,L3:mapped:1503,67.46600000000004,1.8355
251637::013.swc,936,541,3,L3:mapped:1551,1750.2869999999411,3.2434
251637::013.swc,936,541,4,L4:mapped:534,3.085,0.6112
251637::013.swc,936,541,4,L4:mapped:538,209.37799999999964,2.323
251637::013.swc,936,541,4,L4:mapped:547,29.317999999999916,1.4817
251637::013.swc,936,541,4,L4:mapped:565,22.835999999999995,1.3772
251637::013.swc,936,541,4,L4:mapped:572,23.12199999999997,1.3824
251637::013.swc,936,541,4,L4:mapped:580,752.5929999999865,2.8771
251637::013.swc,936,541,4,L4:mapped:592,76.37800000000028,1.8886
251637::013.swc,936,541,4,L4:mapped:595,268.167,2.43
251637::013.swc,936,541,4,L4:mapped:613,32.23399999999998,1.5216
251637::013.swc,936,541,4,L4:mapped:620,34.28699999999997,1.5476
251637::013.swc,936,541,4,L4:mapped:725,6.560999999999998,0.8786
251637::013.swc,936,541,4,L4:mapped:1504,67.46600000000004,1.8355
251637::013.swc,936,541,4,L4:mapped:1552,1750.2869999999411,3.2434
251637::013.swc,936,541,5,L5:mapped:534,3.085,0.6112
251637::013.swc,936,541,5,L5:mapped:540,209.37799999999964,2.323
251637::013.swc,936,541,5,L5:mapped:549,29.317999999999916,1.4817
251637::013.swc,936,541,5,L5:mapped:569,22.835999999999995,1.3772
251637::013.swc,936,541,5,L5:mapped:576,23.12199999999997,1.3824
251637::013.swc,936,541,5,L5:mapped:584,752.5929999999865,2.8771
251637::013.swc,936,541,5,L5:mapped:594,74.9120000000002,1.8803
251637::013.swc,936,541,5,L5:mapped:595,268.167,2.43
251637::013.swc,936,541,5,L5:mapped:614,32.23399999999998,1.5216
251637::013.swc,936,541,5,L5:mapped:621,34.28699999999997,1.5476
251637::013.swc,936,541,5,L5:mapped:727,6.560999999999998,0.8786
251637::013.swc,936,541,5,L5:mapped:1504,67.46600000000004,1.8355
251637::013.swc,936,541,5,L5:mapped:1553,178.78899999999962,2.2548
251637::013.swc,936,541,5,L5:mapped:1556,1514.4289999999548,3.1805
251637::013.swc,936,541,5,L5:mapped:1558,57.0689999999998,1.7639
251637::013.swc,936,541,6,L6:mapped:536,3.085,0.6112
251637::013.swc,936,541,6,L6:mapped:541,186.94200000000032,2.274
251637::013.swc,936,541,6,L6:mapped:542,22.43599999999996,1.3699
251637::013.swc,936,541,6,L6:mapped:549,29.317999999999916,1.4817
251637::013.swc,936,541,6,L6:mapped:570,22.835999999999995,1.3772
251637::013.swc,936,541,6,L6:mapped:576,23.12199999999997,1.3824
251637::013.swc,936,541,6,L6:mapped:585,21.945999999999966,1.3607
251637::013.swc,936,541,6,L6:mapped:586,730.6469999999864,2.8643
251637::013.swc,936,541,6,L6:mapped:594,74.9120000000002,1.8803
251637::013.swc,936,541,6,L6:mapped:595,268.167,2.43
251637::013.swc,936,541,6,L6:mapped:614,32.23399999999998,1.5216
251637::013.swc,936,541,6,L6:mapped:622,11.267999999999983,1.0888
251637::013.swc,936,541,6,L6:mapped:623,23.019000000000023,1.3806
251637::013.swc,936,541,6,L6:mapped:729,6.560999999999998,0.8786
251637::013.swc,936,541,6,L6:mapped:1504,67.46600000000004,1.8355
251637::013.swc,936,541,6,L6:mapped:1554,178.78899999999962,2.2548
251637::013.swc,936,541,6,L6:mapped:1556,1514.4289999999548,3.1805
251637::013.swc,936,541,6,L6:mapped:1558,57.0689999999998,1.7639
251637::014.swc,936,542,1,L1:mapped:501,109.02600000000106,2.0415
251637::014.swc,936,542,1,L1:mapped:1501,101.17400000000075,2.0093
251637::014.swc,936,542,1,L1:mapped:1582,93.87900000000047,1.9772
251637::014.swc,936,542,1,L1:mapped:1669,18.131999999999998,1.2818
251637::014.swc,936,542,2,L2:mapped:516,109.02600000000106,2.0415
251637::014.swc,936,542,2,L2:mapped:1502,10.886999999999999,1.0751
251637::014.swc,936,542,2,L2:mapped:1550,76.24100000000028,1.8878
251637::014.swc,936,542,2,L2:mapped:1569,14.045999999999996,1.1774
251637::014.swc,936,542,2,L2:mapped:1583,60.341999999999864,1.7878
251637::014.swc,936,542,2,L2:mapped:1670,18.131999999999998,1.2818
251637::014.swc,936,542,3,L3:mapped:537,109.02600000000106,2.0415
251637::014.swc,936,542,3,L3:mapped:1503,10.886999999999999,1.0751
251637::014.swc,936,542,3,L3:mapped:1562,21.99699999999998,1.3617
251637::014.swc,936,542,3,L3:mapped:1569,14.045999999999996,1.1774
251637::014.swc,936,542,3,L3:mapped:1584,59.62699999999987,1.7827
251637::014.swc,936,542,3,L3:mapped:1700,18.131999999999998,1.2818
251637::014.swc,936,542,4,L4:mapped:538,79.38600000000041,1.9052
251637::014.swc,936,542,4,L4:mapped:547,29.639999999999976,1.4863
251637::014.swc,936,542,4,L4:mapped:1504,10.886999999999999,1.0751
251637::014.swc,936,542,4,L4:mapped:1562,21.99699999999998,1.3617
251637::014.swc,936,542,4,L4:mapped:1573,14.045999999999996,1.1774
251637::014.swc,936,542,4,L4:mapped:1591,59.62699999999987,1.7827
251637::014.swc,936,542,4,L4:mapped:1704,16.371999999999996,1.2398
251637::014.swc,936,542,5,L5:mapped:540,79.38600000000041,1.9052
251637::014.swc,936,542,5,L5:mapped:549,29.639999999999976,1.4863
251637::014.swc,936,542,5,L5:mapped:1504,10.886999999999999,1.0751
251637::014.swc,936,542,5,L5:mapped:1567,5.8999999999999995,0.8388
251637::014.swc,936,542,5,L5:mapped:1573,14.045999999999996,1.1774
251637::014.swc,936,542,5,L5:mapped:1595,39.062999999999974,1.6027
251637::014.swc,936,542,5,L5:mapped:1599,20.564,1.3337
251637::014.swc,936,542,5,L5:mapped:1706,16.371999999999996,1.2398
251637::014.swc,936,542,6,L6:mapped:541,25.532999999999944,1.4238
251637::014.swc,936,542,6,L6:mapped:542,53.85299999999999,1.7392
251637::014.swc,936,542,6,L6:mapped:549,29.639999999999976,1.4863
251637::014.swc,936,542,6,L6:mapped:1504,10.886999999999999,1.0751
251637::014.swc,936,542,6,L6:mapped:1567,5.8999999999999995,0.8388
251637::014.swc,936,542,6,L6:mapped:1573,14.045999999999996,1.1774
251637::014.swc,936,542,6,L6:mapped:1598,39.062999999999974,1.6027
251637::014.swc,936,542,6,L6:mapped:1599,20.564,1.3337
251637::014.swc,936,542,6,L6:mapped:1706,16.371999999999996,1.2398
251637::015.swc,936,542,1,L1:mapped:501,110.63400000000101,2.0478
251637::015.swc,936,542,1,L1:mapped:638,183.80200000000028,2.2667
251637::015.swc,936,542,1,L1:mapped:1501,193.12299999999956,2.2881
251637::015.swc,936,542,2,L2:mapped:516,110.63400000000101,2.0478
251637::015.swc,936,542,2,L2:mapped:665,67.53599999999989,1.8359
251637::015.swc,936,542,2,L2:mapped:675,109.4170000000004,2.043
251637::015.swc,936,542,2,L2:mapped:693,6.848999999999996,0.8948
251637::015.swc,936,542,2,L2:mapped:1524,29.641000000000016,1.4863
251637::015.swc,936,542,2,L2:mapped:1550,152.49900000000102,2.1861
251637::015.swc,936,542,3,L3:mapped:537,110.63400000000101,2.0478
251637::015.swc,936,542,3,L3:mapped:665,67.53599999999989,1.8359
251637::015.swc,936,542,3,L3:mapped:688,79.25900000000009,1.9045
251637::015.swc,936,542,3,L3:mapped:694,6.848999999999996,0.8948
251637::015.swc,936,542,3,L3:mapped:1525,29.641000000000016,1.4863
251637::015.swc,936,542,3,L3:mapped:1551,152.49900000000102,2.1861
251637::015.swc,936,542,4,L4:mapped:538,103.12800000000087,2.0176
251637::015.swc,936,542,4,L4:mapped:547,7.505999999999995,0.9297
251637::015.swc,936,542,4,L4:mapped:667,45.877999999999915,1.671
251637::015.swc,936,542,4,L4:mapped:688,79.25900000000009,1.9045
251637::015.swc,936,542,4,L4:mapped:695,6.848999999999996,0.8948
251637::015.swc,936,542,4,L4:mapped:1530,29.641000000000016,1.4863
251637::015.swc,936,542,4,L4:mapped:1552,152.49900000000102,2.1861
251637::015.swc,936,542,5,L5:mapped:540,103.12800000000087,2.0176
251637::015.swc,936,542,5,L5:mapped:549,7.505999999999995,0.9297
251637::015.swc,936,542,5,L5:mapped:671,43.4819999999999,1.6482
251637::015.swc,936,542,5,L5:mapped:689,79.25900000000009,1.9045
251637::015.swc,936,542,5,L5:mapped:696,6.848999999999996,0.8948
251637::015.swc,936,542,5,L5:mapped:1531,29.641000000000016,1.4863
251637::015.swc,936,542,5,L5:mapped:1557,151.59300000000107,2.1835
251637::015.swc,936,542,6,L6:mapped:541,14.78299999999998,1.1982
251637::015.swc,936,542,6,L6:mapped:542,88.34500000000051,1.9511
251637::015.swc,936,542,6,L6:mapped:549,7.505999999999995,0.9297
251637::015.swc,936,542,6,L6:mapped:674,43.4819999999999,1.6482
251637::015.swc,936,542,6,L6:mapped:690,63.923999999999936,1.8124
251637::015.swc,936,542,6,L6:mapped:691,15.335000000000004,1.2131
251637::015.swc,936,542,6,L6:mapped:696,6.848999999999996,0.8948
251637::015.swc,936,542,6,L6:mapped:1532,29.641000000000016,1.4863
251637::015.swc,936,542,6,L6:mapped:1557,151.59300000000107,2.1835
251637::016.swc,936,541,1,L1:mapped:501,666.3649999999873,2.8244
251637::016.swc,936,541,1,L1:mapped:638,146.05900000000102,2.1675
251637::016.swc,936,541,1,L1:mapped:1501,142.1340000000018,2.1557
251637::016.swc,936,541,2,L2:mapped:516,356.00599999999486,2.5527
251637::016.swc,936,541,2,L2:mapped:550,0.55,0.1903
251637::016.swc,936,541,2,L2:mapped:577,309.8089999999967,2.4925
251637::016.swc,936,541,2,L2:mapped:724,146.05900000000102,2.1675
251637::016.swc,936,541,2,L2:mapped:1524,118.8360000000022,2.0786
251637::016.swc,936,541,3,L3:mapped:537,356.00599999999486,2.5527
251637::016.swc,936,541,3,L3:mapped:564,0.55,0.1903
251637::016.swc,936,541,3,L3:mapped:578,309.8089999999967,2.4925
251637::016.swc,936,541,3,L3:mapped:724,146.05900000000102,2.1675
251637::016.swc,936,541,3,L3:mapped:1525,118.8140000000022,2.0785
251637::016.swc,936,541,4,L4:mapped:538,61.423,1.7953
251637::016.swc,936,541,4,L4:mapped:547,294.58299999999673,2.4707
251637::016.swc,936,541,4,L4:mapped:565,0.55,0.1903
251637::016.swc,936,541,4,L4:mapped:580,309.8089999999967,2.4925
251637::016.swc,936,541,4,L4:mapped:725,146.05900000000102,2.1675
251637::016.swc,936,541,4,L4:mapped:1526,7.959999999999998,0.9523
251637::016.swc,936,541,4,L4:mapped:1530,110.8540000000019,2.0487
251637::016.swc,936,541,5,L5:mapped:540,61.423,1.7953
251637::016.swc,936,541,5,L5:mapped:549,294.58299999999673,2.4707
251637::016.swc,936,541,5,L5:mapped:569,0.55,0.1903
251637::016.swc,936,541,5,L5:mapped:584,309.8089999999967,2.4925
251637::016.swc,936,541,5,L5:mapped:726,14.446999999999985,1.1888
251637::016.swc,936,541,5,L5:mapped:727,131.61200000000133,2.1226
251637::016.swc,936,541,5,L5:mapped:1527,7.959999999999998,0.9523
251637::016.swc,936,541,5,L5:mapped:1535,110.8540000000019,2.0487
251637::016.swc,936,541,6,L6:mapped:541,24.34999999999996,1.404
251637::016.swc,936,541,6,L6:mapped:542,37.07299999999991,1.5806
251637::016.swc,936,541,6,L6:mapped:549,294.58299999999673,2.4707
251637::016.swc,936,541,6,L6:mapped:570,0.55,0.1903
251637::016.swc,936,541,6,L6:mapped:586,309.8089999999967,2.4925
251637::016.swc,936,541,6,L6:mapped:726,14.446999999999985,1.1888
251637::016.swc,936,541,6,L6:mapped:728,131.61200000000133,2.1226
251637::016.swc,936,541,6,L6:mapped:1527,7.959999999999998,0.9523
251637::016.swc,936,541,6,L6:mapped:1536,7.5439999999999925,0.9317
251637::016.swc,936,541,6,L6:mapped:1537,27.270999999999976,1.4513
251637::016.swc,936,541,6,L6:mapped:1538,76.03900000000029,1.8867
251637::017.swc,936,549,1,L1:mapped:501,53.12600000000015,1.7334
251637::017.swc,936,549,2,L2:mapped:516,53.12600000000015,1.7334
251637::017.swc,936,549,3,L3:mapped:537,53.12600000000015,1.7334
251637::017.swc,936,549,4,L4:mapped:538,23.36999999999994,1.3869
251637::017.swc,936,549,4,L4:mapped:547,29.755999999999975,1.4879
251637::017.swc,936,549,5,L5:mapped:540,23.36999999999994,1.3869
251637::017.swc,936,549,5,L5:mapped:549,29.755999999999975,1.4879
251637::017.swc,936,549,6,L6:mapped:541,10.455999999999989,1.059
251637::017.swc,936,549,6,L6:mapped:542,12.913999999999994,1.1435
251637::017.swc,936,549,6,L6:mapped:549,29.755999999999975,1.4879
251637::018.swc,936,542,1,L1:mapped:501,182.68999999999917,2.2641
251637::018.swc,936,542,2,L2:mapped:516,182.68999999999917,2.2641
251637::018.swc,936,542,3,L3:mapped:537,182.68999999999917,2.2641
251637::018.swc,936,542,4,L4:mapped:538,171.25799999999956,2.2362
251637::018.swc,936,542,4,L4:mapped:547,11.431999999999979,1.0945
251637::018.swc,936,542,5,L5:mapped:540,171.25799999999956,2.2362
251637::018.swc,936,542,5,L5:mapped:549,11.431999999999979,1.0945
251637::018.swc,936,542,6,L6:mapped:542,117.48300000000195,2.0737
251637::018.swc,936,542,6,L6:mapped:543,53.77500000000006,1.7386
251637::018.swc,936,542,6,L6:mapped:549,11.431999999999979,1.0945
251637::019.swc,936,549,1,L1:mapped:501,76.32800000000054,1.8883
251637::019.swc,936,549,2,L2:mapped:516,76.32800000000054,1.8883
251637::019.swc,936,549,3,L3:mapped:537,76.32800000000054,1.8883
251637::019.swc,936,549,4,L4:mapped:538,29.110999999999912,1.4787
251637::019.swc,936,549,4,L4:mapped:547,47.21700000000009,1.6832
251637::019.swc,936,549,5,L5:mapped:540,29.110999999999912,1.4787
251637::019.swc,936,549,5,L5:mapped:549,47.21700000000009,1.6832
251637::019.swc,936,549,6,L6:mapped:542,29.110999999999912,1.4787
251637::019.swc,936,549,6,L6:mapped:549,47.21700000000009,1.6832
251637::020.swc,936,549,1,L1:mapped:501,173.13900000000038,2.2409
251637::020.swc,936,549,2,L2:mapped:516,173.13900000000038,2.2409
251637::020.swc,936,549,3,L3:mapped:525,17.13499999999998,1.2585
251637::020.swc,936,549,3,L3:mapped:537,156.0040000000012,2.1959
251637::020.swc,936,549,4,L4:mapped:534,17.13499999999998,1.2585
251637::020.swc,936,549,4,L4:mapped:538,75.75500000000031,1.8851
251637::020.swc,936,549,4,L4:mapped:547,80.2490000000007,1.9098
251637::020.swc,936,549,5,L5:mapped:534,17.13499999999998,1.2585
251637::020.swc,936,549,5,L5:mapped:540,75.75500000000031,1.8851
251637::020.swc,936,549,5,L5:mapped:549,80.2490000000007,1.9098
251637::020.swc,936,549,6,L6:mapped:536,17.13499999999998,1.2585
251637::020.swc,936,549,6,L6:mapped:541,64.49299999999994,1.8162
251637::020.swc,936,549,6,L6:mapped:542,11.261999999999992,1.0886
251637::020.swc,936,549,6,L6:mapped:549,80.2490000000007,1.9098
251637::021.swc,936,549,1,L1:mapped:501,76.08500000000062,1.887
251637::021.swc,936,549,1,L1:mapped:1501,31.43499999999996,1.511
251637::021.swc,936,549,2,L2:mapped:516,76.08500000000062,1.887
251637::021.swc,936,549,2,L2:mapped:1502,25.89899999999997,1.4297
251637::021.swc,936,549,2,L2:mapped:1550,5.535999999999996,0.8153
251637::021.swc,936,549,3,L3:mapped:537,76.08500000000062,1.887
251637::021.swc,936,549,3,L3:mapped:1503,25.89899999999997,1.4297
251637::021.swc,936,549,3,L3:mapped:1551,5.535999999999996,0.8153
251637::021.swc,936,549,4,L4:mapped:538,17.120999999999984,1.2582
251637::021.swc,936,549,4,L4:mapped:547,58.96400000000005,1.7779
251637::021.swc,936,549,4,L4:mapped:1504,25.89899999999997,1.4297
251637::021.swc,936,549,4,L4:mapped:1552,5.535999999999996,0.8153
251637::021.swc,936,549,5,L5:mapped:540,17.120999999999984,1.2582
251637::021.swc,936,549,5,L5:mapped:549,58.96400000000005,1.7779
251637::021.swc,936,549,5,L5:mapped:1504,25.89899999999997,1.4297
251637::021.swc,936,549,5,L5:mapped:1556,5.535999999999996,0.8153
251637::021.swc,936,549,6,L6:mapped:542,12.275999999999984,1.1231
251637::021.swc,936,549,6,L6:mapped:549,58.96400000000005,1.7779
251637::021.swc,936,549,6,L6:mapped:1504,25.89899999999997,1.4297
251637::021.swc,936,549,6,L6:mapped:1556,5.535999999999996,0.8153
251637::022.swc,936,549,1,L1:mapped:501,94.85300000000144,1.9816
251637::022.swc,936,549,2,L2:mapped:516,94.85300000000144,1.9816
251637::022.swc,936,549,3,L3:mapped:537,94.85300000000144,1.9816
251637::022.swc,936,549,4,L4:mapped:538,5.886,0.838
251637::022.swc,936,549,4,L4:mapped:547,88.9670000000013,1.9541
251637::022.swc,936,549,5,L5:mapped:540,5.886,0.838
251637::022.swc,936,549,5,L5:mapped:549,88.9670000000013,1.9541
251637::022.swc,936,549,6,L6:mapped:542,5.886,0.838
251637::022.swc,936,549,6,L6:mapped:549,88.9670000000013,1.9541
251637::023.swc,936,549,1,L1:mapped:501,550.1049999999922,2.7412
251637::023.swc,936,549,2,L2:mapped:516,354.9879999999982,2.5514
251637::023.swc,936,549,2,L2:mapped:577,178.8220000000011,2.2548
251637::023.swc,936,549,3,L3:mapped:525,173.96400000000057,2.2429
251637::023.swc,936,549,3,L3:mapped:537,181.0240000000013,2.2601
251637::023.swc,936,549,3,L3:mapped:578,178.8220000000011,2.2548
251637::023.swc,936,549,4,L4:mapped:526,173.96400000000057,2.2429
251637::023.swc,936,549,4,L4:mapped:538,115.95200000000115,2.068
251637::023.swc,936,549,4,L4:mapped:547,65.07200000000029,1.82
251637::023.swc,936,549,4,L4:mapped:580,178.8220000000011,2.2548
251637::023.swc,936,549,5,L5:mapped:530,173.96400000000057,2.2429
251637::023.swc,936,549,5,L5:mapped:539,92.31700000000059,1.97
251637::023.swc,936,549,5,L5:mapped:540,23.63499999999997,1.3916
251637::023.swc,936,549,5,L5:mapped:549,65.07200000000029,1.82
251637::023.swc,936,549,5,L5:mapped:584,178.8220000000011,2.2548
251637::023.swc,936,549,6,L6:mapped:532,169.15000000000077,2.2308
251637::023.swc,936,549,6,L6:mapped:533,4.813999999999995,0.7645
251637::023.swc,936,549,6,L6:mapped:539,92.31700000000059,1.97
251637::023.swc,936,549,6,L6:mapped:541,16.714999999999986,1.2483
251637::023.swc,936,549,6,L6:mapped:542,6.919999999999993,0.8987
251637::023.swc,936,549,6,L6:mapped:549,65.07200000000029,1.82
251637::023.swc,936,549,6,L6:mapped:586,178.8220000000011,2.2548
251637::024.swc,936,549,1,L1:mapped:501,350.17799999999244,2.5455
251637::024.swc,936,549,2,L2:mapped:516,350.17799999999244,2.5455
251637::024.swc,936,549,3,L3:mapped:525,265.1859999999971,2.4252
251637::024.swc,936,549,3,L3:mapped:537,84.99200000000081,1.9345
251637::024.swc,936,549,4,L4:mapped:534,265.1859999999971,2.4252
251637::024.swc,936,549,4,L4:mapped:547,80.9810000000006,1.9137
251637::024.swc,936,549,5,L5:mapped:534,265.1859999999971,2.4252
251637::024.swc,936,549,5,L5:mapped:549,80.9810000000006,1.9137
251637::024.swc,936,549,6,L6:mapped:536,265.1859999999971,2.4252
251637::024.swc,936,549,6,L6:mapped:549,80.9810000000006,1.9137
251637::025.swc,936,549,1,L1:mapped:501,446.3359999999904,2.6506
251637::025.swc,936,549,2,L2:mapped:516,440.76299999999037,2.6452
251637::025.swc,936,549,3,L3:mapped:525,290.79699999999576,2.4651
251637::025.swc,936,549,3,L3:mapped:537,149.96600000000115,2.1789
251637::025.swc,936,549,4,L4:mapped:534,290.79699999999576,2.4651
251637::025.swc,936,549,4,L4:mapped:538,5.683999999999995,0.825
251637::025.swc,936,549,4,L4:mapped:547,144.28200000000152,2.1622
251637::025.swc,936,549,5,L5:mapped:534,290.79699999999576,2.4651
251637::025.swc,936,549,5,L5:mapped:540,5.683999999999995,0.825
251637::025.swc,936,549,5,L5:mapped:549,143.11900000000156,2.1587
251637::025.swc,936,549,6,L6:mapped:536,290.79699999999576,2.4651
251637::025.swc,936,549,6,L6:mapped:542,5.683999999999995,0.825
251637::025.swc,936,549,6,L6:mapped:549,143.11900000000156,2.1587
251637::026.swc,936,549,1,L1:mapped:501,1327.7169999999574,3.1234
251637::026.swc,936,549,1,L1:mapped:1501,1.372,0.3751
251637::026.swc,936,549,2,L2:mapped:516,395.37399999999474,2.5981
251637::026.swc,936,549,2,L2:mapped:550,182.73299999999978,2.2642
251637::026.swc,936,549,2,L2:mapped:577,749.6099999999799,2.8754
251637::026.swc,936,549,2,L2:mapped:1502,1.372,0.3751
251637::026.swc,936,549,3,L3:mapped:525,188.87600000000077,2.2785
251637::026.swc,936,549,3,L3:mapped:537,206.4979999999998,2.317
251637::026.swc,936,549,3,L3:mapped:564,182.73299999999978,2.2642
251637::026.swc,936,549,3,L3:mapped:578,749.6099999999799,2.8754
251637::026.swc,936,549,3,L3:mapped:1503,1.372,0.3751
251637::026.swc,936,549,4,L4:mapped:526,24.588999999999984,1.4081
251637::026.swc,936,549,4,L4:mapped:534,164.28700000000097,2.2182
251637::026.swc,936,549,4,L4:mapped:538,23.21699999999996,1.3841
251637::026.swc,936,549,4,L4:mapped:547,183.2810000000007,2.2655
251637::026.swc,936,549,4,L4:mapped:565,135.615000000002,2.1355
251637::026.swc,936,549,4,L4:mapped:572,47.1179999999999,1.6823
251637::026.swc,936,549,4,L4:mapped:580,749.6099999999799,2.8754
251637::026.swc,936,549,4,L4:mapped:1504,1.372,0.3751
251637::026.swc,936,549,5,L5:mapped:530,24.588999999999984,1.4081
251637::026.swc,936,549,5,L5:mapped:534,164.28700000000097,2.2182
251637::026.swc,936,549,5,L5:mapped:540,23.21699999999996,1.3841
251637::026.swc,936,549,5,L5:mapped:549,183.2810000000007,2.2655
251637::026.swc,936,549,5,L5:mapped:569,135.615000000002,2.1355
251637::026.swc,936,549,5,L5:mapped:573,15.120999999999977,1.2074
251637::026.swc,936,549,5,L5:mapped:576,31.99700000000001,1.5185
251637::026.swc,936,549,5,L5:mapped:581,7.428999999999996,0.9258
251637::026.swc,936,549,5,L5:mapped:584,742.1809999999796,2.8711
251637::026.swc,936,549,5,L5:mapped:1504,1.372,0.3751
251637::026.swc,936,549,6,L6:mapped:533,24.588999999999984,1.4081
251637::026.swc,936,549,6,L6:mapped:535,157.66300000000103,2.2005
251637::026.swc,936,549,6,L6:mapped:541,23.21699999999996,1.3841
251637::026.swc,936,549,6,L6:mapped:549,183.2810000000007,2.2655
251637::026.swc,936,549,6,L6:mapped:570,135.615000000002,2.1355
251637::026.swc,936,549,6,L6:mapped:574,15.120999999999977,1.2074
251637::026.swc,936,549,6,L6:mapped:576,31.99700000000001,1.5185
251637::026.swc,936,549,6,L6:mapped:582,7.428999999999996,0.9258
251637::026.swc,936,549,6,L6:mapped:585,148.86600000000107,2.1757
251637::026.swc,936,549,6,L6:mapped:586,593.3149999999815,2.774
251637::026.swc,936,549,6,L6:mapped:1504,1.372,0.3751
251637::027.swc,936,549,1,L1:mapped:501,89.14400000000086,1.9549
251637::027.swc,936,549,2,L2:mapped:516,89.14400000000086,1.9549
251637::027.swc,936,549,3,L3:mapped:537,89.14400000000086,1.9549
251637::027.swc,936,549,4,L4:mapped:538,8.486999999999993,0.9771
251637::027.swc,936,549,4,L4:mapped:547,80.65700000000051,1.912
251637::027.swc,936,549,5,L5:mapped:540,8.486999999999993,0.9771
251637::027.swc,936,549,5,L5:mapped:549,80.65700000000051,1.912
251637::027.swc,936,549,6,L6:mapped:541,5.5619999999999985,0.817
251637::027.swc,936,549,6,L6:mapped:549,80.65700000000051,1.912
251637::028.swc,936,549,1,L1:mapped:501,680.080999999992,2.8332
251637::028.swc,936,549,2,L2:mapped:516,680.080999999992,2.8332
251637::028.swc,936,549,3,L3:mapped:525,374.06799999999333,2.5741
251637::028.swc,936,549,3,L3:mapped:537,306.01299999999617,2.4872
251637::028.swc,936,549,4,L4:mapped:526,161.5820000000009,2.2111
251637::028.swc,936,549,4,L4:mapped:534,212.48599999999956,2.3294
251637::028.swc,936,549,4,L4:mapped:538,94.50300000000097,1.98
251637::028.swc,936,549,4,L4:mapped:547,211.50999999999917,2.3274
251637::028.swc,936,549,5,L5:mapped:527,130.61800000000173,2.1193
251637::028.swc,936,549,5,L5:mapped:530,30.963999999999974,1.5047
251637::028.swc,936,549,5,L5:mapped:534,212.48599999999956,2.3294
251637::028.swc,936,549,5,L5:mapped:540,94.50300000000097,1.98
251637::028.swc,936,549,5,L5:mapped:549,211.50999999999917,2.3274
251637::028.swc,936,549,6,L6:mapped:529,130.61800000000173,2.1193
251637::028.swc,936,549,6,L6:mapped:532,14.364999999999977,1.1865
251637::028.swc,936,549,6,L6:mapped:533,16.59899999999999,1.2455
251637::028.swc,936,549,6,L6:mapped:535,180.88700000000048,2.2598
251637::028.swc,936,549,6,L6:mapped:536,31.598999999999926,1.5132
251637::028.swc,936,549,6,L6:mapped:541,90.09000000000088,1.9595
251637::028.swc,936,549,6,L6:mapped:542,4.412999999999994,0.7334
251637::028.swc,936,549,6,L6:mapped:549,211.50999999999917,2.3274
251637::029.swc,936,549,1,L1:mapped:501,723.0409999999838,2.8598
251637::029.swc,936,549,1,L1:mapped:590,82.01500000000031,1.9192
251637::029.swc,936,549,1,L1:mapped:638,233.67399999999782,2.3705
251637::029.swc,936,549,2,L2:mapped:516,288.48299999999654,2.4616
251637::029.swc,936,549,2,L2:mapped:577,434.5579999999976,2.639
251637::029.swc,936,549,2,L2:mapped:591,82.01500000000031,1.9192
251637::029.swc,936,549,2,L2:mapped:724,233.67399999999782,2.3705
251637::029.swc,936,549,3,L3:mapped:537,288.48299999999654,2.4616
251637::029.swc,936,549,3,L3:mapped:578,434.5579999999976,2.639
251637::029.swc,936,549,3,L3:mapped:595,82.01500000000031,1.9192
251637::029.swc,936,549,3,L3:mapped:724,233.67399999999782,2.3705
251637::029.swc,936,549,4,L4:mapped:538,39.726999999999975,1.6099
251637::029.swc,936,549,4,L4:mapped:547,248.7559999999974,2.3975
251637::029.swc,936,549,4,L4:mapped:580,434.5579999999976,2.639
251637::029.swc,936,549,4,L4:mapped:595,82.01500000000031,1.9192
251637::029.swc,936,549,4,L4:mapped:725,233.67399999999782,2.3705
251637::029.swc,936,549,5,L5:mapped:540,39.726999999999975,1.6099
251637::029.swc,936,549,5,L5:mapped:548,59.85799999999999,1.7843
251637::029.swc,936,549,5,L5:mapped:549,188.8979999999993,2.2785
251637::029.swc,936,549,5,L5:mapped:584,434.5579999999976,2.639
251637::029.swc,936,549,5,L5:mapped:595,82.01500000000031,1.9192
251637::029.swc,936,549,5,L5:mapped:727,233.67399999999782,2.3705
251637::029.swc,936,549,6,L6:mapped:541,1.6410000000000002,0.4218
251637::029.swc,936,549,6,L6:mapped:542,18.701999999999977,1.2945
251637::029.swc,936,549,6,L6:mapped:543,19.38399999999999,1.3093
251637::029.swc,936,549,6,L6:mapped:548,59.85799999999999,1.7843
251637::029.swc,936,549,6,L6:mapped:549,188.8979999999993,2.2785
251637::029.swc,936,549,6,L6:mapped:585,96.99100000000061,1.9912
251637::029.swc,936,549,6,L6:mapped:586,337.5669999999989,2.5296
251637::029.swc,936,549,6,L6:mapped:595,82.01500000000031,1.9192
251637::029.swc,936,549,6,L6:mapped:728,233.67399999999782,2.3705
251637::030.swc,936,549,1,L1:mapped:1,35.655,1.5641
251637::030.swc,936,549,1,L1:mapped:501,239.48199999999767,2.3811
251637::030.swc,936,549,1,L1:mapped:638,1.6229999999999996,0.4188
251637::030.swc,936,549,2,L2:mapped:77,9.77099999999999,1.0323
251637::030.swc,936,549,2,L2:mapped:516,231.85499999999746,2.3671
251637::030.swc,936,549,2,L2:mapped:724,1.6229999999999996,0.4188
251637::030.swc,936,549,3,L3:mapped:78,9.77099999999999,1.0323
251637::030.swc,936,549,3,L3:mapped:537,231.85499999999746,2.3671
251637::030.swc,936,549,3,L3:mapped:724,1.6229999999999996,0.4188
251637::030.swc,936,549,4,L4:mapped:80,9.77099999999999,1.0323
251637::030.swc,936,549,4,L4:mapped:538,80.71600000000039,1.9123
251637::030.swc,936,549,4,L4:mapped:547,151.139000000001,2.1822
251637::030.swc,936,549,4,L4:mapped:725,1.6229999999999996,0.4188
251637::030.swc,936,549,5,L5:mapped:84,9.77099999999999,1.0323
251637::030.swc,936,549,5,L5:mapped:540,80.71600000000039,1.9123
251637::030.swc,936,549,5,L5:mapped:548,30.955999999999964,1.5046
251637::030.swc,936,549,5,L5:mapped:549,120.18300000000168,2.0834
251637::030.swc,936,549,5,L5:mapped:727,1.6229999999999996,0.4188
251637::030.swc,936,549,6,L6:mapped:86,9.77099999999999,1.0323
251637::030.swc,936,549,6,L6:mapped:542,64.23199999999996,1.8145
251637::030.swc,936,549,6,L6:mapped:543,16.405000000000005,1.2407
251637::030.swc,936,549,6,L6:mapped:548,30.955999999999964,1.5046
251637::030.swc,936,549,6,L6:mapped:549,120.18300000000168,2.0834
251637::030.swc,936,549,6,L6:mapped:728,1.6229999999999996,0.4188
251637::031.swc,936,549,1,L1:mapped:501,593.5329999999883,2.7742
251637::031.swc,936,549,1,L1:mapped:1501,289.2489999999977,2.4628
251637::031.swc,936,549,2,L2:mapped:516,593.5329999999883,2.7742
251637::031.swc,936,549,2,L2:mapped:1502,63.73699999999999,1.8112
251637::031.swc,936,549,2,L2:mapped:1550,225.51199999999892,2.3551
251637::031.swc,936,549,3,L3:mapped:537,593.5329999999883,2.7742
251637::031.swc,936,549,3,L3:mapped:1503,63.73699999999999,1.8112
251637::031.swc,936,549,3,L3:mapped:1551,189.68900000000016,2.2803
251637::031.swc,936,549,3,L3:mapped:1562,35.823,1.5661
251637::031.swc,936,549,4,L4:mapped:538,256.6059999999977,2.411
251637::031.swc,936,549,4,L4:mapped:547,336.9269999999958,2.5288
251637::031.swc,936,549,4,L4:mapped:1504,63.73699999999999,1.8112
251637::031.swc,936,549,4,L4:mapped:1552,189.68900000000016,2.2803
251637::031.swc,936,549,4,L4:mapped:1562,35.823,1.5661
251637::031.swc,936,549,5,L5:mapped:540,256.6059999999977,2.411
251637::031.swc,936,549,5,L5:mapped:548,13.013999999999994,1.1466
251637::031.swc,936,549,5,L5:mapped:549,323.912999999996,2.5118
251637::031.swc,936,549,5,L5:mapped:1504,63.73699999999999,1.8112
251637::031.swc,936,549,5,L5:mapped:1556,175.9180000000004,2.2478
251637::031.swc,936,549,5,L5:mapped:1557,13.770999999999994,1.1694
251637::031.swc,936,549,5,L5:mapped:1567,35.823,1.5661
251637::031.swc,936,549,6,L6:mapped:541,4.642999999999995,0.7515
251637::031.swc,936,549,6,L6:mapped:542,251.96299999999786,2.4031
251637::031.swc,936,549,6,L6:mapped:548,13.013999999999994,1.1466
251637::031.swc,936,549,6,L6:mapped:549,323.912999999996,2.5118
251637::031.swc,936,549,6,L6:mapped:1504,63.73699999999999,1.8112
251637::031.swc,936,549,6,L6:mapped:1556,175.9180000000004,2.2478
251637::031.swc,936,549,6,L6:mapped:1557,13.770999999999994,1.1694
251637::031.swc,936,549,6,L6:mapped:1567,35.823,1.5661
251637::032.swc,936,549,1,L1:mapped:501,198.82499999999894,2.3006
251637::032.swc,936,549,1,L1:mapped:590,5.7279999999999935,0.8279
251637::032.swc,936,549,2,L2:mapped:516,158.506000000001,2.2028
251637::032.swc,936,549,2,L2:mapped:577,40.318999999999974,1.6161
251637::032.swc,936,549,2,L2:mapped:591,5.7279999999999935,0.8279
251637::032.swc,936,549,3,L3:mapped:537,158.506000000001,2.2028
251637::032.swc,936,549,3,L3:mapped:578,40.318999999999974,1.6161
251637::032.swc,936,549,3,L3:mapped:595,5.7279999999999935,0.8279
251637::032.swc,936,549,4,L4:mapped:538,2.1689999999999996,0.5009
251637::032.swc,936,549,4,L4:mapped:547,156.3370000000012,2.1968
251637::032.swc,936,549,4,L4:mapped:580,40.318999999999974,1.6161
251637::032.swc,936,549,4,L4:mapped:595,5.7279999999999935,0.8279
251637::032.swc,936,549,5,L5:mapped:540,2.1689999999999996,0.5009
251637::032.swc,936,549,5,L5:mapped:549,156.3370000000012,2.1968
251637::032.swc,936,549,5,L5:mapped:584,40.318999999999974,1.6161
251637::032.swc,936,549,5,L5:mapped:595,5.7279999999999935,0.8279
251637::032.swc,936,549,6,L6:mapped:542,2.1689999999999996,0.5009
251637::032.swc,936,549,6,L6:mapped:549,156.3370000000012,2.1968
251637::032.swc,936,549,6,L6:mapped:586,40.318999999999974,1.6161
251637::032.swc,936,549,6,L6:mapped:595,5.7279999999999935,0.8279
251637::033.swc,936,549,1,L1:mapped:501,284.2999999999983,2.4553
251637::033.swc,936,549,1,L1:mapped:1501,606.2459999999866,2.7834
251637::033.swc,936,549,1,L1:mapped:1582,75.76000000000006,1.8851
251637::033.swc,936,549,1,L1:mapped:1669,181.217,2.2606
251637::033.swc,936,549,1,L1:mapped:1711,50.18000000000005,1.7091
251637::033.swc,936,549,2,L2:mapped:516,281.8679999999982,2.4516
251637::033.swc,936,549,2,L2:mapped:550,2.431999999999999,0.5355
251637::033.swc,936,549,2,L2:mapped:1502,40.35499999999999,1.6165
251637::033.swc,936,549,2,L2:mapped:1524,201.69799999999933,2.3068
251637::033.swc,936,549,2,L2:mapped:1550,284.114999999998,2.455
251637::033.swc,936,549,2,L2:mapped:1569,80.07800000000033,1.9089
251637::033.swc,936,549,2,L2:mapped:1583,75.76000000000006,1.8851
251637::033.swc,936,549,2,L2:mapped:1670,181.217,2.2606
251637::033.swc,936,549,2,L2:mapped:1712,50.18000000000005,1.7091
251637::033.swc,936,549,3,L3:mapped:525,69.85400000000007,1.8504
251637::033.swc,936,549,3,L3:mapped:537,212.01400000000004,2.3284
251637::033.swc,936,549,3,L3:mapped:564,2.431999999999999,0.5355
251637::033.swc,936,549,3,L3:mapped:1505,18.962999999999973,1.3002
251637::033.swc,936,549,3,L3:mapped:1540,199.3529999999994,2.3018
251637::033.swc,936,549,3,L3:mapped:1551,189.631000000001,2.2802
251637::033.swc,936,549,3,L3:mapped:1562,94.48400000000083,1.9799
251637::033.swc,936,549,3,L3:mapped:1569,80.07800000000033,1.9089
251637::033.swc,936,549,3,L3:mapped:1584,75.76000000000006,1.8851
251637::033.swc,936,549,3,L3:mapped:1700,171.8370000000005,2.2376
251637::033.swc,936,549,3,L3:mapped:1713,22.298999999999946,1.3673
251637::033.swc,936,549,3,L3:mapped:1726,2.6950000000000007,0.5676
251637::033.swc,936,549,3,L3:mapped:1731,25.185999999999982,1.4181
251637::033.swc,936,549,4,L4:mapped:534,69.85400000000007,1.8504
251637::033.swc,936,549,4,L4:mapped:547,207.0670000000003,2.3182
251637::033.swc,936,549,4,L4:mapped:565,2.431999999999999,0.5355
251637::033.swc,936,549,4,L4:mapped:1506,18.962999999999973,1.3002
251637::033.swc,936,549,4,L4:mapped:1541,143.3650000000015,2.1595
251637::033.swc,936,549,4,L4:mapped:1543,36.83299999999991,1.5779
251637::033.swc,936,549,4,L4:mapped:1546,19.154999999999998,1.3044
251637::033.swc,936,549,4,L4:mapped:1552,189.631000000001,2.2802
251637::033.swc,936,549,4,L4:mapped:1562,94.48400000000083,1.9799
251637::033.swc,936,549,4,L4:mapped:1570,80.07800000000033,1.9089
251637::033.swc,936,549,4,L4:mapped:1591,75.76000000000006,1.8851
251637::033.swc,936,549,4,L4:mapped:1704,171.8370000000005,2.2376
251637::033.swc,936,549,4,L4:mapped:1714,21.90299999999995,1.3599
251637::033.swc,936,549,4,L4:mapped:1727,2.6950000000000007,0.5676
251637::033.swc,936,549,4,L4:mapped:1732,25.185999999999982,1.4181
251637::033.swc,936,549,5,L5:mapped:534,69.85400000000007,1.8504
251637::033.swc,936,549,5,L5:mapped:549,207.0670000000003,2.3182
251637::033.swc,936,549,5,L5:mapped:569,2.431999999999999,0.5355
251637::033.swc,936,549,5,L5:mapped:1508,18.962999999999973,1.3002
251637::033.swc,936,549,5,L5:mapped:1542,143.3650000000015,2.1595
251637::033.swc,936,549,5,L5:mapped:1544,19.366000000000003,1.3089
251637::033.swc,936,549,5,L5:mapped:1545,17.46699999999999,1.2664
251637::033.swc,936,549,5,L5:mapped:1548,9.643999999999995,1.0271
251637::033.swc,936,549,5,L5:mapped:1549,3.503999999999999,0.6536
251637::033.swc,936,549,5,L5:mapped:1556,101.02000000000088,2.0087
251637::033.swc,936,549,5,L5:mapped:1557,88.61100000000057,1.9524
251637::033.swc,936,549,5,L5:mapped:1563,52.20000000000005,1.7259
251637::033.swc,936,549,5,L5:mapped:1568,0.8160000000000003,0.2591
251637::033.swc,936,549,5,L5:mapped:1570,80.07800000000033,1.9089
251637::033.swc,936,549,5,L5:mapped:1595,68.31900000000007,1.8409
251637::033.swc,936,549,5,L5:mapped:1705,1.137,0.3298
251637::033.swc,936,549,5,L5:mapped:1706,144.71100000000123,2.1635
251637::033.swc,936,549,5,L5:mapped:1707,11.953999999999985,1.1124
251637::033.swc,936,549,5,L5:mapped:1710,14.034999999999979,1.1771
251637::033.swc,936,549,5,L5:mapped:1714,21.90299999999995,1.3599
251637::033.swc,936,549,5,L5:mapped:1728,2.6950000000000007,0.5676
251637::033.swc,936,549,5,L5:mapped:1733,2.399,0.5314
251637::033.swc,936,549,5,L5:mapped:1736,22.786999999999978,1.3763
251637::033.swc,936,549,6,L6:mapped:536,69.85400000000007,1.8504
251637::033.swc,936,549,6,L6:mapped:549,207.0670000000003,2.3182
251637::033.swc,936,549,6,L6:mapped:570,2.431999999999999,0.5355
251637::033.swc,936,549,6,L6:mapped:1508,18.962999999999973,1.3002
251637::033.swc,936,549,6,L6:mapped:1542,143.3650000000015,2.1595
251637::033.swc,936,549,6,L6:mapped:1544,19.366000000000003,1.3089
251637::033.swc,936,549,6,L6:mapped:1545,17.46699999999999,1.2664
251637::033.swc,936,549,6,L6:mapped:1548,9.643999999999995,1.0271
251637::033.swc,936,549,6,L6:mapped:1549,3.503999999999999,0.6536
251637::033.swc,936,549,6,L6:mapped:1556,101.02000000000088,2.0087
251637::033.swc,936,549,6,L6:mapped:1557,88.61100000000057,1.9524
251637::033.swc,936,549,6,L6:mapped:1564,19.75699999999998,1.3172
251637::033.swc,936,549,6,L6:mapped:1565,32.442999999999984,1.5243
251637::033.swc,936,549,6,L6:mapped:1568,0.8160000000000003,0.2591
251637::033.swc,936,549,6,L6:mapped:1571,47.315999999999875,1.6841
251637::033.swc,936,549,6,L6:mapped:1572,32.761999999999986,1.5284
251637::033.swc,936,549,6,L6:mapped:1598,63.62499999999998,1.8104
251637::033.swc,936,549,6,L6:mapped:1705,1.137,0.3298
251637::033.swc,936,549,6,L6:mapped:1706,144.71100000000123,2.1635
251637::033.swc,936,549,6,L6:mapped:1707,11.953999999999985,1.1124
251637::033.swc,936,549,6,L6:mapped:1710,14.034999999999979,1.1771
251637::033.swc,936,549,6,L6:mapped:1716,19.90099999999996,1.3202
251637::033.swc,936,549,6,L6:mapped:1728,2.6950000000000007,0.5676
251637::033.swc,936,549,6,L6:mapped:1733,2.399,0.5314
251637::033.swc,936,549,6,L6:mapped:1736,22.786999999999978,1.3763
251637::034.swc,936,549,1,L1:mapped:501,233.3199999999983,2.3698
251637::034.swc,936,549,1,L1:mapped:638,4.743999999999995,0.7592
251637::034.swc,936,549,1,L1:mapped:1286,22.80799999999999,1.3767
251637::034.swc,936,549,1,L1:mapped:1501,234.46199999999862,2.3719
251637::034.swc,936,549,1,L1:mapped:1711,71.9450000000002,1.863
251637::034.swc,936,549,1,L1:mapped:1786,58.44199999999993,1.7741
251637::034.swc,936,549,2,L2:mapped:516,233.3199999999983,2.3698
251637::034.swc,936,549,2,L2:mapped:724,4.743999999999995,0.7592
251637::034.swc,936,549,2,L2:mapped:1287,22.80799999999999,1.3767
251637::034.swc,936,549,2,L2:mapped:1550,173.79100000000025,2.2425
251637::034.swc,936,549,2,L2:mapped:1569,44.747,1.6604
251637::034.swc,936,549,2,L2:mapped:1712,71.9450000000002,1.863
251637::034.swc,936,549,2,L2:mapped:1787,58.44199999999993,1.7741
251637::034.swc,936,549,3,L3:mapped:537,233.3199999999983,2.3698
251637::034.swc,936,549,3,L3:mapped:724,4.743999999999995,0.7592
251637::034.swc,936,549,3,L3:mapped:1306,22.80799999999999,1.3767
251637::034.swc,936,549,3,L3:mapped:1551,137.8040000000016,2.1424
251637::034.swc,936,549,3,L3:mapped:1562,35.986999999999995,1.568
251637::034.swc,936,549,3,L3:mapped:1569,44.747,1.6604
251637::034.swc,936,549,3,L3:mapped:1731,71.9450000000002,1.863
251637::034.swc,936,549,3,L3:mapped:1818,56.09099999999994,1.7566
251637::034.swc,936,549,4,L4:mapped:538,117.89900000000168,2.0752
251637::034.swc,936,549,4,L4:mapped:547,115.42100000000161,2.066
251637::034.swc,936,549,4,L4:mapped:725,4.743999999999995,0.7592
251637::034.swc,936,549,4,L4:mapped:1310,20.18399999999997,1.326
251637::034.swc,936,549,4,L4:mapped:1552,137.8040000000016,2.1424
251637::034.swc,936,549,4,L4:mapped:1562,35.986999999999995,1.568
251637::034.swc,936,549,4,L4:mapped:1573,44.747,1.6604
251637::034.swc,936,549,4,L4:mapped:1742,71.88600000000021,1.8626
251637::034.swc,936,549,4,L4:mapped:1819,11.786999999999999,1.1068
251637::034.swc,936,549,5,L5:mapped:540,117.89900000000168,2.0752
251637::034.swc,936,549,5,L5:mapped:549,115.42100000000161,2.066
251637::034.swc,936,549,5,L5:mapped:727,4.743999999999995,0.7592
251637::034.swc,936,549,5,L5:mapped:1313,20.18399999999997,1.326
251637::034.swc,936,549,5,L5:mapped:1553,81.4500000000002,1.9162
251637::034.swc,936,549,5,L5:mapped:1558,30.115999999999993,1.493
251637::034.swc,936,549,5,L5:mapped:1567,4.1439999999999975,0.7113
251637::034.swc,936,549,5,L5:mapped:1573,44.747,1.6604
251637::034.swc,936,549,5,L5:mapped:1743,64.411,1.8157
251637::034.swc,936,549,5,L5:mapped:1744,7.475,0.9281
251637::034.swc,936,549,5,L5:mapped:1820,11.786999999999999,1.1068
251637::034.swc,936,549,6,L6:mapped:542,114.3790000000015,2.0621
251637::034.swc,936,549,6,L6:mapped:549,115.42100000000161,2.066
251637::034.swc,936,549,6,L6:mapped:728,4.743999999999995,0.7592
251637::034.swc,936,549,6,L6:mapped:1313,20.18399999999997,1.326
251637::034.swc,936,549,6,L6:mapped:1554,81.4500000000002,1.9162
251637::034.swc,936,549,6,L6:mapped:1558,30.115999999999993,1.493
251637::034.swc,936,549,6,L6:mapped:1567,4.1439999999999975,0.7113
251637::034.swc,936,549,6,L6:mapped:1573,44.747,1.6604
251637::034.swc,936,549,6,L6:mapped:1743,64.411,1.8157
251637::034.swc,936,549,6,L6:mapped:1747,7.475,0.9281
251637::034.swc,936,549,6,L6:mapped:1820,11.786999999999999,1.1068
251637::035.swc,936,549,1,L1:mapped:501,46.94300000000006,1.6807
251637::035.swc,936,549,2,L2:mapped:516,46.94300000000006,1.6807
251637::035.swc,936,549,3,L3:mapped:537,46.94300000000006,1.6807
251637::035.swc,936,549,4,L4:mapped:538,0.8300000000000002,0.2625
251637::035.swc,936,549,4,L4:mapped:547,46.11300000000006,1.6731
251637::035.swc,936,549,5,L5:mapped:540,0.8300000000000002,0.2625
251637::035.swc,936,549,5,L5:mapped:549,46.11300000000006,1.6731
251637::035.swc,936,549,6,L6:mapped:542,0.8300000000000002,0.2625
251637::035.swc,936,549,6,L6:mapped:549,46.11300000000006,1.6731
251637::036.swc,936,549,1,L1:mapped:501,306.4569999999982,2.4878
251637::036.swc,936,549,2,L2:mapped:516,286.712999999998,2.459
251637::036.swc,936,549,2,L2:mapped:577,19.743999999999964,1.3169
251637::036.swc,936,549,3,L3:mapped:537,286.712999999998,2.459
251637::036.swc,936,549,3,L3:mapped:578,19.743999999999964,1.3169
251637::036.swc,936,549,4,L4:mapped:538,26.85599999999992,1.4449
251637::036.swc,936,549,4,L4:mapped:547,259.8569999999979,2.4164
251637::036.swc,936,549,4,L4:mapped:580,19.743999999999964,1.3169
251637::036.swc,936,549,5,L5:mapped:540,26.85599999999992,1.4449
251637::036.swc,936,549,5,L5:mapped:549,259.8569999999979,2.4164
251637::036.swc,936,549,5,L5:mapped:584,19.743999999999964,1.3169
251637::036.swc,936,549,6,L6:mapped:542,26.85599999999992,1.4449
251637::036.swc,936,549,6,L6:mapped:549,259.8569999999979,2.4164
251637::036.swc,936,549,6,L6:mapped:586,19.743999999999964,1.3169
251637::037.swc,936,549,1,L1:mapped:501,61.92399999999991,1.7988
251637::037.swc,936,549,1,L1:mapped:638,184.1409999999998,2.2675
251637::037.swc,936,549,2,L2:mapped:516,53.66299999999994,1.7377
251637::037.swc,936,549,2,L2:mapped:577,8.261000000000001,0.9667
251637::037.swc,936,549,2,L2:mapped:724,184.1409999999998,2.2675
251637::037.swc,936,549,3,L3:mapped:537,53.66299999999994,1.7377
251637::037.swc,936,549,3,L3:mapped:578,8.261000000000001,0.9667
251637::037.swc,936,549,3,L3:mapped:724,184.1409999999998,2.2675
251637::037.swc,936,549,4,L4:mapped:538,20.621999999999986,1.3349
251637::037.swc,936,549,4,L4:mapped:547,33.040999999999954,1.532
251637::037.swc,936,549,4,L4:mapped:580,8.261000000000001,0.9667
251637::037.swc,936,549,4,L4:mapped:725,184.1409999999998,2.2675
251637::037.swc,936,549,5,L5:mapped:540,20.621999999999986,1.3349
251637::037.swc,936,549,5,L5:mapped:549,33.040999999999954,1.532
251637::037.swc,936,549,5,L5:mapped:584,8.261000000000001,0.9667
251637::037.swc,936,549,5,L5:mapped:727,184.1409999999998,2.2675
251637::037.swc,936,549,6,L6:mapped:542,12.751999999999992,1.1384
251637::037.swc,936,549,6,L6:mapped:549,33.040999999999954,1.532
251637::037.swc,936,549,6,L6:mapped:585,8.261000000000001,0.9667
251637::037.swc,936,549,6,L6:mapped:728,184.1409999999998,2.2675
251637::038.swc,936,549,1,L1:mapped:501,576.0509999999892,2.7612
251637::038.swc,936,549,2,L2:mapped:516,576.0509999999892,2.7612
251637::038.swc,936,549,3,L3:mapped:525,468.42199999999286,2.6716
251637::038.swc,936,549,3,L3:mapped:537,107.6290000000016,2.0359
251637::038.swc,936,549,4,L4:mapped:526,191.08699999999993,2.2835
251637::038.swc,936,549,4,L4:mapped:534,277.3349999999965,2.4446
251637::038.swc,936,549,4,L4:mapped:538,26.609999999999925,1.4411
251637::038.swc,936,549,4,L4:mapped:547,81.0190000000005,1.9139
251637::038.swc,936,549,5,L5:mapped:527,90.09200000000085,1.9595
251637::038.swc,936,549,5,L5:mapped:530,100.99500000000106,2.0086
251637::038.swc,936,549,5,L5:mapped:534,277.3349999999965,2.4446
251637::038.swc,936,549,5,L5:mapped:540,26.609999999999925,1.4411
251637::038.swc,936,549,5,L5:mapped:549,81.0190000000005,1.9139
251637::038.swc,936,549,6,L6:mapped:529,90.09200000000085,1.9595
251637::038.swc,936,549,6,L6:mapped:532,19.202999999999978,1.3054
251637::038.swc,936,549,6,L6:mapped:533,81.79200000000027,1.918
251637::038.swc,936,549,6,L6:mapped:535,272.6249999999967,2.4372
251637::038.swc,936,549,6,L6:mapped:542,15.488000000000001,1.2172
251637::038.swc,936,549,6,L6:mapped:549,81.0190000000005,1.9139
251637::039.swc,936,542,1,L1:mapped:501,262.447999999998,2.4207
251637::039.swc,936,542,1,L1:mapped:638,144.05000000000166,2.1615
251637::039.swc,936,542,2,L2:mapped:516,182.5830000000004,2.2638
251637::039.swc,936,542,2,L2:mapped:577,79.8650000000005,1.9078
251637::039.swc,936,542,2,L2:mapped:724,144.05000000000166,2.1615
251637::039.swc,936,542,3,L3:mapped:537,182.5830000000004,2.2638
251637::039.swc,936,542,3,L3:mapped:578,79.8650000000005,1.9078
251637::039.swc,936,542,3,L3:mapped:724,144.05000000000166,2.1615
251637::039.swc,936,542,4,L4:mapped:538,71.4380000000005,1.86
251637::039.swc,936,542,4,L4:mapped:547,111.14500000000139,2.0498
251637::039.swc,936,542,4,L4:mapped:580,79.8650000000005,1.9078
251637::039.swc,936,542,4,L4:mapped:725,144.05000000000166,2.1615
251637::039.swc,936,542,5,L5:mapped:540,71.4380000000005,1.86
251637::039.swc,936,542,5,L5:mapped:549,111.14500000000139,2.0498
251637::039.swc,936,542,5,L5:mapped:584,79.8650000000005,1.9078
251637::039.swc,936,542,5,L5:mapped:726,4.500999999999999,0.7404
251637::039.swc,936,542,5,L5:mapped:727,139.5490000000018,2.1478
251637::039.swc,936,542,6,L6:mapped:542,61.19400000000018,1.7937
251637::039.swc,936,542,6,L6:mapped:543,10.161999999999992,1.0477
251637::039.swc,936,542,6,L6:mapped:549,111.14500000000139,2.0498
251637::039.swc,936,542,6,L6:mapped:586,79.8650000000005,1.9078
251637::039.swc,936,542,6,L6:mapped:726,4.500999999999999,0.7404
251637::039.swc,936,542,6,L6:mapped:728,139.5490000000018,2.1478
251637::040.swc,936,549,1,L1:mapped:501,511.3999999999907,2.7096
251637::040.swc,936,549,1,L1:mapped:1501,13.119999999999992,1.1498
251637::040.swc,936,549,2,L2:mapped:516,455.48399999999157,2.6594
251637::040.swc,936,549,2,L2:mapped:550,34.414999999999964,1.5492
251637::040.swc,936,549,2,L2:mapped:577,21.500999999999983,1.3522
251637::040.swc,936,549,2,L2:mapped:1502,13.119999999999992,1.1498
251637::040.swc,936,549,3,L3:mapped:525,49.054,1.6994
251637::040.swc,936,549,3,L3:mapped:537,406.4299999999929,2.6101
251637::040.swc,936,549,3,L3:mapped:564,34.414999999999964,1.5492
251637::040.swc,936,549,3,L3:mapped:578,21.500999999999983,1.3522
251637::040.swc,936,549,3,L3:mapped:1503,13.119999999999992,1.1498
251637::040.swc,936,549,4,L4:mapped:534,49.054,1.6994
251637::040.swc,936,549,4,L4:mapped:538,156.81800000000078,2.1982
251637::040.swc,936,549,4,L4:mapped:547,249.6119999999988,2.399
251637::040.swc,936,549,4,L4:mapped:565,34.414999999999964,1.5492
251637::040.swc,936,549,4,L4:mapped:580,21.500999999999983,1.3522
251637::040.swc,936,549,4,L4:mapped:1504,13.119999999999992,1.1498
251637::040.swc,936,549,5,L5:mapped:534,49.054,1.6994
251637::040.swc,936,549,5,L5:mapped:540,156.81800000000078,2.1982
251637::040.swc,936,549,5,L5:mapped:549,249.6119999999988,2.399
251637::040.swc,936,549,5,L5:mapped:569,34.414999999999964,1.5492
251637::040.swc,936,549,5,L5:mapped:584,21.500999999999983,1.3522
251637::040.swc,936,549,5,L5:mapped:1504,13.119999999999992,1.1498
251637::040.swc,936,549,6,L6:mapped:536,49.054,1.6994
251637::040.swc,936,549,6,L6:mapped:541,122.65800000000185,2.0922
251637::040.swc,936,549,6,L6:mapped:542,34.15999999999998,1.546
251637::040.swc,936,549,6,L6:mapped:549,249.6119999999988,2.399
251637::040.swc,936,549,6,L6:mapped:570,34.414999999999964,1.5492
251637::040.swc,936,549,6,L6:mapped:586,21.500999999999983,1.3522
251637::040.swc,936,549,6,L6:mapped:1504,13.119999999999992,1.1498
251637::041.swc,936,549,1,L1:mapped:501,109.96600000000144,2.0452
251637::041.swc,936,549,2,L2:mapped:516,109.96600000000144,2.0452
251637::041.swc,936,549,3,L3:mapped:537,109.96600000000144,2.0452
251637::041.swc,936,549,4,L4:mapped:538,85.63700000000065,1.9377
251637::041.swc,936,549,4,L4:mapped:547,24.32899999999995,1.4036
251637::041.swc,936,549,5,L5:mapped:540,85.63700000000065,1.9377
251637::041.swc,936,549,5,L5:mapped:549,24.32899999999995,1.4036
251637::041.swc,936,549,6,L6:mapped:541,83.38600000000052,1.9263
251637::041.swc,936,549,6,L6:mapped:542,2.2509999999999994,0.512
251637::041.swc,936,549,6,L6:mapped:549,24.32899999999995,1.4036
251637::042.swc,936,541,1,L1:mapped:501,165.7440000000009,2.2221
251637::042.swc,936,541,2,L2:mapped:516,160.6030000000013,2.2084
251637::042.swc,936,541,2,L2:mapped:577,5.140999999999999,0.7882
251637::042.swc,936,541,3,L3:mapped:537,160.6030000000013,2.2084
251637::042.swc,936,541,3,L3:mapped:578,5.140999999999999,0.7882
251637::042.swc,936,541,4,L4:mapped:538,118.43700000000163,2.0771
251637::042.swc,936,541,4,L4:mapped:547,42.16599999999993,1.6351
251637::042.swc,936,541,4,L4:mapped:580,5.140999999999999,0.7882
251637::042.swc,936,541,5,L5:mapped:540,118.43700000000163,2.0771
251637::042.swc,936,541,5,L5:mapped:549,42.16599999999993,1.6351
251637::042.swc,936,541,5,L5:mapped:584,5.140999999999999,0.7882
251637::042.swc,936,541,6,L6:mapped:541,113.30400000000137,2.0581
251637::042.swc,936,541,6,L6:mapped:549,42.16599999999993,1.6351
251637::042.swc,936,541,6,L6:mapped:585,5.140999999999999,0.7882
251637::043.swc,936,549,1,L1:mapped:1,11.524999999999995,1.0978
251637::043.swc,936,549,1,L1:mapped:138,23.697999999999972,1.3927
251637::043.swc,936,549,1,L1:mapped:501,151.39000000000146,2.183
251637::043.swc,936,549,1,L1:mapped:590,26.482999999999905,1.4391
251637::043.swc,936,549,2,L2:mapped:16,11.524999999999995,1.0978
251637::043.swc,936,549,2,L2:mapped:224,23.697999999999972,1.3927
251637::043.swc,936,549,2,L2:mapped:516,96.84700000000102,1.9905
251637::043.swc,936,549,2,L2:mapped:577,54.54299999999996,1.7446
251637::043.swc,936,549,2,L2:mapped:591,26.482999999999905,1.4391
251637::043.swc,936,549,3,L3:mapped:37,11.524999999999995,1.0978
251637::043.swc,936,549,3,L3:mapped:224,23.697999999999972,1.3927
251637::043.swc,936,549,3,L3:mapped:537,96.84700000000102,1.9905
251637::043.swc,936,549,3,L3:mapped:578,54.54299999999996,1.7446
251637::043.swc,936,549,3,L3:mapped:595,26.482999999999905,1.4391
251637::043.swc,936,549,4,L4:mapped:47,11.524999999999995,1.0978
251637::043.swc,936,549,4,L4:mapped:225,23.697999999999972,1.3927
251637::043.swc,936,549,4,L4:mapped:547,91.85000000000079,1.9678
251637::043.swc,936,549,4,L4:mapped:580,54.54299999999996,1.7446
251637::043.swc,936,549,4,L4:mapped:595,26.482999999999905,1.4391
251637::043.swc,936,549,5,L5:mapped:48,11.524999999999995,1.0978
251637::043.swc,936,549,5,L5:mapped:227,23.697999999999972,1.3927
251637::043.swc,936,549,5,L5:mapped:549,91.85000000000079,1.9678
251637::043.swc,936,549,5,L5:mapped:584,54.54299999999996,1.7446
251637::043.swc,936,549,5,L5:mapped:595,26.482999999999905,1.4391
251637::043.swc,936,549,6,L6:mapped:48,11.524999999999995,1.0978
251637::043.swc,936,549,6,L6:mapped:228,23.697999999999972,1.3927
251637::043.swc,936,549,6,L6:mapped:549,91.85000000000079,1.9678
251637::043.swc,936,549,6,L6:mapped:586,54.54299999999996,1.7446
251637::043.swc,936,549,6,L6:mapped:595,26.482999999999905,1.4391
251637::044.swc,936,542,1,L1:mapped:501,17.06099999999997,1.2567
251637::044.swc,936,542,2,L2:mapped:516,17.06099999999997,1.2567
251637::044.swc,936,542,3,L3:mapped:537,17.06099999999997,1.2567
251637::044.swc,936,542,4,L4:mapped:538,16.309999999999977,1.2383
251637::044.swc,936,542,4,L4:mapped:547,0.7510000000000003,0.2433
251637::044.swc,936,542,5,L5:mapped:540,16.309999999999977,1.2383
251637::044.swc,936,542,5,L5:mapped:549,0.7510000000000003,0.2433
251637::044.swc,936,542,6,L6:mapped:542,16.309999999999977,1.2383
251637::044.swc,936,542,6,L6:mapped:549,0.7510000000000003,0.2433
251637::045.swc,936,542,1,L1:mapped:501,78.74500000000054,1.9017
251637::045.swc,936,542,1,L1:mapped:1501,125.9760000000013,2.1037
251637::045.swc,936,542,2,L2:mapped:516,78.74500000000054,1.9017
251637::045.swc,936,542,2,L2:mapped:1550,101.08500000000093,2.009
251637::045.swc,936,542,2,L2:mapped:1577,0.853,0.2679
251637::045.swc,936,542,3,L3:mapped:537,78.74500000000054,1.9017
251637::045.swc,936,542,3,L3:mapped:1551,53.96600000000017,1.7401
251637::045.swc,936,542,3,L3:mapped:1562,47.119000000000035,1.6823
251637::045.swc,936,542,3,L3:mapped:1577,0.853,0.2679
251637::045.swc,936,542,4,L4:mapped:538,78.74500000000054,1.9017
251637::045.swc,936,542,4,L4:mapped:1559,10.027999999999983,1.0425
251637::045.swc,936,542,4,L4:mapped:1562,47.119000000000035,1.6823
251637::045.swc,936,542,4,L4:mapped:1578,0.853,0.2679
251637::045.swc,936,542,5,L5:mapped:540,78.74500000000054,1.9017
251637::045.swc,936,542,5,L5:mapped:1560,10.027999999999983,1.0425
251637::045.swc,936,542,5,L5:mapped:1567,9.962999999999994,1.0399
251637::045.swc,936,542,5,L5:mapped:1578,0.853,0.2679
251637::045.swc,936,542,6,L6:mapped:542,75.35500000000046,1.8828
251637::045.swc,936,542,6,L6:mapped:1560,10.027999999999983,1.0425
251637::045.swc,936,542,6,L6:mapped:1567,9.962999999999994,1.0399
251637::045.swc,936,542,6,L6:mapped:1578,0.853,0.2679
251637::046.swc,936,542,1,L1:mapped:501,91.50200000000092,1.9662
251637::046.swc,936,542,1,L1:mapped:1501,68.74800000000029,1.8435
251637::046.swc,936,542,2,L2:mapped:516,91.50200000000092,1.9662
251637::046.swc,936,542,2,L2:mapped:1502,9.264000000000003,1.0113
251637::046.swc,936,542,2,L2:mapped:1550,59.483999999999966,1.7816
251637::046.swc,936,542,3,L3:mapped:537,91.50200000000092,1.9662
251637::046.swc,936,542,3,L3:mapped:1503,9.264000000000003,1.0113
251637::046.swc,936,542,3,L3:mapped:1551,59.483999999999966,1.7816
251637::046.swc,936,542,4,L4:mapped:538,91.50200000000092,1.9662
251637::046.swc,936,542,4,L4:mapped:1504,9.264000000000003,1.0113
251637::046.swc,936,542,4,L4:mapped:1552,59.483999999999966,1.7816
251637::046.swc,936,542,5,L5:mapped:540,91.50200000000092,1.9662
251637::046.swc,936,542,5,L5:mapped:1504,9.264000000000003,1.0113
251637::046.swc,936,542,5,L5:mapped:1556,59.483999999999966,1.7816
251637::046.swc,936,542,6,L6:mapped:542,91.50200000000092,1.9662
251637::046.swc,936,542,6,L6:mapped:1504,9.264000000000003,1.0113
251637::046.swc,936,542,6,L6:mapped:1556,59.483999999999966,1.7816
251637::047.swc,936,542,1,L1:mapped:501,23.504999999999914,1.3893
251637::047.swc,936,542,2,L2:mapped:516,23.504999999999914,1.3893
251637::047.swc,936,542,3,L3:mapped:537,23.504999999999914,1.3893
251637::047.swc,936,542,4,L4:mapped:538,23.504999999999914,1.3893
251637::047.swc,936,542,5,L5:mapped:540,23.504999999999914,1.3893
251637::047.swc,936,542,6,L6:mapped:542,23.504999999999914,1.3893
251637::048.swc,936,542,1,L1:mapped:501,115.2940000000022,2.0656
251637::048.swc,936,542,1,L1:mapped:638,174.00000000000014,2.243
251637::048.swc,936,542,2,L2:mapped:516,115.2940000000022,2.0656
251637::048.swc,936,542,2,L2:mapped:724,174.00000000000014,2.243
251637::048.swc,936,542,3,L3:mapped:537,115.2940000000022,2.0656
251637::048.swc,936,542,3,L3:mapped:724,174.00000000000014,2.243
251637::048.swc,936,542,4,L4:mapped:538,115.2940000000022,2.0656
251637::048.swc,936,542,4,L4:mapped:725,174.00000000000014,2.243
251637::048.swc,936,542,5,L5:mapped:540,115.2940000000022,2.0656
251637::048.swc,936,542,5,L5:mapped:727,174.00000000000014,2.243
251637::048.swc,936,542,6,L6:mapped:541,0.23699999999999996,0.0924
251637::048.swc,936,542,6,L6:mapped:542,115.05700000000219,2.0647
251637::048.swc,936,542,6,L6:mapped:728,174.00000000000014,2.243
251637::049.swc,936,542,1,L1:mapped:501,83.59400000000062,1.9273
251637::049.swc,936,542,1,L1:mapped:1501,7.050000000000004,0.9058
251637::049.swc,936,542,2,L2:mapped:516,83.59400000000062,1.9273
251637::049.swc,936,542,2,L2:mapped:1502,7.050000000000004,0.9058
251637::049.swc,936,542,3,L3:mapped:537,83.59400000000062,1.9273
251637::049.swc,936,542,3,L3:mapped:1503,7.050000000000004,0.9058
251637::049.swc,936,542,4,L4:mapped:538,82.3930000000006,1.9211
251637::049.swc,936,542,4,L4:mapped:1504,7.050000000000004,0.9058
251637::049.swc,936,542,5,L5:mapped:540,82.3930000000006,1.9211
251637::049.swc,936,542,5,L5:mapped:1504,7.050000000000004,0.9058
251637::049.swc,936,542,6,L6:mapped:541,5.416999999999995,0.8073
251637::049.swc,936,542,6,L6:mapped:542,76.97600000000045,1.892
251637::049.swc,936,542,6,L6:mapped:1504,7.050000000000004,0.9058
251637::050.swc,936,542,1,L1:mapped:501,34.966999999999985,1.5559
251637::050.swc,936,542,2,L2:mapped:516,34.966999999999985,1.5559
251637::050.swc,936,542,3,L3:mapped:537,34.966999999999985,1.5559
251637::050.swc,936,542,4,L4:mapped:538,34.966999999999985,1.5559
251637::050.swc,936,542,5,L5:mapped:540,34.966999999999985,1.5559
251637::050.swc,936,542,6,L6:mapped:541,5.433999999999998,0.8085
251637::050.swc,936,542,6,L6:mapped:542,29.532999999999976,1.4848
251637::051.swc,936,542,1,L1:mapped:501,496.56299999998754,2.6968
251637::051.swc,936,542,1,L1:mapped:1501,18.041999999999984,1.2797
251637::051.swc,936,542,2,L2:mapped:516,299.8909999999945,2.4784
251637::051.swc,936,542,2,L2:mapped:577,196.6719999999992,2.2959
251637::051.swc,936,542,2,L2:mapped:1502,18.041999999999984,1.2797
251637::051.swc,936,542,3,L3:mapped:525,54.30700000000004,1.7428
251637::051.swc,936,542,3,L3:mapped:537,245.5839999999985,2.392
251637::051.swc,936,542,3,L3:mapped:578,196.6719999999992,2.2959
251637::051.swc,936,542,3,L3:mapped:1503,18.041999999999984,1.2797
251637::051.swc,936,542,4,L4:mapped:534,54.30700000000004,1.7428
251637::051.swc,936,542,4,L4:mapped:538,141.20300000000202,2.1529
251637::051.swc,936,542,4,L4:mapped:547,104.38100000000128,2.0228
251637::051.swc,936,542,4,L4:mapped:580,196.6719999999992,2.2959
251637::051.swc,936,542,4,L4:mapped:1504,18.041999999999984,1.2797
251637::051.swc,936,542,5,L5:mapped:534,54.30700000000004,1.7428
251637::051.swc,936,542,5,L5:mapped:540,141.20300000000202,2.1529
251637::051.swc,936,542,5,L5:mapped:549,104.38100000000128,2.0228
251637::051.swc,936,542,5,L5:mapped:584,196.6719999999992,2.2959
251637::051.swc,936,542,5,L5:mapped:1504,18.041999999999984,1.2797
251637::051.swc,936,542,6,L6:mapped:536,54.30700000000004,1.7428
251637::051.swc,936,542,6,L6:mapped:541,75.8070000000006,1.8854
251637::051.swc,936,542,6,L6:mapped:542,65.396,1.8221
251637::051.swc,936,542,6,L6:mapped:549,104.38100000000128,2.0228
251637::051.swc,936,542,6,L6:mapped:585,3.9959999999999987,0.6986
251637::051.swc,936,542,6,L6:mapped:586,192.67599999999962,2.2871
251637::051.swc,936,542,6,L6:mapped:1504,18.041999999999984,1.2797
251637::052.swc,936,541,1,L1:mapped:501,163.3820000000009,2.2159
251637::052.swc,936,541,1,L1:mapped:590,437.4639999999959,2.6419
251637::052.swc,936,541,1,L1:mapped:1501,1228.0689999999745,3.0896
251637::052.swc,936,541,2,L2:mapped:516,163.3820000000009,2.2159
251637::052.swc,936,541,2,L2:mapped:612,437.4639999999959,2.6419
251637::052.swc,936,541,2,L2:mapped:1550,1212.206999999976,3.0839
251637::052.swc,936,541,3,L3:mapped:537,163.3820000000009,2.2159
251637::052.swc,936,541,3,L3:mapped:613,3.554999999999997,0.6585
251637::052.swc,936,541,3,L3:mapped:620,433.9089999999955,2.6384
251637::052.swc,936,541,3,L3:mapped:1551,1212.206999999976,3.0839
251637::052.swc,936,541,4,L4:mapped:538,139.52000000000132,2.1477
251637::052.swc,936,541,4,L4:key_level_conflict:545,23.86199999999999,1.3955
251637::052.swc,936,541,4,L4:mapped:613,3.554999999999997,0.6585
251637::052.swc,936,541,4,L4:mapped:620,433.9089999999955,2.6384
251637::052.swc,936,541,4,L4:mapped:1552,1212.206999999976,3.0839
251637::052.swc,936,541,5,L5:mapped:540,123.48900000000118,2.0951
251637::052.swc,936,541,5,L5:key_level_conflict:545,23.86199999999999,1.3955
251637::052.swc,936,541,5,L5:mapped:615,3.554999999999997,0.6585
251637::052.swc,936,541,5,L5:mapped:621,307.29399999999697,2.489
251637::052.swc,936,541,5,L5:mapped:624,126.61500000000153,2.1059
251637::052.swc,936,541,5,L5:mapped:1556,1176.7549999999787,3.0711
251637::052.swc,936,541,5,L5:mapped:1558,35.45199999999997,1.5617
251637::052.swc,936,541,6,L6:mapped:541,123.48900000000118,2.0951
251637::052.swc,936,541,6,L6:mapped:545,23.86199999999999,1.3955
251637::052.swc,936,541,6,L6:mapped:616,3.554999999999997,0.6585
251637::052.swc,936,541,6,L6:mapped:622,164.29300000000038,2.2183
251637::052.swc,936,541,6,L6:mapped:623,143.001000000001,2.1584
251637::052.swc,936,541,6,L6:mapped:624,126.61500000000153,2.1059
251637::052.swc,936,541,6,L6:mapped:1556,1176.7549999999787,3.0711
251637::052.swc,936,541,6,L6:mapped:1558,35.45199999999997,1.5617
251637::053.swc,936,541,1,L1:mapped:501,150.943000000001,2.1817
251637::053.swc,936,541,2,L2:mapped:516,150.943000000001,2.1817
251637::053.swc,936,541,3,L3:mapped:537,150.943000000001,2.1817
251637::053.swc,936,541,4,L4:mapped:538,79.71100000000065,1.9069
251637::053.swc,936,541,4,L4:mapped:547,71.23200000000008,1.8587
251637::053.swc,936,541,5,L5:mapped:540,79.71100000000065,1.9069
251637::053.swc,936,541,5,L5:mapped:549,71.23200000000008,1.8587
251637::053.swc,936,541,6,L6:mapped:541,69.28800000000017,1.8469
251637::053.swc,936,541,6,L6:mapped:542,10.422999999999995,1.0578
251637::053.swc,936,541,6,L6:mapped:549,71.23200000000008,1.8587
251637::054.swc,936,542,1,L1:mapped:501,83.78000000000101,1.9283
251637::054.swc,936,542,1,L1:mapped:1501,212.03099999999938,2.3284
251637::054.swc,936,542,2,L2:mapped:516,83.78000000000101,1.9283
251637::054.swc,936,542,2,L2:mapped:1502,52.33299999999993,1.727
251637::054.swc,936,542,2,L2:mapped:1550,159.69800000000046,2.206
251637::054.swc,936,542,3,L3:mapped:537,83.78000000000101,1.9283
251637::054.swc,936,542,3,L3:mapped:1503,52.33299999999993,1.727
251637::054.swc,936,542,3,L3:mapped:1551,147.97500000000102,2.1731
251637::054.swc,936,542,4,L4:mapped:538,58.82500000000018,1.7769
251637::054.swc,936,542,4,L4:mapped:547,24.95499999999992,1.4142
251637::054.swc,936,542,4,L4:mapped:1504,52.33299999999993,1.727
251637::054.swc,936,542,4,L4:mapped:1552,147.97500000000102,2.1731
251637::054.swc,936,542,5,L5:mapped:540,58.82500000000018,1.7769
251637::054.swc,936,542,5,L5:mapped:549,24.95499999999992,1.4142
251637::054.swc,936,542,5,L5:mapped:1504,52.33299999999993,1.727
251637::054.swc,936,542,5,L5:mapped:1556,147.97500000000102,2.1731
251637::054.swc,936,542,6,L6:mapped:541,24.441999999999933,1.4056
251637::054.swc,936,542,6,L6:mapped:542,34.38299999999993,1.5488
251637::054.swc,936,542,6,L6:mapped:549,24.95499999999992,1.4142
251637::054.swc,936,542,6,L6:mapped:1504,52.33299999999993,1.727
251637::054.swc,936,542,6,L6:mapped:1556,147.97500000000102,2.1731
251637::055.swc,936,542,1,L1:mapped:501,156.40500000000148,2.197
251637::055.swc,936,542,2,L2:mapped:516,156.40500000000148,2.197
251637::055.swc,936,542,3,L3:mapped:537,156.40500000000148,2.197
251637::055.swc,936,542,4,L4:mapped:538,52.49100000000001,1.7283
251637::055.swc,936,542,4,L4:mapped:547,103.91400000000128,2.0208
251637::055.swc,936,542,5,L5:mapped:540,52.49100000000001,1.7283
251637::055.swc,936,542,5,L5:mapped:549,103.91400000000128,2.0208
251637::055.swc,936,542,6,L6:mapped:541,5.607999999999999,0.8201
251637::055.swc,936,542,6,L6:mapped:542,46.88299999999999,1.6802
251637::055.swc,936,542,6,L6:mapped:549,103.91400000000128,2.0208
251637::056.swc,936,542,1,L1:mapped:501,182.64600000000036,2.264
251637::056.swc,936,542,2,L2:mapped:516,182.64600000000036,2.264
251637::056.swc,936,542,3,L3:mapped:525,75.602,1.8842
251637::056.swc,936,542,3,L3:mapped:537,107.04400000000123,2.0336
251637::056.swc,936,542,4,L4:mapped:526,75.602,1.8842
251637::056.swc,936,542,4,L4:mapped:538,99.37800000000097,2.0016
251637::056.swc,936,542,4,L4:mapped:547,7.665999999999995,0.9378
251637::056.swc,936,542,5,L5:mapped:530,75.602,1.8842
251637::056.swc,936,542,5,L5:mapped:539,5.354999999999996,0.8031
251637::056.swc,936,542,5,L5:mapped:540,94.02300000000062,1.9778
251637::056.swc,936,542,5,L5:mapped:549,7.2609999999999975,0.917
251637::056.swc,936,542,6,L6:mapped:532,31.50899999999997,1.512
251637::056.swc,936,542,6,L6:mapped:533,44.09300000000001,1.6541
251637::056.swc,936,542,6,L6:mapped:539,5.354999999999996,0.8031
251637::056.swc,936,542,6,L6:mapped:541,47.85099999999999,1.6889
251637::056.swc,936,542,6,L6:mapped:542,46.171999999999976,1.6737
251637::056.swc,936,542,6,L6:mapped:549,7.2609999999999975,0.917
251637::057.swc,936,542,1,L1:mapped:501,186.56099999999984,2.2731
251637::057.swc,936,542,1,L1:mapped:638,82.1150000000007,1.9197
251637::057.swc,936,542,1,L1:mapped:1501,85.72500000000059,1.9381
251637::057.swc,936,542,2,L2:mapped:516,186.56099999999984,2.2731
251637::057.swc,936,542,2,L2:mapped:724,82.1150000000007,1.9197
251637::057.swc,936,542,2,L2:mapped:1550,54.14199999999987,1.7415
251637::057.swc,936,542,3,L3:mapped:537,186.56099999999984,2.2731
251637::057.swc,936,542,3,L3:mapped:724,82.1150000000007,1.9197
251637::057.swc,936,542,3,L3:mapped:1551,48.19999999999993,1.692
251637::057.swc,936,542,4,L4:mapped:538,172.42300000000012,2.2391
251637::057.swc,936,542,4,L4:mapped:547,14.137999999999993,1.1801
251637::057.swc,936,542,4,L4:mapped:725,82.1150000000007,1.9197
251637::057.swc,936,542,4,L4:mapped:1552,48.19999999999993,1.692
251637::057.swc,936,542,5,L5:mapped:540,172.42300000000012,2.2391
251637::057.swc,936,542,5,L5:mapped:548,7.550999999999997,0.932
251637::057.swc,936,542,5,L5:mapped:549,6.586999999999996,0.8801
251637::057.swc,936,542,5,L5:mapped:727,82.1150000000007,1.9197
251637::057.swc,936,542,5,L5:mapped:1556,48.19999999999993,1.692
251637::057.swc,936,542,6,L6:mapped:542,111.39800000000132,2.0508
251637::057.swc,936,542,6,L6:mapped:543,56.34499999999982,1.7585
251637::057.swc,936,542,6,L6:mapped:548,7.550999999999997,0.932
251637::057.swc,936,542,6,L6:mapped:549,6.586999999999996,0.8801
251637::057.swc,936,542,6,L6:mapped:728,82.1150000000007,1.9197
251637::057.swc,936,542,6,L6:mapped:1556,48.19999999999993,1.692
251637::058.swc,936,542,1,L1:mapped:501,86.21900000000069,1.9406
251637::058.swc,936,542,1,L1:mapped:638,144.94400000000147,2.1642
251637::058.swc,936,542,2,L2:mapped:516,86.21900000000069,1.9406
251637::058.swc,936,542,2,L2:mapped:724,144.94400000000147,2.1642
251637::058.swc,936,542,3,L3:mapped:537,86.21900000000069,1.9406
251637::058.swc,936,542,3,L3:mapped:724,144.94400000000147,2.1642
251637::058.swc,936,542,4,L4:mapped:538,80.76000000000039,1.9125
251637::058.swc,936,542,4,L4:mapped:547,5.458999999999994,0.8102
251637::058.swc,936,542,4,L4:mapped:725,144.94400000000147,2.1642
251637::058.swc,936,542,5,L5:mapped:540,80.76000000000039,1.9125
251637::058.swc,936,542,5,L5:mapped:548,5.458999999999994,0.8102
251637::058.swc,936,542,5,L5:mapped:727,144.94400000000147,2.1642
251637::058.swc,936,542,6,L6:mapped:541,9.456999999999994,1.0194
251637::058.swc,936,542,6,L6:mapped:542,43.418,1.6476
251637::058.swc,936,542,6,L6:mapped:543,27.88499999999996,1.4607
251637::058.swc,936,542,6,L6:mapped:548,5.458999999999994,0.8102
251637::058.swc,936,542,6,L6:mapped:728,144.94400000000147,2.1642
251637::059.swc,936,542,1,L1:mapped:501,77.9620000000004,1.8974
251637::059.swc,936,542,1,L1:mapped:638,16.447000000000017,1.2417
251637::059.swc,936,542,2,L2:mapped:516,77.9620000000004,1.8974
251637::059.swc,936,542,2,L2:mapped:724,16.447000000000017,1.2417
251637::059.swc,936,542,3,L3:mapped:537,77.9620000000004,1.8974
251637::059.swc,936,542,3,L3:mapped:724,16.447000000000017,1.2417
251637::059.swc,936,542,4,L4:mapped:538,77.9620000000004,1.8974
251637::059.swc,936,542,4,L4:mapped:725,16.447000000000017,1.2417
251637::059.swc,936,542,5,L5:mapped:540,77.9620000000004,1.8974
251637::059.swc,936,542,5,L5:mapped:727,16.447000000000017,1.2417
251637::059.swc,936,542,6,L6:mapped:541,8.083999999999993,0.9583
251637::059.swc,936,542,6,L6:mapped:542,59.606000000000016,1.7825
251637::059.swc,936,542,6,L6:mapped:728,16.447000000000017,1.2417
251637::060.swc,936,542,1,L1:mapped:501,472.17899999998843,2.675
251637::060.swc,936,542,1,L1:mapped:638,104.0420000000014,2.0214
251637::060.swc,936,542,2,L2:mapped:516,472.17899999998843,2.675
251637::060.swc,936,542,2,L2:mapped:724,104.0420000000014,2.0214
251637::060.swc,936,542,3,L3:mapped:537,472.17899999998843,2.675
251637::060.swc,936,542,3,L3:mapped:724,104.0420000000014,2.0214
251637::060.swc,936,542,4,L4:mapped:538,435.5179999999907,2.64
251637::060.swc,936,542,4,L4:mapped:547,36.66100000000001,1.5759
251637::060.swc,936,542,4,L4:mapped:725,104.0420000000014,2.0214
251637::060.swc,936,542,5,L5:mapped:540,435.5179999999907,2.64
251637::060.swc,936,542,5,L5:mapped:548,3.607999999999998,0.6635
251637::060.swc,936,542,5,L5:mapped:549,33.05299999999994,1.5322
251637::060.swc,936,542,5,L5:mapped:727,104.0420000000014,2.0214
251637::060.swc,936,542,6,L6:mapped:542,403.7619999999916,2.6072
251637::060.swc,936,542,6,L6:mapped:543,31.75599999999989,1.5153
251637::060.swc,936,542,6,L6:mapped:548,3.607999999999998,0.6635
251637::060.swc,936,542,6,L6:mapped:549,33.05299999999994,1.5322
251637::060.swc,936,542,6,L6:mapped:728,104.0420000000014,2.0214
251637::061.swc,936,542,1,L1:mapped:501,925.1409999999846,2.9667
251637::061.swc,936,542,1,L1:mapped:590,0.6290000000000001,0.2119
251637::061.swc,936,542,1,L1:mapped:638,180.80700000000033,2.2596
251637::061.swc,936,542,1,L1:mapped:1501,270.9479999999972,2.4345
251637::061.swc,936,542,2,L2:mapped:516,315.88999999999646,2.5009
251637::061.swc,936,542,2,L2:mapped:577,609.2509999999897,2.7855
251637::061.swc,936,542,2,L2:mapped:591,0.6290000000000001,0.2119
251637::061.swc,936,542,2,L2:mapped:724,180.80700000000033,2.2596
251637::061.swc,936,542,2,L2:mapped:1502,75.76900000000022,1.8852
251637::061.swc,936,542,2,L2:mapped:1524,17.502000000000002,1.2672
251637::061.swc,936,542,2,L2:mapped:1550,177.67700000000005,2.2521
251637::061.swc,936,542,3,L3:mapped:537,315.88999999999646,2.5009
251637::061.swc,936,542,3,L3:mapped:578,609.2509999999897,2.7855
251637::061.swc,936,542,3,L3:mapped:592,0.6290000000000001,0.2119
251637::061.swc,936,542,3,L3:mapped:724,180.80700000000033,2.2596
251637::061.swc,936,542,3,L3:mapped:1503,62.500999999999934,1.8028
251637::061.swc,936,542,3,L3:mapped:1505,13.267999999999985,1.1544
251637::061.swc,936,542,3,L3:mapped:1540,17.502000000000002,1.2672
251637::061.swc,936,542,3,L3:mapped:1551,81.50100000000052,1.9165
251637::061.swc,936,542,3,L3:mapped:1562,96.17600000000125,1.9876
251637::061.swc,936,542,4,L4:mapped:538,247.21199999999826,2.3948
251637::061.swc,936,542,4,L4:mapped:547,68.67799999999997,1.8431
251637::061.swc,936,542,4,L4:mapped:580,598.1839999999911,2.7776
251637::061.swc,936,542,4,L4:mapped:592,0.6290000000000001,0.2119
251637::061.swc,936,542,4,L4:mapped:725,180.80700000000033,2.2596
251637::061.swc,936,542,4,L4:mapped:1504,62.500999999999934,1.8028
251637::061.swc,936,542,4,L4:mapped:1506,13.267999999999985,1.1544
251637::061.swc,936,542,4,L4:mapped:1546,16.244000000000007,1.2366
251637::061.swc,936,542,4,L4:mapped:1552,69.69600000000007,1.8494
251637::061.swc,936,542,4,L4:mapped:1559,11.805,1.1074
251637::061.swc,936,542,4,L4:mapped:1562,96.17600000000125,1.9876
251637::061.swc,936,542,5,L5:mapped:540,247.21199999999826,2.3948
251637::061.swc,936,542,5,L5:mapped:548,22.354999999999972,1.3684
251637::061.swc,936,542,5,L5:mapped:549,46.32299999999987,1.6751
251637::061.swc,936,542,5,L5:mapped:584,598.1839999999911,2.7776
251637::061.swc,936,542,5,L5:mapped:594,0.6290000000000001,0.2119
251637::061.swc,936,542,5,L5:mapped:727,180.80700000000033,2.2596
251637::061.swc,936,542,5,L5:mapped:1504,62.500999999999934,1.8028
251637::061.swc,936,542,5,L5:mapped:1507,0.066,0.0278
251637::061.swc,936,542,5,L5:mapped:1508,13.201999999999984,1.1523
251637::061.swc,936,542,5,L5:mapped:1548,16.244000000000007,1.2366
251637::061.swc,936,542,5,L5:mapped:1556,69.69600000000007,1.8494
251637::061.swc,936,542,5,L5:mapped:1560,11.805,1.1074
251637::061.swc,936,542,5,L5:mapped:1567,96.17600000000125,1.9876
251637::061.swc,936,542,6,L6:mapped:541,110.86300000000135,2.0487
251637::061.swc,936,542,6,L6:mapped:542,88.41500000000114,1.9514
251637::061.swc,936,542,6,L6:mapped:543,47.933999999999955,1.6896
251637::061.swc,936,542,6,L6:mapped:548,22.354999999999972,1.3684
251637::061.swc,936,542,6,L6:mapped:549,46.32299999999987,1.6751
251637::061.swc,936,542,6,L6:mapped:585,401.38799999999264,2.6046
251637::061.swc,936,542,6,L6:mapped:586,196.79599999999985,2.2962
251637::061.swc,936,542,6,L6:mapped:594,0.6290000000000001,0.2119
251637::061.swc,936,542,6,L6:mapped:728,180.80700000000033,2.2596
251637::061.swc,936,542,6,L6:mapped:1504,62.500999999999934,1.8028
251637::061.swc,936,542,6,L6:mapped:1507,0.066,0.0278
251637::061.swc,936,542,6,L6:mapped:1508,13.201999999999984,1.1523
251637::061.swc,936,542,6,L6:mapped:1548,16.244000000000007,1.2366
251637::061.swc,936,542,6,L6:mapped:1556,69.69600000000007,1.8494
251637::061.swc,936,542,6,L6:mapped:1560,11.805,1.1074
251637::061.swc,936,542,6,L6:mapped:1567,96.17600000000125,1.9876
251637::062.swc,936,541,1,L1:mapped:501,39.696999999999974,1.6096
251637::062.swc,936,541,1,L1:mapped:1501,37.446999999999974,1.5849
251637::062.swc,936,541,2,L2:mapped:516,39.696999999999974,1.6096
251637::062.swc,936,541,2,L2:mapped:1502,37.446999999999974,1.5849
251637::062.swc,936,541,3,L3:mapped:537,39.696999999999974,1.6096
251637::062.swc,936,541,3,L3:mapped:1503,37.446999999999974,1.5849
251637::062.swc,936,541,4,L4:mapped:538,39.696999999999974,1.6096
251637::062.swc,936,541,4,L4:mapped:1504,37.446999999999974,1.5849
251637::062.swc,936,541,5,L5:mapped:540,39.696999999999974,1.6096
251637::062.swc,936,541,5,L5:mapped:1504,37.446999999999974,1.5849
251637::062.swc,936,541,6,L6:mapped:541,31.461999999999975,1.5114
251637::062.swc,936,541,6,L6:mapped:542,8.234999999999998,0.9654
251637::062.swc,936,541,6,L6:mapped:1504,37.446999999999974,1.5849
251637::063.swc,936,541,1,L1:mapped:501,65.48900000000006,1.8227
251637::063.swc,936,541,2,L2:mapped:516,65.48900000000006,1.8227
251637::063.swc,936,541,3,L3:mapped:537,65.48900000000006,1.8227
251637::063.swc,936,541,4,L4:mapped:538,65.48900000000006,1.8227
251637::063.swc,936,541,5,L5:mapped:540,65.48900000000006,1.8227
251637::063.swc,936,541,6,L6:mapped:541,65.30200000000005,1.8215
251637::064.swc,936,542,1,L1:mapped:501,49.44900000000003,1.7029
251637::064.swc,936,542,2,L2:mapped:516,49.44900000000003,1.7029
251637::064.swc,936,542,3,L3:mapped:537,49.44900000000003,1.7029
251637::064.swc,936,542,4,L4:mapped:538,38.698000000000036,1.5988
251637::064.swc,936,542,4,L4:mapped:547,10.750999999999987,1.0701
251637::064.swc,936,542,5,L5:mapped:540,38.698000000000036,1.5988
251637::064.swc,936,542,5,L5:mapped:549,10.750999999999987,1.0701
251637::064.swc,936,542,6,L6:mapped:542,38.698000000000036,1.5988
251637::064.swc,936,542,6,L6:mapped:549,10.750999999999987,1.0701
251637::065.swc,936,542,1,L1:mapped:501,57.11399999999996,1.7643
251637::065.swc,936,542,1,L1:mapped:638,9.313999999999998,1.0134
251637::065.swc,936,542,2,L2:mapped:516,57.11399999999996,1.7643
251637::065.swc,936,542,2,L2:mapped:724,9.313999999999998,1.0134
251637::065.swc,936,542,3,L3:mapped:537,57.11399999999996,1.7643
251637::065.swc,936,542,3,L3:mapped:724,9.313999999999998,1.0134
251637::065.swc,936,542,4,L4:mapped:538,41.856999999999914,1.632
251637::065.swc,936,542,4,L4:mapped:547,15.256999999999987,1.211
251637::065.swc,936,542,4,L4:mapped:725,9.313999999999998,1.0134
251637::065.swc,936,542,5,L5:mapped:540,41.856999999999914,1.632
251637::065.swc,936,542,5,L5:mapped:549,13.917999999999992,1.1737
251637::065.swc,936,542,5,L5:mapped:727,9.313999999999998,1.0134
251637::065.swc,936,542,6,L6:mapped:542,34.241999999999905,1.5471
251637::065.swc,936,542,6,L6:mapped:549,13.917999999999992,1.1737
251637::065.swc,936,542,6,L6:mapped:728,9.313999999999998,1.0134
251637::066.swc,936,542,1,L1:mapped:501,247.81299999999848,2.3959
251637::066.swc,936,542,1,L1:mapped:638,64.00900000000013,1.813
251637::066.swc,936,542,1,L1:mapped:1582,60.52499999999989,1.7891
251637::066.swc,936,542,1,L1:mapped:1669,4.404999999999998,0.7328
251637::066.swc,936,542,2,L2:mapped:516,247.81299999999848,2.3959
251637::066.swc,936,542,2,L2:mapped:724,64.00900000000013,1.813
251637::066.swc,936,542,2,L2:mapped:1613,29.349,1.4821
251637::066.swc,936,542,2,L2:mapped:1670,4.404999999999998,0.7328
251637::066.swc,936,542,3,L3:mapped:537,247.81299999999848,2.3959
251637::066.swc,936,542,3,L3:mapped:724,64.00900000000013,1.813
251637::066.swc,936,542,3,L3:mapped:1635,21.80299999999999,1.358
251637::066.swc,936,542,3,L3:mapped:1700,4.404999999999998,0.7328
251637::066.swc,936,542,4,L4:mapped:538,212.24599999999958,2.3289
251637::066.swc,936,542,4,L4:mapped:547,35.56699999999995,1.5631
251637::066.swc,936,542,4,L4:mapped:725,64.00900000000013,1.813
251637::066.swc,936,542,4,L4:mapped:1643,21.80299999999999,1.358
251637::066.swc,936,542,4,L4:mapped:1701,4.404999999999998,0.7328
251637::066.swc,936,542,5,L5:mapped:540,212.24599999999958,2.3289
251637::066.swc,936,542,5,L5:mapped:549,30.950999999999947,1.5045
251637::066.swc,936,542,5,L5:mapped:727,64.00900000000013,1.813
251637::066.swc,936,542,5,L5:mapped:1647,21.80299999999999,1.358
251637::066.swc,936,542,5,L5:mapped:1701,4.404999999999998,0.7328
251637::066.swc,936,542,6,L6:mapped:541,0.17000000000000004,0.0682
251637::066.swc,936,542,6,L6:mapped:542,184.61000000000044,2.2686
251637::066.swc,936,542,6,L6:mapped:543,27.465999999999948,1.4543
251637::066.swc,936,542,6,L6:mapped:549,30.950999999999947,1.5045
251637::066.swc,936,542,6,L6:mapped:728,64.00900000000013,1.813
251637::066.swc,936,542,6,L6:mapped:1647,21.80299999999999,1.358
251637::066.swc,936,542,6,L6:mapped:1703,0.5790000000000003,0.1984
251637::067.swc,936,542,1,L1:mapped:501,323.9469999999934,2.5118
251637::067.swc,936,542,1,L1:mapped:638,165.23300000000054,2.2207
251637::067.swc,936,542,2,L2:mapped:516,296.2919999999951,2.4732
251637::067.swc,936,542,2,L2:mapped:577,27.654999999999955,1.4572
251637::067.swc,936,542,2,L2:mapped:724,165.23300000000054,2.2207
251637::067.swc,936,542,3,L3:mapped:537,296.2919999999951,2.4732
251637::067.swc,936,542,3,L3:mapped:578,27.654999999999955,1.4572
251637::067.swc,936,542,3,L3:mapped:724,165.23300000000054,2.2207
251637::067.swc,936,542,4,L4:mapped:538,141.99500000000148,2.1553
251637::067.swc,936,542,4,L4:mapped:547,154.29700000000167,2.1912
251637::067.swc,936,542,4,L4:mapped:580,27.654999999999955,1.4572
251637::067.swc,936,542,4,L4:mapped:725,165.23300000000054,2.2207
251637::067.swc,936,542,5,L5:mapped:540,141.99500000000148,2.1553
251637::067.swc,936,542,5,L5:mapped:548,54.560999999999915,1.7448
251637::067.swc,936,542,5,L5:mapped:549,99.73600000000141,2.0032
251637::067.swc,936,542,5,L5:mapped:584,27.654999999999955,1.4572
251637::067.swc,936,542,5,L5:mapped:727,165.23300000000054,2.2207
251637::067.swc,936,542,6,L6:mapped:541,1.2160000000000004,0.3456
251637::067.swc,936,542,6,L6:mapped:542,89.71900000000073,1.9577
251637::067.swc,936,542,6,L6:mapped:543,51.05999999999987,1.7165
251637::067.swc,936,542,6,L6:mapped:548,54.560999999999915,1.7448
251637::067.swc,936,542,6,L6:mapped:549,99.73600000000141,2.0032
251637::067.swc,936,542,6,L6:mapped:586,27.654999999999955,1.4572
251637::067.swc,936,542,6,L6:mapped:728,165.23300000000054,2.2207
251637::068.swc,936,542,1,L1:mapped:501,151.77100000000115,2.184
251637::068.swc,936,542,2,L2:mapped:516,151.77100000000115,2.184
251637::068.swc,936,542,3,L3:mapped:537,151.77100000000115,2.184
251637::068.swc,936,542,4,L4:mapped:538,92.01900000000059,1.9686
251637::068.swc,936,542,4,L4:mapped:547,59.75200000000002,1.7836
251637::068.swc,936,542,5,L5:mapped:540,92.01900000000059,1.9686
251637::068.swc,936,542,5,L5:mapped:548,59.75200000000002,1.7836
251637::068.swc,936,542,6,L6:mapped:542,92.01900000000059,1.9686
251637::068.swc,936,542,6,L6:mapped:548,59.75200000000002,1.7836
251637::069.swc,936,542,1,L1:mapped:501,40.49399999999994,1.618
251637::069.swc,936,542,2,L2:mapped:516,40.49399999999994,1.618
251637::069.swc,936,542,3,L3:mapped:537,40.49399999999994,1.618
251637::069.swc,936,542,4,L4:mapped:538,40.49399999999994,1.618
251637::069.swc,936,542,5,L5:mapped:540,40.49399999999994,1.618
251637::069.swc,936,542,6,L6:mapped:542,40.49399999999994,1.618
251637::070.swc,936,549,1,L1:mapped:501,56.340999999999994,1.7585
251637::070.swc,936,549,2,L2:mapped:516,56.340999999999994,1.7585
251637::070.swc,936,549,3,L3:mapped:537,56.340999999999994,1.7585
251637::070.swc,936,549,4,L4:mapped:538,21.26899999999998,1.3477
251637::070.swc,936,549,4,L4:mapped:547,35.07200000000001,1.5572
251637::070.swc,936,549,5,L5:mapped:540,21.26899999999998,1.3477
251637::070.swc,936,549,5,L5:mapped:549,35.07200000000001,1.5572
251637::070.swc,936,549,6,L6:mapped:541,3.3799999999999986,0.6415
251637::070.swc,936,549,6,L6:mapped:542,17.888999999999992,1.2762
251637::070.swc,936,549,6,L6:mapped:549,35.07200000000001,1.5572
251637::071.swc,936,542,1,L1:mapped:501,64.36599999999994,1.8154
251637::071.swc,936,542,2,L2:mapped:516,64.36599999999994,1.8154
251637::071.swc,936,542,3,L3:mapped:537,64.36599999999994,1.8154
251637::071.swc,936,542,4,L4:mapped:538,64.36599999999994,1.8154
251637::071.swc,936,542,5,L5:mapped:540,64.36599999999994,1.8154
251637::071.swc,936,542,6,L6:mapped:542,61.859999999999935,1.7984
251637::071.swc,936,542,6,L6:mapped:543,2.505999999999998,0.5448
251637::072.swc,936,542,1,L1:mapped:501,2096.3179999999047,3.3217
251637::072.swc,936,542,1,L1:mapped:590,16.77599999999999,1.2498
251637::072.swc,936,542,2,L2:mapped:516,1265.2459999999742,3.1025
251637::072.swc,936,542,2,L2:mapped:577,831.0719999999881,2.9202
251637::072.swc,936,542,2,L2:mapped:591,16.77599999999999,1.2498
251637::072.swc,936,542,3,L3:mapped:525,64.12499999999994,1.8137
251637::072.swc,936,542,3,L3:mapped:537,1201.1209999999755,3.0799
251637::072.swc,936,542,3,L3:mapped:578,831.0719999999881,2.9202
251637::072.swc,936,542,3,L3:mapped:592,15.92699999999999,1.2286
251637::072.swc,936,542,4,L4:mapped:534,64.12499999999994,1.8137
251637::072.swc,936,542,4,L4:mapped:538,91.62600000000091,1.9667
251637::072.swc,936,542,4,L4:mapped:547,1109.4949999999794,3.0455
251637::072.swc,936,542,4,L4:mapped:580,831.0719999999881,2.9202
251637::072.swc,936,542,4,L4:mapped:592,15.92699999999999,1.2286
251637::072.swc,936,542,5,L5:mapped:534,64.12499999999994,1.8137
251637::072.swc,936,542,5,L5:mapped:540,91.62600000000091,1.9667
251637::072.swc,936,542,5,L5:mapped:548,57.739000000000004,1.7689
251637::072.swc,936,542,5,L5:mapped:549,1051.7559999999874,3.0223
251637::072.swc,936,542,5,L5:mapped:584,831.0719999999881,2.9202
251637::072.swc,936,542,5,L5:mapped:594,15.92699999999999,1.2286
251637::072.swc,936,542,6,L6:mapped:536,64.12499999999994,1.8137
251637::072.swc,936,542,6,L6:mapped:541,4.987999999999995,0.7773
251637::072.swc,936,542,6,L6:mapped:542,85.65700000000069,1.9378
251637::072.swc,936,542,6,L6:mapped:548,57.739000000000004,1.7689
251637::072.swc,936,542,6,L6:mapped:549,1051.7559999999874,3.0223
251637::072.swc,936,542,6,L6:mapped:586,831.0719999999881,2.9202
251637::072.swc,936,542,6,L6:mapped:594,15.92699999999999,1.2286
251637::073.swc,936,542,1,L1:mapped:501,44.819999999999936,1.6611
251637::073.swc,936,542,2,L2:mapped:516,44.819999999999936,1.6611
251637::073.swc,936,542,3,L3:mapped:537,44.819999999999936,1.6611
251637::073.swc,936,542,4,L4:mapped:538,44.819999999999936,1.6611
251637::073.swc,936,542,5,L5:mapped:540,44.819999999999936,1.6611
251637::073.swc,936,542,6,L6:mapped:542,44.819999999999936,1.6611
251637::074.swc,936,542,1,L1:mapped:501,91.00500000000088,1.9638
251637::074.swc,936,542,1,L1:mapped:638,107.48100000000137,2.0354
251637::074.swc,936,542,2,L2:mapped:516,91.00500000000088,1.9638
251637::074.swc,936,542,2,L2:mapped:724,107.48100000000137,2.0354
251637::074.swc,936,542,3,L3:mapped:537,91.00500000000088,1.9638
251637::074.swc,936,542,3,L3:mapped:724,107.48100000000137,2.0354
251637::074.swc,936,542,4,L4:mapped:538,91.00500000000088,1.9638
251637::074.swc,936,542,4,L4:mapped:725,107.48100000000137,2.0354
251637::074.swc,936,542,5,L5:mapped:540,91.00500000000088,1.9638
251637::074.swc,936,542,5,L5:mapped:727,107.48100000000137,2.0354
251637::074.swc,936,542,6,L6:mapped:541,1.155,0.3334
251637::074.swc,936,542,6,L6:mapped:542,58.803000000000125,1.7767
251637::074.swc,936,542,6,L6:mapped:543,31.046999999999997,1.5058
251637::074.swc,936,542,6,L6:mapped:728,107.48100000000137,2.0354
251637::075.swc,936,542,1,L1:mapped:501,89.77300000000103,1.958
251637::075.swc,936,542,2,L2:mapped:516,89.77300000000103,1.958
251637::075.swc,936,542,3,L3:mapped:537,89.77300000000103,1.958
251637::075.swc,936,542,4,L4:mapped:538,80.17900000000064,1.9094
251637::075.swc,936,542,4,L4:mapped:547,9.59399999999999,1.0251
251637::075.swc,936,542,5,L5:mapped:540,80.17900000000064,1.9094
251637::075.swc,936,542,5,L5:mapped:549,9.59399999999999,1.0251
251637::075.swc,936,542,6,L6:mapped:542,80.17900000000064,1.9094
251637::075.swc,936,542,6,L6:mapped:549,9.59399999999999,1.0251
251637::076.swc,936,542,1,L1:mapped:501,118.83300000000224,2.0786
251637::076.swc,936,542,2,L2:mapped:516,69.98600000000035,1.8512
251637::076.swc,936,542,2,L2:mapped:577,48.84700000000002,1.6976
251637::076.swc,936,542,3,L3:mapped:537,69.98600000000035,1.8512
251637::076.swc,936,542,3,L3:mapped:578,48.84700000000002,1.6976
251637::076.swc,936,542,4,L4:mapped:538,37.74100000000001,1.5882
251637::076.swc,936,542,4,L4:mapped:547,32.24499999999998,1.5217
251637::076.swc,936,542,4,L4:mapped:580,48.84700000000002,1.6976
251637::076.swc,936,542,5,L5:mapped:540,37.74100000000001,1.5882
251637::076.swc,936,542,5,L5:mapped:548,0.8010000000000003,0.2555
251637::076.swc,936,542,5,L5:mapped:549,31.44399999999997,1.5111
251637::076.swc,936,542,5,L5:mapped:584,48.84700000000002,1.6976
251637::076.swc,936,542,6,L6:mapped:541,2.370999999999999,0.5278
251637::076.swc,936,542,6,L6:mapped:542,35.36999999999998,1.5607
251637::076.swc,936,542,6,L6:mapped:548,0.8010000000000003,0.2555
251637::076.swc,936,542,6,L6:mapped:549,31.44399999999997,1.5111
251637::076.swc,936,542,6,L6:mapped:586,48.84700000000002,1.6976
251637::077.swc,936,542,1,L1:mapped:501,85.74600000000078,1.9382
251637::077.swc,936,542,2,L2:mapped:516,85.74600000000078,1.9382
251637::077.swc,936,542,3,L3:mapped:537,85.74600000000078,1.9382
251637::077.swc,936,542,4,L4:mapped:538,69.3950000000002,1.8475
251637::077.swc,936,542,4,L4:mapped:547,16.350999999999978,1.2393
251637::077.swc,936,542,5,L5:mapped:540,69.3950000000002,1.8475
251637::077.swc,936,542,5,L5:mapped:549,16.350999999999978,1.2393
251637::077.swc,936,542,6,L6:mapped:541,7.209999999999987,0.9143
251637::077.swc,936,542,6,L6:mapped:542,62.185000000000024,1.8006
251637::077.swc,936,542,6,L6:mapped:549,16.350999999999978,1.2393
251637::078.swc,936,542,1,L1:mapped:501,192.53600000000054,2.2868
251637::078.swc,936,542,2,L2:mapped:516,192.53600000000054,2.2868
251637::078.swc,936,542,3,L3:mapped:525,13.599999999999998,1.1644
251637::078.swc,936,542,3,L3:mapped:537,178.93600000000126,2.2551
251637::078.swc,936,542,4,L4:mapped:534,13.599999999999998,1.1644
251637::078.swc,936,542,4,L4:mapped:538,48.856999999999985,1.6977
251637::078.swc,936,542,4,L4:mapped:547,130.07900000000205,2.1175
251637::078.swc,936,542,5,L5:mapped:534,13.599999999999998,1.1644
251637::078.swc,936,542,5,L5:mapped:540,48.856999999999985,1.6977
251637::078.swc,936,542,5,L5:mapped:549,130.07900000000205,2.1175
251637::078.swc,936,542,6,L6:mapped:536,13.599999999999998,1.1644
251637::078.swc,936,542,6,L6:mapped:541,20.161999999999985,1.3256
251637::078.swc,936,542,6,L6:mapped:542,28.69499999999997,1.4727
251637::078.swc,936,542,6,L6:mapped:549,130.07900000000205,2.1175
251637::079.swc,936,549,1,L1:mapped:501,26.75899999999996,1.4434
251637::079.swc,936,549,2,L2:mapped:516,26.75899999999996,1.4434
251637::079.swc,936,549,3,L3:mapped:537,26.75899999999996,1.4434
251637::079.swc,936,549,4,L4:mapped:538,5.1899999999999915,0.7917
251637::079.swc,936,549,4,L4:mapped:547,21.568999999999985,1.3535
251637::079.swc,936,549,5,L5:mapped:540,5.1899999999999915,0.7917
251637::079.swc,936,549,5,L5:mapped:549,21.568999999999985,1.3535
251637::079.swc,936,549,6,L6:mapped:542,5.1899999999999915,0.7917
251637::079.swc,936,549,6,L6:mapped:549,21.568999999999985,1.3535
251637::080.swc,936,542,1,L1:mapped:501,72.14400000000039,1.8642
251637::080.swc,936,542,2,L2:mapped:516,72.14400000000039,1.8642
251637::080.swc,936,542,3,L3:mapped:537,72.14400000000039,1.8642
251637::080.swc,936,542,4,L4:mapped:538,33.66299999999997,1.5399
251637::080.swc,936,542,4,L4:mapped:547,38.48099999999997,1.5964
251637::080.swc,936,542,5,L5:mapped:540,33.66299999999997,1.5399
251637::080.swc,936,542,5,L5:mapped:549,38.48099999999997,1.5964
251637::080.swc,936,542,6,L6:mapped:541,9.28,1.012
251637::080.swc,936,542,6,L6:mapped:542,24.382999999999967,1.4045
251637::080.swc,936,542,6,L6:mapped:549,38.48099999999997,1.5964
251637::081.swc,936,542,1,L1:mapped:501,118.84600000000198,2.0786
251637::081.swc,936,542,2,L2:mapped:516,118.84600000000198,2.0786
251637::081.swc,936,542,3,L3:mapped:537,118.84600000000198,2.0786
251637::081.swc,936,542,4,L4:mapped:538,104.44900000000126,2.023
251637::081.swc,936,542,4,L4:mapped:547,14.396999999999986,1.1874
251637::081.swc,936,542,5,L5:mapped:540,104.44900000000126,2.023
251637::081.swc,936,542,5,L5:mapped:549,14.396999999999986,1.1874
251637::081.swc,936,542,6,L6:mapped:542,103.07200000000117,2.0173
251637::081.swc,936,542,6,L6:mapped:549,14.396999999999986,1.1874
251637::082.swc,936,542,1,L1:mapped:501,336.6439999999977,2.5285
251637::082.swc,936,542,1,L1:mapped:590,152.41000000000153,2.1859
251637::082.swc,936,542,2,L2:mapped:516,336.6439999999977,2.5285
251637::082.swc,936,542,2,L2:mapped:591,152.41000000000153,2.1859
251637::082.swc,936,542,3,L3:mapped:525,82.01400000000025,1.9192
251637::082.swc,936,542,3,L3:mapped:537,254.62999999999883,2.4076
251637::082.swc,936,542,3,L3:mapped:595,152.41000000000153,2.1859
251637::082.swc,936,542,4,L4:mapped:526,82.01400000000025,1.9192
251637::082.swc,936,542,4,L4:mapped:538,226.1729999999999,2.3564
251637::082.swc,936,542,4,L4:key_level_conflict:545,28.456999999999958,1.4692
251637::082.swc,936,542,4,L4:mapped:595,152.41000000000153,2.1859
251637::082.swc,936,542,5,L5:mapped:530,82.01400000000025,1.9192
251637::082.swc,936,542,5,L5:mapped:539,93.1760000000006,1.9739
251637::082.swc,936,542,5,L5:mapped:540,132.99700000000183,2.1271
251637::082.swc,936,542,5,L5:key_level_conflict:545,28.456999999999958,1.4692
251637::082.swc,936,542,5,L5:mapped:595,152.41000000000153,2.1859
251637::082.swc,936,542,6,L6:mapped:532,67.96399999999996,1.8386
251637::082.swc,936,542,6,L6:mapped:533,14.050000000000006,1.1775
251637::082.swc,936,542,6,L6:mapped:539,93.1760000000006,1.9739
251637::082.swc,936,542,6,L6:mapped:541,41.92699999999989,1.6327
251637::082.swc,936,542,6,L6:mapped:542,91.0700000000006,1.9641
251637::082.swc,936,542,6,L6:mapped:545,28.456999999999958,1.4692
251637::082.swc,936,542,6,L6:mapped:595,152.41000000000153,2.1859
251637::083.swc,936,542,1,L1:mapped:501,158.86200000000127,2.2037
251637::083.swc,936,542,1,L1:mapped:638,45.16999999999998,1.6644
251637::083.swc,936,542,1,L1:mapped:1501,195.02899999999946,2.2923
251637::083.swc,936,542,2,L2:mapped:516,158.86200000000127,2.2037
251637::083.swc,936,542,2,L2:mapped:724,41.40000000000004,1.6274
251637::083.swc,936,542,2,L2:mapped:1550,139.95600000000115,2.1491
251637::083.swc,936,542,2,L2:mapped:1569,2.234,0.5097
251637::083.swc,936,542,3,L3:mapped:537,158.86200000000127,2.2037
251637::083.swc,936,542,3,L3:mapped:724,41.40000000000004,1.6274
251637::083.swc,936,542,3,L3:mapped:1551,131.6220000000012,2.1226
251637::083.swc,936,542,3,L3:mapped:1562,8.333999999999993,0.9701
251637::083.swc,936,542,3,L3:mapped:1569,2.234,0.5097
251637::083.swc,936,542,4,L4:mapped:538,158.86200000000127,2.2037
251637::083.swc,936,542,4,L4:mapped:725,41.40000000000004,1.6274
251637::083.swc,936,542,4,L4:mapped:1552,131.6220000000012,2.1226
251637::083.swc,936,542,4,L4:mapped:1562,8.333999999999993,0.9701
251637::083.swc,936,542,4,L4:mapped:1570,2.234,0.5097
251637::083.swc,936,542,5,L5:mapped:540,158.86200000000127,2.2037
251637::083.swc,936,542,5,L5:mapped:727,40.28300000000001,1.6158
251637::083.swc,936,542,5,L5:mapped:1556,130.48500000000138,2.1189
251637::083.swc,936,542,5,L5:mapped:1557,1.1370000000000005,0.3298
251637::083.swc,936,542,5,L5:mapped:1567,8.333999999999993,0.9701
251637::083.swc,936,542,5,L5:mapped:1570,2.234,0.5097
251637::083.swc,936,542,6,L6:mapped:541,13.158999999999999,1.151
251637::083.swc,936,542,6,L6:mapped:542,145.70300000000185,2.1664
251637::083.swc,936,542,6,L6:mapped:728,40.28300000000001,1.6158
251637::083.swc,936,542,6,L6:mapped:1556,130.48500000000138,2.1189
251637::083.swc,936,542,6,L6:mapped:1557,1.1370000000000005,0.3298
251637::083.swc,936,542,6,L6:mapped:1567,8.333999999999993,0.9701
251637::083.swc,936,542,6,L6:mapped:1571,2.234,0.5097
251637::084.swc,936,542,1,L1:mapped:501,234.99199999999857,2.3729
251637::084.swc,936,542,1,L1:mapped:1501,63.10799999999987,1.8069
251637::084.swc,936,542,2,L2:mapped:516,234.99199999999857,2.3729
251637::084.swc,936,542,2,L2:mapped:1502,40.02899999999994,1.6131
251637::084.swc,936,542,2,L2:mapped:1550,21.71199999999999,1.3563
251637::084.swc,936,542,3,L3:mapped:537,234.99199999999857,2.3729
251637::084.swc,936,542,3,L3:mapped:1503,33.783999999999956,1.5414
251637::084.swc,936,542,3,L3:mapped:1551,21.71199999999999,1.3563
251637::084.swc,936,542,4,L4:mapped:538,227.87699999999876,2.3596
251637::084.swc,936,542,4,L4:mapped:547,7.114999999999996,0.9093
251637::084.swc,936,542,4,L4:mapped:1504,33.783999999999956,1.5414
251637::084.swc,936,542,4,L4:mapped:1552,21.71199999999999,1.3563
251637::084.swc,936,542,5,L5:mapped:540,227.87699999999876,2.3596
251637::084.swc,936,542,5,L5:mapped:549,7.114999999999996,0.9093
251637::084.swc,936,542,5,L5:mapped:1504,33.783999999999956,1.5414
251637::084.swc,936,542,5,L5:mapped:1556,21.71199999999999,1.3563
251637::084.swc,936,542,6,L6:mapped:542,223.31399999999897,2.3509
251637::084.swc,936,542,6,L6:mapped:549,7.114999999999996,0.9093
251637::084.swc,936,542,6,L6:mapped:1504,33.783999999999956,1.5414
251637::084.swc,936,542,6,L6:mapped:1556,21.71199999999999,1.3563
251637::085.swc,936,542,1,L1:mapped:501,956.2269999999772,2.981
251637::085.swc,936,542,1,L1:mapped:1501,549.2049999999906,2.7405
251637::085.swc,936,542,2,L2:mapped:516,956.2269999999772,2.981
251637::085.swc,936,542,2,L2:mapped:1550,537.9139999999904,2.7315
251637::085.swc,936,542,3,L3:mapped:537,956.2269999999772,2.981
251637::085.swc,936,542,3,L3:mapped:1551,522.4699999999904,2.7189
251637::085.swc,936,542,3,L3:mapped:1562,15.443999999999976,1.216
251637::085.swc,936,542,4,L4:mapped:538,590.450999999988,2.7719
251637::085.swc,936,542,4,L4:mapped:547,365.7759999999971,2.5644
251637::085.swc,936,542,4,L4:mapped:1552,490.1989999999906,2.6913
251637::085.swc,936,542,4,L4:mapped:1559,32.27099999999995,1.5221
251637::085.swc,936,542,4,L4:mapped:1562,15.443999999999976,1.216
251637::085.swc,936,542,5,L5:mapped:539,13.74099999999999,1.1685
251637::085.swc,936,542,5,L5:mapped:540,576.7099999999881,2.7617
251637::085.swc,936,542,5,L5:mapped:549,365.7759999999971,2.5644
251637::085.swc,936,542,5,L5:mapped:1556,490.1989999999906,2.6913
251637::085.swc,936,542,5,L5:mapped:1560,32.27099999999995,1.5221
251637::085.swc,936,542,5,L5:mapped:1567,15.443999999999976,1.216
251637::085.swc,936,542,6,L6:mapped:539,13.74099999999999,1.1685
251637::085.swc,936,542,6,L6:mapped:541,99.1120000000006,2.0005
251637::085.swc,936,542,6,L6:mapped:542,477.59799999999166,2.68
251637::085.swc,936,542,6,L6:mapped:549,365.7759999999971,2.5644
251637::085.swc,936,542,6,L6:mapped:1556,490.1989999999906,2.6913
251637::085.swc,936,542,6,L6:mapped:1560,32.27099999999995,1.5221
251637::085.swc,936,542,6,L6:mapped:1567,15.443999999999976,1.216
251637::086.swc,936,542,1,L1:mapped:501,27.582999999999927,1.4561
251637::086.swc,936,542,2,L2:mapped:516,27.582999999999927,1.4561
251637::086.swc,936,542,3,L3:mapped:537,27.582999999999927,1.4561
251637::086.swc,936,542,4,L4:mapped:538,27.582999999999927,1.4561
251637::086.swc,936,542,5,L5:mapped:540,27.582999999999927,1.4561
251637::086.swc,936,542,6,L6:mapped:542,27.582999999999927,1.4561
251637::087.swc,936,542,1,L1:mapped:501,65.72500000000002,1.8243
251637::087.swc,936,542,1,L1:mapped:1501,302.86299999999665,2.4827
251637::087.swc,936,542,2,L2:mapped:516,65.72500000000002,1.8243
251637::087.swc,936,542,2,L2:mapped:1550,295.431999999997,2.4719
251637::087.swc,936,542,3,L3:mapped:537,65.72500000000002,1.8243
251637::087.swc,936,542,3,L3:mapped:1551,280.75299999999714,2.4499
251637::087.swc,936,542,3,L3:mapped:1562,14.678999999999986,1.1953
251637::087.swc,936,542,4,L4:mapped:538,62.263999999999974,1.8012
251637::087.swc,936,542,4,L4:mapped:547,3.4609999999999976,0.6494
251637::087.swc,936,542,4,L4:mapped:1552,246.21399999999747,2.3931
251637::087.swc,936,542,4,L4:mapped:1559,34.53900000000001,1.5507
251637::087.swc,936,542,4,L4:mapped:1562,14.678999999999986,1.1953
251637::087.swc,936,542,5,L5:mapped:540,62.263999999999974,1.8012
251637::087.swc,936,542,5,L5:mapped:549,3.4609999999999976,0.6494
251637::087.swc,936,542,5,L5:mapped:1556,246.21399999999747,2.3931
251637::087.swc,936,542,5,L5:mapped:1560,34.53900000000001,1.5507
251637::087.swc,936,542,5,L5:mapped:1567,14.678999999999986,1.1953
251637::087.swc,936,542,6,L6:mapped:541,6.765999999999994,0.8902
251637::087.swc,936,542,6,L6:mapped:542,55.49799999999999,1.752
251637::087.swc,936,542,6,L6:mapped:549,3.4609999999999976,0.6494
251637::087.swc,936,542,6,L6:mapped:1556,246.21399999999747,2.3931
251637::087.swc,936,542,6,L6:mapped:1560,34.53900000000001,1.5507
251637::087.swc,936,542,6,L6:mapped:1567,14.678999999999986,1.1953
251637::088.swc,936,542,1,L1:mapped:501,43.569999999999915,1.649
251637::088.swc,936,542,2,L2:mapped:516,43.569999999999915,1.649
251637::088.swc,936,542,3,L3:mapped:537,43.569999999999915,1.649
251637::088.swc,936,542,4,L4:mapped:538,43.569999999999915,1.649
251637::088.swc,936,542,5,L5:mapped:540,43.569999999999915,1.649
251637::088.swc,936,542,6,L6:mapped:542,43.569999999999915,1.649
251637::089.swc,936,542,1,L1:mapped:501,32.29899999999992,1.5224
251637::089.swc,936,542,2,L2:mapped:516,32.29899999999992,1.5224
251637::089.swc,936,542,3,L3:mapped:537,32.29899999999992,1.5224
251637::089.swc,936,542,4,L4:mapped:538,32.29899999999992,1.5224
251637::089.swc,936,542,5,L5:mapped:540,32.29899999999992,1.5224
251637::089.swc,936,542,6,L6:mapped:542,32.29899999999992,1.5224
251637::090.swc,936,542,1,L1:mapped:501,72.25700000000036,1.8648
251637::090.swc,936,542,2,L2:mapped:516,72.25700000000036,1.8648
251637::090.swc,936,542,3,L3:mapped:537,72.25700000000036,1.8648
251637::090.swc,936,542,4,L4:mapped:538,69.21200000000023,1.8464
251637::090.swc,936,542,5,L5:mapped:540,69.21200000000023,1.8464
251637::090.swc,936,542,6,L6:mapped:542,49.84,1.7062
251637::091.swc,936,542,1,L1:mapped:501,987.354999999982,2.9949
251637::091.swc,936,542,1,L1:mapped:638,43.26300000000011,1.646
251637::091.swc,936,542,2,L2:mapped:516,788.5979999999871,2.8974
251637::091.swc,936,542,2,L2:mapped:577,198.75699999999983,2.3005
251637::091.swc,936,542,2,L2:mapped:724,43.26300000000011,1.646
251637::091.swc,936,542,3,L3:mapped:525,281.9279999999975,2.4517
251637::091.swc,936,542,3,L3:mapped:537,506.6699999999911,2.7056
251637::091.swc,936,542,3,L3:mapped:578,198.75699999999983,2.3005
251637::091.swc,936,542,3,L3:mapped:724,43.26300000000011,1.646
251637::091.swc,936,542,4,L4:mapped:526,277.6129999999976,2.445
251637::091.swc,936,542,4,L4:mapped:534,4.314999999999997,0.7255
251637::091.swc,936,542,4,L4:mapped:538,333.31299999999686,2.5242
251637::091.swc,936,542,4,L4:key_level_conflict:545,17.693999999999978,1.2717
251637::091.swc,936,542,4,L4:mapped:547,155.66300000000044,2.195
251637::091.swc,936,542,4,L4:mapped:580,198.75699999999983,2.3005
251637::091.swc,936,542,4,L4:mapped:725,43.26300000000011,1.646
251637::091.swc,936,542,5,L5:mapped:530,277.6129999999976,2.445
251637::091.swc,936,542,5,L5:mapped:534,4.314999999999997,0.7255
251637::091.swc,936,542,5,L5:mapped:539,38.753999999999955,1.5994
251637::091.swc,936,542,5,L5:mapped:540,294.5589999999978,2.4706
251637::091.swc,936,542,5,L5:key_level_conflict:545,17.693999999999978,1.2717
251637::091.swc,936,542,5,L5:mapped:548,39.704999999999984,1.6096
251637::091.swc,936,542,5,L5:mapped:549,115.95800000000165,2.068
251637::091.swc,936,542,5,L5:mapped:584,198.75699999999983,2.3005
251637::091.swc,936,542,5,L5:mapped:727,43.26300000000011,1.646
251637::091.swc,936,542,6,L6:mapped:532,193.37599999999932,2.2886
251637::091.swc,936,542,6,L6:mapped:533,84.23700000000068,1.9306
251637::091.swc,936,542,6,L6:mapped:536,4.314999999999997,0.7255
251637::091.swc,936,542,6,L6:mapped:539,38.753999999999955,1.5994
251637::091.swc,936,542,6,L6:mapped:541,133.0450000000019,2.1273
251637::091.swc,936,542,6,L6:mapped:542,147.3150000000016,2.1712
251637::091.swc,936,542,6,L6:mapped:545,17.693999999999978,1.2717
251637::091.swc,936,542,6,L6:mapped:548,39.704999999999984,1.6096
251637::091.swc,936,542,6,L6:mapped:549,115.95800000000165,2.068
251637::091.swc,936,542,6,L6:mapped:586,198.75699999999983,2.3005
251637::091.swc,936,542,6,L6:mapped:728,43.26300000000011,1.646
251637::092.swc,936,549,1,L1:mapped:501,99.36900000000121,2.0016
251637::092.swc,936,549,1,L1:mapped:638,135.28300000000223,2.1344
251637::092.swc,936,549,2,L2:mapped:516,99.36900000000121,2.0016
251637::092.swc,936,549,2,L2:mapped:724,135.28300000000223,2.1344
251637::092.swc,936,549,3,L3:mapped:537,99.36900000000121,2.0016
251637::092.swc,936,549,3,L3:mapped:724,135.28300000000223,2.1344
251637::092.swc,936,549,4,L4:mapped:538,47.04099999999995,1.6816
251637::092.swc,936,549,4,L4:mapped:547,52.3280000000002,1.727
251637::092.swc,936,549,4,L4:mapped:725,135.28300000000223,2.1344
251637::092.swc,936,549,5,L5:mapped:540,47.04099999999995,1.6816
251637::092.swc,936,549,5,L5:mapped:549,52.3280000000002,1.727
251637::092.swc,936,549,5,L5:mapped:727,135.28300000000223,2.1344
251637::092.swc,936,549,6,L6:mapped:542,27.304999999999936,1.4519
251637::092.swc,936,549,6,L6:mapped:543,19.735999999999986,1.3167
251637::092.swc,936,549,6,L6:mapped:549,52.3280000000002,1.727
251637::092.swc,936,549,6,L6:mapped:728,135.28300000000223,2.1344
251637::093.swc,936,549,1,L1:mapped:501,126.71800000000215,2.1063
251637::093.swc,936,549,2,L2:mapped:516,98.51200000000125,1.9979
251637::093.swc,936,549,2,L2:mapped:577,28.205999999999918,1.4655
251637::093.swc,936,549,3,L3:mapped:537,98.51200000000125,1.9979
251637::093.swc,936,549,3,L3:mapped:578,28.205999999999918,1.4655
251637::093.swc,936,549,4,L4:mapped:538,37.31399999999991,1.5834
251637::093.swc,936,549,4,L4:mapped:547,61.19800000000015,1.7938
251637::093.swc,936,549,4,L4:mapped:580,28.205999999999918,1.4655
251637::093.swc,936,549,5,L5:mapped:540,37.31399999999991,1.5834
251637::093.swc,936,549,5,L5:mapped:549,61.19800000000015,1.7938
251637::093.swc,936,549,5,L5:mapped:584,28.205999999999918,1.4655
251637::093.swc,936,549,6,L6:mapped:542,37.31399999999991,1.5834
251637::093.swc,936,549,6,L6:mapped:549,61.19800000000015,1.7938
251637::093.swc,936,549,6,L6:mapped:585,5.645999999999996,0.8226
251637::093.swc,936,549,6,L6:mapped:586,22.559999999999942,1.3722
251637::094.swc,936,549,1,L1:mapped:501,207.57199999999938,2.3193
251637::094.swc,936,549,2,L2:mapped:516,207.57199999999938,2.3193
251637::094.swc,936,549,3,L3:mapped:537,207.57199999999938,2.3193
251637::094.swc,936,549,4,L4:mapped:538,55.47900000000021,1.7519
251637::094.swc,936,549,4,L4:mapped:547,152.09300000000187,2.185
251637::094.swc,936,549,5,L5:mapped:540,55.47900000000021,1.7519
251637::094.swc,936,549,5,L5:mapped:549,152.09300000000187,2.185
251637::094.swc,936,549,6,L6:mapped:541,1.9339999999999997,0.4675
251637::094.swc,936,549,6,L6:mapped:542,53.54500000000018,1.7368
251637::094.swc,936,549,6,L6:mapped:549,152.09300000000187,2.185
251637::095.swc,936,541,1,L1:mapped:501,55.25099999999995,1.7501
251637::095.swc,936,541,2,L2:mapped:516,55.25099999999995,1.7501
251637::095.swc,936,541,3,L3:mapped:537,55.25099999999995,1.7501
251637::095.swc,936,541,4,L4:mapped:538,55.25099999999995,1.7501
251637::095.swc,936,541,5,L5:mapped:540,55.25099999999995,1.7501
251637::095.swc,936,541,6,L6:mapped:541,50.27699999999998,1.7099
251637::095.swc,936,541,6,L6:mapped:542,4.9739999999999975,0.7763
251637::096.swc,936,728,1,L1:mapped:501,175.8910000000002,2.2477
251637::096.swc,936,728,1,L1:mapped:590,144.20200000000102,2.162
251637::096.swc,936,728,1,L1:mapped:638,314.3949999999974,2.4989
251637::096.swc,936,728,1,L1:mapped:1501,96.30600000000074,1.9881
251637::096.swc,936,728,2,L2:mapped:577,175.8910000000002,2.2477
251637::096.swc,936,728,2,L2:mapped:591,144.20200000000102,2.162
251637::096.swc,936,728,2,L2:mapped:724,314.3949999999974,2.4989
251637::096.swc,936,728,2,L2:mapped:1524,49.264999999999915,1.7013
251637::096.swc,936,728,2,L2:mapped:1550,43.51299999999994,1.6485
251637::096.swc,936,728,3,L3:mapped:578,175.8910000000002,2.2477
251637::096.swc,936,728,3,L3:mapped:595,144.20200000000102,2.162
251637::096.swc,936,728,3,L3:mapped:724,314.3949999999974,2.4989
251637::096.swc,936,728,3,L3:mapped:1525,49.264999999999915,1.7013
251637::096.swc,936,728,3,L3:mapped:1551,43.51299999999994,1.6485
251637::096.swc,936,728,4,L4:mapped:580,175.8910000000002,2.2477
251637::096.swc,936,728,4,L4:mapped:595,144.20200000000102,2.162
251637::096.swc,936,728,4,L4:mapped:725,314.3949999999974,2.4989
251637::096.swc,936,728,4,L4:mapped:1530,49.264999999999915,1.7013
251637::096.swc,936,728,4,L4:mapped:1552,43.51299999999994,1.6485
251637::096.swc,936,728,5,L5:mapped:584,175.8910000000002,2.2477
251637::096.swc,936,728,5,L5:mapped:595,144.20200000000102,2.162
251637::096.swc,936,728,5,L5:mapped:727,314.3949999999974,2.4989
251637::096.swc,936,728,5,L5:mapped:1531,45.00199999999993,1.6628
251637::096.swc,936,728,5,L5:mapped:1557,43.51299999999994,1.6485
251637::096.swc,936,728,6,L6:mapped:585,61.22699999999991,1.794
251637::096.swc,936,728,6,L6:mapped:586,114.66400000000162,2.0632
251637::096.swc,936,728,6,L6:mapped:595,144.20200000000102,2.162
251637::096.swc,936,728,6,L6:mapped:728,312.64599999999734,2.4964
251637::096.swc,936,728,6,L6:mapped:729,1.7489999999999997,0.4392
251637::096.swc,936,728,6,L6:mapped:1532,39.101999999999954,1.6032
251637::096.swc,936,728,6,L6:mapped:1557,43.51299999999994,1.6485
251637::097.swc,936,728,1,L1:mapped:590,61.48899999999999,1.7958
251637::097.swc,936,728,1,L1:mapped:638,472.81799999999095,2.6756
251637::097.swc,936,728,1,L1:mapped:1501,1238.2189999999603,3.0931
251637::097.swc,936,728,2,L2:mapped:591,61.48899999999999,1.7958
251637::097.swc,936,728,2,L2:mapped:724,472.81799999999095,2.6756
251637::097.swc,936,728,2,L2:mapped:1510,79.97600000000038,1.9084
251637::097.swc,936,728,2,L2:mapped:1550,1139.8149999999605,3.0572
251637::097.swc,936,728,3,L3:mapped:595,61.48899999999999,1.7958
251637::097.swc,936,728,3,L3:mapped:724,472.81799999999095,2.6756
251637::097.swc,936,728,3,L3:mapped:1511,79.97600000000038,1.9084
251637::097.swc,936,728,3,L3:mapped:1551,1139.8149999999605,3.0572
251637::097.swc,936,728,4,L4:mapped:595,61.48899999999999,1.7958
251637::097.swc,936,728,4,L4:mapped:725,472.81799999999095,2.6756
251637::097.swc,936,728,4,L4:mapped:1512,29.093999999999998,1.4785
251637::097.swc,936,728,4,L4:mapped:1517,50.88199999999985,1.715
251637::097.swc,936,728,4,L4:mapped:1552,1139.8149999999605,3.0572
251637::097.swc,936,728,5,L5:mapped:595,61.48899999999999,1.7958
251637::097.swc,936,728,5,L5:mapped:727,472.81799999999095,2.6756
251637::097.swc,936,728,5,L5:mapped:1513,29.093999999999998,1.4785
251637::097.swc,936,728,5,L5:mapped:1518,50.88199999999985,1.715
251637::097.swc,936,728,5,L5:mapped:1553,546.0649999999939,2.738
251637::097.swc,936,728,5,L5:mapped:1556,434.9019999999915,2.6394
251637::097.swc,936,728,5,L5:mapped:1557,7.250999999999998,0.9165
251637::097.swc,936,728,5,L5:mapped:1558,151.59700000000106,2.1835
251637::097.swc,936,728,6,L6:mapped:595,61.48899999999999,1.7958
251637::097.swc,936,728,6,L6:mapped:728,425.0309999999931,2.6294
251637::097.swc,936,728,6,L6:mapped:729,47.78699999999992,1.6883
251637::097.swc,936,728,6,L6:mapped:1515,29.093999999999998,1.4785
251637::097.swc,936,728,6,L6:mapped:1519,20.977000000000018,1.342
251637::097.swc,936,728,6,L6:mapped:1520,29.904999999999983,1.49
251637::097.swc,936,728,6,L6:mapped:1554,477.550999999993,2.6799
251637::097.swc,936,728,6,L6:mapped:1555,68.51399999999992,1.8421
251637::097.swc,936,728,6,L6:mapped:1556,434.9019999999915,2.6394
251637::097.swc,936,728,6,L6:mapped:1557,7.250999999999998,0.9165
251637::097.swc,936,728,6,L6:mapped:1558,151.59700000000106,2.1835
251637::098.swc,936,728,1,L1:mapped:501,15.271000000000003,1.2114
251637::098.swc,936,728,1,L1:mapped:590,1274.7409999999832,3.1058
251637::098.swc,936,728,1,L1:mapped:638,271.4509999999997,2.4353
251637::098.swc,936,728,1,L1:mapped:1501,239.966999999998,2.382
251637::098.swc,936,728,2,L2:mapped:577,15.271000000000003,1.2114
251637::098.swc,936,728,2,L2:mapped:591,711.3519999999918,2.8527
251637::098.swc,936,728,2,L2:mapped:596,25.667999999999985,1.426
251637::098.swc,936,728,2,L2:mapped:612,537.7209999999931,2.7314
251637::098.swc,936,728,2,L2:mapped:724,271.4509999999997,2.4353
251637::098.swc,936,728,2,L2:mapped:1502,60.903000000000155,1.7917
251637::098.swc,936,728,2,L2:mapped:1550,179.06399999999917,2.2554
251637::098.swc,936,728,3,L3:mapped:578,15.271000000000003,1.2114
251637::098.swc,936,728,3,L3:mapped:592,186.8299999999997,2.2738
251637::098.swc,936,728,3,L3:mapped:595,524.5219999999933,2.7206
251637::098.swc,936,728,3,L3:mapped:607,20.254999999999974,1.3275
251637::098.swc,936,728,3,L3:mapped:613,11.119999999999985,1.0835
251637::098.swc,936,728,3,L3:mapped:620,526.6009999999931,2.7223
251637::098.swc,936,728,3,L3:mapped:724,271.4509999999997,2.4353
251637::098.swc,936,728,3,L3:mapped:1503,60.903000000000155,1.7917
251637::098.swc,936,728,3,L3:mapped:1551,179.06399999999917,2.2554
251637::098.swc,936,728,4,L4:mapped:579,15.271000000000003,1.2114
251637::098.swc,936,728,4,L4:mapped:592,186.8299999999997,2.2738
251637::098.swc,936,728,4,L4:mapped:595,524.5219999999933,2.7206
251637::098.swc,936,728,4,L4:mapped:607,20.254999999999974,1.3275
251637::098.swc,936,728,4,L4:mapped:613,11.119999999999985,1.0835
251637::098.swc,936,728,4,L4:mapped:620,526.6009999999931,2.7223
251637::098.swc,936,728,4,L4:mapped:725,271.4509999999997,2.4353
251637::098.swc,936,728,4,L4:mapped:1504,60.903000000000155,1.7917
251637::098.swc,936,728,4,L4:mapped:1552,179.06399999999917,2.2554
251637::098.swc,936,728,5,L5:mapped:579,15.271000000000003,1.2114
251637::098.swc,936,728,5,L5:mapped:594,167.70000000000033,2.2271
251637::098.swc,936,728,5,L5:mapped:595,524.5219999999933,2.7206
251637::098.swc,936,728,5,L5:mapped:609,20.254999999999974,1.3275
251637::098.swc,936,728,5,L5:mapped:614,11.119999999999985,1.0835
251637::098.swc,936,728,5,L5:mapped:621,176.58000000000024,2.2494
251637::098.swc,936,728,5,L5:mapped:624,350.0209999999961,2.5453
251637::098.swc,936,728,5,L5:mapped:727,271.4509999999997,2.4353
251637::098.swc,936,728,5,L5:mapped:1504,60.903000000000155,1.7917
251637::098.swc,936,728,5,L5:mapped:1556,179.06399999999917,2.2554
251637::098.swc,936,728,6,L6:mapped:579,15.271000000000003,1.2114
251637::098.swc,936,728,6,L6:mapped:594,167.70000000000033,2.2271
251637::098.swc,936,728,6,L6:mapped:595,524.5219999999933,2.7206
251637::098.swc,936,728,6,L6:mapped:610,20.254999999999974,1.3275
251637::098.swc,936,728,6,L6:mapped:614,11.119999999999985,1.0835
251637::098.swc,936,728,6,L6:mapped:622,12.736999999999997,1.1379
251637::098.swc,936,728,6,L6:mapped:623,163.84300000000016,2.2171
251637::098.swc,936,728,6,L6:mapped:624,350.0209999999961,2.5453
251637::098.swc,936,728,6,L6:mapped:728,268.61999999999955,2.4308
251637::098.swc,936,728,6,L6:mapped:1504,60.903000000000155,1.7917
251637::098.swc,936,728,6,L6:mapped:1556,179.06399999999917,2.2554
251637::099.swc,936,728,1,L1:mapped:638,132.54300000000205,2.1256
251637::099.swc,936,728,2,L2:mapped:675,89.88800000000073,1.9585
251637::099.swc,936,728,2,L2:mapped:724,42.65499999999995,1.64
251637::099.swc,936,728,3,L3:mapped:677,6.704999999999996,0.8868
251637::099.swc,936,728,3,L3:mapped:688,83.1830000000006,1.9252
251637::099.swc,936,728,3,L3:mapped:724,42.65499999999995,1.64
251637::099.swc,936,728,4,L4:mapped:685,6.704999999999996,0.8868
251637::099.swc,936,728,4,L4:mapped:688,83.1830000000006,1.9252
251637::099.swc,936,728,4,L4:mapped:725,42.65499999999995,1.64
251637::099.swc,936,728,5,L5:mapped:685,6.704999999999996,0.8868
251637::099.swc,936,728,5,L5:mapped:689,83.1830000000006,1.9252
251637::099.swc,936,728,5,L5:mapped:727,42.65499999999995,1.64
251637::099.swc,936,728,6,L6:mapped:687,6.704999999999996,0.8868
251637::099.swc,936,728,6,L6:mapped:690,80.98800000000048,1.9138
251637::099.swc,936,728,6,L6:mapped:728,42.65499999999995,1.64
251637::100.swc,936,728,1,L1:mapped:638,196.2239999999992,2.295
251637::100.swc,936,728,2,L2:mapped:724,196.2239999999992,2.295
251637::100.swc,936,728,3,L3:mapped:724,196.2239999999992,2.295
251637::100.swc,936,728,4,L4:mapped:725,196.2239999999992,2.295
251637::100.swc,936,728,5,L5:mapped:727,196.2239999999992,2.295
251637::100.swc,936,728,6,L6:mapped:728,196.2239999999992,2.295
251637::101.swc,936,728,1,L1:mapped:638,34.51199999999996,1.5504
251637::101.swc,936,728,2,L2:mapped:724,34.51199999999996,1.5504
251637::101.swc,936,728,3,L3:mapped:724,34.51199999999996,1.5504
251637::101.swc,936,728,4,L4:mapped:725,34.51199999999996,1.5504
251637::101.swc,936,728,5,L5:mapped:727,34.51199999999996,1.5504
251637::101.swc,936,728,6,L6:mapped:728,34.51199999999996,1.5504
251637::102.swc,936,728,1,L1:mapped:638,36.84499999999997,1.578
251637::102.swc,936,728,2,L2:mapped:724,36.84499999999997,1.578
251637::102.swc,936,728,3,L3:mapped:724,36.84499999999997,1.578
251637::102.swc,936,728,4,L4:mapped:725,36.84499999999997,1.578
251637::102.swc,936,728,5,L5:mapped:727,36.84499999999997,1.578
251637::102.swc,936,728,6,L6:mapped:728,36.84499999999997,1.578
251637::103.swc,936,728,1,L1:mapped:638,762.7759999999801,2.883
251637::103.swc,936,728,1,L1:mapped:1501,49.144999999999875,1.7002
251637::103.swc,936,728,2,L2:mapped:724,762.7759999999801,2.883
251637::103.swc,936,728,2,L2:mapped:1550,42.39499999999988,1.6374
251637::103.swc,936,728,3,L3:mapped:724,762.7759999999801,2.883
251637::103.swc,936,728,3,L3:mapped:1551,42.39499999999988,1.6374
251637::103.swc,936,728,4,L4:mapped:725,762.7759999999801,2.883
251637::103.swc,936,728,4,L4:mapped:1552,42.39499999999988,1.6374
251637::103.swc,936,728,5,L5:mapped:727,762.7759999999801,2.883
251637::103.swc,936,728,5,L5:mapped:1556,42.39499999999988,1.6374
251637::103.swc,936,728,6,L6:mapped:728,656.4299999999832,2.8178
251637::103.swc,936,728,6,L6:mapped:729,106.34600000000142,2.0308
251637::103.swc,936,728,6,L6:mapped:1556,42.39499999999988,1.6374
251637::104.swc,936,728,1,L1:mapped:590,30.059999999999974,1.4922
251637::104.swc,936,728,1,L1:mapped:638,791.3639999999854,2.8989
251637::104.swc,936,728,1,L1:mapped:1501,1777.9599999999043,3.2502
251637::104.swc,936,728,2,L2:mapped:591,30.059999999999974,1.4922
251637::104.swc,936,728,2,L2:mapped:665,98.67700000000083,1.9986
251637::104.swc,936,728,2,L2:mapped:675,290.53899999999726,2.4647
251637::104.swc,936,728,2,L2:mapped:724,402.1479999999937,2.6055
251637::104.swc,936,728,2,L2:mapped:1502,98.30400000000085,1.997
251637::104.swc,936,728,2,L2:mapped:1524,19.630999999999986,1.3145
251637::104.swc,936,728,2,L2:mapped:1550,1660.0249999999078,3.2204
251637::104.swc,936,728,3,L3:mapped:595,30.059999999999974,1.4922
251637::104.swc,936,728,3,L3:mapped:665,98.67700000000083,1.9986
251637::104.swc,936,728,3,L3:mapped:677,230.86899999999835,2.3652
251637::104.swc,936,728,3,L3:mapped:688,59.66999999999996,1.783
251637::104.swc,936,728,3,L3:mapped:724,402.1479999999937,2.6055
251637::104.swc,936,728,3,L3:mapped:1503,89.9310000000006,1.9587
251637::104.swc,936,728,3,L3:mapped:1525,19.630999999999986,1.3145
251637::104.swc,936,728,3,L3:mapped:1551,1660.0249999999078,3.2204
251637::104.swc,936,728,4,L4:mapped:595,30.059999999999974,1.4922
251637::104.swc,936,728,4,L4:mapped:667,98.67700000000083,1.9986
251637::104.swc,936,728,4,L4:mapped:685,230.86899999999835,2.3652
251637::104.swc,936,728,4,L4:mapped:688,59.66999999999996,1.783
251637::104.swc,936,728,4,L4:mapped:725,402.1479999999937,2.6055
251637::104.swc,936,728,4,L4:mapped:1504,89.9310000000006,1.9587
251637::104.swc,936,728,4,L4:mapped:1530,19.630999999999986,1.3145
251637::104.swc,936,728,4,L4:mapped:1552,1660.0249999999078,3.2204
251637::104.swc,936,728,5,L5:mapped:595,30.059999999999974,1.4922
251637::104.swc,936,728,5,L5:mapped:671,98.67700000000083,1.9986
251637::104.swc,936,728,5,L5:mapped:685,230.86899999999835,2.3652
251637::104.swc,936,728,5,L5:mapped:689,59.66999999999996,1.783
251637::104.swc,936,728,5,L5:mapped:727,396.4289999999939,2.5993
251637::104.swc,936,728,5,L5:mapped:1504,89.9310000000006,1.9587
251637::104.swc,936,728,5,L5:mapped:1531,19.630999999999986,1.3145
251637::104.swc,936,728,5,L5:mapped:1553,426.72799999999256,2.6312
251637::104.swc,936,728,5,L5:mapped:1556,1188.211999999956,3.0753
251637::104.swc,936,728,5,L5:mapped:1557,37.60199999999995,1.5866
251637::104.swc,936,728,5,L5:mapped:1558,7.483000000000003,0.9285
251637::104.swc,936,728,6,L6:mapped:595,30.059999999999974,1.4922
251637::104.swc,936,728,6,L6:mapped:674,98.67700000000083,1.9986
251637::104.swc,936,728,6,L6:mapped:686,41.37200000000003,1.6271
251637::104.swc,936,728,6,L6:mapped:687,189.49699999999996,2.2799
251637::104.swc,936,728,6,L6:mapped:690,58.931999999999974,1.7777
251637::104.swc,936,728,6,L6:mapped:728,371.62699999999506,2.5713
251637::104.swc,936,728,6,L6:mapped:729,24.801999999999936,1.4117
251637::104.swc,936,728,6,L6:mapped:1504,89.9310000000006,1.9587
251637::104.swc,936,728,6,L6:mapped:1532,19.630999999999986,1.3145
251637::104.swc,936,728,6,L6:mapped:1554,407.32499999999277,2.611
251637::104.swc,936,728,6,L6:mapped:1555,19.40299999999998,1.3097
251637::104.swc,936,728,6,L6:mapped:1556,1188.211999999956,3.0753
251637::104.swc,936,728,6,L6:mapped:1557,37.60199999999995,1.5866
251637::104.swc,936,728,6,L6:mapped:1558,7.483000000000003,0.9285
251637::105.swc,936,728,1,L1:mapped:638,571.650999999994,2.7579
251637::105.swc,936,728,2,L2:mapped:639,218.65199999999865,2.3417
251637::105.swc,936,728,2,L2:mapped:724,352.99899999999644,2.549
251637::105.swc,936,728,3,L3:mapped:653,218.65199999999865,2.3417
251637::105.swc,936,728,3,L3:mapped:724,352.99899999999644,2.549
251637::105.swc,936,728,4,L4:mapped:660,212.84199999999868,2.3301
251637::105.swc,936,728,4,L4:mapped:725,352.99899999999644,2.549
251637::105.swc,936,728,5,L5:mapped:661,122.13500000000184,2.0904
251637::105.swc,936,728,5,L5:mapped:662,90.70700000000065,1.9624
251637::105.swc,936,728,5,L5:mapped:727,352.99899999999644,2.549
251637::105.swc,936,728,6,L6:mapped:661,122.13500000000184,2.0904
251637::105.swc,936,728,6,L6:mapped:663,48.18799999999989,1.6919
251637::105.swc,936,728,6,L6:mapped:664,42.518999999999984,1.6387
251637::105.swc,936,728,6,L6:mapped:728,352.99899999999644,2.549
251637::106.swc,936,728,1,L1:mapped:590,32.32199999999992,1.5227
251637::106.swc,936,728,1,L1:mapped:638,391.1009999999943,2.5934
251637::106.swc,936,728,2,L2:mapped:591,32.32199999999992,1.5227
251637::106.swc,936,728,2,L2:mapped:724,391.1009999999943,2.5934
251637::106.swc,936,728,3,L3:mapped:595,32.32199999999992,1.5227
251637::106.swc,936,728,3,L3:mapped:724,391.1009999999943,2.5934
251637::106.swc,936,728,4,L4:mapped:595,32.32199999999992,1.5227
251637::106.swc,936,728,4,L4:mapped:725,391.1009999999943,2.5934
251637::106.swc,936,728,5,L5:mapped:595,32.32199999999992,1.5227
251637::106.swc,936,728,5,L5:mapped:727,391.1009999999943,2.5934
251637::106.swc,936,728,6,L6:mapped:595,32.32199999999992,1.5227
251637::106.swc,936,728,6,L6:mapped:728,391.1009999999943,2.5934
251637::107.swc,936,728,1,L1:mapped:590,14.831999999999994,1.1995
251637::107.swc,936,728,1,L1:mapped:638,124.84500000000139,2.0998
251637::107.swc,936,728,2,L2:mapped:591,14.831999999999994,1.1995
251637::107.swc,936,728,2,L2:mapped:724,124.84500000000139,2.0998
251637::107.swc,936,728,3,L3:mapped:595,14.831999999999994,1.1995
251637::107.swc,936,728,3,L3:mapped:724,124.84500000000139,2.0998
251637::107.swc,936,728,4,L4:mapped:595,14.831999999999994,1.1995
251637::107.swc,936,728,4,L4:mapped:725,124.84500000000139,2.0998
251637::107.swc,936,728,5,L5:mapped:595,14.831999999999994,1.1995
251637::107.swc,936,728,5,L5:mapped:727,124.84500000000139,2.0998
251637::107.swc,936,728,6,L6:mapped:595,14.831999999999994,1.1995
251637::107.swc,936,728,6,L6:mapped:728,112.35500000000101,2.0544
251637::107.swc,936,728,6,L6:mapped:729,12.489999999999993,1.13
251637::108.swc,936,728,1,L1:mapped:590,7.715999999999991,0.9403
251637::108.swc,936,728,1,L1:mapped:638,305.623999999998,2.4866
251637::108.swc,936,728,2,L2:mapped:591,7.715999999999991,0.9403
251637::108.swc,936,728,2,L2:mapped:724,305.623999999998,2.4866
251637::108.swc,936,728,3,L3:mapped:595,7.715999999999991,0.9403
251637::108.swc,936,728,3,L3:mapped:724,305.623999999998,2.4866
251637::108.swc,936,728,4,L4:mapped:595,7.715999999999991,0.9403
251637::108.swc,936,728,4,L4:mapped:725,305.623999999998,2.4866
251637::108.swc,936,728,5,L5:mapped:595,7.715999999999991,0.9403
251637::108.swc,936,728,5,L5:mapped:727,305.623999999998,2.4866
251637::108.swc,936,728,6,L6:mapped:595,7.715999999999991,0.9403
251637::108.swc,936,728,6,L6:mapped:728,305.623999999998,2.4866
251637::109.swc,936,728,1,L1:mapped:501,364.8149999999925,2.5633
251637::109.swc,936,728,1,L1:mapped:638,125.66100000000174,2.1026
251637::109.swc,936,728,2,L2:mapped:502,364.8149999999925,2.5633
251637::109.swc,936,728,2,L2:mapped:639,35.19699999999998,1.5587
251637::109.swc,936,728,2,L2:mapped:724,90.46400000000102,1.9613
251637::109.swc,936,728,3,L3:mapped:511,364.8149999999925,2.5633
251637::109.swc,936,728,3,L3:mapped:653,35.19699999999998,1.5587
251637::109.swc,936,728,3,L3:mapped:724,90.46400000000102,1.9613
251637::109.swc,936,728,4,L4:mapped:511,364.8149999999925,2.5633
251637::109.swc,936,728,4,L4:mapped:660,34.76599999999997,1.5535
251637::109.swc,936,728,4,L4:mapped:725,90.46400000000102,1.9613
251637::109.swc,936,728,5,L5:mapped:512,30.01799999999995,1.4916
251637::109.swc,936,728,5,L5:mapped:515,334.7969999999929,2.5261
251637::109.swc,936,728,5,L5:mapped:661,28.87099999999996,1.4752
251637::109.swc,936,728,5,L5:mapped:662,5.895,0.8385
251637::109.swc,936,728,5,L5:mapped:727,90.46400000000102,1.9613
251637::109.swc,936,728,6,L6:mapped:514,30.01799999999995,1.4916
251637::109.swc,936,728,6,L6:mapped:515,334.7969999999929,2.5261
251637::109.swc,936,728,6,L6:mapped:661,28.87099999999996,1.4752
251637::109.swc,936,728,6,L6:mapped:663,5.895,0.8385
251637::109.swc,936,728,6,L6:mapped:728,90.46400000000102,1.9613
251637::110.swc,936,728,1,L1:mapped:638,47.376999999999875,1.6846
251637::110.swc,936,728,2,L2:mapped:724,47.376999999999875,1.6846
251637::110.swc,936,728,3,L3:mapped:724,47.376999999999875,1.6846
251637::110.swc,936,728,4,L4:mapped:725,47.376999999999875,1.6846
251637::110.swc,936,728,5,L5:mapped:727,47.376999999999875,1.6846
251637::110.swc,936,728,6,L6:mapped:728,47.376999999999875,1.6846
251637::111.swc,936,728,1,L1:mapped:638,347.63299999999623,2.5424
251637::111.swc,936,728,2,L2:mapped:724,347.63299999999623,2.5424
251637::111.swc,936,728,3,L3:mapped:724,347.63299999999623,2.5424
251637::111.swc,936,728,4,L4:mapped:725,347.63299999999623,2.5424
251637::111.swc,936,728,5,L5:mapped:727,347.63299999999623,2.5424
251637::111.swc,936,728,6,L6:mapped:728,265.609999999997,2.4259
251637::111.swc,936,728,6,L6:mapped:729,82.02300000000064,1.9192
251637::112.swc,936,0,1,L1:mapped:638,134.27400000000173,2.1312
251637::112.swc,936,0,2,L2:mapped:724,134.27400000000173,2.1312
251637::112.swc,936,0,3,L3:mapped:724,134.27400000000173,2.1312
251637::112.swc,936,0,4,L4:mapped:725,134.27400000000173,2.1312
251637::112.swc,936,0,5,L5:mapped:727,134.27400000000173,2.1312
251637::112.swc,936,0,6,L6:mapped:728,134.27400000000173,2.1312
251637::113.swc,936,728,1,L1:mapped:638,8.225999999999997,0.965
251637::113.swc,936,728,2,L2:mapped:724,8.225999999999997,0.965
251637::113.swc,936,728,3,L3:mapped:724,8.225999999999997,0.965
251637::113.swc,936,728,4,L4:mapped:725,8.225999999999997,0.965
251637::113.swc,936,728,5,L5:mapped:727,8.225999999999997,0.965
251637::113.swc,936,728,6,L6:mapped:728,8.225999999999997,0.965
251637::114.swc,936,0,1,L1:mapped:638,192.5450000000003,2.2868
251637::114.swc,936,0,2,L2:mapped:724,192.5450000000003,2.2868
251637::114.swc,936,0,3,L3:mapped:724,192.5450000000003,2.2868
251637::114.swc,936,0,4,L4:mapped:725,192.5450000000003,2.2868
251637::114.swc,936,0,5,L5:mapped:727,192.5450000000003,2.2868
251637::114.swc,936,0,6,L6:mapped:728,192.5450000000003,2.2868
251637::115.swc,936,0,1,L1:mapped:590,128.53000000000102,2.1124
251637::115.swc,936,0,1,L1:mapped:638,44.366,1.6567
251637::115.swc,936,0,2,L2:mapped:591,102.50600000000075,2.015
251637::115.swc,936,0,2,L2:mapped:612,26.023999999999997,1.4317
251637::115.swc,936,0,2,L2:mapped:724,44.366,1.6567
251637::115.swc,936,0,3,L3:mapped:595,36.00900000000003,1.5683
251637::115.swc,936,0,3,L3:mapped:620,26.023999999999997,1.4317
251637::115.swc,936,0,3,L3:mapped:724,44.366,1.6567
251637::115.swc,936,0,4,L4:mapped:595,36.00900000000003,1.5683
251637::115.swc,936,0,4,L4:mapped:620,26.023999999999997,1.4317
251637::115.swc,936,0,4,L4:mapped:725,44.366,1.6567
251637::115.swc,936,0,5,L5:mapped:595,36.00900000000003,1.5683
251637::115.swc,936,0,5,L5:mapped:621,26.023999999999997,1.4317
251637::115.swc,936,0,5,L5:mapped:727,44.366,1.6567
251637::115.swc,936,0,6,L6:mapped:595,36.00900000000003,1.5683
251637::115.swc,936,0,6,L6:mapped:623,26.023999999999997,1.4317
251637::115.swc,936,0,6,L6:mapped:728,44.366,1.6567
251637::116.swc,936,728,1,L1:mapped:638,58.00299999999996,1.7709
251637::116.swc,936,728,2,L2:mapped:724,58.00299999999996,1.7709
251637::116.swc,936,728,3,L3:mapped:724,58.00299999999996,1.7709
251637::116.swc,936,728,4,L4:mapped:725,58.00299999999996,1.7709
251637::116.swc,936,728,5,L5:mapped:727,58.00299999999996,1.7709
251637::116.swc,936,728,6,L6:mapped:728,58.00299999999996,1.7709
251637::117.swc,936,728,1,L1:mapped:638,1026.0069999999887,3.0116
251637::117.swc,936,728,1,L1:mapped:1501,143.65800000000095,2.1603
251637::117.swc,936,728,2,L2:mapped:675,35.976999999999954,1.5679
251637::117.swc,936,728,2,L2:mapped:724,954.7829999999904,2.9804
251637::117.swc,936,728,2,L2:mapped:1524,143.65800000000095,2.1603
251637::117.swc,936,728,3,L3:mapped:677,35.976999999999954,1.5679
251637::117.swc,936,728,3,L3:mapped:724,954.7829999999904,2.9804
251637::117.swc,936,728,3,L3:mapped:1525,143.65800000000095,2.1603
251637::117.swc,936,728,4,L4:mapped:678,19.583,1.3135
251637::117.swc,936,728,4,L4:mapped:685,16.394,1.2404
251637::117.swc,936,728,4,L4:mapped:725,954.7829999999904,2.9804
251637::117.swc,936,728,4,L4:mapped:1526,27.64000000000001,1.457
251637::117.swc,936,728,4,L4:mapped:1530,116.01800000000117,2.0683
251637::117.swc,936,728,5,L5:mapped:682,19.583,1.3135
251637::117.swc,936,728,5,L5:mapped:685,16.394,1.2404
251637::117.swc,936,728,5,L5:mapped:726,22.204999999999977,1.3656
251637::117.swc,936,728,5,L5:mapped:727,932.5779999999907,2.9702
251637::117.swc,936,728,5,L5:mapped:1527,27.02600000000001,1.4476
251637::117.swc,936,728,5,L5:mapped:1528,0.6140000000000001,0.2079
251637::117.swc,936,728,5,L5:mapped:1531,89.91700000000078,1.9586
251637::117.swc,936,728,5,L5:mapped:1535,25.210000000000004,1.4185
251637::117.swc,936,728,6,L6:mapped:684,19.583,1.3135
251637::117.swc,936,728,6,L6:mapped:686,11.619999999999996,1.1011
251637::117.swc,936,728,6,L6:mapped:726,22.204999999999977,1.3656
251637::117.swc,936,728,6,L6:mapped:728,932.5779999999907,2.9702
251637::117.swc,936,728,6,L6:mapped:1527,27.02600000000001,1.4476
251637::117.swc,936,728,6,L6:mapped:1528,0.6140000000000001,0.2079
251637::117.swc,936,728,6,L6:mapped:1532,54.36299999999996,1.7432
251637::117.swc,936,728,6,L6:mapped:1533,35.553999999999995,1.5629
251637::117.swc,936,728,6,L6:mapped:1537,4.723,0.7576
251637::117.swc,936,728,6,L6:mapped:1538,20.486999999999995,1.3322
251637::118.swc,936,728,1,L1:mapped:638,366.2709999999959,2.565
251637::118.swc,936,728,1,L1:mapped:1501,65.34599999999982,1.8218
251637::118.swc,936,728,2,L2:mapped:724,366.2709999999959,2.565
251637::118.swc,936,728,2,L2:mapped:1524,20.708999999999996,1.3366
251637::118.swc,936,728,3,L3:mapped:724,366.2709999999959,2.565
251637::118.swc,936,728,3,L3:mapped:1525,20.708999999999996,1.3366
251637::118.swc,936,728,4,L4:mapped:725,366.2709999999959,2.565
251637::118.swc,936,728,4,L4:mapped:1530,19.061999999999994,1.3024
251637::118.swc,936,728,5,L5:mapped:726,24.92699999999998,1.4138
251637::118.swc,936,728,5,L5:mapped:727,341.34399999999687,2.5345
251637::118.swc,936,728,5,L5:mapped:1531,1.9510000000000003,0.47
251637::118.swc,936,728,5,L5:mapped:1535,17.110999999999997,1.2579
251637::118.swc,936,728,6,L6:mapped:726,24.92699999999998,1.4138
251637::118.swc,936,728,6,L6:mapped:728,341.34399999999687,2.5345
251637::118.swc,936,728,6,L6:mapped:1532,1.9510000000000003,0.47
251637::118.swc,936,728,6,L6:mapped:1537,17.110999999999997,1.2579
251637::119.swc,936,728,1,L1:mapped:638,161.10100000000142,2.2098
251637::119.swc,936,728,2,L2:mapped:724,161.10100000000142,2.2098
251637::119.swc,936,728,3,L3:mapped:724,161.10100000000142,2.2098
251637::119.swc,936,728,4,L4:mapped:725,161.10100000000142,2.2098
251637::119.swc,936,728,5,L5:mapped:727,161.10100000000142,2.2098
251637::119.swc,936,728,6,L6:mapped:728,161.10100000000142,2.2098
251637::120.swc,936,728,1,L1:mapped:638,59.929000000000045,1.7848
251637::120.swc,936,728,2,L2:mapped:724,59.929000000000045,1.7848
251637::120.swc,936,728,3,L3:mapped:724,59.929000000000045,1.7848
251637::120.swc,936,728,4,L4:mapped:725,59.929000000000045,1.7848
251637::120.swc,936,728,5,L5:mapped:727,59.929000000000045,1.7848
251637::120.swc,936,728,6,L6:mapped:728,59.929000000000045,1.7848
251637::121.swc,936,728,1,L1:mapped:638,75.3900000000002,1.883
251637::121.swc,936,728,2,L2:mapped:724,75.3900000000002,1.883
251637::121.swc,936,728,3,L3:mapped:724,75.3900000000002,1.883
251637::121.swc,936,728,4,L4:mapped:725,75.3900000000002,1.883
251637::121.swc,936,728,5,L5:mapped:727,75.3900000000002,1.883
251637::121.swc,936,728,6,L6:mapped:728,75.3900000000002,1.883
251637::122.swc,936,728,1,L1:mapped:638,819.7169999999899,2.9142
251637::122.swc,936,728,1,L1:mapped:1501,400.3969999999989,2.6036
251637::122.swc,936,728,2,L2:mapped:639,359.8089999999985,2.5573
251637::122.swc,936,728,2,L2:mapped:665,107.87000000000049,2.0369
251637::122.swc,936,728,2,L2:mapped:724,352.03799999999666,2.5478
251637::122.swc,936,728,2,L2:mapped:1502,131.3620000000003,2.1218
251637::122.swc,936,728,2,L2:mapped:1524,210.61499999999947,2.3255
251637::122.swc,936,728,2,L2:mapped:1550,58.41999999999993,1.7739
251637::122.swc,936,728,3,L3:mapped:653,359.8089999999985,2.5573
251637::122.swc,936,728,3,L3:mapped:665,107.87000000000049,2.0369
251637::122.swc,936,728,3,L3:mapped:724,352.03799999999666,2.5478
251637::122.swc,936,728,3,L3:mapped:1503,89.88000000000017,1.9585
251637::122.swc,936,728,3,L3:mapped:1505,41.48199999999995,1.6282
251637::122.swc,936,728,3,L3:mapped:1525,187.1449999999996,2.2745
251637::122.swc,936,728,3,L3:mapped:1540,23.469999999999995,1.3886
251637::122.swc,936,728,3,L3:mapped:1551,58.41999999999993,1.7739
251637::122.swc,936,728,4,L4:mapped:654,148.5320000000007,2.1747
251637::122.swc,936,728,4,L4:mapped:660,211.27699999999936,2.3269
251637::122.swc,936,728,4,L4:mapped:666,83.3730000000001,1.9262
251637::122.swc,936,728,4,L4:mapped:667,24.496999999999993,1.4065
251637::122.swc,936,728,4,L4:mapped:725,352.03799999999666,2.5478
251637::122.swc,936,728,4,L4:mapped:1504,89.88000000000017,1.9585
251637::122.swc,936,728,4,L4:mapped:1506,19.10000000000002,1.3032
251637::122.swc,936,728,4,L4:mapped:1509,22.381999999999998,1.3689
251637::122.swc,936,728,4,L4:mapped:1526,93.95500000000037,1.9775
251637::122.swc,936,728,4,L4:mapped:1530,93.1900000000006,1.974
251637::122.swc,936,728,4,L4:mapped:1543,23.469999999999995,1.3886
251637::122.swc,936,728,4,L4:mapped:1552,58.41999999999993,1.7739
251637::122.swc,936,728,5,L5:mapped:658,2.468,0.5401
251637::122.swc,936,728,5,L5:mapped:659,146.06400000000076,2.1675
251637::122.swc,936,728,5,L5:mapped:661,164.36000000000067,2.2184
251637::122.swc,936,728,5,L5:mapped:662,46.91699999999992,1.6805
251637::122.swc,936,728,5,L5:mapped:666,83.3730000000001,1.9262
251637::122.swc,936,728,5,L5:mapped:668,24.496999999999993,1.4065
251637::122.swc,936,728,5,L5:mapped:727,352.03799999999666,2.5478
251637::122.swc,936,728,5,L5:mapped:1504,89.88000000000017,1.9585
251637::122.swc,936,728,5,L5:mapped:1508,0.9650000000000002,0.2934
251637::122.swc,936,728,5,L5:mapped:1509,22.381999999999998,1.3689
251637::122.swc,936,728,5,L5:mapped:1527,11.135000000000003,1.084
251637::122.swc,936,728,5,L5:mapped:1528,82.82000000000028,1.9233
251637::122.swc,936,728,5,L5:mapped:1531,88.01500000000051,1.9495
251637::122.swc,936,728,5,L5:mapped:1535,5.174999999999998,0.7906
251637::122.swc,936,728,5,L5:mapped:1545,23.469999999999995,1.3886
251637::122.swc,936,728,5,L5:mapped:1556,8.133999999999997,0.9607
251637::122.swc,936,728,5,L5:mapped:1557,50.28599999999993,1.71
251637::122.swc,936,728,6,L6:mapped:658,2.468,0.5401
251637::122.swc,936,728,6,L6:mapped:659,146.06400000000076,2.1675
251637::122.swc,936,728,6,L6:mapped:661,164.36000000000067,2.2184
251637::122.swc,936,728,6,L6:mapped:664,46.91699999999992,1.6805
251637::122.swc,936,728,6,L6:mapped:666,83.3730000000001,1.9262
251637::122.swc,936,728,6,L6:mapped:670,24.496999999999993,1.4065
251637::122.swc,936,728,6,L6:mapped:728,352.03799999999666,2.5478
251637::122.swc,936,728,6,L6:mapped:1504,89.88000000000017,1.9585
251637::122.swc,936,728,6,L6:mapped:1508,0.9650000000000002,0.2934
251637::122.swc,936,728,6,L6:mapped:1509,22.381999999999998,1.3689
251637::122.swc,936,728,6,L6:mapped:1527,11.135000000000003,1.084
251637::122.swc,936,728,6,L6:mapped:1528,82.82000000000028,1.9233
251637::122.swc,936,728,6,L6:mapped:1532,75.42300000000016,1.8832
251637::122.swc,936,728,6,L6:mapped:1533,12.591999999999995,1.1333
251637::122.swc,936,728,6,L6:mapped:1536,5.174999999999998,0.7906
251637::122.swc,936,728,6,L6:mapped:1545,23.469999999999995,1.3886
251637::122.swc,936,728,6,L6:mapped:1556,8.133999999999997,0.9607
251637::122.swc,936,728,6,L6:mapped:1557,50.28599999999993,1.71
251637::123.swc,936,728,1,L1:mapped:501,207.64699999999917,2.3194
251637::123.swc,936,728,1,L1:mapped:638,655.7079999999893,2.8174
251637::123.swc,936,728,2,L2:mapped:516,203.19299999999942,2.31
251637::123.swc,936,728,2,L2:mapped:577,4.453999999999998,0.7367
251637::123.swc,936,728,2,L2:mapped:724,655.7079999999893,2.8174
251637::123.swc,936,728,3,L3:mapped:537,203.19299999999942,2.31
251637::123.swc,936,728,3,L3:mapped:578,4.453999999999998,0.7367
251637::123.swc,936,728,3,L3:mapped:724,655.7079999999893,2.8174
251637::123.swc,936,728,4,L4:mapped:538,38.445999999999984,1.596
251637::123.swc,936,728,4,L4:mapped:547,164.74700000000053,2.2194
251637::123.swc,936,728,4,L4:mapped:580,4.453999999999998,0.7367
251637::123.swc,936,728,4,L4:mapped:725,655.7079999999893,2.8174
251637::123.swc,936,728,5,L5:mapped:540,38.445999999999984,1.596
251637::123.swc,936,728,5,L5:mapped:548,3.4009999999999985,0.6436
251637::123.swc,936,728,5,L5:mapped:549,161.34600000000063,2.2104
251637::123.swc,936,728,5,L5:mapped:584,4.453999999999998,0.7367
251637::123.swc,936,728,5,L5:mapped:727,655.7079999999893,2.8174
251637::123.swc,936,728,6,L6:mapped:542,20.019999999999975,1.3226
251637::123.swc,936,728,6,L6:mapped:543,18.31499999999999,1.2859
251637::123.swc,936,728,6,L6:mapped:548,3.4009999999999985,0.6436
251637::123.swc,936,728,6,L6:mapped:549,161.34600000000063,2.2104
251637::123.swc,936,728,6,L6:mapped:586,4.453999999999998,0.7367
251637::123.swc,936,728,6,L6:mapped:728,655.7079999999893,2.8174
251637::124.swc,936,728,1,L1:mapped:638,1273.4959999999628,3.1053
251637::124.swc,936,728,1,L1:mapped:1501,125.58000000000185,2.1024
251637::124.swc,936,728,2,L2:mapped:724,1273.4959999999628,3.1053
251637::124.swc,936,728,2,L2:mapped:1550,116.99400000000162,2.0719
251637::124.swc,936,728,3,L3:mapped:724,1273.4959999999628,3.1053
251637::124.swc,936,728,3,L3:mapped:1551,116.99400000000162,2.0719
251637::124.swc,936,728,4,L4:mapped:725,1273.4959999999628,3.1053
251637::124.swc,936,728,4,L4:mapped:1552,116.99400000000162,2.0719
251637::124.swc,936,728,5,L5:mapped:727,1273.4959999999628,3.1053
251637::124.swc,936,728,5,L5:mapped:1556,116.99400000000162,2.0719
251637::124.swc,936,728,6,L6:mapped:728,1273.4959999999628,3.1053
251637::124.swc,936,728,6,L6:mapped:1556,116.99400000000162,2.0719
251637::125.swc,936,728,1,L1:mapped:590,2.4449999999999985,0.5372
251637::125.swc,936,728,1,L1:mapped:638,882.7109999999861,2.9463
251637::125.swc,936,728,2,L2:mapped:591,2.4449999999999985,0.5372
251637::125.swc,936,728,2,L2:mapped:724,882.7109999999861,2.9463
251637::125.swc,936,728,3,L3:mapped:595,2.4449999999999985,0.5372
251637::125.swc,936,728,3,L3:mapped:724,882.7109999999861,2.9463
251637::125.swc,936,728,4,L4:mapped:595,2.4449999999999985,0.5372
251637::125.swc,936,728,4,L4:mapped:725,882.7109999999861,2.9463
251637::125.swc,936,728,5,L5:mapped:595,2.4449999999999985,0.5372
251637::125.swc,936,728,5,L5:mapped:727,882.7109999999861,2.9463
251637::125.swc,936,728,6,L6:mapped:595,2.4449999999999985,0.5372
251637::125.swc,936,728,6,L6:mapped:728,882.7109999999861,2.9463
251637::126.swc,936,728,1,L1:mapped:501,61.00599999999992,1.7924
251637::126.swc,936,728,1,L1:mapped:590,0.151,0.0611
251637::126.swc,936,728,1,L1:mapped:638,618.5729999999896,2.7921
251637::126.swc,936,728,1,L1:mapped:1501,75.79700000000045,1.8853
251637::126.swc,936,728,2,L2:mapped:516,53.34199999999994,1.7351
251637::126.swc,936,728,2,L2:mapped:577,7.664,0.9377
251637::126.swc,936,728,2,L2:mapped:591,0.151,0.0611
251637::126.swc,936,728,2,L2:mapped:639,7.520999999999993,0.9305
251637::126.swc,936,728,2,L2:mapped:724,611.0519999999887,2.7868
251637::126.swc,936,728,2,L2:mapped:1524,31.743999999999957,1.5151
251637::126.swc,936,728,3,L3:mapped:537,53.34199999999994,1.7351
251637::126.swc,936,728,3,L3:mapped:578,7.664,0.9377
251637::126.swc,936,728,3,L3:mapped:595,0.151,0.0611
251637::126.swc,936,728,3,L3:mapped:653,7.520999999999993,0.9305
251637::126.swc,936,728,3,L3:mapped:724,611.0519999999887,2.7868
251637::126.swc,936,728,3,L3:mapped:1525,31.743999999999957,1.5151
251637::126.swc,936,728,4,L4:mapped:538,39.20699999999993,1.6043
251637::126.swc,936,728,4,L4:mapped:547,14.134999999999994,1.18
251637::126.swc,936,728,4,L4:mapped:580,7.664,0.9377
251637::126.swc,936,728,4,L4:mapped:595,0.151,0.0611
251637::126.swc,936,728,4,L4:mapped:660,7.520999999999993,0.9305
251637::126.swc,936,728,4,L4:mapped:725,611.0519999999887,2.7868
251637::126.swc,936,728,4,L4:mapped:1530,31.743999999999957,1.5151
251637::126.swc,936,728,5,L5:mapped:539,17.034999999999982,1.2561
251637::126.swc,936,728,5,L5:mapped:549,14.134999999999994,1.18
251637::126.swc,936,728,5,L5:mapped:584,7.664,0.9377
251637::126.swc,936,728,5,L5:mapped:595,0.151,0.0611
251637::126.swc,936,728,5,L5:mapped:661,7.520999999999993,0.9305
251637::126.swc,936,728,5,L5:mapped:727,611.0519999999887,2.7868
251637::126.swc,936,728,5,L5:mapped:1531,31.743999999999957,1.5151
251637::126.swc,936,728,6,L6:mapped:539,17.034999999999982,1.2561
251637::126.swc,936,728,6,L6:mapped:549,14.134999999999994,1.18
251637::126.swc,936,728,6,L6:mapped:586,7.664,0.9377
251637::126.swc,936,728,6,L6:mapped:595,0.151,0.0611
251637::126.swc,936,728,6,L6:mapped:661,7.520999999999993,0.9305
251637::126.swc,936,728,6,L6:mapped:728,569.3679999999891,2.7562
251637::126.swc,936,728,6,L6:mapped:729,41.68399999999997,1.6303
251637::126.swc,936,728,6,L6:mapped:1532,31.358999999999956,1.51
251637::127.swc,936,728,1,L1:mapped:638,248.96999999999858,2.3979
251637::127.swc,936,728,2,L2:mapped:724,248.96999999999858,2.3979
251637::127.swc,936,728,3,L3:mapped:724,248.96999999999858,2.3979
251637::127.swc,936,728,4,L4:mapped:725,248.96999999999858,2.3979
251637::127.swc,936,728,5,L5:mapped:727,248.96999999999858,2.3979
251637::127.swc,936,728,6,L6:mapped:728,248.96999999999858,2.3979
251637::128.swc,936,728,1,L1:mapped:638,454.12399999999366,2.6581
251637::128.swc,936,728,1,L1:mapped:1501,362.128999999994,2.5601
251637::128.swc,936,728,2,L2:mapped:724,454.12399999999366,2.6581
251637::128.swc,936,728,2,L2:mapped:1550,318.90799999999683,2.505
251637::128.swc,936,728,2,L2:mapped:1569,1.0020000000000004,0.3015
251637::128.swc,936,728,3,L3:mapped:724,454.12399999999366,2.6581
251637::128.swc,936,728,3,L3:mapped:1551,305.33199999999647,2.4862
251637::128.swc,936,728,3,L3:mapped:1562,13.575999999999992,1.1636
251637::128.swc,936,728,3,L3:mapped:1569,1.0020000000000004,0.3015
251637::128.swc,936,728,4,L4:mapped:725,454.12399999999366,2.6581
251637::128.swc,936,728,4,L4:mapped:1552,241.88199999999892,2.3854
251637::128.swc,936,728,4,L4:mapped:1559,63.44999999999994,1.8092
251637::128.swc,936,728,4,L4:mapped:1562,13.575999999999992,1.1636
251637::128.swc,936,728,4,L4:mapped:1573,1.0020000000000004,0.3015
251637::128.swc,936,728,5,L5:mapped:727,454.12399999999366,2.6581
251637::128.swc,936,728,5,L5:mapped:1556,166.9780000000005,2.2253
251637::128.swc,936,728,5,L5:mapped:1557,74.90400000000042,1.8803
251637::128.swc,936,728,5,L5:mapped:1560,63.44999999999994,1.8092
251637::128.swc,936,728,5,L5:mapped:1567,12.239999999999993,1.1219
251637::128.swc,936,728,5,L5:mapped:1568,1.336,0.3685
251637::128.swc,936,728,5,L5:mapped:1573,1.0020000000000004,0.3015
251637::128.swc,936,728,6,L6:mapped:728,454.12399999999366,2.6581
251637::128.swc,936,728,6,L6:mapped:1556,166.9780000000005,2.2253
251637::128.swc,936,728,6,L6:mapped:1557,74.90400000000042,1.8803
251637::128.swc,936,728,6,L6:mapped:1560,63.44999999999994,1.8092
251637::128.swc,936,728,6,L6:mapped:1567,12.239999999999993,1.1219
251637::128.swc,936,728,6,L6:mapped:1568,1.336,0.3685
251637::128.swc,936,728,6,L6:mapped:1573,1.0020000000000004,0.3015
251637::129.swc,936,728,1,L1:mapped:638,241.73899999999838,2.3851
251637::129.swc,936,728,2,L2:mapped:675,82.41600000000054,1.9212
251637::129.swc,936,728,2,L2:mapped:724,159.3230000000002,2.205
251637::129.swc,936,728,3,L3:mapped:688,80.7680000000005,1.9126
251637::129.swc,936,728,3,L3:mapped:724,159.3230000000002,2.205
251637::129.swc,936,728,4,L4:mapped:688,80.7680000000005,1.9126
251637::129.swc,936,728,4,L4:mapped:725,159.3230000000002,2.205
251637::129.swc,936,728,5,L5:mapped:689,80.7680000000005,1.9126
251637::129.swc,936,728,5,L5:mapped:727,152.06100000000063,2.1849
251637::129.swc,936,728,6,L6:mapped:690,80.7680000000005,1.9126
251637::129.swc,936,728,6,L6:mapped:728,152.06100000000063,2.1849
251637::130.swc,936,728,1,L1:mapped:638,70.45200000000027,1.854
251637::130.swc,936,728,2,L2:mapped:724,70.45200000000027,1.854
251637::130.swc,936,728,3,L3:mapped:724,70.45200000000027,1.854
251637::130.swc,936,728,4,L4:mapped:725,70.45200000000027,1.854
251637::130.swc,936,728,5,L5:mapped:727,70.45200000000027,1.854
251637::130.swc,936,728,6,L6:mapped:728,70.45200000000027,1.854
251637::131.swc,936,728,1,L1:mapped:590,1.2729999999999997,0.3566
251637::131.swc,936,728,1,L1:mapped:638,798.101999999984,2.9026
251637::131.swc,936,728,1,L1:mapped:1501,249.77399999999906,2.3993
251637::131.swc,936,728,2,L2:mapped:591,1.2729999999999997,0.3566
251637::131.swc,936,728,2,L2:mapped:724,798.101999999984,2.9026
251637::131.swc,936,728,2,L2:mapped:1550,230.64299999999898,2.3648
251637::131.swc,936,728,3,L3:mapped:595,1.2729999999999997,0.3566
251637::131.swc,936,728,3,L3:mapped:724,798.101999999984,2.9026
251637::131.swc,936,728,3,L3:mapped:1551,228.73999999999901,2.3612
251637::131.swc,936,728,3,L3:mapped:1562,1.9029999999999994,0.4628
251637::131.swc,936,728,4,L4:mapped:595,1.2729999999999997,0.3566
251637::131.swc,936,728,4,L4:mapped:725,798.101999999984,2.9026
251637::131.swc,936,728,4,L4:mapped:1552,228.73999999999901,2.3612
251637::131.swc,936,728,4,L4:mapped:1562,1.9029999999999994,0.4628
251637::131.swc,936,728,5,L5:mapped:595,1.2729999999999997,0.3566
251637::131.swc,936,728,5,L5:mapped:727,798.101999999984,2.9026
251637::131.swc,936,728,5,L5:mapped:1556,228.73999999999901,2.3612
251637::131.swc,936,728,5,L5:mapped:1567,1.9029999999999994,0.4628
251637::131.swc,936,728,6,L6:mapped:595,1.2729999999999997,0.3566
251637::131.swc,936,728,6,L6:mapped:728,798.101999999984,2.9026
251637::131.swc,936,728,6,L6:mapped:1556,228.73999999999901,2.3612
251637::131.swc,936,728,6,L6:mapped:1567,1.9029999999999994,0.4628
251637::132.swc,936,728,1,L1:mapped:638,37.658999999999956,1.5873
251637::132.swc,936,728,2,L2:mapped:724,37.658999999999956,1.5873
251637::132.swc,936,728,3,L3:mapped:724,37.658999999999956,1.5873
251637::132.swc,936,728,4,L4:mapped:725,37.658999999999956,1.5873
251637::132.swc,936,728,5,L5:mapped:727,37.658999999999956,1.5873
251637::132.swc,936,728,6,L6:mapped:728,37.658999999999956,1.5873
251637::133.swc,936,728,1,L1:mapped:638,172.00300000000036,2.2381
251637::133.swc,936,728,2,L2:mapped:724,172.00300000000036,2.2381
251637::133.swc,936,728,3,L3:mapped:724,172.00300000000036,2.2381
251637::133.swc,936,728,4,L4:mapped:725,172.00300000000036,2.2381
251637::133.swc,936,728,5,L5:mapped:727,172.00300000000036,2.2381
251637::133.swc,936,728,6,L6:mapped:728,172.00300000000036,2.2381
251637::134.swc,936,728,1,L1:mapped:638,398.7209999999954,2.6018
251637::134.swc,936,728,1,L1:mapped:1501,196.19999999999953,2.2949
251637::134.swc,936,728,1,L1:mapped:1669,1.1840000000000004,0.3393
251637::134.swc,936,728,1,L1:mapped:1711,10.764,1.0706
251637::134.swc,936,728,2,L2:mapped:724,398.7209999999954,2.6018
251637::134.swc,936,728,2,L2:mapped:1524,18.423000000000012,1.2883
251637::134.swc,936,728,2,L2:mapped:1550,104.35300000000073,2.0226
251637::134.swc,936,728,2,L2:mapped:1577,37.657999999999944,1.5872
251637::134.swc,936,728,2,L2:mapped:1670,1.1840000000000004,0.3393
251637::134.swc,936,728,2,L2:mapped:1712,10.764,1.0706
251637::134.swc,936,728,3,L3:mapped:724,398.7209999999954,2.6018
251637::134.swc,936,728,3,L3:mapped:1540,18.423000000000012,1.2883
251637::134.swc,936,728,3,L3:mapped:1551,29.299000000000007,1.4814
251637::134.swc,936,728,3,L3:mapped:1562,75.05400000000022,1.8811
251637::134.swc,936,728,3,L3:mapped:1577,37.657999999999944,1.5872
251637::134.swc,936,728,3,L3:mapped:1700,1.1840000000000004,0.3393
251637::134.swc,936,728,3,L3:mapped:1731,10.764,1.0706
251637::134.swc,936,728,4,L4:mapped:725,398.7209999999954,2.6018
251637::134.swc,936,728,4,L4:mapped:1546,18.423000000000012,1.2883
251637::134.swc,936,728,4,L4:mapped:1552,29.299000000000007,1.4814
251637::134.swc,936,728,4,L4:mapped:1562,75.05400000000022,1.8811
251637::134.swc,936,728,4,L4:mapped:1579,23.441999999999975,1.3881
251637::134.swc,936,728,4,L4:mapped:1704,1.1840000000000004,0.3393
251637::134.swc,936,728,4,L4:mapped:1742,10.764,1.0706
251637::134.swc,936,728,5,L5:mapped:727,398.7209999999954,2.6018
251637::134.swc,936,728,5,L5:mapped:1547,18.423000000000012,1.2883
251637::134.swc,936,728,5,L5:mapped:1556,29.299000000000007,1.4814
251637::134.swc,936,728,5,L5:mapped:1563,59.71299999999982,1.7833
251637::134.swc,936,728,5,L5:mapped:1567,7.169999999999991,0.9122
251637::134.swc,936,728,5,L5:mapped:1580,23.441999999999975,1.3881
251637::134.swc,936,728,5,L5:mapped:1710,1.1840000000000004,0.3393
251637::134.swc,936,728,5,L5:mapped:1743,7.517999999999993,0.9303
251637::134.swc,936,728,6,L6:mapped:728,367.1129999999958,2.566
251637::134.swc,936,728,6,L6:mapped:729,31.607999999999993,1.5133
251637::134.swc,936,728,6,L6:mapped:1547,18.423000000000012,1.2883
251637::134.swc,936,728,6,L6:mapped:1556,29.299000000000007,1.4814
251637::134.swc,936,728,6,L6:mapped:1565,29.169,1.4796
251637::134.swc,936,728,6,L6:mapped:1567,7.169999999999991,0.9122
251637::134.swc,936,728,6,L6:mapped:1580,23.441999999999975,1.3881
251637::134.swc,936,728,6,L6:mapped:1710,1.1840000000000004,0.3393
251637::134.swc,936,728,6,L6:mapped:1743,7.517999999999993,0.9303
251637::135.swc,936,728,1,L1:mapped:501,17.715999999999987,1.2722
251637::135.swc,936,728,1,L1:mapped:638,715.8739999999896,2.8554
251637::135.swc,936,728,1,L1:mapped:1501,11.709999999999994,1.1041
251637::135.swc,936,728,2,L2:mapped:577,8.568000000000001,0.9808
251637::135.swc,936,728,2,L2:mapped:675,17.041999999999998,1.2563
251637::135.swc,936,728,2,L2:mapped:724,691.8179999999892,2.8406
251637::135.swc,936,728,2,L2:mapped:1502,11.709999999999994,1.1041
251637::135.swc,936,728,3,L3:mapped:578,8.568000000000001,0.9808
251637::135.swc,936,728,3,L3:mapped:677,2.137,0.4965
251637::135.swc,936,728,3,L3:mapped:724,691.8179999999892,2.8406
251637::135.swc,936,728,3,L3:mapped:1503,11.709999999999994,1.1041
251637::135.swc,936,728,4,L4:mapped:580,8.568000000000001,0.9808
251637::135.swc,936,728,4,L4:mapped:685,2.137,0.4965
251637::135.swc,936,728,4,L4:mapped:725,691.8179999999892,2.8406
251637::135.swc,936,728,4,L4:mapped:1504,11.709999999999994,1.1041
251637::135.swc,936,728,5,L5:mapped:584,8.568000000000001,0.9808
251637::135.swc,936,728,5,L5:mapped:685,2.137,0.4965
251637::135.swc,936,728,5,L5:mapped:727,684.491999999988,2.836
251637::135.swc,936,728,5,L5:mapped:1504,11.709999999999994,1.1041
251637::135.swc,936,728,6,L6:mapped:586,8.568000000000001,0.9808
251637::135.swc,936,728,6,L6:mapped:687,2.137,0.4965
251637::135.swc,936,728,6,L6:mapped:728,684.491999999988,2.836
251637::135.swc,936,728,6,L6:mapped:1504,11.709999999999994,1.1041
251637::136.swc,936,728,1,L1:mapped:638,166.18499999999995,2.2232
251637::136.swc,936,728,1,L1:mapped:1501,5.099999999999998,0.7853
251637::136.swc,936,728,2,L2:mapped:724,166.18499999999995,2.2232
251637::136.swc,936,728,2,L2:mapped:1502,5.099999999999998,0.7853
251637::136.swc,936,728,3,L3:mapped:724,166.18499999999995,2.2232
251637::136.swc,936,728,3,L3:mapped:1503,5.099999999999998,0.7853
251637::136.swc,936,728,4,L4:mapped:725,166.18499999999995,2.2232
251637::136.swc,936,728,4,L4:mapped:1504,5.099999999999998,0.7853
251637::136.swc,936,728,5,L5:mapped:727,166.18499999999995,2.2232
251637::136.swc,936,728,5,L5:mapped:1504,5.099999999999998,0.7853
251637::136.swc,936,728,6,L6:mapped:728,147.2680000000012,2.171
251637::136.swc,936,728,6,L6:mapped:1504,5.099999999999998,0.7853
251637::137.swc,936,728,1,L1:mapped:638,48.22800000000003,1.6922
251637::137.swc,936,728,2,L2:mapped:724,48.22800000000003,1.6922
251637::137.swc,936,728,3,L3:mapped:724,48.22800000000003,1.6922
251637::137.swc,936,728,4,L4:mapped:725,48.22800000000003,1.6922
251637::137.swc,936,728,5,L5:mapped:727,48.22800000000003,1.6922
251637::137.swc,936,728,6,L6:mapped:728,48.22800000000003,1.6922
251637::138.swc,936,728,1,L1:mapped:638,33.554999999999936,1.5385
251637::138.swc,936,728,2,L2:mapped:724,33.554999999999936,1.5385
251637::138.swc,936,728,3,L3:mapped:724,33.554999999999936,1.5385
251637::138.swc,936,728,4,L4:mapped:725,33.554999999999936,1.5385
251637::138.swc,936,728,5,L5:mapped:727,33.554999999999936,1.5385
251637::138.swc,936,728,6,L6:mapped:728,33.554999999999936,1.5385
251637::139.swc,936,728,1,L1:mapped:638,342.00499999999624,2.5353
251637::139.swc,936,728,2,L2:mapped:724,342.00499999999624,2.5353
251637::139.swc,936,728,3,L3:mapped:724,342.00499999999624,2.5353
251637::139.swc,936,728,4,L4:mapped:725,342.00499999999624,2.5353
251637::139.swc,936,728,5,L5:mapped:727,342.00499999999624,2.5353
251637::139.swc,936,728,6,L6:mapped:728,342.00499999999624,2.5353
251637::140.swc,936,728,1,L1:mapped:638,161.45400000000092,2.2107
251637::140.swc,936,728,2,L2:mapped:724,161.45400000000092,2.2107
251637::140.swc,936,728,3,L3:mapped:724,161.45400000000092,2.2107
251637::140.swc,936,728,4,L4:mapped:725,161.45400000000092,2.2107
251637::140.swc,936,728,5,L5:mapped:727,161.45400000000092,2.2107
251637::140.swc,936,728,6,L6:mapped:728,156.45100000000124,2.1971
251637::140.swc,936,728,6,L6:mapped:729,5.002999999999995,0.7784
251637::141.swc,936,728,1,L1:mapped:501,232.94199999999805,2.3691
251637::141.swc,936,728,1,L1:mapped:590,3.0629999999999993,0.6088
251637::141.swc,936,728,1,L1:mapped:638,599.8629999999921,2.7788
251637::141.swc,936,728,2,L2:mapped:550,231.10699999999812,2.3657
251637::141.swc,936,728,2,L2:mapped:591,3.0629999999999993,0.6088
251637::141.swc,936,728,2,L2:mapped:639,121.72700000000155,2.0889
251637::141.swc,936,728,2,L2:mapped:665,27.676999999999964,1.4575
251637::141.swc,936,728,2,L2:mapped:675,287.43799999999766,2.4601
251637::141.swc,936,728,2,L2:mapped:724,163.0210000000004,2.2149
251637::141.swc,936,728,3,L3:mapped:564,231.10699999999812,2.3657
251637::141.swc,936,728,3,L3:mapped:595,3.0629999999999993,0.6088
251637::141.swc,936,728,3,L3:mapped:653,121.72700000000155,2.0889
251637::141.swc,936,728,3,L3:mapped:665,27.676999999999964,1.4575
251637::141.swc,936,728,3,L3:mapped:677,224.65099999999916,2.3534
251637::141.swc,936,728,3,L3:mapped:724,163.0210000000004,2.2149
251637::141.swc,936,728,4,L4:mapped:565,231.10699999999812,2.3657
251637::141.swc,936,728,4,L4:mapped:595,3.0629999999999993,0.6088
251637::141.swc,936,728,4,L4:mapped:660,121.72700000000155,2.0889
251637::141.swc,936,728,4,L4:mapped:667,27.676999999999964,1.4575
251637::141.swc,936,728,4,L4:mapped:678,77.36400000000049,1.8941
251637::141.swc,936,728,4,L4:mapped:685,147.2870000000012,2.1711
251637::141.swc,936,728,4,L4:mapped:725,163.0210000000004,2.2149
251637::141.swc,936,728,5,L5:mapped:566,218.2849999999985,2.341
251637::141.swc,936,728,5,L5:mapped:569,12.822000000000003,1.1406
251637::141.swc,936,728,5,L5:mapped:595,3.0629999999999993,0.6088
251637::141.swc,936,728,5,L5:mapped:661,53.64800000000009,1.7376
251637::141.swc,936,728,5,L5:mapped:662,68.07900000000004,1.8393
251637::141.swc,936,728,5,L5:mapped:671,27.676999999999964,1.4575
251637::141.swc,936,728,5,L5:mapped:682,77.36400000000049,1.8941
251637::141.swc,936,728,5,L5:mapped:685,147.2870000000012,2.1711
251637::141.swc,936,728,5,L5:mapped:727,159.78600000000063,2.2062
251637::141.swc,936,728,6,L6:mapped:568,218.2849999999985,2.341
251637::141.swc,936,728,6,L6:mapped:571,12.822000000000003,1.1406
251637::141.swc,936,728,6,L6:mapped:595,3.0629999999999993,0.6088
251637::141.swc,936,728,6,L6:mapped:661,53.64800000000009,1.7376
251637::141.swc,936,728,6,L6:mapped:663,11.324999999999998,1.0908
251637::141.swc,936,728,6,L6:mapped:664,56.75399999999994,1.7616
251637::141.swc,936,728,6,L6:mapped:674,27.676999999999964,1.4575
251637::141.swc,936,728,6,L6:mapped:683,43.14599999999994,1.6449
251637::141.swc,936,728,6,L6:mapped:684,34.21799999999999,1.5468
251637::141.swc,936,728,6,L6:mapped:686,45.413999999999966,1.6666
251637::141.swc,936,728,6,L6:mapped:687,101.87300000000093,2.0123
251637::141.swc,936,728,6,L6:mapped:728,159.78600000000063,2.2062
251637::142.swc,936,728,1,L1:mapped:638,22.426999999999968,1.3697
251637::142.swc,936,728,2,L2:mapped:724,22.426999999999968,1.3697
251637::142.swc,936,728,3,L3:mapped:724,22.426999999999968,1.3697
251637::142.swc,936,728,4,L4:mapped:725,22.426999999999968,1.3697
251637::142.swc,936,728,5,L5:mapped:727,22.426999999999968,1.3697
251637::142.swc,936,728,6,L6:mapped:728,22.426999999999968,1.3697
251637::143.swc,936,728,1,L1:mapped:638,1222.6949999999579,3.0877
251637::143.swc,936,728,2,L2:mapped:639,14.883999999999988,1.201
251637::143.swc,936,728,2,L2:mapped:665,55.36199999999997,1.751
251637::143.swc,936,728,2,L2:mapped:675,388.86499999999467,2.5909
251637::143.swc,936,728,2,L2:mapped:693,15.732999999999997,1.2236
251637::143.swc,936,728,2,L2:mapped:724,747.8509999999833,2.8744
251637::143.swc,936,728,3,L3:mapped:653,14.883999999999988,1.201
251637::143.swc,936,728,3,L3:mapped:665,55.36199999999997,1.751
251637::143.swc,936,728,3,L3:mapped:677,206.1169999999985,2.3162
251637::143.swc,936,728,3,L3:mapped:688,182.74800000000013,2.2642
251637::143.swc,936,728,3,L3:mapped:694,15.732999999999997,1.2236
251637::143.swc,936,728,3,L3:mapped:724,747.8509999999833,2.8744
251637::143.swc,936,728,4,L4:mapped:660,14.883999999999988,1.201
251637::143.swc,936,728,4,L4:mapped:667,55.36199999999997,1.751
251637::143.swc,936,728,4,L4:mapped:678,103.36400000000117,2.0186
251637::143.swc,936,728,4,L4:mapped:685,102.75300000000114,2.016
251637::143.swc,936,728,4,L4:mapped:688,182.74800000000013,2.2642
251637::143.swc,936,728,4,L4:mapped:695,15.732999999999997,1.2236
251637::143.swc,936,728,4,L4:mapped:725,747.8509999999833,2.8744
251637::143.swc,936,728,5,L5:mapped:661,13.668999999999992,1.1664
251637::143.swc,936,728,5,L5:mapped:671,55.36199999999997,1.751
251637::143.swc,936,728,5,L5:mapped:682,103.36400000000117,2.0186
251637::143.swc,936,728,5,L5:mapped:685,102.75300000000114,2.016
251637::143.swc,936,728,5,L5:mapped:689,182.74800000000013,2.2642
251637::143.swc,936,728,5,L5:mapped:696,15.732999999999997,1.2236
251637::143.swc,936,728,5,L5:mapped:727,745.174999999983,2.8728
251637::143.swc,936,728,6,L6:mapped:661,13.668999999999992,1.1664
251637::143.swc,936,728,6,L6:mapped:674,55.36199999999997,1.751
251637::143.swc,936,728,6,L6:mapped:683,14.935999999999998,1.2024
251637::143.swc,936,728,6,L6:mapped:684,88.42800000000076,1.9515
251637::143.swc,936,728,6,L6:mapped:686,50.934999999999896,1.7155
251637::143.swc,936,728,6,L6:mapped:690,145.52000000000095,2.1659
251637::143.swc,936,728,6,L6:mapped:691,37.22799999999997,1.5824
251637::143.swc,936,728,6,L6:mapped:696,15.732999999999997,1.2236
251637::143.swc,936,728,6,L6:mapped:728,745.174999999983,2.8728
251637::144.swc,936,728,1,L1:mapped:638,233.8729999999985,2.3708
251637::144.swc,936,728,1,L1:mapped:1582,61.6689999999999,1.7971
251637::144.swc,936,728,2,L2:mapped:724,233.8729999999985,2.3708
251637::144.swc,936,728,2,L2:mapped:1613,49.076999999999934,1.6996
251637::144.swc,936,728,3,L3:mapped:724,233.8729999999985,2.3708
251637::144.swc,936,728,3,L3:mapped:1648,17.455999999999992,1.2661
251637::144.swc,936,728,4,L4:mapped:725,233.8729999999985,2.3708
251637::144.swc,936,728,4,L4:mapped:1651,17.455999999999992,1.2661
251637::144.swc,936,728,5,L5:mapped:727,233.8729999999985,2.3708
251637::144.swc,936,728,5,L5:mapped:1652,17.455999999999992,1.2661
251637::144.swc,936,728,6,L6:mapped:728,233.8729999999985,2.3708
251637::144.swc,936,728,6,L6:mapped:1652,17.455999999999992,1.2661
251637::145.swc,936,728,1,L1:mapped:638,63.79500000000004,1.8115
251637::145.swc,936,728,2,L2:mapped:724,63.79500000000004,1.8115
251637::145.swc,936,728,3,L3:mapped:724,63.79500000000004,1.8115
251637::145.swc,936,728,4,L4:mapped:725,63.79500000000004,1.8115
251637::145.swc,936,728,5,L5:mapped:727,63.79500000000004,1.8115
251637::145.swc,936,728,6,L6:mapped:728,63.79500000000004,1.8115
251637::146.swc,936,728,1,L1:mapped:638,60.777,1.7908
251637::146.swc,936,728,2,L2:mapped:724,60.777,1.7908
251637::146.swc,936,728,3,L3:mapped:724,60.777,1.7908
251637::146.swc,936,728,4,L4:mapped:725,60.777,1.7908
251637::146.swc,936,728,5,L5:mapped:727,60.777,1.7908
251637::146.swc,936,728,6,L6:mapped:728,60.777,1.7908
251637::147.swc,936,728,1,L1:mapped:638,58.1249999999999,1.7718
251637::147.swc,936,728,2,L2:mapped:724,58.1249999999999,1.7718
251637::147.swc,936,728,3,L3:mapped:724,58.1249999999999,1.7718
251637::147.swc,936,728,4,L4:mapped:725,58.1249999999999,1.7718
251637::147.swc,936,728,5,L5:mapped:727,58.1249999999999,1.7718
251637::147.swc,936,728,6,L6:mapped:728,58.1249999999999,1.7718
251637::148.swc,936,728,1,L1:mapped:638,266.10199999999776,2.4267
251637::148.swc,936,728,2,L2:mapped:724,266.10199999999776,2.4267
251637::148.swc,936,728,3,L3:mapped:724,266.10199999999776,2.4267
251637::148.swc,936,728,4,L4:mapped:725,266.10199999999776,2.4267
251637::148.swc,936,728,5,L5:mapped:727,266.10199999999776,2.4267
251637::148.swc,936,728,6,L6:mapped:728,266.10199999999776,2.4267
251637::149.swc,936,728,1,L1:mapped:638,132.92300000000188,2.1269
251637::149.swc,936,728,1,L1:mapped:1501,38.95699999999987,1.6016
251637::149.swc,936,728,2,L2:mapped:724,132.92300000000188,2.1269
251637::149.swc,936,728,2,L2:mapped:1502,38.95699999999987,1.6016
251637::149.swc,936,728,3,L3:mapped:724,132.92300000000188,2.1269
251637::149.swc,936,728,3,L3:mapped:1503,38.95699999999987,1.6016
251637::149.swc,936,728,4,L4:mapped:725,132.92300000000188,2.1269
251637::149.swc,936,728,4,L4:mapped:1504,38.95699999999987,1.6016
251637::149.swc,936,728,5,L5:mapped:727,132.92300000000188,2.1269
251637::149.swc,936,728,5,L5:mapped:1504,38.95699999999987,1.6016
251637::149.swc,936,728,6,L6:mapped:728,129.12400000000167,2.1144
251637::149.swc,936,728,6,L6:mapped:1504,38.95699999999987,1.6016
251637::150.swc,936,728,1,L1:mapped:638,87.03000000000064,1.9446
251637::150.swc,936,728,2,L2:mapped:724,87.03000000000064,1.9446
251637::150.swc,936,728,3,L3:mapped:724,87.03000000000064,1.9446
251637::150.swc,936,728,4,L4:mapped:725,87.03000000000064,1.9446
251637::150.swc,936,728,5,L5:mapped:727,87.03000000000064,1.9446
251637::150.swc,936,728,6,L6:mapped:728,87.03000000000064,1.9446
251637::151.swc,936,728,1,L1:mapped:638,381.28899999999356,2.5824
251637::151.swc,936,728,2,L2:mapped:724,381.28899999999356,2.5824
251637::151.swc,936,728,3,L3:mapped:724,381.28899999999356,2.5824
251637::151.swc,936,728,4,L4:mapped:725,381.28899999999356,2.5824
251637::151.swc,936,728,5,L5:mapped:727,381.28899999999356,2.5824
251637::151.swc,936,728,6,L6:mapped:728,381.28899999999356,2.5824
251637::152.swc,936,728,1,L1:mapped:638,59.21799999999997,1.7797
251637::152.swc,936,728,1,L1:mapped:1501,81.4080000000005,1.916
251637::152.swc,936,728,2,L2:mapped:724,59.21799999999997,1.7797
251637::152.swc,936,728,2,L2:mapped:1550,73.85800000000015,1.8742
251637::152.swc,936,728,3,L3:mapped:724,59.21799999999997,1.7797
251637::152.swc,936,728,3,L3:mapped:1551,73.85800000000015,1.8742
251637::152.swc,936,728,4,L4:mapped:725,59.21799999999997,1.7797
251637::152.swc,936,728,4,L4:mapped:1552,73.85800000000015,1.8742
251637::152.swc,936,728,5,L5:mapped:727,59.21799999999997,1.7797
251637::152.swc,936,728,5,L5:mapped:1556,73.85800000000015,1.8742
251637::152.swc,936,728,6,L6:mapped:728,59.21799999999997,1.7797
251637::152.swc,936,728,6,L6:mapped:1556,73.85800000000015,1.8742
251637::153.swc,936,728,1,L1:mapped:638,96.53400000000083,1.9892
251637::153.swc,936,728,2,L2:mapped:724,96.53400000000083,1.9892
251637::153.swc,936,728,3,L3:mapped:724,96.53400000000083,1.9892
251637::153.swc,936,728,4,L4:mapped:725,96.53400000000083,1.9892
251637::153.swc,936,728,5,L5:mapped:727,96.53400000000083,1.9892
251637::153.swc,936,728,6,L6:mapped:728,96.53400000000083,1.9892
251637::154.swc,936,728,1,L1:mapped:590,28.571999999999985,1.4709
251637::154.swc,936,728,1,L1:mapped:638,155.5270000000008,2.1946
251637::154.swc,936,728,2,L2:mapped:591,28.571999999999985,1.4709
251637::154.swc,936,728,2,L2:mapped:724,155.5270000000008,2.1946
251637::154.swc,936,728,3,L3:mapped:592,16.705000000000005,1.2481
251637::154.swc,936,728,3,L3:mapped:595,11.866999999999999,1.1095
251637::154.swc,936,728,3,L3:mapped:724,155.5270000000008,2.1946
251637::154.swc,936,728,4,L4:mapped:592,16.705000000000005,1.2481
251637::154.swc,936,728,4,L4:mapped:595,11.866999999999999,1.1095
251637::154.swc,936,728,4,L4:mapped:725,155.5270000000008,2.1946
251637::154.swc,936,728,5,L5:mapped:594,16.705000000000005,1.2481
251637::154.swc,936,728,5,L5:mapped:595,11.866999999999999,1.1095
251637::154.swc,936,728,5,L5:mapped:727,155.5270000000008,2.1946
251637::154.swc,936,728,6,L6:mapped:594,16.705000000000005,1.2481
251637::154.swc,936,728,6,L6:mapped:595,11.866999999999999,1.1095
251637::154.swc,936,728,6,L6:mapped:728,110.76700000000176,2.0483
251637::154.swc,936,728,6,L6:mapped:729,44.75999999999999,1.6605
251637::155.swc,936,728,1,L1:mapped:638,20.715999999999994,1.3368
251637::155.swc,936,728,2,L2:mapped:724,20.715999999999994,1.3368
251637::155.swc,936,728,3,L3:mapped:724,20.715999999999994,1.3368
251637::155.swc,936,728,4,L4:mapped:725,20.715999999999994,1.3368
251637::155.swc,936,728,5,L5:mapped:727,20.715999999999994,1.3368
251637::155.swc,936,728,6,L6:mapped:728,20.715999999999994,1.3368
251637::156.swc,936,728,1,L1:mapped:638,43.278999999999925,1.6462
251637::156.swc,936,728,2,L2:mapped:724,43.278999999999925,1.6462
251637::156.swc,936,728,3,L3:mapped:724,43.278999999999925,1.6462
251637::156.swc,936,728,4,L4:mapped:725,43.278999999999925,1.6462
251637::156.swc,936,728,5,L5:mapped:727,43.278999999999925,1.6462
251637::156.swc,936,728,6,L6:mapped:728,43.278999999999925,1.6462
251637::157.swc,936,728,1,L1:mapped:590,0.6490000000000002,0.2172
251637::157.swc,936,728,1,L1:mapped:638,386.743999999994,2.5885
251637::157.swc,936,728,1,L1:mapped:1582,0.9050000000000004,0.2799
251637::157.swc,936,728,1,L1:mapped:1669,23.611,1.3911
251637::157.swc,936,728,1,L1:mapped:1711,75.9030000000004,1.8859
251637::157.swc,936,728,2,L2:mapped:591,0.6490000000000002,0.2172
251637::157.swc,936,728,2,L2:mapped:724,386.743999999994,2.5885
251637::157.swc,936,728,2,L2:mapped:1611,0.9050000000000004,0.2799
251637::157.swc,936,728,2,L2:mapped:1670,23.611,1.3911
251637::157.swc,936,728,2,L2:mapped:1712,75.9030000000004,1.8859
251637::157.swc,936,728,3,L3:mapped:595,0.6490000000000002,0.2172
251637::157.swc,936,728,3,L3:mapped:724,386.743999999994,2.5885
251637::157.swc,936,728,3,L3:mapped:1612,0.9050000000000004,0.2799
251637::157.swc,936,728,3,L3:mapped:1700,23.611,1.3911
251637::157.swc,936,728,3,L3:mapped:1731,75.9030000000004,1.8859
251637::157.swc,936,728,4,L4:mapped:595,0.6490000000000002,0.2172
251637::157.swc,936,728,4,L4:mapped:725,386.743999999994,2.5885
251637::157.swc,936,728,4,L4:mapped:1612,0.9050000000000004,0.2799
251637::157.swc,936,728,4,L4:mapped:1704,23.611,1.3911
251637::157.swc,936,728,4,L4:mapped:1742,75.9030000000004,1.8859
251637::157.swc,936,728,5,L5:mapped:595,0.6490000000000002,0.2172
251637::157.swc,936,728,5,L5:mapped:727,386.743999999994,2.5885
251637::157.swc,936,728,5,L5:mapped:1612,0.9050000000000004,0.2799
251637::157.swc,936,728,5,L5:mapped:1706,10.292999999999997,1.0528
251637::157.swc,936,728,5,L5:mapped:1743,60.069999999999986,1.7858
251637::157.swc,936,728,6,L6:mapped:595,0.6490000000000002,0.2172
251637::157.swc,936,728,6,L6:mapped:728,386.743999999994,2.5885
251637::157.swc,936,728,6,L6:mapped:1612,0.9050000000000004,0.2799
251637::157.swc,936,728,6,L6:mapped:1706,10.292999999999997,1.0528
251637::157.swc,936,728,6,L6:mapped:1743,60.069999999999986,1.7858
251637::158.swc,936,728,1,L1:mapped:638,31.211999999999964,1.508
251637::158.swc,936,728,2,L2:mapped:724,31.211999999999964,1.508
251637::158.swc,936,728,3,L3:mapped:724,31.211999999999964,1.508
251637::158.swc,936,728,4,L4:mapped:725,31.211999999999964,1.508
251637::158.swc,936,728,5,L5:mapped:727,31.211999999999964,1.508
251637::158.swc,936,728,6,L6:mapped:728,31.211999999999964,1.508
251637::392.swc,936,229,1,L1:mapped:90,9.837999999999992,1.0349
251637::392.swc,936,229,1,L1:mapped:138,405.3079999999956,2.6089
251637::392.swc,936,229,1,L1:mapped:1001,269.7849999999974,2.4326
251637::392.swc,936,229,2,L2:mapped:91,9.837999999999992,1.0349
251637::392.swc,936,229,2,L2:mapped:224,405.3079999999956,2.6089
251637::392.swc,936,229,2,L2:mapped:1050,261.11099999999783,2.4185
251637::392.swc,936,229,3,L3:mapped:95,9.837999999999992,1.0349
251637::392.swc,936,229,3,L3:mapped:224,405.3079999999956,2.6089
251637::392.swc,936,229,3,L3:mapped:1051,261.11099999999783,2.4185
251637::392.swc,936,229,4,L4:mapped:95,9.837999999999992,1.0349
251637::392.swc,936,229,4,L4:mapped:225,405.3079999999956,2.6089
251637::392.swc,936,229,4,L4:mapped:1052,261.11099999999783,2.4185
251637::392.swc,936,229,5,L5:mapped:95,9.837999999999992,1.0349
251637::392.swc,936,229,5,L5:mapped:227,405.3079999999956,2.6089
251637::392.swc,936,229,5,L5:mapped:1056,261.11099999999783,2.4185
251637::392.swc,936,229,6,L6:mapped:95,9.837999999999992,1.0349
251637::392.swc,936,229,6,L6:mapped:228,63.84599999999988,1.8119
251637::392.swc,936,229,6,L6:mapped:229,341.4619999999972,2.5346
251637::392.swc,936,229,6,L6:mapped:1056,261.11099999999783,2.4185
251637::393.swc,936,229,1,L1:mapped:1,242.54499999999837,2.3866
251637::393.swc,936,229,1,L1:mapped:138,327.93599999999554,2.5171
251637::393.swc,936,229,2,L2:mapped:16,64.15600000000005,1.814
251637::393.swc,936,229,2,L2:mapped:50,114.73000000000133,2.0634
251637::393.swc,936,229,2,L2:mapped:77,63.658999999999864,1.8106
251637::393.swc,936,229,2,L2:mapped:224,327.93599999999554,2.5171
251637::393.swc,936,229,3,L3:mapped:25,30.625999999999944,1.5
251637::393.swc,936,229,3,L3:mapped:37,33.52999999999995,1.5382
251637::393.swc,936,229,3,L3:mapped:64,114.73000000000133,2.0634
251637::393.swc,936,229,3,L3:mapped:78,63.658999999999864,1.8106
251637::393.swc,936,229,3,L3:mapped:224,327.93599999999554,2.5171
251637::393.swc,936,229,4,L4:mapped:26,15.447999999999992,1.2161
251637::393.swc,936,229,4,L4:mapped:47,33.52999999999995,1.5382
251637::393.swc,936,229,4,L4:mapped:65,14.946999999999983,1.2027
251637::393.swc,936,229,4,L4:mapped:72,99.7830000000007,2.0034
251637::393.swc,936,229,4,L4:mapped:80,63.658999999999864,1.8106
251637::393.swc,936,229,4,L4:mapped:225,327.93599999999554,2.5171
251637::393.swc,936,229,5,L5:mapped:27,6.054999999999995,0.8485
251637::393.swc,936,229,5,L5:mapped:30,9.392999999999992,1.0167
251637::393.swc,936,229,5,L5:mapped:49,33.52999999999995,1.5382
251637::393.swc,936,229,5,L5:mapped:69,14.946999999999983,1.2027
251637::393.swc,936,229,5,L5:mapped:73,3.1179999999999994,0.6147
251637::393.swc,936,229,5,L5:mapped:76,96.66500000000066,1.9897
251637::393.swc,936,229,5,L5:mapped:84,63.658999999999864,1.8106
251637::393.swc,936,229,5,L5:mapped:227,327.93599999999554,2.5171
251637::393.swc,936,229,6,L6:mapped:29,6.054999999999995,0.8485
251637::393.swc,936,229,6,L6:mapped:32,5.489999999999993,0.8122
251637::393.swc,936,229,6,L6:mapped:49,33.52999999999995,1.5382
251637::393.swc,936,229,6,L6:mapped:70,14.692999999999984,1.1957
251637::393.swc,936,229,6,L6:mapped:74,3.1179999999999994,0.6147
251637::393.swc,936,229,6,L6:mapped:76,96.66500000000066,1.9897
251637::393.swc,936,229,6,L6:mapped:86,63.658999999999864,1.8106
251637::393.swc,936,229,6,L6:mapped:228,38.295,1.5943
251637::393.swc,936,229,6,L6:mapped:229,289.6409999999956,2.4634
251637::394.swc,936,229,1,L1:mapped:138,78.05500000000058,1.8979
251637::394.swc,936,229,2,L2:mapped:224,78.05500000000058,1.8979
251637::394.swc,936,229,3,L3:mapped:224,78.05500000000058,1.8979
251637::394.swc,936,229,4,L4:mapped:225,78.05500000000058,1.8979
251637::394.swc,936,229,5,L5:mapped:227,78.05500000000058,1.8979
251637::394.swc,936,229,6,L6:mapped:228,12.255999999999984,1.1224
251637::394.swc,936,229,6,L6:mapped:229,65.79900000000005,1.8248
251637::395.swc,936,229,1,L1:mapped:138,131.26200000000196,2.1214
251637::395.swc,936,229,2,L2:mapped:224,131.26200000000196,2.1214
251637::395.swc,936,229,3,L3:mapped:224,131.26200000000196,2.1214
251637::395.swc,936,229,4,L4:mapped:225,131.26200000000196,2.1214
251637::395.swc,936,229,5,L5:mapped:227,131.26200000000196,2.1214
251637::395.swc,936,229,6,L6:mapped:228,91.32300000000107,1.9653
251637::395.swc,936,229,6,L6:mapped:229,39.93899999999996,1.6121
251637::396.swc,936,229,1,L1:mapped:138,490.59299999998956,2.6916
251637::396.swc,936,229,2,L2:mapped:224,490.59299999998956,2.6916
251637::396.swc,936,229,3,L3:mapped:224,490.59299999998956,2.6916
251637::396.swc,936,229,4,L4:mapped:225,490.59299999998956,2.6916
251637::396.swc,936,229,5,L5:mapped:227,490.59299999998956,2.6916
251637::396.swc,936,229,6,L6:mapped:228,272.52599999999677,2.437
251637::396.swc,936,229,6,L6:mapped:229,218.06699999999907,2.3406
251637::397.swc,936,229,1,L1:mapped:138,54.912999999999876,1.7475
251637::397.swc,936,229,2,L2:mapped:224,54.912999999999876,1.7475
251637::397.swc,936,229,3,L3:mapped:224,54.912999999999876,1.7475
251637::397.swc,936,229,4,L4:mapped:225,54.912999999999876,1.7475
251637::397.swc,936,229,5,L5:mapped:227,54.912999999999876,1.7475
251637::397.swc,936,229,6,L6:mapped:229,54.912999999999876,1.7475
251637::398.swc,936,229,1,L1:mapped:138,192.49200000000033,2.2867
251637::398.swc,936,229,1,L1:mapped:1001,47.65300000000003,1.6871
251637::398.swc,936,229,1,L1:mapped:1082,121.48100000000193,2.0881
251637::398.swc,936,229,2,L2:mapped:224,192.49200000000033,2.2867
251637::398.swc,936,229,2,L2:mapped:1050,28.757000000000005,1.4736
251637::398.swc,936,229,2,L2:mapped:1113,121.48100000000193,2.0881
251637::398.swc,936,229,3,L3:mapped:224,192.49200000000033,2.2867
251637::398.swc,936,229,3,L3:mapped:1062,0.9190000000000004,0.2831
251637::398.swc,936,229,3,L3:mapped:1148,107.0740000000014,2.0337
251637::398.swc,936,229,4,L4:mapped:225,192.49200000000033,2.2867
251637::398.swc,936,229,4,L4:mapped:1062,0.9190000000000004,0.2831
251637::398.swc,936,229,4,L4:mapped:1151,107.0740000000014,2.0337
251637::398.swc,936,229,5,L5:mapped:227,192.49200000000033,2.2867
251637::398.swc,936,229,5,L5:mapped:1063,0.9190000000000004,0.2831
251637::398.swc,936,229,5,L5:mapped:1152,107.0740000000014,2.0337
251637::398.swc,936,229,6,L6:mapped:228,4.634999999999997,0.7509
251637::398.swc,936,229,6,L6:mapped:229,187.85700000000054,2.2761
251637::398.swc,936,229,6,L6:mapped:1064,0.9190000000000004,0.2831
251637::398.swc,936,229,6,L6:mapped:1152,107.0740000000014,2.0337
251637::399.swc,936,229,1,L1:mapped:138,805.7769999999889,2.9068
251637::399.swc,936,229,1,L1:mapped:1001,1156.1339999999755,3.0634
251637::399.swc,936,229,2,L2:mapped:224,803.2499999999885,2.9054
251637::399.swc,936,229,2,L2:mapped:1002,62.763,1.8046
251637::399.swc,936,229,2,L2:mapped:1024,27.53600000000001,1.4554
251637::399.swc,936,229,2,L2:mapped:1050,1065.8349999999834,3.0281
251637::399.swc,936,229,3,L3:mapped:224,803.2499999999885,2.9054
251637::399.swc,936,229,3,L3:mapped:1003,62.763,1.8046
251637::399.swc,936,229,3,L3:mapped:1025,3.7459999999999987,0.6763
251637::399.swc,936,229,3,L3:mapped:1040,23.790000000000017,1.3943
251637::399.swc,936,229,3,L3:mapped:1051,1065.8349999999834,3.0281
251637::399.swc,936,229,4,L4:mapped:225,803.2499999999885,2.9054
251637::399.swc,936,229,4,L4:mapped:1004,62.763,1.8046
251637::399.swc,936,229,4,L4:mapped:1030,3.7459999999999987,0.6763
251637::399.swc,936,229,4,L4:mapped:1041,21.143000000000015,1.3452
251637::399.swc,936,229,4,L4:mapped:1052,1059.3459999999855,3.0254
251637::399.swc,936,229,4,L4:mapped:1059,6.488999999999997,0.8744
251637::399.swc,936,229,5,L5:mapped:227,795.6679999999885,2.9013
251637::399.swc,936,229,5,L5:mapped:1004,62.763,1.8046
251637::399.swc,936,229,5,L5:mapped:1031,3.7459999999999987,0.6763
251637::399.swc,936,229,5,L5:mapped:1042,21.143000000000015,1.3452
251637::399.swc,936,229,5,L5:mapped:1053,55.41599999999979,1.7514
251637::399.swc,936,229,5,L5:mapped:1056,964.7709999999863,2.9849
251637::399.swc,936,229,5,L5:mapped:1057,39.159000000000006,1.6038
251637::399.swc,936,229,5,L5:mapped:1060,6.488999999999997,0.8744
251637::399.swc,936,229,6,L6:mapped:228,195.92800000000094,2.2943
251637::399.swc,936,229,6,L6:mapped:229,599.7399999999956,2.7787
251637::399.swc,936,229,6,L6:mapped:1004,62.763,1.8046
251637::399.swc,936,229,6,L6:mapped:1032,3.7459999999999987,0.6763
251637::399.swc,936,229,6,L6:mapped:1042,21.143000000000015,1.3452
251637::399.swc,936,229,6,L6:mapped:1054,4.766000000000001,0.7609
251637::399.swc,936,229,6,L6:mapped:1055,50.64999999999981,1.7131
251637::399.swc,936,229,6,L6:mapped:1056,964.7709999999863,2.9849
251637::399.swc,936,229,6,L6:mapped:1057,39.159000000000006,1.6038
251637::399.swc,936,229,6,L6:mapped:1060,6.488999999999997,0.8744
251637::400.swc,936,229,1,L1:mapped:1,1.7429999999999994,0.4382
251637::400.swc,936,229,1,L1:mapped:90,424.60499999999604,2.629
251637::400.swc,936,229,1,L1:mapped:138,787.1729999999836,2.8966
251637::400.swc,936,229,1,L1:mapped:1001,525.757999999995,2.7216
251637::400.swc,936,229,1,L1:mapped:1082,4.905999999999998,0.7713
251637::400.swc,936,229,2,L2:mapped:50,1.7429999999999994,0.4382
251637::400.swc,936,229,2,L2:mapped:91,154.52700000000166,2.1918
251637::400.swc,936,229,2,L2:mapped:96,85.88200000000043,1.9389
251637::400.swc,936,229,2,L2:mapped:112,184.1960000000002,2.2676
251637::400.swc,936,229,2,L2:mapped:224,787.1729999999836,2.8966
251637::400.swc,936,229,2,L2:mapped:1002,44.27199999999994,1.6558
251637::400.swc,936,229,2,L2:mapped:1024,21.445999999999984,1.3511
251637::400.swc,936,229,2,L2:mapped:1050,460.03999999999456,2.6637
251637::400.swc,936,229,2,L2:mapped:1113,4.905999999999998,0.7713
251637::400.swc,936,229,3,L3:mapped:64,1.7429999999999994,0.4382
251637::400.swc,936,229,3,L3:mapped:95,142.9000000000014,2.1581
251637::400.swc,936,229,3,L3:mapped:102,85.88200000000043,1.9389
251637::400.swc,936,229,3,L3:mapped:120,184.1960000000002,2.2676
251637::400.swc,936,229,3,L3:mapped:224,787.1729999999836,2.8966
251637::400.swc,936,229,3,L3:mapped:1003,44.27199999999994,1.6558
251637::400.swc,936,229,3,L3:mapped:1025,7.884000000000002,0.9486
251637::400.swc,936,229,3,L3:mapped:1040,13.561999999999989,1.1632
251637::400.swc,936,229,3,L3:mapped:1051,456.23299999999443,2.6601
251637::400.swc,936,229,3,L3:mapped:1157,4.905999999999998,0.7713
251637::400.swc,936,229,4,L4:mapped:72,1.7429999999999994,0.4382
251637::400.swc,936,229,4,L4:mapped:95,142.9000000000014,2.1581
251637::400.swc,936,229,4,L4:mapped:102,85.88200000000043,1.9389
251637::400.swc,936,229,4,L4:mapped:120,184.1960000000002,2.2676
251637::400.swc,936,229,4,L4:mapped:225,787.1729999999836,2.8966
251637::400.swc,936,229,4,L4:mapped:1004,44.27199999999994,1.6558
251637::400.swc,936,229,4,L4:mapped:1030,7.884000000000002,0.9486
251637::400.swc,936,229,4,L4:mapped:1046,13.561999999999989,1.1632
251637::400.swc,936,229,4,L4:mapped:1052,456.23299999999443,2.6601
251637::400.swc,936,229,4,L4:mapped:1158,4.905999999999998,0.7713
251637::400.swc,936,229,5,L5:mapped:73,1.7429999999999994,0.4382
251637::400.swc,936,229,5,L5:mapped:95,142.9000000000014,2.1581
251637::400.swc,936,229,5,L5:mapped:103,61.52199999999992,1.796
251637::400.swc,936,229,5,L5:mapped:106,24.359999999999975,1.4041
251637::400.swc,936,229,5,L5:mapped:121,47.04999999999992,1.6817
251637::400.swc,936,229,5,L5:mapped:124,137.14600000000166,2.1403
251637::400.swc,936,229,5,L5:mapped:227,787.1729999999836,2.8966
251637::400.swc,936,229,5,L5:mapped:1004,44.27199999999994,1.6558
251637::400.swc,936,229,5,L5:mapped:1035,0.037,0.0158
251637::400.swc,936,229,5,L5:mapped:1049,13.561999999999989,1.1632
251637::400.swc,936,229,5,L5:mapped:1053,19.601999999999954,1.3139
251637::400.swc,936,229,5,L5:mapped:1056,424.8109999999948,2.6292
251637::400.swc,936,229,5,L5:mapped:1057,11.81999999999999,1.1079
251637::400.swc,936,229,5,L5:mapped:1158,4.905999999999998,0.7713
251637::400.swc,936,229,6,L6:mapped:75,1.7429999999999994,0.4382
251637::400.swc,936,229,6,L6:mapped:95,142.9000000000014,2.1581
251637::400.swc,936,229,6,L6:mapped:105,61.52199999999992,1.796
251637::400.swc,936,229,6,L6:mapped:106,24.359999999999975,1.4041
251637::400.swc,936,229,6,L6:mapped:122,18.291000000000004,1.2854
251637::400.swc,936,229,6,L6:mapped:123,28.759000000000004,1.4736
251637::400.swc,936,229,6,L6:mapped:124,137.14600000000166,2.1403
251637::400.swc,936,229,6,L6:mapped:228,33.956999999999965,1.5435
251637::400.swc,936,229,6,L6:mapped:229,753.2159999999872,2.8775
251637::400.swc,936,229,6,L6:mapped:1004,44.27199999999994,1.6558
251637::400.swc,936,229,6,L6:mapped:1036,0.037,0.0158
251637::400.swc,936,229,6,L6:mapped:1049,13.561999999999989,1.1632
251637::400.swc,936,229,6,L6:mapped:1055,19.601999999999954,1.3139
251637::400.swc,936,229,6,L6:mapped:1056,424.8109999999948,2.6292
251637::400.swc,936,229,6,L6:mapped:1057,11.81999999999999,1.1079
251637::400.swc,936,229,6,L6:mapped:1158,4.905999999999998,0.7713
251637::401.swc,936,229,1,L1:mapped:90,130.90800000000135,2.1203
251637::401.swc,936,229,1,L1:mapped:138,115.18600000000141,2.0652
251637::401.swc,936,229,1,L1:mapped:1001,64.50299999999994,1.8163
251637::401.swc,936,229,2,L2:mapped:112,130.90800000000135,2.1203
251637::401.swc,936,229,2,L2:mapped:224,100.30100000000104,2.0056
251637::401.swc,936,229,2,L2:mapped:1002,41.25199999999998,1.6258
251637::401.swc,936,229,2,L2:mapped:1050,23.25099999999995,1.3847
251637::401.swc,936,229,3,L3:mapped:120,130.90800000000135,2.1203
251637::401.swc,936,229,3,L3:mapped:224,100.30100000000104,2.0056
251637::401.swc,936,229,3,L3:mapped:1003,41.25199999999998,1.6258
251637::401.swc,936,229,3,L3:mapped:1051,23.25099999999995,1.3847
251637::401.swc,936,229,4,L4:mapped:120,130.90800000000135,2.1203
251637::401.swc,936,229,4,L4:mapped:225,100.30100000000104,2.0056
251637::401.swc,936,229,4,L4:mapped:1004,41.25199999999998,1.6258
251637::401.swc,936,229,4,L4:mapped:1052,23.25099999999995,1.3847
251637::401.swc,936,229,5,L5:mapped:121,15.512999999999998,1.2178
251637::401.swc,936,229,5,L5:mapped:124,115.39500000000108,2.0659
251637::401.swc,936,229,5,L5:mapped:227,100.30100000000104,2.0056
251637::401.swc,936,229,5,L5:mapped:1004,41.25199999999998,1.6258
251637::401.swc,936,229,5,L5:mapped:1056,23.25099999999995,1.3847
251637::401.swc,936,229,6,L6:mapped:123,15.512999999999998,1.2178
251637::401.swc,936,229,6,L6:mapped:124,115.39500000000108,2.0659
251637::401.swc,936,229,6,L6:mapped:228,4.845999999999998,0.7669
251637::401.swc,936,229,6,L6:mapped:229,95.455000000001,1.9843
251637::401.swc,936,229,6,L6:mapped:1004,41.25199999999998,1.6258
251637::401.swc,936,229,6,L6:mapped:1056,23.25099999999995,1.3847
251637::402.swc,936,229,1,L1:mapped:90,323.36399999999634,2.511
251637::402.swc,936,229,1,L1:mapped:138,131.77500000000126,2.1231
251637::402.swc,936,229,1,L1:mapped:1001,96.07600000000068,1.9871
251637::402.swc,936,229,2,L2:mapped:91,52.2349999999999,1.7262
251637::402.swc,936,229,2,L2:mapped:112,271.12899999999814,2.4348
251637::402.swc,936,229,2,L2:mapped:204,18.292999999999996,1.2854
251637::402.swc,936,229,2,L2:mapped:224,113.48200000000108,2.0587
251637::402.swc,936,229,2,L2:mapped:1002,86.95600000000043,1.9443
251637::402.swc,936,229,2,L2:mapped:1050,9.119999999999994,1.0052
251637::402.swc,936,229,3,L3:mapped:92,5.279999999999998,0.798
251637::402.swc,936,229,3,L3:mapped:95,46.95499999999994,1.6808
251637::402.swc,936,229,3,L3:mapped:120,271.12899999999814,2.4348
251637::402.swc,936,229,3,L3:mapped:205,18.292999999999996,1.2854
251637::402.swc,936,229,3,L3:mapped:224,113.48200000000108,2.0587
251637::402.swc,936,229,3,L3:mapped:1003,86.95600000000043,1.9443
251637::402.swc,936,229,3,L3:mapped:1051,9.119999999999994,1.0052
251637::402.swc,936,229,4,L4:mapped:92,5.279999999999998,0.798
251637::402.swc,936,229,4,L4:mapped:95,46.95499999999994,1.6808
251637::402.swc,936,229,4,L4:mapped:120,271.12899999999814,2.4348
251637::402.swc,936,229,4,L4:mapped:213,18.292999999999996,1.2854
251637::402.swc,936,229,4,L4:mapped:225,113.48200000000108,2.0587
251637::402.swc,936,229,4,L4:mapped:1004,86.95600000000043,1.9443
251637::402.swc,936,229,4,L4:mapped:1052,9.119999999999994,1.0052
251637::402.swc,936,229,5,L5:mapped:94,5.279999999999998,0.798
251637::402.swc,936,229,5,L5:mapped:95,46.95499999999994,1.6808
251637::402.swc,936,229,5,L5:mapped:121,76.71000000000036,1.8905
251637::402.swc,936,229,5,L5:mapped:124,194.41900000000004,2.291
251637::402.swc,936,229,5,L5:mapped:215,18.292999999999996,1.2854
251637::402.swc,936,229,5,L5:mapped:226,9.219999999999995,1.0095
251637::402.swc,936,229,5,L5:mapped:227,104.26200000000095,2.0223
251637::402.swc,936,229,5,L5:mapped:1004,86.95600000000043,1.9443
251637::402.swc,936,229,5,L5:mapped:1056,9.119999999999994,1.0052
251637::402.swc,936,229,6,L6:mapped:94,5.279999999999998,0.798
251637::402.swc,936,229,6,L6:mapped:95,46.95499999999994,1.6808
251637::402.swc,936,229,6,L6:mapped:123,76.71000000000036,1.8905
251637::402.swc,936,229,6,L6:mapped:124,194.41900000000004,2.291
251637::402.swc,936,229,6,L6:mapped:216,18.292999999999996,1.2854
251637::402.swc,936,229,6,L6:mapped:226,9.219999999999995,1.0095
251637::402.swc,936,229,6,L6:mapped:228,10.386999999999993,1.0564
251637::402.swc,936,229,6,L6:mapped:229,93.87500000000078,1.9772
251637::402.swc,936,229,6,L6:mapped:1004,86.95600000000043,1.9443
251637::402.swc,936,229,6,L6:mapped:1056,9.119999999999994,1.0052
251637::403.swc,936,229,1,L1:mapped:1,1029.2989999999854,3.013
251637::403.swc,936,229,1,L1:mapped:90,175.61300000000065,2.247
251637::403.swc,936,229,1,L1:mapped:138,382.65999999999667,2.5839
251637::403.swc,936,229,1,L1:mapped:1001,34.04899999999997,1.5447
251637::403.swc,936,229,2,L2:mapped:50,1024.8459999999843,3.0111
251637::403.swc,936,229,2,L2:mapped:112,175.61300000000065,2.247
251637::403.swc,936,229,2,L2:mapped:193,26.411999999999967,1.4379
251637::403.swc,936,229,2,L2:mapped:204,5.999000000000001,0.845
251637::403.swc,936,229,2,L2:mapped:224,350.24899999999684,2.5456
251637::403.swc,936,229,2,L2:mapped:1002,34.04899999999997,1.5447
251637::403.swc,936,229,3,L3:mapped:51,218.73999999999984,2.3419
251637::403.swc,936,229,3,L3:mapped:54,42.66699999999999,1.6402
251637::403.swc,936,229,3,L3:mapped:64,763.438999999991,2.8833
251637::403.swc,936,229,3,L3:mapped:119,175.61300000000065,2.247
251637::403.swc,936,229,3,L3:mapped:194,17.23300000000001,1.2609
251637::403.swc,936,229,3,L3:mapped:199,9.178999999999997,1.0077
251637::403.swc,936,229,3,L3:mapped:205,2.472999999999999,0.5407
251637::403.swc,936,229,3,L3:mapped:224,350.24899999999684,2.5456
251637::403.swc,936,229,3,L3:mapped:1003,34.04899999999997,1.5447
251637::403.swc,936,229,4,L4:mapped:51,218.73999999999984,2.3419
251637::403.swc,936,229,4,L4:mapped:59,42.66699999999999,1.6402
251637::403.swc,936,229,4,L4:mapped:65,763.438999999991,2.8833
251637::403.swc,936,229,4,L4:mapped:119,175.61300000000065,2.247
251637::403.swc,936,229,4,L4:mapped:195,17.23300000000001,1.2609
251637::403.swc,936,229,4,L4:mapped:199,9.178999999999997,1.0077
251637::403.swc,936,229,4,L4:mapped:213,2.472999999999999,0.5407
251637::403.swc,936,229,4,L4:mapped:225,350.24899999999684,2.5456
251637::403.swc,936,229,4,L4:mapped:1004,34.04899999999997,1.5447
251637::403.swc,936,229,5,L5:mapped:51,218.73999999999984,2.3419
251637::403.swc,936,229,5,L5:mapped:63,42.66699999999999,1.6402
251637::403.swc,936,229,5,L5:mapped:66,763.438999999991,2.8833
251637::403.swc,936,229,5,L5:mapped:119,175.61300000000065,2.247
251637::403.swc,936,229,5,L5:mapped:196,17.23300000000001,1.2609
251637::403.swc,936,229,5,L5:mapped:200,9.178999999999997,1.0077
251637::403.swc,936,229,5,L5:mapped:214,2.472999999999999,0.5407
251637::403.swc,936,229,5,L5:mapped:227,350.24899999999684,2.5456
251637::403.swc,936,229,5,L5:mapped:1004,34.04899999999997,1.5447
251637::403.swc,936,229,6,L6:mapped:52,218.73999999999984,2.3419
251637::403.swc,936,229,6,L6:mapped:63,42.66699999999999,1.6402
251637::403.swc,936,229,6,L6:mapped:68,763.438999999991,2.8833
251637::403.swc,936,229,6,L6:mapped:119,175.61300000000065,2.247
251637::403.swc,936,229,6,L6:mapped:196,17.23300000000001,1.2609
251637::403.swc,936,229,6,L6:mapped:200,9.178999999999997,1.0077
251637::403.swc,936,229,6,L6:mapped:214,2.472999999999999,0.5407
251637::403.swc,936,229,6,L6:mapped:228,107.56700000000126,2.0357
251637::403.swc,936,229,6,L6:mapped:229,242.68200000000027,2.3868
251637::403.swc,936,229,6,L6:mapped:1004,34.04899999999997,1.5447
251637::404.swc,936,229,1,L1:mapped:138,70.92600000000049,1.8569
251637::404.swc,936,229,1,L1:mapped:1001,0.7420000000000002,0.241
251637::404.swc,936,229,2,L2:mapped:224,70.92600000000049,1.8569
251637::404.swc,936,229,2,L2:mapped:1002,0.7420000000000002,0.241
251637::404.swc,936,229,3,L3:mapped:224,70.92600000000049,1.8569
251637::404.swc,936,229,3,L3:mapped:1003,0.7420000000000002,0.241
251637::404.swc,936,229,4,L4:mapped:225,70.92600000000049,1.8569
251637::404.swc,936,229,4,L4:mapped:1004,0.7420000000000002,0.241
251637::404.swc,936,229,5,L5:mapped:227,70.92600000000049,1.8569
251637::404.swc,936,229,5,L5:mapped:1004,0.7420000000000002,0.241
251637::404.swc,936,229,6,L6:mapped:228,10.929999999999984,1.0766
251637::404.swc,936,229,6,L6:mapped:229,59.996000000000066,1.7853
251637::404.swc,936,229,6,L6:mapped:1004,0.7420000000000002,0.241
251637::405.swc,936,229,1,L1:mapped:1,252.83499999999808,2.4046
251637::405.swc,936,229,1,L1:mapped:90,6.3459999999999965,0.8661
251637::405.swc,936,229,1,L1:mapped:138,238.725999999998,2.3797
251637::405.swc,936,229,1,L1:mapped:1001,173.37200000000107,2.2415
251637::405.swc,936,229,2,L2:mapped:50,240.92799999999846,2.3837
251637::405.swc,936,229,2,L2:mapped:77,11.906999999999982,1.1108
251637::405.swc,936,229,2,L2:mapped:91,6.3459999999999965,0.8661
251637::405.swc,936,229,2,L2:mapped:224,238.725999999998,2.3797
251637::405.swc,936,229,2,L2:mapped:1002,47.942999999999984,1.6897
251637::405.swc,936,229,2,L2:mapped:1024,9.39399999999999,1.0168
251637::405.swc,936,229,2,L2:mapped:1050,116.03500000000162,2.0683
251637::405.swc,936,229,3,L3:mapped:64,240.92799999999846,2.3837
251637::405.swc,936,229,3,L3:mapped:78,11.906999999999982,1.1108
251637::405.swc,936,229,3,L3:mapped:95,6.3459999999999965,0.8661
251637::405.swc,936,229,3,L3:mapped:224,238.725999999998,2.3797
251637::405.swc,936,229,3,L3:mapped:1003,47.942999999999984,1.6897
251637::405.swc,936,229,3,L3:mapped:1040,9.39399999999999,1.0168
251637::405.swc,936,229,3,L3:mapped:1051,116.03500000000162,2.0683
251637::405.swc,936,229,4,L4:mapped:65,32.86199999999996,1.5297
251637::405.swc,936,229,4,L4:mapped:72,208.06600000000003,2.3203
251637::405.swc,936,229,4,L4:mapped:80,11.906999999999982,1.1108
251637::405.swc,936,229,4,L4:mapped:95,6.3459999999999965,0.8661
251637::405.swc,936,229,4,L4:mapped:225,238.725999999998,2.3797
251637::405.swc,936,229,4,L4:mapped:1004,47.942999999999984,1.6897
251637::405.swc,936,229,4,L4:mapped:1046,9.39399999999999,1.0168
251637::405.swc,936,229,4,L4:mapped:1052,116.03500000000162,2.0683
251637::405.swc,936,229,5,L5:mapped:69,32.86199999999996,1.5297
251637::405.swc,936,229,5,L5:mapped:73,189.06499999999997,2.2789
251637::405.swc,936,229,5,L5:mapped:76,19.00099999999999,1.3011
251637::405.swc,936,229,5,L5:mapped:84,11.906999999999982,1.1108
251637::405.swc,936,229,5,L5:mapped:95,6.3459999999999965,0.8661
251637::405.swc,936,229,5,L5:mapped:227,238.725999999998,2.3797
251637::405.swc,936,229,5,L5:mapped:1004,47.942999999999984,1.6897
251637::405.swc,936,229,5,L5:mapped:1049,9.39399999999999,1.0168
251637::405.swc,936,229,5,L5:mapped:1056,103.92400000000123,2.0209
251637::405.swc,936,229,5,L5:mapped:1057,6.1499999999999995,0.8543
251637::405.swc,936,229,6,L6:mapped:70,32.86199999999996,1.5297
251637::405.swc,936,229,6,L6:mapped:74,158.62400000000068,2.2031
251637::405.swc,936,229,6,L6:mapped:75,30.441000000000006,1.4975
251637::405.swc,936,229,6,L6:mapped:76,19.00099999999999,1.3011
251637::405.swc,936,229,6,L6:mapped:86,11.906999999999982,1.1108
251637::405.swc,936,229,6,L6:mapped:95,6.3459999999999965,0.8661
251637::405.swc,936,229,6,L6:mapped:228,2.325,0.5218
251637::405.swc,936,229,6,L6:mapped:229,236.40099999999816,2.3755
251637::405.swc,936,229,6,L6:mapped:1004,47.942999999999984,1.6897
251637::405.swc,936,229,6,L6:mapped:1049,9.39399999999999,1.0168
251637::405.swc,936,229,6,L6:mapped:1056,103.92400000000123,2.0209
251637::405.swc,936,229,6,L6:mapped:1057,6.1499999999999995,0.8543
251637::406.swc,936,229,1,L1:mapped:138,267.1859999999973,2.4284
251637::406.swc,936,229,2,L2:mapped:224,267.1859999999973,2.4284
251637::406.swc,936,229,3,L3:mapped:224,267.1859999999973,2.4284
251637::406.swc,936,229,4,L4:mapped:225,267.1859999999973,2.4284
251637::406.swc,936,229,5,L5:mapped:227,267.1859999999973,2.4284
251637::406.swc,936,229,6,L6:mapped:229,267.1859999999973,2.4284
251637::407.swc,936,229,1,L1:mapped:138,131.4350000000016,2.122
251637::407.swc,936,229,2,L2:mapped:224,131.4350000000016,2.122
251637::407.swc,936,229,3,L3:mapped:224,131.4350000000016,2.122
251637::407.swc,936,229,4,L4:mapped:225,131.4350000000016,2.122
251637::407.swc,936,229,5,L5:mapped:227,131.4350000000016,2.122
251637::407.swc,936,229,6,L6:mapped:229,131.4350000000016,2.122
251637::408.swc,936,229,1,L1:mapped:138,23.712999999999987,1.3929
251637::408.swc,936,229,2,L2:mapped:224,23.712999999999987,1.3929
251637::408.swc,936,229,3,L3:mapped:224,23.712999999999987,1.3929
251637::408.swc,936,229,4,L4:mapped:225,23.712999999999987,1.3929
251637::408.swc,936,229,5,L5:mapped:227,23.712999999999987,1.3929
251637::408.swc,936,229,6,L6:mapped:229,23.712999999999987,1.3929
251637::409.swc,936,229,1,L1:mapped:90,4.232999999999997,0.7188
251637::409.swc,936,229,1,L1:mapped:138,112.6640000000014,2.0556
251637::409.swc,936,229,1,L1:mapped:1001,89.65500000000064,1.9574
251637::409.swc,936,229,2,L2:mapped:91,4.232999999999997,0.7188
251637::409.swc,936,229,2,L2:mapped:224,112.6640000000014,2.0556
251637::409.swc,936,229,2,L2:mapped:1002,27.241999999999976,1.4509
251637::409.swc,936,229,2,L2:mapped:1050,62.413000000000004,1.8022
251637::409.swc,936,229,3,L3:mapped:95,4.232999999999997,0.7188
251637::409.swc,936,229,3,L3:mapped:224,112.6640000000014,2.0556
251637::409.swc,936,229,3,L3:mapped:1003,27.241999999999976,1.4509
251637::409.swc,936,229,3,L3:mapped:1051,62.164,1.8005
251637::409.swc,936,229,4,L4:mapped:95,4.232999999999997,0.7188
251637::409.swc,936,229,4,L4:mapped:225,112.6640000000014,2.0556
251637::409.swc,936,229,4,L4:mapped:1004,27.241999999999976,1.4509
251637::409.swc,936,229,4,L4:mapped:1052,62.164,1.8005
251637::409.swc,936,229,5,L5:mapped:95,4.232999999999997,0.7188
251637::409.swc,936,229,5,L5:mapped:227,112.6640000000014,2.0556
251637::409.swc,936,229,5,L5:mapped:1004,27.241999999999976,1.4509
251637::409.swc,936,229,5,L5:mapped:1056,62.164,1.8005
251637::409.swc,936,229,6,L6:mapped:95,4.232999999999997,0.7188
251637::409.swc,936,229,6,L6:mapped:229,112.6640000000014,2.0556
251637::409.swc,936,229,6,L6:mapped:1004,27.241999999999976,1.4509
251637::409.swc,936,229,6,L6:mapped:1056,62.164,1.8005
251637::410.swc,936,229,1,L1:mapped:90,0.8200000000000002,0.2601
251637::410.swc,936,229,1,L1:mapped:138,52.14499999999999,1.7255
251637::410.swc,936,229,2,L2:mapped:91,0.8200000000000002,0.2601
251637::410.swc,936,229,2,L2:mapped:224,52.14499999999999,1.7255
251637::410.swc,936,229,3,L3:mapped:95,0.8200000000000002,0.2601
251637::410.swc,936,229,3,L3:mapped:224,52.14499999999999,1.7255
251637::410.swc,936,229,4,L4:mapped:95,0.8200000000000002,0.2601
251637::410.swc,936,229,4,L4:mapped:225,52.14499999999999,1.7255
251637::410.swc,936,229,5,L5:mapped:95,0.8200000000000002,0.2601
251637::410.swc,936,229,5,L5:mapped:227,52.14499999999999,1.7255
251637::410.swc,936,229,6,L6:mapped:95,0.8200000000000002,0.2601
251637::410.swc,936,229,6,L6:mapped:229,52.14499999999999,1.7255
251637::411.swc,936,229,1,L1:mapped:138,114.49000000000117,2.0625
251637::411.swc,936,229,2,L2:mapped:224,114.49000000000117,2.0625
251637::411.swc,936,229,3,L3:mapped:224,114.49000000000117,2.0625
251637::411.swc,936,229,4,L4:mapped:225,114.49000000000117,2.0625
251637::411.swc,936,229,5,L5:mapped:227,114.49000000000117,2.0625
251637::411.swc,936,229,6,L6:mapped:229,114.49000000000117,2.0625
251637::412.swc,936,229,1,L1:mapped:138,61.54499999999985,1.7962
251637::412.swc,936,229,2,L2:mapped:224,61.54499999999985,1.7962
251637::412.swc,936,229,3,L3:mapped:224,61.54499999999985,1.7962
251637::412.swc,936,229,4,L4:mapped:225,61.54499999999985,1.7962
251637::412.swc,936,229,5,L5:mapped:227,61.54499999999985,1.7962
251637::412.swc,936,229,6,L6:mapped:229,61.54499999999985,1.7962
251637::413.swc,936,229,1,L1:mapped:138,68.20200000000024,1.8401
251637::413.swc,936,229,2,L2:mapped:224,68.20200000000024,1.8401
251637::413.swc,936,229,3,L3:mapped:224,68.20200000000024,1.8401
251637::413.swc,936,229,4,L4:mapped:225,68.20200000000024,1.8401
251637::413.swc,936,229,5,L5:mapped:227,68.20200000000024,1.8401
251637::413.swc,936,229,6,L6:mapped:229,68.20200000000024,1.8401
251637::414.swc,936,228,1,L1:mapped:90,2.2449999999999997,0.5112
251637::414.swc,936,228,1,L1:mapped:138,344.03399999999624,2.5379
251637::414.swc,936,228,1,L1:mapped:1001,283.65799999999797,2.4543
251637::414.swc,936,228,1,L1:mapped:1169,396.18499999999716,2.599
251637::414.swc,936,228,1,L1:mapped:1211,41.00899999999996,1.6233
251637::414.swc,936,228,1,L1:mapped:1286,7.396999999999997,0.9241
251637::414.swc,936,228,2,L2:mapped:91,2.2449999999999997,0.5112
251637::414.swc,936,228,2,L2:mapped:224,344.03399999999624,2.5379
251637::414.swc,936,228,2,L2:mapped:1002,25.63599999999998,1.4255
251637::414.swc,936,228,2,L2:mapped:1024,81.23300000000035,1.915
251637::414.swc,936,228,2,L2:mapped:1050,150.45900000000063,2.1803
251637::414.swc,936,228,2,L2:mapped:1069,25.865999999999993,1.4292
251637::414.swc,936,228,2,L2:mapped:1170,396.18499999999716,2.599
251637::414.swc,936,228,2,L2:mapped:1212,41.00899999999996,1.6233
251637::414.swc,936,228,2,L2:mapped:1287,7.396999999999997,0.9241
251637::414.swc,936,228,3,L3:mapped:95,2.2449999999999997,0.5112
251637::414.swc,936,228,3,L3:mapped:224,344.03399999999624,2.5379
251637::414.swc,936,228,3,L3:mapped:1003,25.63599999999998,1.4255
251637::414.swc,936,228,3,L3:mapped:1040,81.23300000000035,1.915
251637::414.swc,936,228,3,L3:mapped:1051,149.6320000000007,2.1779
251637::414.swc,936,228,3,L3:mapped:1062,0.8270000000000003,0.2617
251637::414.swc,936,228,3,L3:mapped:1069,25.865999999999993,1.4292
251637::414.swc,936,228,3,L3:mapped:1171,217.59300000000027,2.3396
251637::414.swc,936,228,3,L3:mapped:1180,84.61300000000033,1.9325
251637::414.swc,936,228,3,L3:mapped:1200,93.97900000000101,1.9776
251637::414.swc,936,228,3,L3:mapped:1213,32.279999999999994,1.5222
251637::414.swc,936,228,3,L3:mapped:1288,7.396999999999997,0.9241
251637::414.swc,936,228,4,L4:mapped:95,2.2449999999999997,0.5112
251637::414.swc,936,228,4,L4:mapped:225,344.03399999999624,2.5379
251637::414.swc,936,228,4,L4:mapped:1004,25.63599999999998,1.4255
251637::414.swc,936,228,4,L4:mapped:1041,65.95999999999998,1.8258
251637::414.swc,936,228,4,L4:mapped:1043,15.273,1.2115
251637::414.swc,936,228,4,L4:mapped:1052,149.6320000000007,2.1779
251637::414.swc,936,228,4,L4:mapped:1062,0.8270000000000003,0.2617
251637::414.swc,936,228,4,L4:mapped:1070,25.865999999999993,1.4292
251637::414.swc,936,228,4,L4:mapped:1172,89.58800000000058,1.9571
251637::414.swc,936,228,4,L4:mapped:1177,128.00500000000125,2.1106
251637::414.swc,936,228,4,L4:mapped:1181,9.642999999999995,1.0271
251637::414.swc,936,228,4,L4:mapped:1189,74.97000000000007,1.8806
251637::414.swc,936,228,4,L4:mapped:1204,93.97900000000101,1.9776
251637::414.swc,936,228,4,L4:mapped:1214,32.00699999999999,1.5186
251637::414.swc,936,228,4,L4:mapped:1294,6.928999999999997,0.8992
251637::414.swc,936,228,5,L5:mapped:95,2.2449999999999997,0.5112
251637::414.swc,936,228,5,L5:mapped:227,344.03399999999624,2.5379
251637::414.swc,936,228,5,L5:mapped:1004,25.63599999999998,1.4255
251637::414.swc,936,228,5,L5:mapped:1042,65.95999999999998,1.8258
251637::414.swc,936,228,5,L5:mapped:1045,15.273,1.2115
251637::414.swc,936,228,5,L5:mapped:1056,27.63599999999999,1.4569
251637::414.swc,936,228,5,L5:mapped:1057,121.99600000000153,2.0899
251637::414.swc,936,228,5,L5:mapped:1067,0.8270000000000003,0.2617
251637::414.swc,936,228,5,L5:mapped:1070,25.865999999999993,1.4292
251637::414.swc,936,228,5,L5:mapped:1173,10.095999999999998,1.0452
251637::414.swc,936,228,5,L5:mapped:1174,79.49200000000027,1.9058
251637::414.swc,936,228,5,L5:mapped:1179,128.00500000000125,2.1106
251637::414.swc,936,228,5,L5:mapped:1183,0.35900000000000004,0.1332
251637::414.swc,936,228,5,L5:mapped:1190,70.51799999999996,1.8544
251637::414.swc,936,228,5,L5:mapped:1206,42.1439999999999,1.6349
251637::414.swc,936,228,5,L5:mapped:1210,50.713000000000015,1.7136
251637::414.swc,936,228,5,L5:mapped:1214,32.00699999999999,1.5186
251637::414.swc,936,228,5,L5:mapped:1295,6.928999999999997,0.8992
251637::414.swc,936,228,6,L6:mapped:95,2.2449999999999997,0.5112
251637::414.swc,936,228,6,L6:mapped:228,275.14099999999803,2.4411
251637::414.swc,936,228,6,L6:mapped:229,68.89300000000004,1.8444
251637::414.swc,936,228,6,L6:mapped:1004,25.63599999999998,1.4255
251637::414.swc,936,228,6,L6:mapped:1042,65.95999999999998,1.8258
251637::414.swc,936,228,6,L6:mapped:1045,15.273,1.2115
251637::414.swc,936,228,6,L6:mapped:1056,27.63599999999999,1.4569
251637::414.swc,936,228,6,L6:mapped:1057,121.99600000000153,2.0899
251637::414.swc,936,228,6,L6:mapped:1067,0.8270000000000003,0.2617
251637::414.swc,936,228,6,L6:mapped:1072,25.865999999999993,1.4292
251637::414.swc,936,228,6,L6:mapped:1173,10.095999999999998,1.0452
251637::414.swc,936,228,6,L6:mapped:1175,79.49200000000027,1.9058
251637::414.swc,936,228,6,L6:mapped:1179,128.00500000000125,2.1106
251637::414.swc,936,228,6,L6:mapped:1183,0.35900000000000004,0.1332
251637::414.swc,936,228,6,L6:mapped:1190,70.51799999999996,1.8544
251637::414.swc,936,228,6,L6:mapped:1206,42.1439999999999,1.6349
251637::414.swc,936,228,6,L6:mapped:1210,50.713000000000015,1.7136
251637::414.swc,936,228,6,L6:mapped:1217,16.103999999999985,1.2331
251637::414.swc,936,228,6,L6:mapped:1218,1.4109999999999998,0.3822
251637::414.swc,936,228,6,L6:mapped:1295,6.928999999999997,0.8992
251637::415.swc,936,228,1,L1:mapped:1,116.56800000000153,2.0703
251637::415.swc,936,228,1,L1:mapped:90,1178.0579999999889,3.0715
251637::415.swc,936,228,1,L1:mapped:138,740.7019999999881,2.8702
251637::415.swc,936,228,1,L1:mapped:1001,111.9210000000018,2.0528
251637::415.swc,936,228,2,L2:mapped:16,13.96899999999999,1.1752
251637::415.swc,936,228,2,L2:mapped:50,102.59900000000145,2.0154
251637::415.swc,936,228,2,L2:mapped:91,947.5799999999932,2.9771
251637::415.swc,936,228,2,L2:mapped:112,230.4779999999997,2.3645
251637::415.swc,936,228,2,L2:mapped:224,740.7019999999881,2.8702
251637::415.swc,936,228,2,L2:mapped:1002,108.27900000000162,2.0385
251637::415.swc,936,228,3,L3:mapped:37,13.96899999999999,1.1752
251637::415.swc,936,228,3,L3:mapped:64,102.59900000000145,2.0154
251637::415.swc,936,228,3,L3:mapped:95,947.5799999999932,2.9771
251637::415.swc,936,228,3,L3:mapped:120,230.4779999999997,2.3645
251637::415.swc,936,228,3,L3:mapped:224,740.7019999999881,2.8702
251637::415.swc,936,228,3,L3:mapped:1003,108.27900000000162,2.0385
251637::415.swc,936,228,4,L4:mapped:47,13.96899999999999,1.1752
251637::415.swc,936,228,4,L4:mapped:65,102.59900000000145,2.0154
251637::415.swc,936,228,4,L4:mapped:95,947.5799999999932,2.9771
251637::415.swc,936,228,4,L4:mapped:120,230.4779999999997,2.3645
251637::415.swc,936,228,4,L4:mapped:225,740.7019999999881,2.8702
251637::415.swc,936,228,4,L4:mapped:1004,108.27900000000162,2.0385
251637::415.swc,936,228,5,L5:mapped:48,13.96899999999999,1.1752
251637::415.swc,936,228,5,L5:mapped:66,102.59900000000145,2.0154
251637::415.swc,936,228,5,L5:mapped:95,947.5799999999932,2.9771
251637::415.swc,936,228,5,L5:mapped:124,230.4779999999997,2.3645
251637::415.swc,936,228,5,L5:mapped:227,740.7019999999881,2.8702
251637::415.swc,936,228,5,L5:mapped:1004,108.27900000000162,2.0385
251637::415.swc,936,228,6,L6:mapped:48,13.96899999999999,1.1752
251637::415.swc,936,228,6,L6:mapped:67,7.098,0.9084
251637::415.swc,936,228,6,L6:mapped:68,95.50100000000114,1.9845
251637::415.swc,936,228,6,L6:mapped:95,947.5799999999932,2.9771
251637::415.swc,936,228,6,L6:mapped:124,230.4779999999997,2.3645
251637::415.swc,936,228,6,L6:mapped:228,568.7499999999894,2.7557
251637::415.swc,936,228,6,L6:mapped:229,171.95200000000088,2.2379
251637::415.swc,936,228,6,L6:mapped:1004,108.27900000000162,2.0385
251637::416.swc,936,228,1,L1:mapped:138,216.93299999999888,2.3383
251637::416.swc,936,228,2,L2:mapped:224,216.93299999999888,2.3383
251637::416.swc,936,228,3,L3:mapped:224,216.93299999999888,2.3383
251637::416.swc,936,228,4,L4:mapped:225,216.93299999999888,2.3383
251637::416.swc,936,228,5,L5:mapped:227,216.93299999999888,2.3383
251637::416.swc,936,228,6,L6:mapped:228,210.98299999999884,2.3263
251637::416.swc,936,228,6,L6:mapped:229,5.949999999999995,0.842
251637::417.swc,936,228,1,L1:mapped:1,111.22100000000135,2.0501
251637::417.swc,936,228,1,L1:mapped:90,51.98799999999993,1.7242
251637::417.swc,936,228,1,L1:mapped:138,520.0399999999903,2.7169
251637::417.swc,936,228,1,L1:mapped:1001,25.998999999999995,1.4313
251637::417.swc,936,228,2,L2:mapped:16,111.22100000000135,2.0501
251637::417.swc,936,228,2,L2:mapped:91,51.98799999999993,1.7242
251637::417.swc,936,228,2,L2:mapped:204,29.226999999999972,1.4804
251637::417.swc,936,228,2,L2:mapped:224,490.81299999999294,2.6918
251637::417.swc,936,228,2,L2:mapped:1002,25.998999999999995,1.4313
251637::417.swc,936,228,3,L3:mapped:37,111.22100000000135,2.0501
251637::417.swc,936,228,3,L3:mapped:95,51.98799999999993,1.7242
251637::417.swc,936,228,3,L3:mapped:219,2.2189999999999994,0.5077
251637::417.swc,936,228,3,L3:mapped:224,490.81299999999294,2.6918
251637::417.swc,936,228,3,L3:mapped:1003,25.998999999999995,1.4313
251637::417.swc,936,228,4,L4:mapped:47,111.22100000000135,2.0501
251637::417.swc,936,228,4,L4:mapped:95,51.98799999999993,1.7242
251637::417.swc,936,228,4,L4:mapped:219,2.2189999999999994,0.5077
251637::417.swc,936,228,4,L4:mapped:225,490.81299999999294,2.6918
251637::417.swc,936,228,4,L4:mapped:1004,25.998999999999995,1.4313
251637::417.swc,936,228,5,L5:mapped:48,111.22100000000135,2.0501
251637::417.swc,936,228,5,L5:mapped:95,51.98799999999993,1.7242
251637::417.swc,936,228,5,L5:mapped:220,0.333,0.1248
251637::417.swc,936,228,5,L5:mapped:227,490.81299999999294,2.6918
251637::417.swc,936,228,5,L5:mapped:1004,25.998999999999995,1.4313
251637::417.swc,936,228,6,L6:mapped:48,111.22100000000135,2.0501
251637::417.swc,936,228,6,L6:mapped:95,51.98799999999993,1.7242
251637::417.swc,936,228,6,L6:mapped:221,0.333,0.1248
251637::417.swc,936,228,6,L6:mapped:228,348.39899999999506,2.5433
251637::417.swc,936,228,6,L6:mapped:229,142.41400000000175,2.1566
251637::417.swc,936,228,6,L6:mapped:1004,25.998999999999995,1.4313
251637::418.swc,936,228,1,L1:mapped:138,156.5420000000006,2.1974
251637::418.swc,936,228,1,L1:mapped:1082,138.89400000000157,2.1458
251637::418.swc,936,228,2,L2:mapped:224,156.5420000000006,2.1974
251637::418.swc,936,228,2,L2:mapped:1111,32.54599999999998,1.5256
251637::418.swc,936,228,2,L2:mapped:1113,98.80900000000095,1.9992
251637::418.swc,936,228,3,L3:mapped:224,156.5420000000006,2.1974
251637::418.swc,936,228,3,L3:mapped:1112,32.54599999999998,1.5256
251637::418.swc,936,228,3,L3:mapped:1115,1.3450000000000002,0.3701
251637::418.swc,936,228,3,L3:mapped:1135,21.831999999999994,1.3585
251637::418.swc,936,228,3,L3:mapped:1148,54.74200000000006,1.7462
251637::418.swc,936,228,4,L4:mapped:225,156.5420000000006,2.1974
251637::418.swc,936,228,4,L4:mapped:1112,32.54599999999998,1.5256
251637::418.swc,936,228,4,L4:mapped:1119,1.3450000000000002,0.3701
251637::418.swc,936,228,4,L4:mapped:1143,21.80299999999999,1.358
251637::418.swc,936,228,4,L4:mapped:1151,54.74200000000006,1.7462
251637::418.swc,936,228,5,L5:mapped:227,156.5420000000006,2.1974
251637::418.swc,936,228,5,L5:mapped:1112,32.54599999999998,1.5256
251637::418.swc,936,228,5,L5:mapped:1122,1.3450000000000002,0.3701
251637::418.swc,936,228,5,L5:mapped:1145,9.01499999999999,1.0007
251637::418.swc,936,228,5,L5:mapped:1152,54.74200000000006,1.7462
251637::418.swc,936,228,6,L6:mapped:228,152.80700000000073,2.187
251637::418.swc,936,228,6,L6:mapped:229,3.7349999999999977,0.6753
251637::418.swc,936,228,6,L6:mapped:1112,32.54599999999998,1.5256
251637::418.swc,936,228,6,L6:mapped:1123,1.3450000000000002,0.3701
251637::418.swc,936,228,6,L6:mapped:1145,9.01499999999999,1.0007
251637::418.swc,936,228,6,L6:mapped:1152,54.74200000000006,1.7462
251637::419.swc,936,228,1,L1:mapped:90,8.812999999999994,0.9918
251637::419.swc,936,228,1,L1:mapped:138,175.86300000000094,2.2476
251637::419.swc,936,228,1,L1:mapped:1001,22.240999999999985,1.3663
251637::419.swc,936,228,2,L2:mapped:112,8.338999999999993,0.9703
251637::419.swc,936,228,2,L2:mapped:224,175.86300000000094,2.2476
251637::419.swc,936,228,2,L2:mapped:1002,22.240999999999985,1.3663
251637::419.swc,936,228,3,L3:mapped:120,8.338999999999993,0.9703
251637::419.swc,936,228,3,L3:mapped:224,175.86300000000094,2.2476
251637::419.swc,936,228,3,L3:mapped:1003,22.240999999999985,1.3663
251637::419.swc,936,228,4,L4:mapped:120,8.338999999999993,0.9703
251637::419.swc,936,228,4,L4:mapped:225,175.86300000000094,2.2476
251637::419.swc,936,228,4,L4:mapped:1004,22.240999999999985,1.3663
251637::419.swc,936,228,5,L5:mapped:124,8.338999999999993,0.9703
251637::419.swc,936,228,5,L5:mapped:227,175.86300000000094,2.2476
251637::419.swc,936,228,5,L5:mapped:1004,22.240999999999985,1.3663
251637::419.swc,936,228,6,L6:mapped:124,8.338999999999993,0.9703
251637::419.swc,936,228,6,L6:mapped:228,139.69800000000197,2.1483
251637::419.swc,936,228,6,L6:mapped:229,36.164999999999964,1.5701
251637::419.swc,936,228,6,L6:mapped:1004,22.240999999999985,1.3663
251637::420.swc,936,229,1,L1:mapped:138,70.34800000000017,1.8534
251637::420.swc,936,229,1,L1:mapped:1001,38.02999999999995,1.5914
251637::420.swc,936,229,2,L2:mapped:224,70.34800000000017,1.8534
251637::420.swc,936,229,2,L2:mapped:1002,38.02999999999995,1.5914
251637::420.swc,936,229,3,L3:mapped:224,70.34800000000017,1.8534
251637::420.swc,936,229,3,L3:mapped:1003,38.02999999999995,1.5914
251637::420.swc,936,229,4,L4:mapped:225,70.34800000000017,1.8534
251637::420.swc,936,229,4,L4:mapped:1004,38.02999999999995,1.5914
251637::420.swc,936,229,5,L5:mapped:227,70.34800000000017,1.8534
251637::420.swc,936,229,5,L5:mapped:1004,38.02999999999995,1.5914
251637::420.swc,936,229,6,L6:mapped:228,13.377000000000002,1.1577
251637::420.swc,936,229,6,L6:mapped:229,56.97099999999997,1.7632
251637::420.swc,936,229,6,L6:mapped:1004,38.02999999999995,1.5914
251637::421.swc,936,229,1,L1:mapped:138,98.63800000000128,1.9984
251637::421.swc,936,229,1,L1:mapped:1082,17.308999999999987,1.2627
251637::421.swc,936,229,2,L2:mapped:224,98.63800000000128,1.9984
251637::421.swc,936,229,2,L2:mapped:1111,15.678999999999995,1.2222
251637::421.swc,936,229,3,L3:mapped:224,98.63800000000128,1.9984
251637::421.swc,936,229,3,L3:mapped:1112,15.678999999999995,1.2222
251637::421.swc,936,229,4,L4:mapped:225,98.63800000000128,1.9984
251637::421.swc,936,229,4,L4:mapped:1112,15.678999999999995,1.2222
251637::421.swc,936,229,5,L5:mapped:227,98.63800000000128,1.9984
251637::421.swc,936,229,5,L5:mapped:1112,15.678999999999995,1.2222
251637::421.swc,936,229,6,L6:mapped:228,22.052999999999997,1.3627
251637::421.swc,936,229,6,L6:mapped:229,76.58500000000026,1.8898
251637::421.swc,936,229,6,L6:mapped:1112,15.678999999999995,1.2222
251637::422.swc,936,0,1,L1:mapped:1,283.69999999999766,2.4544
251637::422.swc,936,0,1,L1:mapped:138,390.36099999999436,2.5926
251637::422.swc,936,0,1,L1:mapped:1001,70.24800000000045,1.8528
251637::422.swc,936,0,2,L2:mapped:16,8.358,0.9712
251637::422.swc,936,0,2,L2:mapped:77,275.3419999999976,2.4414
251637::422.swc,936,0,2,L2:mapped:224,390.36099999999436,2.5926
251637::422.swc,936,0,2,L2:mapped:1002,70.24800000000045,1.8528
251637::422.swc,936,0,3,L3:mapped:37,8.358,0.9712
251637::422.swc,936,0,3,L3:mapped:78,209.01199999999963,2.3222
251637::422.swc,936,0,3,L3:mapped:87,66.33000000000014,1.8282
251637::422.swc,936,0,3,L3:mapped:224,390.36099999999436,2.5926
251637::422.swc,936,0,3,L3:mapped:1003,70.24800000000045,1.8528
251637::422.swc,936,0,4,L4:mapped:38,8.358,0.9712
251637::422.swc,936,0,4,L4:mapped:79,172.47300000000072,2.2392
251637::422.swc,936,0,4,L4:mapped:80,36.53899999999997,1.5745
251637::422.swc,936,0,4,L4:mapped:87,66.33000000000014,1.8282
251637::422.swc,936,0,4,L4:mapped:225,390.36099999999436,2.5926
251637::422.swc,936,0,4,L4:mapped:1004,70.24800000000045,1.8528
251637::422.swc,936,0,5,L5:mapped:40,8.358,0.9712
251637::422.swc,936,0,5,L5:mapped:79,172.47300000000072,2.2392
251637::422.swc,936,0,5,L5:mapped:81,35.610999999999976,1.5636
251637::422.swc,936,0,5,L5:mapped:89,66.33000000000014,1.8282
251637::422.swc,936,0,5,L5:mapped:227,390.36099999999436,2.5926
251637::422.swc,936,0,5,L5:mapped:1004,70.24800000000045,1.8528
251637::422.swc,936,0,6,L6:mapped:41,3.738999999999997,0.6757
251637::422.swc,936,0,6,L6:mapped:42,4.619000000000001,0.7497
251637::422.swc,936,0,6,L6:mapped:79,172.47300000000072,2.2392
251637::422.swc,936,0,6,L6:mapped:82,35.610999999999976,1.5636
251637::422.swc,936,0,6,L6:mapped:89,66.33000000000014,1.8282
251637::422.swc,936,0,6,L6:mapped:228,310.7999999999961,2.4939
251637::422.swc,936,0,6,L6:mapped:229,79.56100000000062,1.9061
251637::422.swc,936,0,6,L6:mapped:1004,70.24800000000045,1.8528
251637::423.swc,936,0,1,L1:mapped:90,49.20399999999989,1.7007
251637::423.swc,936,0,1,L1:mapped:138,143.9430000000014,2.1612
251637::423.swc,936,0,1,L1:mapped:1001,18.343000000000014,1.2865
251637::423.swc,936,0,2,L2:mapped:91,32.82899999999997,1.5293
251637::423.swc,936,0,2,L2:mapped:112,16.374999999999993,1.2399
251637::423.swc,936,0,2,L2:mapped:224,143.9430000000014,2.1612
251637::423.swc,936,0,2,L2:mapped:1002,18.343000000000014,1.2865
251637::423.swc,936,0,3,L3:mapped:95,32.82899999999997,1.5293
251637::423.swc,936,0,3,L3:mapped:120,16.374999999999993,1.2399
251637::423.swc,936,0,3,L3:mapped:224,143.9430000000014,2.1612
251637::423.swc,936,0,3,L3:mapped:1003,18.343000000000014,1.2865
251637::423.swc,936,0,4,L4:mapped:95,32.82899999999997,1.5293
251637::423.swc,936,0,4,L4:mapped:120,16.374999999999993,1.2399
251637::423.swc,936,0,4,L4:mapped:225,143.9430000000014,2.1612
251637::423.swc,936,0,4,L4:mapped:1004,18.343000000000014,1.2865
251637::423.swc,936,0,5,L5:mapped:95,32.82899999999997,1.5293
251637::423.swc,936,0,5,L5:mapped:124,16.374999999999993,1.2399
251637::423.swc,936,0,5,L5:mapped:227,143.9430000000014,2.1612
251637::423.swc,936,0,5,L5:mapped:1004,18.343000000000014,1.2865
251637::423.swc,936,0,6,L6:mapped:95,32.82899999999997,1.5293
251637::423.swc,936,0,6,L6:mapped:124,16.374999999999993,1.2399
251637::423.swc,936,0,6,L6:mapped:228,124.19400000000168,2.0976
251637::423.swc,936,0,6,L6:mapped:229,19.748999999999977,1.317
251637::423.swc,936,0,6,L6:mapped:1004,18.343000000000014,1.2865
251637::424.swc,936,228,1,L1:mapped:138,281.0909999999967,2.4504
251637::424.swc,936,228,1,L1:mapped:1082,115.39000000000136,2.0659
251637::424.swc,936,228,2,L2:mapped:224,281.0909999999967,2.4504
251637::424.swc,936,228,2,L2:mapped:1111,108.2650000000012,2.0385
251637::424.swc,936,228,2,L2:mapped:1113,7.124999999999994,0.9098
251637::424.swc,936,228,3,L3:mapped:224,281.0909999999967,2.4504
251637::424.swc,936,228,3,L3:mapped:1112,108.2650000000012,2.0385
251637::424.swc,936,228,3,L3:mapped:1135,6.175999999999995,0.8559
251637::424.swc,936,228,4,L4:mapped:225,281.0909999999967,2.4504
251637::424.swc,936,228,4,L4:mapped:1112,108.2650000000012,2.0385
251637::424.swc,936,228,4,L4:mapped:1143,6.175999999999995,0.8559
251637::424.swc,936,228,5,L5:mapped:227,281.0909999999967,2.4504
251637::424.swc,936,228,5,L5:mapped:1112,108.2650000000012,2.0385
251637::424.swc,936,228,5,L5:mapped:1146,5.934999999999994,0.841
251637::424.swc,936,228,6,L6:mapped:228,281.0909999999967,2.4504
251637::424.swc,936,228,6,L6:mapped:1112,108.2650000000012,2.0385
251637::424.swc,936,228,6,L6:mapped:1146,5.934999999999994,0.841
251637::425.swc,936,228,1,L1:mapped:138,169.3410000000006,2.2313
251637::425.swc,936,228,1,L1:mapped:1001,13.878999999999985,1.1726
251637::425.swc,936,228,2,L2:mapped:204,23.382999999999974,1.3871
251637::425.swc,936,228,2,L2:mapped:224,145.9580000000016,2.1672
251637::425.swc,936,228,2,L2:mapped:1002,13.878999999999985,1.1726
251637::425.swc,936,228,3,L3:mapped:205,23.382999999999974,1.3871
251637::425.swc,936,228,3,L3:mapped:224,145.9580000000016,2.1672
251637::425.swc,936,228,3,L3:mapped:1003,13.878999999999985,1.1726
251637::425.swc,936,228,4,L4:mapped:213,23.382999999999974,1.3871
251637::425.swc,936,228,4,L4:mapped:225,145.9580000000016,2.1672
251637::425.swc,936,228,4,L4:mapped:1004,13.878999999999985,1.1726
251637::425.swc,936,228,5,L5:mapped:214,23.382999999999974,1.3871
251637::425.swc,936,228,5,L5:mapped:227,145.9580000000016,2.1672
251637::425.swc,936,228,5,L5:mapped:1004,13.878999999999985,1.1726
251637::425.swc,936,228,6,L6:mapped:214,23.382999999999974,1.3871
251637::425.swc,936,228,6,L6:mapped:228,132.22600000000202,2.1246
251637::425.swc,936,228,6,L6:mapped:229,13.731999999999983,1.1683
251637::425.swc,936,228,6,L6:mapped:1004,13.878999999999985,1.1726
251637::426.swc,936,228,1,L1:mapped:138,83.9410000000006,1.9291
251637::426.swc,936,228,2,L2:mapped:224,83.9410000000006,1.9291
251637::426.swc,936,228,3,L3:mapped:224,83.9410000000006,1.9291
251637::426.swc,936,228,4,L4:mapped:225,83.9410000000006,1.9291
251637::426.swc,936,228,5,L5:mapped:227,83.9410000000006,1.9291
251637::426.swc,936,228,6,L6:mapped:228,83.9410000000006,1.9291
251637::427.swc,936,228,1,L1:mapped:138,45.68799999999999,1.6692
251637::427.swc,936,228,2,L2:mapped:224,45.68799999999999,1.6692
251637::427.swc,936,228,3,L3:mapped:224,45.68799999999999,1.6692
251637::427.swc,936,228,4,L4:mapped:225,45.68799999999999,1.6692
251637::427.swc,936,228,5,L5:mapped:227,45.68799999999999,1.6692
251637::427.swc,936,228,6,L6:mapped:228,45.68799999999999,1.6692
251637::428.swc,936,228,1,L1:mapped:138,284.77599999999677,2.456
251637::428.swc,936,228,2,L2:mapped:224,284.77599999999677,2.456
251637::428.swc,936,228,3,L3:mapped:224,284.77599999999677,2.456
251637::428.swc,936,228,4,L4:mapped:225,284.77599999999677,2.456
251637::428.swc,936,228,5,L5:mapped:227,284.77599999999677,2.456
251637::428.swc,936,228,6,L6:mapped:228,284.77599999999677,2.456
251637::429.swc,936,228,1,L1:mapped:138,40.78499999999992,1.621
251637::429.swc,936,228,2,L2:mapped:224,40.78499999999992,1.621
251637::429.swc,936,228,3,L3:mapped:224,40.78499999999992,1.621
251637::429.swc,936,228,4,L4:mapped:225,40.78499999999992,1.621
251637::429.swc,936,228,5,L5:mapped:227,40.78499999999992,1.621
251637::429.swc,936,228,6,L6:mapped:228,40.78499999999992,1.621
251637::430.swc,936,228,1,L1:mapped:90,131.4620000000013,2.1221
251637::430.swc,936,228,1,L1:mapped:138,922.1019999999828,2.9652
251637::430.swc,936,228,1,L1:mapped:1001,10.422999999999993,1.0578
251637::430.swc,936,228,2,L2:mapped:91,122.83000000000139,2.0928
251637::430.swc,936,228,2,L2:mapped:112,8.631999999999985,0.9837
251637::430.swc,936,228,2,L2:mapped:224,922.1019999999828,2.9652
251637::430.swc,936,228,2,L2:mapped:1050,6.117999999999994,0.8524
251637::430.swc,936,228,3,L3:mapped:95,122.83000000000139,2.0928
251637::430.swc,936,228,3,L3:mapped:120,8.631999999999985,0.9837
251637::430.swc,936,228,3,L3:mapped:224,922.1019999999828,2.9652
251637::430.swc,936,228,3,L3:mapped:1051,6.117999999999994,0.8524
251637::430.swc,936,228,4,L4:mapped:95,122.83000000000139,2.0928
251637::430.swc,936,228,4,L4:mapped:120,8.631999999999985,0.9837
251637::430.swc,936,228,4,L4:mapped:225,922.1019999999828,2.9652
251637::430.swc,936,228,4,L4:mapped:1052,6.117999999999994,0.8524
251637::430.swc,936,228,5,L5:mapped:95,122.83000000000139,2.0928
251637::430.swc,936,228,5,L5:mapped:124,8.631999999999985,0.9837
251637::430.swc,936,228,5,L5:mapped:227,922.1019999999828,2.9652
251637::430.swc,936,228,5,L5:mapped:1056,6.117999999999994,0.8524
251637::430.swc,936,228,6,L6:mapped:95,122.83000000000139,2.0928
251637::430.swc,936,228,6,L6:mapped:124,8.631999999999985,0.9837
251637::430.swc,936,228,6,L6:mapped:228,215.8989999999998,2.3363
251637::430.swc,936,228,6,L6:mapped:229,706.2029999999842,2.8495
251637::430.swc,936,228,6,L6:mapped:1056,6.117999999999994,0.8524
251637::431.swc,936,228,1,L1:mapped:138,460.8769999999914,2.6645
251637::431.swc,936,228,1,L1:mapped:1001,342.9449999999954,2.5365
251637::431.swc,936,228,2,L2:mapped:224,460.8769999999914,2.6645
251637::431.swc,936,228,2,L2:mapped:1050,316.8089999999975,2.5022
251637::431.swc,936,228,3,L3:mapped:224,460.8769999999914,2.6645
251637::431.swc,936,228,3,L3:mapped:1051,316.8089999999975,2.5022
251637::431.swc,936,228,4,L4:mapped:225,460.8769999999914,2.6645
251637::431.swc,936,228,4,L4:mapped:1052,250.99799999999917,2.4014
251637::431.swc,936,228,4,L4:mapped:1059,65.81099999999992,1.8248
251637::431.swc,936,228,5,L5:mapped:227,460.8769999999914,2.6645
251637::431.swc,936,228,5,L5:mapped:1056,250.99799999999917,2.4014
251637::431.swc,936,228,5,L5:mapped:1060,65.81099999999992,1.8248
251637::431.swc,936,228,6,L6:mapped:228,392.14399999999466,2.5946
251637::431.swc,936,228,6,L6:mapped:229,68.73300000000003,1.8434
251637::431.swc,936,228,6,L6:mapped:1056,250.99799999999917,2.4014
251637::431.swc,936,228,6,L6:mapped:1060,65.81099999999992,1.8248
251637::432.swc,936,228,1,L1:mapped:90,0.6270000000000001,0.2114
251637::432.swc,936,228,1,L1:mapped:138,163.8650000000005,2.2171
251637::432.swc,936,228,1,L1:mapped:1082,168.10400000000118,2.2282
251637::432.swc,936,228,1,L1:mapped:1169,11.653000000000008,1.1022
251637::432.swc,936,228,2,L2:mapped:91,0.6270000000000001,0.2114
251637::432.swc,936,228,2,L2:mapped:224,163.8650000000005,2.2171
251637::432.swc,936,228,2,L2:mapped:1111,23.699999999999957,1.3927
251637::432.swc,936,228,2,L2:mapped:1113,136.4740000000018,2.1382
251637::432.swc,936,228,2,L2:mapped:1163,7.929999999999995,0.9509
251637::432.swc,936,228,2,L2:mapped:1170,11.653000000000008,1.1022
251637::432.swc,936,228,3,L3:mapped:95,0.6270000000000001,0.2114
251637::432.swc,936,228,3,L3:mapped:224,163.8650000000005,2.2171
251637::432.swc,936,228,3,L3:mapped:1112,23.699999999999957,1.3927
251637::432.swc,936,228,3,L3:mapped:1115,16.996999999999993,1.2552
251637::432.swc,936,228,3,L3:mapped:1135,21.283999999999974,1.348
251637::432.swc,936,228,3,L3:mapped:1148,76.6870000000003,1.8903
251637::432.swc,936,228,3,L3:mapped:1163,7.929999999999995,0.9509
251637::432.swc,936,228,3,L3:mapped:1180,11.653000000000008,1.1022
251637::432.swc,936,228,4,L4:mapped:95,0.6270000000000001,0.2114
251637::432.swc,936,228,4,L4:mapped:225,163.8650000000005,2.2171
251637::432.swc,936,228,4,L4:mapped:1112,23.699999999999957,1.3927
251637::432.swc,936,228,4,L4:mapped:1119,16.996999999999993,1.2552
251637::432.swc,936,228,4,L4:mapped:1143,21.283999999999974,1.348
251637::432.swc,936,228,4,L4:mapped:1151,76.6870000000003,1.8903
251637::432.swc,936,228,4,L4:mapped:1163,7.929999999999995,0.9509
251637::432.swc,936,228,4,L4:mapped:1189,11.653000000000008,1.1022
251637::432.swc,936,228,5,L5:mapped:95,0.6270000000000001,0.2114
251637::432.swc,936,228,5,L5:mapped:227,163.8650000000005,2.2171
251637::432.swc,936,228,5,L5:mapped:1112,23.699999999999957,1.3927
251637::432.swc,936,228,5,L5:mapped:1125,16.996999999999993,1.2552
251637::432.swc,936,228,5,L5:mapped:1145,6.280999999999996,0.8622
251637::432.swc,936,228,5,L5:mapped:1152,61.674999999999876,1.7971
251637::432.swc,936,228,5,L5:mapped:1153,15.011999999999981,1.2044
251637::432.swc,936,228,5,L5:mapped:1168,7.929999999999995,0.9509
251637::432.swc,936,228,5,L5:mapped:1190,11.653000000000008,1.1022
251637::432.swc,936,228,6,L6:mapped:95,0.6270000000000001,0.2114
251637::432.swc,936,228,6,L6:mapped:228,126.56400000000204,2.1057
251637::432.swc,936,228,6,L6:mapped:229,37.30099999999995,1.5832
251637::432.swc,936,228,6,L6:mapped:1112,23.699999999999957,1.3927
251637::432.swc,936,228,6,L6:mapped:1125,16.996999999999993,1.2552
251637::432.swc,936,228,6,L6:mapped:1145,6.280999999999996,0.8622
251637::432.swc,936,228,6,L6:mapped:1152,61.674999999999876,1.7971
251637::432.swc,936,228,6,L6:mapped:1153,15.011999999999981,1.2044
251637::432.swc,936,228,6,L6:mapped:1168,7.929999999999995,0.9509
251637::432.swc,936,228,6,L6:mapped:1190,11.653000000000008,1.1022
251637::433.swc,936,228,1,L1:mapped:138,645.9419999999866,2.8109
251637::433.swc,936,228,1,L1:mapped:1001,126.0860000000011,2.1041
251637::433.swc,936,228,2,L2:mapped:165,77.79100000000054,1.8965
251637::433.swc,936,228,2,L2:mapped:224,568.15099999999,2.7552
251637::433.swc,936,228,2,L2:mapped:1002,88.33000000000047,1.951
251637::433.swc,936,228,2,L2:mapped:1050,37.75599999999993,1.5883
251637::433.swc,936,228,3,L3:mapped:165,77.79100000000054,1.8965
251637::433.swc,936,228,3,L3:mapped:224,568.15099999999,2.7552
251637::433.swc,936,228,3,L3:mapped:1003,54.58399999999995,1.7449
251637::433.swc,936,228,3,L3:mapped:1005,33.745999999999974,1.5409
251637::433.swc,936,228,3,L3:mapped:1051,36.21199999999997,1.5707
251637::433.swc,936,228,3,L3:mapped:1062,1.5439999999999996,0.4055
251637::433.swc,936,228,4,L4:mapped:166,76.10800000000046,1.8871
251637::433.swc,936,228,4,L4:mapped:167,1.6829999999999996,0.4286
251637::433.swc,936,228,4,L4:mapped:225,568.15099999999,2.7552
251637::433.swc,936,228,4,L4:mapped:1004,54.58399999999995,1.7449
251637::433.swc,936,228,4,L4:mapped:1006,33.745999999999974,1.5409
251637::433.swc,936,228,4,L4:mapped:1052,36.21199999999997,1.5707
251637::433.swc,936,228,4,L4:mapped:1062,1.5439999999999996,0.4055
251637::433.swc,936,228,5,L5:mapped:166,76.10800000000046,1.8871
251637::433.swc,936,228,5,L5:mapped:168,0.6080000000000002,0.2063
251637::433.swc,936,228,5,L5:mapped:171,1.0750000000000002,0.317
251637::433.swc,936,228,5,L5:mapped:226,9.290000000000001,1.0124
251637::433.swc,936,228,5,L5:mapped:227,558.8609999999892,2.7481
251637::433.swc,936,228,5,L5:mapped:1004,54.58399999999995,1.7449
251637::433.swc,936,228,5,L5:mapped:1007,33.745999999999974,1.5409
251637::433.swc,936,228,5,L5:mapped:1056,36.21199999999997,1.5707
251637::433.swc,936,228,5,L5:mapped:1067,1.5439999999999996,0.4055
251637::433.swc,936,228,6,L6:mapped:166,76.10800000000046,1.8871
251637::433.swc,936,228,6,L6:mapped:169,0.31300000000000006,0.1183
251637::433.swc,936,228,6,L6:mapped:170,0.29500000000000004,0.1123
251637::433.swc,936,228,6,L6:mapped:174,1.0750000000000002,0.317
251637::433.swc,936,228,6,L6:mapped:226,9.290000000000001,1.0124
251637::433.swc,936,228,6,L6:mapped:228,558.8609999999892,2.7481
251637::433.swc,936,228,6,L6:mapped:1004,54.58399999999995,1.7449
251637::433.swc,936,228,6,L6:mapped:1007,33.745999999999974,1.5409
251637::433.swc,936,228,6,L6:mapped:1056,36.21199999999997,1.5707
251637::433.swc,936,228,6,L6:mapped:1067,1.5439999999999996,0.4055
251637::434.swc,936,228,1,L1:mapped:138,37.43899999999994,1.5848
251637::434.swc,936,228,1,L1:mapped:1082,262.8839999999979,2.4214
251637::434.swc,936,228,2,L2:mapped:224,37.43899999999994,1.5848
251637::434.swc,936,228,2,L2:mapped:1111,23.010999999999942,1.3804
251637::434.swc,936,228,2,L2:mapped:1113,239.87299999999811,2.3818
251637::434.swc,936,228,3,L3:mapped:224,37.43899999999994,1.5848
251637::434.swc,936,228,3,L3:mapped:1112,23.010999999999942,1.3804
251637::434.swc,936,228,3,L3:mapped:1115,47.92799999999983,1.6896
251637::434.swc,936,228,3,L3:mapped:1148,171.6280000000003,2.2371
251637::434.swc,936,228,3,L3:mapped:1157,17.43499999999999,1.2656
251637::434.swc,936,228,4,L4:mapped:225,37.43899999999994,1.5848
251637::434.swc,936,228,4,L4:mapped:1112,23.010999999999942,1.3804
251637::434.swc,936,228,4,L4:mapped:1119,47.92799999999983,1.6896
251637::434.swc,936,228,4,L4:mapped:1151,171.6280000000003,2.2371
251637::434.swc,936,228,4,L4:mapped:1159,17.43499999999999,1.2656
251637::434.swc,936,228,5,L5:mapped:227,37.43899999999994,1.5848
251637::434.swc,936,228,5,L5:mapped:1112,23.010999999999942,1.3804
251637::434.swc,936,228,5,L5:mapped:1121,0.9960000000000004,0.3002
251637::434.swc,936,228,5,L5:mapped:1125,44.597999999999885,1.6589
251637::434.swc,936,228,5,L5:mapped:1152,163.7320000000007,2.2168
251637::434.swc,936,228,5,L5:mapped:1153,7.895999999999993,0.9492
251637::434.swc,936,228,5,L5:mapped:1159,17.43499999999999,1.2656
251637::434.swc,936,228,6,L6:mapped:228,37.43899999999994,1.5848
251637::434.swc,936,228,6,L6:mapped:1112,23.010999999999942,1.3804
251637::434.swc,936,228,6,L6:mapped:1121,0.9960000000000004,0.3002
251637::434.swc,936,228,6,L6:mapped:1125,44.597999999999885,1.6589
251637::434.swc,936,228,6,L6:mapped:1152,163.7320000000007,2.2168
251637::434.swc,936,228,6,L6:mapped:1153,7.895999999999993,0.9492
251637::434.swc,936,228,6,L6:mapped:1159,17.43499999999999,1.2656
251637::435.swc,936,228,1,L1:mapped:138,32.95099999999999,1.5309
251637::435.swc,936,228,2,L2:mapped:224,32.95099999999999,1.5309
251637::435.swc,936,228,3,L3:mapped:224,32.95099999999999,1.5309
251637::435.swc,936,228,4,L4:mapped:225,32.95099999999999,1.5309
251637::435.swc,936,228,5,L5:mapped:227,32.95099999999999,1.5309
251637::435.swc,936,228,6,L6:mapped:228,32.95099999999999,1.5309
251637::436.swc,936,228,1,L1:mapped:1,653.2209999999918,2.8157
251637::436.swc,936,228,1,L1:mapped:138,835.5779999999874,2.9225
251637::436.swc,936,228,2,L2:mapped:50,653.2209999999918,2.8157
251637::436.swc,936,228,2,L2:mapped:224,835.5779999999874,2.9225
251637::436.swc,936,228,3,L3:mapped:64,653.2209999999918,2.8157
251637::436.swc,936,228,3,L3:mapped:224,835.5779999999874,2.9225
251637::436.swc,936,228,4,L4:mapped:65,653.2209999999918,2.8157
251637::436.swc,936,228,4,L4:mapped:225,835.5779999999874,2.9225
251637::436.swc,936,228,5,L5:mapped:66,653.2209999999918,2.8157
251637::436.swc,936,228,5,L5:mapped:227,835.5779999999874,2.9225
251637::436.swc,936,228,6,L6:mapped:68,651.2709999999925,2.8144
251637::436.swc,936,228,6,L6:mapped:228,835.5779999999874,2.9225
251637::437.swc,936,228,1,L1:mapped:1,565.1119999999879,2.7529
251637::437.swc,936,228,1,L1:mapped:90,929.0059999999911,2.9685
251637::437.swc,936,228,1,L1:mapped:138,736.7959999999882,2.8679
251637::437.swc,936,228,1,L1:mapped:1001,1154.9499999999616,3.0629
251637::437.swc,936,228,2,L2:mapped:16,270.1079999999967,2.4331
251637::437.swc,936,228,2,L2:mapped:50,155.85900000000078,2.1955
251637::437.swc,936,228,2,L2:mapped:77,139.14500000000163,2.1466
251637::437.swc,936,228,2,L2:mapped:112,929.0059999999911,2.9685
251637::437.swc,936,228,2,L2:mapped:175,70.8860000000001,1.8566
251637::437.swc,936,228,2,L2:mapped:224,665.9099999999884,2.8241
251637::437.swc,936,228,2,L2:mapped:1002,69.036,1.8453
251637::437.swc,936,228,2,L2:mapped:1024,264.01499999999777,2.4233
251637::437.swc,936,228,2,L2:mapped:1050,810.711999999986,2.9094
251637::437.swc,936,228,2,L2:mapped:1069,11.18699999999999,1.0859
251637::437.swc,936,228,3,L3:mapped:37,269.81199999999654,2.4327
251637::437.swc,936,228,3,L3:mapped:64,155.85900000000078,2.1955
251637::437.swc,936,228,3,L3:mapped:78,139.14500000000163,2.1466
251637::437.swc,936,228,3,L3:mapped:120,918.2459999999911,2.9634
251637::437.swc,936,228,3,L3:mapped:188,70.8860000000001,1.8566
251637::437.swc,936,228,3,L3:mapped:224,665.9099999999884,2.8241
251637::437.swc,936,228,3,L3:mapped:1003,61.953999999999915,1.799
251637::437.swc,936,228,3,L3:mapped:1025,30.130000000000003,1.4932
251637::437.swc,936,228,3,L3:mapped:1040,233.88499999999885,2.3709
251637::437.swc,936,228,3,L3:mapped:1051,810.711999999986,2.9094
251637::437.swc,936,228,3,L3:mapped:1069,11.18699999999999,1.0859
251637::437.swc,936,228,4,L4:mapped:47,245.08299999999795,2.3911
251637::437.swc,936,228,4,L4:mapped:65,4.847999999999996,0.767
251637::437.swc,936,228,4,L4:mapped:72,151.0110000000009,2.1819
251637::437.swc,936,228,4,L4:mapped:80,139.14500000000163,2.1466
251637::437.swc,936,228,4,L4:mapped:120,918.2459999999911,2.9634
251637::437.swc,936,228,4,L4:mapped:188,70.8860000000001,1.8566
251637::437.swc,936,228,4,L4:mapped:225,665.9099999999884,2.8241
251637::437.swc,936,228,4,L4:mapped:1004,61.953999999999915,1.799
251637::437.swc,936,228,4,L4:mapped:1030,30.130000000000003,1.4932
251637::437.swc,936,228,4,L4:mapped:1041,201.32199999999966,2.306
251637::437.swc,936,228,4,L4:mapped:1043,6.777000000000002,0.8908
251637::437.swc,936,228,4,L4:mapped:1046,25.785999999999998,1.4279
251637::437.swc,936,228,4,L4:mapped:1052,810.711999999986,2.9094
251637::437.swc,936,228,4,L4:mapped:1070,11.18699999999999,1.0859
251637::437.swc,936,228,5,L5:mapped:49,245.08299999999795,2.3911
251637::437.swc,936,228,5,L5:mapped:69,4.847999999999996,0.767
251637::437.swc,936,228,5,L5:mapped:73,57.448999999999906,1.7668
251637::437.swc,936,228,5,L5:mapped:76,93.5620000000011,1.9757
251637::437.swc,936,228,5,L5:mapped:84,139.14500000000163,2.1466
251637::437.swc,936,228,5,L5:mapped:121,264.13399999999774,2.4235
251637::437.swc,936,228,5,L5:mapped:124,654.1119999999933,2.8163
251637::437.swc,936,228,5,L5:mapped:189,70.8860000000001,1.8566
251637::437.swc,936,228,5,L5:mapped:227,665.9099999999884,2.8241
251637::437.swc,936,228,5,L5:mapped:1004,61.953999999999915,1.799
251637::437.swc,936,228,5,L5:mapped:1035,14.051999999999994,1.1776
251637::437.swc,936,228,5,L5:mapped:1042,201.32199999999966,2.306
251637::437.swc,936,228,5,L5:mapped:1045,6.777000000000002,0.8908
251637::437.swc,936,228,5,L5:mapped:1049,25.785999999999998,1.4279
251637::437.swc,936,228,5,L5:mapped:1053,17.817000000000004,1.2746
251637::437.swc,936,228,5,L5:mapped:1056,508.6659999999904,2.7073
251637::437.swc,936,228,5,L5:mapped:1057,284.22899999999646,2.4552
251637::437.swc,936,228,5,L5:mapped:1070,11.18699999999999,1.0859
251637::437.swc,936,228,6,L6:mapped:49,245.08299999999795,2.3911
251637::437.swc,936,228,6,L6:mapped:70,4.847999999999996,0.767
251637::437.swc,936,228,6,L6:mapped:74,56.64599999999991,1.7608
251637::437.swc,936,228,6,L6:mapped:76,93.5620000000011,1.9757
251637::437.swc,936,228,6,L6:mapped:86,139.14500000000163,2.1466
251637::437.swc,936,228,6,L6:mapped:122,18.727999999999973,1.2951
251637::437.swc,936,228,6,L6:mapped:123,245.40599999999822,2.3917
251637::437.swc,936,228,6,L6:mapped:124,654.1119999999933,2.8163
251637::437.swc,936,228,6,L6:mapped:190,70.8860000000001,1.8566
251637::437.swc,936,228,6,L6:mapped:228,520.6059999999892,2.7173
251637::437.swc,936,228,6,L6:mapped:229,145.30400000000085,2.1653
251637::437.swc,936,228,6,L6:mapped:1004,61.953999999999915,1.799
251637::437.swc,936,228,6,L6:mapped:1036,14.051999999999994,1.1776
251637::437.swc,936,228,6,L6:mapped:1042,201.32199999999966,2.306
251637::437.swc,936,228,6,L6:mapped:1045,6.777000000000002,0.8908
251637::437.swc,936,228,6,L6:mapped:1049,25.785999999999998,1.4279
251637::437.swc,936,228,6,L6:mapped:1055,17.817000000000004,1.2746
251637::437.swc,936,228,6,L6:mapped:1056,508.6659999999904,2.7073
251637::437.swc,936,228,6,L6:mapped:1057,284.22899999999646,2.4552
251637::437.swc,936,228,6,L6:mapped:1072,7.4429999999999925,0.9265
251637::438.swc,936,0,1,L1:mapped:138,109.67000000000132,2.044
251637::438.swc,936,0,1,L1:mapped:1082,39.91899999999994,1.6119
251637::438.swc,936,0,2,L2:mapped:224,108.01100000000126,2.0375
251637::438.swc,936,0,2,L2:mapped:1113,39.73899999999994,1.61
251637::438.swc,936,0,3,L3:mapped:224,108.01100000000126,2.0375
251637::438.swc,936,0,3,L3:mapped:1115,0.044,0.0187
251637::438.swc,936,0,3,L3:mapped:1135,24.33499999999999,1.4037
251637::438.swc,936,0,4,L4:mapped:225,108.01100000000126,2.0375
251637::438.swc,936,0,4,L4:mapped:1119,0.044,0.0187
251637::438.swc,936,0,4,L4:mapped:1143,24.33499999999999,1.4037
251637::438.swc,936,0,5,L5:mapped:227,108.01100000000126,2.0375
251637::438.swc,936,0,5,L5:mapped:1124,0.044,0.0187
251637::438.swc,936,0,5,L5:mapped:1145,14.945999999999986,1.2027
251637::438.swc,936,0,6,L6:mapped:228,82.97400000000044,1.9241
251637::438.swc,936,0,6,L6:mapped:229,25.036999999999978,1.4156
251637::438.swc,936,0,6,L6:mapped:1124,0.044,0.0187
251637::438.swc,936,0,6,L6:mapped:1145,14.945999999999986,1.2027
251637::439.swc,936,0,1,L1:mapped:138,306.7299999999965,2.4882
251637::439.swc,936,0,2,L2:mapped:165,145.78100000000103,2.1667
251637::439.swc,936,0,2,L2:mapped:224,160.94900000000018,2.2094
251637::439.swc,936,0,3,L3:mapped:165,145.78100000000103,2.1667
251637::439.swc,936,0,3,L3:mapped:224,160.94900000000018,2.2094
251637::439.swc,936,0,4,L4:mapped:167,145.78100000000103,2.1667
251637::439.swc,936,0,4,L4:mapped:225,160.94900000000018,2.2094
251637::439.swc,936,0,5,L5:mapped:168,117.24600000000126,2.0728
251637::439.swc,936,0,5,L5:mapped:171,28.53499999999998,1.4703
251637::439.swc,936,0,5,L5:mapped:227,160.3500000000002,2.2078
251637::439.swc,936,0,6,L6:mapped:169,117.24600000000126,2.0728
251637::439.swc,936,0,6,L6:mapped:172,28.53499999999998,1.4703
251637::439.swc,936,0,6,L6:mapped:228,85.26000000000069,1.9358
251637::439.swc,936,0,6,L6:mapped:229,75.09000000000033,1.8813
251637::440.swc,936,0,1,L1:mapped:138,595.564999999995,2.7757
251637::440.swc,936,0,1,L1:mapped:1001,50.395999999999894,1.7109
251637::440.swc,936,0,2,L2:mapped:224,595.564999999995,2.7757
251637::440.swc,936,0,2,L2:mapped:1002,50.395999999999894,1.7109
251637::440.swc,936,0,3,L3:mapped:224,595.564999999995,2.7757
251637::440.swc,936,0,3,L3:mapped:1003,50.395999999999894,1.7109
251637::440.swc,936,0,4,L4:mapped:225,595.564999999995,2.7757
251637::440.swc,936,0,4,L4:mapped:1004,50.395999999999894,1.7109
251637::440.swc,936,0,5,L5:mapped:226,30.983000000000015,1.5049
251637::440.swc,936,0,5,L5:mapped:227,564.5819999999932,2.7525
251637::440.swc,936,0,5,L5:mapped:1004,50.395999999999894,1.7109
251637::440.swc,936,0,6,L6:mapped:226,30.983000000000015,1.5049
251637::440.swc,936,0,6,L6:mapped:228,564.5819999999932,2.7525
251637::440.swc,936,0,6,L6:mapped:1004,50.395999999999894,1.7109
251637::441.swc,936,228,1,L1:mapped:138,104.88500000000134,2.0248
251637::441.swc,936,228,2,L2:mapped:224,104.67900000000134,2.024
251637::441.swc,936,228,3,L3:mapped:224,104.67900000000134,2.024
251637::441.swc,936,228,4,L4:mapped:225,104.67900000000134,2.024
251637::441.swc,936,228,5,L5:mapped:227,104.67900000000134,2.024
251637::441.swc,936,228,6,L6:mapped:228,99.90800000000122,2.0039
251637::442.swc,936,228,1,L1:mapped:1,475.0719999999936,2.6777
251637::442.swc,936,228,1,L1:mapped:90,248.76499999999908,2.3975
251637::442.swc,936,228,1,L1:mapped:138,726.4239999999901,2.8618
251637::442.swc,936,228,1,L1:mapped:1001,95.10200000000044,1.9827
251637::442.swc,936,228,2,L2:mapped:2,450.4519999999941,2.6546
251637::442.swc,936,228,2,L2:mapped:16,24.61999999999997,1.4086
251637::442.swc,936,228,2,L2:mapped:125,247.05199999999914,2.3945
251637::442.swc,936,228,2,L2:mapped:224,726.4239999999901,2.8618
251637::442.swc,936,228,2,L2:mapped:1002,82.2600000000002,1.9204
251637::442.swc,936,228,2,L2:mapped:1050,12.842000000000002,1.1412
251637::442.swc,936,228,3,L3:mapped:3,276.00199999999865,2.4425
251637::442.swc,936,228,3,L3:mapped:11,174.45000000000022,2.2442
251637::442.swc,936,228,3,L3:mapped:37,24.61999999999997,1.4086
251637::442.swc,936,228,3,L3:mapped:127,247.05199999999914,2.3945
251637::442.swc,936,228,3,L3:mapped:224,726.4239999999901,2.8618
251637::442.swc,936,228,3,L3:mapped:1003,82.2600000000002,1.9204
251637::442.swc,936,228,3,L3:mapped:1051,12.842000000000002,1.1412
251637::442.swc,936,228,4,L4:mapped:6,276.00199999999865,2.4425
251637::442.swc,936,228,4,L4:mapped:11,174.45000000000022,2.2442
251637::442.swc,936,228,4,L4:mapped:38,24.61999999999997,1.4086
251637::442.swc,936,228,4,L4:mapped:128,247.05199999999914,2.3945
251637::442.swc,936,228,4,L4:mapped:225,726.4239999999901,2.8618
251637::442.swc,936,228,4,L4:mapped:1004,82.2600000000002,1.9204
251637::442.swc,936,228,4,L4:mapped:1052,12.842000000000002,1.1412
251637::442.swc,936,228,5,L5:mapped:10,270.30099999999834,2.4335
251637::442.swc,936,228,5,L5:mapped:15,174.45000000000022,2.2442
251637::442.swc,936,228,5,L5:mapped:40,24.61999999999997,1.4086
251637::442.swc,936,228,5,L5:mapped:130,247.05199999999914,2.3945
251637::442.swc,936,228,5,L5:mapped:227,726.4239999999901,2.8618
251637::442.swc,936,228,5,L5:mapped:1004,82.2600000000002,1.9204
251637::442.swc,936,228,5,L5:mapped:1056,12.842000000000002,1.1412
251637::442.swc,936,228,6,L6:mapped:10,270.30099999999834,2.4335
251637::442.swc,936,228,6,L6:mapped:15,174.45000000000022,2.2442
251637::442.swc,936,228,6,L6:mapped:41,24.61999999999997,1.4086
251637::442.swc,936,228,6,L6:mapped:132,9.29,1.0124
251637::442.swc,936,228,6,L6:mapped:133,237.7619999999992,2.378
251637::442.swc,936,228,6,L6:mapped:228,607.7359999999906,2.7844
251637::442.swc,936,228,6,L6:mapped:229,118.68800000000152,2.0781
251637::442.swc,936,228,6,L6:mapped:1004,82.2600000000002,1.9204
251637::442.swc,936,228,6,L6:mapped:1056,12.842000000000002,1.1412
251637::443.swc,936,228,1,L1:mapped:1,227.25299999999967,2.3584
251637::443.swc,936,228,1,L1:mapped:138,534.7039999999917,2.7289
251637::443.swc,936,228,2,L2:mapped:16,227.25299999999967,2.3584
251637::443.swc,936,228,2,L2:mapped:204,45.46599999999989,1.6671
251637::443.swc,936,228,2,L2:mapped:224,489.23799999999255,2.6904
251637::443.swc,936,228,3,L3:mapped:25,16.980999999999995,1.2548
251637::443.swc,936,228,3,L3:mapped:37,210.27199999999974,2.3248
251637::443.swc,936,228,3,L3:mapped:205,45.46599999999989,1.6671
251637::443.swc,936,228,3,L3:mapped:224,489.23799999999255,2.6904
251637::443.swc,936,228,4,L4:mapped:26,16.980999999999995,1.2548
251637::443.swc,936,228,4,L4:mapped:38,15.277999999999983,1.2116
251637::443.swc,936,228,4,L4:key_level_conflict:45,194.994,2.2922
251637::443.swc,936,228,4,L4:mapped:213,45.46599999999989,1.6671
251637::443.swc,936,228,4,L4:mapped:225,489.23799999999255,2.6904
251637::443.swc,936,228,5,L5:mapped:30,16.980999999999995,1.2548
251637::443.swc,936,228,5,L5:mapped:39,15.277999999999983,1.2116
251637::443.swc,936,228,5,L5:key_level_conflict:45,194.994,2.2922
251637::443.swc,936,228,5,L5:mapped:215,45.46599999999989,1.6671
251637::443.swc,936,228,5,L5:mapped:227,489.23799999999255,2.6904
251637::443.swc,936,228,6,L6:mapped:31,16.980999999999995,1.2548
251637::443.swc,936,228,6,L6:mapped:39,15.277999999999983,1.2116
251637::443.swc,936,228,6,L6:mapped:45,194.994,2.2922
251637::443.swc,936,228,6,L6:mapped:216,45.46599999999989,1.6671
251637::443.swc,936,228,6,L6:mapped:228,489.23799999999255,2.6904
251637::444.swc,936,0,1,L1:mapped:138,185.70400000000046,2.2712
251637::444.swc,936,0,2,L2:mapped:193,12.978000000000003,1.1454
251637::444.swc,936,0,2,L2:mapped:204,20.35399999999998,1.3295
251637::444.swc,936,0,2,L2:mapped:224,152.37200000000152,2.1857
251637::444.swc,936,0,3,L3:mapped:194,12.978000000000003,1.1454
251637::444.swc,936,0,3,L3:mapped:205,20.35399999999998,1.3295
251637::444.swc,936,0,3,L3:mapped:224,152.37200000000152,2.1857
251637::444.swc,936,0,4,L4:mapped:195,12.978000000000003,1.1454
251637::444.swc,936,0,4,L4:mapped:213,20.35399999999998,1.3295
251637::444.swc,936,0,4,L4:mapped:225,152.37200000000152,2.1857
251637::444.swc,936,0,5,L5:mapped:196,12.978000000000003,1.1454
251637::444.swc,936,0,5,L5:mapped:215,20.35399999999998,1.3295
251637::444.swc,936,0,5,L5:mapped:227,152.37200000000152,2.1857
251637::444.swc,936,0,6,L6:mapped:196,12.978000000000003,1.1454
251637::444.swc,936,0,6,L6:mapped:216,20.35399999999998,1.3295
251637::444.swc,936,0,6,L6:mapped:228,152.37200000000152,2.1857
251637::445.swc,936,228,1,L1:mapped:138,287.5389999999982,2.4602
251637::445.swc,936,228,1,L1:mapped:1001,125.82500000000148,2.1032
251637::445.swc,936,228,2,L2:mapped:224,287.5389999999982,2.4602
251637::445.swc,936,228,2,L2:mapped:1010,6.351999999999994,0.8664
251637::445.swc,936,228,2,L2:mapped:1050,70.58800000000019,1.8548
251637::445.swc,936,228,3,L3:mapped:224,287.5389999999982,2.4602
251637::445.swc,936,228,3,L3:mapped:1011,6.351999999999994,0.8664
251637::445.swc,936,228,3,L3:mapped:1051,70.58800000000019,1.8548
251637::445.swc,936,228,4,L4:mapped:225,287.5389999999982,2.4602
251637::445.swc,936,228,4,L4:mapped:1012,6.351999999999994,0.8664
251637::445.swc,936,228,4,L4:mapped:1052,70.58800000000019,1.8548
251637::445.swc,936,228,5,L5:mapped:226,6.423999999999997,0.8706
251637::445.swc,936,228,5,L5:mapped:227,281.11499999999825,2.4504
251637::445.swc,936,228,5,L5:mapped:1013,6.351999999999994,0.8664
251637::445.swc,936,228,5,L5:mapped:1053,42.30800000000001,1.6366
251637::445.swc,936,228,6,L6:mapped:226,6.423999999999997,0.8706
251637::445.swc,936,228,6,L6:mapped:228,281.11499999999825,2.4504
251637::445.swc,936,228,6,L6:mapped:1015,6.351999999999994,0.8664
251637::445.swc,936,228,6,L6:mapped:1055,42.30800000000001,1.6366
251637::446.swc,936,228,1,L1:mapped:138,262.47399999999834,2.4207
251637::446.swc,936,228,2,L2:mapped:224,262.47399999999834,2.4207
251637::446.swc,936,228,3,L3:mapped:224,262.47399999999834,2.4207
251637::446.swc,936,228,4,L4:mapped:225,262.47399999999834,2.4207
251637::446.swc,936,228,5,L5:mapped:226,40.02099999999991,1.613
251637::446.swc,936,228,5,L5:mapped:227,222.452999999999,2.3492
251637::446.swc,936,228,6,L6:mapped:226,40.02099999999991,1.613
251637::446.swc,936,228,6,L6:mapped:228,222.452999999999,2.3492
251637::447.swc,936,228,1,L1:mapped:138,334.1799999999951,2.5253
251637::447.swc,936,228,1,L1:mapped:1001,109.07700000000187,2.0417
251637::447.swc,936,228,2,L2:mapped:224,334.1799999999951,2.5253
251637::447.swc,936,228,2,L2:mapped:1050,99.82400000000149,2.0036
251637::447.swc,936,228,3,L3:mapped:224,334.1799999999951,2.5253
251637::447.swc,936,228,3,L3:mapped:1051,99.82400000000149,2.0036
251637::447.swc,936,228,4,L4:mapped:225,334.1799999999951,2.5253
251637::447.swc,936,228,4,L4:mapped:1052,99.82400000000149,2.0036
251637::447.swc,936,228,5,L5:mapped:226,1.9179999999999995,0.4651
251637::447.swc,936,228,5,L5:mapped:227,332.26199999999506,2.5228
251637::447.swc,936,228,5,L5:mapped:1056,99.82400000000149,2.0036
251637::447.swc,936,228,6,L6:mapped:226,1.9179999999999995,0.4651
251637::447.swc,936,228,6,L6:mapped:228,332.26199999999506,2.5228
251637::447.swc,936,228,6,L6:mapped:1056,99.82400000000149,2.0036
251637::448.swc,936,228,1,L1:mapped:138,117.50700000000161,2.0737
251637::448.swc,936,228,1,L1:mapped:501,47.817999999999984,1.6886
251637::448.swc,936,228,2,L2:mapped:224,117.50700000000161,2.0737
251637::448.swc,936,228,2,L2:mapped:502,47.817999999999984,1.6886
251637::448.swc,936,228,3,L3:mapped:224,117.50700000000161,2.0737
251637::448.swc,936,228,3,L3:mapped:511,47.817999999999984,1.6886
251637::448.swc,936,228,4,L4:mapped:225,117.50700000000161,2.0737
251637::448.swc,936,228,4,L4:mapped:511,47.817999999999984,1.6886
251637::448.swc,936,228,5,L5:mapped:227,117.50700000000161,2.0737
251637::448.swc,936,228,5,L5:mapped:515,47.817999999999984,1.6886
251637::448.swc,936,228,6,L6:mapped:228,117.50700000000161,2.0737
251637::448.swc,936,228,6,L6:mapped:515,47.817999999999984,1.6886
251637::449.swc,936,228,1,L1:mapped:138,27.61199999999994,1.4565
251637::449.swc,936,228,2,L2:mapped:224,27.61199999999994,1.4565
251637::449.swc,936,228,3,L3:mapped:224,27.61199999999994,1.4565
251637::449.swc,936,228,4,L4:mapped:225,27.61199999999994,1.4565
251637::449.swc,936,228,5,L5:mapped:227,27.61199999999994,1.4565
251637::449.swc,936,228,6,L6:mapped:228,27.61199999999994,1.4565
251637::450.swc,936,228,1,L1:mapped:138,86.43900000000089,1.9417
251637::450.swc,936,228,1,L1:mapped:1001,43.19499999999997,1.6454
251637::450.swc,936,228,2,L2:mapped:224,86.43900000000089,1.9417
251637::450.swc,936,228,2,L2:mapped:1050,14.622999999999978,1.1938
251637::450.swc,936,228,3,L3:mapped:224,86.43900000000089,1.9417
251637::450.swc,936,228,3,L3:mapped:1051,14.622999999999978,1.1938
251637::450.swc,936,228,4,L4:mapped:225,86.43900000000089,1.9417
251637::450.swc,936,228,4,L4:mapped:1052,14.622999999999978,1.1938
251637::450.swc,936,228,5,L5:mapped:227,86.43900000000089,1.9417
251637::450.swc,936,228,5,L5:mapped:1056,14.622999999999978,1.1938
251637::450.swc,936,228,6,L6:mapped:228,86.43900000000089,1.9417
251637::450.swc,936,228,6,L6:mapped:1056,14.622999999999978,1.1938
251637::451.swc,936,228,1,L1:mapped:138,23.52299999999994,1.3896
251637::451.swc,936,228,2,L2:mapped:224,23.52299999999994,1.3896
251637::451.swc,936,228,3,L3:mapped:224,23.52299999999994,1.3896
251637::451.swc,936,228,4,L4:mapped:225,23.52299999999994,1.3896
251637::451.swc,936,228,5,L5:mapped:227,23.52299999999994,1.3896
251637::451.swc,936,228,6,L6:mapped:228,23.52299999999994,1.3896
251637::452.swc,936,228,1,L1:mapped:1,295.7949999999955,2.4725
251637::452.swc,936,228,1,L1:mapped:138,442.5669999999901,2.647
251637::452.swc,936,228,1,L1:mapped:1001,26.714999999999986,1.4427
251637::452.swc,936,228,2,L2:mapped:16,71.30300000000022,1.8592
251637::452.swc,936,228,2,L2:mapped:50,224.49199999999766,2.3531
251637::452.swc,936,228,2,L2:mapped:224,442.5669999999901,2.647
251637::452.swc,936,228,2,L2:mapped:1002,26.714999999999986,1.4427
251637::452.swc,936,228,3,L3:mapped:37,71.30300000000022,1.8592
251637::452.swc,936,228,3,L3:mapped:64,224.49199999999766,2.3531
251637::452.swc,936,228,3,L3:mapped:224,442.5669999999901,2.647
251637::452.swc,936,228,3,L3:mapped:1003,26.714999999999986,1.4427
251637::452.swc,936,228,4,L4:mapped:38,71.30300000000022,1.8592
251637::452.swc,936,228,4,L4:mapped:65,224.49199999999766,2.3531
251637::452.swc,936,228,4,L4:mapped:225,442.5669999999901,2.647
251637::452.swc,936,228,4,L4:mapped:1004,26.714999999999986,1.4427
251637::452.swc,936,228,5,L5:mapped:40,71.30300000000022,1.8592
251637::452.swc,936,228,5,L5:mapped:66,224.49199999999766,2.3531
251637::452.swc,936,228,5,L5:mapped:227,442.5669999999901,2.647
251637::452.swc,936,228,5,L5:mapped:1004,26.714999999999986,1.4427
251637::452.swc,936,228,6,L6:mapped:41,55.88300000000004,1.755
251637::452.swc,936,228,6,L6:mapped:42,15.419999999999986,1.2154
251637::452.swc,936,228,6,L6:mapped:68,223.0099999999979,2.3503
251637::452.swc,936,228,6,L6:mapped:228,388.86099999999266,2.5909
251637::452.swc,936,228,6,L6:mapped:229,53.70599999999985,1.738
251637::452.swc,936,228,6,L6:mapped:1004,26.714999999999986,1.4427
251637::453.swc,936,228,1,L1:mapped:138,101.62700000000109,2.0113
251637::453.swc,936,228,2,L2:mapped:224,101.62700000000109,2.0113
251637::453.swc,936,228,3,L3:mapped:224,101.62700000000109,2.0113
251637::453.swc,936,228,4,L4:mapped:225,101.62700000000109,2.0113
251637::453.swc,936,228,5,L5:mapped:227,101.62700000000109,2.0113
251637::453.swc,936,228,6,L6:mapped:228,101.62700000000109,2.0113
251637::454.swc,936,228,1,L1:mapped:90,130.73100000000156,2.1197
251637::454.swc,936,228,1,L1:mapped:138,125.98000000000174,2.1037
251637::454.swc,936,228,2,L2:mapped:112,130.73100000000156,2.1197
251637::454.swc,936,228,2,L2:mapped:193,31.567000000000014,1.5128
251637::454.swc,936,228,2,L2:mapped:204,8.319999999999997,0.9694
251637::454.swc,936,228,2,L2:mapped:224,86.09300000000059,1.94
251637::454.swc,936,228,3,L3:mapped:120,130.73100000000156,2.1197
251637::454.swc,936,228,3,L3:mapped:199,31.567000000000014,1.5128
251637::454.swc,936,228,3,L3:mapped:205,8.319999999999997,0.9694
251637::454.swc,936,228,3,L3:mapped:224,86.09300000000059,1.94
251637::454.swc,936,228,4,L4:mapped:120,130.73100000000156,2.1197
251637::454.swc,936,228,4,L4:mapped:199,31.567000000000014,1.5128
251637::454.swc,936,228,4,L4:mapped:206,2.9660000000000006,0.5984
251637::454.swc,936,228,4,L4:mapped:225,86.09300000000059,1.94
251637::454.swc,936,228,5,L5:mapped:121,120.7920000000014,2.0856
251637::454.swc,936,228,5,L5:mapped:200,31.567000000000014,1.5128
251637::454.swc,936,228,5,L5:mapped:207,2.9660000000000006,0.5984
251637::454.swc,936,228,5,L5:mapped:227,86.09300000000059,1.94
251637::454.swc,936,228,6,L6:mapped:122,120.7920000000014,2.0856
251637::454.swc,936,228,6,L6:mapped:200,31.567000000000014,1.5128
251637::454.swc,936,228,6,L6:mapped:208,2.9660000000000006,0.5984
251637::454.swc,936,228,6,L6:mapped:228,86.09300000000059,1.94
251637::455.swc,936,228,1,L1:mapped:138,67.04500000000026,1.8328
251637::455.swc,936,228,2,L2:mapped:224,67.04500000000026,1.8328
251637::455.swc,936,228,3,L3:mapped:224,67.04500000000026,1.8328
251637::455.swc,936,228,4,L4:mapped:225,67.04500000000026,1.8328
251637::455.swc,936,228,5,L5:mapped:227,67.04500000000026,1.8328
251637::455.swc,936,228,6,L6:mapped:228,67.04500000000026,1.8328
251637::456.swc,936,228,1,L1:mapped:138,148.38000000000144,2.1743
251637::456.swc,936,228,2,L2:mapped:224,148.38000000000144,2.1743
251637::456.swc,936,228,3,L3:mapped:224,148.38000000000144,2.1743
251637::456.swc,936,228,4,L4:mapped:225,148.38000000000144,2.1743
251637::456.swc,936,228,5,L5:mapped:227,148.38000000000144,2.1743
251637::456.swc,936,228,6,L6:mapped:228,148.38000000000144,2.1743
251637::457.swc,936,228,1,L1:mapped:90,228.74199999999968,2.3612
251637::457.swc,936,228,1,L1:mapped:138,426.0969999999938,2.6305
251637::457.swc,936,228,1,L1:mapped:1001,55.053,1.7486
251637::457.swc,936,228,2,L2:mapped:112,228.74199999999968,2.3612
251637::457.swc,936,228,2,L2:mapped:193,129.87700000000157,2.1169
251637::457.swc,936,228,2,L2:mapped:204,46.125999999999905,1.6733
251637::457.swc,936,228,2,L2:mapped:224,250.09399999999815,2.3998
251637::457.swc,936,228,2,L2:mapped:1002,55.053,1.7486
251637::457.swc,936,228,3,L3:mapped:120,228.74199999999968,2.3612
251637::457.swc,936,228,3,L3:mapped:199,129.87700000000157,2.1169
251637::457.swc,936,228,3,L3:mapped:219,28.831999999999933,1.4747
251637::457.swc,936,228,3,L3:mapped:224,250.09399999999815,2.3998
251637::457.swc,936,228,3,L3:mapped:1003,55.053,1.7486
251637::457.swc,936,228,4,L4:mapped:120,228.74199999999968,2.3612
251637::457.swc,936,228,4,L4:mapped:199,129.87700000000157,2.1169
251637::457.swc,936,228,4,L4:mapped:219,28.831999999999933,1.4747
251637::457.swc,936,228,4,L4:mapped:225,250.09399999999815,2.3998
251637::457.swc,936,228,4,L4:mapped:1004,55.053,1.7486
251637::457.swc,936,228,5,L5:mapped:121,228.74199999999968,2.3612
251637::457.swc,936,228,5,L5:mapped:200,129.87700000000157,2.1169
251637::457.swc,936,228,5,L5:mapped:223,28.831999999999933,1.4747
251637::457.swc,936,228,5,L5:mapped:227,250.09399999999815,2.3998
251637::457.swc,936,228,5,L5:mapped:1004,55.053,1.7486
251637::457.swc,936,228,6,L6:mapped:122,228.74199999999968,2.3612
251637::457.swc,936,228,6,L6:mapped:200,129.87700000000157,2.1169
251637::457.swc,936,228,6,L6:mapped:223,28.831999999999933,1.4747
251637::457.swc,936,228,6,L6:mapped:228,213.20299999999907,2.3308
251637::457.swc,936,228,6,L6:mapped:229,36.89099999999998,1.5785
251637::457.swc,936,228,6,L6:mapped:1004,55.053,1.7486
251637::458.swc,936,0,1,L1:mapped:138,14.82000000000001,1.1992
251637::458.swc,936,0,2,L2:mapped:224,14.82000000000001,1.1992
251637::458.swc,936,0,3,L3:mapped:224,14.82000000000001,1.1992
251637::458.swc,936,0,4,L4:mapped:225,14.82000000000001,1.1992
251637::458.swc,936,0,5,L5:mapped:227,14.82000000000001,1.1992
251637::458.swc,936,0,6,L6:mapped:228,14.82000000000001,1.1992
251637::459.swc,936,0,1,L1:mapped:138,158.6880000000013,2.2033
251637::459.swc,936,0,2,L2:mapped:224,158.6880000000013,2.2033
251637::459.swc,936,0,3,L3:mapped:224,158.6880000000013,2.2033
251637::459.swc,936,0,4,L4:mapped:225,158.6880000000013,2.2033
251637::459.swc,936,0,5,L5:mapped:227,158.6880000000013,2.2033
251637::459.swc,936,0,6,L6:mapped:228,158.6880000000013,2.2033
251637::460.swc,936,0,1,L1:mapped:138,22.394999999999982,1.3691
251637::460.swc,936,0,2,L2:mapped:224,22.394999999999982,1.3691
251637::460.swc,936,0,3,L3:mapped:224,22.394999999999982,1.3691
251637::460.swc,936,0,4,L4:mapped:225,22.394999999999982,1.3691
251637::460.swc,936,0,5,L5:mapped:227,22.394999999999982,1.3691
251637::460.swc,936,0,6,L6:mapped:228,20.411999999999978,1.3307
251637::461.swc,936,0,1,L1:mapped:138,136.1870000000019,2.1373
251637::461.swc,936,0,2,L2:mapped:224,136.1870000000019,2.1373
251637::461.swc,936,0,3,L3:mapped:224,136.1870000000019,2.1373
251637::461.swc,936,0,4,L4:mapped:225,136.1870000000019,2.1373
251637::461.swc,936,0,5,L5:mapped:227,136.1870000000019,2.1373
251637::461.swc,936,0,6,L6:mapped:228,136.1870000000019,2.1373
251637::462.swc,936,228,1,L1:mapped:138,15.340999999999992,1.2133
251637::462.swc,936,228,2,L2:mapped:224,15.340999999999992,1.2133
251637::462.swc,936,228,3,L3:mapped:224,15.340999999999992,1.2133
251637::462.swc,936,228,4,L4:mapped:225,15.340999999999992,1.2133
251637::462.swc,936,228,5,L5:mapped:227,15.340999999999992,1.2133
251637::462.swc,936,228,6,L6:mapped:228,15.340999999999992,1.2133
251637::463.swc,936,228,1,L1:mapped:138,39.00299999999992,1.6021
251637::463.swc,936,228,1,L1:mapped:1082,95.873000000001,1.9862
251637::463.swc,936,228,2,L2:mapped:224,39.00299999999992,1.6021
251637::463.swc,936,228,2,L2:mapped:1113,85.89000000000054,1.939
251637::463.swc,936,228,3,L3:mapped:224,39.00299999999992,1.6021
251637::463.swc,936,228,3,L3:mapped:1115,22.469999999999953,1.3705
251637::463.swc,936,228,3,L3:mapped:1148,42.955999999999925,1.643
251637::463.swc,936,228,3,L3:mapped:1157,2.6869999999999994,0.5667
251637::463.swc,936,228,4,L4:mapped:225,39.00299999999992,1.6021
251637::463.swc,936,228,4,L4:mapped:1119,22.469999999999953,1.3705
251637::463.swc,936,228,4,L4:mapped:1151,42.955999999999925,1.643
251637::463.swc,936,228,4,L4:mapped:1159,2.6869999999999994,0.5667
251637::463.swc,936,228,5,L5:mapped:227,39.00299999999992,1.6021
251637::463.swc,936,228,5,L5:mapped:1121,15.919999999999993,1.2284
251637::463.swc,936,228,5,L5:mapped:1125,6.549999999999995,0.8779
251637::463.swc,936,228,5,L5:mapped:1152,42.955999999999925,1.643
251637::463.swc,936,228,5,L5:mapped:1159,2.6869999999999994,0.5667
251637::463.swc,936,228,6,L6:mapped:228,39.00299999999992,1.6021
251637::463.swc,936,228,6,L6:mapped:1121,15.919999999999993,1.2284
251637::463.swc,936,228,6,L6:mapped:1125,6.549999999999995,0.8779
251637::463.swc,936,228,6,L6:mapped:1152,42.955999999999925,1.643
251637::463.swc,936,228,6,L6:mapped:1159,2.6869999999999994,0.5667
251637::464.swc,936,228,1,L1:mapped:138,62.11999999999986,1.8002
251637::464.swc,936,228,2,L2:mapped:224,62.11999999999986,1.8002
251637::464.swc,936,228,3,L3:mapped:224,62.11999999999986,1.8002
251637::464.swc,936,228,4,L4:mapped:225,62.11999999999986,1.8002
251637::464.swc,936,228,5,L5:mapped:227,62.11999999999986,1.8002
251637::464.swc,936,228,6,L6:mapped:228,62.11999999999986,1.8002
251637::465.swc,936,228,1,L1:mapped:138,106.17300000000166,2.0301
251637::465.swc,936,228,1,L1:mapped:1001,51.52399999999994,1.7204
251637::465.swc,936,228,2,L2:mapped:193,4.148999999999997,0.7117
251637::465.swc,936,228,2,L2:mapped:204,17.461,1.2663
251637::465.swc,936,228,2,L2:mapped:224,84.5630000000007,1.9323
251637::465.swc,936,228,2,L2:mapped:1050,5.89599999999999,0.8386
251637::465.swc,936,228,3,L3:mapped:199,4.148999999999997,0.7117
251637::465.swc,936,228,3,L3:mapped:205,17.461,1.2663
251637::465.swc,936,228,3,L3:mapped:224,84.5630000000007,1.9323
251637::465.swc,936,228,3,L3:mapped:1051,5.89599999999999,0.8386
251637::465.swc,936,228,4,L4:mapped:199,4.148999999999997,0.7117
251637::465.swc,936,228,4,L4:mapped:213,17.461,1.2663
251637::465.swc,936,228,4,L4:mapped:225,84.5630000000007,1.9323
251637::465.swc,936,228,4,L4:mapped:1052,5.89599999999999,0.8386
251637::465.swc,936,228,5,L5:mapped:200,4.148999999999997,0.7117
251637::465.swc,936,228,5,L5:mapped:214,17.461,1.2663
251637::465.swc,936,228,5,L5:mapped:227,84.5630000000007,1.9323
251637::465.swc,936,228,5,L5:mapped:1056,5.89599999999999,0.8386
251637::465.swc,936,228,6,L6:mapped:200,4.148999999999997,0.7117
251637::465.swc,936,228,6,L6:mapped:214,17.461,1.2663
251637::465.swc,936,228,6,L6:mapped:228,84.5630000000007,1.9323
251637::465.swc,936,228,6,L6:mapped:1056,5.89599999999999,0.8386
251637::466.swc,936,228,1,L1:mapped:138,61.380999999999894,1.7951
251637::466.swc,936,228,1,L1:mapped:1001,1.623,0.4188
251637::466.swc,936,228,2,L2:mapped:224,61.380999999999894,1.7951
251637::466.swc,936,228,2,L2:mapped:1002,1.623,0.4188
251637::466.swc,936,228,3,L3:mapped:224,61.380999999999894,1.7951
251637::466.swc,936,228,3,L3:mapped:1003,1.623,0.4188
251637::466.swc,936,228,4,L4:mapped:225,61.380999999999894,1.7951
251637::466.swc,936,228,4,L4:mapped:1004,1.623,0.4188
251637::466.swc,936,228,5,L5:mapped:227,61.380999999999894,1.7951
251637::466.swc,936,228,5,L5:mapped:1004,1.623,0.4188
251637::466.swc,936,228,6,L6:mapped:228,55.09999999999993,1.749
251637::466.swc,936,228,6,L6:mapped:229,6.2810000000000015,0.8622
251637::466.swc,936,228,6,L6:mapped:1004,1.623,0.4188
251637::467.swc,936,228,1,L1:mapped:138,90.83500000000089,1.963
251637::467.swc,936,228,2,L2:mapped:224,90.83500000000089,1.963
251637::467.swc,936,228,3,L3:mapped:224,90.83500000000089,1.963
251637::467.swc,936,228,4,L4:mapped:225,90.83500000000089,1.963
251637::467.swc,936,228,5,L5:mapped:227,90.83500000000089,1.963
251637::467.swc,936,228,6,L6:mapped:228,62.26200000000003,1.8011
251637::467.swc,936,228,6,L6:mapped:229,28.572999999999993,1.4709
251637::468.swc,936,228,1,L1:mapped:138,43.35899999999997,1.647
251637::468.swc,936,228,2,L2:mapped:224,43.35899999999997,1.647
251637::468.swc,936,228,3,L3:mapped:224,43.35899999999997,1.647
251637::468.swc,936,228,4,L4:mapped:225,43.35899999999997,1.647
251637::468.swc,936,228,5,L5:mapped:227,43.35899999999997,1.647
251637::468.swc,936,228,6,L6:mapped:228,32.582999999999984,1.5261
251637::468.swc,936,228,6,L6:mapped:229,10.775999999999991,1.071
251637::469.swc,936,0,1,L1:mapped:138,168.17500000000067,2.2283
251637::469.swc,936,0,1,L1:mapped:1001,1.9749999999999996,0.4735
251637::469.swc,936,0,2,L2:mapped:224,168.17500000000067,2.2283
251637::469.swc,936,0,2,L2:mapped:1002,1.9749999999999996,0.4735
251637::469.swc,936,0,3,L3:mapped:224,168.17500000000067,2.2283
251637::469.swc,936,0,3,L3:mapped:1003,1.9749999999999996,0.4735
251637::469.swc,936,0,4,L4:mapped:225,168.17500000000067,2.2283
251637::469.swc,936,0,4,L4:mapped:1004,1.9749999999999996,0.4735
251637::469.swc,936,0,5,L5:mapped:227,168.17500000000067,2.2283
251637::469.swc,936,0,5,L5:mapped:1004,1.9749999999999996,0.4735
251637::469.swc,936,0,6,L6:mapped:228,168.17500000000067,2.2283
251637::469.swc,936,0,6,L6:mapped:1004,1.9749999999999996,0.4735
251637::470.swc,936,228,1,L1:mapped:138,29.947999999999983,1.4906
251637::470.swc,936,228,2,L2:mapped:224,29.947999999999983,1.4906
251637::470.swc,936,228,3,L3:mapped:224,29.947999999999983,1.4906
251637::470.swc,936,228,4,L4:mapped:225,29.947999999999983,1.4906
251637::470.swc,936,228,5,L5:mapped:227,29.947999999999983,1.4906
251637::470.swc,936,228,6,L6:mapped:228,29.947999999999983,1.4906
251637::471.swc,936,228,1,L1:mapped:138,106.3390000000014,2.0308
251637::471.swc,936,228,2,L2:mapped:224,106.3390000000014,2.0308
251637::471.swc,936,228,3,L3:mapped:224,106.3390000000014,2.0308
251637::471.swc,936,228,4,L4:mapped:225,106.3390000000014,2.0308
251637::471.swc,936,228,5,L5:mapped:227,106.3390000000014,2.0308
251637::471.swc,936,228,6,L6:mapped:228,102.63200000000121,2.0155
251637::471.swc,936,228,6,L6:mapped:229,3.706999999999999,0.6727
251637::472.swc,936,42,1,L1:mapped:1,907.4849999999819,2.9583
251637::472.swc,936,42,1,L1:mapped:138,93.64700000000073,1.9761
251637::472.swc,936,42,1,L1:mapped:1001,859.9879999999841,2.935
251637::472.swc,936,42,2,L2:mapped:16,907.4849999999819,2.9583
251637::472.swc,936,42,2,L2:mapped:165,15.678999999999991,1.2222
251637::472.swc,936,42,2,L2:mapped:224,77.96800000000009,1.8975
251637::472.swc,936,42,2,L2:mapped:1010,5.838999999999997,0.835
251637::472.swc,936,42,2,L2:mapped:1024,123.90200000000186,2.0966
251637::472.swc,936,42,2,L2:mapped:1050,692.5899999999851,2.8411
251637::472.swc,936,42,2,L2:mapped:1069,9.775,1.0324
251637::472.swc,936,42,3,L3:mapped:25,183.98999999999984,2.2671
251637::472.swc,936,42,3,L3:mapped:37,723.4949999999847,2.86
251637::472.swc,936,42,3,L3:mapped:165,15.678999999999991,1.2222
251637::472.swc,936,42,3,L3:mapped:224,77.96800000000009,1.8975
251637::472.swc,936,42,3,L3:mapped:1011,5.838999999999997,0.835
251637::472.swc,936,42,3,L3:mapped:1025,44.09899999999996,1.6542
251637::472.swc,936,42,3,L3:mapped:1040,79.80300000000047,1.9074
251637::472.swc,936,42,3,L3:mapped:1051,623.4619999999861,2.7955
251637::472.swc,936,42,3,L3:mapped:1062,69.12800000000016,1.8459
251637::472.swc,936,42,3,L3:mapped:1069,9.775,1.0324
251637::472.swc,936,42,4,L4:mapped:34,183.98999999999984,2.2671
251637::472.swc,936,42,4,L4:mapped:38,631.3349999999896,2.8009
251637::472.swc,936,42,4,L4:mapped:47,92.16000000000076,1.9692
251637::472.swc,936,42,4,L4:mapped:166,14.433999999999994,1.1885
251637::472.swc,936,42,4,L4:mapped:225,77.96800000000009,1.8975
251637::472.swc,936,42,4,L4:mapped:1012,5.838999999999997,0.835
251637::472.swc,936,42,4,L4:mapped:1030,44.09899999999996,1.6542
251637::472.swc,936,42,4,L4:mapped:1041,27.301999999999968,1.4518
251637::472.swc,936,42,4,L4:mapped:1043,30.780999999999953,1.5022
251637::472.swc,936,42,4,L4:mapped:1046,21.719999999999974,1.3564
251637::472.swc,936,42,4,L4:mapped:1052,427.2249999999918,2.6317
251637::472.swc,936,42,4,L4:mapped:1059,196.23699999999985,2.295
251637::472.swc,936,42,4,L4:mapped:1062,69.12800000000016,1.8459
251637::472.swc,936,42,4,L4:mapped:1074,2.243999999999999,0.5111
251637::472.swc,936,42,5,L5:mapped:34,183.98999999999984,2.2671
251637::472.swc,936,42,5,L5:mapped:40,631.3349999999896,2.8009
251637::472.swc,936,42,5,L5:mapped:49,92.16000000000076,1.9692
251637::472.swc,936,42,5,L5:mapped:166,14.433999999999994,1.1885
251637::472.swc,936,42,5,L5:mapped:226,17.993999999999993,1.2786
251637::472.swc,936,42,5,L5:mapped:227,59.97399999999975,1.7851
251637::472.swc,936,42,5,L5:mapped:1013,5.838999999999997,0.835
251637::472.swc,936,42,5,L5:mapped:1035,40.76999999999997,1.6209
251637::472.swc,936,42,5,L5:mapped:1042,27.301999999999968,1.4518
251637::472.swc,936,42,5,L5:mapped:1044,1.1920000000000004,0.3408
251637::472.swc,936,42,5,L5:mapped:1045,29.58899999999996,1.4856
251637::472.swc,936,42,5,L5:mapped:1049,21.719999999999974,1.3564
251637::472.swc,936,42,5,L5:mapped:1053,101.85500000000093,2.0122
251637::472.swc,936,42,5,L5:mapped:1056,299.01199999999574,2.4771
251637::472.swc,936,42,5,L5:mapped:1057,18.442999999999987,1.2888
251637::472.swc,936,42,5,L5:mapped:1060,196.23699999999985,2.295
251637::472.swc,936,42,5,L5:mapped:1067,49.45499999999991,1.7029
251637::472.swc,936,42,5,L5:mapped:1068,19.673,1.3154
251637::472.swc,936,42,5,L5:mapped:1076,2.243999999999999,0.5111
251637::472.swc,936,42,6,L6:mapped:36,183.98999999999984,2.2671
251637::472.swc,936,42,6,L6:mapped:41,161.49900000000096,2.2109
251637::472.swc,936,42,6,L6:mapped:42,455.86399999999276,2.6598
251637::472.swc,936,42,6,L6:mapped:43,13.971999999999985,1.1753
251637::472.swc,936,42,6,L6:mapped:49,92.16000000000076,1.9692
251637::472.swc,936,42,6,L6:mapped:166,14.433999999999994,1.1885
251637::472.swc,936,42,6,L6:mapped:226,17.993999999999993,1.2786
251637::472.swc,936,42,6,L6:mapped:228,59.97399999999975,1.7851
251637::472.swc,936,42,6,L6:mapped:1015,5.838999999999997,0.835
251637::472.swc,936,42,6,L6:mapped:1036,37.45299999999997,1.5849
251637::472.swc,936,42,6,L6:mapped:1037,3.317,0.6352
251637::472.swc,936,42,6,L6:mapped:1042,27.301999999999968,1.4518
251637::472.swc,936,42,6,L6:mapped:1044,1.1920000000000004,0.3408
251637::472.swc,936,42,6,L6:mapped:1045,29.58899999999996,1.4856
251637::472.swc,936,42,6,L6:mapped:1049,21.719999999999974,1.3564
251637::472.swc,936,42,6,L6:mapped:1054,84.34400000000043,1.9312
251637::472.swc,936,42,6,L6:mapped:1056,299.01199999999574,2.4771
251637::472.swc,936,42,6,L6:mapped:1057,18.442999999999987,1.2888
251637::472.swc,936,42,6,L6:mapped:1060,196.23699999999985,2.295
251637::472.swc,936,42,6,L6:mapped:1067,49.45499999999991,1.7029
251637::472.swc,936,42,6,L6:mapped:1068,19.673,1.3154
251637::472.swc,936,42,6,L6:mapped:1076,2.243999999999999,0.5111
251637::473.swc,936,42,1,L1:mapped:1,143.3810000000012,2.1595
251637::473.swc,936,42,1,L1:mapped:1082,181.103,2.2603
251637::473.swc,936,42,2,L2:mapped:16,143.3810000000012,2.1595
251637::473.swc,936,42,2,L2:mapped:1113,179.92599999999996,2.2575
251637::473.swc,936,42,3,L3:mapped:37,143.3810000000012,2.1595
251637::473.swc,936,42,3,L3:mapped:1127,115.35500000000147,2.0658
251637::473.swc,936,42,4,L4:mapped:38,143.3810000000012,2.1595
251637::473.swc,936,42,4,L4:mapped:1127,115.35500000000147,2.0658
251637::473.swc,936,42,5,L5:mapped:40,143.3810000000012,2.1595
251637::473.swc,936,42,5,L5:mapped:1128,103.31400000000123,2.0183
251637::473.swc,936,42,5,L5:mapped:1133,12.040999999999997,1.1153
251637::473.swc,936,42,6,L6:mapped:42,143.3810000000012,2.1595
251637::473.swc,936,42,6,L6:mapped:1128,103.31400000000123,2.0183
251637::473.swc,936,42,6,L6:mapped:1133,12.040999999999997,1.1153
251637::474.swc,936,42,1,L1:mapped:1,543.3669999999848,2.7359
251637::474.swc,936,42,1,L1:mapped:138,5.389999999999995,0.8055
251637::474.swc,936,42,1,L1:mapped:1001,155.26700000000127,2.1939
251637::474.swc,936,42,2,L2:mapped:16,543.3669999999848,2.7359
251637::474.swc,936,42,2,L2:mapped:165,5.389999999999995,0.8055
251637::474.swc,936,42,2,L2:mapped:1002,124.95000000000147,2.1002
251637::474.swc,936,42,2,L2:mapped:1024,4.718999999999996,0.7573
251637::474.swc,936,42,2,L2:mapped:1050,25.597999999999974,1.4248
251637::474.swc,936,42,3,L3:mapped:37,543.3669999999848,2.7359
251637::474.swc,936,42,3,L3:mapped:165,5.389999999999995,0.8055
251637::474.swc,936,42,3,L3:mapped:1005,114.49100000000116,2.0625
251637::474.swc,936,42,3,L3:mapped:1025,4.718999999999996,0.7573
251637::474.swc,936,42,3,L3:mapped:1051,25.597999999999974,1.4248
251637::474.swc,936,42,4,L4:mapped:38,532.4759999999869,2.7271
251637::474.swc,936,42,4,L4:key_level_conflict:45,10.890999999999993,1.0752
251637::474.swc,936,42,4,L4:mapped:166,5.389999999999995,0.8055
251637::474.swc,936,42,4,L4:mapped:1009,114.49100000000116,2.0625
251637::474.swc,936,42,4,L4:mapped:1030,2.7439999999999998,0.5733
251637::474.swc,936,42,4,L4:mapped:1052,5.999999999999997,0.8451
251637::474.swc,936,42,4,L4:mapped:1059,19.59799999999999,1.3138
251637::474.swc,936,42,5,L5:mapped:39,108.40700000000164,2.039
251637::474.swc,936,42,5,L5:mapped:40,424.0689999999901,2.6285
251637::474.swc,936,42,5,L5:key_level_conflict:45,10.890999999999993,1.0752
251637::474.swc,936,42,5,L5:mapped:166,5.389999999999995,0.8055
251637::474.swc,936,42,5,L5:mapped:1009,114.49100000000116,2.0625
251637::474.swc,936,42,5,L5:mapped:1034,2.7439999999999998,0.5733
251637::474.swc,936,42,5,L5:mapped:1056,5.999999999999997,0.8451
251637::474.swc,936,42,5,L5:mapped:1061,19.59799999999999,1.3138
251637::474.swc,936,42,6,L6:mapped:39,108.40700000000164,2.039
251637::474.swc,936,42,6,L6:mapped:41,3.7829999999999973,0.6797
251637::474.swc,936,42,6,L6:mapped:42,420.2859999999907,2.6246
251637::474.swc,936,42,6,L6:mapped:45,10.890999999999993,1.0752
251637::474.swc,936,42,6,L6:mapped:166,5.389999999999995,0.8055
251637::474.swc,936,42,6,L6:mapped:1009,114.49100000000116,2.0625
251637::474.swc,936,42,6,L6:mapped:1034,2.7439999999999998,0.5733
251637::474.swc,936,42,6,L6:mapped:1056,5.999999999999997,0.8451
251637::474.swc,936,42,6,L6:mapped:1061,19.59799999999999,1.3138
251637::475.swc,936,42,1,L1:mapped:1,1341.2129999999547,3.1278
251637::475.swc,936,42,1,L1:mapped:138,325.68799999999754,2.5141
251637::475.swc,936,42,1,L1:mapped:1001,783.48599999998,2.8946
251637::475.swc,936,42,2,L2:mapped:2,498.2909999999879,2.6984
251637::475.swc,936,42,2,L2:mapped:16,842.9219999999831,2.9263
251637::475.swc,936,42,2,L2:mapped:139,15.836999999999993,1.2263
251637::475.swc,936,42,2,L2:mapped:165,141.0280000000012,2.1524
251637::475.swc,936,42,2,L2:mapped:175,109.4770000000013,2.0433
251637::475.swc,936,42,2,L2:mapped:224,59.34600000000001,1.7806
251637::475.swc,936,42,2,L2:mapped:1002,3.4589999999999974,0.6492
251637::475.swc,936,42,2,L2:mapped:1050,739.950999999983,2.8698
251637::475.swc,936,42,2,L2:mapped:1069,40.07599999999998,1.6136
251637::475.swc,936,42,3,L3:mapped:3,498.2909999999879,2.6984
251637::475.swc,936,42,3,L3:mapped:17,40.00899999999995,1.6129
251637::475.swc,936,42,3,L3:mapped:25,238.15599999999793,2.3787
251637::475.swc,936,42,3,L3:mapped:37,564.7569999999877,2.7526
251637::475.swc,936,42,3,L3:mapped:153,15.836999999999993,1.2263
251637::475.swc,936,42,3,L3:mapped:165,141.0280000000012,2.1524
251637::475.swc,936,42,3,L3:mapped:177,60.65799999999995,1.79
251637::475.swc,936,42,3,L3:mapped:188,48.81899999999996,1.6974
251637::475.swc,936,42,3,L3:mapped:224,59.34600000000001,1.7806
251637::475.swc,936,42,3,L3:mapped:1003,3.4589999999999974,0.6492
251637::475.swc,936,42,3,L3:mapped:1051,739.950999999983,2.8698
251637::475.swc,936,42,3,L3:mapped:1069,40.07599999999998,1.6136
251637::475.swc,936,42,4,L4:mapped:5,0.23099999999999996,0.0903
251637::475.swc,936,42,4,L4:mapped:6,498.0599999999879,2.6982
251637::475.swc,936,42,4,L4:mapped:22,40.00899999999995,1.6129
251637::475.swc,936,42,4,L4:mapped:26,192.77399999999957,2.2873
251637::475.swc,936,42,4,L4:mapped:34,45.38200000000002,1.6663
251637::475.swc,936,42,4,L4:mapped:38,476.2269999999885,2.6787
251637::475.swc,936,42,4,L4:key_level_conflict:45,82.99200000000076,1.9242
251637::475.swc,936,42,4,L4:mapped:47,5.5379999999999985,0.8154
251637::475.swc,936,42,4,L4:mapped:160,15.836999999999993,1.2263
251637::475.swc,936,42,4,L4:mapped:167,98.81300000000084,1.9992
251637::475.swc,936,42,4,L4:mapped:185,58.397999999999975,1.7738
251637::475.swc,936,42,4,L4:mapped:188,48.81899999999996,1.6974
251637::475.swc,936,42,4,L4:mapped:225,59.34600000000001,1.7806
251637::475.swc,936,42,4,L4:mapped:1004,3.4589999999999974,0.6492
251637::475.swc,936,42,4,L4:mapped:1052,149.19200000000146,2.1766
251637::475.swc,936,42,4,L4:mapped:1059,590.7589999999897,2.7721
251637::475.swc,936,42,4,L4:mapped:1074,40.07599999999998,1.6136
251637::475.swc,936,42,5,L5:mapped:5,0.23099999999999996,0.0903
251637::475.swc,936,42,5,L5:mapped:7,339.83299999999497,2.5325
251637::475.swc,936,42,5,L5:mapped:10,158.22700000000134,2.202
251637::475.swc,936,42,5,L5:mapped:22,40.00899999999995,1.6129
251637::475.swc,936,42,5,L5:mapped:30,192.77399999999957,2.2873
251637::475.swc,936,42,5,L5:mapped:34,45.38200000000002,1.6663
251637::475.swc,936,42,5,L5:mapped:39,67.19699999999997,1.8338
251637::475.swc,936,42,5,L5:mapped:40,409.02999999999037,2.6128
251637::475.swc,936,42,5,L5:key_level_conflict:45,82.99200000000076,1.9242
251637::475.swc,936,42,5,L5:mapped:49,5.5379999999999985,0.8154
251637::475.swc,936,42,5,L5:mapped:162,15.836999999999993,1.2263
251637::475.swc,936,42,5,L5:mapped:168,82.88300000000038,1.9237
251637::475.swc,936,42,5,L5:mapped:171,15.929999999999996,1.2287
251637::475.swc,936,42,5,L5:mapped:185,58.397999999999975,1.7738
251637::475.swc,936,42,5,L5:mapped:189,48.81899999999996,1.6974
251637::475.swc,936,42,5,L5:mapped:227,59.34600000000001,1.7806
251637::475.swc,936,42,5,L5:mapped:1004,3.4589999999999974,0.6492
251637::475.swc,936,42,5,L5:mapped:1053,134.55200000000178,2.1321
251637::475.swc,936,42,5,L5:mapped:1056,14.639999999999977,1.1942
251637::475.swc,936,42,5,L5:mapped:1060,588.8889999999893,2.7708
251637::475.swc,936,42,5,L5:mapped:1061,1.8699999999999997,0.4579
251637::475.swc,936,42,5,L5:mapped:1076,40.07599999999998,1.6136
251637::475.swc,936,42,6,L6:mapped:5,0.23099999999999996,0.0903
251637::475.swc,936,42,6,L6:mapped:8,91.26200000000112,1.965
251637::475.swc,936,42,6,L6:mapped:9,248.57099999999852,2.3972
251637::475.swc,936,42,6,L6:mapped:10,158.22700000000134,2.202
251637::475.swc,936,42,6,L6:mapped:24,40.00899999999995,1.6129
251637::475.swc,936,42,6,L6:mapped:32,67.77400000000019,1.8374
251637::475.swc,936,42,6,L6:mapped:33,116.40500000000158,2.0697
251637::475.swc,936,42,6,L6:mapped:36,45.38200000000002,1.6663
251637::475.swc,936,42,6,L6:mapped:39,67.19699999999997,1.8338
251637::475.swc,936,42,6,L6:mapped:41,214.34799999999964,2.3331
251637::475.swc,936,42,6,L6:mapped:42,194.6820000000001,2.2916
251637::475.swc,936,42,6,L6:mapped:45,82.99200000000076,1.9242
251637::475.swc,936,42,6,L6:mapped:49,5.5379999999999985,0.8154
251637::475.swc,936,42,6,L6:mapped:164,15.836999999999993,1.2263
251637::475.swc,936,42,6,L6:mapped:170,77.45400000000029,1.8946
251637::475.swc,936,42,6,L6:mapped:173,6.867999999999997,0.8959
251637::475.swc,936,42,6,L6:mapped:174,9.061999999999996,1.0027
251637::475.swc,936,42,6,L6:mapped:187,56.58899999999996,1.7603
251637::475.swc,936,42,6,L6:mapped:190,48.81899999999996,1.6974
251637::475.swc,936,42,6,L6:mapped:228,59.34600000000001,1.7806
251637::475.swc,936,42,6,L6:mapped:1004,3.4589999999999974,0.6492
251637::475.swc,936,42,6,L6:mapped:1054,134.55200000000178,2.1321
251637::475.swc,936,42,6,L6:mapped:1056,14.639999999999977,1.1942
251637::475.swc,936,42,6,L6:mapped:1060,588.8889999999893,2.7708
251637::475.swc,936,42,6,L6:mapped:1061,1.8699999999999997,0.4579
251637::475.swc,936,42,6,L6:mapped:1076,40.07599999999998,1.6136
251637::476.swc,936,42,1,L1:mapped:1,1190.5529999999696,3.0761
251637::476.swc,936,42,1,L1:mapped:138,278.6419999999965,2.4466
251637::476.swc,936,42,1,L1:mapped:1001,198.1569999999992,2.2992
251637::476.swc,936,42,2,L2:mapped:16,1001.369999999986,3.001
251637::476.swc,936,42,2,L2:mapped:50,157.4370000000007,2.1999
251637::476.swc,936,42,2,L2:mapped:77,31.74599999999995,1.5152
251637::476.swc,936,42,2,L2:mapped:139,102.09300000000127,2.0132
251637::476.swc,936,42,2,L2:mapped:165,83.3240000000004,1.926
251637::476.swc,936,42,2,L2:mapped:224,93.22500000000079,1.9742
251637::476.swc,936,42,2,L2:mapped:1010,9.570999999999996,1.0241
251637::476.swc,936,42,2,L2:mapped:1024,170.27400000000057,2.2337
251637::476.swc,936,42,3,L3:mapped:25,162.48900000000015,2.2135
251637::476.swc,936,42,3,L3:mapped:37,838.8809999999858,2.9242
251637::476.swc,936,42,3,L3:mapped:64,157.4370000000007,2.1999
251637::476.swc,936,42,3,L3:mapped:78,31.74599999999995,1.5152
251637::476.swc,936,42,3,L3:mapped:153,102.09300000000127,2.0132
251637::476.swc,936,42,3,L3:mapped:165,83.3240000000004,1.926
251637::476.swc,936,42,3,L3:mapped:224,93.22500000000079,1.9742
251637::476.swc,936,42,3,L3:mapped:1011,9.570999999999996,1.0241
251637::476.swc,936,42,3,L3:mapped:1025,170.27400000000057,2.2337
251637::476.swc,936,42,4,L4:mapped:26,44.07100000000003,1.6539
251637::476.swc,936,42,4,L4:mapped:34,118.41800000000195,2.0771
251637::476.swc,936,42,4,L4:mapped:38,818.3569999999864,2.9135
251637::476.swc,936,42,4,L4:mapped:47,20.523999999999983,1.3329
251637::476.swc,936,42,4,L4:mapped:65,157.4370000000007,2.1999
251637::476.swc,936,42,4,L4:mapped:80,31.74599999999995,1.5152
251637::476.swc,936,42,4,L4:mapped:154,88.40200000000078,1.9513
251637::476.swc,936,42,4,L4:mapped:166,51.88699999999996,1.7233
251637::476.swc,936,42,4,L4:mapped:167,31.437,1.511
251637::476.swc,936,42,4,L4:mapped:225,93.22500000000079,1.9742
251637::476.swc,936,42,4,L4:mapped:1012,9.570999999999996,1.0241
251637::476.swc,936,42,4,L4:mapped:1026,20.269999999999992,1.3278
251637::476.swc,936,42,4,L4:mapped:1030,150.0040000000012,2.179
251637::476.swc,936,42,5,L5:mapped:30,44.07100000000003,1.6539
251637::476.swc,936,42,5,L5:mapped:34,118.41800000000195,2.0771
251637::476.swc,936,42,5,L5:mapped:40,818.3569999999864,2.9135
251637::476.swc,936,42,5,L5:mapped:49,20.523999999999983,1.3329
251637::476.swc,936,42,5,L5:mapped:69,157.4370000000007,2.1999
251637::476.swc,936,42,5,L5:mapped:84,31.74599999999995,1.5152
251637::476.swc,936,42,5,L5:mapped:158,35.51100000000004,1.5624
251637::476.swc,936,42,5,L5:mapped:159,52.891000000000076,1.7315
251637::476.swc,936,42,5,L5:mapped:166,51.88699999999996,1.7233
251637::476.swc,936,42,5,L5:mapped:168,30.571999999999996,1.4993
251637::476.swc,936,42,5,L5:mapped:171,0.8650000000000004,0.2707
251637::476.swc,936,42,5,L5:mapped:227,93.22500000000079,1.9742
251637::476.swc,936,42,5,L5:mapped:1013,9.570999999999996,1.0241
251637::476.swc,936,42,5,L5:mapped:1027,20.269999999999992,1.3278
251637::476.swc,936,42,5,L5:mapped:1035,122.05200000000164,2.0901
251637::476.swc,936,42,5,L5:mapped:1039,27.951999999999963,1.4617
251637::476.swc,936,42,6,L6:mapped:33,44.07100000000003,1.6539
251637::476.swc,936,42,6,L6:mapped:36,118.41800000000195,2.0771
251637::476.swc,936,42,6,L6:mapped:41,423.23099999999505,2.6276
251637::476.swc,936,42,6,L6:mapped:42,395.1259999999954,2.5978
251637::476.swc,936,42,6,L6:mapped:49,20.523999999999983,1.3329
251637::476.swc,936,42,6,L6:mapped:70,157.4370000000007,2.1999
251637::476.swc,936,42,6,L6:mapped:86,31.74599999999995,1.5152
251637::476.swc,936,42,6,L6:mapped:158,35.51100000000004,1.5624
251637::476.swc,936,42,6,L6:mapped:159,52.891000000000076,1.7315
251637::476.swc,936,42,6,L6:mapped:166,51.88699999999996,1.7233
251637::476.swc,936,42,6,L6:mapped:170,30.571999999999996,1.4993
251637::476.swc,936,42,6,L6:mapped:173,0.8650000000000004,0.2707
251637::476.swc,936,42,6,L6:mapped:228,93.22500000000079,1.9742
251637::476.swc,936,42,6,L6:mapped:1015,9.570999999999996,1.0241
251637::476.swc,936,42,6,L6:mapped:1027,20.269999999999992,1.3278
251637::476.swc,936,42,6,L6:mapped:1037,2.3539999999999988,0.5256
251637::476.swc,936,42,6,L6:mapped:1038,119.69800000000156,2.0817
251637::476.swc,936,42,6,L6:mapped:1039,27.951999999999963,1.4617
251637::477.swc,936,42,1,L1:mapped:1,558.2539999999883,2.7476
251637::477.swc,936,42,1,L1:mapped:1001,221.20799999999912,2.3468
251637::477.swc,936,42,2,L2:mapped:16,523.2489999999874,2.7195
251637::477.swc,936,42,2,L2:mapped:50,7.408,0.9247
251637::477.swc,936,42,2,L2:mapped:77,27.59700000000001,1.4563
251637::477.swc,936,42,2,L2:mapped:1002,46.70399999999987,1.6786
251637::477.swc,936,42,2,L2:mapped:1024,59.60199999999997,1.7825
251637::477.swc,936,42,2,L2:mapped:1050,108.11900000000136,2.0379
251637::477.swc,936,42,3,L3:mapped:25,3.177999999999999,0.621
251637::477.swc,936,42,3,L3:mapped:37,520.0709999999879,2.7169
251637::477.swc,936,42,3,L3:mapped:64,7.408,0.9247
251637::477.swc,936,42,3,L3:mapped:78,27.59700000000001,1.4563
251637::477.swc,936,42,3,L3:mapped:1003,45.583999999999875,1.6682
251637::477.swc,936,42,3,L3:mapped:1025,17.539999999999974,1.2681
251637::477.swc,936,42,3,L3:mapped:1040,42.062,1.6341
251637::477.swc,936,42,3,L3:mapped:1051,101.1400000000011,2.0092
251637::477.swc,936,42,4,L4:mapped:26,3.177999999999999,0.621
251637::477.swc,936,42,4,L4:mapped:38,409.50599999999304,2.6133
251637::477.swc,936,42,4,L4:key_level_conflict:45,21.566999999999954,1.3535
251637::477.swc,936,42,4,L4:mapped:47,88.99800000000094,1.9542
251637::477.swc,936,42,4,L4:mapped:65,6.792000000000001,0.8916
251637::477.swc,936,42,4,L4:mapped:80,27.59700000000001,1.4563
251637::477.swc,936,42,4,L4:mapped:1004,45.583999999999875,1.6682
251637::477.swc,936,42,4,L4:mapped:1030,17.539999999999974,1.2681
251637::477.swc,936,42,4,L4:mapped:1041,31.997999999999998,1.5185
251637::477.swc,936,42,4,L4:mapped:1043,7.8149999999999995,0.9452
251637::477.swc,936,42,4,L4:mapped:1052,65.36700000000005,1.822
251637::477.swc,936,42,4,L4:mapped:1059,35.77300000000003,1.5655
251637::477.swc,936,42,5,L5:mapped:30,3.177999999999999,0.621
251637::477.swc,936,42,5,L5:mapped:39,69.52200000000016,1.8483
251637::477.swc,936,42,5,L5:mapped:40,339.9839999999945,2.5327
251637::477.swc,936,42,5,L5:key_level_conflict:45,21.566999999999954,1.3535
251637::477.swc,936,42,5,L5:mapped:49,88.99800000000094,1.9542
251637::477.swc,936,42,5,L5:mapped:69,6.792000000000001,0.8916
251637::477.swc,936,42,5,L5:mapped:84,27.59700000000001,1.4563
251637::477.swc,936,42,5,L5:mapped:1004,45.583999999999875,1.6682
251637::477.swc,936,42,5,L5:mapped:1035,17.539999999999974,1.2681
251637::477.swc,936,42,5,L5:mapped:1042,31.997999999999998,1.5185
251637::477.swc,936,42,5,L5:mapped:1044,7.8149999999999995,0.9452
251637::477.swc,936,42,5,L5:mapped:1056,55.104,1.749
251637::477.swc,936,42,5,L5:mapped:1060,35.77300000000003,1.5655
251637::477.swc,936,42,6,L6:mapped:32,3.177999999999999,0.621
251637::477.swc,936,42,6,L6:mapped:39,69.52200000000016,1.8483
251637::477.swc,936,42,6,L6:mapped:41,191.80599999999905,2.2851
251637::477.swc,936,42,6,L6:mapped:42,148.17800000000122,2.1737
251637::477.swc,936,42,6,L6:mapped:45,21.566999999999954,1.3535
251637::477.swc,936,42,6,L6:mapped:49,88.99800000000094,1.9542
251637::477.swc,936,42,6,L6:mapped:70,6.792000000000001,0.8916
251637::477.swc,936,42,6,L6:mapped:86,27.59700000000001,1.4563
251637::477.swc,936,42,6,L6:mapped:1004,45.583999999999875,1.6682
251637::477.swc,936,42,6,L6:mapped:1036,14.544999999999982,1.1916
251637::477.swc,936,42,6,L6:mapped:1037,2.9949999999999997,0.6015
251637::477.swc,936,42,6,L6:mapped:1042,31.997999999999998,1.5185
251637::477.swc,936,42,6,L6:mapped:1044,7.8149999999999995,0.9452
251637::477.swc,936,42,6,L6:mapped:1056,55.104,1.749
251637::477.swc,936,42,6,L6:mapped:1060,35.77300000000003,1.5655
251637::478.swc,936,41,1,L1:mapped:1,330.9979999999964,2.5211
251637::478.swc,936,41,1,L1:mapped:90,49.150000000000055,1.7003
251637::478.swc,936,41,1,L1:mapped:138,160.16500000000056,2.2073
251637::478.swc,936,41,1,L1:mapped:1001,1416.2719999999524,3.1515
251637::478.swc,936,41,2,L2:mapped:16,330.9979999999964,2.5211
251637::478.swc,936,41,2,L2:mapped:91,49.150000000000055,1.7003
251637::478.swc,936,41,2,L2:mapped:224,160.16500000000056,2.2073
251637::478.swc,936,41,2,L2:mapped:1002,101.18000000000146,2.0094
251637::478.swc,936,41,2,L2:mapped:1024,397.9939999999948,2.601
251637::478.swc,936,41,2,L2:mapped:1050,917.0979999999819,2.9629
251637::478.swc,936,41,3,L3:mapped:25,4.539999999999998,0.7435
251637::478.swc,936,41,3,L3:mapped:37,326.4579999999967,2.5152
251637::478.swc,936,41,3,L3:mapped:95,49.150000000000055,1.7003
251637::478.swc,936,41,3,L3:mapped:224,160.16500000000056,2.2073
251637::478.swc,936,41,3,L3:mapped:1003,92.75900000000134,1.972
251637::478.swc,936,41,3,L3:mapped:1025,128.5570000000017,2.1125
251637::478.swc,936,41,3,L3:mapped:1040,269.43699999999865,2.4321
251637::478.swc,936,41,3,L3:mapped:1051,795.9609999999884,2.9014
251637::478.swc,936,41,3,L3:mapped:1062,121.13700000000176,2.0868
251637::478.swc,936,41,4,L4:mapped:26,4.539999999999998,0.7435
251637::478.swc,936,41,4,L4:mapped:38,326.4579999999967,2.5152
251637::478.swc,936,41,4,L4:mapped:95,49.150000000000055,1.7003
251637::478.swc,936,41,4,L4:mapped:225,160.16500000000056,2.2073
251637::478.swc,936,41,4,L4:mapped:1004,92.75900000000134,1.972
251637::478.swc,936,41,4,L4:mapped:1030,128.5570000000017,2.1125
251637::478.swc,936,41,4,L4:mapped:1041,104.92200000000103,2.025
251637::478.swc,936,41,4,L4:mapped:1043,14.296999999999992,1.1846
251637::478.swc,936,41,4,L4:mapped:1046,150.21800000000187,2.1796
251637::478.swc,936,41,4,L4:mapped:1052,762.2739999999901,2.8827
251637::478.swc,936,41,4,L4:mapped:1059,33.686999999999955,1.5402
251637::478.swc,936,41,4,L4:mapped:1062,121.13700000000176,2.0868
251637::478.swc,936,41,5,L5:mapped:30,4.539999999999998,0.7435
251637::478.swc,936,41,5,L5:mapped:39,36.89399999999997,1.5786
251637::478.swc,936,41,5,L5:mapped:40,289.56399999999746,2.4632
251637::478.swc,936,41,5,L5:mapped:95,49.150000000000055,1.7003
251637::478.swc,936,41,5,L5:mapped:227,160.16500000000056,2.2073
251637::478.swc,936,41,5,L5:mapped:1004,92.75900000000134,1.972
251637::478.swc,936,41,5,L5:mapped:1031,61.38900000000002,1.7951
251637::478.swc,936,41,5,L5:mapped:1035,67.16799999999998,1.8336
251637::478.swc,936,41,5,L5:mapped:1042,104.92200000000103,2.025
251637::478.swc,936,41,5,L5:mapped:1044,14.296999999999992,1.1846
251637::478.swc,936,41,5,L5:mapped:1048,15.51899999999999,1.218
251637::478.swc,936,41,5,L5:mapped:1049,134.69900000000183,2.1326
251637::478.swc,936,41,5,L5:mapped:1053,33.700999999999986,1.5403
251637::478.swc,936,41,5,L5:mapped:1056,463.07999999999606,2.6666
251637::478.swc,936,41,5,L5:mapped:1057,265.4929999999966,2.4257
251637::478.swc,936,41,5,L5:mapped:1060,33.686999999999955,1.5402
251637::478.swc,936,41,5,L5:mapped:1067,121.13700000000176,2.0868
251637::478.swc,936,41,6,L6:mapped:32,4.539999999999998,0.7435
251637::478.swc,936,41,6,L6:mapped:39,36.89399999999997,1.5786
251637::478.swc,936,41,6,L6:mapped:41,238.37099999999873,2.3791
251637::478.swc,936,41,6,L6:mapped:42,51.19299999999998,1.7176
251637::478.swc,936,41,6,L6:mapped:95,49.150000000000055,1.7003
251637::478.swc,936,41,6,L6:mapped:228,154.35600000000076,2.1913
251637::478.swc,936,41,6,L6:mapped:229,5.808999999999995,0.8331
251637::478.swc,936,41,6,L6:mapped:1004,92.75900000000134,1.972
251637::478.swc,936,41,6,L6:mapped:1032,61.38900000000002,1.7951
251637::478.swc,936,41,6,L6:mapped:1036,51.760999999999996,1.7223
251637::478.swc,936,41,6,L6:mapped:1037,15.407,1.215
251637::478.swc,936,41,6,L6:mapped:1042,104.92200000000103,2.025
251637::478.swc,936,41,6,L6:mapped:1044,14.296999999999992,1.1846
251637::478.swc,936,41,6,L6:mapped:1048,15.51899999999999,1.218
251637::478.swc,936,41,6,L6:mapped:1049,134.69900000000183,2.1326
251637::478.swc,936,41,6,L6:mapped:1055,33.700999999999986,1.5403
251637::478.swc,936,41,6,L6:mapped:1056,463.07999999999606,2.6666
251637::478.swc,936,41,6,L6:mapped:1057,265.4929999999966,2.4257
251637::478.swc,936,41,6,L6:mapped:1060,33.686999999999955,1.5402
251637::478.swc,936,41,6,L6:mapped:1067,121.13700000000176,2.0868
251637::479.swc,936,41,1,L1:mapped:1,276.5699999999963,2.4434
251637::479.swc,936,41,1,L1:mapped:1001,8.081999999999997,0.9582
251637::479.swc,936,41,2,L2:mapped:16,276.5699999999963,2.4434
251637::479.swc,936,41,2,L2:mapped:1002,7.943999999999997,0.9515
251637::479.swc,936,41,3,L3:mapped:37,276.5699999999963,2.4434
251637::479.swc,936,41,3,L3:mapped:1003,7.943999999999997,0.9515
251637::479.swc,936,41,4,L4:mapped:38,276.5699999999963,2.4434
251637::479.swc,936,41,4,L4:mapped:1004,7.943999999999997,0.9515
251637::479.swc,936,41,5,L5:mapped:39,5.140999999999999,0.7882
251637::479.swc,936,41,5,L5:mapped:40,271.4289999999964,2.4353
251637::479.swc,936,41,5,L5:mapped:1004,7.943999999999997,0.9515
251637::479.swc,936,41,6,L6:mapped:39,5.140999999999999,0.7882
251637::479.swc,936,41,6,L6:mapped:41,266.15099999999643,2.4268
251637::479.swc,936,41,6,L6:mapped:42,5.277999999999997,0.7978
251637::479.swc,936,41,6,L6:mapped:1004,7.943999999999997,0.9515
251637::480.swc,936,41,1,L1:mapped:1,153.29700000000142,2.1884
251637::480.swc,936,41,1,L1:mapped:1001,21.619,1.3545
251637::480.swc,936,41,2,L2:mapped:16,153.29700000000142,2.1884
251637::480.swc,936,41,2,L2:mapped:1002,20.96399999999999,1.3417
251637::480.swc,936,41,3,L3:mapped:25,46.63899999999992,1.678
251637::480.swc,936,41,3,L3:mapped:37,106.65800000000138,2.032
251637::480.swc,936,41,3,L3:mapped:1003,20.96399999999999,1.3417
251637::480.swc,936,41,4,L4:mapped:26,46.63899999999992,1.678
251637::480.swc,936,41,4,L4:mapped:38,106.65800000000138,2.032
251637::480.swc,936,41,4,L4:mapped:1004,20.96399999999999,1.3417
251637::480.swc,936,41,5,L5:mapped:30,46.63899999999992,1.678
251637::480.swc,936,41,5,L5:mapped:40,106.65800000000138,2.032
251637::480.swc,936,41,5,L5:mapped:1004,20.96399999999999,1.3417
251637::480.swc,936,41,6,L6:mapped:33,46.63899999999992,1.678
251637::480.swc,936,41,6,L6:mapped:41,106.57500000000138,2.0317
251637::480.swc,936,41,6,L6:mapped:1004,20.96399999999999,1.3417
251637::481.swc,936,41,1,L1:mapped:1,922.0149999999821,2.9652
251637::481.swc,936,41,1,L1:mapped:1001,1.2520000000000002,0.3526
251637::481.swc,936,41,2,L2:mapped:2,132.21100000000177,2.1245
251637::481.swc,936,41,2,L2:mapped:16,789.8039999999864,2.8981
251637::481.swc,936,41,2,L2:mapped:1002,1.2520000000000002,0.3526
251637::481.swc,936,41,3,L3:mapped:3,132.21100000000177,2.1245
251637::481.swc,936,41,3,L3:mapped:17,118.06200000000173,2.0758
251637::481.swc,936,41,3,L3:mapped:25,321.7999999999986,2.5089
251637::481.swc,936,41,3,L3:mapped:37,349.9419999999967,2.5452
251637::481.swc,936,41,3,L3:mapped:1003,1.2520000000000002,0.3526
251637::481.swc,936,41,4,L4:mapped:5,132.21100000000177,2.1245
251637::481.swc,936,41,4,L4:mapped:18,34.10299999999999,1.5453
251637::481.swc,936,41,4,L4:mapped:22,83.95900000000061,1.9292
251637::481.swc,936,41,4,L4:mapped:26,321.7999999999986,2.5089
251637::481.swc,936,41,4,L4:mapped:38,331.992999999997,2.5224
251637::481.swc,936,41,4,L4:mapped:1004,1.2520000000000002,0.3526
251637::481.swc,936,41,5,L5:mapped:5,132.21100000000177,2.1245
251637::481.swc,936,41,5,L5:mapped:18,34.10299999999999,1.5453
251637::481.swc,936,41,5,L5:mapped:22,83.95900000000061,1.9292
251637::481.swc,936,41,5,L5:mapped:30,321.7999999999986,2.5089
251637::481.swc,936,41,5,L5:mapped:40,322.1869999999971,2.5095
251637::481.swc,936,41,5,L5:mapped:1004,1.2520000000000002,0.3526
251637::481.swc,936,41,6,L6:mapped:5,132.21100000000177,2.1245
251637::481.swc,936,41,6,L6:mapped:20,34.10299999999999,1.5453
251637::481.swc,936,41,6,L6:mapped:23,0.7250000000000001,0.2368
251637::481.swc,936,41,6,L6:mapped:24,83.23400000000056,1.9255
251637::481.swc,936,41,6,L6:mapped:31,201.2229999999998,2.3058
251637::481.swc,936,41,6,L6:mapped:33,120.57700000000186,2.0849
251637::481.swc,936,41,6,L6:mapped:41,322.1869999999971,2.5095
251637::481.swc,936,41,6,L6:mapped:1004,1.2520000000000002,0.3526
251637::482.swc,936,41,1,L1:mapped:1,392.91699999999486,2.5954
251637::482.swc,936,41,1,L1:mapped:138,46.728999999999886,1.6788
251637::482.swc,936,41,1,L1:mapped:1001,196.59600000000023,2.2958
251637::482.swc,936,41,2,L2:mapped:16,392.91699999999486,2.5954
251637::482.swc,936,41,2,L2:mapped:204,2.713000000000001,0.5697
251637::482.swc,936,41,2,L2:mapped:224,44.01599999999989,1.6534
251637::482.swc,936,41,2,L2:mapped:1050,174.26200000000023,2.2437
251637::482.swc,936,41,2,L2:mapped:1069,22.334000000000007,1.368
251637::482.swc,936,41,3,L3:mapped:25,18.51999999999999,1.2905
251637::482.swc,936,41,3,L3:mapped:37,374.3969999999946,2.5745
251637::482.swc,936,41,3,L3:mapped:205,2.713000000000001,0.5697
251637::482.swc,936,41,3,L3:mapped:224,44.01599999999989,1.6534
251637::482.swc,936,41,3,L3:mapped:1051,160.05200000000008,2.207
251637::482.swc,936,41,3,L3:mapped:1062,14.209999999999994,1.1821
251637::482.swc,936,41,3,L3:mapped:1069,22.334000000000007,1.368
251637::482.swc,936,41,4,L4:mapped:34,18.51999999999999,1.2905
251637::482.swc,936,41,4,L4:mapped:38,350.7649999999951,2.5463
251637::482.swc,936,41,4,L4:mapped:213,2.713000000000001,0.5697
251637::482.swc,936,41,4,L4:mapped:225,44.01599999999989,1.6534
251637::482.swc,936,41,4,L4:mapped:1052,36.68,1.5761
251637::482.swc,936,41,4,L4:mapped:1059,123.37200000000121,2.0947
251637::482.swc,936,41,4,L4:mapped:1062,14.209999999999994,1.1821
251637::482.swc,936,41,4,L4:mapped:1073,10.586999999999993,1.064
251637::482.swc,936,41,4,L4:mapped:1074,11.746999999999995,1.1054
251637::482.swc,936,41,5,L5:mapped:34,18.51999999999999,1.2905
251637::482.swc,936,41,5,L5:mapped:39,14.660999999999998,1.1948
251637::482.swc,936,41,5,L5:mapped:40,336.10399999999504,2.5278
251637::482.swc,936,41,5,L5:mapped:215,2.713000000000001,0.5697
251637::482.swc,936,41,5,L5:mapped:226,44.01599999999989,1.6534
251637::482.swc,936,41,5,L5:mapped:1053,16.937000000000005,1.2537
251637::482.swc,936,41,5,L5:mapped:1056,19.742999999999995,1.3169
251637::482.swc,936,41,5,L5:mapped:1060,123.37200000000121,2.0947
251637::482.swc,936,41,5,L5:mapped:1067,11.508999999999995,1.0972
251637::482.swc,936,41,5,L5:mapped:1073,10.586999999999993,1.064
251637::482.swc,936,41,5,L5:mapped:1076,11.746999999999995,1.1054
251637::482.swc,936,41,6,L6:mapped:36,18.51999999999999,1.2905
251637::482.swc,936,41,6,L6:mapped:39,14.660999999999998,1.1948
251637::482.swc,936,41,6,L6:mapped:41,297.76399999999734,2.4753
251637::482.swc,936,41,6,L6:mapped:42,38.33999999999995,1.5948
251637::482.swc,936,41,6,L6:mapped:217,2.713000000000001,0.5697
251637::482.swc,936,41,6,L6:mapped:226,44.01599999999989,1.6534
251637::482.swc,936,41,6,L6:mapped:1054,16.937000000000005,1.2537
251637::482.swc,936,41,6,L6:mapped:1056,19.742999999999995,1.3169
251637::482.swc,936,41,6,L6:mapped:1060,123.37200000000121,2.0947
251637::482.swc,936,41,6,L6:mapped:1067,11.508999999999995,1.0972
251637::482.swc,936,41,6,L6:mapped:1073,10.586999999999993,1.064
251637::482.swc,936,41,6,L6:mapped:1076,11.746999999999995,1.1054
251637::483.swc,936,41,1,L1:mapped:1,344.2319999999941,2.5381
251637::483.swc,936,41,1,L1:mapped:138,94.05000000000068,1.978
251637::483.swc,936,41,1,L1:mapped:1001,88.80100000000006,1.9533
251637::483.swc,936,41,2,L2:mapped:16,344.2319999999941,2.5381
251637::483.swc,936,41,2,L2:mapped:139,72.34700000000011,1.8654
251637::483.swc,936,41,2,L2:mapped:165,21.703,1.3561
251637::483.swc,936,41,2,L2:mapped:1002,73.86299999999999,1.8743
251637::483.swc,936,41,2,L2:mapped:1024,7.8459999999999965,0.9467
251637::483.swc,936,41,3,L3:mapped:25,46.95399999999987,1.6808
251637::483.swc,936,41,3,L3:mapped:37,297.2779999999967,2.4746
251637::483.swc,936,41,3,L3:mapped:153,72.34700000000011,1.8654
251637::483.swc,936,41,3,L3:mapped:165,21.703,1.3561
251637::483.swc,936,41,3,L3:mapped:1003,57.20399999999991,1.765
251637::483.swc,936,41,3,L3:mapped:1040,1.9669999999999999,0.4723
251637::483.swc,936,41,4,L4:mapped:26,46.95399999999987,1.6808
251637::483.swc,936,41,4,L4:mapped:38,297.2779999999967,2.4746
251637::483.swc,936,41,4,L4:mapped:154,64.833,1.8184
251637::483.swc,936,41,4,L4:mapped:160,7.514000000000001,0.9301
251637::483.swc,936,41,4,L4:mapped:166,21.703,1.3561
251637::483.swc,936,41,4,L4:mapped:1004,57.20399999999991,1.765
251637::483.swc,936,41,4,L4:mapped:1043,1.9669999999999999,0.4723
251637::483.swc,936,41,5,L5:mapped:30,46.95399999999987,1.6808
251637::483.swc,936,41,5,L5:mapped:39,19.39799999999998,1.3096
251637::483.swc,936,41,5,L5:mapped:40,277.87999999999823,2.4454
251637::483.swc,936,41,5,L5:mapped:158,7.775999999999998,0.9433
251637::483.swc,936,41,5,L5:mapped:159,57.05699999999996,1.7639
251637::483.swc,936,41,5,L5:mapped:161,7.514000000000001,0.9301
251637::483.swc,936,41,5,L5:mapped:166,21.703,1.3561
251637::483.swc,936,41,5,L5:mapped:1004,57.20399999999991,1.765
251637::483.swc,936,41,5,L5:mapped:1045,1.9669999999999999,0.4723
251637::483.swc,936,41,6,L6:mapped:32,42.976999999999855,1.6432
251637::483.swc,936,41,6,L6:mapped:33,3.4889999999999994,0.6521
251637::483.swc,936,41,6,L6:mapped:39,19.39799999999998,1.3096
251637::483.swc,936,41,6,L6:mapped:41,271.29799999999835,2.435
251637::483.swc,936,41,6,L6:mapped:42,6.581999999999995,0.8798
251637::483.swc,936,41,6,L6:mapped:158,7.775999999999998,0.9433
251637::483.swc,936,41,6,L6:mapped:159,57.05699999999996,1.7639
251637::483.swc,936,41,6,L6:mapped:161,7.514000000000001,0.9301
251637::483.swc,936,41,6,L6:mapped:166,21.703,1.3561
251637::483.swc,936,41,6,L6:mapped:1004,57.20399999999991,1.765
251637::483.swc,936,41,6,L6:mapped:1045,1.9669999999999999,0.4723
251637::484.swc,936,41,1,L1:mapped:1,85.68800000000056,1.938
251637::484.swc,936,41,1,L1:mapped:1001,11.853999999999985,1.109
251637::484.swc,936,41,2,L2:mapped:16,85.68800000000056,1.938
251637::484.swc,936,41,2,L2:mapped:1050,1.2320000000000002,0.3487
251637::484.swc,936,41,3,L3:mapped:37,85.68800000000056,1.938
251637::484.swc,936,41,3,L3:mapped:1051,1.2320000000000002,0.3487
251637::484.swc,936,41,4,L4:mapped:38,85.68800000000056,1.938
251637::484.swc,936,41,4,L4:mapped:1052,1.2320000000000002,0.3487
251637::484.swc,936,41,5,L5:mapped:40,85.68800000000056,1.938
251637::484.swc,936,41,5,L5:mapped:1056,1.2320000000000002,0.3487
251637::484.swc,936,41,6,L6:mapped:41,65.93700000000017,1.8257
251637::484.swc,936,41,6,L6:mapped:42,19.75099999999998,1.317
251637::484.swc,936,41,6,L6:mapped:1056,1.2320000000000002,0.3487
251637::485.swc,936,42,1,L1:mapped:1,46.71000000000002,1.6786
251637::485.swc,936,42,2,L2:mapped:16,46.71000000000002,1.6786
251637::485.swc,936,42,3,L3:mapped:37,46.71000000000002,1.6786
251637::485.swc,936,42,4,L4:mapped:38,46.71000000000002,1.6786
251637::485.swc,936,42,5,L5:mapped:40,46.71000000000002,1.6786
251637::485.swc,936,42,6,L6:mapped:41,8.930999999999985,0.997
251637::485.swc,936,42,6,L6:mapped:42,37.778999999999996,1.5886
251637::486.swc,936,42,1,L1:mapped:1,54.87599999999992,1.7472
251637::486.swc,936,42,2,L2:mapped:16,54.87599999999992,1.7472
251637::486.swc,936,42,3,L3:mapped:37,54.87599999999992,1.7472
251637::486.swc,936,42,4,L4:mapped:38,54.87599999999992,1.7472
251637::486.swc,936,42,5,L5:mapped:40,54.87599999999992,1.7472
251637::486.swc,936,42,6,L6:mapped:41,4.4979999999999976,0.7402
251637::486.swc,936,42,6,L6:mapped:42,50.37799999999995,1.7108
251637::487.swc,936,42,1,L1:mapped:1,30.39199999999993,1.4968
251637::487.swc,936,42,2,L2:mapped:16,30.39199999999993,1.4968
251637::487.swc,936,42,3,L3:mapped:37,30.39199999999993,1.4968
251637::487.swc,936,42,4,L4:mapped:38,30.39199999999993,1.4968
251637::487.swc,936,42,5,L5:mapped:40,30.39199999999993,1.4968
251637::487.swc,936,42,6,L6:mapped:41,4.630999999999996,0.7506
251637::487.swc,936,42,6,L6:mapped:42,25.760999999999942,1.4275
251637::488.swc,936,42,1,L1:mapped:1,53.82700000000014,1.739
251637::488.swc,936,42,2,L2:mapped:16,53.82700000000014,1.739
251637::488.swc,936,42,3,L3:mapped:37,53.82700000000014,1.739
251637::488.swc,936,42,4,L4:mapped:38,53.82700000000014,1.739
251637::488.swc,936,42,5,L5:mapped:40,53.82700000000014,1.739
251637::488.swc,936,42,6,L6:mapped:41,5.4469999999999965,0.8094
251637::488.swc,936,42,6,L6:mapped:42,48.380000000000074,1.6936
251637::489.swc,936,42,1,L1:mapped:1,108.47700000000069,2.0393
251637::489.swc,936,42,1,L1:mapped:1001,97.52300000000075,1.9935
251637::489.swc,936,42,1,L1:mapped:1082,67.44999999999999,1.8354
251637::489.swc,936,42,1,L1:mapped:1169,27.08999999999999,1.4486
251637::489.swc,936,42,2,L2:mapped:16,108.47700000000069,2.0393
251637::489.swc,936,42,2,L2:mapped:1050,89.00800000000046,1.9543
251637::489.swc,936,42,2,L2:mapped:1083,54.03099999999993,1.7406
251637::489.swc,936,42,2,L2:mapped:1170,27.08999999999999,1.4486
251637::489.swc,936,42,3,L3:mapped:37,108.47700000000069,2.0393
251637::489.swc,936,42,3,L3:mapped:1051,81.06300000000026,1.9141
251637::489.swc,936,42,3,L3:mapped:1100,5.994999999999995,0.8448
251637::489.swc,936,42,3,L3:mapped:1180,7.158999999999992,0.9116
251637::489.swc,936,42,4,L4:mapped:38,108.47700000000069,2.0393
251637::489.swc,936,42,4,L4:mapped:1052,81.06300000000026,1.9141
251637::489.swc,936,42,4,L4:mapped:1103,5.994999999999995,0.8448
251637::489.swc,936,42,4,L4:mapped:1189,7.158999999999992,0.9116
251637::489.swc,936,42,5,L5:mapped:40,108.47700000000069,2.0393
251637::489.swc,936,42,5,L5:mapped:1058,57.85999999999994,1.7698
251637::489.swc,936,42,5,L5:mapped:1105,5.994999999999995,0.8448
251637::489.swc,936,42,5,L5:mapped:1190,7.158999999999992,0.9116
251637::489.swc,936,42,6,L6:mapped:41,16.172,1.2348
251637::489.swc,936,42,6,L6:mapped:42,92.30500000000028,1.9699
251637::489.swc,936,42,6,L6:mapped:1058,57.85999999999994,1.7698
251637::489.swc,936,42,6,L6:mapped:1107,5.994999999999995,0.8448
251637::489.swc,936,42,6,L6:mapped:1190,7.158999999999992,0.9116
251637::490.swc,936,41,1,L1:mapped:1,1214.5419999999704,3.0848
251637::490.swc,936,41,1,L1:mapped:138,599.673999999996,2.7786
251637::490.swc,936,41,1,L1:mapped:1001,639.1899999999878,2.8063
251637::490.swc,936,41,2,L2:mapped:16,1214.5419999999704,3.0848
251637::490.swc,936,41,2,L2:mapped:139,293.7199999999963,2.4694
251637::490.swc,936,41,2,L2:mapped:165,184.82699999999966,2.2691
251637::490.swc,936,41,2,L2:mapped:175,120.54100000000138,2.0847
251637::490.swc,936,41,2,L2:mapped:193,0.586,0.2003
251637::490.swc,936,41,2,L2:mapped:1002,93.53200000000052,1.9756
251637::490.swc,936,41,2,L2:mapped:1024,16.472999999999992,1.2424
251637::490.swc,936,41,2,L2:mapped:1050,527.2209999999877,2.7228
251637::490.swc,936,41,2,L2:mapped:1069,1.963999999999999,0.4719
251637::490.swc,936,41,3,L3:mapped:25,412.14799999999417,2.6161
251637::490.swc,936,41,3,L3:mapped:37,802.3939999999851,2.9049
251637::490.swc,936,41,3,L3:mapped:153,293.7199999999963,2.4694
251637::490.swc,936,41,3,L3:mapped:165,184.82699999999966,2.2691
251637::490.swc,936,41,3,L3:mapped:177,7.218999999999999,0.9148
251637::490.swc,936,41,3,L3:mapped:188,113.32200000000114,2.0581
251637::490.swc,936,41,3,L3:mapped:194,0.586,0.2003
251637::490.swc,936,41,3,L3:mapped:1003,13.028999999999998,1.147
251637::490.swc,936,41,3,L3:mapped:1005,80.50300000000033,1.9112
251637::490.swc,936,41,3,L3:mapped:1040,15.016999999999982,1.2046
251637::490.swc,936,41,3,L3:mapped:1051,522.6469999999885,2.719
251637::490.swc,936,41,3,L3:mapped:1062,4.573999999999995,0.7462
251637::490.swc,936,41,3,L3:mapped:1069,1.963999999999999,0.4719
251637::490.swc,936,41,4,L4:mapped:26,148.14000000000155,2.1736
251637::490.swc,936,41,4,L4:mapped:34,264.00799999999805,2.4233
251637::490.swc,936,41,4,L4:mapped:38,726.2589999999864,2.8617
251637::490.swc,936,41,4,L4:mapped:47,76.13500000000036,1.8873
251637::490.swc,936,41,4,L4:mapped:154,101.77600000000108,2.0119
251637::490.swc,936,41,4,L4:mapped:160,191.94399999999936,2.2854
251637::490.swc,936,41,4,L4:mapped:167,184.82699999999966,2.2691
251637::490.swc,936,41,4,L4:mapped:178,6.647,0.8835
251637::490.swc,936,41,4,L4:mapped:185,0.572,0.1965
251637::490.swc,936,41,4,L4:mapped:188,113.32200000000114,2.0581
251637::490.swc,936,41,4,L4:mapped:195,0.586,0.2003
251637::490.swc,936,41,4,L4:mapped:1004,13.028999999999998,1.147
251637::490.swc,936,41,4,L4:mapped:1006,63.25999999999984,1.8079
251637::490.swc,936,41,4,L4:mapped:1043,15.016999999999982,1.2046
251637::490.swc,936,41,4,L4:mapped:1052,381.4739999999914,2.5826
251637::490.swc,936,41,4,L4:mapped:1059,141.17300000000176,2.1528
251637::490.swc,936,41,4,L4:mapped:1062,4.573999999999995,0.7462
251637::490.swc,936,41,4,L4:mapped:1074,1.963999999999999,0.4719
251637::490.swc,936,41,5,L5:mapped:30,148.14000000000155,2.1736
251637::490.swc,936,41,5,L5:mapped:34,264.00799999999805,2.4233
251637::490.swc,936,41,5,L5:mapped:39,77.33700000000054,1.894
251637::490.swc,936,41,5,L5:mapped:40,648.9219999999864,2.8129
251637::490.swc,936,41,5,L5:mapped:49,76.13500000000036,1.8873
251637::490.swc,936,41,5,L5:mapped:158,15.837999999999994,1.2263
251637::490.swc,936,41,5,L5:mapped:159,85.93800000000059,1.9392
251637::490.swc,936,41,5,L5:mapped:161,116.70800000000136,2.0708
251637::490.swc,936,41,5,L5:mapped:162,75.23600000000025,1.8822
251637::490.swc,936,41,5,L5:mapped:171,184.82699999999966,2.2691
251637::490.swc,936,41,5,L5:mapped:182,6.647,0.8835
251637::490.swc,936,41,5,L5:mapped:185,0.572,0.1965
251637::490.swc,936,41,5,L5:mapped:189,113.32200000000114,2.0581
251637::490.swc,936,41,5,L5:mapped:196,0.586,0.2003
251637::490.swc,936,41,5,L5:mapped:1004,13.028999999999998,1.147
251637::490.swc,936,41,5,L5:mapped:1007,15.387999999999993,1.2145
251637::490.swc,936,41,5,L5:mapped:1008,47.87199999999998,1.6891
251637::490.swc,936,41,5,L5:mapped:1045,15.016999999999982,1.2046
251637::490.swc,936,41,5,L5:mapped:1053,51.37599999999999,1.7191
251637::490.swc,936,41,5,L5:mapped:1056,330.09799999999495,2.52
251637::490.swc,936,41,5,L5:mapped:1060,141.17300000000176,2.1528
251637::490.swc,936,41,5,L5:mapped:1067,4.573999999999995,0.7462
251637::490.swc,936,41,5,L5:mapped:1076,1.963999999999999,0.4719
251637::490.swc,936,41,6,L6:mapped:32,45.72999999999998,1.6696
251637::490.swc,936,41,6,L6:mapped:33,102.410000000001,2.0146
251637::490.swc,936,41,6,L6:mapped:36,264.00799999999805,2.4233
251637::490.swc,936,41,6,L6:mapped:39,77.33700000000054,1.894
251637::490.swc,936,41,6,L6:mapped:41,561.7519999999887,2.7503
251637::490.swc,936,41,6,L6:mapped:42,87.17000000000101,1.9453
251637::490.swc,936,41,6,L6:mapped:49,76.13500000000036,1.8873
251637::490.swc,936,41,6,L6:mapped:158,15.837999999999994,1.2263
251637::490.swc,936,41,6,L6:mapped:159,85.93800000000059,1.9392
251637::490.swc,936,41,6,L6:mapped:161,116.70800000000136,2.0708
251637::490.swc,936,41,6,L6:mapped:164,75.23600000000025,1.8822
251637::490.swc,936,41,6,L6:mapped:173,21.881999999999948,1.3595
251637::490.swc,936,41,6,L6:mapped:174,162.94500000000033,2.2147
251637::490.swc,936,41,6,L6:mapped:183,6.647,0.8835
251637::490.swc,936,41,6,L6:mapped:187,0.572,0.1965
251637::490.swc,936,41,6,L6:mapped:190,86.60500000000053,1.9425
251637::490.swc,936,41,6,L6:mapped:191,26.717,1.4427
251637::490.swc,936,41,6,L6:mapped:196,0.586,0.2003
251637::490.swc,936,41,6,L6:mapped:1004,13.028999999999998,1.147
251637::490.swc,936,41,6,L6:mapped:1007,15.387999999999993,1.2145
251637::490.swc,936,41,6,L6:mapped:1008,47.87199999999998,1.6891
251637::490.swc,936,41,6,L6:mapped:1045,15.016999999999982,1.2046
251637::490.swc,936,41,6,L6:mapped:1054,51.37599999999999,1.7191
251637::490.swc,936,41,6,L6:mapped:1056,330.09799999999495,2.52
251637::490.swc,936,41,6,L6:mapped:1060,141.17300000000176,2.1528
251637::490.swc,936,41,6,L6:mapped:1067,4.573999999999995,0.7462
251637::490.swc,936,41,6,L6:mapped:1076,1.963999999999999,0.4719
251637::491.swc,936,41,1,L1:mapped:1,248.74299999999823,2.3975
251637::491.swc,936,41,1,L1:mapped:138,54.88199999999999,1.7473
251637::491.swc,936,41,1,L1:mapped:1001,31.965999999999976,1.5181
251637::491.swc,936,41,2,L2:mapped:16,248.74299999999823,2.3975
251637::491.swc,936,41,2,L2:mapped:139,3.103999999999999,0.6132
251637::491.swc,936,41,2,L2:mapped:165,51.778000000000006,1.7225
251637::491.swc,936,41,2,L2:mapped:1002,20.958999999999993,1.3416
251637::491.swc,936,41,2,L2:mapped:1050,11.006999999999993,1.0794
251637::491.swc,936,41,3,L3:mapped:37,248.74299999999823,2.3975
251637::491.swc,936,41,3,L3:mapped:153,3.103999999999999,0.6132
251637::491.swc,936,41,3,L3:mapped:165,51.778000000000006,1.7225
251637::491.swc,936,41,3,L3:mapped:1003,14.95899999999999,1.203
251637::491.swc,936,41,3,L3:mapped:1005,5.999999999999998,0.8451
251637::491.swc,936,41,3,L3:mapped:1051,11.006999999999993,1.0794
251637::491.swc,936,41,4,L4:mapped:38,236.2719999999985,2.3752
251637::491.swc,936,41,4,L4:mapped:47,12.470999999999997,1.1294
251637::491.swc,936,41,4,L4:mapped:154,3.103999999999999,0.6132
251637::491.swc,936,41,4,L4:mapped:166,44.29999999999998,1.6561
251637::491.swc,936,41,4,L4:mapped:167,7.478000000000003,0.9283
251637::491.swc,936,41,4,L4:mapped:1004,14.95899999999999,1.203
251637::491.swc,936,41,4,L4:mapped:1009,5.999999999999998,0.8451
251637::491.swc,936,41,4,L4:mapped:1052,11.006999999999993,1.0794
251637::491.swc,936,41,5,L5:mapped:40,236.2719999999985,2.3752
251637::491.swc,936,41,5,L5:mapped:48,2.008999999999999,0.4784
251637::491.swc,936,41,5,L5:mapped:159,3.103999999999999,0.6132
251637::491.swc,936,41,5,L5:mapped:166,44.29999999999998,1.6561
251637::491.swc,936,41,5,L5:mapped:168,7.478000000000003,0.9283
251637::491.swc,936,41,5,L5:mapped:1004,14.95899999999999,1.203
251637::491.swc,936,41,5,L5:mapped:1009,5.999999999999998,0.8451
251637::491.swc,936,41,5,L5:mapped:1056,11.006999999999993,1.0794
251637::491.swc,936,41,6,L6:mapped:41,144.3940000000019,2.1625
251637::491.swc,936,41,6,L6:mapped:42,85.5940000000003,1.9375
251637::491.swc,936,41,6,L6:mapped:43,6.283999999999996,0.8624
251637::491.swc,936,41,6,L6:mapped:48,2.008999999999999,0.4784
251637::491.swc,936,41,6,L6:mapped:159,3.103999999999999,0.6132
251637::491.swc,936,41,6,L6:mapped:166,44.29999999999998,1.6561
251637::491.swc,936,41,6,L6:mapped:170,7.478000000000003,0.9283
251637::491.swc,936,41,6,L6:mapped:1004,14.95899999999999,1.203
251637::491.swc,936,41,6,L6:mapped:1009,5.999999999999998,0.8451
251637::491.swc,936,41,6,L6:mapped:1056,11.006999999999993,1.0794
251637::492.swc,936,41,1,L1:mapped:1,346.2029999999933,2.5406
251637::492.swc,936,41,1,L1:mapped:1001,17.191999999999986,1.2599
251637::492.swc,936,41,2,L2:mapped:16,346.2029999999933,2.5406
251637::492.swc,936,41,2,L2:mapped:1050,17.191999999999986,1.2599
251637::492.swc,936,41,3,L3:mapped:25,22.630999999999986,1.3735
251637::492.swc,936,41,3,L3:mapped:37,323.57199999999386,2.5113
251637::492.swc,936,41,3,L3:mapped:1051,17.191999999999986,1.2599
251637::492.swc,936,41,4,L4:mapped:34,22.630999999999986,1.3735
251637::492.swc,936,41,4,L4:mapped:38,310.5619999999944,2.4935
251637::492.swc,936,41,4,L4:mapped:1059,17.191999999999986,1.2599
251637::492.swc,936,41,5,L5:mapped:34,22.630999999999986,1.3735
251637::492.swc,936,41,5,L5:mapped:39,75.69400000000044,1.8848
251637::492.swc,936,41,5,L5:mapped:40,234.8679999999988,2.3727
251637::492.swc,936,41,5,L5:mapped:1060,17.191999999999986,1.2599
251637::492.swc,936,41,6,L6:mapped:36,22.630999999999986,1.3735
251637::492.swc,936,41,6,L6:mapped:39,75.69400000000044,1.8848
251637::492.swc,936,41,6,L6:mapped:41,224.7789999999989,2.3537
251637::492.swc,936,41,6,L6:mapped:42,10.088999999999986,1.0449
251637::492.swc,936,41,6,L6:mapped:1060,17.191999999999986,1.2599
251637::493.swc,936,42,1,L1:mapped:1,347.705999999995,2.5425
251637::493.swc,936,42,1,L1:mapped:138,8.83399999999999,0.9927
251637::493.swc,936,42,1,L1:mapped:1001,316.396999999996,2.5016
251637::493.swc,936,42,2,L2:mapped:16,347.705999999995,2.5425
251637::493.swc,936,42,2,L2:mapped:165,8.83399999999999,0.9927
251637::493.swc,936,42,2,L2:mapped:1002,213.78399999999937,2.332
251637::493.swc,936,42,2,L2:mapped:1024,8.201999999999996,0.9639
251637::493.swc,936,42,2,L2:mapped:1050,94.41100000000061,1.9796
251637::493.swc,936,42,3,L3:mapped:25,39.15900000000004,1.6038
251637::493.swc,936,42,3,L3:mapped:37,308.546999999996,2.4907
251637::493.swc,936,42,3,L3:mapped:165,8.83399999999999,0.9927
251637::493.swc,936,42,3,L3:mapped:1003,151.47400000000084,2.1832
251637::493.swc,936,42,3,L3:mapped:1005,62.30999999999993,1.8015
251637::493.swc,936,42,3,L3:mapped:1025,8.201999999999996,0.9639
251637::493.swc,936,42,3,L3:mapped:1051,94.27400000000061,1.979
251637::493.swc,936,42,4,L4:mapped:26,38.169000000000025,1.5929
251637::493.swc,936,42,4,L4:mapped:34,0.9900000000000005,0.2989
251637::493.swc,936,42,4,L4:mapped:38,302.0429999999959,2.4815
251637::493.swc,936,42,4,L4:key_level_conflict:45,6.503999999999995,0.8753
251637::493.swc,936,42,4,L4:mapped:166,3.5529999999999995,0.6583
251637::493.swc,936,42,4,L4:mapped:1004,151.47400000000084,2.1832
251637::493.swc,936,42,4,L4:mapped:1006,40.232999999999954,1.6152
251637::493.swc,936,42,4,L4:mapped:1030,8.201999999999996,0.9639
251637::493.swc,936,42,4,L4:mapped:1052,48.54000000000007,1.695
251637::493.swc,936,42,4,L4:mapped:1059,45.73399999999993,1.6696
251637::493.swc,936,42,5,L5:mapped:30,38.169000000000025,1.5929
251637::493.swc,936,42,5,L5:mapped:34,0.9900000000000005,0.2989
251637::493.swc,936,42,5,L5:mapped:39,73.26600000000032,1.8708
251637::493.swc,936,42,5,L5:mapped:40,228.77699999999953,2.3613
251637::493.swc,936,42,5,L5:key_level_conflict:45,6.503999999999995,0.8753
251637::493.swc,936,42,5,L5:mapped:166,3.5529999999999995,0.6583
251637::493.swc,936,42,5,L5:mapped:1004,151.47400000000084,2.1832
251637::493.swc,936,42,5,L5:mapped:1007,27.063999999999968,1.4481
251637::493.swc,936,42,5,L5:mapped:1008,13.168999999999984,1.1513
251637::493.swc,936,42,5,L5:mapped:1035,8.201999999999996,0.9639
251637::493.swc,936,42,5,L5:mapped:1053,23.624999999999975,1.3914
251637::493.swc,936,42,5,L5:mapped:1056,24.914999999999967,1.4136
251637::493.swc,936,42,5,L5:mapped:1060,45.73399999999993,1.6696
251637::493.swc,936,42,6,L6:mapped:33,38.169000000000025,1.5929
251637::493.swc,936,42,6,L6:mapped:36,0.9900000000000005,0.2989
251637::493.swc,936,42,6,L6:mapped:39,73.26600000000032,1.8708
251637::493.swc,936,42,6,L6:mapped:41,110.32300000000183,2.0466
251637::493.swc,936,42,6,L6:mapped:42,118.45400000000184,2.0772
251637::493.swc,936,42,6,L6:mapped:45,6.503999999999995,0.8753
251637::493.swc,936,42,6,L6:mapped:166,3.5529999999999995,0.6583
251637::493.swc,936,42,6,L6:mapped:1004,151.47400000000084,2.1832
251637::493.swc,936,42,6,L6:mapped:1007,27.063999999999968,1.4481
251637::493.swc,936,42,6,L6:mapped:1008,13.168999999999984,1.1513
251637::493.swc,936,42,6,L6:mapped:1036,8.201999999999996,0.9639
251637::493.swc,936,42,6,L6:mapped:1054,23.624999999999975,1.3914
251637::493.swc,936,42,6,L6:mapped:1056,24.914999999999967,1.4136
251637::493.swc,936,42,6,L6:mapped:1060,45.73399999999993,1.6696
251637::494.swc,936,41,1,L1:mapped:1,87.79800000000094,1.9484
251637::494.swc,936,41,2,L2:mapped:16,87.79800000000094,1.9484
251637::494.swc,936,41,3,L3:mapped:25,1.8239999999999998,0.4509
251637::494.swc,936,41,3,L3:mapped:37,85.97400000000093,1.9394
251637::494.swc,936,41,4,L4:mapped:26,1.8239999999999998,0.4509
251637::494.swc,936,41,4,L4:mapped:38,85.97400000000093,1.9394
251637::494.swc,936,41,5,L5:mapped:30,1.8239999999999998,0.4509
251637::494.swc,936,41,5,L5:mapped:39,23.78599999999996,1.3942
251637::494.swc,936,41,5,L5:mapped:40,62.187999999999995,1.8006
251637::494.swc,936,41,6,L6:mapped:32,1.8239999999999998,0.4509
251637::494.swc,936,41,6,L6:mapped:39,23.78599999999996,1.3942
251637::494.swc,936,41,6,L6:mapped:41,45.22299999999998,1.6649
251637::494.swc,936,41,6,L6:mapped:42,16.964999999999986,1.2544
252383::018.swc,605,729,1,L1:mapped:590,49.06099999999998,1.6995
252383::018.swc,605,729,1,L1:mapped:638,355.15699999999936,2.5516
252383::018.swc,605,729,2,L2:mapped:591,33.208,1.5341
252383::018.swc,605,729,2,L2:mapped:612,15.852999999999987,1.2267
252383::018.swc,605,729,2,L2:mapped:693,8.935000000000004,0.9972
252383::018.swc,605,729,2,L2:mapped:724,296.10899999999947,2.4729
252383::018.swc,605,729,3,L3:mapped:595,33.208,1.5341
252383::018.swc,605,729,3,L3:mapped:620,15.852999999999987,1.2267
252383::018.swc,605,729,3,L3:mapped:699,8.935000000000004,0.9972
252383::018.swc,605,729,3,L3:mapped:724,296.10899999999947,2.4729
252383::018.swc,605,729,4,L4:mapped:595,33.208,1.5341
252383::018.swc,605,729,4,L4:mapped:620,15.852999999999987,1.2267
252383::018.swc,605,729,4,L4:mapped:699,8.935000000000004,0.9972
252383::018.swc,605,729,4,L4:mapped:725,288.2579999999994,2.4613
252383::018.swc,605,729,5,L5:mapped:595,33.208,1.5341
252383::018.swc,605,729,5,L5:mapped:624,15.852999999999987,1.2267
252383::018.swc,605,729,5,L5:mapped:700,8.935000000000004,0.9972
252383::018.swc,605,729,5,L5:mapped:727,288.2579999999994,2.4613
252383::018.swc,605,729,6,L6:mapped:595,33.208,1.5341
252383::018.swc,605,729,6,L6:mapped:624,15.852999999999987,1.2267
252383::018.swc,605,729,6,L6:mapped:700,8.935000000000004,0.9972
252383::018.swc,605,729,6,L6:mapped:729,288.2579999999994,2.4613
252383::019.swc,605,729,1,L1:mapped:590,1.0730000000000002,0.3166
252383::019.swc,605,729,1,L1:mapped:638,168.3960000000009,2.2289
252383::019.swc,605,729,2,L2:mapped:612,1.0730000000000002,0.3166
252383::019.swc,605,729,2,L2:mapped:724,168.3960000000009,2.2289
252383::019.swc,605,729,3,L3:mapped:620,1.0730000000000002,0.3166
252383::019.swc,605,729,3,L3:mapped:724,168.3960000000009,2.2289
252383::019.swc,605,729,4,L4:mapped:620,1.0730000000000002,0.3166
252383::019.swc,605,729,4,L4:mapped:725,168.3960000000009,2.2289
252383::019.swc,605,729,5,L5:mapped:624,1.0730000000000002,0.3166
252383::019.swc,605,729,5,L5:mapped:727,168.3960000000009,2.2289
252383::019.swc,605,729,6,L6:mapped:624,1.0730000000000002,0.3166
252383::019.swc,605,729,6,L6:mapped:729,168.3960000000009,2.2289
252383::091.swc,605,229,1,L1:mapped:90,155.84600000000106,2.1955
252383::091.swc,605,229,1,L1:mapped:138,129.59300000000152,2.1159
252383::091.swc,605,229,2,L2:mapped:91,155.84600000000106,2.1955
252383::091.swc,605,229,2,L2:mapped:224,129.59300000000152,2.1159
252383::091.swc,605,229,3,L3:mapped:95,155.84600000000106,2.1955
252383::091.swc,605,229,3,L3:mapped:224,129.59300000000152,2.1159
252383::091.swc,605,229,4,L4:mapped:95,155.84600000000106,2.1955
252383::091.swc,605,229,4,L4:mapped:225,129.59300000000152,2.1159
252383::091.swc,605,229,5,L5:mapped:95,155.84600000000106,2.1955
252383::091.swc,605,229,5,L5:mapped:227,129.59300000000152,2.1159
252383::091.swc,605,229,6,L6:mapped:95,155.84600000000106,2.1955
252383::091.swc,605,229,6,L6:mapped:229,129.59300000000152,2.1159
252383::122.swc,605,729,1,L1:mapped:590,49.98399999999989,1.7074
252383::122.swc,605,729,1,L1:mapped:638,18.166999999999987,1.2826
252383::122.swc,605,729,2,L2:mapped:591,48.6179999999999,1.6956
252383::122.swc,605,729,2,L2:mapped:724,18.166999999999987,1.2826
252383::122.swc,605,729,3,L3:mapped:592,48.6179999999999,1.6956
252383::122.swc,605,729,3,L3:mapped:724,18.166999999999987,1.2826
252383::122.swc,605,729,4,L4:mapped:592,48.6179999999999,1.6956
252383::122.swc,605,729,4,L4:mapped:725,18.166999999999987,1.2826
252383::122.swc,605,729,5,L5:mapped:594,48.6179999999999,1.6956
252383::122.swc,605,729,5,L5:mapped:727,18.166999999999987,1.2826
252383::122.swc,605,729,6,L6:mapped:594,48.6179999999999,1.6956
252383::122.swc,605,729,6,L6:mapped:729,18.166999999999987,1.2826
252383::125.swc,605,729,1,L1:mapped:501,176.6700000000004,2.2496
252383::125.swc,605,729,1,L1:mapped:590,42.46099999999998,1.6381
252383::125.swc,605,729,1,L1:mapped:638,125.85300000000186,2.1033
252383::125.swc,605,729,2,L2:mapped:577,176.6700000000004,2.2496
252383::125.swc,605,729,2,L2:mapped:591,42.46099999999998,1.6381
252383::125.swc,605,729,2,L2:mapped:724,125.85300000000186,2.1033
252383::125.swc,605,729,3,L3:mapped:578,176.6700000000004,2.2496
252383::125.swc,605,729,3,L3:mapped:595,42.46099999999998,1.6381
252383::125.swc,605,729,3,L3:mapped:724,125.85300000000186,2.1033
252383::125.swc,605,729,4,L4:mapped:580,176.6700000000004,2.2496
252383::125.swc,605,729,4,L4:mapped:595,42.46099999999998,1.6381
252383::125.swc,605,729,4,L4:mapped:725,125.85300000000186,2.1033
252383::125.swc,605,729,5,L5:mapped:581,157.62800000000053,2.2004
252383::125.swc,605,729,5,L5:mapped:595,42.46099999999998,1.6381
252383::125.swc,605,729,5,L5:mapped:727,125.85300000000186,2.1033
252383::125.swc,605,729,6,L6:mapped:582,157.62800000000053,2.2004
252383::125.swc,605,729,6,L6:mapped:595,42.46099999999998,1.6381
252383::125.swc,605,729,6,L6:mapped:729,125.85300000000186,2.1033
252383::130.swc,605,729,1,L1:mapped:590,32.89400000000001,1.5301
252383::130.swc,605,729,1,L1:mapped:638,157.5370000000003,2.2001
252383::130.swc,605,729,2,L2:mapped:612,32.89400000000001,1.5301
252383::130.swc,605,729,2,L2:mapped:693,26.868999999999982,1.4451
252383::130.swc,605,729,2,L2:mapped:704,74.10500000000016,1.8757
252383::130.swc,605,729,2,L2:mapped:724,56.563000000000045,1.7601
252383::130.swc,605,729,3,L3:mapped:620,32.89400000000001,1.5301
252383::130.swc,605,729,3,L3:mapped:699,26.868999999999982,1.4451
252383::130.swc,605,729,3,L3:mapped:705,74.10500000000016,1.8757
252383::130.swc,605,729,3,L3:mapped:724,56.563000000000045,1.7601
252383::130.swc,605,729,4,L4:mapped:620,32.89400000000001,1.5301
252383::130.swc,605,729,4,L4:mapped:699,26.868999999999982,1.4451
252383::130.swc,605,729,4,L4:mapped:713,74.10500000000016,1.8757
252383::130.swc,605,729,4,L4:mapped:725,55.21100000000004,1.7498
252383::130.swc,605,729,4,L4:mapped:730,1.3520000000000003,0.3714
252383::130.swc,605,729,5,L5:mapped:624,32.89400000000001,1.5301
252383::130.swc,605,729,5,L5:mapped:700,26.868999999999982,1.4451
252383::130.swc,605,729,5,L5:mapped:714,62.15799999999992,1.8004
252383::130.swc,605,729,5,L5:mapped:727,55.21100000000004,1.7498
252383::130.swc,605,729,5,L5:mapped:730,1.3520000000000003,0.3714
252383::130.swc,605,729,6,L6:mapped:624,32.89400000000001,1.5301
252383::130.swc,605,729,6,L6:mapped:700,26.868999999999982,1.4451
252383::130.swc,605,729,6,L6:mapped:714,62.15799999999992,1.8004
252383::130.swc,605,729,6,L6:mapped:729,55.21100000000004,1.7498
252383::130.swc,605,729,6,L6:mapped:730,1.3520000000000003,0.3714
252384::047.swc,948,0,1,L1:mapped:1,338.204999999996,2.5305
252384::047.swc,948,0,1,L1:mapped:138,396.85599999999295,2.5997
252384::047.swc,948,0,1,L1:mapped:1001,411.6449999999905,2.6156
252384::047.swc,948,0,2,L2:mapped:16,338.204999999996,2.5305
252384::047.swc,948,0,2,L2:mapped:139,241.05699999999845,2.3839
252384::047.swc,948,0,2,L2:mapped:165,149.76800000000108,2.1783
252384::047.swc,948,0,2,L2:mapped:1002,36.563999999999986,1.5748
252384::047.swc,948,0,2,L2:mapped:1010,215.09999999999962,2.3347
252384::047.swc,948,0,2,L2:mapped:1024,156.353000000002,2.1969
252384::047.swc,948,0,2,L2:mapped:1050,3.627999999999998,0.6654
252384::047.swc,948,0,3,L3:mapped:25,285.6469999999965,2.4573
252384::047.swc,948,0,3,L3:mapped:37,52.5580000000001,1.7288
252384::047.swc,948,0,3,L3:mapped:153,241.05699999999845,2.3839
252384::047.swc,948,0,3,L3:mapped:165,149.76800000000108,2.1783
252384::047.swc,948,0,3,L3:mapped:1003,36.563999999999986,1.5748
252384::047.swc,948,0,3,L3:mapped:1011,215.09999999999962,2.3347
252384::047.swc,948,0,3,L3:mapped:1025,156.353000000002,2.1969
252384::047.swc,948,0,3,L3:mapped:1051,3.627999999999998,0.6654
252384::047.swc,948,0,4,L4:mapped:26,285.6469999999965,2.4573
252384::047.swc,948,0,4,L4:mapped:38,52.5580000000001,1.7288
252384::047.swc,948,0,4,L4:mapped:154,120.17900000000165,2.0834
252384::047.swc,948,0,4,L4:mapped:160,120.87800000000216,2.0859
252384::047.swc,948,0,4,L4:mapped:166,24.420999999999964,1.4052
252384::047.swc,948,0,4,L4:mapped:167,125.34700000000204,2.1016
252384::047.swc,948,0,4,L4:mapped:1004,36.563999999999986,1.5748
252384::047.swc,948,0,4,L4:mapped:1012,215.09999999999962,2.3347
252384::047.swc,948,0,4,L4:mapped:1026,13.67100000000001,1.1665
252384::047.swc,948,0,4,L4:mapped:1030,142.68200000000212,2.1574
252384::047.swc,948,0,4,L4:mapped:1052,3.627999999999998,0.6654
252384::047.swc,948,0,5,L5:mapped:27,221.03699999999924,2.3464
252384::047.swc,948,0,5,L5:mapped:30,64.60999999999979,1.817
252384::047.swc,948,0,5,L5:mapped:40,48.539000000000065,1.6949
252384::047.swc,948,0,5,L5:mapped:158,43.70799999999994,1.6504
252384::047.swc,948,0,5,L5:mapped:159,76.47100000000047,1.8891
252384::047.swc,948,0,5,L5:mapped:161,66.36200000000017,1.8284
252384::047.swc,948,0,5,L5:mapped:162,54.51599999999979,1.7444
252384::047.swc,948,0,5,L5:mapped:166,24.420999999999964,1.4052
252384::047.swc,948,0,5,L5:mapped:168,123.73100000000193,2.096
252384::047.swc,948,0,5,L5:mapped:171,1.616,0.4176
252384::047.swc,948,0,5,L5:mapped:1004,36.563999999999986,1.5748
252384::047.swc,948,0,5,L5:mapped:1013,65.83100000000016,1.825
252384::047.swc,948,0,5,L5:mapped:1016,149.26900000000177,2.1769
252384::047.swc,948,0,5,L5:mapped:1027,13.67100000000001,1.1665
252384::047.swc,948,0,5,L5:mapped:1034,45.115999999999936,1.6639
252384::047.swc,948,0,5,L5:mapped:1035,53.286999999999885,1.7347
252384::047.swc,948,0,5,L5:mapped:1039,44.278999999999904,1.6559
252384::047.swc,948,0,5,L5:mapped:1056,3.627999999999998,0.6654
252384::047.swc,948,0,6,L6:mapped:28,107.31500000000094,2.0347
252384::047.swc,948,0,6,L6:mapped:29,113.72200000000097,2.0596
252384::047.swc,948,0,6,L6:mapped:32,64.60999999999979,1.817
252384::047.swc,948,0,6,L6:mapped:42,46.77700000000006,1.6792
252384::047.swc,948,0,6,L6:mapped:158,43.70799999999994,1.6504
252384::047.swc,948,0,6,L6:mapped:159,76.47100000000047,1.8891
252384::047.swc,948,0,6,L6:mapped:161,66.36200000000017,1.8284
252384::047.swc,948,0,6,L6:mapped:163,48.03199999999984,1.6905
252384::047.swc,948,0,6,L6:mapped:164,6.483999999999994,0.8741
252384::047.swc,948,0,6,L6:mapped:166,24.420999999999964,1.4052
252384::047.swc,948,0,6,L6:mapped:169,45.53900000000007,1.6678
252384::047.swc,948,0,6,L6:mapped:170,78.19200000000025,1.8987
252384::047.swc,948,0,6,L6:mapped:173,1.616,0.4176
252384::047.swc,948,0,6,L6:mapped:1004,36.563999999999986,1.5748
252384::047.swc,948,0,6,L6:mapped:1014,30.7919999999999,1.5023
252384::047.swc,948,0,6,L6:mapped:1015,35.03899999999998,1.5568
252384::047.swc,948,0,6,L6:mapped:1016,149.26900000000177,2.1769
252384::047.swc,948,0,6,L6:mapped:1027,13.67100000000001,1.1665
252384::047.swc,948,0,6,L6:mapped:1034,45.115999999999936,1.6639
252384::047.swc,948,0,6,L6:mapped:1038,53.286999999999885,1.7347
252384::047.swc,948,0,6,L6:mapped:1039,44.278999999999904,1.6559
252384::047.swc,948,0,6,L6:mapped:1056,3.627999999999998,0.6654
252384::048.swc,948,42,1,L1:mapped:1,124.3360000000014,2.0981
252384::048.swc,948,42,1,L1:mapped:138,74.25699999999995,1.8765
252384::048.swc,948,42,1,L1:mapped:1001,148.16800000000202,2.1737
252384::048.swc,948,42,2,L2:mapped:16,124.3360000000014,2.0981
252384::048.swc,948,42,2,L2:mapped:139,20.984000000000012,1.3421
252384::048.swc,948,42,2,L2:mapped:165,53.27299999999987,1.7346
252384::048.swc,948,42,2,L2:mapped:1002,127.58000000000213,2.1092
252384::048.swc,948,42,2,L2:mapped:1024,19.62199999999999,1.3143
252384::048.swc,948,42,3,L3:mapped:37,124.3360000000014,2.0981
252384::048.swc,948,42,3,L3:mapped:153,20.984000000000012,1.3421
252384::048.swc,948,42,3,L3:mapped:165,53.27299999999987,1.7346
252384::048.swc,948,42,3,L3:mapped:1003,105.7120000000011,2.0282
252384::048.swc,948,42,3,L3:mapped:1005,21.86799999999999,1.3592
252384::048.swc,948,42,3,L3:mapped:1025,19.62199999999999,1.3143
252384::048.swc,948,42,4,L4:mapped:38,124.3360000000014,2.0981
252384::048.swc,948,42,4,L4:mapped:154,19.606000000000005,1.314
252384::048.swc,948,42,4,L4:mapped:160,1.3780000000000003,0.3762
252384::048.swc,948,42,4,L4:mapped:166,31.147999999999907,1.5072
252384::048.swc,948,42,4,L4:mapped:167,22.124999999999932,1.3641
252384::048.swc,948,42,4,L4:mapped:1004,105.7120000000011,2.0282
252384::048.swc,948,42,4,L4:mapped:1006,21.86799999999999,1.3592
252384::048.swc,948,42,4,L4:mapped:1030,19.62199999999999,1.3143
252384::048.swc,948,42,5,L5:mapped:40,124.3360000000014,2.0981
252384::048.swc,948,42,5,L5:mapped:159,19.606000000000005,1.314
252384::048.swc,948,42,5,L5:mapped:161,1.3780000000000003,0.3762
252384::048.swc,948,42,5,L5:mapped:166,31.147999999999907,1.5072
252384::048.swc,948,42,5,L5:mapped:168,22.124999999999932,1.3641
252384::048.swc,948,42,5,L5:mapped:1004,105.7120000000011,2.0282
252384::048.swc,948,42,5,L5:mapped:1007,21.86799999999999,1.3592
252384::048.swc,948,42,5,L5:mapped:1031,18.587999999999987,1.292
252384::048.swc,948,42,5,L5:mapped:1035,1.0340000000000003,0.3084
252384::048.swc,948,42,6,L6:mapped:41,37.11399999999992,1.5811
252384::048.swc,948,42,6,L6:mapped:42,87.22200000000034,1.9456
252384::048.swc,948,42,6,L6:mapped:159,19.606000000000005,1.314
252384::048.swc,948,42,6,L6:mapped:161,1.3780000000000003,0.3762
252384::048.swc,948,42,6,L6:mapped:166,31.147999999999907,1.5072
252384::048.swc,948,42,6,L6:mapped:169,22.124999999999932,1.3641
252384::048.swc,948,42,6,L6:mapped:1004,105.7120000000011,2.0282
252384::048.swc,948,42,6,L6:mapped:1007,21.86799999999999,1.3592
252384::048.swc,948,42,6,L6:mapped:1033,14.269,1.1838
252384::048.swc,948,42,6,L6:mapped:1036,1.0340000000000003,0.3084
252384::049.swc,948,42,1,L1:mapped:1,475.30399999998843,2.6779
252384::049.swc,948,42,1,L1:mapped:138,92.62600000000093,1.9714
252384::049.swc,948,42,1,L1:mapped:1001,90.4400000000007,1.9611
252384::049.swc,948,42,2,L2:mapped:16,475.30399999998843,2.6779
252384::049.swc,948,42,2,L2:mapped:165,92.62600000000093,1.9714
252384::049.swc,948,42,2,L2:mapped:1002,50.32199999999992,1.7103
252384::049.swc,948,42,2,L2:mapped:1024,39.96700000000009,1.6124
252384::049.swc,948,42,2,L2:mapped:1050,0.151,0.0611
252384::049.swc,948,42,3,L3:mapped:37,475.30399999998843,2.6779
252384::049.swc,948,42,3,L3:mapped:165,92.62600000000093,1.9714
252384::049.swc,948,42,3,L3:mapped:1003,35.30499999999994,1.56
252384::049.swc,948,42,3,L3:mapped:1005,15.016999999999994,1.2046
252384::049.swc,948,42,3,L3:mapped:1025,39.96700000000009,1.6124
252384::049.swc,948,42,3,L3:mapped:1051,0.151,0.0611
252384::049.swc,948,42,4,L4:mapped:38,475.30399999998843,2.6779
252384::049.swc,948,42,4,L4:mapped:166,87.25200000000078,1.9457
252384::049.swc,948,42,4,L4:mapped:167,5.373999999999998,0.8044
252384::049.swc,948,42,4,L4:mapped:1004,35.30499999999994,1.56
252384::049.swc,948,42,4,L4:mapped:1006,14.451999999999996,1.189
252384::049.swc,948,42,4,L4:mapped:1030,39.96700000000009,1.6124
252384::049.swc,948,42,4,L4:mapped:1052,0.151,0.0611
252384::049.swc,948,42,5,L5:mapped:39,31.02799999999994,1.5055
252384::049.swc,948,42,5,L5:mapped:40,444.275999999991,2.6486
252384::049.swc,948,42,5,L5:mapped:166,87.25200000000078,1.9457
252384::049.swc,948,42,5,L5:mapped:168,5.373999999999998,0.8044
252384::049.swc,948,42,5,L5:mapped:1004,35.30499999999994,1.56
252384::049.swc,948,42,5,L5:mapped:1007,12.011000000000001,1.1143
252384::049.swc,948,42,5,L5:mapped:1034,0.7960000000000004,0.2543
252384::049.swc,948,42,5,L5:mapped:1035,39.17100000000009,1.6039
252384::049.swc,948,42,5,L5:mapped:1056,0.151,0.0611
252384::049.swc,948,42,6,L6:mapped:39,31.02799999999994,1.5055
252384::049.swc,948,42,6,L6:mapped:41,113.50600000000152,2.0588
252384::049.swc,948,42,6,L6:mapped:42,330.7699999999965,2.5208
252384::049.swc,948,42,6,L6:mapped:166,87.25200000000078,1.9457
252384::049.swc,948,42,6,L6:mapped:169,5.373999999999998,0.8044
252384::049.swc,948,42,6,L6:mapped:1004,35.30499999999994,1.56
252384::049.swc,948,42,6,L6:mapped:1007,12.011000000000001,1.1143
252384::049.swc,948,42,6,L6:mapped:1034,0.7960000000000004,0.2543
252384::049.swc,948,42,6,L6:mapped:1036,39.17100000000009,1.6039
252384::049.swc,948,42,6,L6:mapped:1056,0.151,0.0611
252384::050.swc,948,0,1,L1:mapped:1,38.99999999999996,1.6021
252384::050.swc,948,0,1,L1:mapped:138,81.07800000000026,1.9142
252384::050.swc,948,0,1,L1:mapped:1001,45.865999999999936,1.6709
252384::050.swc,948,0,2,L2:mapped:16,38.99999999999996,1.6021
252384::050.swc,948,0,2,L2:mapped:139,77.80400000000027,1.8965
252384::050.swc,948,0,2,L2:mapped:1002,45.66099999999993,1.669
252384::050.swc,948,0,3,L3:mapped:37,38.91299999999996,1.6011
252384::050.swc,948,0,3,L3:mapped:153,77.80400000000027,1.8965
252384::050.swc,948,0,3,L3:mapped:1003,45.66099999999993,1.669
252384::050.swc,948,0,4,L4:mapped:38,38.91299999999996,1.6011
252384::050.swc,948,0,4,L4:mapped:154,44.13599999999993,1.6545
252384::050.swc,948,0,4,L4:mapped:1004,45.66099999999993,1.669
252384::050.swc,948,0,5,L5:mapped:40,38.91299999999996,1.6011
252384::050.swc,948,0,5,L5:mapped:158,40.59299999999996,1.619
252384::050.swc,948,0,5,L5:mapped:1004,45.66099999999993,1.669
252384::050.swc,948,0,6,L6:mapped:41,34.82999999999998,1.5542
252384::050.swc,948,0,6,L6:mapped:158,40.59299999999996,1.619
252384::050.swc,948,0,6,L6:mapped:1004,45.66099999999993,1.669
252384::051.swc,948,0,1,L1:mapped:1,232.62499999999824,2.3685
252384::051.swc,948,0,1,L1:mapped:138,99.7830000000008,2.0034
252384::051.swc,948,0,1,L1:mapped:1001,30.004999999999967,1.4914
252384::051.swc,948,0,2,L2:mapped:2,71.67700000000009,1.8614
252384::051.swc,948,0,2,L2:mapped:16,160.948,2.2094
252384::051.swc,948,0,2,L2:mapped:139,99.7830000000008,2.0034
252384::051.swc,948,0,2,L2:mapped:1002,30.004999999999967,1.4914
252384::051.swc,948,0,3,L3:mapped:3,71.67700000000009,1.8614
252384::051.swc,948,0,3,L3:mapped:17,108.16600000000159,2.0381
252384::051.swc,948,0,3,L3:mapped:37,32.31999999999994,1.5227
252384::051.swc,948,0,3,L3:mapped:153,99.7830000000008,2.0034
252384::051.swc,948,0,3,L3:mapped:1003,30.004999999999967,1.4914
252384::051.swc,948,0,4,L4:mapped:5,71.67700000000009,1.8614
252384::051.swc,948,0,4,L4:mapped:18,1.0730000000000004,0.3166
252384::051.swc,948,0,4,L4:mapped:22,107.09300000000155,2.0338
252384::051.swc,948,0,4,L4:key_level_conflict:45,26.925999999999963,1.446
252384::051.swc,948,0,4,L4:mapped:154,46.26299999999983,1.6745
252384::051.swc,948,0,4,L4:mapped:160,53.52000000000009,1.7366
252384::051.swc,948,0,4,L4:mapped:1004,30.004999999999967,1.4914
252384::051.swc,948,0,5,L5:mapped:5,71.67700000000009,1.8614
252384::051.swc,948,0,5,L5:mapped:18,1.0730000000000004,0.3166
252384::051.swc,948,0,5,L5:mapped:22,107.09300000000155,2.0338
252384::051.swc,948,0,5,L5:key_level_conflict:45,26.925999999999963,1.446
252384::051.swc,948,0,5,L5:mapped:155,6.673999999999998,0.885
252384::051.swc,948,0,5,L5:mapped:161,50.28300000000007,1.71
252384::051.swc,948,0,5,L5:mapped:162,3.237,0.6271
252384::051.swc,948,0,5,L5:mapped:1004,30.004999999999967,1.4914
252384::051.swc,948,0,6,L6:mapped:5,71.67700000000009,1.8614
252384::051.swc,948,0,6,L6:mapped:20,1.0730000000000004,0.3166
252384::051.swc,948,0,6,L6:mapped:24,107.09300000000155,2.0338
252384::051.swc,948,0,6,L6:mapped:45,26.925999999999963,1.446
252384::051.swc,948,0,6,L6:mapped:156,6.673999999999998,0.885
252384::051.swc,948,0,6,L6:mapped:161,50.28300000000007,1.71
252384::051.swc,948,0,6,L6:mapped:164,3.237,0.6271
252384::051.swc,948,0,6,L6:mapped:1004,30.004999999999967,1.4914
252384::052.swc,948,0,1,L1:mapped:1,17.246999999999993,1.2612
252384::052.swc,948,0,1,L1:mapped:138,26.35899999999999,1.4371
252384::052.swc,948,0,1,L1:mapped:1001,12.306999999999995,1.1241
252384::052.swc,948,0,2,L2:mapped:16,17.246999999999993,1.2612
252384::052.swc,948,0,2,L2:mapped:165,26.35899999999999,1.4371
252384::052.swc,948,0,2,L2:mapped:1002,12.306999999999995,1.1241
252384::052.swc,948,0,3,L3:mapped:37,17.246999999999993,1.2612
252384::052.swc,948,0,3,L3:mapped:165,26.35899999999999,1.4371
252384::052.swc,948,0,3,L3:mapped:1005,3.3209999999999997,0.6356
252384::052.swc,948,0,4,L4:mapped:38,17.246999999999993,1.2612
252384::052.swc,948,0,4,L4:mapped:167,14.063999999999998,1.1779
252384::052.swc,948,0,4,L4:mapped:1006,3.3209999999999997,0.6356
252384::052.swc,948,0,5,L5:mapped:40,17.246999999999993,1.2612
252384::052.swc,948,0,5,L5:mapped:168,14.063999999999998,1.1779
252384::052.swc,948,0,5,L5:mapped:1008,3.3209999999999997,0.6356
252384::052.swc,948,0,6,L6:mapped:42,17.246999999999993,1.2612
252384::052.swc,948,0,6,L6:mapped:169,14.063999999999998,1.1779
252384::052.swc,948,0,6,L6:mapped:1008,3.3209999999999997,0.6356
252384::053.swc,948,42,1,L1:mapped:1,40.299000000000056,1.6159
252384::053.swc,948,42,1,L1:mapped:138,160.2390000000014,2.2075
252384::053.swc,948,42,1,L1:mapped:1001,100.73800000000142,2.0075
252384::053.swc,948,42,2,L2:mapped:16,40.299000000000056,1.6159
252384::053.swc,948,42,2,L2:mapped:139,103.72700000000128,2.0201
252384::053.swc,948,42,2,L2:mapped:1010,100.73800000000142,2.0075
252384::053.swc,948,42,3,L3:mapped:37,40.299000000000056,1.6159
252384::053.swc,948,42,3,L3:mapped:153,103.72700000000128,2.0201
252384::053.swc,948,42,3,L3:mapped:1011,100.73800000000142,2.0075
252384::053.swc,948,42,4,L4:mapped:38,40.299000000000056,1.6159
252384::053.swc,948,42,4,L4:mapped:154,72.95400000000038,1.869
252384::053.swc,948,42,4,L4:mapped:160,30.773000000000014,1.5021
252384::053.swc,948,42,4,L4:mapped:1012,100.73800000000142,2.0075
252384::053.swc,948,42,5,L5:mapped:40,40.299000000000056,1.6159
252384::053.swc,948,42,5,L5:mapped:159,68.8100000000002,1.8439
252384::053.swc,948,42,5,L5:mapped:162,8.558999999999992,0.9804
252384::053.swc,948,42,5,L5:mapped:1013,63.06999999999998,1.8067
252384::053.swc,948,42,5,L5:mapped:1016,37.667999999999935,1.5874
252384::053.swc,948,42,6,L6:mapped:42,40.299000000000056,1.6159
252384::053.swc,948,42,6,L6:mapped:159,68.8100000000002,1.8439
252384::053.swc,948,42,6,L6:mapped:164,8.558999999999992,0.9804
252384::053.swc,948,42,6,L6:mapped:1014,47.22800000000009,1.6833
252384::053.swc,948,42,6,L6:mapped:1015,15.841999999999967,1.2264
252384::053.swc,948,42,6,L6:mapped:1016,37.667999999999935,1.5874
252384::055.swc,948,1004,1,L1:mapped:1,5.622999999999995,0.8211
252384::055.swc,948,1004,1,L1:mapped:1001,1064.9429999999743,3.0277
252384::055.swc,948,1004,2,L2:mapped:16,5.622999999999995,0.8211
252384::055.swc,948,1004,2,L2:mapped:1002,1057.969999999978,3.0249
252384::055.swc,948,1004,2,L2:mapped:1050,6.972999999999987,0.9016
252384::055.swc,948,1004,3,L3:mapped:37,5.622999999999995,0.8211
252384::055.swc,948,1004,3,L3:mapped:1003,1057.969999999978,3.0249
252384::055.swc,948,1004,3,L3:mapped:1051,6.972999999999987,0.9016
252384::055.swc,948,1004,4,L4:mapped:38,5.622999999999995,0.8211
252384::055.swc,948,1004,4,L4:mapped:1004,1057.969999999978,3.0249
252384::055.swc,948,1004,4,L4:mapped:1052,6.972999999999987,0.9016
252384::055.swc,948,1004,5,L5:mapped:40,5.622999999999995,0.8211
252384::055.swc,948,1004,5,L5:mapped:1004,1057.969999999978,3.0249
252384::055.swc,948,1004,5,L5:mapped:1056,6.972999999999987,0.9016
252384::055.swc,948,1004,6,L6:mapped:41,2.9069999999999983,0.5918
252384::055.swc,948,1004,6,L6:mapped:42,2.715999999999998,0.5701
252384::055.swc,948,1004,6,L6:mapped:1004,1057.969999999978,3.0249
252384::055.swc,948,1004,6,L6:mapped:1056,6.972999999999987,0.9016
252384::071.swc,948,1504,1,L1:mapped:590,47.24699999999986,1.6835
252384::071.swc,948,1504,1,L1:mapped:638,142.27500000000154,2.1562
252384::071.swc,948,1504,1,L1:mapped:1501,406.0629999999917,2.6097
252384::071.swc,948,1504,2,L2:mapped:612,18.46799999999999,1.2893
252384::071.swc,948,1504,2,L2:mapped:625,28.77899999999998,1.4739
252384::071.swc,948,1504,2,L2:mapped:724,132.2830000000017,2.1248
252384::071.swc,948,1504,2,L2:mapped:1502,245.04199999999935,2.391
252384::071.swc,948,1504,2,L2:mapped:1550,161.02100000000138,2.2096
252384::071.swc,948,1504,3,L3:mapped:613,18.46799999999999,1.2893
252384::071.swc,948,1504,3,L3:mapped:626,28.77899999999998,1.4739
252384::071.swc,948,1504,3,L3:mapped:724,132.2830000000017,2.1248
252384::071.swc,948,1504,3,L3:mapped:1503,245.04199999999935,2.391
252384::071.swc,948,1504,3,L3:mapped:1551,161.02100000000138,2.2096
252384::071.swc,948,1504,4,L4:mapped:613,18.46799999999999,1.2893
252384::071.swc,948,1504,4,L4:mapped:626,28.77899999999998,1.4739
252384::071.swc,948,1504,4,L4:mapped:725,132.2830000000017,2.1248
252384::071.swc,948,1504,4,L4:mapped:1504,245.04199999999935,2.391
252384::071.swc,948,1504,4,L4:mapped:1552,161.02100000000138,2.2096
252384::071.swc,948,1504,5,L5:mapped:615,18.46799999999999,1.2893
252384::071.swc,948,1504,5,L5:mapped:626,28.77899999999998,1.4739
252384::071.swc,948,1504,5,L5:mapped:727,132.2830000000017,2.1248
252384::071.swc,948,1504,5,L5:mapped:1504,245.04199999999935,2.391
252384::071.swc,948,1504,5,L5:mapped:1553,0.17300000000000001,0.0693
252384::071.swc,948,1504,5,L5:mapped:1556,160.66700000000137,2.2086
252384::071.swc,948,1504,6,L6:mapped:616,10.575999999999999,1.0636
252384::071.swc,948,1504,6,L6:mapped:617,7.892,0.949
252384::071.swc,948,1504,6,L6:mapped:626,28.77899999999998,1.4739
252384::071.swc,948,1504,6,L6:mapped:728,50.717999999999904,1.7136
252384::071.swc,948,1504,6,L6:mapped:729,81.56500000000051,1.9168
252384::071.swc,948,1504,6,L6:mapped:1504,245.04199999999935,2.391
252384::071.swc,948,1504,6,L6:mapped:1554,0.17300000000000001,0.0693
252384::071.swc,948,1504,6,L6:mapped:1556,160.66700000000137,2.2086
252384::072.swc,948,1504,1,L1:mapped:1501,301.4379999999959,2.4806
252384::072.swc,948,1504,2,L2:mapped:1502,301.4379999999959,2.4806
252384::072.swc,948,1504,3,L3:mapped:1503,301.4379999999959,2.4806
252384::072.swc,948,1504,4,L4:mapped:1504,301.4379999999959,2.4806
252384::072.swc,948,1504,5,L5:mapped:1504,301.4379999999959,2.4806
252384::072.swc,948,1504,6,L6:mapped:1504,301.4379999999959,2.4806
252384::073.swc,948,1504,1,L1:mapped:1501,124.5020000000018,2.0987
252384::073.swc,948,1504,2,L2:mapped:1502,74.50500000000011,1.878
252384::073.swc,948,1504,2,L2:mapped:1550,49.99699999999983,1.7075
252384::073.swc,948,1504,3,L3:mapped:1503,74.50500000000011,1.878
252384::073.swc,948,1504,3,L3:mapped:1551,49.99699999999983,1.7075
252384::073.swc,948,1504,4,L4:mapped:1504,74.50500000000011,1.878
252384::073.swc,948,1504,4,L4:mapped:1552,49.99699999999983,1.7075
252384::073.swc,948,1504,5,L5:mapped:1504,74.50500000000011,1.878
252384::073.swc,948,1504,5,L5:mapped:1556,49.99699999999983,1.7075
252384::073.swc,948,1504,6,L6:mapped:1504,74.50500000000011,1.878
252384::073.swc,948,1504,6,L6:mapped:1556,49.99699999999983,1.7075
252384::074.swc,948,1504,1,L1:mapped:590,586.7739999999939,2.7692
252384::074.swc,948,1504,1,L1:mapped:638,302.1029999999955,2.4816
252384::074.swc,948,1504,1,L1:mapped:731,262.0289999999974,2.42
252384::074.swc,948,1504,1,L1:mapped:1501,740.8009999999872,2.8703
252384::074.swc,948,1504,2,L2:mapped:596,181.89100000000073,2.2622
252384::074.swc,948,1504,2,L2:mapped:612,159.33500000000137,2.205
252384::074.swc,948,1504,2,L2:mapped:625,245.54799999999818,2.3919
252384::074.swc,948,1504,2,L2:mapped:639,77.90700000000041,1.8971
252384::074.swc,948,1504,2,L2:mapped:675,224.19599999999903,2.3526
252384::074.swc,948,1504,2,L2:mapped:733,262.0289999999974,2.42
252384::074.swc,948,1504,2,L2:mapped:1502,709.247999999987,2.8514
252384::074.swc,948,1504,2,L2:mapped:1550,20.695000000000007,1.3364
252384::074.swc,948,1504,3,L3:mapped:597,23.291999999999945,1.3855
252384::074.swc,948,1504,3,L3:mapped:607,158.59900000000115,2.203
252384::074.swc,948,1504,3,L3:mapped:613,156.27600000000152,2.1967
252384::074.swc,948,1504,3,L3:mapped:620,3.0589999999999997,0.6084
252384::074.swc,948,1504,3,L3:mapped:626,242.8759999999983,2.3872
252384::074.swc,948,1504,3,L3:mapped:627,2.6719999999999993,0.5649
252384::074.swc,948,1504,3,L3:mapped:648,77.90700000000041,1.8971
252384::074.swc,948,1504,3,L3:mapped:677,224.19599999999903,2.3526
252384::074.swc,948,1504,3,L3:mapped:734,241.6949999999979,2.3851
252384::074.swc,948,1504,3,L3:mapped:737,20.333999999999996,1.3291
252384::074.swc,948,1504,3,L3:mapped:1503,709.247999999987,2.8514
252384::074.swc,948,1504,3,L3:mapped:1551,20.695000000000007,1.3364
252384::074.swc,948,1504,4,L4:mapped:599,23.291999999999945,1.3855
252384::074.swc,948,1504,4,L4:mapped:607,158.59900000000115,2.203
252384::074.swc,948,1504,4,L4:mapped:613,156.27600000000152,2.1967
252384::074.swc,948,1504,4,L4:mapped:620,3.0589999999999997,0.6084
252384::074.swc,948,1504,4,L4:mapped:626,242.8759999999983,2.3872
252384::074.swc,948,1504,4,L4:mapped:628,2.6719999999999993,0.5649
252384::074.swc,948,1504,4,L4:mapped:648,77.90700000000041,1.8971
252384::074.swc,948,1504,4,L4:mapped:678,224.19599999999903,2.3526
252384::074.swc,948,1504,4,L4:mapped:734,241.6949999999979,2.3851
252384::074.swc,948,1504,4,L4:mapped:743,16.04699999999999,1.2316
252384::074.swc,948,1504,4,L4:mapped:1504,709.247999999987,2.8514
252384::074.swc,948,1504,4,L4:mapped:1552,20.695000000000007,1.3364
252384::074.swc,948,1504,5,L5:mapped:599,23.291999999999945,1.3855
252384::074.swc,948,1504,5,L5:mapped:609,158.59900000000115,2.203
252384::074.swc,948,1504,5,L5:mapped:615,132.38500000000198,2.1251
252384::074.swc,948,1504,5,L5:mapped:618,23.89099999999996,1.396
252384::074.swc,948,1504,5,L5:mapped:621,3.0589999999999997,0.6084
252384::074.swc,948,1504,5,L5:mapped:626,242.8759999999983,2.3872
252384::074.swc,948,1504,5,L5:mapped:629,2.6719999999999993,0.5649
252384::074.swc,948,1504,5,L5:mapped:649,77.90700000000041,1.8971
252384::074.swc,948,1504,5,L5:mapped:679,224.19599999999903,2.3526
252384::074.swc,948,1504,5,L5:mapped:735,4.236,0.719
252384::074.swc,948,1504,5,L5:mapped:736,237.458999999998,2.3774
252384::074.swc,948,1504,5,L5:mapped:743,16.04699999999999,1.2316
252384::074.swc,948,1504,5,L5:mapped:1504,709.247999999987,2.8514
252384::074.swc,948,1504,5,L5:mapped:1556,20.695000000000007,1.3364
252384::074.swc,948,1504,6,L6:mapped:600,3.2619999999999987,0.6296
252384::074.swc,948,1504,6,L6:mapped:601,20.029999999999962,1.3228
252384::074.swc,948,1504,6,L6:mapped:610,106.52500000000116,2.0315
252384::074.swc,948,1504,6,L6:mapped:611,52.07399999999993,1.7249
252384::074.swc,948,1504,6,L6:mapped:616,26.47399999999994,1.4389
252384::074.swc,948,1504,6,L6:mapped:617,105.91100000000108,2.029
252384::074.swc,948,1504,6,L6:mapped:618,23.89099999999996,1.396
252384::074.swc,948,1504,6,L6:mapped:622,3.0589999999999997,0.6084
252384::074.swc,948,1504,6,L6:mapped:626,242.8759999999983,2.3872
252384::074.swc,948,1504,6,L6:mapped:629,2.6719999999999993,0.5649
252384::074.swc,948,1504,6,L6:mapped:650,77.90700000000041,1.8971
252384::074.swc,948,1504,6,L6:mapped:680,224.19599999999903,2.3526
252384::074.swc,948,1504,6,L6:mapped:735,4.236,0.719
252384::074.swc,948,1504,6,L6:mapped:736,237.458999999998,2.3774
252384::074.swc,948,1504,6,L6:mapped:745,16.04699999999999,1.2316
252384::074.swc,948,1504,6,L6:mapped:1504,709.247999999987,2.8514
252384::074.swc,948,1504,6,L6:mapped:1556,20.695000000000007,1.3364
252384::076.swc,948,0,1,L1:mapped:501,2008.7489999998925,3.3031
252384::076.swc,948,0,1,L1:mapped:638,230.4429999999974,2.3644
252384::076.swc,948,0,1,L1:mapped:1501,375.4779999999934,2.5757
252384::076.swc,948,0,2,L2:mapped:516,1555.5139999999308,3.1922
252384::076.swc,948,0,2,L2:mapped:550,4.398999999999999,0.7323
252384::076.swc,948,0,2,L2:mapped:577,448.8359999999941,2.6531
252384::076.swc,948,0,2,L2:mapped:724,230.4429999999974,2.3644
252384::076.swc,948,0,2,L2:mapped:1550,367.02199999999374,2.5659
252384::076.swc,948,0,3,L3:mapped:525,543.8319999999861,2.7363
252384::076.swc,948,0,3,L3:mapped:537,1011.6819999999765,3.0055
252384::076.swc,948,0,3,L3:mapped:564,4.398999999999999,0.7323
252384::076.swc,948,0,3,L3:mapped:578,448.8359999999941,2.6531
252384::076.swc,948,0,3,L3:mapped:724,230.4429999999974,2.3644
252384::076.swc,948,0,3,L3:mapped:1551,367.02199999999374,2.5659
252384::076.swc,948,0,4,L4:mapped:534,543.8319999999861,2.7363
252384::076.swc,948,0,4,L4:mapped:538,214.4379999999994,2.3333
252384::076.swc,948,0,4,L4:mapped:547,797.2439999999854,2.9021
252384::076.swc,948,0,4,L4:mapped:572,4.398999999999999,0.7323
252384::076.swc,948,0,4,L4:mapped:580,448.8359999999941,2.6531
252384::076.swc,948,0,4,L4:mapped:725,230.4429999999974,2.3644
252384::076.swc,948,0,4,L4:mapped:1552,366.0039999999938,2.5647
252384::076.swc,948,0,4,L4:mapped:1559,1.0180000000000007,0.3049
252384::076.swc,948,0,5,L5:mapped:534,543.8319999999861,2.7363
252384::076.swc,948,0,5,L5:mapped:540,214.4379999999994,2.3333
252384::076.swc,948,0,5,L5:mapped:548,4.969999999999996,0.776
252384::076.swc,948,0,5,L5:mapped:549,792.2739999999854,2.8994
252384::076.swc,948,0,5,L5:mapped:576,4.398999999999999,0.7323
252384::076.swc,948,0,5,L5:mapped:584,448.8359999999941,2.6531
252384::076.swc,948,0,5,L5:mapped:727,230.4429999999974,2.3644
252384::076.swc,948,0,5,L5:mapped:1553,216.7869999999989,2.338
252384::076.swc,948,0,5,L5:mapped:1556,138.73700000000142,2.1453
252384::076.swc,948,0,5,L5:mapped:1558,10.479999999999995,1.0599
252384::076.swc,948,0,5,L5:mapped:1560,1.0180000000000007,0.3049
252384::076.swc,948,0,6,L6:mapped:536,543.8319999999861,2.7363
252384::076.swc,948,0,6,L6:mapped:541,141.7490000000017,2.1546
252384::076.swc,948,0,6,L6:mapped:542,72.68900000000035,1.8674
252384::076.swc,948,0,6,L6:mapped:548,4.969999999999996,0.776
252384::076.swc,948,0,6,L6:mapped:549,792.2739999999854,2.8994
252384::076.swc,948,0,6,L6:mapped:576,4.398999999999999,0.7323
252384::076.swc,948,0,6,L6:mapped:586,448.8359999999941,2.6531
252384::076.swc,948,0,6,L6:mapped:728,230.4429999999974,2.3644
252384::076.swc,948,0,6,L6:mapped:1554,216.7869999999989,2.338
252384::076.swc,948,0,6,L6:mapped:1556,138.73700000000142,2.1453
252384::076.swc,948,0,6,L6:mapped:1558,10.479999999999995,1.0599
252384::076.swc,948,0,6,L6:mapped:1560,1.0180000000000007,0.3049
252384::077.swc,948,542,1,L1:mapped:501,97.70900000000093,1.9944
252384::077.swc,948,542,2,L2:mapped:516,97.70900000000093,1.9944
252384::077.swc,948,542,3,L3:mapped:537,97.70900000000093,1.9944
252384::077.swc,948,542,4,L4:mapped:538,96.00000000000081,1.9868
252384::077.swc,948,542,4,L4:mapped:547,1.7089999999999999,0.4328
252384::077.swc,948,542,5,L5:mapped:540,96.00000000000081,1.9868
252384::077.swc,948,542,5,L5:mapped:548,1.7089999999999999,0.4328
252384::077.swc,948,542,6,L6:mapped:541,7.778999999999994,0.9434
252384::077.swc,948,542,6,L6:mapped:542,88.22100000000054,1.9505
252384::077.swc,948,542,6,L6:mapped:548,1.7089999999999999,0.4328
252384::078.swc,948,0,1,L1:mapped:501,990.3659999999729,2.9962
252384::078.swc,948,0,1,L1:mapped:590,1474.9509999999364,3.1691
252384::078.swc,948,0,1,L1:mapped:638,1.0990000000000002,0.322
252384::078.swc,948,0,1,L1:mapped:1501,3.6559999999999966,0.668
252384::078.swc,948,0,2,L2:mapped:516,405.00999999999465,2.6085
252384::078.swc,948,0,2,L2:mapped:577,585.3559999999898,2.7682
252384::078.swc,948,0,2,L2:mapped:591,1474.9509999999364,3.1691
252384::078.swc,948,0,2,L2:mapped:724,1.0990000000000002,0.322
252384::078.swc,948,0,2,L2:mapped:1502,3.6559999999999966,0.668
252384::078.swc,948,0,3,L3:mapped:525,82.66700000000041,1.9226
252384::078.swc,948,0,3,L3:mapped:537,322.34299999999615,2.5097
252384::078.swc,948,0,3,L3:mapped:578,585.3559999999898,2.7682
252384::078.swc,948,0,3,L3:mapped:592,0.8640000000000003,0.2704
252384::078.swc,948,0,3,L3:mapped:595,1474.0869999999363,3.1688
252384::078.swc,948,0,3,L3:mapped:724,1.0990000000000002,0.322
252384::078.swc,948,0,3,L3:mapped:1503,3.6559999999999966,0.668
252384::078.swc,948,0,4,L4:mapped:526,82.66700000000041,1.9226
252384::078.swc,948,0,4,L4:mapped:538,221.7220000000005,2.3478
252384::078.swc,948,0,4,L4:mapped:547,100.62100000000112,2.007
252384::078.swc,948,0,4,L4:mapped:580,585.3559999999898,2.7682
252384::078.swc,948,0,4,L4:mapped:592,0.8640000000000003,0.2704
252384::078.swc,948,0,4,L4:mapped:595,1474.0869999999363,3.1688
252384::078.swc,948,0,4,L4:mapped:725,1.0990000000000002,0.322
252384::078.swc,948,0,4,L4:mapped:1504,3.6559999999999966,0.668
252384::078.swc,948,0,5,L5:mapped:530,82.66700000000041,1.9226
252384::078.swc,948,0,5,L5:mapped:539,19.526999999999987,1.3123
252384::078.swc,948,0,5,L5:mapped:540,202.19500000000127,2.3079
252384::078.swc,948,0,5,L5:mapped:548,40.324999999999946,1.6162
252384::078.swc,948,0,5,L5:mapped:549,60.29599999999991,1.7874
252384::078.swc,948,0,5,L5:mapped:584,585.3559999999898,2.7682
252384::078.swc,948,0,5,L5:mapped:594,0.8640000000000003,0.2704
252384::078.swc,948,0,5,L5:mapped:595,1474.0869999999363,3.1688
252384::078.swc,948,0,5,L5:mapped:727,1.0990000000000002,0.322
252384::078.swc,948,0,5,L5:mapped:1504,3.6559999999999966,0.668
252384::078.swc,948,0,6,L6:mapped:532,82.66700000000041,1.9226
252384::078.swc,948,0,6,L6:mapped:539,19.526999999999987,1.3123
252384::078.swc,948,0,6,L6:mapped:541,144.77500000000157,2.1637
252384::078.swc,948,0,6,L6:mapped:542,52.5479999999999,1.7287
252384::078.swc,948,0,6,L6:mapped:548,40.324999999999946,1.6162
252384::078.swc,948,0,6,L6:mapped:549,60.29599999999991,1.7874
252384::078.swc,948,0,6,L6:mapped:586,585.3559999999898,2.7682
252384::078.swc,948,0,6,L6:mapped:594,0.8640000000000003,0.2704
252384::078.swc,948,0,6,L6:mapped:595,1474.0869999999363,3.1688
252384::078.swc,948,0,6,L6:mapped:729,0.42600000000000005,0.1541
252384::078.swc,948,0,6,L6:mapped:1504,3.6559999999999966,0.668
252384::079.swc,948,542,1,L1:mapped:501,106.02500000000131,2.0295
252384::079.swc,948,542,2,L2:mapped:516,106.02500000000131,2.0295
252384::079.swc,948,542,3,L3:mapped:537,106.02500000000131,2.0295
252384::079.swc,948,542,4,L4:mapped:538,105.87100000000129,2.0289
252384::079.swc,948,542,4,L4:mapped:547,0.15400000000000003,0.0622
252384::079.swc,948,542,5,L5:mapped:540,105.87100000000129,2.0289
252384::079.swc,948,542,5,L5:mapped:549,0.15400000000000003,0.0622
252384::079.swc,948,542,6,L6:mapped:541,4.226999999999999,0.7183
252384::079.swc,948,542,6,L6:mapped:542,101.64400000000114,2.0113
252384::079.swc,948,542,6,L6:mapped:549,0.15400000000000003,0.0622
252384::081.swc,948,0,1,L1:mapped:501,24.322999999999936,1.4035
252384::081.swc,948,0,2,L2:mapped:516,24.322999999999936,1.4035
252384::081.swc,948,0,3,L3:mapped:537,24.322999999999936,1.4035
252384::081.swc,948,0,4,L4:mapped:538,24.322999999999936,1.4035
252384::081.swc,948,0,5,L5:mapped:540,24.322999999999936,1.4035
252384::081.swc,948,0,6,L6:mapped:542,24.322999999999936,1.4035
252385::020.swc,331,48,1,L1:mapped:1,400.18799999999453,2.6033
252385::020.swc,331,48,1,L1:mapped:90,253.2359999999983,2.4052
252385::020.swc,331,48,1,L1:mapped:138,303.1709999999969,2.4831
252385::020.swc,331,48,1,L1:mapped:1001,521.2699999999927,2.7179
252385::020.swc,331,48,2,L2:mapped:16,400.18799999999453,2.6033
252385::020.swc,331,48,2,L2:mapped:91,253.2359999999983,2.4052
252385::020.swc,331,48,2,L2:mapped:224,303.1709999999969,2.4831
252385::020.swc,331,48,2,L2:mapped:1002,7.650999999999996,0.9371
252385::020.swc,331,48,2,L2:mapped:1050,513.6189999999921,2.7115
252385::020.swc,331,48,3,L3:mapped:37,400.18799999999453,2.6033
252385::020.swc,331,48,3,L3:mapped:95,253.2359999999983,2.4052
252385::020.swc,331,48,3,L3:mapped:224,303.1709999999969,2.4831
252385::020.swc,331,48,3,L3:mapped:1003,7.650999999999996,0.9371
252385::020.swc,331,48,3,L3:mapped:1051,500.174999999992,2.7
252385::020.swc,331,48,3,L3:mapped:1062,13.443999999999988,1.1597
252385::020.swc,331,48,4,L4:mapped:47,400.18799999999453,2.6033
252385::020.swc,331,48,4,L4:mapped:95,253.2359999999983,2.4052
252385::020.swc,331,48,4,L4:mapped:225,303.1709999999969,2.4831
252385::020.swc,331,48,4,L4:mapped:1004,7.650999999999996,0.9371
252385::020.swc,331,48,4,L4:mapped:1052,446.9479999999936,2.6512
252385::020.swc,331,48,4,L4:mapped:1059,53.22699999999992,1.7342
252385::020.swc,331,48,4,L4:mapped:1062,13.443999999999988,1.1597
252385::020.swc,331,48,5,L5:mapped:48,400.18799999999453,2.6033
252385::020.swc,331,48,5,L5:mapped:95,253.2359999999983,2.4052
252385::020.swc,331,48,5,L5:mapped:227,303.1709999999969,2.4831
252385::020.swc,331,48,5,L5:mapped:1004,7.650999999999996,0.9371
252385::020.swc,331,48,5,L5:mapped:1056,433.2209999999943,2.6377
252385::020.swc,331,48,5,L5:mapped:1057,13.72699999999998,1.1681
252385::020.swc,331,48,5,L5:mapped:1060,53.22699999999992,1.7342
252385::020.swc,331,48,5,L5:mapped:1067,13.443999999999988,1.1597
252385::020.swc,331,48,6,L6:mapped:48,400.18799999999453,2.6033
252385::020.swc,331,48,6,L6:mapped:95,253.2359999999983,2.4052
252385::020.swc,331,48,6,L6:mapped:228,248.1619999999991,2.3965
252385::020.swc,331,48,6,L6:mapped:229,55.00899999999988,1.7483
252385::020.swc,331,48,6,L6:mapped:1004,7.650999999999996,0.9371
252385::020.swc,331,48,6,L6:mapped:1056,433.2209999999943,2.6377
252385::020.swc,331,48,6,L6:mapped:1057,13.72699999999998,1.1681
252385::020.swc,331,48,6,L6:mapped:1060,53.22699999999992,1.7342
252385::020.swc,331,48,6,L6:mapped:1067,13.443999999999988,1.1597
252385::023.swc,331,48,1,L1:mapped:1,185.7030000000007,2.2712
252385::023.swc,331,48,2,L2:mapped:16,185.7030000000007,2.2712
252385::023.swc,331,48,3,L3:mapped:37,185.7030000000007,2.2712
252385::023.swc,331,48,4,L4:mapped:47,185.7030000000007,2.2712
252385::023.swc,331,48,5,L5:mapped:48,185.7030000000007,2.2712
252385::023.swc,331,48,6,L6:mapped:48,185.7030000000007,2.2712
252385::024.swc,331,48,1,L1:mapped:1,170.4530000000011,2.2341
252385::024.swc,331,48,1,L1:mapped:138,39.71999999999989,1.6098
252385::024.swc,331,48,1,L1:mapped:1001,209.4829999999989,2.3232
252385::024.swc,331,48,1,L1:mapped:1082,127.62500000000126,2.1093
252385::024.swc,331,48,2,L2:mapped:16,170.4530000000011,2.2341
252385::024.swc,331,48,2,L2:mapped:224,39.71999999999989,1.6098
252385::024.swc,331,48,2,L2:mapped:1050,200.79799999999977,2.3049
252385::024.swc,331,48,2,L2:mapped:1113,123.45500000000114,2.095
252385::024.swc,331,48,3,L3:mapped:37,170.4530000000011,2.2341
252385::024.swc,331,48,3,L3:mapped:224,39.71999999999989,1.6098
252385::024.swc,331,48,3,L3:mapped:1051,156.85400000000067,2.1983
252385::024.swc,331,48,3,L3:mapped:1115,46.52899999999986,1.677
252385::024.swc,331,48,3,L3:mapped:1148,48.733000000000004,1.6966
252385::024.swc,331,48,4,L4:mapped:47,170.4530000000011,2.2341
252385::024.swc,331,48,4,L4:mapped:225,39.71999999999989,1.6098
252385::024.swc,331,48,4,L4:mapped:1052,156.85400000000067,2.1983
252385::024.swc,331,48,4,L4:mapped:1119,46.52899999999986,1.677
252385::024.swc,331,48,4,L4:mapped:1151,48.733000000000004,1.6966
252385::024.swc,331,48,5,L5:mapped:48,170.4530000000011,2.2341
252385::024.swc,331,48,5,L5:mapped:227,39.71999999999989,1.6098
252385::024.swc,331,48,5,L5:mapped:1056,156.85400000000067,2.1983
252385::024.swc,331,48,5,L5:mapped:1121,45.68699999999987,1.6692
252385::024.swc,331,48,5,L5:mapped:1125,0.32399999999999995,0.1219
252385::024.swc,331,48,5,L5:mapped:1152,30.863999999999944,1.5033
252385::024.swc,331,48,5,L5:mapped:1153,17.868999999999993,1.2757
252385::024.swc,331,48,6,L6:mapped:48,170.4530000000011,2.2341
252385::024.swc,331,48,6,L6:mapped:228,39.71999999999989,1.6098
252385::024.swc,331,48,6,L6:mapped:1056,156.85400000000067,2.1983
252385::024.swc,331,48,6,L6:mapped:1121,45.68699999999987,1.6692
252385::024.swc,331,48,6,L6:mapped:1125,0.32399999999999995,0.1219
252385::024.swc,331,48,6,L6:mapped:1152,30.863999999999944,1.5033
252385::024.swc,331,48,6,L6:mapped:1153,17.868999999999993,1.2757
252385::025.swc,331,228,1,L1:mapped:1,177.2400000000001,2.251
252385::025.swc,331,228,1,L1:mapped:138,157.64100000000096,2.2004
252385::025.swc,331,228,2,L2:mapped:16,177.2400000000001,2.251
252385::025.swc,331,228,2,L2:mapped:224,157.64100000000096,2.2004
252385::025.swc,331,228,3,L3:mapped:37,177.2400000000001,2.251
252385::025.swc,331,228,3,L3:mapped:224,157.64100000000096,2.2004
252385::025.swc,331,228,4,L4:mapped:47,177.2400000000001,2.251
252385::025.swc,331,228,4,L4:mapped:225,157.64100000000096,2.2004
252385::025.swc,331,228,5,L5:mapped:48,177.2400000000001,2.251
252385::025.swc,331,228,5,L5:mapped:227,157.64100000000096,2.2004
252385::025.swc,331,228,6,L6:mapped:48,177.2400000000001,2.251
252385::025.swc,331,228,6,L6:mapped:228,157.64100000000096,2.2004
252385::026.swc,331,228,1,L1:mapped:1,1514.8419999999683,3.1807
252385::026.swc,331,228,1,L1:mapped:90,78.30000000000041,1.8993
252385::026.swc,331,228,1,L1:mapped:138,647.8829999999851,2.8122
252385::026.swc,331,228,1,L1:mapped:1001,33.35800000000003,1.536
252385::026.swc,331,228,2,L2:mapped:16,392.6429999999977,2.5951
252385::026.swc,331,228,2,L2:mapped:50,882.3319999999916,2.9461
252385::026.swc,331,228,2,L2:mapped:77,239.86700000000008,2.3818
252385::026.swc,331,228,2,L2:mapped:91,78.30000000000041,1.8993
252385::026.swc,331,228,2,L2:mapped:224,647.8829999999851,2.8122
252385::026.swc,331,228,2,L2:mapped:1002,33.35800000000003,1.536
252385::026.swc,331,228,3,L3:mapped:25,311.8069999999988,2.4953
252385::026.swc,331,228,3,L3:mapped:37,80.83600000000041,1.9129
252385::026.swc,331,228,3,L3:mapped:64,882.3319999999916,2.9461
252385::026.swc,331,228,3,L3:mapped:78,239.86700000000008,2.3818
252385::026.swc,331,228,3,L3:mapped:95,78.30000000000041,1.8993
252385::026.swc,331,228,3,L3:mapped:224,647.8829999999851,2.8122
252385::026.swc,331,228,3,L3:mapped:1003,33.35800000000003,1.536
252385::026.swc,331,228,4,L4:mapped:26,271.0419999999989,2.4346
252385::026.swc,331,228,4,L4:mapped:34,40.76500000000001,1.6208
252385::026.swc,331,228,4,L4:mapped:47,80.83600000000041,1.9129
252385::026.swc,331,228,4,L4:mapped:65,870.259999999992,2.9401
252385::026.swc,331,228,4,L4:mapped:72,12.072000000000001,1.1163
252385::026.swc,331,228,4,L4:mapped:80,239.86700000000008,2.3818
252385::026.swc,331,228,4,L4:mapped:95,78.30000000000041,1.8993
252385::026.swc,331,228,4,L4:mapped:225,647.8829999999851,2.8122
252385::026.swc,331,228,4,L4:mapped:1004,33.35800000000003,1.536
252385::026.swc,331,228,5,L5:mapped:30,271.0419999999989,2.4346
252385::026.swc,331,228,5,L5:mapped:34,40.76500000000001,1.6208
252385::026.swc,331,228,5,L5:mapped:48,80.83600000000041,1.9129
252385::026.swc,331,228,5,L5:mapped:66,66.55500000000004,1.8297
252385::026.swc,331,228,5,L5:mapped:69,803.7049999999933,2.9056
252385::026.swc,331,228,5,L5:mapped:73,12.072000000000001,1.1163
252385::026.swc,331,228,5,L5:mapped:84,239.86700000000008,2.3818
252385::026.swc,331,228,5,L5:mapped:95,78.30000000000041,1.8993
252385::026.swc,331,228,5,L5:mapped:227,647.8829999999851,2.8122
252385::026.swc,331,228,5,L5:mapped:1004,33.35800000000003,1.536
252385::026.swc,331,228,6,L6:mapped:33,271.0419999999989,2.4346
252385::026.swc,331,228,6,L6:mapped:35,40.76500000000001,1.6208
252385::026.swc,331,228,6,L6:mapped:48,80.83600000000041,1.9129
252385::026.swc,331,228,6,L6:mapped:68,66.55500000000004,1.8297
252385::026.swc,331,228,6,L6:mapped:71,803.7049999999933,2.9056
252385::026.swc,331,228,6,L6:mapped:74,12.072000000000001,1.1163
252385::026.swc,331,228,6,L6:mapped:86,239.86700000000008,2.3818
252385::026.swc,331,228,6,L6:mapped:95,78.30000000000041,1.8993
252385::026.swc,331,228,6,L6:mapped:228,639.063999999986,2.8062
252385::026.swc,331,228,6,L6:mapped:229,8.819000000000004,0.9921
252385::026.swc,331,228,6,L6:mapped:1004,33.35800000000003,1.536
252385::027.swc,331,228,1,L1:mapped:1,1280.3129999999724,3.1077
252385::027.swc,331,228,1,L1:mapped:138,647.1969999999858,2.8117
252385::027.swc,331,228,1,L1:mapped:1001,48.684000000000054,1.6962
252385::027.swc,331,228,2,L2:mapped:16,768.0409999999927,2.8859
252385::027.swc,331,228,2,L2:mapped:50,495.9159999999959,2.6963
252385::027.swc,331,228,2,L2:mapped:77,16.355999999999984,1.2394
252385::027.swc,331,228,2,L2:mapped:175,46.30699999999994,1.6749
252385::027.swc,331,228,2,L2:mapped:193,30.689000000000004,1.5009
252385::027.swc,331,228,2,L2:mapped:224,570.2009999999857,2.7568
252385::027.swc,331,228,2,L2:mapped:1002,40.02999999999999,1.6131
252385::027.swc,331,228,3,L3:mapped:25,346.9739999999982,2.5415
252385::027.swc,331,228,3,L3:mapped:37,421.06699999999046,2.6254
252385::027.swc,331,228,3,L3:mapped:64,495.9159999999959,2.6963
252385::027.swc,331,228,3,L3:mapped:78,16.355999999999984,1.2394
252385::027.swc,331,228,3,L3:mapped:188,46.30699999999994,1.6749
252385::027.swc,331,228,3,L3:mapped:194,30.689000000000004,1.5009
252385::027.swc,331,228,3,L3:mapped:224,570.2009999999857,2.7568
252385::027.swc,331,228,3,L3:mapped:1003,40.02999999999999,1.6131
252385::027.swc,331,228,4,L4:mapped:26,304.7999999999995,2.4854
252385::027.swc,331,228,4,L4:mapped:34,42.173999999999985,1.6352
252385::027.swc,331,228,4,L4:mapped:38,156.9970000000005,2.1986
252385::027.swc,331,228,4,L4:mapped:47,264.0699999999969,2.4234
252385::027.swc,331,228,4,L4:mapped:65,473.33399999999614,2.6761
252385::027.swc,331,228,4,L4:mapped:72,22.58199999999998,1.3726
252385::027.swc,331,228,4,L4:mapped:80,16.355999999999984,1.2394
252385::027.swc,331,228,4,L4:mapped:188,46.30699999999994,1.6749
252385::027.swc,331,228,4,L4:mapped:195,30.689000000000004,1.5009
252385::027.swc,331,228,4,L4:mapped:225,570.2009999999857,2.7568
252385::027.swc,331,228,4,L4:mapped:1004,40.02999999999999,1.6131
252385::027.swc,331,228,5,L5:mapped:30,304.7999999999995,2.4854
252385::027.swc,331,228,5,L5:mapped:34,42.173999999999985,1.6352
252385::027.swc,331,228,5,L5:mapped:39,45.54099999999996,1.6678
252385::027.swc,331,228,5,L5:mapped:40,111.45600000000121,2.051
252385::027.swc,331,228,5,L5:mapped:48,13.376999999999985,1.1577
252385::027.swc,331,228,5,L5:mapped:49,250.69299999999754,2.4009
252385::027.swc,331,228,5,L5:mapped:66,89.12400000000036,1.9548
252385::027.swc,331,228,5,L5:mapped:69,384.2099999999972,2.5857
252385::027.swc,331,228,5,L5:mapped:73,22.58199999999998,1.3726
252385::027.swc,331,228,5,L5:mapped:84,16.355999999999984,1.2394
252385::027.swc,331,228,5,L5:mapped:189,46.30699999999994,1.6749
252385::027.swc,331,228,5,L5:mapped:196,30.689000000000004,1.5009
252385::027.swc,331,228,5,L5:mapped:227,568.1729999999852,2.7552
252385::027.swc,331,228,5,L5:mapped:1004,40.02999999999999,1.6131
252385::027.swc,331,228,6,L6:mapped:32,141.55000000000072,2.154
252385::027.swc,331,228,6,L6:mapped:33,163.24999999999994,2.2155
252385::027.swc,331,228,6,L6:mapped:35,15.032999999999989,1.205
252385::027.swc,331,228,6,L6:mapped:36,27.14100000000003,1.4493
252385::027.swc,331,228,6,L6:mapped:39,45.54099999999996,1.6678
252385::027.swc,331,228,6,L6:mapped:41,111.45600000000121,2.051
252385::027.swc,331,228,6,L6:mapped:48,13.376999999999985,1.1577
252385::027.swc,331,228,6,L6:mapped:49,250.69299999999754,2.4009
252385::027.swc,331,228,6,L6:mapped:68,89.12400000000036,1.9548
252385::027.swc,331,228,6,L6:mapped:70,8.206999999999995,0.9641
252385::027.swc,331,228,6,L6:mapped:71,376.002999999997,2.5763
252385::027.swc,331,228,6,L6:mapped:74,22.58199999999998,1.3726
252385::027.swc,331,228,6,L6:mapped:86,16.355999999999984,1.2394
252385::027.swc,331,228,6,L6:mapped:190,33.82699999999995,1.5419
252385::027.swc,331,228,6,L6:mapped:191,12.479999999999988,1.1297
252385::027.swc,331,228,6,L6:mapped:196,30.689000000000004,1.5009
252385::027.swc,331,228,6,L6:mapped:228,568.1729999999852,2.7552
252385::027.swc,331,228,6,L6:mapped:1004,40.02999999999999,1.6131
252385::028.swc,331,48,1,L1:mapped:1,276.9569999999973,2.444
252385::028.swc,331,48,1,L1:mapped:90,33.03200000000003,1.5319
252385::028.swc,331,48,1,L1:mapped:138,371.8999999999937,2.5716
252385::028.swc,331,48,2,L2:mapped:16,276.9569999999973,2.444
252385::028.swc,331,48,2,L2:mapped:91,33.03200000000003,1.5319
252385::028.swc,331,48,2,L2:mapped:224,371.8999999999937,2.5716
252385::028.swc,331,48,3,L3:mapped:37,276.9569999999973,2.444
252385::028.swc,331,48,3,L3:mapped:95,33.03200000000003,1.5319
252385::028.swc,331,48,3,L3:mapped:224,371.8999999999937,2.5716
252385::028.swc,331,48,4,L4:mapped:38,36.260999999999996,1.5713
252385::028.swc,331,48,4,L4:mapped:47,240.69599999999832,2.3833
252385::028.swc,331,48,4,L4:mapped:95,33.03200000000003,1.5319
252385::028.swc,331,48,4,L4:mapped:225,371.8999999999937,2.5716
252385::028.swc,331,48,5,L5:mapped:40,36.260999999999996,1.5713
252385::028.swc,331,48,5,L5:mapped:48,116.78400000000168,2.0711
252385::028.swc,331,48,5,L5:mapped:49,123.91200000000165,2.0966
252385::028.swc,331,48,5,L5:mapped:95,33.03200000000003,1.5319
252385::028.swc,331,48,5,L5:mapped:227,371.8999999999937,2.5716
252385::028.swc,331,48,6,L6:mapped:43,3.6919999999999975,0.6714
252385::028.swc,331,48,6,L6:mapped:48,116.78400000000168,2.0711
252385::028.swc,331,48,6,L6:mapped:49,123.91200000000165,2.0966
252385::028.swc,331,48,6,L6:mapped:95,33.03200000000003,1.5319
252385::028.swc,331,48,6,L6:mapped:228,371.8999999999937,2.5716
252385::029.swc,331,48,1,L1:mapped:1,54.62999999999988,1.7453
252385::029.swc,331,48,2,L2:mapped:16,54.62999999999988,1.7453
252385::029.swc,331,48,3,L3:mapped:37,54.62999999999988,1.7453
252385::029.swc,331,48,4,L4:mapped:47,54.62999999999988,1.7453
252385::029.swc,331,48,5,L5:mapped:48,54.62999999999988,1.7453
252385::029.swc,331,48,6,L6:mapped:48,54.62999999999988,1.7453
252385::030.swc,331,48,1,L1:mapped:1,32.611,1.5265
252385::030.swc,331,48,2,L2:mapped:16,32.611,1.5265
252385::030.swc,331,48,3,L3:mapped:37,32.611,1.5265
252385::030.swc,331,48,4,L4:mapped:47,32.611,1.5265
252385::030.swc,331,48,5,L5:mapped:48,32.611,1.5265
252385::030.swc,331,48,6,L6:mapped:48,32.611,1.5265
252385::031.swc,331,48,1,L1:mapped:1,139.04800000000142,2.1463
252385::031.swc,331,48,1,L1:mapped:90,128.24400000000153,2.1114
252385::031.swc,331,48,1,L1:mapped:138,372.7429999999944,2.5726
252385::031.swc,331,48,2,L2:mapped:16,111.34700000000133,2.0506
252385::031.swc,331,48,2,L2:mapped:77,27.700999999999954,1.4579
252385::031.swc,331,48,2,L2:mapped:91,128.24400000000153,2.1114
252385::031.swc,331,48,2,L2:mapped:224,372.7429999999944,2.5726
252385::031.swc,331,48,3,L3:mapped:37,111.34700000000133,2.0506
252385::031.swc,331,48,3,L3:mapped:78,27.700999999999954,1.4579
252385::031.swc,331,48,3,L3:mapped:95,128.24400000000153,2.1114
252385::031.swc,331,48,3,L3:mapped:224,372.7429999999944,2.5726
252385::031.swc,331,48,4,L4:mapped:47,111.34700000000133,2.0506
252385::031.swc,331,48,4,L4:mapped:80,27.700999999999954,1.4579
252385::031.swc,331,48,4,L4:mapped:95,128.24400000000153,2.1114
252385::031.swc,331,48,4,L4:mapped:225,372.7429999999944,2.5726
252385::031.swc,331,48,5,L5:mapped:48,111.34700000000133,2.0506
252385::031.swc,331,48,5,L5:mapped:84,27.700999999999954,1.4579
252385::031.swc,331,48,5,L5:mapped:95,128.24400000000153,2.1114
252385::031.swc,331,48,5,L5:mapped:227,372.7429999999944,2.5726
252385::031.swc,331,48,6,L6:mapped:48,111.34700000000133,2.0506
252385::031.swc,331,48,6,L6:mapped:86,27.700999999999954,1.4579
252385::031.swc,331,48,6,L6:mapped:95,128.24400000000153,2.1114
252385::031.swc,331,48,6,L6:mapped:228,372.7429999999944,2.5726
252385::032.swc,331,48,1,L1:mapped:1,54.5829999999999,1.7449
252385::032.swc,331,48,1,L1:mapped:138,27.613999999999976,1.4566
252385::032.swc,331,48,2,L2:mapped:16,54.5829999999999,1.7449
252385::032.swc,331,48,2,L2:mapped:224,27.613999999999976,1.4566
252385::032.swc,331,48,3,L3:mapped:37,54.5829999999999,1.7449
252385::032.swc,331,48,3,L3:mapped:224,27.613999999999976,1.4566
252385::032.swc,331,48,4,L4:mapped:47,54.5829999999999,1.7449
252385::032.swc,331,48,4,L4:mapped:225,27.613999999999976,1.4566
252385::032.swc,331,48,5,L5:mapped:48,54.5829999999999,1.7449
252385::032.swc,331,48,5,L5:mapped:227,27.613999999999976,1.4566
252385::032.swc,331,48,6,L6:mapped:48,54.5829999999999,1.7449
252385::032.swc,331,48,6,L6:mapped:228,27.613999999999976,1.4566
252385::033.swc,331,48,1,L1:mapped:1,58.15700000000017,1.772
252385::033.swc,331,48,1,L1:mapped:138,1.0870000000000004,0.3195
252385::033.swc,331,48,2,L2:mapped:16,58.15700000000017,1.772
252385::033.swc,331,48,2,L2:mapped:224,1.0870000000000004,0.3195
252385::033.swc,331,48,3,L3:mapped:37,58.15700000000017,1.772
252385::033.swc,331,48,3,L3:mapped:224,1.0870000000000004,0.3195
252385::033.swc,331,48,4,L4:mapped:47,58.15700000000017,1.772
252385::033.swc,331,48,4,L4:mapped:225,1.0870000000000004,0.3195
252385::033.swc,331,48,5,L5:mapped:48,58.15700000000017,1.772
252385::033.swc,331,48,5,L5:mapped:227,1.0870000000000004,0.3195
252385::033.swc,331,48,6,L6:mapped:48,58.15700000000017,1.772
252385::033.swc,331,48,6,L6:mapped:228,1.0870000000000004,0.3195
252385::034.swc,331,48,1,L1:mapped:1,116.12200000000165,2.0686
252385::034.swc,331,48,1,L1:mapped:90,2.105,0.4921
252385::034.swc,331,48,1,L1:mapped:138,2.0749999999999997,0.4878
252385::034.swc,331,48,2,L2:mapped:16,116.12200000000165,2.0686
252385::034.swc,331,48,2,L2:mapped:91,2.105,0.4921
252385::034.swc,331,48,2,L2:mapped:224,2.0749999999999997,0.4878
252385::034.swc,331,48,3,L3:mapped:37,116.12200000000165,2.0686
252385::034.swc,331,48,3,L3:mapped:95,2.105,0.4921
252385::034.swc,331,48,3,L3:mapped:224,2.0749999999999997,0.4878
252385::034.swc,331,48,4,L4:mapped:47,116.12200000000165,2.0686
252385::034.swc,331,48,4,L4:mapped:95,2.105,0.4921
252385::034.swc,331,48,4,L4:mapped:225,2.0749999999999997,0.4878
252385::034.swc,331,48,5,L5:mapped:48,116.12200000000165,2.0686
252385::034.swc,331,48,5,L5:mapped:95,2.105,0.4921
252385::034.swc,331,48,5,L5:mapped:227,2.0749999999999997,0.4878
252385::034.swc,331,48,6,L6:mapped:48,116.12200000000165,2.0686
252385::034.swc,331,48,6,L6:mapped:95,2.105,0.4921
252385::034.swc,331,48,6,L6:mapped:228,2.0749999999999997,0.4878
252385::035.swc,331,48,1,L1:mapped:1,34.27899999999995,1.5475
252385::035.swc,331,48,2,L2:mapped:16,34.27899999999995,1.5475
252385::035.swc,331,48,3,L3:mapped:37,34.27899999999995,1.5475
252385::035.swc,331,48,4,L4:mapped:47,34.27899999999995,1.5475
252385::035.swc,331,48,5,L5:mapped:48,34.27899999999995,1.5475
252385::035.swc,331,48,6,L6:mapped:48,34.27899999999995,1.5475
252385::036.swc,331,42,1,L1:mapped:1,1841.656999999955,3.2654
252385::036.swc,331,42,1,L1:mapped:138,171.7100000000001,2.2373
252385::036.swc,331,42,2,L2:mapped:16,1841.656999999955,3.2654
252385::036.swc,331,42,2,L2:mapped:165,19.048999999999968,1.3021
252385::036.swc,331,42,2,L2:mapped:224,152.66100000000094,2.1866
252385::036.swc,331,42,3,L3:mapped:25,548.699999999995,2.7401
252385::036.swc,331,42,3,L3:mapped:37,1292.956999999963,3.1119
252385::036.swc,331,42,3,L3:mapped:165,19.048999999999968,1.3021
252385::036.swc,331,42,3,L3:mapped:224,152.66100000000094,2.1866
252385::036.swc,331,42,4,L4:mapped:26,408.5249999999954,2.6123
252385::036.swc,331,42,4,L4:mapped:34,140.17500000000072,2.1498
252385::036.swc,331,42,4,L4:mapped:38,979.788999999977,2.9916
252385::036.swc,331,42,4,L4:key_level_conflict:45,34.16999999999997,1.5462
252385::036.swc,331,42,4,L4:mapped:47,278.9979999999971,2.4472
252385::036.swc,331,42,4,L4:mapped:166,19.048999999999968,1.3021
252385::036.swc,331,42,4,L4:mapped:225,152.66100000000094,2.1866
252385::036.swc,331,42,5,L5:mapped:30,408.5249999999954,2.6123
252385::036.swc,331,42,5,L5:mapped:34,140.17500000000072,2.1498
252385::036.swc,331,42,5,L5:mapped:39,361.63099999999594,2.5595
252385::036.swc,331,42,5,L5:mapped:40,618.1579999999872,2.7918
252385::036.swc,331,42,5,L5:key_level_conflict:45,34.16999999999997,1.5462
252385::036.swc,331,42,5,L5:mapped:49,278.9979999999971,2.4472
252385::036.swc,331,42,5,L5:mapped:166,19.048999999999968,1.3021
252385::036.swc,331,42,5,L5:mapped:227,152.66100000000094,2.1866
252385::036.swc,331,42,6,L6:mapped:32,304.18499999999773,2.4846
252385::036.swc,331,42,6,L6:mapped:33,104.34000000000113,2.0226
252385::036.swc,331,42,6,L6:mapped:35,140.17500000000072,2.1498
252385::036.swc,331,42,6,L6:mapped:39,361.63099999999594,2.5595
252385::036.swc,331,42,6,L6:mapped:41,305.961999999997,2.4871
252385::036.swc,331,42,6,L6:mapped:42,302.5479999999961,2.4822
252385::036.swc,331,42,6,L6:mapped:43,9.648,1.0273
252385::036.swc,331,42,6,L6:mapped:45,34.16999999999997,1.5462
252385::036.swc,331,42,6,L6:mapped:49,278.9979999999971,2.4472
252385::036.swc,331,42,6,L6:mapped:166,19.048999999999968,1.3021
252385::036.swc,331,42,6,L6:mapped:228,152.66100000000094,2.1866
252385::037.swc,331,42,1,L1:mapped:1,272.2059999999972,2.4365
252385::037.swc,331,42,2,L2:mapped:16,272.2059999999972,2.4365
252385::037.swc,331,42,3,L3:mapped:37,272.2059999999972,2.4365
252385::037.swc,331,42,4,L4:mapped:38,272.2059999999972,2.4365
252385::037.swc,331,42,5,L5:mapped:40,272.2059999999972,2.4365
252385::037.swc,331,42,6,L6:mapped:41,4.006,0.6995
252385::037.swc,331,42,6,L6:mapped:42,268.1999999999973,2.4301
252385::038.swc,331,42,1,L1:mapped:1,737.7899999999927,2.8685
252385::038.swc,331,42,1,L1:mapped:138,1082.4559999999854,3.0348
252385::038.swc,331,42,1,L1:mapped:1001,282.14799999999843,2.452
252385::038.swc,331,42,2,L2:mapped:16,714.2699999999919,2.8545
252385::038.swc,331,42,2,L2:mapped:50,16.467000000000002,1.2422
252385::038.swc,331,42,2,L2:mapped:77,7.052999999999991,0.906
252385::038.swc,331,42,2,L2:mapped:139,0.109,0.0449
252385::038.swc,331,42,2,L2:mapped:165,719.8759999999883,2.8579
252385::038.swc,331,42,2,L2:mapped:193,70.32000000000015,1.8532
252385::038.swc,331,42,2,L2:mapped:204,183.03000000000011,2.2649
252385::038.swc,331,42,2,L2:mapped:224,104.5300000000013,2.0234
252385::038.swc,331,42,2,L2:mapped:1002,250.94599999999926,2.4013
252385::038.swc,331,42,2,L2:mapped:1050,31.20199999999997,1.5079
252385::038.swc,331,42,3,L3:mapped:25,73.58400000000015,1.8726
252385::038.swc,331,42,3,L3:mapped:37,640.6859999999923,2.8073
252385::038.swc,331,42,3,L3:mapped:64,16.467000000000002,1.2422
252385::038.swc,331,42,3,L3:mapped:78,7.052999999999991,0.906
252385::038.swc,331,42,3,L3:mapped:153,0.109,0.0449
252385::038.swc,331,42,3,L3:mapped:165,719.8759999999883,2.8579
252385::038.swc,331,42,3,L3:mapped:194,70.32000000000015,1.8532
252385::038.swc,331,42,3,L3:mapped:205,112.24200000000167,2.054
252385::038.swc,331,42,3,L3:mapped:219,70.78800000000003,1.8561
252385::038.swc,331,42,3,L3:mapped:224,104.5300000000013,2.0234
252385::038.swc,331,42,3,L3:mapped:1003,250.94599999999926,2.4013
252385::038.swc,331,42,3,L3:mapped:1051,31.20199999999997,1.5079
252385::038.swc,331,42,4,L4:mapped:34,73.58400000000015,1.8726
252385::038.swc,331,42,4,L4:mapped:38,604.9909999999924,2.7825
252385::038.swc,331,42,4,L4:mapped:47,35.69499999999996,1.5646
252385::038.swc,331,42,4,L4:mapped:65,16.467000000000002,1.2422
252385::038.swc,331,42,4,L4:mapped:80,7.052999999999991,0.906
252385::038.swc,331,42,4,L4:mapped:160,0.109,0.0449
252385::038.swc,331,42,4,L4:mapped:166,342.1059999999989,2.5354
252385::038.swc,331,42,4,L4:mapped:167,377.7699999999954,2.5784
252385::038.swc,331,42,4,L4:mapped:195,47.236,1.6834
252385::038.swc,331,42,4,L4:mapped:198,23.083999999999943,1.3817
252385::038.swc,331,42,4,L4:mapped:206,15.329,1.213
252385::038.swc,331,42,4,L4:mapped:213,96.91300000000115,1.9908
252385::038.swc,331,42,4,L4:mapped:219,70.78800000000003,1.8561
252385::038.swc,331,42,4,L4:mapped:225,104.5300000000013,2.0234
252385::038.swc,331,42,4,L4:mapped:1004,250.94599999999926,2.4013
252385::038.swc,331,42,4,L4:mapped:1052,31.20199999999997,1.5079
252385::038.swc,331,42,5,L5:mapped:34,73.58400000000015,1.8726
252385::038.swc,331,42,5,L5:mapped:40,604.9909999999924,2.7825
252385::038.swc,331,42,5,L5:mapped:49,35.69499999999996,1.5646
252385::038.swc,331,42,5,L5:mapped:69,16.467000000000002,1.2422
252385::038.swc,331,42,5,L5:mapped:84,7.052999999999991,0.906
252385::038.swc,331,42,5,L5:mapped:162,0.109,0.0449
252385::038.swc,331,42,5,L5:mapped:166,342.1059999999989,2.5354
252385::038.swc,331,42,5,L5:mapped:168,200.73099999999926,2.3048
252385::038.swc,331,42,5,L5:mapped:171,177.03900000000044,2.2505
252385::038.swc,331,42,5,L5:mapped:196,47.236,1.6834
252385::038.swc,331,42,5,L5:mapped:198,23.083999999999943,1.3817
252385::038.swc,331,42,5,L5:mapped:210,15.329,1.213
252385::038.swc,331,42,5,L5:mapped:215,96.91300000000115,1.9908
252385::038.swc,331,42,5,L5:mapped:220,70.78800000000003,1.8561
252385::038.swc,331,42,5,L5:mapped:226,102.11300000000121,2.0133
252385::038.swc,331,42,5,L5:mapped:227,2.416999999999999,0.5336
252385::038.swc,331,42,5,L5:mapped:1004,250.94599999999926,2.4013
252385::038.swc,331,42,5,L5:mapped:1056,31.20199999999997,1.5079
252385::038.swc,331,42,6,L6:mapped:36,73.58400000000015,1.8726
252385::038.swc,331,42,6,L6:mapped:41,205.75000000000034,2.3154
252385::038.swc,331,42,6,L6:mapped:42,398.58899999999625,2.6016
252385::038.swc,331,42,6,L6:mapped:43,0.6520000000000002,0.218
252385::038.swc,331,42,6,L6:mapped:49,35.69499999999996,1.5646
252385::038.swc,331,42,6,L6:mapped:70,16.467000000000002,1.2422
252385::038.swc,331,42,6,L6:mapped:86,7.052999999999991,0.906
252385::038.swc,331,42,6,L6:mapped:164,0.109,0.0449
252385::038.swc,331,42,6,L6:mapped:166,342.1059999999989,2.5354
252385::038.swc,331,42,6,L6:mapped:169,72.06600000000014,1.8637
252385::038.swc,331,42,6,L6:mapped:170,128.66500000000195,2.1128
252385::038.swc,331,42,6,L6:mapped:173,3.3819999999999992,0.6417
252385::038.swc,331,42,6,L6:mapped:174,173.6570000000006,2.2422
252385::038.swc,331,42,6,L6:mapped:196,47.236,1.6834
252385::038.swc,331,42,6,L6:mapped:198,23.083999999999943,1.3817
252385::038.swc,331,42,6,L6:mapped:212,15.329,1.213
252385::038.swc,331,42,6,L6:mapped:216,72.64200000000042,1.8671
252385::038.swc,331,42,6,L6:mapped:217,24.270999999999983,1.4026
252385::038.swc,331,42,6,L6:mapped:222,64.6639999999999,1.8173
252385::038.swc,331,42,6,L6:mapped:226,102.11300000000121,2.0133
252385::038.swc,331,42,6,L6:mapped:228,2.416999999999999,0.5336
252385::038.swc,331,42,6,L6:mapped:1004,250.94599999999926,2.4013
252385::038.swc,331,42,6,L6:mapped:1056,31.20199999999997,1.5079
252385::039.swc,331,42,1,L1:mapped:1,50.707000000000114,1.7135
252385::039.swc,331,42,1,L1:mapped:138,76.38800000000039,1.8887
252385::039.swc,331,42,1,L1:mapped:1001,0.8410000000000003,0.2651
252385::039.swc,331,42,2,L2:mapped:16,50.707000000000114,1.7135
252385::039.swc,331,42,2,L2:mapped:165,76.38800000000039,1.8887
252385::039.swc,331,42,2,L2:mapped:1002,0.8410000000000003,0.2651
252385::039.swc,331,42,3,L3:mapped:37,50.707000000000114,1.7135
252385::039.swc,331,42,3,L3:mapped:165,76.38800000000039,1.8887
252385::039.swc,331,42,3,L3:mapped:1003,0.8410000000000003,0.2651
252385::039.swc,331,42,4,L4:mapped:38,50.707000000000114,1.7135
252385::039.swc,331,42,4,L4:mapped:166,1.2250000000000003,0.3473
252385::039.swc,331,42,4,L4:mapped:167,75.16300000000034,1.8817
252385::039.swc,331,42,4,L4:mapped:1004,0.8410000000000003,0.2651
252385::039.swc,331,42,5,L5:mapped:39,4.778999999999996,0.7619
252385::039.swc,331,42,5,L5:mapped:40,45.92800000000005,1.6714
252385::039.swc,331,42,5,L5:mapped:166,1.2250000000000003,0.3473
252385::039.swc,331,42,5,L5:mapped:171,30.975999999999985,1.5048
252385::039.swc,331,42,5,L5:mapped:1004,0.8410000000000003,0.2651
252385::039.swc,331,42,6,L6:mapped:39,4.778999999999996,0.7619
252385::039.swc,331,42,6,L6:mapped:42,44.579000000000036,1.6588
252385::039.swc,331,42,6,L6:mapped:166,1.2250000000000003,0.3473
252385::039.swc,331,42,6,L6:mapped:174,30.975999999999985,1.5048
252385::039.swc,331,42,6,L6:mapped:1004,0.8410000000000003,0.2651
252385::040.swc,331,42,1,L1:mapped:1,299.3819999999961,2.4777
252385::040.swc,331,42,1,L1:mapped:138,91.07600000000046,1.9641
252385::040.swc,331,42,1,L1:mapped:1001,25.12499999999999,1.4171
252385::040.swc,331,42,2,L2:mapped:16,299.3819999999961,2.4777
252385::040.swc,331,42,2,L2:mapped:224,91.07600000000046,1.9641
252385::040.swc,331,42,2,L2:mapped:1002,25.12499999999999,1.4171
252385::040.swc,331,42,3,L3:mapped:37,299.3819999999961,2.4777
252385::040.swc,331,42,3,L3:mapped:224,91.07600000000046,1.9641
252385::040.swc,331,42,3,L3:mapped:1003,0.4970000000000002,0.1752
252385::040.swc,331,42,4,L4:mapped:38,283.20299999999673,2.4536
252385::040.swc,331,42,4,L4:mapped:47,16.178999999999977,1.235
252385::040.swc,331,42,4,L4:mapped:225,91.07600000000046,1.9641
252385::040.swc,331,42,4,L4:mapped:1004,0.4970000000000002,0.1752
252385::040.swc,331,42,5,L5:mapped:40,283.20299999999673,2.4536
252385::040.swc,331,42,5,L5:mapped:49,16.178999999999977,1.235
252385::040.swc,331,42,5,L5:mapped:227,88.06300000000037,1.9497
252385::040.swc,331,42,5,L5:mapped:1004,0.4970000000000002,0.1752
252385::040.swc,331,42,6,L6:mapped:41,68.77800000000025,1.8437
252385::040.swc,331,42,6,L6:mapped:42,214.42499999999905,2.3333
252385::040.swc,331,42,6,L6:mapped:49,16.178999999999977,1.235
252385::040.swc,331,42,6,L6:mapped:228,88.06300000000037,1.9497
252385::040.swc,331,42,6,L6:mapped:1004,0.4970000000000002,0.1752
252385::041.swc,331,42,1,L1:mapped:1,102.14500000000139,2.0134
252385::041.swc,331,42,1,L1:mapped:1001,8.633999999999993,0.9838
252385::041.swc,331,42,2,L2:mapped:16,102.14500000000139,2.0134
252385::041.swc,331,42,2,L2:mapped:1002,8.633999999999993,0.9838
252385::041.swc,331,42,3,L3:mapped:37,102.14500000000139,2.0134
252385::041.swc,331,42,3,L3:mapped:1005,8.633999999999993,0.9838
252385::041.swc,331,42,4,L4:mapped:38,102.14500000000139,2.0134
252385::041.swc,331,42,4,L4:mapped:1009,8.633999999999993,0.9838
252385::041.swc,331,42,5,L5:mapped:39,7.002999999999997,0.9033
252385::041.swc,331,42,5,L5:mapped:40,95.14200000000118,1.9829
252385::041.swc,331,42,5,L5:mapped:1009,8.633999999999993,0.9838
252385::041.swc,331,42,6,L6:mapped:39,7.002999999999997,0.9033
252385::041.swc,331,42,6,L6:mapped:42,95.14200000000118,1.9829
252385::041.swc,331,42,6,L6:mapped:1009,8.633999999999993,0.9838
252385::042.swc,331,42,1,L1:mapped:1,40.978999999999935,1.623
252385::042.swc,331,42,2,L2:mapped:16,40.978999999999935,1.623
252385::042.swc,331,42,3,L3:mapped:37,40.978999999999935,1.623
252385::042.swc,331,42,4,L4:mapped:38,40.978999999999935,1.623
252385::042.swc,331,42,5,L5:mapped:40,40.978999999999935,1.623
252385::042.swc,331,42,6,L6:mapped:42,40.978999999999935,1.623
252385::043.swc,331,42,1,L1:mapped:1,43.30000000000001,1.6464
252385::043.swc,331,42,2,L2:mapped:16,43.30000000000001,1.6464
252385::043.swc,331,42,3,L3:mapped:37,43.30000000000001,1.6464
252385::043.swc,331,42,4,L4:mapped:38,43.30000000000001,1.6464
252385::043.swc,331,42,5,L5:mapped:40,43.30000000000001,1.6464
252385::043.swc,331,42,6,L6:mapped:42,43.30000000000001,1.6464
252385::044.swc,331,42,1,L1:mapped:1,141.22500000000164,2.153
252385::044.swc,331,42,2,L2:mapped:16,141.22500000000164,2.153
252385::044.swc,331,42,3,L3:mapped:37,141.22500000000164,2.153
252385::044.swc,331,42,4,L4:mapped:38,141.22500000000164,2.153
252385::044.swc,331,42,5,L5:mapped:40,141.22500000000164,2.153
252385::044.swc,331,42,6,L6:mapped:42,141.22500000000164,2.153
252385::045.swc,331,42,1,L1:mapped:1,45.76700000000013,1.6699
252385::045.swc,331,42,1,L1:mapped:1001,58.52499999999993,1.7747
252385::045.swc,331,42,2,L2:mapped:16,45.76700000000013,1.6699
252385::045.swc,331,42,2,L2:mapped:1002,29.194000000000017,1.4799
252385::045.swc,331,42,2,L2:mapped:1050,29.330999999999975,1.4819
252385::045.swc,331,42,3,L3:mapped:37,45.76700000000013,1.6699
252385::045.swc,331,42,3,L3:mapped:1003,23.31899999999998,1.3859
252385::045.swc,331,42,3,L3:mapped:1005,5.874999999999998,0.8373
252385::045.swc,331,42,3,L3:mapped:1051,29.330999999999975,1.4819
252385::045.swc,331,42,4,L4:mapped:38,45.76700000000013,1.6699
252385::045.swc,331,42,4,L4:mapped:1004,23.31899999999998,1.3859
252385::045.swc,331,42,4,L4:mapped:1009,5.874999999999998,0.8373
252385::045.swc,331,42,4,L4:mapped:1052,29.330999999999975,1.4819
252385::045.swc,331,42,5,L5:mapped:40,45.76700000000013,1.6699
252385::045.swc,331,42,5,L5:mapped:1004,23.31899999999998,1.3859
252385::045.swc,331,42,5,L5:mapped:1009,5.874999999999998,0.8373
252385::045.swc,331,42,5,L5:mapped:1056,29.330999999999975,1.4819
252385::045.swc,331,42,6,L6:mapped:41,2.351999999999999,0.5253
252385::045.swc,331,42,6,L6:mapped:42,43.415000000000106,1.6475
252385::045.swc,331,42,6,L6:mapped:1004,23.31899999999998,1.3859
252385::045.swc,331,42,6,L6:mapped:1009,5.874999999999998,0.8373
252385::045.swc,331,42,6,L6:mapped:1056,29.330999999999975,1.4819
252385::046.swc,331,42,1,L1:mapped:1,1971.5889999999247,3.295
252385::046.swc,331,42,1,L1:mapped:138,313.71299999999593,2.4979
252385::046.swc,331,42,1,L1:mapped:1001,150.1610000000013,2.1794
252385::046.swc,331,42,2,L2:mapped:2,539.1519999999898,2.7325
252385::046.swc,331,42,2,L2:mapped:16,1400.7639999999433,3.1467
252385::046.swc,331,42,2,L2:mapped:77,31.205000000000013,1.5079
252385::046.swc,331,42,2,L2:mapped:139,12.796000000000001,1.1398
252385::046.swc,331,42,2,L2:mapped:165,294.7419999999963,2.4709
252385::046.swc,331,42,2,L2:mapped:175,6.174999999999997,0.8558
252385::046.swc,331,42,2,L2:mapped:1002,6.909999999999991,0.8982
252385::046.swc,331,42,2,L2:mapped:1050,143.25100000000162,2.1591
252385::046.swc,331,42,3,L3:mapped:3,539.1519999999898,2.7325
252385::046.swc,331,42,3,L3:mapped:17,55.871999999999844,1.7549
252385::046.swc,331,42,3,L3:mapped:25,260.2939999999976,2.4171
252385::046.swc,331,42,3,L3:mapped:37,1084.5979999999756,3.0357
252385::046.swc,331,42,3,L3:mapped:78,31.205000000000013,1.5079
252385::046.swc,331,42,3,L3:mapped:153,12.796000000000001,1.1398
252385::046.swc,331,42,3,L3:mapped:165,294.7419999999963,2.4709
252385::046.swc,331,42,3,L3:mapped:177,6.174999999999997,0.8558
252385::046.swc,331,42,3,L3:mapped:1003,6.888999999999991,0.897
252385::046.swc,331,42,3,L3:mapped:1005,0.021,0.009
252385::046.swc,331,42,3,L3:mapped:1051,143.25100000000162,2.1591
252385::046.swc,331,42,4,L4:mapped:4,77.1950000000002,1.8932
252385::046.swc,331,42,4,L4:mapped:6,457.0749999999919,2.6609
252385::046.swc,331,42,4,L4:mapped:22,40.73599999999987,1.6205
252385::046.swc,331,42,4,L4:mapped:26,133.20500000000166,2.1278
252385::046.swc,331,42,4,L4:mapped:34,127.08900000000187,2.1075
252385::046.swc,331,42,4,L4:mapped:38,684.864999999987,2.8362
252385::046.swc,331,42,4,L4:mapped:47,368.71999999999366,2.5679
252385::046.swc,331,42,4,L4:mapped:80,31.205000000000013,1.5079
252385::046.swc,331,42,4,L4:mapped:160,12.796000000000001,1.1398
252385::046.swc,331,42,4,L4:mapped:167,260.00599999999827,2.4167
252385::046.swc,331,42,4,L4:mapped:178,6.174999999999997,0.8558
252385::046.swc,331,42,4,L4:mapped:1004,6.888999999999991,0.897
252385::046.swc,331,42,4,L4:mapped:1009,0.021,0.009
252385::046.swc,331,42,4,L4:mapped:1052,75.51700000000017,1.8838
252385::046.swc,331,42,4,L4:mapped:1059,67.73400000000008,1.8372
252385::046.swc,331,42,5,L5:mapped:4,77.1950000000002,1.8932
252385::046.swc,331,42,5,L5:mapped:7,300.6719999999977,2.4795
252385::046.swc,331,42,5,L5:mapped:10,156.40300000000042,2.197
252385::046.swc,331,42,5,L5:mapped:22,40.73599999999987,1.6205
252385::046.swc,331,42,5,L5:mapped:30,133.20500000000166,2.1278
252385::046.swc,331,42,5,L5:mapped:34,127.08900000000187,2.1075
252385::046.swc,331,42,5,L5:mapped:39,46.225999999999964,1.6742
252385::046.swc,331,42,5,L5:mapped:40,638.6389999999884,2.8059
252385::046.swc,331,42,5,L5:mapped:49,368.71999999999366,2.5679
252385::046.swc,331,42,5,L5:mapped:84,31.205000000000013,1.5079
252385::046.swc,331,42,5,L5:mapped:162,12.796000000000001,1.1398
252385::046.swc,331,42,5,L5:mapped:168,180.41000000000088,2.2587
252385::046.swc,331,42,5,L5:mapped:171,79.59600000000067,1.9063
252385::046.swc,331,42,5,L5:mapped:182,6.174999999999997,0.8558
252385::046.swc,331,42,5,L5:mapped:1004,6.888999999999991,0.897
252385::046.swc,331,42,5,L5:mapped:1009,0.021,0.009
252385::046.swc,331,42,5,L5:mapped:1056,75.51700000000017,1.8838
252385::046.swc,331,42,5,L5:mapped:1060,67.16900000000004,1.8336
252385::046.swc,331,42,6,L6:mapped:4,77.1950000000002,1.8932
252385::046.swc,331,42,6,L6:mapped:9,300.6719999999977,2.4795
252385::046.swc,331,42,6,L6:mapped:10,156.40300000000042,2.197
252385::046.swc,331,42,6,L6:mapped:24,40.73599999999987,1.6205
252385::046.swc,331,42,6,L6:mapped:31,28.35199999999999,1.4676
252385::046.swc,331,42,6,L6:mapped:32,102.94300000000105,2.0168
252385::046.swc,331,42,6,L6:mapped:33,1.9100000000000001,0.4639
252385::046.swc,331,42,6,L6:mapped:36,127.08900000000187,2.1075
252385::046.swc,331,42,6,L6:mapped:39,46.225999999999964,1.6742
252385::046.swc,331,42,6,L6:mapped:41,165.6220000000009,2.2217
252385::046.swc,331,42,6,L6:mapped:42,473.0169999999919,2.6758
252385::046.swc,331,42,6,L6:mapped:49,368.71999999999366,2.5679
252385::046.swc,331,42,6,L6:mapped:86,31.205000000000013,1.5079
252385::046.swc,331,42,6,L6:mapped:164,12.796000000000001,1.1398
252385::046.swc,331,42,6,L6:mapped:170,180.41000000000088,2.2587
252385::046.swc,331,42,6,L6:mapped:173,79.51100000000065,1.9059
252385::046.swc,331,42,6,L6:mapped:183,6.174999999999997,0.8558
252385::046.swc,331,42,6,L6:mapped:1004,6.888999999999991,0.897
252385::046.swc,331,42,6,L6:mapped:1009,0.021,0.009
252385::046.swc,331,42,6,L6:mapped:1056,75.51700000000017,1.8838
252385::046.swc,331,42,6,L6:mapped:1060,67.16900000000004,1.8336
252385::047.swc,331,1004,1,L1:mapped:1,22.625999999999948,1.3734
252385::047.swc,331,1004,1,L1:mapped:138,88.21600000000085,1.9504
252385::047.swc,331,1004,1,L1:mapped:1001,615.4209999999832,2.7899
252385::047.swc,331,1004,2,L2:mapped:16,22.625999999999948,1.3734
252385::047.swc,331,1004,2,L2:mapped:139,84.90800000000063,1.934
252385::047.swc,331,1004,2,L2:mapped:1002,204.33599999999933,2.3125
252385::047.swc,331,1004,2,L2:mapped:1010,359.08199999999334,2.5564
252385::047.swc,331,1004,2,L2:mapped:1024,49.120000000000054,1.7
252385::047.swc,331,1004,2,L2:mapped:1050,2.882999999999998,0.5892
252385::047.swc,331,1004,3,L3:mapped:37,22.625999999999948,1.3734
252385::047.swc,331,1004,3,L3:mapped:153,84.90800000000063,1.934
252385::047.swc,331,1004,3,L3:mapped:1003,203.5399999999993,2.3108
252385::047.swc,331,1004,3,L3:mapped:1005,0.7960000000000002,0.2543
252385::047.swc,331,1004,3,L3:mapped:1011,359.08199999999334,2.5564
252385::047.swc,331,1004,3,L3:mapped:1025,49.120000000000054,1.7
252385::047.swc,331,1004,3,L3:mapped:1051,2.882999999999998,0.5892
252385::047.swc,331,1004,4,L4:mapped:38,22.625999999999948,1.3734
252385::047.swc,331,1004,4,L4:mapped:154,84.90800000000063,1.934
252385::047.swc,331,1004,4,L4:mapped:1004,203.5399999999993,2.3108
252385::047.swc,331,1004,4,L4:mapped:1006,0.7960000000000002,0.2543
252385::047.swc,331,1004,4,L4:mapped:1012,359.08199999999334,2.5564
252385::047.swc,331,1004,4,L4:mapped:1026,8.273999999999994,0.9673
252385::047.swc,331,1004,4,L4:mapped:1030,40.846000000000046,1.6217
252385::047.swc,331,1004,4,L4:mapped:1052,2.882999999999998,0.5892
252385::047.swc,331,1004,5,L5:mapped:39,7.482000000000003,0.9285
252385::047.swc,331,1004,5,L5:mapped:40,15.143999999999998,1.208
252385::047.swc,331,1004,5,L5:mapped:155,19.917999999999967,1.3205
252385::047.swc,331,1004,5,L5:mapped:158,19.70499999999997,1.3161
252385::047.swc,331,1004,5,L5:mapped:1004,203.5399999999993,2.3108
252385::047.swc,331,1004,5,L5:mapped:1007,0.7960000000000002,0.2543
252385::047.swc,331,1004,5,L5:mapped:1013,258.7209999999969,2.4145
252385::047.swc,331,1004,5,L5:mapped:1016,100.36100000000162,2.0059
252385::047.swc,331,1004,5,L5:mapped:1029,7.807999999999991,0.9449
252385::047.swc,331,1004,5,L5:mapped:1034,40.846000000000046,1.6217
252385::047.swc,331,1004,5,L5:mapped:1056,2.882999999999998,0.5892
252385::047.swc,331,1004,6,L6:mapped:39,7.482000000000003,0.9285
252385::047.swc,331,1004,6,L6:mapped:41,7.0449999999999955,0.9055
252385::047.swc,331,1004,6,L6:mapped:42,8.098999999999995,0.959
252385::047.swc,331,1004,6,L6:mapped:156,19.917999999999967,1.3205
252385::047.swc,331,1004,6,L6:mapped:158,19.70499999999997,1.3161
252385::047.swc,331,1004,6,L6:mapped:1004,203.5399999999993,2.3108
252385::047.swc,331,1004,6,L6:mapped:1007,0.7960000000000002,0.2543
252385::047.swc,331,1004,6,L6:mapped:1014,152.07700000000122,2.1849
252385::047.swc,331,1004,6,L6:mapped:1015,106.64400000000144,2.032
252385::047.swc,331,1004,6,L6:mapped:1016,100.36100000000162,2.0059
252385::047.swc,331,1004,6,L6:mapped:1029,7.807999999999991,0.9449
252385::047.swc,331,1004,6,L6:mapped:1034,40.846000000000046,1.6217
252385::047.swc,331,1004,6,L6:mapped:1056,2.882999999999998,0.5892
252385::048.swc,331,0,1,L1:mapped:1,21.815999999999992,1.3582
252385::048.swc,331,0,1,L1:mapped:1001,517.6469999999894,2.7149
252385::048.swc,331,0,2,L2:mapped:16,21.815999999999992,1.3582
252385::048.swc,331,0,2,L2:mapped:1002,306.09499999999457,2.4873
252385::048.swc,331,0,2,L2:mapped:1050,210.2140000000002,2.3247
252385::048.swc,331,0,3,L3:mapped:37,21.815999999999992,1.3582
252385::048.swc,331,0,3,L3:mapped:1003,306.09499999999457,2.4873
252385::048.swc,331,0,3,L3:mapped:1051,210.1740000000002,2.3246
252385::048.swc,331,0,4,L4:mapped:38,21.815999999999992,1.3582
252385::048.swc,331,0,4,L4:mapped:1004,306.09499999999457,2.4873
252385::048.swc,331,0,4,L4:mapped:1052,203.87500000000017,2.3115
252385::048.swc,331,0,5,L5:mapped:39,2.1709999999999985,0.5012
252385::048.swc,331,0,5,L5:mapped:40,19.644999999999996,1.3148
252385::048.swc,331,0,5,L5:mapped:1004,306.09499999999457,2.4873
252385::048.swc,331,0,5,L5:mapped:1056,203.87500000000017,2.3115
252385::048.swc,331,0,6,L6:mapped:39,2.1709999999999985,0.5012
252385::048.swc,331,0,6,L6:mapped:41,10.309,1.0534
252385::048.swc,331,0,6,L6:mapped:42,9.336000000000002,1.0144
252385::048.swc,331,0,6,L6:mapped:1004,306.09499999999457,2.4873
252385::048.swc,331,0,6,L6:mapped:1056,203.87500000000017,2.3115
252385::049.swc,331,1004,1,L1:mapped:1,152.6260000000012,2.1865
252385::049.swc,331,1004,1,L1:mapped:1001,332.60699999999554,2.5232
252385::049.swc,331,1004,2,L2:mapped:16,101.99400000000115,2.0128
252385::049.swc,331,1004,2,L2:mapped:77,50.63199999999993,1.7129
252385::049.swc,331,1004,2,L2:mapped:1002,326.6579999999957,2.5154
252385::049.swc,331,1004,3,L3:mapped:25,51.15300000000011,1.7173
252385::049.swc,331,1004,3,L3:mapped:37,50.840999999999944,1.7147
252385::049.swc,331,1004,3,L3:mapped:78,50.63199999999993,1.7129
252385::049.swc,331,1004,3,L3:mapped:1003,326.6579999999957,2.5154
252385::049.swc,331,1004,4,L4:mapped:26,47.242000000000104,1.6834
252385::049.swc,331,1004,4,L4:mapped:34,3.9109999999999974,0.6912
252385::049.swc,331,1004,4,L4:mapped:47,45.20899999999996,1.6647
252385::049.swc,331,1004,4,L4:mapped:80,50.63199999999993,1.7129
252385::049.swc,331,1004,4,L4:mapped:1004,326.6579999999957,2.5154
252385::049.swc,331,1004,5,L5:mapped:30,47.242000000000104,1.6834
252385::049.swc,331,1004,5,L5:mapped:34,3.9109999999999974,0.6912
252385::049.swc,331,1004,5,L5:mapped:49,43.250999999999976,1.6459
252385::049.swc,331,1004,5,L5:mapped:84,50.63199999999993,1.7129
252385::049.swc,331,1004,5,L5:mapped:1004,326.6579999999957,2.5154
252385::049.swc,331,1004,6,L6:mapped:33,47.242000000000104,1.6834
252385::049.swc,331,1004,6,L6:mapped:36,3.9109999999999974,0.6912
252385::049.swc,331,1004,6,L6:mapped:49,43.250999999999976,1.6459
252385::049.swc,331,1004,6,L6:mapped:86,50.63199999999993,1.7129
252385::049.swc,331,1004,6,L6:mapped:1004,326.6579999999957,2.5154
252385::050.swc,331,549,1,L1:mapped:1,291.27599999999853,2.4658
252385::050.swc,331,549,1,L1:mapped:501,1263.5939999999694,3.102
252385::050.swc,331,549,1,L1:mapped:590,108.7510000000012,2.0404
252385::050.swc,331,549,2,L2:mapped:2,259.24499999999904,2.4154
252385::050.swc,331,549,2,L2:mapped:16,32.030999999999985,1.5189
252385::050.swc,331,549,2,L2:mapped:516,1242.2299999999723,3.0946
252385::050.swc,331,549,2,L2:mapped:550,9.548999999999996,1.0232
252385::050.swc,331,549,2,L2:mapped:577,10.561999999999994,1.063
252385::050.swc,331,549,2,L2:mapped:591,108.7510000000012,2.0404
252385::050.swc,331,549,3,L3:mapped:3,259.24499999999904,2.4154
252385::050.swc,331,549,3,L3:mapped:37,27.33199999999998,1.4523
252385::050.swc,331,549,3,L3:mapped:525,234.54899999999915,2.3721
252385::050.swc,331,549,3,L3:mapped:537,1007.6809999999797,3.0038
252385::050.swc,331,549,3,L3:mapped:564,9.548999999999996,1.0232
252385::050.swc,331,549,3,L3:mapped:578,10.561999999999994,1.063
252385::050.swc,331,549,3,L3:mapped:595,108.7510000000012,2.0404
252385::050.swc,331,549,4,L4:mapped:6,259.24499999999904,2.4154
252385::050.swc,331,549,4,L4:mapped:47,24.092999999999957,1.3996
252385::050.swc,331,549,4,L4:mapped:526,172.98400000000035,2.2405
252385::050.swc,331,549,4,L4:mapped:534,61.56499999999992,1.7963
252385::050.swc,331,549,4,L4:mapped:538,178.9950000000012,2.2553
252385::050.swc,331,549,4,L4:mapped:547,828.685999999984,2.9189
252385::050.swc,331,549,4,L4:mapped:565,9.548999999999996,1.0232
252385::050.swc,331,549,4,L4:mapped:580,10.561999999999994,1.063
252385::050.swc,331,549,4,L4:mapped:595,108.7510000000012,2.0404
252385::050.swc,331,549,5,L5:mapped:10,256.59299999999917,2.4109
252385::050.swc,331,549,5,L5:mapped:49,24.092999999999957,1.3996
252385::050.swc,331,549,5,L5:mapped:527,83.94300000000032,1.9291
252385::050.swc,331,549,5,L5:mapped:530,89.0410000000005,1.9544
252385::050.swc,331,549,5,L5:mapped:534,61.56499999999992,1.7963
252385::050.swc,331,549,5,L5:mapped:540,178.9950000000012,2.2553
252385::050.swc,331,549,5,L5:mapped:548,8.697000000000001,0.9866
252385::050.swc,331,549,5,L5:mapped:549,819.9889999999849,2.9143
252385::050.swc,331,549,5,L5:mapped:569,9.548999999999996,1.0232
252385::050.swc,331,549,5,L5:mapped:584,10.561999999999994,1.063
252385::050.swc,331,549,5,L5:mapped:595,108.7510000000012,2.0404
252385::050.swc,331,549,6,L6:mapped:10,256.59299999999917,2.4109
252385::050.swc,331,549,6,L6:mapped:49,24.092999999999957,1.3996
252385::050.swc,331,549,6,L6:mapped:529,83.94300000000032,1.9291
252385::050.swc,331,549,6,L6:mapped:532,47.10199999999998,1.6822
252385::050.swc,331,549,6,L6:mapped:533,41.93899999999999,1.6329
252385::050.swc,331,549,6,L6:mapped:536,61.56499999999992,1.7963
252385::050.swc,331,549,6,L6:mapped:541,178.9950000000012,2.2553
252385::050.swc,331,549,6,L6:mapped:548,8.697000000000001,0.9866
252385::050.swc,331,549,6,L6:mapped:549,819.9889999999849,2.9143
252385::050.swc,331,549,6,L6:mapped:570,9.548999999999996,1.0232
252385::050.swc,331,549,6,L6:mapped:586,10.561999999999994,1.063
252385::050.swc,331,549,6,L6:mapped:595,108.7510000000012,2.0404
252385::051.swc,331,549,1,L1:mapped:501,297.033999999996,2.4743
252385::051.swc,331,549,1,L1:mapped:590,3.109000000000001,0.6137
252385::051.swc,331,549,1,L1:mapped:1082,8.638999999999998,0.984
252385::051.swc,331,549,1,L1:mapped:1582,59.89199999999985,1.7846
252385::051.swc,331,549,2,L2:mapped:516,263.3879999999971,2.4222
252385::051.swc,331,549,2,L2:mapped:577,33.646,1.5397
252385::051.swc,331,549,2,L2:mapped:591,3.109000000000001,0.6137
252385::051.swc,331,549,2,L2:mapped:1113,8.638999999999998,0.984
252385::051.swc,331,549,2,L2:mapped:1613,46.57999999999986,1.6774
252385::051.swc,331,549,3,L3:mapped:537,263.3879999999971,2.4222
252385::051.swc,331,549,3,L3:mapped:578,33.646,1.5397
252385::051.swc,331,549,3,L3:mapped:595,3.109000000000001,0.6137
252385::051.swc,331,549,3,L3:mapped:1127,1.8059999999999994,0.4481
252385::051.swc,331,549,3,L3:mapped:1615,1.0410000000000004,0.3098
252385::051.swc,331,549,3,L3:mapped:1635,24.86299999999999,1.4127
252385::051.swc,331,549,4,L4:mapped:538,18.052999999999994,1.28
252385::051.swc,331,549,4,L4:mapped:547,245.3349999999975,2.3915
252385::051.swc,331,549,4,L4:mapped:580,33.646,1.5397
252385::051.swc,331,549,4,L4:mapped:595,3.109000000000001,0.6137
252385::051.swc,331,549,4,L4:mapped:1127,1.8059999999999994,0.4481
252385::051.swc,331,549,4,L4:mapped:1619,1.0410000000000004,0.3098
252385::051.swc,331,549,4,L4:mapped:1643,22.299999999999986,1.3674
252385::051.swc,331,549,5,L5:mapped:540,18.052999999999994,1.28
252385::051.swc,331,549,5,L5:mapped:549,245.3349999999975,2.3915
252385::051.swc,331,549,5,L5:mapped:584,33.646,1.5397
252385::051.swc,331,549,5,L5:mapped:595,3.109000000000001,0.6137
252385::051.swc,331,549,5,L5:mapped:1133,1.7679999999999993,0.4422
252385::051.swc,331,549,5,L5:mapped:1621,1.0410000000000004,0.3098
252385::051.swc,331,549,5,L5:mapped:1647,22.299999999999986,1.3674
252385::051.swc,331,549,6,L6:mapped:542,18.052999999999994,1.28
252385::051.swc,331,549,6,L6:mapped:549,245.3349999999975,2.3915
252385::051.swc,331,549,6,L6:mapped:586,33.646,1.5397
252385::051.swc,331,549,6,L6:mapped:595,3.109000000000001,0.6137
252385::051.swc,331,549,6,L6:mapped:1133,1.7679999999999993,0.4422
252385::051.swc,331,549,6,L6:mapped:1621,1.0410000000000004,0.3098
252385::051.swc,331,549,6,L6:mapped:1647,22.299999999999986,1.3674
252385::052.swc,331,549,1,L1:mapped:501,145.52000000000157,2.1659
252385::052.swc,331,549,2,L2:mapped:516,145.52000000000157,2.1659
252385::052.swc,331,549,3,L3:mapped:537,145.52000000000157,2.1659
252385::052.swc,331,549,4,L4:mapped:547,145.52000000000157,2.1659
252385::052.swc,331,549,5,L5:mapped:549,145.52000000000157,2.1659
252385::052.swc,331,549,6,L6:mapped:549,145.52000000000157,2.1659
252385::053.swc,331,549,1,L1:mapped:501,217.8499999999996,2.3401
252385::053.swc,331,549,1,L1:mapped:638,63.698999999999884,1.8109
252385::053.swc,331,549,1,L1:mapped:1501,36.23499999999998,1.571
252385::053.swc,331,549,2,L2:mapped:516,217.8499999999996,2.3401
252385::053.swc,331,549,2,L2:mapped:724,63.698999999999884,1.8109
252385::053.swc,331,549,2,L2:mapped:1550,15.071999999999948,1.2061
252385::053.swc,331,549,3,L3:mapped:537,204.9409999999999,2.3137
252385::053.swc,331,549,3,L3:mapped:724,63.698999999999884,1.8109
252385::053.swc,331,549,3,L3:mapped:1551,15.071999999999948,1.2061
252385::053.swc,331,549,4,L4:mapped:538,33.136,1.5332
252385::053.swc,331,549,4,L4:mapped:547,171.80500000000083,2.2376
252385::053.swc,331,549,4,L4:mapped:725,63.698999999999884,1.8109
252385::053.swc,331,549,4,L4:mapped:1552,15.071999999999948,1.2061
252385::053.swc,331,549,5,L5:mapped:540,33.136,1.5332
252385::053.swc,331,549,5,L5:mapped:549,171.80500000000083,2.2376
252385::053.swc,331,549,5,L5:mapped:727,63.698999999999884,1.8109
252385::053.swc,331,549,5,L5:mapped:1556,15.071999999999948,1.2061
252385::053.swc,331,549,6,L6:mapped:542,16.988999999999997,1.255
252385::053.swc,331,549,6,L6:mapped:549,171.80500000000083,2.2376
252385::053.swc,331,549,6,L6:mapped:728,63.698999999999884,1.8109
252385::053.swc,331,549,6,L6:mapped:1556,15.071999999999948,1.2061
252385::054.swc,331,549,1,L1:mapped:501,40.31999999999994,1.6162
252385::054.swc,331,549,2,L2:mapped:516,40.31999999999994,1.6162
252385::054.swc,331,549,3,L3:mapped:537,40.31999999999994,1.6162
252385::054.swc,331,549,4,L4:mapped:538,0.527,0.1838
252385::054.swc,331,549,4,L4:mapped:547,39.79299999999994,1.6106
252385::054.swc,331,549,5,L5:mapped:540,0.527,0.1838
252385::054.swc,331,549,5,L5:mapped:549,39.79299999999994,1.6106
252385::054.swc,331,549,6,L6:mapped:542,0.527,0.1838
252385::054.swc,331,549,6,L6:mapped:549,39.79299999999994,1.6106
252385::055.swc,331,549,1,L1:mapped:501,249.14399999999762,2.3982
252385::055.swc,331,549,1,L1:mapped:1501,72.55800000000009,1.8666
252385::055.swc,331,549,2,L2:mapped:516,159.04700000000065,2.2042
252385::055.swc,331,549,2,L2:mapped:550,29.882999999999925,1.4897
252385::055.swc,331,549,2,L2:mapped:577,60.21400000000005,1.7869
252385::055.swc,331,549,2,L2:mapped:1550,67.02999999999986,1.8327
252385::055.swc,331,549,3,L3:mapped:537,159.04700000000065,2.2042
252385::055.swc,331,549,3,L3:mapped:564,29.882999999999925,1.4897
252385::055.swc,331,549,3,L3:mapped:578,60.21400000000005,1.7869
252385::055.swc,331,549,3,L3:mapped:1551,67.02999999999986,1.8327
252385::055.swc,331,549,4,L4:mapped:538,22.211000000000002,1.3657
252385::055.swc,331,549,4,L4:mapped:547,136.83600000000155,2.1394
252385::055.swc,331,549,4,L4:mapped:572,29.882999999999925,1.4897
252385::055.swc,331,549,4,L4:mapped:580,60.21400000000005,1.7869
252385::055.swc,331,549,4,L4:mapped:1552,67.02999999999986,1.8327
252385::055.swc,331,549,5,L5:mapped:540,22.211000000000002,1.3657
252385::055.swc,331,549,5,L5:mapped:549,133.09600000000162,2.1274
252385::055.swc,331,549,5,L5:mapped:576,29.882999999999925,1.4897
252385::055.swc,331,549,5,L5:mapped:584,60.21400000000005,1.7869
252385::055.swc,331,549,5,L5:mapped:1556,67.02999999999986,1.8327
252385::055.swc,331,549,6,L6:mapped:543,11.133999999999997,1.084
252385::055.swc,331,549,6,L6:mapped:549,133.09600000000162,2.1274
252385::055.swc,331,549,6,L6:mapped:576,29.882999999999925,1.4897
252385::055.swc,331,549,6,L6:mapped:586,60.21400000000005,1.7869
252385::055.swc,331,549,6,L6:mapped:1556,67.02999999999986,1.8327
252385::056.swc,331,549,1,L1:mapped:501,140.90200000000144,2.152
252385::056.swc,331,549,2,L2:mapped:516,140.90200000000144,2.152
252385::056.swc,331,549,3,L3:mapped:537,140.90200000000144,2.152
252385::056.swc,331,549,4,L4:mapped:547,140.90200000000144,2.152
252385::056.swc,331,549,5,L5:mapped:549,140.90200000000144,2.152
252385::056.swc,331,549,6,L6:mapped:549,140.90200000000144,2.152
252385::057.swc,331,549,1,L1:mapped:501,45.34600000000005,1.666
252385::057.swc,331,549,2,L2:mapped:516,45.34600000000005,1.666
252385::057.swc,331,549,3,L3:mapped:537,45.34600000000005,1.666
252385::057.swc,331,549,4,L4:mapped:547,45.34600000000005,1.666
252385::057.swc,331,549,5,L5:mapped:549,45.34600000000005,1.666
252385::057.swc,331,549,6,L6:mapped:549,45.34600000000005,1.666
252385::058.swc,331,549,1,L1:mapped:501,47.66199999999997,1.6872
252385::058.swc,331,549,2,L2:mapped:516,47.66199999999997,1.6872
252385::058.swc,331,549,3,L3:mapped:537,47.66199999999997,1.6872
252385::058.swc,331,549,4,L4:mapped:547,47.66199999999997,1.6872
252385::058.swc,331,549,5,L5:mapped:549,47.66199999999997,1.6872
252385::058.swc,331,549,6,L6:mapped:549,47.66199999999997,1.6872
252385::059.swc,331,549,1,L1:mapped:501,12.382999999999997,1.1266
252385::059.swc,331,549,2,L2:mapped:516,12.382999999999997,1.1266
252385::059.swc,331,549,3,L3:mapped:537,12.382999999999997,1.1266
252385::059.swc,331,549,4,L4:mapped:547,12.382999999999997,1.1266
252385::059.swc,331,549,5,L5:mapped:549,12.382999999999997,1.1266
252385::059.swc,331,549,6,L6:mapped:549,12.382999999999997,1.1266
252385::060.swc,331,549,1,L1:mapped:501,182.92499999999976,2.2646
252385::060.swc,331,549,2,L2:mapped:516,182.92499999999976,2.2646
252385::060.swc,331,549,3,L3:mapped:537,182.92499999999976,2.2646
252385::060.swc,331,549,4,L4:mapped:547,182.92499999999976,2.2646
252385::060.swc,331,549,5,L5:mapped:549,182.92499999999976,2.2646
252385::060.swc,331,549,6,L6:mapped:549,182.92499999999976,2.2646
252385::061.swc,331,549,1,L1:mapped:501,122.68700000000212,2.0923
252385::061.swc,331,549,2,L2:mapped:516,122.68700000000212,2.0923
252385::061.swc,331,549,3,L3:mapped:537,122.68700000000212,2.0923
252385::061.swc,331,549,4,L4:mapped:547,122.68700000000212,2.0923
252385::061.swc,331,549,5,L5:mapped:549,122.68700000000212,2.0923
252385::061.swc,331,549,6,L6:mapped:549,122.68700000000212,2.0923
252385::062.swc,331,549,1,L1:mapped:501,122.73300000000154,2.0925
252385::062.swc,331,549,2,L2:mapped:516,122.73300000000154,2.0925
252385::062.swc,331,549,3,L3:mapped:537,122.73300000000154,2.0925
252385::062.swc,331,549,4,L4:mapped:538,6.9739999999999975,0.9017
252385::062.swc,331,549,4,L4:mapped:547,115.75900000000131,2.0673
252385::062.swc,331,549,5,L5:mapped:540,6.9739999999999975,0.9017
252385::062.swc,331,549,5,L5:mapped:549,115.75900000000131,2.0673
252385::062.swc,331,549,6,L6:mapped:541,5.634999999999997,0.8218
252385::062.swc,331,549,6,L6:mapped:549,115.75900000000131,2.0673
252385::063.swc,331,542,1,L1:mapped:501,692.0129999999909,2.8407
252385::063.swc,331,542,1,L1:mapped:638,141.32900000000194,2.1533
252385::063.swc,331,542,1,L1:mapped:1501,25.293999999999993,1.4199
252385::063.swc,331,542,2,L2:mapped:516,692.0129999999909,2.8407
252385::063.swc,331,542,2,L2:mapped:665,9.600999999999981,1.0253
252385::063.swc,331,542,2,L2:mapped:724,131.72800000000188,2.123
252385::063.swc,331,542,2,L2:mapped:1502,25.293999999999993,1.4199
252385::063.swc,331,542,3,L3:mapped:537,692.0129999999909,2.8407
252385::063.swc,331,542,3,L3:mapped:665,9.600999999999981,1.0253
252385::063.swc,331,542,3,L3:mapped:724,131.72800000000188,2.123
252385::063.swc,331,542,3,L3:mapped:1503,6.874999999999995,0.8963
252385::063.swc,331,542,3,L3:mapped:1505,18.41899999999999,1.2882
252385::063.swc,331,542,4,L4:mapped:538,416.9579999999967,2.6211
252385::063.swc,331,542,4,L4:mapped:547,275.0549999999973,2.441
252385::063.swc,331,542,4,L4:mapped:666,9.600999999999981,1.0253
252385::063.swc,331,542,4,L4:mapped:725,131.72800000000188,2.123
252385::063.swc,331,542,4,L4:mapped:1504,6.874999999999995,0.8963
252385::063.swc,331,542,4,L4:mapped:1509,18.41899999999999,1.2882
252385::063.swc,331,542,5,L5:mapped:539,3.666999999999998,0.669
252385::063.swc,331,542,5,L5:mapped:540,413.29099999999664,2.6173
252385::063.swc,331,542,5,L5:mapped:548,10.946000000000005,1.0772
252385::063.swc,331,542,5,L5:mapped:549,264.1089999999981,2.4234
252385::063.swc,331,542,5,L5:mapped:666,9.600999999999981,1.0253
252385::063.swc,331,542,5,L5:mapped:727,131.72800000000188,2.123
252385::063.swc,331,542,5,L5:mapped:1504,6.874999999999995,0.8963
252385::063.swc,331,542,5,L5:mapped:1509,18.41899999999999,1.2882
252385::063.swc,331,542,6,L6:mapped:539,3.666999999999998,0.669
252385::063.swc,331,542,6,L6:mapped:541,43.71600000000001,1.6505
252385::063.swc,331,542,6,L6:mapped:542,348.3679999999977,2.5433
252385::063.swc,331,542,6,L6:mapped:548,10.946000000000005,1.0772
252385::063.swc,331,542,6,L6:mapped:549,264.1089999999981,2.4234
252385::063.swc,331,542,6,L6:mapped:666,9.600999999999981,1.0253
252385::063.swc,331,542,6,L6:mapped:728,131.72800000000188,2.123
252385::063.swc,331,542,6,L6:mapped:1504,6.874999999999995,0.8963
252385::063.swc,331,542,6,L6:mapped:1509,18.41899999999999,1.2882
252385::064.swc,331,549,1,L1:mapped:501,108.63800000000202,2.04
252385::064.swc,331,549,2,L2:mapped:516,108.63800000000202,2.04
252385::064.swc,331,549,3,L3:mapped:537,108.63800000000202,2.04
252385::064.swc,331,549,4,L4:mapped:547,108.63800000000202,2.04
252385::064.swc,331,549,5,L5:mapped:549,108.63800000000202,2.04
252385::064.swc,331,549,6,L6:mapped:549,108.63800000000202,2.04
252385::065.swc,331,549,1,L1:mapped:501,139.4840000000014,2.1476
252385::065.swc,331,549,2,L2:mapped:516,139.4840000000014,2.1476
252385::065.swc,331,549,3,L3:mapped:537,139.4840000000014,2.1476
252385::065.swc,331,549,4,L4:mapped:547,139.4840000000014,2.1476
252385::065.swc,331,549,5,L5:mapped:549,139.4840000000014,2.1476
252385::065.swc,331,549,6,L6:mapped:549,139.4840000000014,2.1476
252385::066.swc,331,542,1,L1:mapped:501,218.7839999999987,2.342
252385::066.swc,331,542,2,L2:mapped:516,218.7839999999987,2.342
252385::066.swc,331,542,3,L3:mapped:537,218.7839999999987,2.342
252385::066.swc,331,542,4,L4:mapped:538,146.52300000000113,2.1689
252385::066.swc,331,542,4,L4:mapped:547,72.26100000000025,1.8649
252385::066.swc,331,542,5,L5:mapped:540,146.52300000000113,2.1689
252385::066.swc,331,542,5,L5:mapped:549,72.26100000000025,1.8649
252385::066.swc,331,542,6,L6:mapped:542,146.52300000000113,2.1689
252385::066.swc,331,542,6,L6:mapped:549,72.26100000000025,1.8649
252385::067.swc,331,549,1,L1:mapped:501,210.9019999999994,2.3261
252385::067.swc,331,549,1,L1:mapped:638,36.56999999999996,1.5748
252385::067.swc,331,549,1,L1:mapped:1501,3.575999999999996,0.6605
252385::067.swc,331,549,2,L2:mapped:516,210.9019999999994,2.3261
252385::067.swc,331,549,2,L2:mapped:639,22.802999999999972,1.3766
252385::067.swc,331,549,2,L2:mapped:724,13.766999999999978,1.1693
252385::067.swc,331,549,2,L2:mapped:1502,3.575999999999996,0.6605
252385::067.swc,331,549,3,L3:mapped:537,210.9019999999994,2.3261
252385::067.swc,331,549,3,L3:mapped:653,22.802999999999972,1.3766
252385::067.swc,331,549,3,L3:mapped:724,13.766999999999978,1.1693
252385::067.swc,331,549,3,L3:mapped:1503,3.575999999999996,0.6605
252385::067.swc,331,549,4,L4:mapped:538,86.10700000000065,1.9401
252385::067.swc,331,549,4,L4:mapped:547,124.79500000000185,2.0997
252385::067.swc,331,549,4,L4:mapped:654,22.802999999999972,1.3766
252385::067.swc,331,549,4,L4:mapped:725,13.766999999999978,1.1693
252385::067.swc,331,549,4,L4:mapped:1504,3.575999999999996,0.6605
252385::067.swc,331,549,5,L5:mapped:539,3.3719999999999963,0.6407
252385::067.swc,331,549,5,L5:mapped:540,82.73500000000038,1.9229
252385::067.swc,331,549,5,L5:mapped:549,124.79500000000185,2.0997
252385::067.swc,331,549,5,L5:mapped:659,22.802999999999972,1.3766
252385::067.swc,331,549,5,L5:mapped:727,13.766999999999978,1.1693
252385::067.swc,331,549,5,L5:mapped:1504,3.575999999999996,0.6605
252385::067.swc,331,549,6,L6:mapped:539,3.3719999999999963,0.6407
252385::067.swc,331,549,6,L6:mapped:542,46.179999999999865,1.6738
252385::067.swc,331,549,6,L6:mapped:549,124.79500000000185,2.0997
252385::067.swc,331,549,6,L6:mapped:659,22.802999999999972,1.3766
252385::067.swc,331,549,6,L6:mapped:728,13.766999999999978,1.1693
252385::067.swc,331,549,6,L6:mapped:1504,3.575999999999996,0.6605
252385::068.swc,331,549,1,L1:mapped:501,205.90799999999976,2.3158
252385::068.swc,331,549,1,L1:mapped:638,157.44500000000124,2.1999
252385::068.swc,331,549,2,L2:mapped:516,205.90799999999976,2.3158
252385::068.swc,331,549,2,L2:mapped:724,157.44500000000124,2.1999
252385::068.swc,331,549,3,L3:mapped:537,205.90799999999976,2.3158
252385::068.swc,331,549,3,L3:mapped:724,157.44500000000124,2.1999
252385::068.swc,331,549,4,L4:mapped:538,47.75700000000003,1.688
252385::068.swc,331,549,4,L4:mapped:547,158.15100000000118,2.2018
252385::068.swc,331,549,4,L4:mapped:725,157.44500000000124,2.1999
252385::068.swc,331,549,5,L5:mapped:540,47.75700000000003,1.688
252385::068.swc,331,549,5,L5:mapped:549,158.15100000000118,2.2018
252385::068.swc,331,549,5,L5:mapped:727,157.44500000000124,2.1999
252385::068.swc,331,549,6,L6:mapped:542,37.69499999999999,1.5877
252385::068.swc,331,549,6,L6:mapped:549,158.15100000000118,2.2018
252385::068.swc,331,549,6,L6:mapped:728,157.44500000000124,2.1999
252385::069.swc,331,549,1,L1:mapped:501,79.19900000000041,1.9042
252385::069.swc,331,549,2,L2:mapped:516,79.19900000000041,1.9042
252385::069.swc,331,549,3,L3:mapped:537,79.19900000000041,1.9042
252385::069.swc,331,549,4,L4:mapped:538,41.283999999999885,1.6262
252385::069.swc,331,549,4,L4:mapped:547,37.91499999999993,1.5901
252385::069.swc,331,549,5,L5:mapped:540,41.283999999999885,1.6262
252385::069.swc,331,549,5,L5:mapped:549,37.91499999999993,1.5901
252385::069.swc,331,549,6,L6:mapped:542,41.283999999999885,1.6262
252385::069.swc,331,549,6,L6:mapped:549,37.91499999999993,1.5901
252385::070.swc,331,549,1,L1:mapped:501,107.45400000000149,2.0352
252385::070.swc,331,549,2,L2:mapped:516,107.45400000000149,2.0352
252385::070.swc,331,549,3,L3:mapped:537,107.45400000000149,2.0352
252385::070.swc,331,549,4,L4:mapped:538,2.6829999999999994,0.5662
252385::070.swc,331,549,4,L4:mapped:547,104.77100000000145,2.0244
252385::070.swc,331,549,5,L5:mapped:540,2.6829999999999994,0.5662
252385::070.swc,331,549,5,L5:mapped:549,104.77100000000145,2.0244
252385::070.swc,331,549,6,L6:mapped:542,2.6829999999999994,0.5662
252385::070.swc,331,549,6,L6:mapped:549,104.77100000000145,2.0244
252385::071.swc,331,549,1,L1:mapped:501,140.13000000000142,2.1496
252385::071.swc,331,549,1,L1:mapped:1501,13.058999999999989,1.148
252385::071.swc,331,549,2,L2:mapped:516,140.13000000000142,2.1496
252385::071.swc,331,549,2,L2:mapped:1502,13.058999999999989,1.148
252385::071.swc,331,549,3,L3:mapped:537,140.13000000000142,2.1496
252385::071.swc,331,549,3,L3:mapped:1503,13.058999999999989,1.148
252385::071.swc,331,549,4,L4:mapped:538,57.634999999999906,1.7682
252385::071.swc,331,549,4,L4:mapped:547,82.4950000000005,1.9217
252385::071.swc,331,549,4,L4:mapped:1504,13.058999999999989,1.148
252385::071.swc,331,549,5,L5:mapped:540,57.634999999999906,1.7682
252385::071.swc,331,549,5,L5:mapped:549,82.4950000000005,1.9217
252385::071.swc,331,549,5,L5:mapped:1504,13.058999999999989,1.148
252385::071.swc,331,549,6,L6:mapped:542,39.288999999999916,1.6052
252385::071.swc,331,549,6,L6:mapped:549,82.4950000000005,1.9217
252385::071.swc,331,549,6,L6:mapped:1504,13.058999999999989,1.148
252385::072.swc,331,549,1,L1:mapped:501,34.136999999999986,1.5458
252385::072.swc,331,549,2,L2:mapped:516,34.136999999999986,1.5458
252385::072.swc,331,549,3,L3:mapped:537,34.136999999999986,1.5458
252385::072.swc,331,549,4,L4:mapped:547,34.136999999999986,1.5458
252385::072.swc,331,549,5,L5:mapped:549,34.136999999999986,1.5458
252385::072.swc,331,549,6,L6:mapped:549,34.136999999999986,1.5458
252385::073.swc,331,729,1,L1:mapped:590,54.50500000000003,1.7443
252385::073.swc,331,729,1,L1:mapped:638,145.80500000000106,2.1667
252385::073.swc,331,729,2,L2:mapped:591,26.70099999999995,1.4425
252385::073.swc,331,729,2,L2:mapped:612,27.803999999999974,1.4595
252385::073.swc,331,729,2,L2:mapped:724,145.80500000000106,2.1667
252385::073.swc,331,729,3,L3:mapped:595,26.70099999999995,1.4425
252385::073.swc,331,729,3,L3:mapped:620,27.803999999999974,1.4595
252385::073.swc,331,729,3,L3:mapped:724,145.80500000000106,2.1667
252385::073.swc,331,729,4,L4:mapped:595,26.70099999999995,1.4425
252385::073.swc,331,729,4,L4:mapped:620,27.803999999999974,1.4595
252385::073.swc,331,729,4,L4:mapped:725,145.80500000000106,2.1667
252385::073.swc,331,729,5,L5:mapped:595,26.70099999999995,1.4425
252385::073.swc,331,729,5,L5:mapped:624,27.803999999999974,1.4595
252385::073.swc,331,729,5,L5:mapped:727,145.80500000000106,2.1667
252385::073.swc,331,729,6,L6:mapped:595,26.70099999999995,1.4425
252385::073.swc,331,729,6,L6:mapped:624,27.803999999999974,1.4595
252385::073.swc,331,729,6,L6:mapped:729,145.80500000000106,2.1667
252385::074.swc,331,729,1,L1:mapped:590,22.570000000000004,1.3724
252385::074.swc,331,729,1,L1:mapped:638,26.88599999999995,1.4454
252385::074.swc,331,729,2,L2:mapped:591,11.460999999999988,1.0956
252385::074.swc,331,729,2,L2:mapped:612,11.108999999999993,1.0831
252385::074.swc,331,729,2,L2:mapped:724,26.88599999999995,1.4454
252385::074.swc,331,729,3,L3:mapped:595,11.460999999999988,1.0956
252385::074.swc,331,729,3,L3:mapped:620,11.108999999999993,1.0831
252385::074.swc,331,729,3,L3:mapped:724,26.88599999999995,1.4454
252385::074.swc,331,729,4,L4:mapped:595,11.460999999999988,1.0956
252385::074.swc,331,729,4,L4:mapped:620,11.108999999999993,1.0831
252385::074.swc,331,729,4,L4:mapped:725,26.88599999999995,1.4454
252385::074.swc,331,729,5,L5:mapped:595,11.460999999999988,1.0956
252385::074.swc,331,729,5,L5:mapped:624,11.108999999999993,1.0831
252385::074.swc,331,729,5,L5:mapped:727,26.88599999999995,1.4454
252385::074.swc,331,729,6,L6:mapped:595,11.460999999999988,1.0956
252385::074.swc,331,729,6,L6:mapped:624,11.108999999999993,1.0831
252385::074.swc,331,729,6,L6:mapped:729,26.88599999999995,1.4454
252527::048.swc,945,541,1,L1:mapped:501,58.8029999999998,1.7767
252527::048.swc,945,541,2,L2:mapped:516,58.8029999999998,1.7767
252527::048.swc,945,541,3,L3:mapped:537,58.8029999999998,1.7767
252527::048.swc,945,541,4,L4:mapped:538,56.58499999999981,1.7603
252527::048.swc,945,541,4,L4:mapped:547,2.217999999999999,0.5076
252527::048.swc,945,541,5,L5:mapped:540,56.58499999999981,1.7603
252527::048.swc,945,541,5,L5:mapped:549,2.217999999999999,0.5076
252527::048.swc,945,541,6,L6:mapped:541,56.3839999999998,1.7588
252527::048.swc,945,541,6,L6:mapped:542,0.201,0.0795
252527::048.swc,945,541,6,L6:mapped:549,2.217999999999999,0.5076
252527::049.swc,945,541,1,L1:mapped:501,559.2729999999901,2.7484
252527::049.swc,945,541,2,L2:mapped:516,559.2729999999901,2.7484
252527::049.swc,945,541,3,L3:mapped:537,559.2729999999901,2.7484
252527::049.swc,945,541,4,L4:mapped:538,297.76199999999864,2.4753
252527::049.swc,945,541,4,L4:mapped:547,261.5109999999981,2.4191
252527::049.swc,945,541,5,L5:mapped:540,297.76199999999864,2.4753
252527::049.swc,945,541,5,L5:mapped:549,261.5109999999981,2.4191
252527::049.swc,945,541,6,L6:mapped:541,272.14799999999894,2.4364
252527::049.swc,945,541,6,L6:mapped:542,25.613999999999983,1.4251
252527::049.swc,945,541,6,L6:mapped:549,261.5109999999981,2.4191
252527::050.swc,945,549,1,L1:mapped:501,1133.7059999999756,3.0549
252527::050.swc,945,549,1,L1:mapped:638,7.962999999999999,0.9525
252527::050.swc,945,549,2,L2:mapped:516,766.4689999999916,2.8851
252527::050.swc,945,549,2,L2:mapped:550,4.703999999999996,0.7562
252527::050.swc,945,549,2,L2:mapped:577,362.53299999999314,2.5605
252527::050.swc,945,549,2,L2:mapped:724,7.962999999999999,0.9525
252527::050.swc,945,549,3,L3:mapped:525,398.5899999999973,2.6016
252527::050.swc,945,549,3,L3:mapped:537,367.8789999999958,2.5669
252527::050.swc,945,549,3,L3:mapped:564,4.703999999999996,0.7562
252527::050.swc,945,549,3,L3:mapped:578,362.53299999999314,2.5605
252527::050.swc,945,549,3,L3:mapped:724,7.962999999999999,0.9525
252527::050.swc,945,549,4,L4:mapped:526,318.21299999999917,2.5041
252527::050.swc,945,549,4,L4:mapped:534,80.37700000000011,1.9105
252527::050.swc,945,549,4,L4:mapped:538,108.18100000000126,2.0381
252527::050.swc,945,549,4,L4:mapped:547,259.69799999999816,2.4161
252527::050.swc,945,549,4,L4:mapped:565,4.703999999999996,0.7562
252527::050.swc,945,549,4,L4:mapped:580,362.53299999999314,2.5605
252527::050.swc,945,549,4,L4:mapped:725,7.962999999999999,0.9525
252527::050.swc,945,549,5,L5:mapped:530,318.21299999999917,2.5041
252527::050.swc,945,549,5,L5:mapped:534,80.37700000000011,1.9105
252527::050.swc,945,549,5,L5:mapped:540,108.18100000000126,2.0381
252527::050.swc,945,549,5,L5:mapped:548,6.527999999999997,0.8767
252527::050.swc,945,549,5,L5:mapped:549,253.16999999999814,2.4051
252527::050.swc,945,549,5,L5:mapped:569,4.703999999999996,0.7562
252527::050.swc,945,549,5,L5:mapped:584,362.53299999999314,2.5605
252527::050.swc,945,549,5,L5:mapped:727,7.962999999999999,0.9525
252527::050.swc,945,549,6,L6:mapped:532,30.437000000000005,1.4974
252527::050.swc,945,549,6,L6:mapped:533,287.77599999999916,2.4606
252527::050.swc,945,549,6,L6:mapped:535,75.71600000000004,1.8849
252527::050.swc,945,549,6,L6:mapped:536,4.660999999999997,0.7529
252527::050.swc,945,549,6,L6:mapped:541,23.909999999999982,1.3964
252527::050.swc,945,549,6,L6:mapped:542,74.3350000000002,1.877
252527::050.swc,945,549,6,L6:mapped:543,9.935999999999996,1.0389
252527::050.swc,945,549,6,L6:mapped:548,6.527999999999997,0.8767
252527::050.swc,945,549,6,L6:mapped:549,253.16999999999814,2.4051
252527::050.swc,945,549,6,L6:mapped:570,4.703999999999996,0.7562
252527::050.swc,945,549,6,L6:mapped:586,362.53299999999314,2.5605
252527::050.swc,945,549,6,L6:mapped:728,7.962999999999999,0.9525
252527::051.swc,945,549,1,L1:mapped:501,170.60900000000063,2.2345
252527::051.swc,945,549,1,L1:mapped:1082,70.33300000000015,1.8533
252527::051.swc,945,549,1,L1:mapped:1501,57.598999999999855,1.7679
252527::051.swc,945,549,1,L1:mapped:1582,304.31199999999757,2.4847
252527::051.swc,945,549,2,L2:mapped:516,170.60900000000063,2.2345
252527::051.swc,945,549,2,L2:mapped:1113,70.33300000000015,1.8533
252527::051.swc,945,549,2,L2:mapped:1550,50.36899999999983,1.7107
252527::051.swc,945,549,2,L2:mapped:1613,304.31199999999757,2.4847
252527::051.swc,945,549,3,L3:mapped:537,170.60900000000063,2.2345
252527::051.swc,945,549,3,L3:mapped:1127,70.33300000000015,1.8533
252527::051.swc,945,549,3,L3:mapped:1551,50.073999999999835,1.7082
252527::051.swc,945,549,3,L3:mapped:1615,78.77500000000018,1.9019
252527::051.swc,945,549,3,L3:mapped:1627,201.44499999999985,2.3063
252527::051.swc,945,549,4,L4:mapped:538,10.761999999999983,1.0705
252527::051.swc,945,549,4,L4:mapped:547,159.8470000000008,2.2064
252527::051.swc,945,549,4,L4:mapped:1127,70.33300000000015,1.8533
252527::051.swc,945,549,4,L4:mapped:1552,50.073999999999835,1.7082
252527::051.swc,945,549,4,L4:mapped:1619,4.466999999999998,0.7377
252527::051.swc,945,549,4,L4:mapped:1626,74.30800000000005,1.8768
252527::051.swc,945,549,4,L4:mapped:1627,201.44499999999985,2.3063
252527::051.swc,945,549,5,L5:mapped:540,10.761999999999983,1.0705
252527::051.swc,945,549,5,L5:mapped:549,159.8470000000008,2.2064
252527::051.swc,945,549,5,L5:mapped:1128,63.965999999999994,1.8127
252527::051.swc,945,549,5,L5:mapped:1133,6.366999999999998,0.8673
252527::051.swc,945,549,5,L5:mapped:1558,49.15699999999986,1.7003
252527::051.swc,945,549,5,L5:mapped:1621,0.08099999999999999,0.0338
252527::051.swc,945,549,5,L5:mapped:1626,74.30800000000005,1.8768
252527::051.swc,945,549,5,L5:mapped:1628,126.67800000000229,2.1061
252527::051.swc,945,549,5,L5:mapped:1630,5.316000000000001,0.8004
252527::051.swc,945,549,5,L5:mapped:1633,69.45100000000014,1.8479
252527::051.swc,945,549,6,L6:mapped:541,2.864999999999999,0.5871
252527::051.swc,945,549,6,L6:mapped:549,159.8470000000008,2.2064
252527::051.swc,945,549,6,L6:mapped:1128,63.965999999999994,1.8127
252527::051.swc,945,549,6,L6:mapped:1133,6.366999999999998,0.8673
252527::051.swc,945,549,6,L6:mapped:1558,49.15699999999986,1.7003
252527::051.swc,945,549,6,L6:mapped:1621,0.08099999999999999,0.0338
252527::051.swc,945,549,6,L6:mapped:1626,74.30800000000005,1.8768
252527::051.swc,945,549,6,L6:mapped:1628,126.67800000000229,2.1061
252527::051.swc,945,549,6,L6:mapped:1630,5.316000000000001,0.8004
252527::051.swc,945,549,6,L6:mapped:1633,69.45100000000014,1.8479
252527::052.swc,945,549,1,L1:mapped:501,132.82900000000203,2.1266
252527::052.swc,945,549,1,L1:mapped:1501,55.41399999999976,1.7514
252527::052.swc,945,549,1,L1:mapped:1582,323.48099999999914,2.5112
252527::052.swc,945,549,2,L2:mapped:516,132.82900000000203,2.1266
252527::052.swc,945,549,2,L2:mapped:1550,47.878999999999834,1.6891
252527::052.swc,945,549,2,L2:mapped:1613,301.23499999999876,2.4803
252527::052.swc,945,549,2,L2:mapped:1660,22.246000000000002,1.3663
252527::052.swc,945,549,3,L3:mapped:537,132.82900000000203,2.1266
252527::052.swc,945,549,3,L3:mapped:1551,39.89599999999988,1.6117
252527::052.swc,945,549,3,L3:mapped:1615,132.66000000000096,2.126
252527::052.swc,945,549,3,L3:mapped:1627,27.351,1.4526
252527::052.swc,945,549,3,L3:mapped:1635,136.36200000000122,2.1379
252527::052.swc,945,549,3,L3:mapped:1660,22.246000000000002,1.3663
252527::052.swc,945,549,4,L4:mapped:538,8.454999999999998,0.9757
252527::052.swc,945,549,4,L4:mapped:547,124.3740000000021,2.0982
252527::052.swc,945,549,4,L4:mapped:1552,39.89599999999988,1.6117
252527::052.swc,945,549,4,L4:mapped:1619,19.346999999999998,1.3085
252527::052.swc,945,549,4,L4:mapped:1626,113.31300000000086,2.0581
252527::052.swc,945,549,4,L4:mapped:1627,27.351,1.4526
252527::052.swc,945,549,4,L4:mapped:1636,19.01199999999999,1.3013
252527::052.swc,945,549,4,L4:mapped:1643,113.98200000000111,2.0606
252527::052.swc,945,549,4,L4:mapped:1662,22.246000000000002,1.3663
252527::052.swc,945,549,5,L5:mapped:540,8.454999999999998,0.9757
252527::052.swc,945,549,5,L5:mapped:549,124.3740000000021,2.0982
252527::052.swc,945,549,5,L5:mapped:1556,29.265,1.4809
252527::052.swc,945,549,5,L5:mapped:1621,7.880999999999996,0.9485
252527::052.swc,945,549,5,L5:mapped:1626,113.31300000000086,2.0581
252527::052.swc,945,549,5,L5:mapped:1628,22.595,1.3728
252527::052.swc,945,549,5,L5:mapped:1634,2.530999999999999,0.5479
252527::052.swc,945,549,5,L5:mapped:1637,7.005999999999998,0.9034
252527::052.swc,945,549,5,L5:mapped:1647,113.98200000000111,2.0606
252527::052.swc,945,549,5,L5:mapped:1662,22.246000000000002,1.3663
252527::052.swc,945,549,6,L6:mapped:542,3.947,0.6943
252527::052.swc,945,549,6,L6:mapped:549,124.3740000000021,2.0982
252527::052.swc,945,549,6,L6:mapped:1556,29.265,1.4809
252527::052.swc,945,549,6,L6:mapped:1621,7.880999999999996,0.9485
252527::052.swc,945,549,6,L6:mapped:1626,113.31300000000086,2.0581
252527::052.swc,945,549,6,L6:mapped:1628,22.595,1.3728
252527::052.swc,945,549,6,L6:mapped:1634,2.530999999999999,0.5479
252527::052.swc,945,549,6,L6:mapped:1637,7.005999999999998,0.9034
252527::052.swc,945,549,6,L6:mapped:1647,113.98200000000111,2.0606
252527::052.swc,945,549,6,L6:mapped:1662,22.246000000000002,1.3663
252527::053.swc,945,549,1,L1:mapped:501,631.7009999999825,2.8012
252527::053.swc,945,549,2,L2:mapped:516,631.7009999999825,2.8012
252527::053.swc,945,549,3,L3:mapped:537,631.7009999999825,2.8012
252527::053.swc,945,549,4,L4:mapped:538,5.813999999999998,0.8334
252527::053.swc,945,549,4,L4:mapped:547,625.886999999982,2.7972
252527::053.swc,945,549,5,L5:mapped:540,5.813999999999998,0.8334
252527::053.swc,945,549,5,L5:mapped:549,625.886999999982,2.7972
252527::053.swc,945,549,6,L6:mapped:541,1.944,0.4689
252527::053.swc,945,549,6,L6:mapped:542,3.87,0.6875
252527::053.swc,945,549,6,L6:mapped:549,625.886999999982,2.7972
252527::054.swc,945,549,1,L1:mapped:501,1137.8419999999653,3.0565
252527::054.swc,945,549,1,L1:mapped:638,45.98999999999992,1.672
252527::054.swc,945,549,2,L2:mapped:516,468.6769999999924,2.6718
252527::054.swc,945,549,2,L2:mapped:577,669.1649999999887,2.8262
252527::054.swc,945,549,2,L2:mapped:724,45.98999999999992,1.672
252527::054.swc,945,549,3,L3:mapped:525,11.225999999999992,1.0873
252527::054.swc,945,549,3,L3:mapped:537,457.45099999999275,2.6613
252527::054.swc,945,549,3,L3:mapped:578,669.1649999999887,2.8262
252527::054.swc,945,549,3,L3:mapped:724,45.98999999999992,1.672
252527::054.swc,945,549,4,L4:mapped:534,11.225999999999992,1.0873
252527::054.swc,945,549,4,L4:mapped:547,435.03699999999355,2.6395
252527::054.swc,945,549,4,L4:mapped:580,669.1649999999887,2.8262
252527::054.swc,945,549,4,L4:mapped:725,45.98999999999992,1.672
252527::054.swc,945,549,5,L5:mapped:534,11.225999999999992,1.0873
252527::054.swc,945,549,5,L5:mapped:549,435.03699999999355,2.6395
252527::054.swc,945,549,5,L5:mapped:584,669.1649999999887,2.8262
252527::054.swc,945,549,5,L5:mapped:726,9.590999999999992,1.0249
252527::054.swc,945,549,5,L5:mapped:727,36.39899999999998,1.5729
252527::054.swc,945,549,6,L6:mapped:536,11.225999999999992,1.0873
252527::054.swc,945,549,6,L6:mapped:549,435.03699999999355,2.6395
252527::054.swc,945,549,6,L6:mapped:585,4.406999999999999,0.733
252527::054.swc,945,549,6,L6:mapped:586,664.7579999999886,2.8233
252527::054.swc,945,549,6,L6:mapped:726,9.590999999999992,1.0249
252527::054.swc,945,549,6,L6:mapped:728,36.39899999999998,1.5729
252527::055.swc,945,549,1,L1:mapped:501,685.290999999983,2.8365
252527::055.swc,945,549,2,L2:mapped:516,685.290999999983,2.8365
252527::055.swc,945,549,3,L3:mapped:525,0.3610000000000001,0.1339
252527::055.swc,945,549,3,L3:mapped:537,684.929999999983,2.8363
252527::055.swc,945,549,4,L4:mapped:534,0.3610000000000001,0.1339
252527::055.swc,945,549,4,L4:mapped:538,6.430999999999996,0.871
252527::055.swc,945,549,4,L4:mapped:547,678.4989999999831,2.8322
252527::055.swc,945,549,5,L5:mapped:534,0.3610000000000001,0.1339
252527::055.swc,945,549,5,L5:mapped:540,6.430999999999996,0.871
252527::055.swc,945,549,5,L5:mapped:549,678.4989999999831,2.8322
252527::055.swc,945,549,6,L6:mapped:536,0.3610000000000001,0.1339
252527::055.swc,945,549,6,L6:mapped:541,6.430999999999996,0.871
252527::055.swc,945,549,6,L6:mapped:549,678.4989999999831,2.8322
252527::056.swc,945,549,1,L1:mapped:501,462.5879999999946,2.6661
252527::056.swc,945,549,2,L2:mapped:516,462.5879999999946,2.6661
252527::056.swc,945,549,3,L3:mapped:537,462.5879999999946,2.6661
252527::056.swc,945,549,4,L4:mapped:538,31.16599999999998,1.5074
252527::056.swc,945,549,4,L4:mapped:547,431.42199999999417,2.6359
252527::056.swc,945,549,5,L5:mapped:540,31.16599999999998,1.5074
252527::056.swc,945,549,5,L5:mapped:549,431.42199999999417,2.6359
252527::056.swc,945,549,6,L6:mapped:542,31.16599999999998,1.5074
252527::056.swc,945,549,6,L6:mapped:549,431.42199999999417,2.6359
252527::057.swc,945,549,1,L1:mapped:501,466.3699999999935,2.6697
252527::057.swc,945,549,1,L1:mapped:590,0.269,0.1035
252527::057.swc,945,549,1,L1:mapped:638,19.291,1.3073
252527::057.swc,945,549,2,L2:mapped:516,388.68199999999484,2.5907
252527::057.swc,945,549,2,L2:mapped:577,77.6880000000003,1.8959
252527::057.swc,945,549,2,L2:mapped:591,0.269,0.1035
252527::057.swc,945,549,2,L2:mapped:724,19.291,1.3073
252527::057.swc,945,549,3,L3:mapped:537,388.68199999999484,2.5907
252527::057.swc,945,549,3,L3:mapped:578,77.6880000000003,1.8959
252527::057.swc,945,549,3,L3:mapped:595,0.269,0.1035
252527::057.swc,945,549,3,L3:mapped:724,19.291,1.3073
252527::057.swc,945,549,4,L4:mapped:538,221.26999999999836,2.3469
252527::057.swc,945,549,4,L4:mapped:547,167.41200000000103,2.2264
252527::057.swc,945,549,4,L4:mapped:580,77.6880000000003,1.8959
252527::057.swc,945,549,4,L4:mapped:595,0.269,0.1035
252527::057.swc,945,549,4,L4:mapped:725,19.291,1.3073
252527::057.swc,945,549,5,L5:mapped:540,221.26999999999836,2.3469
252527::057.swc,945,549,5,L5:mapped:548,18.13399999999999,1.2818
252527::057.swc,945,549,5,L5:mapped:549,149.27800000000164,2.1769
252527::057.swc,945,549,5,L5:mapped:584,77.6880000000003,1.8959
252527::057.swc,945,549,5,L5:mapped:595,0.269,0.1035
252527::057.swc,945,549,5,L5:mapped:727,19.291,1.3073
252527::057.swc,945,549,6,L6:mapped:541,0.8960000000000004,0.2778
252527::057.swc,945,549,6,L6:mapped:542,217.02599999999853,2.3385
252527::057.swc,945,549,6,L6:mapped:543,3.3479999999999976,0.6383
252527::057.swc,945,549,6,L6:mapped:548,18.13399999999999,1.2818
252527::057.swc,945,549,6,L6:mapped:549,149.27800000000164,2.1769
252527::057.swc,945,549,6,L6:mapped:586,77.6880000000003,1.8959
252527::057.swc,945,549,6,L6:mapped:595,0.269,0.1035
252527::057.swc,945,549,6,L6:mapped:728,19.291,1.3073
252527::058.swc,945,549,1,L1:mapped:501,594.4009999999905,2.7748
252527::058.swc,945,549,2,L2:mapped:516,594.4009999999905,2.7748
252527::058.swc,945,549,3,L3:mapped:537,594.4009999999905,2.7748
252527::058.swc,945,549,4,L4:mapped:547,594.4009999999905,2.7748
252527::058.swc,945,549,5,L5:mapped:549,594.4009999999905,2.7748
252527::058.swc,945,549,6,L6:mapped:549,594.4009999999905,2.7748
252527::059.swc,945,549,1,L1:mapped:501,420.0719999999966,2.6244
252527::059.swc,945,549,1,L1:mapped:638,27.23599999999996,1.4508
252527::059.swc,945,549,1,L1:mapped:1501,979.7159999999877,2.9915
252527::059.swc,945,549,1,L1:mapped:1582,38.06899999999992,1.5918
252527::059.swc,945,549,1,L1:mapped:1669,25.18199999999999,1.418
252527::059.swc,945,549,2,L2:mapped:516,420.0719999999966,2.6244
252527::059.swc,945,549,2,L2:mapped:665,4.095999999999998,0.7072
252527::059.swc,945,549,2,L2:mapped:724,23.13999999999995,1.3827
252527::059.swc,945,549,2,L2:mapped:1502,39.10199999999994,1.6032
252527::059.swc,945,549,2,L2:mapped:1524,184.71200000000005,2.2688
252527::059.swc,945,549,2,L2:mapped:1550,755.9019999999897,2.879
252527::059.swc,945,549,2,L2:mapped:1613,30.498999999999995,1.4983
252527::059.swc,945,549,2,L2:mapped:1670,25.18199999999999,1.418
252527::059.swc,945,549,3,L3:mapped:537,420.0719999999966,2.6244
252527::059.swc,945,549,3,L3:mapped:665,4.095999999999998,0.7072
252527::059.swc,945,549,3,L3:mapped:724,23.13999999999995,1.3827
252527::059.swc,945,549,3,L3:mapped:1505,28.580999999999946,1.471
252527::059.swc,945,549,3,L3:mapped:1525,28.53299999999999,1.4703
252527::059.swc,945,549,3,L3:mapped:1540,156.17900000000046,2.1964
252527::059.swc,945,549,3,L3:mapped:1551,664.9569999999879,2.8234
252527::059.swc,945,549,3,L3:mapped:1562,90.9450000000003,1.9635
252527::059.swc,945,549,3,L3:mapped:1615,20.422000000000015,1.3309
252527::059.swc,945,549,3,L3:mapped:1671,6.486,0.8742
252527::059.swc,945,549,3,L3:mapped:1700,18.69599999999999,1.2944
252527::059.swc,945,549,4,L4:mapped:538,204.84499999999986,2.3135
252527::059.swc,945,549,4,L4:mapped:547,215.22699999999884,2.3349
252527::059.swc,945,549,4,L4:mapped:667,4.095999999999998,0.7072
252527::059.swc,945,549,4,L4:mapped:725,23.13999999999995,1.3827
252527::059.swc,945,549,4,L4:mapped:1506,11.297999999999996,1.0898
252527::059.swc,945,549,4,L4:mapped:1509,17.282999999999987,1.262
252527::059.swc,945,549,4,L4:mapped:1530,28.53299999999999,1.4703
252527::059.swc,945,549,4,L4:mapped:1541,73.52700000000002,1.8723
252527::059.swc,945,549,4,L4:mapped:1543,22.519999999999985,1.3714
252527::059.swc,945,549,4,L4:mapped:1546,60.131999999999984,1.7863
252527::059.swc,945,549,4,L4:mapped:1552,585.8329999999897,2.7685
252527::059.swc,945,549,4,L4:mapped:1559,79.12400000000021,1.9038
252527::059.swc,945,549,4,L4:mapped:1562,90.9450000000003,1.9635
252527::059.swc,945,549,4,L4:mapped:1619,20.422000000000015,1.3309
252527::059.swc,945,549,4,L4:mapped:1677,6.486,0.8742
252527::059.swc,945,549,4,L4:mapped:1704,18.69599999999999,1.2944
252527::059.swc,945,549,5,L5:mapped:540,204.84499999999986,2.3135
252527::059.swc,945,549,5,L5:mapped:549,215.22699999999884,2.3349
252527::059.swc,945,549,5,L5:mapped:668,4.095999999999998,0.7072
252527::059.swc,945,549,5,L5:mapped:726,13.303999999999998,1.1555
252527::059.swc,945,549,5,L5:mapped:727,9.835999999999993,1.0349
252527::059.swc,945,549,5,L5:mapped:1507,6.045999999999999,0.8479
252527::059.swc,945,549,5,L5:mapped:1508,5.251999999999997,0.796
252527::059.swc,945,549,5,L5:mapped:1509,17.282999999999987,1.262
252527::059.swc,945,549,5,L5:mapped:1535,28.53299999999999,1.4703
252527::059.swc,945,549,5,L5:mapped:1542,73.52700000000002,1.8723
252527::059.swc,945,549,5,L5:mapped:1544,21.996999999999993,1.3617
252527::059.swc,945,549,5,L5:mapped:1549,60.131999999999984,1.7863
252527::059.swc,945,549,5,L5:mapped:1556,473.0289999999954,2.6758
252527::059.swc,945,549,5,L5:mapped:1557,89.79900000000046,1.9581
252527::059.swc,945,549,5,L5:mapped:1560,78.9300000000002,1.9027
252527::059.swc,945,549,5,L5:mapped:1561,0.194,0.077
252527::059.swc,945,549,5,L5:mapped:1563,66.41599999999974,1.8288
252527::059.swc,945,549,5,L5:mapped:1567,9.226999999999997,1.0097
252527::059.swc,945,549,5,L5:mapped:1568,15.301999999999982,1.2122
252527::059.swc,945,549,5,L5:mapped:1621,12.864999999999998,1.1419
252527::059.swc,945,549,5,L5:mapped:1679,6.486,0.8742
252527::059.swc,945,549,5,L5:mapped:1706,18.69599999999999,1.2944
252527::059.swc,945,549,6,L6:mapped:541,2.7459999999999996,0.5736
252527::059.swc,945,549,6,L6:mapped:542,192.34199999999998,2.2863
252527::059.swc,945,549,6,L6:mapped:543,9.756999999999998,1.0317
252527::059.swc,945,549,6,L6:mapped:549,215.22699999999884,2.3349
252527::059.swc,945,549,6,L6:mapped:669,4.095999999999998,0.7072
252527::059.swc,945,549,6,L6:mapped:726,13.303999999999998,1.1555
252527::059.swc,945,549,6,L6:mapped:728,9.835999999999993,1.0349
252527::059.swc,945,549,6,L6:mapped:1507,6.045999999999999,0.8479
252527::059.swc,945,549,6,L6:mapped:1508,5.251999999999997,0.796
252527::059.swc,945,549,6,L6:mapped:1509,17.282999999999987,1.262
252527::059.swc,945,549,6,L6:mapped:1536,25.73099999999999,1.427
252527::059.swc,945,549,6,L6:mapped:1537,2.8019999999999996,0.58
252527::059.swc,945,549,6,L6:mapped:1542,73.52700000000002,1.8723
252527::059.swc,945,549,6,L6:mapped:1544,21.996999999999993,1.3617
252527::059.swc,945,549,6,L6:mapped:1549,60.131999999999984,1.7863
252527::059.swc,945,549,6,L6:mapped:1556,473.0289999999954,2.6758
252527::059.swc,945,549,6,L6:mapped:1557,89.79900000000046,1.9581
252527::059.swc,945,549,6,L6:mapped:1560,78.9300000000002,1.9027
252527::059.swc,945,549,6,L6:mapped:1561,0.194,0.077
252527::059.swc,945,549,6,L6:mapped:1564,39.488,1.6073
252527::059.swc,945,549,6,L6:mapped:1567,9.226999999999997,1.0097
252527::059.swc,945,549,6,L6:mapped:1568,15.301999999999982,1.2122
252527::059.swc,945,549,6,L6:mapped:1621,12.864999999999998,1.1419
252527::059.swc,945,549,6,L6:mapped:1679,6.486,0.8742
252527::059.swc,945,549,6,L6:mapped:1706,18.69599999999999,1.2944
252527::060.swc,945,549,1,L1:mapped:501,247.71499999999838,2.3957
252527::060.swc,945,549,1,L1:mapped:1501,45.627999999999666,1.6686
252527::060.swc,945,549,2,L2:mapped:516,247.71499999999838,2.3957
252527::060.swc,945,549,2,L2:mapped:1550,35.59999999999992,1.5635
252527::060.swc,945,549,3,L3:mapped:537,247.71499999999838,2.3957
252527::060.swc,945,549,3,L3:mapped:1551,34.15299999999994,1.546
252527::060.swc,945,549,4,L4:mapped:538,40.82999999999997,1.6215
252527::060.swc,945,549,4,L4:mapped:547,206.88499999999925,2.3178
252527::060.swc,945,549,4,L4:mapped:1552,34.15299999999994,1.546
252527::060.swc,945,549,5,L5:mapped:540,40.82999999999997,1.6215
252527::060.swc,945,549,5,L5:mapped:549,206.88499999999925,2.3178
252527::060.swc,945,549,5,L5:mapped:1558,17.956000000000024,1.2777
252527::060.swc,945,549,6,L6:mapped:542,40.82999999999997,1.6215
252527::060.swc,945,549,6,L6:mapped:549,206.88499999999925,2.3178
252527::060.swc,945,549,6,L6:mapped:1558,17.956000000000024,1.2777
252527::088.swc,945,42,1,L1:mapped:1,595.6529999999877,2.7757
252527::088.swc,945,42,1,L1:mapped:138,10.53199999999999,1.0619
252527::088.swc,945,42,2,L2:mapped:16,595.6529999999877,2.7757
252527::088.swc,945,42,2,L2:mapped:224,10.53199999999999,1.0619
252527::088.swc,945,42,3,L3:mapped:37,595.6529999999877,2.7757
252527::088.swc,945,42,3,L3:mapped:224,10.53199999999999,1.0619
252527::088.swc,945,42,4,L4:mapped:38,595.6529999999877,2.7757
252527::088.swc,945,42,4,L4:mapped:225,10.53199999999999,1.0619
252527::088.swc,945,42,5,L5:mapped:40,595.6529999999877,2.7757
252527::088.swc,945,42,5,L5:mapped:226,3.5289999999999977,0.656
252527::088.swc,945,42,5,L5:mapped:227,7.002999999999995,0.9033
252527::088.swc,945,42,6,L6:mapped:42,591.8309999999879,2.7729
252527::088.swc,945,42,6,L6:mapped:43,3.8219999999999996,0.6832
252527::088.swc,945,42,6,L6:mapped:226,3.5289999999999977,0.656
252527::088.swc,945,42,6,L6:mapped:228,7.002999999999995,0.9033
252527::089.swc,945,42,1,L1:mapped:1,526.860999999991,2.7225
252527::089.swc,945,42,1,L1:mapped:138,613.2009999999923,2.7883
252527::089.swc,945,42,1,L1:mapped:1001,41.47899999999995,1.6282
252527::089.swc,945,42,2,L2:mapped:16,526.860999999991,2.7225
252527::089.swc,945,42,2,L2:mapped:139,167.45800000000037,2.2265
252527::089.swc,945,42,2,L2:mapped:165,20.40799999999999,1.3306
252527::089.swc,945,42,2,L2:mapped:175,355.67999999999694,2.5523
252527::089.swc,945,42,2,L2:mapped:224,69.6550000000003,1.8491
252527::089.swc,945,42,2,L2:mapped:1002,28.538999999999994,1.4704
252527::089.swc,945,42,2,L2:mapped:1010,3.569000000000001,0.6598
252527::089.swc,945,42,2,L2:mapped:1024,6.4279999999999955,0.8709
252527::089.swc,945,42,3,L3:mapped:25,2.6369999999999987,0.5607
252527::089.swc,945,42,3,L3:mapped:37,524.2239999999914,2.7203
252527::089.swc,945,42,3,L3:mapped:153,167.45800000000037,2.2265
252527::089.swc,945,42,3,L3:mapped:165,20.40799999999999,1.3306
252527::089.swc,945,42,3,L3:mapped:177,319.26999999999737,2.5055
252527::089.swc,945,42,3,L3:mapped:188,36.40999999999998,1.573
252527::089.swc,945,42,3,L3:mapped:224,69.6550000000003,1.8491
252527::089.swc,945,42,3,L3:mapped:1003,28.538999999999994,1.4704
252527::089.swc,945,42,3,L3:mapped:1011,3.569000000000001,0.6598
252527::089.swc,945,42,3,L3:mapped:1040,1.537,0.4043
252527::089.swc,945,42,4,L4:mapped:26,2.6369999999999987,0.5607
252527::089.swc,945,42,4,L4:mapped:38,524.2239999999914,2.7203
252527::089.swc,945,42,4,L4:mapped:154,15.245999999999988,1.2107
252527::089.swc,945,42,4,L4:mapped:160,152.21200000000047,2.1853
252527::089.swc,945,42,4,L4:mapped:167,20.40799999999999,1.3306
252527::089.swc,945,42,4,L4:mapped:178,20.461999999999986,1.3317
252527::089.swc,945,42,4,L4:mapped:185,298.8079999999981,2.4768
252527::089.swc,945,42,4,L4:mapped:188,36.40999999999998,1.573
252527::089.swc,945,42,4,L4:mapped:225,69.6550000000003,1.8491
252527::089.swc,945,42,4,L4:mapped:1004,28.538999999999994,1.4704
252527::089.swc,945,42,4,L4:mapped:1012,3.569000000000001,0.6598
252527::089.swc,945,42,4,L4:mapped:1046,1.537,0.4043
252527::089.swc,945,42,5,L5:mapped:30,2.6369999999999987,0.5607
252527::089.swc,945,42,5,L5:mapped:39,57.78299999999978,1.7693
252527::089.swc,945,42,5,L5:mapped:40,466.4409999999932,2.6697
252527::089.swc,945,42,5,L5:mapped:159,10.257999999999992,1.0515
252527::089.swc,945,42,5,L5:mapped:161,72.85200000000012,1.8684
252527::089.swc,945,42,5,L5:mapped:162,79.36000000000057,1.905
252527::089.swc,945,42,5,L5:mapped:171,17.25399999999998,1.2614
252527::089.swc,945,42,5,L5:mapped:182,20.461999999999986,1.3317
252527::089.swc,945,42,5,L5:mapped:185,298.8079999999981,2.4768
252527::089.swc,945,42,5,L5:mapped:189,36.40999999999998,1.573
252527::089.swc,945,42,5,L5:mapped:226,59.68800000000001,1.7831
252527::089.swc,945,42,5,L5:mapped:227,9.966999999999995,1.0401
252527::089.swc,945,42,5,L5:mapped:1004,28.538999999999994,1.4704
252527::089.swc,945,42,5,L5:mapped:1016,3.569000000000001,0.6598
252527::089.swc,945,42,5,L5:mapped:1048,1.537,0.4043
252527::089.swc,945,42,6,L6:mapped:32,2.6369999999999987,0.5607
252527::089.swc,945,42,6,L6:mapped:39,57.78299999999978,1.7693
252527::089.swc,945,42,6,L6:mapped:41,62.26299999999982,1.8011
252527::089.swc,945,42,6,L6:mapped:42,404.17799999999374,2.6076
252527::089.swc,945,42,6,L6:mapped:159,10.257999999999992,1.0515
252527::089.swc,945,42,6,L6:mapped:161,72.85200000000012,1.8684
252527::089.swc,945,42,6,L6:mapped:164,79.36000000000057,1.905
252527::089.swc,945,42,6,L6:mapped:173,10.283999999999995,1.0525
252527::089.swc,945,42,6,L6:mapped:174,6.969999999999996,0.9015
252527::089.swc,945,42,6,L6:mapped:183,2.8379999999999996,0.5841
252527::089.swc,945,42,6,L6:mapped:184,17.62399999999999,1.2701
252527::089.swc,945,42,6,L6:mapped:186,186.73700000000005,2.2735
252527::089.swc,945,42,6,L6:mapped:187,112.07100000000075,2.0534
252527::089.swc,945,42,6,L6:mapped:190,36.40999999999998,1.573
252527::089.swc,945,42,6,L6:mapped:226,59.68800000000001,1.7831
252527::089.swc,945,42,6,L6:mapped:228,9.966999999999995,1.0401
252527::089.swc,945,42,6,L6:mapped:1004,28.538999999999994,1.4704
252527::089.swc,945,42,6,L6:mapped:1016,3.569000000000001,0.6598
252527::089.swc,945,42,6,L6:mapped:1048,1.537,0.4043
252527::090.swc,945,42,1,L1:mapped:1,536.5469999999891,2.7304
252527::090.swc,945,42,1,L1:mapped:138,219.4950000000005,2.3434
252527::090.swc,945,42,2,L2:mapped:16,536.5469999999891,2.7304
252527::090.swc,945,42,2,L2:mapped:224,219.4950000000005,2.3434
252527::090.swc,945,42,3,L3:mapped:37,536.5469999999891,2.7304
252527::090.swc,945,42,3,L3:mapped:224,219.4950000000005,2.3434
252527::090.swc,945,42,4,L4:mapped:38,536.5469999999891,2.7304
252527::090.swc,945,42,4,L4:mapped:225,219.4950000000005,2.3434
252527::090.swc,945,42,5,L5:mapped:40,536.5469999999891,2.7304
252527::090.swc,945,42,5,L5:mapped:226,7.555999999999996,0.9323
252527::090.swc,945,42,5,L5:mapped:227,211.9390000000007,2.3283
252527::090.swc,945,42,6,L6:mapped:42,516.7609999999917,2.7141
252527::090.swc,945,42,6,L6:mapped:43,19.786,1.3178
252527::090.swc,945,42,6,L6:mapped:226,7.555999999999996,0.9323
252527::090.swc,945,42,6,L6:mapped:228,211.9390000000007,2.3283
252527::091.swc,945,42,1,L1:mapped:1,438.04099999999283,2.6425
252527::091.swc,945,42,1,L1:mapped:138,3.376999999999998,0.6412
252527::091.swc,945,42,1,L1:mapped:1001,182.42200000000085,2.2635
252527::091.swc,945,42,2,L2:mapped:16,438.04099999999283,2.6425
252527::091.swc,945,42,2,L2:mapped:224,3.376999999999998,0.6412
252527::091.swc,945,42,2,L2:mapped:1024,134.35200000000154,2.1315
252527::091.swc,945,42,2,L2:mapped:1050,25.91799999999998,1.43
252527::091.swc,945,42,2,L2:mapped:1069,4.234999999999999,0.7189
252527::091.swc,945,42,3,L3:mapped:37,438.04099999999283,2.6425
252527::091.swc,945,42,3,L3:mapped:224,3.376999999999998,0.6412
252527::091.swc,945,42,3,L3:mapped:1025,8.108999999999998,0.9595
252527::091.swc,945,42,3,L3:mapped:1040,126.24300000000139,2.1046
252527::091.swc,945,42,3,L3:mapped:1051,21.82200000000001,1.3584
252527::091.swc,945,42,3,L3:mapped:1062,4.095999999999999,0.7072
252527::091.swc,945,42,3,L3:mapped:1069,4.234999999999999,0.7189
252527::091.swc,945,42,4,L4:mapped:38,438.04099999999283,2.6425
252527::091.swc,945,42,4,L4:mapped:225,3.376999999999998,0.6412
252527::091.swc,945,42,4,L4:mapped:1030,8.108999999999998,0.9595
252527::091.swc,945,42,4,L4:mapped:1041,94.23800000000054,1.9788
252527::091.swc,945,42,4,L4:mapped:1043,9.161999999999994,1.007
252527::091.swc,945,42,4,L4:mapped:1046,22.843000000000035,1.3774
252527::091.swc,945,42,4,L4:mapped:1052,21.82200000000001,1.3584
252527::091.swc,945,42,4,L4:mapped:1062,4.095999999999999,0.7072
252527::091.swc,945,42,4,L4:mapped:1070,4.234999999999999,0.7189
252527::091.swc,945,42,5,L5:mapped:40,438.04099999999283,2.6425
252527::091.swc,945,42,5,L5:mapped:227,3.376999999999998,0.6412
252527::091.swc,945,42,5,L5:mapped:1035,8.108999999999998,0.9595
252527::091.swc,945,42,5,L5:mapped:1042,94.23800000000054,1.9788
252527::091.swc,945,42,5,L5:mapped:1044,8.089999999999996,0.9586
252527::091.swc,945,42,5,L5:mapped:1049,15.934999999999967,1.2288
252527::091.swc,945,42,5,L5:mapped:1056,4.914,0.7719
252527::091.swc,945,42,5,L5:mapped:1057,16.907999999999998,1.253
252527::091.swc,945,42,5,L5:mapped:1067,4.095999999999999,0.7072
252527::091.swc,945,42,5,L5:mapped:1070,4.234999999999999,0.7189
252527::091.swc,945,42,6,L6:mapped:42,438.04099999999283,2.6425
252527::091.swc,945,42,6,L6:mapped:228,3.376999999999998,0.6412
252527::091.swc,945,42,6,L6:mapped:1036,8.108999999999998,0.9595
252527::091.swc,945,42,6,L6:mapped:1042,94.23800000000054,1.9788
252527::091.swc,945,42,6,L6:mapped:1044,8.089999999999996,0.9586
252527::091.swc,945,42,6,L6:mapped:1049,15.934999999999967,1.2288
252527::091.swc,945,42,6,L6:mapped:1056,4.914,0.7719
252527::091.swc,945,42,6,L6:mapped:1057,16.907999999999998,1.253
252527::091.swc,945,42,6,L6:mapped:1067,4.095999999999999,0.7072
252527::091.swc,945,42,6,L6:mapped:1072,0.084,0.035
252527::092.swc,945,42,1,L1:mapped:1,162.31200000000024,2.213
252527::092.swc,945,42,1,L1:mapped:138,20.989999999999995,1.3422
252527::092.swc,945,42,1,L1:mapped:1001,20.840999999999994,1.3393
252527::092.swc,945,42,2,L2:mapped:16,162.31200000000024,2.213
252527::092.swc,945,42,2,L2:mapped:224,20.989999999999995,1.3422
252527::092.swc,945,42,2,L2:mapped:1002,20.840999999999994,1.3393
252527::092.swc,945,42,3,L3:mapped:37,162.31200000000024,2.213
252527::092.swc,945,42,3,L3:mapped:224,20.989999999999995,1.3422
252527::092.swc,945,42,3,L3:mapped:1003,20.840999999999994,1.3393
252527::092.swc,945,42,4,L4:mapped:38,86.90500000000004,1.944
252527::092.swc,945,42,4,L4:mapped:47,75.40700000000024,1.8831
252527::092.swc,945,42,4,L4:mapped:225,20.989999999999995,1.3422
252527::092.swc,945,42,4,L4:mapped:1004,20.840999999999994,1.3393
252527::092.swc,945,42,5,L5:mapped:40,86.90500000000004,1.944
252527::092.swc,945,42,5,L5:mapped:48,75.40700000000024,1.8831
252527::092.swc,945,42,5,L5:mapped:227,20.989999999999995,1.3422
252527::092.swc,945,42,5,L5:mapped:1004,20.840999999999994,1.3393
252527::092.swc,945,42,6,L6:mapped:42,73.69999999999996,1.8733
252527::092.swc,945,42,6,L6:mapped:43,7.381999999999996,0.9233
252527::092.swc,945,42,6,L6:mapped:48,75.40700000000024,1.8831
252527::092.swc,945,42,6,L6:mapped:228,20.989999999999995,1.3422
252527::092.swc,945,42,6,L6:mapped:1004,20.840999999999994,1.3393
252527::093.swc,945,43,1,L1:mapped:1,304.1259999999961,2.4845
252527::093.swc,945,43,1,L1:mapped:90,17.791000000000007,1.2739
252527::093.swc,945,43,1,L1:mapped:138,118.34900000000162,2.0768
252527::093.swc,945,43,2,L2:mapped:16,207.31799999999907,2.3187
252527::093.swc,945,43,2,L2:mapped:77,96.80800000000103,1.9904
252527::093.swc,945,43,2,L2:mapped:91,17.791000000000007,1.2739
252527::093.swc,945,43,2,L2:mapped:224,118.34900000000162,2.0768
252527::093.swc,945,43,3,L3:mapped:37,207.31799999999907,2.3187
252527::093.swc,945,43,3,L3:mapped:78,96.80800000000103,1.9904
252527::093.swc,945,43,3,L3:mapped:92,6.852000000000001,0.895
252527::093.swc,945,43,3,L3:mapped:224,118.34900000000162,2.0768
252527::093.swc,945,43,4,L4:mapped:38,164.31000000000043,2.2183
252527::093.swc,945,43,4,L4:mapped:47,43.00799999999997,1.6435
252527::093.swc,945,43,4,L4:mapped:80,96.80800000000103,1.9904
252527::093.swc,945,43,4,L4:mapped:92,6.852000000000001,0.895
252527::093.swc,945,43,4,L4:mapped:225,118.34900000000162,2.0768
252527::093.swc,945,43,5,L5:mapped:40,164.31000000000043,2.2183
252527::093.swc,945,43,5,L5:mapped:48,41.113999999999976,1.6244
252527::093.swc,945,43,5,L5:mapped:84,96.80800000000103,1.9904
252527::093.swc,945,43,5,L5:mapped:93,6.852000000000001,0.895
252527::093.swc,945,43,5,L5:mapped:227,118.34900000000162,2.0768
252527::093.swc,945,43,6,L6:mapped:42,24.510999999999992,1.4067
252527::093.swc,945,43,6,L6:mapped:43,139.79900000000123,2.1486
252527::093.swc,945,43,6,L6:mapped:48,41.113999999999976,1.6244
252527::093.swc,945,43,6,L6:mapped:85,71.78800000000021,1.8621
252527::093.swc,945,43,6,L6:mapped:93,6.852000000000001,0.895
252527::093.swc,945,43,6,L6:mapped:228,118.34900000000162,2.0768
252527::094.swc,945,42,1,L1:mapped:1,26.02299999999999,1.4317
252527::094.swc,945,42,2,L2:mapped:16,26.02299999999999,1.4317
252527::094.swc,945,42,3,L3:mapped:37,26.02299999999999,1.4317
252527::094.swc,945,42,4,L4:mapped:38,26.02299999999999,1.4317
252527::094.swc,945,42,5,L5:mapped:40,26.02299999999999,1.4317
252527::094.swc,945,42,6,L6:mapped:42,26.02299999999999,1.4317
252527::095.swc,945,42,1,L1:mapped:1,33.716999999999906,1.5405
252527::095.swc,945,42,1,L1:mapped:138,53.058000000000035,1.7329
252527::095.swc,945,42,2,L2:mapped:16,33.716999999999906,1.5405
252527::095.swc,945,42,2,L2:mapped:224,53.058000000000035,1.7329
252527::095.swc,945,42,3,L3:mapped:37,33.716999999999906,1.5405
252527::095.swc,945,42,3,L3:mapped:224,53.058000000000035,1.7329
252527::095.swc,945,42,4,L4:mapped:38,32.911999999999914,1.5304
252527::095.swc,945,42,4,L4:mapped:225,53.058000000000035,1.7329
252527::095.swc,945,42,5,L5:mapped:40,32.911999999999914,1.5304
252527::095.swc,945,42,5,L5:mapped:227,53.058000000000035,1.7329
252527::095.swc,945,42,6,L6:mapped:42,30.894999999999932,1.5037
252527::095.swc,945,42,6,L6:mapped:228,53.058000000000035,1.7329
252527::096.swc,945,42,1,L1:mapped:1,690.378999999983,2.8397
252527::096.swc,945,42,2,L2:mapped:16,689.1279999999831,2.8389
252527::096.swc,945,42,2,L2:mapped:50,1.2509999999999997,0.3524
252527::096.swc,945,42,3,L3:mapped:25,19.853999999999985,1.3192
252527::096.swc,945,42,3,L3:mapped:37,669.273999999985,2.8263
252527::096.swc,945,42,3,L3:mapped:64,1.2509999999999997,0.3524
252527::096.swc,945,42,4,L4:mapped:34,19.853999999999985,1.3192
252527::096.swc,945,42,4,L4:mapped:38,189.66900000000032,2.2803
252527::096.swc,945,42,4,L4:mapped:47,479.6049999999923,2.6818
252527::096.swc,945,42,4,L4:mapped:65,1.2509999999999997,0.3524
252527::096.swc,945,42,5,L5:mapped:34,19.853999999999985,1.3192
252527::096.swc,945,42,5,L5:mapped:40,189.66900000000032,2.2803
252527::096.swc,945,42,5,L5:mapped:48,19.751999999999992,1.3171
252527::096.swc,945,42,5,L5:mapped:49,459.85299999999336,2.6636
252527::096.swc,945,42,5,L5:mapped:69,1.2509999999999997,0.3524
252527::096.swc,945,42,6,L6:mapped:36,19.853999999999985,1.3192
252527::096.swc,945,42,6,L6:mapped:42,176.88000000000068,2.2501
252527::096.swc,945,42,6,L6:mapped:43,12.788999999999994,1.1395
252527::096.swc,945,42,6,L6:mapped:48,19.751999999999992,1.3171
252527::096.swc,945,42,6,L6:mapped:49,459.85299999999336,2.6636
252527::096.swc,945,42,6,L6:mapped:70,1.2509999999999997,0.3524
252527::097.swc,945,42,1,L1:mapped:1,158.15200000000112,2.2018
252527::097.swc,945,42,2,L2:mapped:16,158.15200000000112,2.2018
252527::097.swc,945,42,3,L3:mapped:37,158.15200000000112,2.2018
252527::097.swc,945,42,4,L4:mapped:38,158.15200000000112,2.2018
252527::097.swc,945,42,5,L5:mapped:40,158.15200000000112,2.2018
252527::097.swc,945,42,6,L6:mapped:41,13.477999999999996,1.1607
252527::097.swc,945,42,6,L6:mapped:42,144.6740000000015,2.1634
252527::098.swc,945,42,1,L1:mapped:1,833.9479999999858,2.9217
252527::098.swc,945,42,1,L1:mapped:90,42.9659999999999,1.6431
252527::098.swc,945,42,1,L1:mapped:138,186.8549999999998,2.2738
252527::098.swc,945,42,2,L2:mapped:16,758.2669999999858,2.8804
252527::098.swc,945,42,2,L2:mapped:77,75.68100000000007,1.8847
252527::098.swc,945,42,2,L2:mapped:91,42.9659999999999,1.6431
252527::098.swc,945,42,2,L2:mapped:224,186.8549999999998,2.2738
252527::098.swc,945,42,3,L3:mapped:37,757.0039999999864,2.8797
252527::098.swc,945,42,3,L3:mapped:78,75.68100000000007,1.8847
252527::098.swc,945,42,3,L3:mapped:95,42.9659999999999,1.6431
252527::098.swc,945,42,3,L3:mapped:224,186.8549999999998,2.2738
252527::098.swc,945,42,4,L4:mapped:38,258.32099999999843,2.4138
252527::098.swc,945,42,4,L4:mapped:47,498.6829999999914,2.6987
252527::098.swc,945,42,4,L4:mapped:80,75.68100000000007,1.8847
252527::098.swc,945,42,4,L4:mapped:95,42.9659999999999,1.6431
252527::098.swc,945,42,4,L4:mapped:225,186.8549999999998,2.2738
252527::098.swc,945,42,5,L5:mapped:40,258.32099999999843,2.4138
252527::098.swc,945,42,5,L5:mapped:49,498.6829999999914,2.6987
252527::098.swc,945,42,5,L5:mapped:84,75.68100000000007,1.8847
252527::098.swc,945,42,5,L5:mapped:95,42.9659999999999,1.6431
252527::098.swc,945,42,5,L5:mapped:227,186.8549999999998,2.2738
252527::098.swc,945,42,6,L6:mapped:41,27.189999999999973,1.4501
252527::098.swc,945,42,6,L6:mapped:42,197.08700000000005,2.2969
252527::098.swc,945,42,6,L6:mapped:43,34.04399999999997,1.5446
252527::098.swc,945,42,6,L6:mapped:49,498.6829999999914,2.6987
252527::098.swc,945,42,6,L6:mapped:86,75.68100000000007,1.8847
252527::098.swc,945,42,6,L6:mapped:95,42.9659999999999,1.6431
252527::098.swc,945,42,6,L6:mapped:228,186.8549999999998,2.2738
252527::099.swc,945,42,1,L1:mapped:1,299.5479999999956,2.4779
252527::099.swc,945,42,2,L2:mapped:16,299.5479999999956,2.4779
252527::099.swc,945,42,3,L3:mapped:37,299.5479999999956,2.4779
252527::099.swc,945,42,4,L4:mapped:38,299.5479999999956,2.4779
252527::099.swc,945,42,5,L5:mapped:40,299.5479999999956,2.4779
252527::099.swc,945,42,6,L6:mapped:42,299.5479999999956,2.4779
252714::029.swc,631,548,1,L1:mapped:1,558.9639999999923,2.7482
252714::029.swc,631,548,1,L1:mapped:90,1.3550000000000002,0.372
252714::029.swc,631,548,1,L1:mapped:138,0.9530000000000003,0.2907
252714::029.swc,631,548,1,L1:mapped:501,828.297999999992,2.9187
252714::029.swc,631,548,1,L1:mapped:590,10.370000000000003,1.0558
252714::029.swc,631,548,1,L1:mapped:1501,20.55400000000001,1.3335
252714::029.swc,631,548,2,L2:mapped:16,558.9639999999923,2.7482
252714::029.swc,631,548,2,L2:mapped:91,1.3550000000000002,0.372
252714::029.swc,631,548,2,L2:mapped:224,0.9530000000000003,0.2907
252714::029.swc,631,548,2,L2:mapped:516,721.9809999999911,2.8591
252714::029.swc,631,548,2,L2:mapped:577,106.31700000000085,2.0307
252714::029.swc,631,548,2,L2:mapped:591,10.370000000000003,1.0558
252714::029.swc,631,548,2,L2:mapped:1502,20.55400000000001,1.3335
252714::029.swc,631,548,3,L3:mapped:37,558.9639999999923,2.7482
252714::029.swc,631,548,3,L3:mapped:95,1.3550000000000002,0.372
252714::029.swc,631,548,3,L3:mapped:224,0.9530000000000003,0.2907
252714::029.swc,631,548,3,L3:mapped:525,16.728000000000005,1.2487
252714::029.swc,631,548,3,L3:mapped:537,705.2529999999919,2.849
252714::029.swc,631,548,3,L3:mapped:578,106.31700000000085,2.0307
252714::029.swc,631,548,3,L3:mapped:595,10.370000000000003,1.0558
252714::029.swc,631,548,3,L3:mapped:1503,20.55400000000001,1.3335
252714::029.swc,631,548,4,L4:mapped:47,558.9639999999923,2.7482
252714::029.swc,631,548,4,L4:mapped:95,1.3550000000000002,0.372
252714::029.swc,631,548,4,L4:mapped:225,0.9530000000000003,0.2907
252714::029.swc,631,548,4,L4:mapped:526,16.728000000000005,1.2487
252714::029.swc,631,548,4,L4:mapped:538,7.258999999999994,0.9169
252714::029.swc,631,548,4,L4:mapped:547,697.993999999992,2.8445
252714::029.swc,631,548,4,L4:mapped:580,106.31700000000085,2.0307
252714::029.swc,631,548,4,L4:mapped:595,10.370000000000003,1.0558
252714::029.swc,631,548,4,L4:mapped:1504,20.55400000000001,1.3335
252714::029.swc,631,548,5,L5:mapped:48,558.9639999999923,2.7482
252714::029.swc,631,548,5,L5:mapped:95,1.3550000000000002,0.372
252714::029.swc,631,548,5,L5:mapped:227,0.9530000000000003,0.2907
252714::029.swc,631,548,5,L5:mapped:530,16.728000000000005,1.2487
252714::029.swc,631,548,5,L5:mapped:539,6.261999999999994,0.8611
252714::029.swc,631,548,5,L5:mapped:548,595.0539999999971,2.7753
252714::029.swc,631,548,5,L5:mapped:549,102.94000000000094,2.0168
252714::029.swc,631,548,5,L5:mapped:584,106.31700000000085,2.0307
252714::029.swc,631,548,5,L5:mapped:595,10.370000000000003,1.0558
252714::029.swc,631,548,5,L5:mapped:1504,20.55400000000001,1.3335
252714::029.swc,631,548,6,L6:mapped:48,558.9639999999923,2.7482
252714::029.swc,631,548,6,L6:mapped:95,1.3550000000000002,0.372
252714::029.swc,631,548,6,L6:mapped:228,0.9530000000000003,0.2907
252714::029.swc,631,548,6,L6:mapped:532,14.068,1.1781
252714::029.swc,631,548,6,L6:mapped:539,6.261999999999994,0.8611
252714::029.swc,631,548,6,L6:mapped:548,595.0539999999971,2.7753
252714::029.swc,631,548,6,L6:mapped:549,102.94000000000094,2.0168
252714::029.swc,631,548,6,L6:mapped:586,106.31700000000085,2.0307
252714::029.swc,631,548,6,L6:mapped:595,10.370000000000003,1.0558
252714::029.swc,631,548,6,L6:mapped:1504,20.55400000000001,1.3335
252714::030.swc,631,548,1,L1:mapped:501,532.3519999999928,2.727
252714::030.swc,631,548,1,L1:mapped:638,43.73899999999995,1.6507
252714::030.swc,631,548,2,L2:mapped:516,482.16799999999506,2.6841
252714::030.swc,631,548,2,L2:mapped:577,50.18399999999996,1.7091
252714::030.swc,631,548,2,L2:mapped:724,43.73899999999995,1.6507
252714::030.swc,631,548,3,L3:mapped:537,482.16799999999506,2.6841
252714::030.swc,631,548,3,L3:mapped:578,50.18399999999996,1.7091
252714::030.swc,631,548,3,L3:mapped:724,43.73899999999995,1.6507
252714::030.swc,631,548,4,L4:mapped:538,54.653999999999925,1.7455
252714::030.swc,631,548,4,L4:mapped:547,427.5139999999954,2.632
252714::030.swc,631,548,4,L4:mapped:580,50.18399999999996,1.7091
252714::030.swc,631,548,4,L4:mapped:725,43.73899999999995,1.6507
252714::030.swc,631,548,5,L5:mapped:540,54.653999999999925,1.7455
252714::030.swc,631,548,5,L5:mapped:548,421.89999999999645,2.6262
252714::030.swc,631,548,5,L5:mapped:549,5.613999999999997,0.8205
252714::030.swc,631,548,5,L5:mapped:584,50.18399999999996,1.7091
252714::030.swc,631,548,5,L5:mapped:727,43.73899999999995,1.6507
252714::030.swc,631,548,6,L6:mapped:542,19.048,1.3021
252714::030.swc,631,548,6,L6:mapped:543,35.60599999999999,1.5636
252714::030.swc,631,548,6,L6:mapped:548,421.89999999999645,2.6262
252714::030.swc,631,548,6,L6:mapped:549,5.613999999999997,0.8205
252714::030.swc,631,548,6,L6:mapped:586,50.18399999999996,1.7091
252714::030.swc,631,548,6,L6:mapped:728,43.73899999999995,1.6507
252714::031.swc,631,548,1,L1:mapped:501,183.51799999999955,2.266
252714::031.swc,631,548,1,L1:mapped:590,15.297999999999988,1.2121
252714::031.swc,631,548,1,L1:mapped:1501,36.57699999999999,1.5749
252714::031.swc,631,548,1,L1:mapped:1582,90.50100000000073,1.9614
252714::031.swc,631,548,2,L2:mapped:516,183.51799999999955,2.266
252714::031.swc,631,548,2,L2:mapped:591,15.297999999999988,1.2121
252714::031.swc,631,548,2,L2:mapped:1502,6.403999999999999,0.8695
252714::031.swc,631,548,2,L2:mapped:1613,90.50100000000073,1.9614
252714::031.swc,631,548,3,L3:mapped:537,183.51799999999955,2.266
252714::031.swc,631,548,3,L3:mapped:595,15.297999999999988,1.2121
252714::031.swc,631,548,3,L3:mapped:1503,6.403999999999999,0.8695
252714::031.swc,631,548,3,L3:mapped:1615,51.90700000000004,1.7235
252714::031.swc,631,548,4,L4:mapped:547,183.51799999999955,2.266
252714::031.swc,631,548,4,L4:mapped:595,15.297999999999988,1.2121
252714::031.swc,631,548,4,L4:mapped:1504,6.403999999999999,0.8695
252714::031.swc,631,548,4,L4:mapped:1619,51.90700000000004,1.7235
252714::031.swc,631,548,5,L5:mapped:548,183.51799999999955,2.266
252714::031.swc,631,548,5,L5:mapped:595,15.297999999999988,1.2121
252714::031.swc,631,548,5,L5:mapped:1504,6.403999999999999,0.8695
252714::031.swc,631,548,5,L5:mapped:1622,51.90700000000004,1.7235
252714::031.swc,631,548,6,L6:mapped:548,183.51799999999955,2.266
252714::031.swc,631,548,6,L6:mapped:595,15.297999999999988,1.2121
252714::031.swc,631,548,6,L6:mapped:1504,6.403999999999999,0.8695
252714::031.swc,631,548,6,L6:mapped:1623,51.90700000000004,1.7235
252714::032.swc,631,728,1,L1:mapped:501,543.7149999999934,2.7362
252714::032.swc,631,728,1,L1:mapped:590,277.3379999999986,2.4446
252714::032.swc,631,728,1,L1:mapped:638,389.9629999999946,2.5921
252714::032.swc,631,728,1,L1:mapped:1082,9.997999999999989,1.0413
252714::032.swc,631,728,1,L1:mapped:1501,728.5469999999852,2.8631
252714::032.swc,631,728,1,L1:mapped:1582,225.20299999999997,2.3545
252714::032.swc,631,728,2,L2:mapped:516,447.89099999999024,2.6521
252714::032.swc,631,728,2,L2:mapped:577,95.82400000000041,1.986
252714::032.swc,631,728,2,L2:mapped:591,277.3379999999986,2.4446
252714::032.swc,631,728,2,L2:mapped:724,389.9629999999946,2.5921
252714::032.swc,631,728,2,L2:mapped:1113,9.997999999999989,1.0413
252714::032.swc,631,728,2,L2:mapped:1524,38.74999999999995,1.5993
252714::032.swc,631,728,2,L2:mapped:1550,670.0499999999874,2.8268
252714::032.swc,631,728,2,L2:mapped:1613,195.70199999999986,2.2938
252714::032.swc,631,728,3,L3:mapped:537,447.89099999999024,2.6521
252714::032.swc,631,728,3,L3:mapped:578,95.82400000000041,1.986
252714::032.swc,631,728,3,L3:mapped:592,161.0450000000001,2.2096
252714::032.swc,631,728,3,L3:mapped:595,116.2930000000014,2.0693
252714::032.swc,631,728,3,L3:mapped:724,389.9629999999946,2.5921
252714::032.swc,631,728,3,L3:mapped:1115,2.452999999999999,0.5382
252714::032.swc,631,728,3,L3:mapped:1127,7.544999999999996,0.9317
252714::032.swc,631,728,3,L3:mapped:1540,38.74999999999995,1.5993
252714::032.swc,631,728,3,L3:mapped:1551,549.260999999989,2.7406
252714::032.swc,631,728,3,L3:mapped:1562,120.7890000000019,2.0856
252714::032.swc,631,728,3,L3:mapped:1615,112.42700000000083,2.0547
252714::032.swc,631,728,3,L3:mapped:1627,19.398999999999997,1.3096
252714::032.swc,631,728,3,L3:mapped:1635,34.236999999999945,1.547
252714::032.swc,631,728,4,L4:mapped:538,51.86399999999991,1.7232
252714::032.swc,631,728,4,L4:mapped:547,396.02699999999163,2.5988
252714::032.swc,631,728,4,L4:mapped:579,3.556999999999998,0.6587
252714::032.swc,631,728,4,L4:mapped:580,92.2670000000003,1.9697
252714::032.swc,631,728,4,L4:mapped:592,161.0450000000001,2.2096
252714::032.swc,631,728,4,L4:mapped:595,116.2930000000014,2.0693
252714::032.swc,631,728,4,L4:mapped:725,389.9629999999946,2.5921
252714::032.swc,631,728,4,L4:mapped:1126,2.452999999999999,0.5382
252714::032.swc,631,728,4,L4:mapped:1127,7.544999999999996,0.9317
252714::032.swc,631,728,4,L4:mapped:1546,35.999999999999964,1.5682
252714::032.swc,631,728,4,L4:mapped:1552,530.9269999999883,2.7259
252714::032.swc,631,728,4,L4:mapped:1559,18.334000000000007,1.2863
252714::032.swc,631,728,4,L4:mapped:1562,120.7890000000019,2.0856
252714::032.swc,631,728,4,L4:mapped:1626,98.97900000000038,1.9999
252714::032.swc,631,728,4,L4:mapped:1627,19.398999999999997,1.3096
252714::032.swc,631,728,4,L4:mapped:1643,1.7799999999999996,0.444
252714::032.swc,631,728,5,L5:mapped:540,51.86399999999991,1.7232
252714::032.swc,631,728,5,L5:mapped:548,382.2469999999919,2.5835
252714::032.swc,631,728,5,L5:mapped:549,13.779999999999998,1.1697
252714::032.swc,631,728,5,L5:mapped:579,3.556999999999998,0.6587
252714::032.swc,631,728,5,L5:mapped:584,92.2670000000003,1.9697
252714::032.swc,631,728,5,L5:mapped:593,60.59399999999995,1.7895
252714::032.swc,631,728,5,L5:mapped:594,100.45100000000069,2.0063
252714::032.swc,631,728,5,L5:mapped:595,116.2930000000014,2.0693
252714::032.swc,631,728,5,L5:mapped:727,389.9629999999946,2.5921
252714::032.swc,631,728,5,L5:mapped:1126,2.452999999999999,0.5382
252714::032.swc,631,728,5,L5:mapped:1128,4.165000000000002,0.7131
252714::032.swc,631,728,5,L5:mapped:1548,35.999999999999964,1.5682
252714::032.swc,631,728,5,L5:mapped:1556,510.7579999999885,2.7091
252714::032.swc,631,728,5,L5:mapped:1560,18.334000000000007,1.2863
252714::032.swc,631,728,5,L5:mapped:1563,1.9879999999999995,0.4754
252714::032.swc,631,728,5,L5:mapped:1567,118.8010000000018,2.0785
252714::032.swc,631,728,5,L5:mapped:1626,98.97900000000038,1.9999
252714::032.swc,631,728,5,L5:mapped:1628,0.9560000000000005,0.2914
252714::032.swc,631,728,5,L5:mapped:1634,14.074,1.1782
252714::032.swc,631,728,5,L5:mapped:1647,1.7799999999999996,0.444
252714::032.swc,631,728,6,L6:mapped:541,30.509999999999945,1.4984
252714::032.swc,631,728,6,L6:mapped:548,382.2469999999919,2.5835
252714::032.swc,631,728,6,L6:mapped:549,13.779999999999998,1.1697
252714::032.swc,631,728,6,L6:mapped:579,3.556999999999998,0.6587
252714::032.swc,631,728,6,L6:mapped:585,44.306999999999995,1.6562
252714::032.swc,631,728,6,L6:mapped:586,47.959999999999944,1.6898
252714::032.swc,631,728,6,L6:mapped:593,60.59399999999995,1.7895
252714::032.swc,631,728,6,L6:mapped:594,100.45100000000069,2.0063
252714::032.swc,631,728,6,L6:mapped:595,116.2930000000014,2.0693
252714::032.swc,631,728,6,L6:mapped:728,389.9629999999946,2.5921
252714::032.swc,631,728,6,L6:mapped:1126,2.452999999999999,0.5382
252714::032.swc,631,728,6,L6:mapped:1128,4.165000000000002,0.7131
252714::032.swc,631,728,6,L6:mapped:1548,35.999999999999964,1.5682
252714::032.swc,631,728,6,L6:mapped:1556,510.7579999999885,2.7091
252714::032.swc,631,728,6,L6:mapped:1560,18.334000000000007,1.2863
252714::032.swc,631,728,6,L6:mapped:1564,1.9879999999999995,0.4754
252714::032.swc,631,728,6,L6:mapped:1567,118.8010000000018,2.0785
252714::032.swc,631,728,6,L6:mapped:1626,98.97900000000038,1.9999
252714::032.swc,631,728,6,L6:mapped:1628,0.9560000000000005,0.2914
252714::032.swc,631,728,6,L6:mapped:1634,14.074,1.1782
252714::032.swc,631,728,6,L6:mapped:1647,1.7799999999999996,0.444
252714::033.swc,631,548,1,L1:mapped:501,308.0549999999978,2.49
252714::033.swc,631,548,1,L1:mapped:638,0.6040000000000001,0.2052
252714::033.swc,631,548,1,L1:mapped:1501,148.6350000000008,2.175
252714::033.swc,631,548,1,L1:mapped:1582,125.01700000000172,2.1004
252714::033.swc,631,548,2,L2:mapped:516,308.0549999999978,2.49
252714::033.swc,631,548,2,L2:mapped:724,0.6040000000000001,0.2052
252714::033.swc,631,548,2,L2:mapped:1550,141.3460000000012,2.1533
252714::033.swc,631,548,2,L2:mapped:1613,101.44600000000116,2.0105
252714::033.swc,631,548,3,L3:mapped:537,308.0549999999978,2.49
252714::033.swc,631,548,3,L3:mapped:724,0.6040000000000001,0.2052
252714::033.swc,631,548,3,L3:mapped:1551,106.31700000000133,2.0307
252714::033.swc,631,548,3,L3:mapped:1562,35.029000000000025,1.5567
252714::033.swc,631,548,3,L3:mapped:1615,90.96800000000083,1.9636
252714::033.swc,631,548,4,L4:mapped:547,308.0549999999978,2.49
252714::033.swc,631,548,4,L4:mapped:725,0.6040000000000001,0.2052
252714::033.swc,631,548,4,L4:mapped:1552,106.31700000000133,2.0307
252714::033.swc,631,548,4,L4:mapped:1562,35.029000000000025,1.5567
252714::033.swc,631,548,4,L4:mapped:1619,90.96800000000083,1.9636
252714::033.swc,631,548,5,L5:mapped:548,308.0549999999978,2.49
252714::033.swc,631,548,5,L5:mapped:727,0.6040000000000001,0.2052
252714::033.swc,631,548,5,L5:mapped:1556,86.95300000000073,1.9443
252714::033.swc,631,548,5,L5:mapped:1557,19.36399999999996,1.3089
252714::033.swc,631,548,5,L5:mapped:1563,35.029000000000025,1.5567
252714::033.swc,631,548,5,L5:mapped:1621,0.29300000000000004,0.1116
252714::033.swc,631,548,5,L5:mapped:1622,90.67500000000084,1.9623
252714::033.swc,631,548,6,L6:mapped:548,308.0549999999978,2.49
252714::033.swc,631,548,6,L6:mapped:728,0.6040000000000001,0.2052
252714::033.swc,631,548,6,L6:mapped:1556,86.95300000000073,1.9443
252714::033.swc,631,548,6,L6:mapped:1557,19.36399999999996,1.3089
252714::033.swc,631,548,6,L6:mapped:1564,29.470000000000027,1.4839
252714::033.swc,631,548,6,L6:mapped:1621,0.29300000000000004,0.1116
252714::033.swc,631,548,6,L6:mapped:1623,90.67500000000084,1.9623
252714::034.swc,631,548,1,L1:mapped:501,358.49499999999483,2.5557
252714::034.swc,631,548,1,L1:mapped:590,17.554999999999996,1.2685
252714::034.swc,631,548,1,L1:mapped:638,72.26100000000004,1.8649
252714::034.swc,631,548,1,L1:mapped:1501,461.4879999999948,2.6651
252714::034.swc,631,548,1,L1:mapped:1582,124.6590000000015,2.0992
252714::034.swc,631,548,1,L1:mapped:1669,86.09700000000024,1.94
252714::034.swc,631,548,1,L1:mapped:1711,157.83600000000047,2.2009
252714::034.swc,631,548,1,L1:mapped:1786,487.3039999999929,2.6887
252714::034.swc,631,548,2,L2:mapped:516,358.49499999999483,2.5557
252714::034.swc,631,548,2,L2:mapped:591,17.554999999999996,1.2685
252714::034.swc,631,548,2,L2:mapped:724,72.26100000000004,1.8649
252714::034.swc,631,548,2,L2:mapped:1524,14.052000000000005,1.1776
252714::034.swc,631,548,2,L2:mapped:1550,418.1659999999951,2.6224
252714::034.swc,631,548,2,L2:mapped:1569,22.264999999999986,1.3667
252714::034.swc,631,548,2,L2:mapped:1611,13.114999999999993,1.1497
252714::034.swc,631,548,2,L2:mapped:1613,108.3000000000011,2.0386
252714::034.swc,631,548,2,L2:mapped:1670,86.09700000000024,1.94
252714::034.swc,631,548,2,L2:mapped:1712,157.83600000000047,2.2009
252714::034.swc,631,548,2,L2:mapped:1787,487.3039999999929,2.6887
252714::034.swc,631,548,3,L3:mapped:537,358.49499999999483,2.5557
252714::034.swc,631,548,3,L3:mapped:595,17.554999999999996,1.2685
252714::034.swc,631,548,3,L3:mapped:724,72.26100000000004,1.8649
252714::034.swc,631,548,3,L3:mapped:1540,14.052000000000005,1.1776
252714::034.swc,631,548,3,L3:mapped:1551,335.2769999999951,2.5267
252714::034.swc,631,548,3,L3:mapped:1562,82.88900000000014,1.9237
252714::034.swc,631,548,3,L3:mapped:1569,22.264999999999986,1.3667
252714::034.swc,631,548,3,L3:mapped:1612,13.114999999999993,1.1497
252714::034.swc,631,548,3,L3:mapped:1615,79.6640000000004,1.9067
252714::034.swc,631,548,3,L3:mapped:1635,23.282999999999987,1.3853
252714::034.swc,631,548,3,L3:mapped:1671,6.469999999999997,0.8733
252714::034.swc,631,548,3,L3:mapped:1680,49.86999999999996,1.7065
252714::034.swc,631,548,3,L3:mapped:1713,71.33300000000014,1.8593
252714::034.swc,631,548,3,L3:mapped:1731,86.50300000000027,1.942
252714::034.swc,631,548,3,L3:mapped:1788,235.3309999999989,2.3735
252714::034.swc,631,548,3,L3:mapped:1806,208.26199999999994,2.3207
252714::034.swc,631,548,4,L4:mapped:538,17.142000000000003,1.2587
252714::034.swc,631,548,4,L4:mapped:547,341.35299999999546,2.5345
252714::034.swc,631,548,4,L4:mapped:595,17.554999999999996,1.2685
252714::034.swc,631,548,4,L4:mapped:725,72.26100000000004,1.8649
252714::034.swc,631,548,4,L4:mapped:1541,9.434000000000003,1.0185
252714::034.swc,631,548,4,L4:mapped:1552,328.6869999999952,2.5181
252714::034.swc,631,548,4,L4:mapped:1559,6.589999999999998,0.8802
252714::034.swc,631,548,4,L4:mapped:1562,82.88900000000014,1.9237
252714::034.swc,631,548,4,L4:mapped:1570,22.264999999999986,1.3667
252714::034.swc,631,548,4,L4:mapped:1612,13.114999999999993,1.1497
252714::034.swc,631,548,4,L4:mapped:1619,79.6640000000004,1.9067
252714::034.swc,631,548,4,L4:mapped:1639,6.365999999999999,0.8672
252714::034.swc,631,548,4,L4:mapped:1643,16.91699999999999,1.2533
252714::034.swc,631,548,4,L4:mapped:1677,6.469999999999997,0.8733
252714::034.swc,631,548,4,L4:mapped:1681,27.078000000000007,1.4484
252714::034.swc,631,548,4,L4:mapped:1714,65.50900000000001,1.8229
252714::034.swc,631,548,4,L4:mapped:1719,5.824000000000002,0.834
252714::034.swc,631,548,4,L4:mapped:1738,22.766000000000012,1.376
252714::034.swc,631,548,4,L4:mapped:1742,63.736999999999874,1.8112
252714::034.swc,631,548,4,L4:mapped:1794,92.4550000000007,1.9706
252714::034.swc,631,548,4,L4:mapped:1801,142.87600000000057,2.158
252714::034.swc,631,548,4,L4:mapped:1810,204.48000000000016,2.3128
252714::034.swc,631,548,5,L5:mapped:540,17.142000000000003,1.2587
252714::034.swc,631,548,5,L5:mapped:548,341.35299999999546,2.5345
252714::034.swc,631,548,5,L5:mapped:595,17.554999999999996,1.2685
252714::034.swc,631,548,5,L5:mapped:727,72.26100000000004,1.8649
252714::034.swc,631,548,5,L5:mapped:1542,9.434000000000003,1.0185
252714::034.swc,631,548,5,L5:mapped:1556,234.28699999999824,2.3716
252714::034.swc,631,548,5,L5:mapped:1557,94.40000000000074,1.9795
252714::034.swc,631,548,5,L5:mapped:1560,6.589999999999998,0.8802
252714::034.swc,631,548,5,L5:mapped:1567,19.18,1.3049
252714::034.swc,631,548,5,L5:mapped:1568,8.784,0.9905
252714::034.swc,631,548,5,L5:mapped:1570,22.264999999999986,1.3667
252714::034.swc,631,548,5,L5:mapped:1612,13.114999999999993,1.1497
252714::034.swc,631,548,5,L5:mapped:1621,56.37900000000004,1.7588
252714::034.swc,631,548,5,L5:mapped:1641,6.365999999999999,0.8672
252714::034.swc,631,548,5,L5:mapped:1647,16.91699999999999,1.2533
252714::034.swc,631,548,5,L5:mapped:1679,6.469999999999997,0.8733
252714::034.swc,631,548,5,L5:mapped:1685,14.341999999999993,1.1859
252714::034.swc,631,548,5,L5:mapped:1714,65.50900000000001,1.8229
252714::034.swc,631,548,5,L5:mapped:1720,5.824000000000002,0.834
252714::034.swc,631,548,5,L5:mapped:1740,16.470999999999997,1.2423
252714::034.swc,631,548,5,L5:mapped:1743,47.83899999999993,1.6888
252714::034.swc,631,548,5,L5:mapped:1797,92.4550000000007,1.9706
252714::034.swc,631,548,5,L5:mapped:1802,86.73200000000026,1.9432
252714::034.swc,631,548,5,L5:mapped:1804,56.14399999999995,1.757
252714::034.swc,631,548,5,L5:mapped:1811,163.8570000000008,2.2171
252714::034.swc,631,548,5,L5:mapped:1814,9.72999999999999,1.0306
252714::034.swc,631,548,6,L6:mapped:543,13.716999999999993,1.1678
252714::034.swc,631,548,6,L6:mapped:548,341.35299999999546,2.5345
252714::034.swc,631,548,6,L6:mapped:595,17.554999999999996,1.2685
252714::034.swc,631,548,6,L6:mapped:728,72.26100000000004,1.8649
252714::034.swc,631,548,6,L6:mapped:1542,9.434000000000003,1.0185
252714::034.swc,631,548,6,L6:mapped:1556,234.28699999999824,2.3716
252714::034.swc,631,548,6,L6:mapped:1557,94.40000000000074,1.9795
252714::034.swc,631,548,6,L6:mapped:1560,6.589999999999998,0.8802
252714::034.swc,631,548,6,L6:mapped:1567,19.18,1.3049
252714::034.swc,631,548,6,L6:mapped:1568,8.784,0.9905
252714::034.swc,631,548,6,L6:mapped:1571,11.506000000000004,1.0971
252714::034.swc,631,548,6,L6:mapped:1612,13.114999999999993,1.1497
252714::034.swc,631,548,6,L6:mapped:1621,56.37900000000004,1.7588
252714::034.swc,631,548,6,L6:mapped:1641,6.365999999999999,0.8672
252714::034.swc,631,548,6,L6:mapped:1647,16.91699999999999,1.2533
252714::034.swc,631,548,6,L6:mapped:1679,6.469999999999997,0.8733
252714::034.swc,631,548,6,L6:mapped:1685,14.341999999999993,1.1859
252714::034.swc,631,548,6,L6:mapped:1715,3.9699999999999975,0.6964
252714::034.swc,631,548,6,L6:mapped:1716,26.798999999999964,1.444
252714::034.swc,631,548,6,L6:mapped:1717,31.35599999999997,1.51
252714::034.swc,631,548,6,L6:mapped:1718,3.3839999999999995,0.6419
252714::034.swc,631,548,6,L6:mapped:1720,5.824000000000002,0.834
252714::034.swc,631,548,6,L6:mapped:1740,16.470999999999997,1.2423
252714::034.swc,631,548,6,L6:mapped:1743,47.83899999999993,1.6888
252714::034.swc,631,548,6,L6:mapped:1799,63.39000000000003,1.8088
252714::034.swc,631,548,6,L6:mapped:1800,29.06499999999996,1.4781
252714::034.swc,631,548,6,L6:mapped:1802,86.73200000000026,1.9432
252714::034.swc,631,548,6,L6:mapped:1804,56.14399999999995,1.757
252714::034.swc,631,548,6,L6:mapped:1811,163.8570000000008,2.2171
252714::034.swc,631,548,6,L6:mapped:1814,9.72999999999999,1.0306
252714::085.swc,631,48,1,L1:mapped:1,2921.019999999844,3.4657
252714::085.swc,631,48,1,L1:mapped:90,326.9289999999969,2.5158
252714::085.swc,631,48,1,L1:mapped:138,0.6340000000000001,0.2133
252714::085.swc,631,48,2,L2:mapped:16,1693.410999999975,3.229
252714::085.swc,631,48,2,L2:mapped:50,24.152999999999988,1.4006
252714::085.swc,631,48,2,L2:mapped:77,1203.4559999999676,3.0808
252714::085.swc,631,48,2,L2:mapped:91,326.9289999999969,2.5158
252714::085.swc,631,48,2,L2:mapped:224,0.6340000000000001,0.2133
252714::085.swc,631,48,3,L3:mapped:25,133.75600000000182,2.1295
252714::085.swc,631,48,3,L3:mapped:37,1559.654999999976,3.1933
252714::085.swc,631,48,3,L3:mapped:64,24.152999999999988,1.4006
252714::085.swc,631,48,3,L3:mapped:78,1203.4559999999676,3.0808
252714::085.swc,631,48,3,L3:mapped:92,73.46000000000024,1.8719
252714::085.swc,631,48,3,L3:mapped:95,253.4689999999988,2.4056
252714::085.swc,631,48,3,L3:mapped:224,0.6340000000000001,0.2133
252714::085.swc,631,48,4,L4:mapped:26,62.46499999999987,1.8025
252714::085.swc,631,48,4,L4:mapped:34,71.29100000000011,1.8591
252714::085.swc,631,48,4,L4:mapped:38,283.65899999999846,2.4543
252714::085.swc,631,48,4,L4:mapped:47,1275.9959999999835,3.1062
252714::085.swc,631,48,4,L4:mapped:65,24.152999999999988,1.4006
252714::085.swc,631,48,4,L4:mapped:80,1203.4559999999676,3.0808
252714::085.swc,631,48,4,L4:mapped:92,73.46000000000024,1.8719
252714::085.swc,631,48,4,L4:mapped:95,253.4689999999988,2.4056
252714::085.swc,631,48,4,L4:mapped:225,0.6340000000000001,0.2133
252714::085.swc,631,48,5,L5:mapped:27,22.785999999999976,1.3763
252714::085.swc,631,48,5,L5:mapped:30,39.678999999999995,1.6094
252714::085.swc,631,48,5,L5:mapped:34,71.29100000000011,1.8591
252714::085.swc,631,48,5,L5:mapped:40,283.65899999999846,2.4543
252714::085.swc,631,48,5,L5:mapped:48,417.98199999999684,2.6222
252714::085.swc,631,48,5,L5:mapped:49,858.0139999999967,2.934
252714::085.swc,631,48,5,L5:mapped:69,7.720999999999999,0.9406
252714::085.swc,631,48,5,L5:mapped:84,1203.4559999999676,3.0808
252714::085.swc,631,48,5,L5:mapped:94,73.46000000000024,1.8719
252714::085.swc,631,48,5,L5:mapped:95,253.4689999999988,2.4056
252714::085.swc,631,48,5,L5:mapped:227,0.6340000000000001,0.2133
252714::085.swc,631,48,6,L6:mapped:29,22.785999999999976,1.3763
252714::085.swc,631,48,6,L6:mapped:32,22.71999999999999,1.3751
252714::085.swc,631,48,6,L6:mapped:33,16.95899999999999,1.2543
252714::085.swc,631,48,6,L6:mapped:35,65.625,1.8236
252714::085.swc,631,48,6,L6:mapped:36,5.6659999999999995,0.8239
252714::085.swc,631,48,6,L6:mapped:41,32.93600000000001,1.5307
252714::085.swc,631,48,6,L6:mapped:42,170.5000000000001,2.2343
252714::085.swc,631,48,6,L6:mapped:43,80.2230000000006,1.9097
252714::085.swc,631,48,6,L6:mapped:48,417.98199999999684,2.6222
252714::085.swc,631,48,6,L6:mapped:49,858.0139999999967,2.934
252714::085.swc,631,48,6,L6:mapped:70,7.720999999999999,0.9406
252714::085.swc,631,48,6,L6:mapped:85,12.528999999999993,1.1313
252714::085.swc,631,48,6,L6:mapped:86,1190.926999999968,3.0762
252714::085.swc,631,48,6,L6:mapped:94,73.46000000000024,1.8719
252714::085.swc,631,48,6,L6:mapped:95,253.4689999999988,2.4056
252714::085.swc,631,48,6,L6:mapped:228,0.6340000000000001,0.2133
252714::086.swc,631,48,1,L1:mapped:1,732.0949999999874,2.8652
252714::086.swc,631,48,1,L1:mapped:90,102.7300000000004,2.0159
252714::086.swc,631,48,1,L1:mapped:138,752.2599999999914,2.8769
252714::086.swc,631,48,1,L1:mapped:1001,1430.4319999999584,3.1558
252714::086.swc,631,48,2,L2:mapped:16,622.387999999989,2.7948
252714::086.swc,631,48,2,L2:mapped:77,109.70700000000066,2.0442
252714::086.swc,631,48,2,L2:mapped:91,102.7300000000004,2.0159
252714::086.swc,631,48,2,L2:mapped:139,85.09100000000055,1.935
252714::086.swc,631,48,2,L2:mapped:165,62.969999999999914,1.806
252714::086.swc,631,48,2,L2:mapped:224,604.198999999993,2.7819
252714::086.swc,631,48,2,L2:mapped:1002,104.32800000000047,2.0225
252714::086.swc,631,48,2,L2:mapped:1024,1274.33099999996,3.1056
252714::086.swc,631,48,2,L2:mapped:1050,44.66599999999997,1.6596
252714::086.swc,631,48,2,L2:mapped:1069,7.106999999999996,0.9089
252714::086.swc,631,48,3,L3:mapped:37,622.387999999989,2.7948
252714::086.swc,631,48,3,L3:mapped:78,109.70700000000066,2.0442
252714::086.swc,631,48,3,L3:mapped:92,9.48,1.0204
252714::086.swc,631,48,3,L3:mapped:95,93.25000000000031,1.9743
252714::086.swc,631,48,3,L3:mapped:153,85.09100000000055,1.935
252714::086.swc,631,48,3,L3:mapped:165,62.969999999999914,1.806
252714::086.swc,631,48,3,L3:mapped:224,604.198999999993,2.7819
252714::086.swc,631,48,3,L3:mapped:1003,58.63699999999991,1.7755
252714::086.swc,631,48,3,L3:mapped:1005,45.69099999999999,1.6692
252714::086.swc,631,48,3,L3:mapped:1025,1183.2389999999762,3.0734
252714::086.swc,631,48,3,L3:mapped:1040,91.09200000000055,1.9642
252714::086.swc,631,48,3,L3:mapped:1051,23.52699999999998,1.3896
252714::086.swc,631,48,3,L3:mapped:1062,21.138999999999957,1.3452
252714::086.swc,631,48,3,L3:mapped:1069,7.106999999999996,0.9089
252714::086.swc,631,48,4,L4:mapped:38,12.896999999999998,1.1429
252714::086.swc,631,48,4,L4:mapped:47,609.4909999999888,2.7857
252714::086.swc,631,48,4,L4:mapped:80,109.70700000000066,2.0442
252714::086.swc,631,48,4,L4:mapped:92,9.48,1.0204
252714::086.swc,631,48,4,L4:mapped:95,93.25000000000031,1.9743
252714::086.swc,631,48,4,L4:mapped:154,85.09100000000055,1.935
252714::086.swc,631,48,4,L4:mapped:166,62.969999999999914,1.806
252714::086.swc,631,48,4,L4:mapped:225,604.198999999993,2.7819
252714::086.swc,631,48,4,L4:mapped:1004,58.63699999999991,1.7755
252714::086.swc,631,48,4,L4:mapped:1006,37.95799999999997,1.5906
252714::086.swc,631,48,4,L4:mapped:1009,7.733000000000001,0.9412
252714::086.swc,631,48,4,L4:mapped:1026,103.45800000000101,2.0189
252714::086.swc,631,48,4,L4:mapped:1030,1079.7809999999768,3.0337
252714::086.swc,631,48,4,L4:mapped:1043,87.38000000000054,1.9464
252714::086.swc,631,48,4,L4:mapped:1052,23.52699999999998,1.3896
252714::086.swc,631,48,4,L4:mapped:1062,21.138999999999957,1.3452
252714::086.swc,631,48,4,L4:mapped:1070,7.106999999999996,0.9089
252714::086.swc,631,48,5,L5:mapped:40,12.896999999999998,1.1429
252714::086.swc,631,48,5,L5:mapped:48,609.4909999999888,2.7857
252714::086.swc,631,48,5,L5:mapped:84,109.70700000000066,2.0442
252714::086.swc,631,48,5,L5:mapped:94,9.48,1.0204
252714::086.swc,631,48,5,L5:mapped:95,93.25000000000031,1.9743
252714::086.swc,631,48,5,L5:mapped:159,85.09100000000055,1.935
252714::086.swc,631,48,5,L5:mapped:166,62.969999999999914,1.806
252714::086.swc,631,48,5,L5:mapped:227,604.198999999993,2.7819
252714::086.swc,631,48,5,L5:mapped:1004,58.63699999999991,1.7755
252714::086.swc,631,48,5,L5:mapped:1008,24.307999999999996,1.4033
252714::086.swc,631,48,5,L5:mapped:1009,7.733000000000001,0.9412
252714::086.swc,631,48,5,L5:mapped:1027,36.66600000000004,1.5759
252714::086.swc,631,48,5,L5:mapped:1028,66.79199999999997,1.8312
252714::086.swc,631,48,5,L5:mapped:1031,1024.82999999998,3.0111
252714::086.swc,631,48,5,L5:mapped:1034,11.838999999999993,1.1085
252714::086.swc,631,48,5,L5:mapped:1035,43.11199999999996,1.6446
252714::086.swc,631,48,5,L5:mapped:1045,87.38000000000054,1.9464
252714::086.swc,631,48,5,L5:mapped:1056,15.234999999999996,1.2105
252714::086.swc,631,48,5,L5:mapped:1057,8.291999999999998,0.9681
252714::086.swc,631,48,5,L5:mapped:1067,4.719000000000001,0.7573
252714::086.swc,631,48,5,L5:mapped:1068,16.41999999999997,1.241
252714::086.swc,631,48,5,L5:mapped:1070,7.106999999999996,0.9089
252714::086.swc,631,48,6,L6:mapped:43,12.896999999999998,1.1429
252714::086.swc,631,48,6,L6:mapped:48,609.4909999999888,2.7857
252714::086.swc,631,48,6,L6:mapped:86,109.70700000000066,2.0442
252714::086.swc,631,48,6,L6:mapped:94,9.48,1.0204
252714::086.swc,631,48,6,L6:mapped:95,93.25000000000031,1.9743
252714::086.swc,631,48,6,L6:mapped:159,85.09100000000055,1.935
252714::086.swc,631,48,6,L6:mapped:166,62.969999999999914,1.806
252714::086.swc,631,48,6,L6:mapped:228,604.198999999993,2.7819
252714::086.swc,631,48,6,L6:mapped:1004,58.63699999999991,1.7755
252714::086.swc,631,48,6,L6:mapped:1008,24.307999999999996,1.4033
252714::086.swc,631,48,6,L6:mapped:1009,7.733000000000001,0.9412
252714::086.swc,631,48,6,L6:mapped:1027,36.66600000000004,1.5759
252714::086.swc,631,48,6,L6:mapped:1028,66.79199999999997,1.8312
252714::086.swc,631,48,6,L6:mapped:1032,1021.7239999999799,3.0098
252714::086.swc,631,48,6,L6:mapped:1033,3.1060000000000008,0.6134
252714::086.swc,631,48,6,L6:mapped:1034,11.838999999999993,1.1085
252714::086.swc,631,48,6,L6:mapped:1036,35.665000000000006,1.5643
252714::086.swc,631,48,6,L6:mapped:1037,3.837999999999997,0.6847
252714::086.swc,631,48,6,L6:mapped:1045,87.38000000000054,1.9464
252714::086.swc,631,48,6,L6:mapped:1056,15.234999999999996,1.2105
252714::086.swc,631,48,6,L6:mapped:1057,8.291999999999998,0.9681
252714::086.swc,631,48,6,L6:mapped:1067,4.719000000000001,0.7573
252714::086.swc,631,48,6,L6:mapped:1068,16.41999999999997,1.241
252714::086.swc,631,48,6,L6:mapped:1072,3.0389999999999975,0.6063
252714::087.swc,631,48,1,L1:mapped:1,670.2999999999945,2.8269
252714::087.swc,631,48,1,L1:mapped:90,346.73399999999657,2.5412
252714::087.swc,631,48,1,L1:mapped:501,457.5749999999954,2.6614
252714::087.swc,631,48,1,L1:mapped:590,547.0859999999935,2.7388
252714::087.swc,631,48,2,L2:mapped:16,561.6349999999953,2.7502
252714::087.swc,631,48,2,L2:mapped:77,108.66500000000096,2.0401
252714::087.swc,631,48,2,L2:mapped:91,346.73399999999657,2.5412
252714::087.swc,631,48,2,L2:mapped:516,236.88099999999918,2.3764
252714::087.swc,631,48,2,L2:mapped:577,220.69400000000044,2.3458
252714::087.swc,631,48,2,L2:mapped:591,547.0859999999935,2.7388
252714::087.swc,631,48,3,L3:mapped:37,561.6349999999953,2.7502
252714::087.swc,631,48,3,L3:mapped:78,108.66500000000096,2.0401
252714::087.swc,631,48,3,L3:mapped:92,125.06400000000117,2.1006
252714::087.swc,631,48,3,L3:mapped:95,221.67,2.3477
252714::087.swc,631,48,3,L3:mapped:537,236.88099999999918,2.3764
252714::087.swc,631,48,3,L3:mapped:578,220.69400000000044,2.3458
252714::087.swc,631,48,3,L3:mapped:595,547.0859999999935,2.7388
252714::087.swc,631,48,4,L4:mapped:38,32.775999999999996,1.5286
252714::087.swc,631,48,4,L4:mapped:47,528.8589999999954,2.7242
252714::087.swc,631,48,4,L4:mapped:80,108.66500000000096,2.0401
252714::087.swc,631,48,4,L4:mapped:92,125.06400000000117,2.1006
252714::087.swc,631,48,4,L4:mapped:95,221.67,2.3477
252714::087.swc,631,48,4,L4:mapped:547,236.88099999999918,2.3764
252714::087.swc,631,48,4,L4:mapped:580,220.69400000000044,2.3458
252714::087.swc,631,48,4,L4:mapped:595,547.0859999999935,2.7388
252714::087.swc,631,48,5,L5:mapped:40,32.775999999999996,1.5286
252714::087.swc,631,48,5,L5:mapped:48,324.59999999999707,2.5127
252714::087.swc,631,48,5,L5:mapped:49,204.2589999999994,2.3123
252714::087.swc,631,48,5,L5:mapped:84,108.66500000000096,2.0401
252714::087.swc,631,48,5,L5:mapped:94,125.06400000000117,2.1006
252714::087.swc,631,48,5,L5:mapped:95,221.67,2.3477
252714::087.swc,631,48,5,L5:mapped:548,236.88099999999918,2.3764
252714::087.swc,631,48,5,L5:mapped:584,220.69400000000044,2.3458
252714::087.swc,631,48,5,L5:mapped:595,547.0859999999935,2.7388
252714::087.swc,631,48,6,L6:mapped:42,26.412999999999975,1.438
252714::087.swc,631,48,6,L6:mapped:48,324.59999999999707,2.5127
252714::087.swc,631,48,6,L6:mapped:49,204.2589999999994,2.3123
252714::087.swc,631,48,6,L6:mapped:85,86.42400000000053,1.9416
252714::087.swc,631,48,6,L6:mapped:86,22.24100000000001,1.3663
252714::087.swc,631,48,6,L6:mapped:94,125.06400000000117,2.1006
252714::087.swc,631,48,6,L6:mapped:95,221.67,2.3477
252714::087.swc,631,48,6,L6:mapped:548,236.88099999999918,2.3764
252714::087.swc,631,48,6,L6:mapped:586,220.69400000000044,2.3458
252714::087.swc,631,48,6,L6:mapped:595,547.0859999999935,2.7388
252714::088.swc,631,48,1,L1:mapped:1,501.10899999999447,2.7008
252714::088.swc,631,48,1,L1:mapped:90,210.73899999999992,2.3258
252714::088.swc,631,48,1,L1:mapped:138,1055.38699999998,3.0238
252714::088.swc,631,48,1,L1:mapped:1001,308.8779999999984,2.4912
252714::088.swc,631,48,2,L2:mapped:16,501.10899999999447,2.7008
252714::088.swc,631,48,2,L2:mapped:91,210.73899999999992,2.3258
252714::088.swc,631,48,2,L2:mapped:224,1055.38699999998,3.0238
252714::088.swc,631,48,2,L2:mapped:1024,275.04799999999847,2.441
252714::088.swc,631,48,3,L3:mapped:37,501.10899999999447,2.7008
252714::088.swc,631,48,3,L3:mapped:95,210.73899999999992,2.3258
252714::088.swc,631,48,3,L3:mapped:224,1055.38699999998,3.0238
252714::088.swc,631,48,3,L3:mapped:1025,275.04799999999847,2.441
252714::088.swc,631,48,4,L4:mapped:38,78.50700000000035,1.9004
252714::088.swc,631,48,4,L4:mapped:47,422.6019999999941,2.627
252714::088.swc,631,48,4,L4:mapped:95,210.73899999999992,2.3258
252714::088.swc,631,48,4,L4:mapped:225,1055.38699999998,3.0238
252714::088.swc,631,48,4,L4:mapped:1026,31.713999999999963,1.5147
252714::088.swc,631,48,4,L4:mapped:1030,243.33399999999855,2.388
252714::088.swc,631,48,5,L5:mapped:40,78.50700000000035,1.9004
252714::088.swc,631,48,5,L5:mapped:48,422.6019999999941,2.627
252714::088.swc,631,48,5,L5:mapped:95,210.73899999999992,2.3258
252714::088.swc,631,48,5,L5:mapped:227,1055.38699999998,3.0238
252714::088.swc,631,48,5,L5:mapped:1027,31.713999999999963,1.5147
252714::088.swc,631,48,5,L5:mapped:1031,166.19300000000092,2.2232
252714::088.swc,631,48,5,L5:mapped:1034,7.093999999999996,0.9082
252714::088.swc,631,48,5,L5:mapped:1035,66.7599999999999,1.831
252714::088.swc,631,48,5,L5:mapped:1039,3.286999999999999,0.6322
252714::088.swc,631,48,6,L6:mapped:42,21.533999999999985,1.3528
252714::088.swc,631,48,6,L6:mapped:43,56.97299999999995,1.7632
252714::088.swc,631,48,6,L6:mapped:48,422.6019999999941,2.627
252714::088.swc,631,48,6,L6:mapped:95,210.73899999999992,2.3258
252714::088.swc,631,48,6,L6:mapped:228,1055.38699999998,3.0238
252714::088.swc,631,48,6,L6:mapped:1027,31.713999999999963,1.5147
252714::088.swc,631,48,6,L6:mapped:1032,164.9550000000009,2.22
252714::088.swc,631,48,6,L6:mapped:1033,1.2380000000000004,0.3499
252714::088.swc,631,48,6,L6:mapped:1034,7.093999999999996,0.9082
252714::088.swc,631,48,6,L6:mapped:1036,30.600999999999992,1.4997
252714::088.swc,631,48,6,L6:mapped:1037,1.656,0.4242
252714::088.swc,631,48,6,L6:mapped:1038,34.502999999999986,1.5503
252714::088.swc,631,48,6,L6:mapped:1039,3.286999999999999,0.6322
252714::089.swc,631,48,1,L1:mapped:1,1707.8279999999675,3.2327
252714::089.swc,631,48,1,L1:mapped:90,154.38400000000078,2.1914
252714::089.swc,631,48,1,L1:mapped:138,100.45300000000087,2.0063
252714::089.swc,631,48,2,L2:mapped:16,1612.6759999999745,3.2078
252714::089.swc,631,48,2,L2:mapped:77,95.15200000000077,1.983
252714::089.swc,631,48,2,L2:mapped:91,154.38400000000078,2.1914
252714::089.swc,631,48,2,L2:mapped:224,100.45300000000087,2.0063
252714::089.swc,631,48,3,L3:mapped:37,1612.6759999999745,3.2078
252714::089.swc,631,48,3,L3:mapped:78,95.15200000000077,1.983
252714::089.swc,631,48,3,L3:mapped:95,154.38400000000078,2.1914
252714::089.swc,631,48,3,L3:mapped:224,100.45300000000087,2.0063
252714::089.swc,631,48,4,L4:mapped:38,220.50399999999937,2.3454
252714::089.swc,631,48,4,L4:mapped:47,1392.1719999999748,3.144
252714::089.swc,631,48,4,L4:mapped:80,95.15200000000077,1.983
252714::089.swc,631,48,4,L4:mapped:95,154.38400000000078,2.1914
252714::089.swc,631,48,4,L4:mapped:225,100.45300000000087,2.0063
252714::089.swc,631,48,5,L5:mapped:40,220.50399999999937,2.3454
252714::089.swc,631,48,5,L5:mapped:48,1079.8359999999807,3.0338
252714::089.swc,631,48,5,L5:mapped:49,312.335999999998,2.496
252714::089.swc,631,48,5,L5:mapped:84,95.15200000000077,1.983
252714::089.swc,631,48,5,L5:mapped:95,154.38400000000078,2.1914
252714::089.swc,631,48,5,L5:mapped:227,100.45300000000087,2.0063
252714::089.swc,631,48,6,L6:mapped:42,73.96300000000014,1.8748
252714::089.swc,631,48,6,L6:mapped:43,146.54100000000136,2.1689
252714::089.swc,631,48,6,L6:mapped:48,1079.8359999999807,3.0338
252714::089.swc,631,48,6,L6:mapped:49,312.335999999998,2.496
252714::089.swc,631,48,6,L6:mapped:86,95.15200000000077,1.983
252714::089.swc,631,48,6,L6:mapped:95,154.38400000000078,2.1914
252714::089.swc,631,48,6,L6:mapped:228,100.45300000000087,2.0063
252714::090.swc,631,228,1,L1:mapped:1,1686.6229999999598,3.2273
252714::090.swc,631,228,1,L1:mapped:90,4.941,0.7739
252714::090.swc,631,228,1,L1:mapped:138,591.0719999999948,2.7724
252714::090.swc,631,228,1,L1:mapped:1001,323.48200000000014,2.5112
252714::090.swc,631,228,2,L2:mapped:16,1453.8969999999767,3.1628
252714::090.swc,631,228,2,L2:mapped:50,13.781000000000006,1.1697
252714::090.swc,631,228,2,L2:mapped:77,218.94499999999852,2.3423
252714::090.swc,631,228,2,L2:mapped:91,4.941,0.7739
252714::090.swc,631,228,2,L2:mapped:224,591.0719999999948,2.7724
252714::090.swc,631,228,2,L2:mapped:1002,54.8789999999999,1.7472
252714::090.swc,631,228,2,L2:mapped:1024,236.99499999999892,2.3766
252714::090.swc,631,228,2,L2:mapped:1050,30.290000000000006,1.4954
252714::090.swc,631,228,2,L2:mapped:1069,1.3179999999999998,0.3651
252714::090.swc,631,228,3,L3:mapped:25,548.5569999999935,2.74
252714::090.swc,631,228,3,L3:mapped:37,905.3399999999885,2.9573
252714::090.swc,631,228,3,L3:mapped:64,13.781000000000006,1.1697
252714::090.swc,631,228,3,L3:mapped:78,218.94499999999852,2.3423
252714::090.swc,631,228,3,L3:mapped:95,4.941,0.7739
252714::090.swc,631,228,3,L3:mapped:224,591.0719999999948,2.7724
252714::090.swc,631,228,3,L3:mapped:1003,7.964999999999997,0.9526
252714::090.swc,631,228,3,L3:mapped:1005,46.913999999999994,1.6805
252714::090.swc,631,228,3,L3:mapped:1025,158.64900000000023,2.2032
252714::090.swc,631,228,3,L3:mapped:1040,78.34599999999988,1.8995
252714::090.swc,631,228,3,L3:mapped:1051,22.876000000000023,1.378
252714::090.swc,631,228,3,L3:mapped:1069,1.3179999999999998,0.3651
252714::090.swc,631,228,4,L4:mapped:26,488.3209999999932,2.6896
252714::090.swc,631,228,4,L4:mapped:34,60.23600000000002,1.787
252714::090.swc,631,228,4,L4:mapped:38,279.75700000000006,2.4483
252714::090.swc,631,228,4,L4:mapped:47,625.5829999999935,2.797
252714::090.swc,631,228,4,L4:mapped:65,13.781000000000006,1.1697
252714::090.swc,631,228,4,L4:mapped:80,218.94499999999852,2.3423
252714::090.swc,631,228,4,L4:mapped:95,4.941,0.7739
252714::090.swc,631,228,4,L4:mapped:225,591.0719999999948,2.7724
252714::090.swc,631,228,4,L4:mapped:1004,7.964999999999997,0.9526
252714::090.swc,631,228,4,L4:mapped:1006,42.26899999999996,1.6362
252714::090.swc,631,228,4,L4:mapped:1009,4.645,0.7517
252714::090.swc,631,228,4,L4:mapped:1026,144.44400000000041,2.1627
252714::090.swc,631,228,4,L4:mapped:1030,14.204999999999997,1.182
252714::090.swc,631,228,4,L4:mapped:1043,57.275999999999875,1.7655
252714::090.swc,631,228,4,L4:mapped:1046,21.06999999999996,1.3438
252714::090.swc,631,228,4,L4:mapped:1059,0.341,0.1274
252714::090.swc,631,228,4,L4:mapped:1070,1.3179999999999998,0.3651
252714::090.swc,631,228,5,L5:mapped:27,116.73600000000167,2.0709
252714::090.swc,631,228,5,L5:mapped:30,371.58499999999503,2.5712
252714::090.swc,631,228,5,L5:mapped:34,60.23600000000002,1.787
252714::090.swc,631,228,5,L5:mapped:40,279.75700000000006,2.4483
252714::090.swc,631,228,5,L5:mapped:48,124.87900000000103,2.1
252714::090.swc,631,228,5,L5:mapped:49,500.70399999999546,2.7004
252714::090.swc,631,228,5,L5:mapped:69,13.781000000000006,1.1697
252714::090.swc,631,228,5,L5:mapped:84,218.94499999999852,2.3423
252714::090.swc,631,228,5,L5:mapped:95,4.941,0.7739
252714::090.swc,631,228,5,L5:mapped:227,591.0719999999948,2.7724
252714::090.swc,631,228,5,L5:mapped:1004,7.964999999999997,0.9526
252714::090.swc,631,228,5,L5:mapped:1008,42.26899999999996,1.6362
252714::090.swc,631,228,5,L5:mapped:1009,4.645,0.7517
252714::090.swc,631,228,5,L5:mapped:1027,21.597999999999985,1.3541
252714::090.swc,631,228,5,L5:mapped:1028,122.84600000000076,2.0929
252714::090.swc,631,228,5,L5:mapped:1034,14.204999999999997,1.182
252714::090.swc,631,228,5,L5:mapped:1045,57.275999999999875,1.7655
252714::090.swc,631,228,5,L5:mapped:1048,21.06999999999996,1.3438
252714::090.swc,631,228,5,L5:mapped:1060,0.341,0.1274
252714::090.swc,631,228,5,L5:mapped:1070,1.3179999999999998,0.3651
252714::090.swc,631,228,6,L6:mapped:29,116.73600000000167,2.0709
252714::090.swc,631,228,6,L6:mapped:32,8.086,0.9584
252714::090.swc,631,228,6,L6:mapped:33,363.4989999999953,2.5617
252714::090.swc,631,228,6,L6:mapped:35,6.989999999999998,0.9025
252714::090.swc,631,228,6,L6:mapped:36,53.245999999999974,1.7344
252714::090.swc,631,228,6,L6:mapped:41,86.82900000000012,1.9436
252714::090.swc,631,228,6,L6:mapped:42,63.1319999999999,1.8071
252714::090.swc,631,228,6,L6:mapped:43,129.79600000000048,2.1166
252714::090.swc,631,228,6,L6:mapped:48,124.87900000000103,2.1
252714::090.swc,631,228,6,L6:mapped:49,500.70399999999546,2.7004
252714::090.swc,631,228,6,L6:mapped:70,13.781000000000006,1.1697
252714::090.swc,631,228,6,L6:mapped:86,218.94499999999852,2.3423
252714::090.swc,631,228,6,L6:mapped:95,4.941,0.7739
252714::090.swc,631,228,6,L6:mapped:228,591.0719999999948,2.7724
252714::090.swc,631,228,6,L6:mapped:1004,7.964999999999997,0.9526
252714::090.swc,631,228,6,L6:mapped:1008,42.26899999999996,1.6362
252714::090.swc,631,228,6,L6:mapped:1009,4.645,0.7517
252714::090.swc,631,228,6,L6:mapped:1027,21.597999999999985,1.3541
252714::090.swc,631,228,6,L6:mapped:1028,122.84600000000076,2.0929
252714::090.swc,631,228,6,L6:mapped:1034,14.204999999999997,1.182
252714::090.swc,631,228,6,L6:mapped:1045,57.275999999999875,1.7655
252714::090.swc,631,228,6,L6:mapped:1048,21.06999999999996,1.3438
252714::090.swc,631,228,6,L6:mapped:1060,0.341,0.1274
252714::090.swc,631,228,6,L6:mapped:1071,1.3179999999999998,0.3651
252714::091.swc,631,228,1,L1:mapped:1,1035.1229999999898,3.0154
252714::091.swc,631,228,1,L1:mapped:90,522.921999999997,2.7193
252714::091.swc,631,228,1,L1:mapped:138,264.98199999999895,2.4249
252714::091.swc,631,228,1,L1:mapped:1001,267.20499999999817,2.4285
252714::091.swc,631,228,2,L2:mapped:16,932.1169999999883,2.9699
252714::091.swc,631,228,2,L2:mapped:77,103.00600000000048,2.0171
252714::091.swc,631,228,2,L2:mapped:91,522.921999999997,2.7193
252714::091.swc,631,228,2,L2:mapped:224,264.98199999999895,2.4249
252714::091.swc,631,228,2,L2:mapped:1002,31.583,1.513
252714::091.swc,631,228,2,L2:mapped:1050,235.62199999999942,2.3741
252714::091.swc,631,228,3,L3:mapped:25,24.008999999999993,1.3981
252714::091.swc,631,228,3,L3:mapped:37,908.1079999999885,2.9586
252714::091.swc,631,228,3,L3:mapped:78,103.00600000000048,2.0171
252714::091.swc,631,228,3,L3:mapped:92,66.905,1.8319
252714::091.swc,631,228,3,L3:mapped:95,456.01699999999676,2.6599
252714::091.swc,631,228,3,L3:mapped:224,264.98199999999895,2.4249
252714::091.swc,631,228,3,L3:mapped:1003,31.583,1.513
252714::091.swc,631,228,3,L3:mapped:1051,235.62199999999942,2.3741
252714::091.swc,631,228,4,L4:mapped:34,24.008999999999993,1.3981
252714::091.swc,631,228,4,L4:mapped:38,22.149999999999977,1.3646
252714::091.swc,631,228,4,L4:mapped:47,885.957999999988,2.9479
252714::091.swc,631,228,4,L4:mapped:80,103.00600000000048,2.0171
252714::091.swc,631,228,4,L4:mapped:92,66.905,1.8319
252714::091.swc,631,228,4,L4:mapped:95,456.01699999999676,2.6599
252714::091.swc,631,228,4,L4:mapped:225,264.98199999999895,2.4249
252714::091.swc,631,228,4,L4:mapped:1004,31.583,1.513
252714::091.swc,631,228,4,L4:mapped:1052,235.62199999999942,2.3741
252714::091.swc,631,228,5,L5:mapped:34,24.008999999999993,1.3981
252714::091.swc,631,228,5,L5:mapped:40,22.149999999999977,1.3646
252714::091.swc,631,228,5,L5:mapped:48,277.7409999999996,2.4452
252714::091.swc,631,228,5,L5:mapped:49,608.216999999993,2.7848
252714::091.swc,631,228,5,L5:mapped:84,103.00600000000048,2.0171
252714::091.swc,631,228,5,L5:mapped:94,66.905,1.8319
252714::091.swc,631,228,5,L5:mapped:95,456.01699999999676,2.6599
252714::091.swc,631,228,5,L5:mapped:227,264.98199999999895,2.4249
252714::091.swc,631,228,5,L5:mapped:1004,31.583,1.513
252714::091.swc,631,228,5,L5:mapped:1056,229.07999999999944,2.3619
252714::091.swc,631,228,5,L5:mapped:1057,6.541999999999992,0.8775
252714::091.swc,631,228,6,L6:mapped:36,24.008999999999993,1.3981
252714::091.swc,631,228,6,L6:mapped:42,10.601000000000006,1.0645
252714::091.swc,631,228,6,L6:mapped:43,8.244999999999997,0.9659
252714::091.swc,631,228,6,L6:mapped:48,277.7409999999996,2.4452
252714::091.swc,631,228,6,L6:mapped:49,608.216999999993,2.7848
252714::091.swc,631,228,6,L6:mapped:86,103.00600000000048,2.0171
252714::091.swc,631,228,6,L6:mapped:94,66.905,1.8319
252714::091.swc,631,228,6,L6:mapped:95,456.01699999999676,2.6599
252714::091.swc,631,228,6,L6:mapped:228,264.98199999999895,2.4249
252714::091.swc,631,228,6,L6:mapped:1004,31.583,1.513
252714::091.swc,631,228,6,L6:mapped:1056,229.07999999999944,2.3619
252714::091.swc,631,228,6,L6:mapped:1057,6.541999999999992,0.8775
252714::092.swc,631,48,1,L1:mapped:1,1341.303999999978,3.1279
252714::092.swc,631,48,1,L1:mapped:90,23.98599999999997,1.3977
252714::092.swc,631,48,1,L1:mapped:138,211.83999999999895,2.3281
252714::092.swc,631,48,1,L1:mapped:1001,598.4849999999923,2.7778
252714::092.swc,631,48,2,L2:mapped:16,540.1629999999941,2.7333
252714::092.swc,631,48,2,L2:mapped:77,801.1409999999909,2.9043
252714::092.swc,631,48,2,L2:mapped:91,23.98599999999997,1.3977
252714::092.swc,631,48,2,L2:mapped:224,211.83999999999895,2.3281
252714::092.swc,631,48,2,L2:mapped:1024,13.485999999999983,1.1609
252714::092.swc,631,48,2,L2:mapped:1050,545.4489999999896,2.7375
252714::092.swc,631,48,3,L3:mapped:37,540.1629999999941,2.7333
252714::092.swc,631,48,3,L3:mapped:78,801.1409999999909,2.9043
252714::092.swc,631,48,3,L3:mapped:95,23.98599999999997,1.3977
252714::092.swc,631,48,3,L3:mapped:224,211.83999999999895,2.3281
252714::092.swc,631,48,3,L3:mapped:1040,13.485999999999983,1.1609
252714::092.swc,631,48,3,L3:mapped:1051,409.21499999999537,2.613
252714::092.swc,631,48,3,L3:mapped:1062,136.2340000000009,2.1375
252714::092.swc,631,48,4,L4:mapped:38,41.76799999999999,1.6311
252714::092.swc,631,48,4,L4:mapped:47,498.3949999999938,2.6984
252714::092.swc,631,48,4,L4:mapped:80,801.1409999999909,2.9043
252714::092.swc,631,48,4,L4:mapped:95,23.98599999999997,1.3977
252714::092.swc,631,48,4,L4:mapped:225,211.83999999999895,2.3281
252714::092.swc,631,48,4,L4:mapped:1043,11.490999999999987,1.0966
252714::092.swc,631,48,4,L4:mapped:1052,379.4799999999962,2.5803
252714::092.swc,631,48,4,L4:mapped:1059,29.73499999999998,1.4876
252714::092.swc,631,48,4,L4:mapped:1062,136.2340000000009,2.1375
252714::092.swc,631,48,5,L5:mapped:40,41.76799999999999,1.6311
252714::092.swc,631,48,5,L5:mapped:48,373.6859999999964,2.5737
252714::092.swc,631,48,5,L5:mapped:49,124.70900000000152,2.0994
252714::092.swc,631,48,5,L5:mapped:84,801.1409999999909,2.9043
252714::092.swc,631,48,5,L5:mapped:95,23.98599999999997,1.3977
252714::092.swc,631,48,5,L5:mapped:227,211.83999999999895,2.3281
252714::092.swc,631,48,5,L5:mapped:1045,11.490999999999987,1.0966
252714::092.swc,631,48,5,L5:mapped:1056,351.2759999999979,2.5469
252714::092.swc,631,48,5,L5:mapped:1057,26.782999999999983,1.4438
252714::092.swc,631,48,5,L5:mapped:1058,1.4210000000000005,0.384
252714::092.swc,631,48,5,L5:mapped:1060,29.73499999999998,1.4876
252714::092.swc,631,48,5,L5:mapped:1063,40.24499999999988,1.6154
252714::092.swc,631,48,5,L5:mapped:1067,95.98900000000071,1.9867
252714::092.swc,631,48,6,L6:mapped:42,34.229000000000006,1.5469
252714::092.swc,631,48,6,L6:mapped:43,3.736,0.6754
252714::092.swc,631,48,6,L6:mapped:48,373.6859999999964,2.5737
252714::092.swc,631,48,6,L6:mapped:49,124.70900000000152,2.0994
252714::092.swc,631,48,6,L6:mapped:85,518.3149999999911,2.7154
252714::092.swc,631,48,6,L6:mapped:86,282.82599999999866,2.4531
252714::092.swc,631,48,6,L6:mapped:95,23.98599999999997,1.3977
252714::092.swc,631,48,6,L6:mapped:228,211.83999999999895,2.3281
252714::092.swc,631,48,6,L6:mapped:1045,11.490999999999987,1.0966
252714::092.swc,631,48,6,L6:mapped:1056,351.2759999999979,2.5469
252714::092.swc,631,48,6,L6:mapped:1057,26.782999999999983,1.4438
252714::092.swc,631,48,6,L6:mapped:1058,1.4210000000000005,0.384
252714::092.swc,631,48,6,L6:mapped:1060,29.73499999999998,1.4876
252714::092.swc,631,48,6,L6:mapped:1064,40.24499999999988,1.6154
252714::092.swc,631,48,6,L6:mapped:1067,95.98900000000071,1.9867
252714::099.swc,631,228,1,L1:mapped:1,266.40999999999855,2.4272
252714::099.swc,631,228,1,L1:mapped:138,616.0609999999878,2.7903
252714::099.swc,631,228,1,L1:mapped:1001,280.8659999999969,2.45
252714::099.swc,631,228,2,L2:mapped:16,266.40999999999855,2.4272
252714::099.swc,631,228,2,L2:mapped:139,65.00199999999995,1.8196
252714::099.swc,631,228,2,L2:mapped:165,107.17800000000113,2.0341
252714::099.swc,631,228,2,L2:mapped:224,443.88099999999486,2.6482
252714::099.swc,631,228,2,L2:mapped:1002,145.87400000000113,2.1669
252714::099.swc,631,228,2,L2:mapped:1024,134.9920000000012,2.1335
252714::099.swc,631,228,3,L3:mapped:37,266.40999999999855,2.4272
252714::099.swc,631,228,3,L3:mapped:153,65.00199999999995,1.8196
252714::099.swc,631,228,3,L3:mapped:165,107.17800000000113,2.0341
252714::099.swc,631,228,3,L3:mapped:224,443.88099999999486,2.6482
252714::099.swc,631,228,3,L3:mapped:1005,110.4780000000014,2.0472
252714::099.swc,631,228,3,L3:mapped:1025,134.9920000000012,2.1335
252714::099.swc,631,228,4,L4:mapped:38,37.83100000000003,1.5892
252714::099.swc,631,228,4,L4:mapped:47,228.57899999999918,2.3609
252714::099.swc,631,228,4,L4:mapped:154,48.718999999999944,1.6965
252714::099.swc,631,228,4,L4:mapped:160,16.28299999999999,1.2376
252714::099.swc,631,228,4,L4:mapped:166,53.018999999999885,1.7325
252714::099.swc,631,228,4,L4:mapped:167,54.15900000000003,1.7416
252714::099.swc,631,228,4,L4:mapped:225,443.88099999999486,2.6482
252714::099.swc,631,228,4,L4:mapped:1009,110.4780000000014,2.0472
252714::099.swc,631,228,4,L4:mapped:1026,55.207999999999984,1.7498
252714::099.swc,631,228,4,L4:mapped:1030,79.78400000000047,1.9073
252714::099.swc,631,228,5,L5:mapped:40,37.83100000000003,1.5892
252714::099.swc,631,228,5,L5:mapped:48,25.681999999999977,1.4262
252714::099.swc,631,228,5,L5:mapped:49,202.89700000000053,2.3094
252714::099.swc,631,228,5,L5:mapped:159,48.718999999999944,1.6965
252714::099.swc,631,228,5,L5:mapped:162,6.048999999999999,0.8481
252714::099.swc,631,228,5,L5:mapped:166,53.018999999999885,1.7325
252714::099.swc,631,228,5,L5:mapped:168,25.506999999999916,1.4234
252714::099.swc,631,228,5,L5:mapped:171,28.651999999999997,1.4721
252714::099.swc,631,228,5,L5:mapped:227,443.88099999999486,2.6482
252714::099.swc,631,228,5,L5:mapped:1009,110.4780000000014,2.0472
252714::099.swc,631,228,5,L5:mapped:1027,23.21799999999999,1.3841
252714::099.swc,631,228,5,L5:mapped:1028,31.98999999999998,1.5184
252714::099.swc,631,228,5,L5:mapped:1031,39.66099999999992,1.6092
252714::099.swc,631,228,5,L5:mapped:1034,30.230999999999995,1.4946
252714::099.swc,631,228,6,L6:mapped:42,15.041999999999991,1.2053
252714::099.swc,631,228,6,L6:mapped:43,22.789000000000016,1.3764
252714::099.swc,631,228,6,L6:mapped:48,25.681999999999977,1.4262
252714::099.swc,631,228,6,L6:mapped:49,202.89700000000053,2.3094
252714::099.swc,631,228,6,L6:mapped:159,48.718999999999944,1.6965
252714::099.swc,631,228,6,L6:mapped:164,6.048999999999999,0.8481
252714::099.swc,631,228,6,L6:mapped:166,53.018999999999885,1.7325
252714::099.swc,631,228,6,L6:mapped:170,25.506999999999916,1.4234
252714::099.swc,631,228,6,L6:mapped:173,28.651999999999997,1.4721
252714::099.swc,631,228,6,L6:mapped:228,443.88099999999486,2.6482
252714::099.swc,631,228,6,L6:mapped:1009,110.4780000000014,2.0472
252714::099.swc,631,228,6,L6:mapped:1027,23.21799999999999,1.3841
252714::099.swc,631,228,6,L6:mapped:1028,31.98999999999998,1.5184
252714::099.swc,631,228,6,L6:mapped:1032,28.888999999999932,1.4755
252714::099.swc,631,228,6,L6:mapped:1033,10.771999999999998,1.0709
252714::099.swc,631,228,6,L6:mapped:1034,30.230999999999995,1.4946
252714::136.swc,631,48,1,L1:mapped:1,203.15599999999938,2.31
252714::136.swc,631,48,1,L1:mapped:90,0.309,0.1169
252714::136.swc,631,48,2,L2:mapped:16,203.15599999999938,2.31
252714::136.swc,631,48,2,L2:mapped:91,0.309,0.1169
252714::136.swc,631,48,3,L3:mapped:37,203.15599999999938,2.31
252714::136.swc,631,48,3,L3:mapped:95,0.309,0.1169
252714::136.swc,631,48,4,L4:mapped:47,203.15599999999938,2.31
252714::136.swc,631,48,4,L4:mapped:95,0.309,0.1169
252714::136.swc,631,48,5,L5:mapped:48,203.15599999999938,2.31
252714::136.swc,631,48,5,L5:mapped:95,0.309,0.1169
252714::136.swc,631,48,6,L6:mapped:48,203.15599999999938,2.31
252714::136.swc,631,48,6,L6:mapped:95,0.309,0.1169
252718::076.swc,900,548,1,L1:mapped:501,68.25900000000001,1.8405
252718::076.swc,900,548,2,L2:mapped:516,68.25900000000001,1.8405
252718::076.swc,900,548,3,L3:mapped:537,68.25900000000001,1.8405
252718::076.swc,900,548,4,L4:mapped:547,68.25900000000001,1.8405
252718::076.swc,900,548,5,L5:mapped:548,68.25900000000001,1.8405
252718::076.swc,900,548,6,L6:mapped:548,68.25900000000001,1.8405
252718::077.swc,900,548,1,L1:mapped:501,200.3219999999998,2.3039
252718::077.swc,900,548,1,L1:mapped:590,7.426999999999999,0.9257
252718::077.swc,900,548,2,L2:mapped:516,200.3219999999998,2.3039
252718::077.swc,900,548,2,L2:mapped:591,7.426999999999999,0.9257
252718::077.swc,900,548,3,L3:mapped:537,200.3219999999998,2.3039
252718::077.swc,900,548,3,L3:mapped:595,7.426999999999999,0.9257
252718::077.swc,900,548,4,L4:mapped:547,200.3219999999998,2.3039
252718::077.swc,900,548,4,L4:mapped:595,7.426999999999999,0.9257
252718::077.swc,900,548,5,L5:mapped:548,197.95999999999984,2.2988
252718::077.swc,900,548,5,L5:mapped:549,2.361999999999999,0.5266
252718::077.swc,900,548,5,L5:mapped:595,7.426999999999999,0.9257
252718::077.swc,900,548,6,L6:mapped:548,197.95999999999984,2.2988
252718::077.swc,900,548,6,L6:mapped:549,2.361999999999999,0.5266
252718::077.swc,900,548,6,L6:mapped:595,7.426999999999999,0.9257
252718::089.swc,900,48,1,L1:mapped:1,213.0380000000002,2.3305
252718::089.swc,900,48,1,L1:mapped:90,0.12,0.0492
252718::089.swc,900,48,1,L1:mapped:1001,82.43000000000015,1.9213
252718::089.swc,900,48,1,L1:mapped:1211,15.152999999999999,1.2083
252718::089.swc,900,48,2,L2:mapped:16,213.0380000000002,2.3305
252718::089.swc,900,48,2,L2:mapped:91,0.12,0.0492
252718::089.swc,900,48,2,L2:mapped:1050,72.57999999999984,1.8668
252718::089.swc,900,48,2,L2:mapped:1212,15.152999999999999,1.2083
252718::089.swc,900,48,3,L3:mapped:37,213.0380000000002,2.3305
252718::089.swc,900,48,3,L3:mapped:95,0.12,0.0492
252718::089.swc,900,48,3,L3:mapped:1051,66.51299999999979,1.8294
252718::089.swc,900,48,3,L3:mapped:1231,15.152999999999999,1.2083
252718::089.swc,900,48,4,L4:mapped:38,4.758,0.7603
252718::089.swc,900,48,4,L4:mapped:47,208.28000000000003,2.3207
252718::089.swc,900,48,4,L4:mapped:95,0.12,0.0492
252718::089.swc,900,48,4,L4:mapped:1052,66.51299999999979,1.8294
252718::089.swc,900,48,4,L4:mapped:1242,15.152999999999999,1.2083
252718::089.swc,900,48,5,L5:mapped:40,4.758,0.7603
252718::089.swc,900,48,5,L5:mapped:48,208.28000000000003,2.3207
252718::089.swc,900,48,5,L5:mapped:95,0.12,0.0492
252718::089.swc,900,48,5,L5:mapped:1056,22.949999999999996,1.3793
252718::089.swc,900,48,5,L5:mapped:1058,43.56299999999986,1.649
252718::089.swc,900,48,5,L5:mapped:1243,15.152999999999999,1.2083
252718::089.swc,900,48,6,L6:mapped:42,1.9049999999999998,0.4631
252718::089.swc,900,48,6,L6:mapped:48,208.28000000000003,2.3207
252718::089.swc,900,48,6,L6:mapped:95,0.12,0.0492
252718::089.swc,900,48,6,L6:mapped:1056,22.949999999999996,1.3793
252718::089.swc,900,48,6,L6:mapped:1058,43.56299999999986,1.649
252718::089.swc,900,48,6,L6:mapped:1243,15.152999999999999,1.2083
252718::090.swc,900,48,1,L1:mapped:1,213.23999999999953,2.3309
252718::090.swc,900,48,1,L1:mapped:90,17.225999999999996,1.2607
252718::090.swc,900,48,1,L1:mapped:138,7.202999999999993,0.914
252718::090.swc,900,48,2,L2:mapped:16,140.89000000000152,2.152
252718::090.swc,900,48,2,L2:mapped:77,72.35000000000021,1.8654
252718::090.swc,900,48,2,L2:mapped:91,17.225999999999996,1.2607
252718::090.swc,900,48,2,L2:mapped:224,7.202999999999993,0.914
252718::090.swc,900,48,3,L3:mapped:37,140.89000000000152,2.152
252718::090.swc,900,48,3,L3:mapped:78,72.35000000000021,1.8654
252718::090.swc,900,48,3,L3:mapped:95,17.225999999999996,1.2607
252718::090.swc,900,48,3,L3:mapped:224,7.202999999999993,0.914
252718::090.swc,900,48,4,L4:mapped:47,140.77000000000155,2.1516
252718::090.swc,900,48,4,L4:mapped:80,72.35000000000021,1.8654
252718::090.swc,900,48,4,L4:mapped:95,17.225999999999996,1.2607
252718::090.swc,900,48,4,L4:mapped:225,7.202999999999993,0.914
252718::090.swc,900,48,5,L5:mapped:48,123.1790000000016,2.094
252718::090.swc,900,48,5,L5:mapped:49,17.590999999999983,1.2693
252718::090.swc,900,48,5,L5:mapped:84,72.35000000000021,1.8654
252718::090.swc,900,48,5,L5:mapped:95,17.225999999999996,1.2607
252718::090.swc,900,48,5,L5:mapped:227,7.202999999999993,0.914
252718::090.swc,900,48,6,L6:mapped:48,123.1790000000016,2.094
252718::090.swc,900,48,6,L6:mapped:49,17.590999999999983,1.2693
252718::090.swc,900,48,6,L6:mapped:86,72.35000000000021,1.8654
252718::090.swc,900,48,6,L6:mapped:95,17.225999999999996,1.2607
252718::090.swc,900,48,6,L6:mapped:228,7.202999999999993,0.914
252718::120.swc,900,48,1,L1:mapped:1,97.40700000000088,1.993
252718::120.swc,900,48,2,L2:mapped:16,97.40700000000088,1.993
252718::120.swc,900,48,3,L3:mapped:37,97.40700000000088,1.993
252718::120.swc,900,48,4,L4:mapped:47,97.40700000000088,1.993
252718::120.swc,900,48,5,L5:mapped:48,97.40700000000088,1.993
252718::120.swc,900,48,6,L6:mapped:48,97.40700000000088,1.993
252718::138.swc,900,48,1,L1:mapped:1,242.06599999999995,2.3857
252718::138.swc,900,48,2,L2:mapped:16,17.136999999999997,1.2586
252718::138.swc,900,48,2,L2:mapped:77,224.92899999999997,2.354
252718::138.swc,900,48,3,L3:mapped:37,17.136999999999997,1.2586
252718::138.swc,900,48,3,L3:mapped:78,224.92899999999997,2.354
252718::138.swc,900,48,4,L4:mapped:47,17.136999999999997,1.2586
252718::138.swc,900,48,4,L4:mapped:80,224.92899999999997,2.354
252718::138.swc,900,48,5,L5:mapped:48,12.701999999999995,1.1368
252718::138.swc,900,48,5,L5:mapped:49,4.434999999999999,0.7352
252718::138.swc,900,48,5,L5:mapped:84,224.92899999999997,2.354
252718::138.swc,900,48,6,L6:mapped:48,12.701999999999995,1.1368
252718::138.swc,900,48,6,L6:mapped:49,4.434999999999999,0.7352
252718::138.swc,900,48,6,L6:mapped:86,224.92899999999997,2.354
252718::139.swc,900,48,1,L1:mapped:1,31.858999999999956,1.5167
252718::139.swc,900,48,2,L2:mapped:77,30.38999999999994,1.4968
252718::139.swc,900,48,3,L3:mapped:78,30.38999999999994,1.4968
252718::139.swc,900,48,4,L4:mapped:80,30.38999999999994,1.4968
252718::139.swc,900,48,5,L5:mapped:84,30.38999999999994,1.4968
252718::139.swc,900,48,6,L6:mapped:86,30.38999999999994,1.4968
252718::140.swc,900,48,1,L1:mapped:1,174.19400000000013,2.2435
252718::140.swc,900,48,1,L1:mapped:90,24.827999999999996,1.4121
252718::140.swc,900,48,2,L2:mapped:16,4.947999999999998,0.7744
252718::140.swc,900,48,2,L2:mapped:77,169.2460000000003,2.2311
252718::140.swc,900,48,2,L2:mapped:91,24.827999999999996,1.4121
252718::140.swc,900,48,3,L3:mapped:37,4.947999999999998,0.7744
252718::140.swc,900,48,3,L3:mapped:78,169.2460000000003,2.2311
252718::140.swc,900,48,3,L3:mapped:92,24.827999999999996,1.4121
252718::140.swc,900,48,4,L4:mapped:47,4.947999999999998,0.7744
252718::140.swc,900,48,4,L4:mapped:80,169.2460000000003,2.2311
252718::140.swc,900,48,4,L4:mapped:92,24.827999999999996,1.4121
252718::140.swc,900,48,5,L5:mapped:48,4.947999999999998,0.7744
252718::140.swc,900,48,5,L5:mapped:84,169.2460000000003,2.2311
252718::140.swc,900,48,5,L5:mapped:94,24.827999999999996,1.4121
252718::140.swc,900,48,6,L6:mapped:48,4.947999999999998,0.7744
252718::140.swc,900,48,6,L6:mapped:85,169.2460000000003,2.2311
252718::140.swc,900,48,6,L6:mapped:94,24.827999999999996,1.4121
252718::141.swc,900,48,1,L1:mapped:1,3.4329999999999985,0.6467
252718::141.swc,900,48,1,L1:mapped:90,18.14200000000001,1.282
252718::141.swc,900,48,2,L2:mapped:16,3.4329999999999985,0.6467
252718::141.swc,900,48,2,L2:mapped:91,18.14200000000001,1.282
252718::141.swc,900,48,3,L3:mapped:37,3.4329999999999985,0.6467
252718::141.swc,900,48,3,L3:mapped:92,16.71600000000001,1.2484
252718::141.swc,900,48,3,L3:mapped:95,1.4260000000000004,0.3849
252718::141.swc,900,48,4,L4:mapped:47,3.4329999999999985,0.6467
252718::141.swc,900,48,4,L4:mapped:92,16.71600000000001,1.2484
252718::141.swc,900,48,4,L4:mapped:95,1.4260000000000004,0.3849
252718::141.swc,900,48,5,L5:mapped:48,3.4329999999999985,0.6467
252718::141.swc,900,48,5,L5:mapped:94,16.71600000000001,1.2484
252718::141.swc,900,48,5,L5:mapped:95,1.4260000000000004,0.3849
252718::141.swc,900,48,6,L6:mapped:48,3.4329999999999985,0.6467
252718::141.swc,900,48,6,L6:mapped:94,16.71600000000001,1.2484
252718::141.swc,900,48,6,L6:mapped:95,1.4260000000000004,0.3849
252718::142.swc,900,229,1,L1:mapped:1,669.9599999999928,2.8267
252718::142.swc,900,229,1,L1:mapped:90,33.969999999999985,1.5437
252718::142.swc,900,229,1,L1:mapped:138,240.7209999999981,2.3833
252718::142.swc,900,229,2,L2:mapped:16,516.6129999999907,2.714
252718::142.swc,900,229,2,L2:mapped:50,71.01299999999996,1.8574
252718::142.swc,900,229,2,L2:mapped:77,82.33400000000066,1.9208
252718::142.swc,900,229,2,L2:mapped:91,33.969999999999985,1.5437
252718::142.swc,900,229,2,L2:mapped:224,240.7209999999981,2.3833
252718::142.swc,900,229,3,L3:mapped:25,342.48199999999673,2.5359
252718::142.swc,900,229,3,L3:mapped:37,174.13099999999994,2.2434
252718::142.swc,900,229,3,L3:mapped:64,71.01299999999996,1.8574
252718::142.swc,900,229,3,L3:mapped:78,82.33400000000066,1.9208
252718::142.swc,900,229,3,L3:mapped:95,33.969999999999985,1.5437
252718::142.swc,900,229,3,L3:mapped:224,240.7209999999981,2.3833
252718::142.swc,900,229,4,L4:mapped:26,254.58399999999853,2.4075
252718::142.swc,900,229,4,L4:mapped:34,87.8980000000005,1.9489
252718::142.swc,900,229,4,L4:mapped:47,174.13099999999994,2.2434
252718::142.swc,900,229,4,L4:mapped:72,71.01299999999996,1.8574
252718::142.swc,900,229,4,L4:mapped:80,82.33400000000066,1.9208
252718::142.swc,900,229,4,L4:mapped:95,33.969999999999985,1.5437
252718::142.swc,900,229,4,L4:mapped:225,240.7209999999981,2.3833
252718::142.swc,900,229,5,L5:mapped:30,254.58399999999853,2.4075
252718::142.swc,900,229,5,L5:mapped:34,87.8980000000005,1.9489
252718::142.swc,900,229,5,L5:mapped:49,174.13099999999994,2.2434
252718::142.swc,900,229,5,L5:mapped:76,71.01299999999996,1.8574
252718::142.swc,900,229,5,L5:mapped:84,82.33400000000066,1.9208
252718::142.swc,900,229,5,L5:mapped:95,33.969999999999985,1.5437
252718::142.swc,900,229,5,L5:mapped:227,240.7209999999981,2.3833
252718::142.swc,900,229,6,L6:mapped:32,2.6119999999999997,0.5577
252718::142.swc,900,229,6,L6:mapped:33,251.97199999999845,2.4031
252718::142.swc,900,229,6,L6:mapped:35,87.43600000000048,1.9466
252718::142.swc,900,229,6,L6:mapped:49,174.13099999999994,2.2434
252718::142.swc,900,229,6,L6:mapped:76,71.01299999999996,1.8574
252718::142.swc,900,229,6,L6:mapped:86,82.33400000000066,1.9208
252718::142.swc,900,229,6,L6:mapped:95,33.969999999999985,1.5437
252718::142.swc,900,229,6,L6:mapped:228,47.022999999999925,1.6814
252718::142.swc,900,229,6,L6:mapped:229,193.69799999999896,2.2894
252718::144.swc,900,229,1,L1:mapped:90,45.488999999999926,1.6674
252718::144.swc,900,229,2,L2:mapped:91,45.488999999999926,1.6674
252718::144.swc,900,229,3,L3:mapped:95,45.488999999999926,1.6674
252718::144.swc,900,229,4,L4:mapped:95,45.488999999999926,1.6674
252718::144.swc,900,229,5,L5:mapped:95,45.488999999999926,1.6674
252718::144.swc,900,229,6,L6:mapped:95,45.488999999999926,1.6674
252718::148.swc,900,229,1,L1:mapped:138,24.260000000000026,1.4024
252718::148.swc,900,229,2,L2:mapped:224,24.260000000000026,1.4024
252718::148.swc,900,229,3,L3:mapped:224,24.260000000000026,1.4024
252718::148.swc,900,229,4,L4:mapped:225,24.260000000000026,1.4024
252718::148.swc,900,229,5,L5:mapped:227,24.260000000000026,1.4024
252718::148.swc,900,229,6,L6:mapped:228,2.742,0.5731
252718::148.swc,900,229,6,L6:mapped:229,21.518000000000008,1.3525
252718::163.swc,900,229,1,L1:mapped:90,4.125,0.7097
252718::163.swc,900,229,1,L1:mapped:138,4.234,0.7188
252718::163.swc,900,229,2,L2:mapped:91,4.125,0.7097
252718::163.swc,900,229,2,L2:mapped:224,4.234,0.7188
252718::163.swc,900,229,3,L3:mapped:95,4.125,0.7097
252718::163.swc,900,229,3,L3:mapped:224,4.234,0.7188
252718::163.swc,900,229,4,L4:mapped:95,4.125,0.7097
252718::163.swc,900,229,4,L4:mapped:225,4.234,0.7188
252718::163.swc,900,229,5,L5:mapped:95,4.125,0.7097
252718::163.swc,900,229,5,L5:mapped:227,4.234,0.7188
252718::163.swc,900,229,6,L6:mapped:95,4.125,0.7097
252718::163.swc,900,229,6,L6:mapped:229,4.234,0.7188
252790::014.swc,797,41,1,L1:mapped:1,366.4559999999989,2.5652
252790::014.swc,797,41,1,L1:mapped:1001,379.54099999999846,2.5804
252790::014.swc,797,41,1,L1:mapped:1082,415.70599999999763,2.6198
252790::014.swc,797,41,1,L1:mapped:1169,202.78099999999958,2.3092
252790::014.swc,797,41,1,L1:mapped:1211,64.88099999999993,1.8188
252790::014.swc,797,41,1,L1:mapped:1501,27.98499999999994,1.4622
252790::014.swc,797,41,1,L1:mapped:1582,28.10299999999998,1.4639
252790::014.swc,797,41,1,L1:mapped:1669,66.5399999999999,1.8296
252790::014.swc,797,41,1,L1:mapped:1711,0.11699999999999999,0.0481
252790::014.swc,797,41,2,L2:mapped:16,366.4559999999989,2.5652
252790::014.swc,797,41,2,L2:mapped:1010,2.5789999999999993,0.5538
252790::014.swc,797,41,2,L2:mapped:1024,65.52499999999988,1.823
252790::014.swc,797,41,2,L2:mapped:1050,119.59800000000133,2.0813
252790::014.swc,797,41,2,L2:mapped:1069,132.36800000000116,2.1251
252790::014.swc,797,41,2,L2:mapped:1077,56.312999999999924,1.7583
252790::014.swc,797,41,2,L2:mapped:1083,211.67599999999877,2.3277
252790::014.swc,797,41,2,L2:mapped:1113,153.4590000000009,2.1888
252790::014.swc,797,41,2,L2:mapped:1170,202.78099999999958,2.3092
252790::014.swc,797,41,2,L2:mapped:1212,64.88099999999993,1.8188
252790::014.swc,797,41,2,L2:mapped:1569,19.983999999999966,1.3219
252790::014.swc,797,41,2,L2:mapped:1577,8.000999999999998,0.9543
252790::014.swc,797,41,2,L2:mapped:1613,28.10299999999998,1.4639
252790::014.swc,797,41,2,L2:mapped:1670,66.5399999999999,1.8296
252790::014.swc,797,41,2,L2:mapped:1712,0.11699999999999999,0.0481
252790::014.swc,797,41,3,L3:mapped:25,23.082999999999977,1.3817
252790::014.swc,797,41,3,L3:mapped:37,343.3729999999986,2.537
252790::014.swc,797,41,3,L3:mapped:1011,2.5789999999999993,0.5538
252790::014.swc,797,41,3,L3:mapped:1025,12.447999999999993,1.1287
252790::014.swc,797,41,3,L3:mapped:1040,53.07699999999986,1.733
252790::014.swc,797,41,3,L3:mapped:1051,107.78400000000101,2.0366
252790::014.swc,797,41,3,L3:mapped:1069,132.36800000000116,2.1251
252790::014.swc,797,41,3,L3:mapped:1077,56.312999999999924,1.7583
252790::014.swc,797,41,3,L3:mapped:1084,178.11200000000022,2.2531
252790::014.swc,797,41,3,L3:mapped:1100,33.56399999999998,1.5386
252790::014.swc,797,41,3,L3:mapped:1115,34.669999999999966,1.5523
252790::014.swc,797,41,3,L3:mapped:1127,54.47599999999986,1.7441
252790::014.swc,797,41,3,L3:mapped:1171,7.930999999999996,0.9509
252790::014.swc,797,41,3,L3:mapped:1180,55.34899999999985,1.7509
252790::014.swc,797,41,3,L3:mapped:1192,17.076999999999995,1.2571
252790::014.swc,797,41,3,L3:mapped:1200,122.42400000000204,2.0914
252790::014.swc,797,41,3,L3:mapped:1213,19.57599999999998,1.3134
252790::014.swc,797,41,3,L3:mapped:1231,45.304999999999986,1.6656
252790::014.swc,797,41,3,L3:mapped:1569,19.983999999999966,1.3219
252790::014.swc,797,41,3,L3:mapped:1577,8.000999999999998,0.9543
252790::014.swc,797,41,3,L3:mapped:1627,8.812999999999994,0.9918
252790::014.swc,797,41,3,L3:mapped:1671,13.674999999999997,1.1666
252790::014.swc,797,41,3,L3:mapped:1680,23.968999999999955,1.3974
252790::014.swc,797,41,3,L3:mapped:1713,0.11699999999999999,0.0481
252790::014.swc,797,41,4,L4:mapped:26,23.082999999999977,1.3817
252790::014.swc,797,41,4,L4:mapped:38,324.48599999999936,2.5125
252790::014.swc,797,41,4,L4:key_level_conflict:45,18.886999999999976,1.2986
252790::014.swc,797,41,4,L4:mapped:1012,2.5789999999999993,0.5538
252790::014.swc,797,41,4,L4:mapped:1026,12.447999999999993,1.1287
252790::014.swc,797,41,4,L4:mapped:1043,38.5749999999999,1.5974
252790::014.swc,797,41,4,L4:mapped:1046,14.501999999999978,1.1904
252790::014.swc,797,41,4,L4:mapped:1052,100.61100000000086,2.0069
252790::014.swc,797,41,4,L4:mapped:1073,94.12500000000057,1.9783
252790::014.swc,797,41,4,L4:mapped:1074,27.335999999999988,1.4523
252790::014.swc,797,41,4,L4:mapped:1079,34.762999999999934,1.5534
252790::014.swc,797,41,4,L4:mapped:1085,48.01399999999992,1.6903
252790::014.swc,797,41,4,L4:mapped:1091,130.0980000000015,2.1176
252790::014.swc,797,41,4,L4:mapped:1101,33.56399999999998,1.5386
252790::014.swc,797,41,4,L4:mapped:1119,5.377999999999998,0.8047
252790::014.swc,797,41,4,L4:mapped:1126,29.291999999999973,1.4813
252790::014.swc,797,41,4,L4:mapped:1127,54.47599999999986,1.7441
252790::014.swc,797,41,4,L4:mapped:1177,7.930999999999996,0.9509
252790::014.swc,797,41,4,L4:mapped:1181,28.868000000000016,1.4752
252790::014.swc,797,41,4,L4:mapped:1193,8.450999999999993,0.9755
252790::014.swc,797,41,4,L4:mapped:1204,79.35500000000029,1.905
252790::014.swc,797,41,4,L4:mapped:1214,18.733999999999984,1.2952
252790::014.swc,797,41,4,L4:mapped:1223,0.8420000000000002,0.2653
252790::014.swc,797,41,4,L4:mapped:1232,45.304999999999986,1.6656
252790::014.swc,797,41,4,L4:mapped:1573,15.662999999999986,1.2218
252790::014.swc,797,41,4,L4:mapped:1574,4.320999999999999,0.726
252790::014.swc,797,41,4,L4:mapped:1579,8.000999999999998,0.9543
252790::014.swc,797,41,4,L4:mapped:1627,8.812999999999994,0.9918
252790::014.swc,797,41,4,L4:mapped:1677,13.674999999999997,1.1666
252790::014.swc,797,41,4,L4:mapped:1681,23.968999999999955,1.3974
252790::014.swc,797,41,4,L4:mapped:1714,0.11699999999999999,0.0481
252790::014.swc,797,41,5,L5:mapped:30,23.082999999999977,1.3817
252790::014.swc,797,41,5,L5:mapped:39,24.44700000000001,1.4056
252790::014.swc,797,41,5,L5:mapped:40,300.0389999999996,2.4786
252790::014.swc,797,41,5,L5:key_level_conflict:45,18.886999999999976,1.2986
252790::014.swc,797,41,5,L5:mapped:1013,2.5789999999999993,0.5538
252790::014.swc,797,41,5,L5:mapped:1027,10.855999999999993,1.0739
252790::014.swc,797,41,5,L5:mapped:1029,1.5919999999999999,0.4136
252790::014.swc,797,41,5,L5:mapped:1044,36.144999999999946,1.5699
252790::014.swc,797,41,5,L5:mapped:1045,2.429999999999999,0.5353
252790::014.swc,797,41,5,L5:mapped:1049,14.501999999999978,1.1904
252790::014.swc,797,41,5,L5:mapped:1056,79.68900000000025,1.9068
252790::014.swc,797,41,5,L5:mapped:1073,94.12500000000057,1.9783
252790::014.swc,797,41,5,L5:mapped:1076,27.335999999999988,1.4523
252790::014.swc,797,41,5,L5:mapped:1080,34.762999999999934,1.5534
252790::014.swc,797,41,5,L5:mapped:1086,48.01399999999992,1.6903
252790::014.swc,797,41,5,L5:mapped:1093,1.254,0.353
252790::014.swc,797,41,5,L5:mapped:1095,113.05000000000138,2.0571
252790::014.swc,797,41,5,L5:mapped:1099,10.590000000000003,1.0641
252790::014.swc,797,41,5,L5:mapped:1102,33.56399999999998,1.5386
252790::014.swc,797,41,5,L5:mapped:1121,4.286999999999999,0.7232
252790::014.swc,797,41,5,L5:mapped:1126,29.291999999999973,1.4813
252790::014.swc,797,41,5,L5:mapped:1128,14.075000000000001,1.1783
252790::014.swc,797,41,5,L5:mapped:1134,33.06199999999998,1.5323
252790::014.swc,797,41,5,L5:mapped:1179,7.930999999999996,0.9509
252790::014.swc,797,41,5,L5:mapped:1187,28.868000000000016,1.4752
252790::014.swc,797,41,5,L5:mapped:1195,0.7380000000000002,0.24
252790::014.swc,797,41,5,L5:mapped:1206,71.69699999999989,1.8615
252790::014.swc,797,41,5,L5:mapped:1214,18.733999999999984,1.2952
252790::014.swc,797,41,5,L5:mapped:1225,0.8420000000000002,0.2653
252790::014.swc,797,41,5,L5:mapped:1233,4.939999999999999,0.7738
252790::014.swc,797,41,5,L5:mapped:1236,40.365,1.6166
252790::014.swc,797,41,5,L5:mapped:1573,15.662999999999986,1.2218
252790::014.swc,797,41,5,L5:mapped:1576,4.320999999999999,0.726
252790::014.swc,797,41,5,L5:mapped:1580,8.000999999999998,0.9543
252790::014.swc,797,41,5,L5:mapped:1630,3.077,0.6103
252790::014.swc,797,41,5,L5:mapped:1634,2.9179999999999993,0.5931
252790::014.swc,797,41,5,L5:mapped:1679,13.674999999999997,1.1666
252790::014.swc,797,41,5,L5:mapped:1687,23.968999999999955,1.3974
252790::014.swc,797,41,5,L5:mapped:1714,0.11699999999999999,0.0481
252790::014.swc,797,41,6,L6:mapped:31,23.082999999999977,1.3817
252790::014.swc,797,41,6,L6:mapped:39,24.44700000000001,1.4056
252790::014.swc,797,41,6,L6:mapped:41,286.74699999999905,2.459
252790::014.swc,797,41,6,L6:mapped:42,13.291999999999994,1.1551
252790::014.swc,797,41,6,L6:mapped:45,18.886999999999976,1.2986
252790::014.swc,797,41,6,L6:mapped:1015,2.5789999999999993,0.5538
252790::014.swc,797,41,6,L6:mapped:1027,10.855999999999993,1.0739
252790::014.swc,797,41,6,L6:mapped:1029,1.5919999999999999,0.4136
252790::014.swc,797,41,6,L6:mapped:1044,36.144999999999946,1.5699
252790::014.swc,797,41,6,L6:mapped:1045,2.429999999999999,0.5353
252790::014.swc,797,41,6,L6:mapped:1049,14.501999999999978,1.1904
252790::014.swc,797,41,6,L6:mapped:1056,79.68900000000025,1.9068
252790::014.swc,797,41,6,L6:mapped:1073,94.12500000000057,1.9783
252790::014.swc,797,41,6,L6:mapped:1076,27.335999999999988,1.4523
252790::014.swc,797,41,6,L6:mapped:1080,34.762999999999934,1.5534
252790::014.swc,797,41,6,L6:mapped:1086,48.01399999999992,1.6903
252790::014.swc,797,41,6,L6:mapped:1093,1.254,0.353
252790::014.swc,797,41,6,L6:mapped:1096,88.71000000000068,1.9528
252790::014.swc,797,41,6,L6:mapped:1097,9.245000000000003,1.0105
252790::014.swc,797,41,6,L6:mapped:1098,15.094999999999986,1.2067
252790::014.swc,797,41,6,L6:mapped:1099,10.590000000000003,1.0641
252790::014.swc,797,41,6,L6:mapped:1102,33.56399999999998,1.5386
252790::014.swc,797,41,6,L6:mapped:1121,4.286999999999999,0.7232
252790::014.swc,797,41,6,L6:mapped:1126,29.291999999999973,1.4813
252790::014.swc,797,41,6,L6:mapped:1128,14.075000000000001,1.1783
252790::014.swc,797,41,6,L6:mapped:1134,33.06199999999998,1.5323
252790::014.swc,797,41,6,L6:mapped:1179,7.930999999999996,0.9509
252790::014.swc,797,41,6,L6:mapped:1187,28.868000000000016,1.4752
252790::014.swc,797,41,6,L6:mapped:1195,0.7380000000000002,0.24
252790::014.swc,797,41,6,L6:mapped:1206,71.69699999999989,1.8615
252790::014.swc,797,41,6,L6:mapped:1216,0.6720000000000002,0.2232
252790::014.swc,797,41,6,L6:mapped:1217,18.061999999999994,1.2802
252790::014.swc,797,41,6,L6:mapped:1225,0.8420000000000002,0.2653
252790::014.swc,797,41,6,L6:mapped:1233,4.939999999999999,0.7738
252790::014.swc,797,41,6,L6:mapped:1236,40.365,1.6166
252790::014.swc,797,41,6,L6:mapped:1573,15.662999999999986,1.2218
252790::014.swc,797,41,6,L6:mapped:1576,4.320999999999999,0.726
252790::014.swc,797,41,6,L6:mapped:1580,8.000999999999998,0.9543
252790::014.swc,797,41,6,L6:mapped:1630,3.077,0.6103
252790::014.swc,797,41,6,L6:mapped:1634,2.9179999999999993,0.5931
252790::014.swc,797,41,6,L6:mapped:1679,13.674999999999997,1.1666
252790::014.swc,797,41,6,L6:mapped:1687,23.968999999999955,1.3974
252790::014.swc,797,41,6,L6:mapped:1717,0.11699999999999999,0.0481
252790::015.swc,797,41,1,L1:mapped:1,614.0819999999898,2.7889
252790::015.swc,797,41,1,L1:mapped:1001,759.1029999999945,2.8809
252790::015.swc,797,41,1,L1:mapped:1501,746.200999999995,2.8734
252790::015.swc,797,41,2,L2:mapped:16,614.0819999999898,2.7889
252790::015.swc,797,41,2,L2:mapped:1024,11.070999999999989,1.0817
252790::015.swc,797,41,2,L2:mapped:1050,666.3579999999959,2.8244
252790::015.swc,797,41,2,L2:mapped:1069,77.11000000000023,1.8927
252790::015.swc,797,41,2,L2:mapped:1550,714.3909999999953,2.8545
252790::015.swc,797,41,2,L2:mapped:1569,31.809999999999995,1.516
252790::015.swc,797,41,3,L3:mapped:25,5.117999999999997,0.7866
252790::015.swc,797,41,3,L3:mapped:37,608.96399999999,2.7853
252790::015.swc,797,41,3,L3:mapped:1040,11.070999999999989,1.0817
252790::015.swc,797,41,3,L3:mapped:1051,592.9079999999964,2.7737
252790::015.swc,797,41,3,L3:mapped:1062,73.45000000000003,1.8719
252790::015.swc,797,41,3,L3:mapped:1069,77.11000000000023,1.8927
252790::015.swc,797,41,3,L3:mapped:1551,713.2849999999952,2.8539
252790::015.swc,797,41,3,L3:mapped:1569,31.809999999999995,1.516
252790::015.swc,797,41,4,L4:mapped:26,5.117999999999997,0.7866
252790::015.swc,797,41,4,L4:mapped:38,608.96399999999,2.7853
252790::015.swc,797,41,4,L4:mapped:1046,11.070999999999989,1.0817
252790::015.swc,797,41,4,L4:mapped:1052,267.5099999999992,2.429
252790::015.swc,797,41,4,L4:mapped:1059,325.3979999999989,2.5137
252790::015.swc,797,41,4,L4:mapped:1062,73.45000000000003,1.8719
252790::015.swc,797,41,4,L4:mapped:1073,68.09000000000005,1.8394
252790::015.swc,797,41,4,L4:mapped:1074,9.019999999999996,1.0009
252790::015.swc,797,41,4,L4:mapped:1552,555.4009999999962,2.7454
252790::015.swc,797,41,4,L4:mapped:1559,157.88400000000033,2.2011
252790::015.swc,797,41,4,L4:mapped:1573,31.809999999999995,1.516
252790::015.swc,797,41,5,L5:mapped:30,5.117999999999997,0.7866
252790::015.swc,797,41,5,L5:mapped:40,608.2299999999902,2.7848
252790::015.swc,797,41,5,L5:mapped:1048,11.070999999999989,1.0817
252790::015.swc,797,41,5,L5:mapped:1053,86.65600000000025,1.9428
252790::015.swc,797,41,5,L5:mapped:1056,180.85400000000013,2.2597
252790::015.swc,797,41,5,L5:mapped:1060,325.3979999999989,2.5137
252790::015.swc,797,41,5,L5:mapped:1067,73.23900000000002,1.8706
252790::015.swc,797,41,5,L5:mapped:1068,0.211,0.0831
252790::015.swc,797,41,5,L5:mapped:1073,68.09000000000005,1.8394
252790::015.swc,797,41,5,L5:mapped:1076,9.019999999999996,1.0009
252790::015.swc,797,41,5,L5:mapped:1553,512.0239999999969,2.7101
252790::015.swc,797,41,5,L5:mapped:1556,2.62,0.5587
252790::015.swc,797,41,5,L5:mapped:1558,40.75699999999994,1.6207
252790::015.swc,797,41,5,L5:mapped:1560,157.88400000000033,2.2011
252790::015.swc,797,41,5,L5:mapped:1573,31.809999999999995,1.516
252790::015.swc,797,41,6,L6:mapped:33,5.117999999999997,0.7866
252790::015.swc,797,41,6,L6:mapped:41,566.0999999999916,2.7537
252790::015.swc,797,41,6,L6:mapped:42,42.12999999999999,1.6348
252790::015.swc,797,41,6,L6:mapped:1048,11.070999999999989,1.0817
252790::015.swc,797,41,6,L6:mapped:1054,86.65600000000025,1.9428
252790::015.swc,797,41,6,L6:mapped:1056,180.85400000000013,2.2597
252790::015.swc,797,41,6,L6:mapped:1060,325.3979999999989,2.5137
252790::015.swc,797,41,6,L6:mapped:1067,73.23900000000002,1.8706
252790::015.swc,797,41,6,L6:mapped:1068,0.211,0.0831
252790::015.swc,797,41,6,L6:mapped:1073,68.09000000000005,1.8394
252790::015.swc,797,41,6,L6:mapped:1076,9.019999999999996,1.0009
252790::015.swc,797,41,6,L6:mapped:1554,512.0239999999969,2.7101
252790::015.swc,797,41,6,L6:mapped:1556,2.62,0.5587
252790::015.swc,797,41,6,L6:mapped:1558,40.75699999999994,1.6207
252790::015.swc,797,41,6,L6:mapped:1560,157.88400000000033,2.2011
252790::015.swc,797,41,6,L6:mapped:1573,31.809999999999995,1.516
252790::016.swc,797,41,1,L1:mapped:1,314.84999999999826,2.4995
252790::016.swc,797,41,2,L2:mapped:16,314.84999999999826,2.4995
252790::016.swc,797,41,3,L3:mapped:25,74.68100000000031,1.879
252790::016.swc,797,41,3,L3:mapped:37,240.16899999999958,2.3823
252790::016.swc,797,41,4,L4:mapped:34,72.99800000000029,1.8692
252790::016.swc,797,41,4,L4:mapped:38,240.16899999999958,2.3823
252790::016.swc,797,41,5,L5:mapped:34,72.99800000000029,1.8692
252790::016.swc,797,41,5,L5:mapped:40,240.16899999999958,2.3823
252790::016.swc,797,41,6,L6:mapped:36,72.99800000000029,1.8692
252790::016.swc,797,41,6,L6:mapped:41,234.41199999999998,2.3718
252790::016.swc,797,41,6,L6:mapped:42,5.756999999999995,0.8298
252790::017.swc,797,41,1,L1:mapped:1,300.10899999999657,2.4787
252790::017.swc,797,41,1,L1:mapped:1001,856.3399999999934,2.9332
252790::017.swc,797,41,2,L2:mapped:16,300.10899999999657,2.4787
252790::017.swc,797,41,2,L2:mapped:1050,844.8589999999931,2.9273
252790::017.swc,797,41,2,L2:mapped:1069,11.481000000000003,1.0962
252790::017.swc,797,41,3,L3:mapped:25,148.9640000000013,2.176
252790::017.swc,797,41,3,L3:mapped:37,151.14500000000095,2.1823
252790::017.swc,797,41,3,L3:mapped:1051,844.8589999999931,2.9273
252790::017.swc,797,41,3,L3:mapped:1069,11.481000000000003,1.0962
252790::017.swc,797,41,4,L4:mapped:26,15.18,1.209
252790::017.swc,797,41,4,L4:mapped:34,133.78400000000178,2.1296
252790::017.swc,797,41,4,L4:mapped:38,145.81400000000127,2.1668
252790::017.swc,797,41,4,L4:mapped:1052,529.8999999999924,2.725
252790::017.swc,797,41,4,L4:mapped:1059,314.95899999999864,2.4996
252790::017.swc,797,41,4,L4:mapped:1074,11.481000000000003,1.0962
252790::017.swc,797,41,5,L5:mapped:30,15.18,1.209
252790::017.swc,797,41,5,L5:mapped:34,133.78400000000178,2.1296
252790::017.swc,797,41,5,L5:mapped:40,132.6910000000015,2.1261
252790::017.swc,797,41,5,L5:mapped:1053,454.7589999999943,2.6587
252790::017.swc,797,41,5,L5:mapped:1056,75.14100000000009,1.8816
252790::017.swc,797,41,5,L5:mapped:1060,314.95899999999864,2.4996
252790::017.swc,797,41,5,L5:mapped:1076,11.481000000000003,1.0962
252790::017.swc,797,41,6,L6:mapped:33,15.18,1.209
252790::017.swc,797,41,6,L6:mapped:36,133.78400000000178,2.1296
252790::017.swc,797,41,6,L6:mapped:41,129.81000000000162,2.1166
252790::017.swc,797,41,6,L6:mapped:42,2.880999999999999,0.5889
252790::017.swc,797,41,6,L6:mapped:1054,454.7589999999943,2.6587
252790::017.swc,797,41,6,L6:mapped:1056,75.14100000000009,1.8816
252790::017.swc,797,41,6,L6:mapped:1060,314.95899999999864,2.4996
252790::017.swc,797,41,6,L6:mapped:1076,11.481000000000003,1.0962
252790::018.swc,797,41,1,L1:mapped:1,1057.328999999976,3.0246
252790::018.swc,797,41,2,L2:mapped:16,1057.272999999976,3.0246
252790::018.swc,797,41,2,L2:mapped:50,0.055999999999999994,0.0237
252790::018.swc,797,41,3,L3:mapped:25,352.41599999999795,2.5483
252790::018.swc,797,41,3,L3:mapped:37,704.856999999987,2.8487
252790::018.swc,797,41,3,L3:mapped:64,0.055999999999999994,0.0237
252790::018.swc,797,41,4,L4:mapped:26,17.863999999999987,1.2756
252790::018.swc,797,41,4,L4:mapped:34,334.5519999999971,2.5258
252790::018.swc,797,41,4,L4:mapped:38,684.5659999999884,2.836
252790::018.swc,797,41,4,L4:mapped:47,20.290999999999997,1.3282
252790::018.swc,797,41,4,L4:mapped:65,0.055999999999999994,0.0237
252790::018.swc,797,41,5,L5:mapped:30,17.863999999999987,1.2756
252790::018.swc,797,41,5,L5:mapped:34,334.5519999999971,2.5258
252790::018.swc,797,41,5,L5:mapped:40,684.5659999999884,2.836
252790::018.swc,797,41,5,L5:mapped:49,20.290999999999997,1.3282
252790::018.swc,797,41,5,L5:mapped:69,0.055999999999999994,0.0237
252790::018.swc,797,41,6,L6:mapped:33,17.863999999999987,1.2756
252790::018.swc,797,41,6,L6:mapped:36,334.5519999999971,2.5258
252790::018.swc,797,41,6,L6:mapped:41,681.4499999999884,2.8341
252790::018.swc,797,41,6,L6:mapped:42,3.116,0.6145
252790::018.swc,797,41,6,L6:mapped:49,20.290999999999997,1.3282
252790::018.swc,797,41,6,L6:mapped:70,0.055999999999999994,0.0237
252790::019.swc,797,41,1,L1:mapped:1,1448.1259999999584,3.1611
252790::019.swc,797,41,1,L1:mapped:138,117.48200000000183,2.0737
252790::019.swc,797,41,2,L2:mapped:16,1448.1259999999584,3.1611
252790::019.swc,797,41,2,L2:mapped:165,94.38600000000112,1.9795
252790::019.swc,797,41,3,L3:mapped:25,321.9909999999989,2.5092
252790::019.swc,797,41,3,L3:mapped:37,1126.1349999999807,3.052
252790::019.swc,797,41,3,L3:mapped:165,94.38600000000112,1.9795
252790::019.swc,797,41,4,L4:mapped:26,218.7879999999998,2.342
252790::019.swc,797,41,4,L4:mapped:34,103.20300000000124,2.0179
252790::019.swc,797,41,4,L4:mapped:38,1081.2319999999781,3.0343
252790::019.swc,797,41,4,L4:mapped:47,44.902999999999906,1.6618
252790::019.swc,797,41,4,L4:mapped:167,94.38600000000112,1.9795
252790::019.swc,797,41,5,L5:mapped:30,218.7879999999998,2.342
252790::019.swc,797,41,5,L5:mapped:34,103.20300000000124,2.0179
252790::019.swc,797,41,5,L5:mapped:39,0.6310000000000001,0.2125
252790::019.swc,797,41,5,L5:mapped:40,1080.600999999978,3.0341
252790::019.swc,797,41,5,L5:mapped:49,44.902999999999906,1.6618
252790::019.swc,797,41,5,L5:mapped:168,88.87500000000102,1.9536
252790::019.swc,797,41,6,L6:mapped:33,218.7879999999998,2.342
252790::019.swc,797,41,6,L6:mapped:36,103.20300000000124,2.0179
252790::019.swc,797,41,6,L6:mapped:39,0.6310000000000001,0.2125
252790::019.swc,797,41,6,L6:mapped:41,1059.3279999999795,3.0254
252790::019.swc,797,41,6,L6:mapped:42,21.272999999999985,1.3478
252790::019.swc,797,41,6,L6:mapped:49,44.902999999999906,1.6618
252790::019.swc,797,41,6,L6:mapped:169,88.87500000000102,1.9536
252790::020.swc,797,41,1,L1:mapped:1,76.91000000000035,1.8916
252790::020.swc,797,41,1,L1:mapped:1082,203.11300000000003,2.3099
252790::020.swc,797,41,1,L1:mapped:1582,176.40400000000037,2.249
252790::020.swc,797,41,2,L2:mapped:16,76.91000000000035,1.8916
252790::020.swc,797,41,2,L2:mapped:1113,193.61600000000018,2.2892
252790::020.swc,797,41,2,L2:mapped:1160,2.283,0.5163
252790::020.swc,797,41,2,L2:mapped:1613,176.40400000000037,2.249
252790::020.swc,797,41,3,L3:mapped:37,76.91000000000035,1.8916
252790::020.swc,797,41,3,L3:mapped:1127,143.73900000000134,2.1606
252790::020.swc,797,41,3,L3:mapped:1135,43.84499999999996,1.6517
252790::020.swc,797,41,3,L3:mapped:1160,2.283,0.5163
252790::020.swc,797,41,3,L3:mapped:1615,0.4649999999999999,0.1658
252790::020.swc,797,41,3,L3:mapped:1627,175.93900000000033,2.2478
252790::020.swc,797,41,4,L4:mapped:38,76.91000000000035,1.8916
252790::020.swc,797,41,4,L4:mapped:1127,143.73900000000134,2.1606
252790::020.swc,797,41,4,L4:mapped:1136,43.84499999999996,1.6517
252790::020.swc,797,41,4,L4:mapped:1162,2.283,0.5163
252790::020.swc,797,41,4,L4:mapped:1626,0.4649999999999999,0.1658
252790::020.swc,797,41,4,L4:mapped:1627,175.93900000000033,2.2478
252790::020.swc,797,41,5,L5:mapped:40,76.91000000000035,1.8916
252790::020.swc,797,41,5,L5:mapped:1128,74.94200000000004,1.8805
252790::020.swc,797,41,5,L5:mapped:1129,46.43399999999997,1.6761
252790::020.swc,797,41,5,L5:mapped:1130,2.7459999999999987,0.5736
252790::020.swc,797,41,5,L5:mapped:1134,9.046999999999997,1.002
252790::020.swc,797,41,5,L5:mapped:1137,39.76699999999997,1.6103
252790::020.swc,797,41,5,L5:mapped:1162,2.283,0.5163
252790::020.swc,797,41,5,L5:mapped:1626,0.4649999999999999,0.1658
252790::020.swc,797,41,5,L5:mapped:1628,131.1310000000012,2.121
252790::020.swc,797,41,5,L5:mapped:1629,28.559999999999995,1.4707
252790::020.swc,797,41,5,L5:mapped:1633,16.248,1.2367
252790::020.swc,797,41,6,L6:mapped:41,76.91000000000035,1.8916
252790::020.swc,797,41,6,L6:mapped:1128,74.94200000000004,1.8805
252790::020.swc,797,41,6,L6:mapped:1129,46.43399999999997,1.6761
252790::020.swc,797,41,6,L6:mapped:1130,2.7459999999999987,0.5736
252790::020.swc,797,41,6,L6:mapped:1134,9.046999999999997,1.002
252790::020.swc,797,41,6,L6:mapped:1137,39.76699999999997,1.6103
252790::020.swc,797,41,6,L6:mapped:1162,2.283,0.5163
252790::020.swc,797,41,6,L6:mapped:1626,0.4649999999999999,0.1658
252790::020.swc,797,41,6,L6:mapped:1628,131.1310000000012,2.121
252790::020.swc,797,41,6,L6:mapped:1629,28.559999999999995,1.4707
252790::020.swc,797,41,6,L6:mapped:1633,16.248,1.2367
252790::021.swc,797,41,1,L1:mapped:1,1378.1949999999722,3.1396
252790::021.swc,797,41,1,L1:mapped:138,189.32300000000006,2.2795
252790::021.swc,797,41,1,L1:mapped:1001,61.73799999999992,1.7975
252790::021.swc,797,41,2,L2:mapped:2,1.9020000000000006,0.4627
252790::021.swc,797,41,2,L2:mapped:16,1376.292999999972,3.139
252790::021.swc,797,41,2,L2:mapped:165,189.32300000000006,2.2795
252790::021.swc,797,41,2,L2:mapped:1002,7.496999999999997,0.9293
252790::021.swc,797,41,2,L2:mapped:1050,54.2409999999999,1.7423
252790::021.swc,797,41,3,L3:mapped:3,1.9020000000000006,0.4627
252790::021.swc,797,41,3,L3:mapped:17,196.9800000000002,2.2966
252790::021.swc,797,41,3,L3:mapped:25,77.90400000000004,1.8971
252790::021.swc,797,41,3,L3:mapped:37,1101.4089999999776,3.0423
252790::021.swc,797,41,3,L3:mapped:165,189.32300000000006,2.2795
252790::021.swc,797,41,3,L3:mapped:1003,1.4209999999999998,0.384
252790::021.swc,797,41,3,L3:mapped:1005,6.075999999999997,0.8498
252790::021.swc,797,41,3,L3:mapped:1051,54.2409999999999,1.7423
252790::021.swc,797,41,4,L4:mapped:5,1.9020000000000006,0.4627
252790::021.swc,797,41,4,L4:mapped:22,196.9800000000002,2.2966
252790::021.swc,797,41,4,L4:mapped:26,77.90400000000004,1.8971
252790::021.swc,797,41,4,L4:mapped:38,1068.430999999984,3.0292
252790::021.swc,797,41,4,L4:key_level_conflict:45,32.97799999999998,1.5312
252790::021.swc,797,41,4,L4:mapped:166,26.98999999999993,1.447
252790::021.swc,797,41,4,L4:mapped:167,162.33300000000057,2.2131
252790::021.swc,797,41,4,L4:mapped:1004,1.4209999999999998,0.384
252790::021.swc,797,41,4,L4:mapped:1009,6.075999999999997,0.8498
252790::021.swc,797,41,4,L4:mapped:1052,54.2409999999999,1.7423
252790::021.swc,797,41,5,L5:mapped:5,1.9020000000000006,0.4627
252790::021.swc,797,41,5,L5:mapped:22,196.9800000000002,2.2966
252790::021.swc,797,41,5,L5:mapped:30,77.90400000000004,1.8971
252790::021.swc,797,41,5,L5:mapped:39,33.731999999999935,1.5407
252790::021.swc,797,41,5,L5:mapped:40,1034.698999999984,3.0152
252790::021.swc,797,41,5,L5:key_level_conflict:45,32.97799999999998,1.5312
252790::021.swc,797,41,5,L5:mapped:166,26.98999999999993,1.447
252790::021.swc,797,41,5,L5:mapped:168,152.22200000000083,2.1853
252790::021.swc,797,41,5,L5:mapped:171,10.111000000000002,1.0458
252790::021.swc,797,41,5,L5:mapped:1004,1.4209999999999998,0.384
252790::021.swc,797,41,5,L5:mapped:1009,6.075999999999997,0.8498
252790::021.swc,797,41,5,L5:mapped:1056,54.2409999999999,1.7423
252790::021.swc,797,41,6,L6:mapped:5,1.9020000000000006,0.4627
252790::021.swc,797,41,6,L6:mapped:23,4.8149999999999995,0.7645
252790::021.swc,797,41,6,L6:mapped:24,192.16500000000002,2.2859
252790::021.swc,797,41,6,L6:mapped:31,41.651,1.6299
252790::021.swc,797,41,6,L6:mapped:33,36.252999999999986,1.5712
252790::021.swc,797,41,6,L6:mapped:39,33.731999999999935,1.5407
252790::021.swc,797,41,6,L6:mapped:41,869.8639999999906,2.94
252790::021.swc,797,41,6,L6:mapped:42,164.8350000000011,2.2197
252790::021.swc,797,41,6,L6:mapped:45,32.97799999999998,1.5312
252790::021.swc,797,41,6,L6:mapped:166,26.98999999999993,1.447
252790::021.swc,797,41,6,L6:mapped:169,152.22200000000083,2.1853
252790::021.swc,797,41,6,L6:mapped:172,7.150999999999998,0.9112
252790::021.swc,797,41,6,L6:mapped:174,2.9599999999999977,0.5977
252790::021.swc,797,41,6,L6:mapped:1004,1.4209999999999998,0.384
252790::021.swc,797,41,6,L6:mapped:1009,6.075999999999997,0.8498
252790::021.swc,797,41,6,L6:mapped:1056,54.2409999999999,1.7423
252790::022.swc,797,41,1,L1:mapped:1,885.6279999999807,2.9477
252790::022.swc,797,41,2,L2:mapped:16,885.6279999999807,2.9477
252790::022.swc,797,41,3,L3:mapped:25,344.32899999999984,2.5382
252790::022.swc,797,41,3,L3:mapped:37,541.2989999999922,2.7342
252790::022.swc,797,41,4,L4:mapped:26,293.5649999999996,2.4692
252790::022.swc,797,41,4,L4:mapped:34,50.76399999999988,1.714
252790::022.swc,797,41,4,L4:mapped:38,541.2989999999922,2.7342
252790::022.swc,797,41,5,L5:mapped:30,293.5649999999996,2.4692
252790::022.swc,797,41,5,L5:mapped:34,50.76399999999988,1.714
252790::022.swc,797,41,5,L5:mapped:39,6.612999999999995,0.8816
252790::022.swc,797,41,5,L5:mapped:40,534.6859999999922,2.7289
252790::022.swc,797,41,6,L6:mapped:33,293.5649999999996,2.4692
252790::022.swc,797,41,6,L6:mapped:36,50.76399999999988,1.714
252790::022.swc,797,41,6,L6:mapped:39,6.612999999999995,0.8816
252790::022.swc,797,41,6,L6:mapped:41,528.9849999999932,2.7243
252790::022.swc,797,41,6,L6:mapped:42,5.700999999999994,0.8261
252790::023.swc,797,41,1,L1:mapped:1,69.7050000000003,1.8495
252790::023.swc,797,41,1,L1:mapped:1001,342.0699999999959,2.5354
252790::023.swc,797,41,1,L1:mapped:1082,432.60099999999215,2.6371
252790::023.swc,797,41,1,L1:mapped:1169,75.7730000000002,1.8852
252790::023.swc,797,41,1,L1:mapped:1582,10.26599999999998,1.0518
252790::023.swc,797,41,2,L2:mapped:16,69.7050000000003,1.8495
252790::023.swc,797,41,2,L2:mapped:1069,176.2880000000006,2.2487
252790::023.swc,797,41,2,L2:mapped:1077,66.19200000000006,1.8273
252790::023.swc,797,41,2,L2:mapped:1083,350.1619999999946,2.5455
252790::023.swc,797,41,2,L2:mapped:1113,55.50799999999998,1.7521
252790::023.swc,797,41,2,L2:mapped:1170,75.7730000000002,1.8852
252790::023.swc,797,41,2,L2:mapped:1583,1.9439999999999993,0.4689
252790::023.swc,797,41,2,L2:mapped:1613,8.321999999999996,0.9695
252790::023.swc,797,41,3,L3:mapped:37,69.7050000000003,1.8495
252790::023.swc,797,41,3,L3:mapped:1069,176.2880000000006,2.2487
252790::023.swc,797,41,3,L3:mapped:1077,66.19200000000006,1.8273
252790::023.swc,797,41,3,L3:mapped:1084,313.012999999997,2.4969
252790::023.swc,797,41,3,L3:mapped:1100,37.14899999999997,1.5815
252790::023.swc,797,41,3,L3:mapped:1127,23.978999999999996,1.3976
252790::023.swc,797,41,3,L3:mapped:1135,25.67,1.426
252790::023.swc,797,41,3,L3:mapped:1171,45.321000000000005,1.6658
252790::023.swc,797,41,3,L3:mapped:1180,6.402999999999992,0.8694
252790::023.swc,797,41,3,L3:mapped:1192,2.863000000000001,0.5869
252790::023.swc,797,41,3,L3:mapped:1200,21.186000000000007,1.3461
252790::023.swc,797,41,3,L3:mapped:1600,1.9439999999999993,0.4689
252790::023.swc,797,41,3,L3:mapped:1627,8.321999999999996,0.9695
252790::023.swc,797,41,4,L4:mapped:38,69.7050000000003,1.8495
252790::023.swc,797,41,4,L4:mapped:1073,169.05700000000073,2.2306
252790::023.swc,797,41,4,L4:mapped:1074,7.231000000000003,0.9155
252790::023.swc,797,41,4,L4:mapped:1079,66.19200000000006,1.8273
252790::023.swc,797,41,4,L4:mapped:1087,136.08100000000175,2.137
252790::023.swc,797,41,4,L4:mapped:1091,162.38500000000099,2.2132
252790::023.swc,797,41,4,L4:mapped:1101,31.19499999999995,1.5078
252790::023.swc,797,41,4,L4:mapped:1103,5.953999999999998,0.8422
252790::023.swc,797,41,4,L4:mapped:1127,23.978999999999996,1.3976
252790::023.swc,797,41,4,L4:mapped:1136,25.67,1.426
252790::023.swc,797,41,4,L4:mapped:1177,39.87799999999999,1.6115
252790::023.swc,797,41,4,L4:mapped:1189,2.7120000000000006,0.5696
252790::023.swc,797,41,4,L4:mapped:1196,2.863000000000001,0.5869
252790::023.swc,797,41,4,L4:mapped:1204,21.186000000000007,1.3461
252790::023.swc,797,41,4,L4:mapped:1601,1.9439999999999993,0.4689
252790::023.swc,797,41,4,L4:mapped:1627,8.321999999999996,0.9695
252790::023.swc,797,41,5,L5:mapped:40,69.7050000000003,1.8495
252790::023.swc,797,41,5,L5:mapped:1073,169.05700000000073,2.2306
252790::023.swc,797,41,5,L5:mapped:1076,7.231000000000003,0.9155
252790::023.swc,797,41,5,L5:mapped:1080,66.19200000000006,1.8273
252790::023.swc,797,41,5,L5:mapped:1088,110.07300000000153,2.0456
252790::023.swc,797,41,5,L5:mapped:1090,26.007999999999992,1.4315
252790::023.swc,797,41,5,L5:mapped:1093,14.832999999999975,1.1996
252790::023.swc,797,41,5,L5:mapped:1094,29.61499999999994,1.4859
252790::023.swc,797,41,5,L5:mapped:1095,117.9370000000015,2.0753
252790::023.swc,797,41,5,L5:mapped:1102,31.19499999999995,1.5078
252790::023.swc,797,41,5,L5:mapped:1105,5.953999999999998,0.8422
252790::023.swc,797,41,5,L5:mapped:1134,23.978999999999996,1.3976
252790::023.swc,797,41,5,L5:mapped:1137,13.259999999999998,1.1541
252790::023.swc,797,41,5,L5:mapped:1179,39.87799999999999,1.6115
252790::023.swc,797,41,5,L5:mapped:1190,2.7120000000000006,0.5696
252790::023.swc,797,41,5,L5:mapped:1199,2.863000000000001,0.5869
252790::023.swc,797,41,5,L5:mapped:1207,21.186000000000007,1.3461
252790::023.swc,797,41,5,L5:mapped:1602,1.9439999999999993,0.4689
252790::023.swc,797,41,5,L5:mapped:1634,8.321999999999996,0.9695
252790::023.swc,797,41,6,L6:mapped:41,69.7050000000003,1.8495
252790::023.swc,797,41,6,L6:mapped:1073,169.05700000000073,2.2306
252790::023.swc,797,41,6,L6:mapped:1076,7.231000000000003,0.9155
252790::023.swc,797,41,6,L6:mapped:1080,66.19200000000006,1.8273
252790::023.swc,797,41,6,L6:mapped:1088,110.07300000000153,2.0456
252790::023.swc,797,41,6,L6:mapped:1090,26.007999999999992,1.4315
252790::023.swc,797,41,6,L6:mapped:1093,14.832999999999975,1.1996
252790::023.swc,797,41,6,L6:mapped:1094,29.61499999999994,1.4859
252790::023.swc,797,41,6,L6:mapped:1096,35.99300000000001,1.5681
252790::023.swc,797,41,6,L6:mapped:1097,7.941999999999999,0.9514
252790::023.swc,797,41,6,L6:mapped:1098,74.0020000000002,1.8751
252790::023.swc,797,41,6,L6:mapped:1102,31.19499999999995,1.5078
252790::023.swc,797,41,6,L6:mapped:1107,2.5199999999999996,0.5465
252790::023.swc,797,41,6,L6:mapped:1134,23.978999999999996,1.3976
252790::023.swc,797,41,6,L6:mapped:1137,13.259999999999998,1.1541
252790::023.swc,797,41,6,L6:mapped:1179,39.87799999999999,1.6115
252790::023.swc,797,41,6,L6:mapped:1190,2.7120000000000006,0.5696
252790::023.swc,797,41,6,L6:mapped:1199,2.863000000000001,0.5869
252790::023.swc,797,41,6,L6:mapped:1207,21.186000000000007,1.3461
252790::023.swc,797,41,6,L6:mapped:1602,1.9439999999999993,0.4689
252790::023.swc,797,41,6,L6:mapped:1634,8.321999999999996,0.9695
252790::024.swc,797,41,1,L1:mapped:1,437.6279999999913,2.6421
252790::024.swc,797,41,1,L1:mapped:138,270.28299999999797,2.4334
252790::024.swc,797,41,1,L1:mapped:638,551.3069999999898,2.7422
252790::024.swc,797,41,1,L1:mapped:1001,1113.201999999975,3.047
252790::024.swc,797,41,1,L1:mapped:1501,314.1629999999946,2.4985
252790::024.swc,797,41,2,L2:mapped:16,437.6279999999913,2.6421
252790::024.swc,797,41,2,L2:mapped:165,1.8179999999999996,0.4499
252790::024.swc,797,41,2,L2:mapped:204,17.60899999999999,1.2697
252790::024.swc,797,41,2,L2:mapped:224,250.8559999999995,2.4012
252790::024.swc,797,41,2,L2:mapped:724,551.3069999999898,2.7422
252790::024.swc,797,41,2,L2:mapped:1002,194.66400000000007,2.2915
252790::024.swc,797,41,2,L2:mapped:1010,264.87699999999836,2.4247
252790::024.swc,797,41,2,L2:mapped:1024,102.98200000000146,2.017
252790::024.swc,797,41,2,L2:mapped:1050,537.2439999999934,2.731
252790::024.swc,797,41,2,L2:mapped:1069,13.434999999999992,1.1594
252790::024.swc,797,41,2,L2:mapped:1524,17.551999999999992,1.2684
252790::024.swc,797,41,2,L2:mapped:1550,269.035999999997,2.4314
252790::024.swc,797,41,3,L3:mapped:37,437.6279999999913,2.6421
252790::024.swc,797,41,3,L3:mapped:165,1.8179999999999996,0.4499
252790::024.swc,797,41,3,L3:mapped:205,17.60899999999999,1.2697
252790::024.swc,797,41,3,L3:mapped:224,250.8559999999995,2.4012
252790::024.swc,797,41,3,L3:mapped:724,551.3069999999898,2.7422
252790::024.swc,797,41,3,L3:mapped:1003,181.3520000000002,2.2609
252790::024.swc,797,41,3,L3:mapped:1011,264.87699999999836,2.4247
252790::024.swc,797,41,3,L3:mapped:1025,12.880999999999991,1.1424
252790::024.swc,797,41,3,L3:mapped:1040,90.10100000000101,1.9595
252790::024.swc,797,41,3,L3:mapped:1051,432.80699999999393,2.6373
252790::024.swc,797,41,3,L3:mapped:1062,104.43700000000158,2.023
252790::024.swc,797,41,3,L3:mapped:1069,13.434999999999992,1.1594
252790::024.swc,797,41,3,L3:mapped:1540,17.551999999999992,1.2684
252790::024.swc,797,41,3,L3:mapped:1551,226.51699999999929,2.357
252790::024.swc,797,41,4,L4:mapped:38,437.6279999999913,2.6421
252790::024.swc,797,41,4,L4:mapped:167,1.8179999999999996,0.4499
252790::024.swc,797,41,4,L4:mapped:213,17.60899999999999,1.2697
252790::024.swc,797,41,4,L4:mapped:225,250.8559999999995,2.4012
252790::024.swc,797,41,4,L4:mapped:725,551.3069999999898,2.7422
252790::024.swc,797,41,4,L4:mapped:1004,181.3520000000002,2.2609
252790::024.swc,797,41,4,L4:mapped:1012,259.4289999999985,2.4157
252790::024.swc,797,41,4,L4:mapped:1017,5.447999999999999,0.8094
252790::024.swc,797,41,4,L4:mapped:1030,12.880999999999991,1.1424
252790::024.swc,797,41,4,L4:mapped:1046,69.81400000000015,1.8501
252790::024.swc,797,41,4,L4:mapped:1052,394.40999999999514,2.597
252790::024.swc,797,41,4,L4:mapped:1059,38.39700000000004,1.5955
252790::024.swc,797,41,4,L4:mapped:1062,104.43700000000158,2.023
252790::024.swc,797,41,4,L4:mapped:1070,7.015999999999998,0.904
252790::024.swc,797,41,4,L4:mapped:1546,17.551999999999992,1.2684
252790::024.swc,797,41,4,L4:mapped:1552,226.51699999999929,2.357
252790::024.swc,797,41,5,L5:mapped:40,437.6279999999913,2.6421
252790::024.swc,797,41,5,L5:mapped:168,1.8179999999999996,0.4499
252790::024.swc,797,41,5,L5:mapped:215,17.60899999999999,1.2697
252790::024.swc,797,41,5,L5:mapped:226,109.14800000000098,2.042
252790::024.swc,797,41,5,L5:mapped:227,141.70800000000122,2.1544
252790::024.swc,797,41,5,L5:mapped:726,30.619999999999955,1.5
252790::024.swc,797,41,5,L5:mapped:727,520.68699999999,2.7174
252790::024.swc,797,41,5,L5:mapped:1004,181.3520000000002,2.2609
252790::024.swc,797,41,5,L5:mapped:1013,259.4289999999985,2.4157
252790::024.swc,797,41,5,L5:mapped:1018,5.447999999999999,0.8094
252790::024.swc,797,41,5,L5:mapped:1031,12.880999999999991,1.1424
252790::024.swc,797,41,5,L5:mapped:1048,27.836999999999986,1.46
252790::024.swc,797,41,5,L5:mapped:1049,41.97699999999994,1.6332
252790::024.swc,797,41,5,L5:mapped:1053,278.7079999999974,2.4467
252790::024.swc,797,41,5,L5:mapped:1056,74.21700000000024,1.8763
252790::024.swc,797,41,5,L5:mapped:1057,41.48500000000001,1.6282
252790::024.swc,797,41,5,L5:mapped:1060,38.39700000000004,1.5955
252790::024.swc,797,41,5,L5:mapped:1067,100.18000000000137,2.0051
252790::024.swc,797,41,5,L5:mapped:1068,4.256999999999999,0.7207
252790::024.swc,797,41,5,L5:mapped:1070,7.015999999999998,0.904
252790::024.swc,797,41,5,L5:mapped:1548,17.551999999999992,1.2684
252790::024.swc,797,41,5,L5:mapped:1556,226.51699999999929,2.357
252790::024.swc,797,41,6,L6:mapped:41,431.4789999999913,2.636
252790::024.swc,797,41,6,L6:mapped:42,6.148999999999996,0.8542
252790::024.swc,797,41,6,L6:mapped:169,1.8179999999999996,0.4499
252790::024.swc,797,41,6,L6:mapped:216,17.60899999999999,1.2697
252790::024.swc,797,41,6,L6:mapped:226,109.14800000000098,2.042
252790::024.swc,797,41,6,L6:mapped:228,141.70800000000122,2.1544
252790::024.swc,797,41,6,L6:mapped:726,30.619999999999955,1.5
252790::024.swc,797,41,6,L6:mapped:728,520.68699999999,2.7174
252790::024.swc,797,41,6,L6:mapped:1004,181.3520000000002,2.2609
252790::024.swc,797,41,6,L6:mapped:1015,259.4289999999985,2.4157
252790::024.swc,797,41,6,L6:mapped:1020,5.2559999999999985,0.7963
252790::024.swc,797,41,6,L6:mapped:1032,12.880999999999991,1.1424
252790::024.swc,797,41,6,L6:mapped:1048,27.836999999999986,1.46
252790::024.swc,797,41,6,L6:mapped:1049,41.97699999999994,1.6332
252790::024.swc,797,41,6,L6:mapped:1055,278.7079999999974,2.4467
252790::024.swc,797,41,6,L6:mapped:1056,74.21700000000024,1.8763
252790::024.swc,797,41,6,L6:mapped:1057,41.48500000000001,1.6282
252790::024.swc,797,41,6,L6:mapped:1060,38.39700000000004,1.5955
252790::024.swc,797,41,6,L6:mapped:1067,100.18000000000137,2.0051
252790::024.swc,797,41,6,L6:mapped:1068,4.256999999999999,0.7207
252790::024.swc,797,41,6,L6:mapped:1071,7.015999999999998,0.904
252790::024.swc,797,41,6,L6:mapped:1548,17.551999999999992,1.2684
252790::024.swc,797,41,6,L6:mapped:1556,226.51699999999929,2.357
252790::025.swc,797,41,1,L1:mapped:1,254.41899999999686,2.4073
252790::025.swc,797,41,2,L2:mapped:16,254.41899999999686,2.4073
252790::025.swc,797,41,3,L3:mapped:37,254.41899999999686,2.4073
252790::025.swc,797,41,4,L4:mapped:38,254.41899999999686,2.4073
252790::025.swc,797,41,5,L5:mapped:40,254.41899999999686,2.4073
252790::025.swc,797,41,6,L6:mapped:41,254.41899999999686,2.4073
252790::026.swc,797,41,1,L1:mapped:1,609.9029999999875,2.786
252790::026.swc,797,41,1,L1:mapped:138,198.2489999999995,2.2994
252790::026.swc,797,41,1,L1:mapped:1001,1392.4909999999613,3.1441
252790::026.swc,797,41,2,L2:mapped:16,609.9029999999875,2.786
252790::026.swc,797,41,2,L2:mapped:165,198.2489999999995,2.2994
252790::026.swc,797,41,2,L2:mapped:1002,185.5970000000005,2.2709
252790::026.swc,797,41,2,L2:mapped:1024,194.8219999999999,2.2919
252790::026.swc,797,41,2,L2:mapped:1050,985.6189999999791,2.9941
252790::026.swc,797,41,2,L2:mapped:1069,26.453000000000053,1.4386
252790::026.swc,797,41,3,L3:mapped:25,3.073999999999999,0.61
252790::026.swc,797,41,3,L3:mapped:37,606.828999999987,2.7838
252790::026.swc,797,41,3,L3:mapped:165,198.2489999999995,2.2994
252790::026.swc,797,41,3,L3:mapped:1003,145.0200000000018,2.1644
252790::026.swc,797,41,3,L3:mapped:1005,40.577,1.6189
252790::026.swc,797,41,3,L3:mapped:1025,191.19299999999976,2.2837
252790::026.swc,797,41,3,L3:mapped:1051,977.4059999999798,2.9905
252790::026.swc,797,41,3,L3:mapped:1062,8.213,0.9644
252790::026.swc,797,41,3,L3:mapped:1069,26.453000000000053,1.4386
252790::026.swc,797,41,4,L4:mapped:26,3.073999999999999,0.61
252790::026.swc,797,41,4,L4:mapped:38,606.828999999987,2.7838
252790::026.swc,797,41,4,L4:mapped:166,26.17899999999996,1.4342
252790::026.swc,797,41,4,L4:mapped:167,172.07000000000033,2.2382
252790::026.swc,797,41,4,L4:mapped:1004,145.0200000000018,2.1644
252790::026.swc,797,41,4,L4:mapped:1006,32.012999999999955,1.5187
252790::026.swc,797,41,4,L4:mapped:1026,177.21299999999997,2.2509
252790::026.swc,797,41,4,L4:mapped:1030,13.97999999999999,1.1755
252790::026.swc,797,41,4,L4:mapped:1052,851.8939999999789,2.9309
252790::026.swc,797,41,4,L4:mapped:1059,125.5120000000016,2.1021
252790::026.swc,797,41,4,L4:mapped:1062,8.213,0.9644
252790::026.swc,797,41,4,L4:mapped:1073,12.620999999999995,1.1342
252790::026.swc,797,41,4,L4:mapped:1074,13.831999999999992,1.1712
252790::026.swc,797,41,5,L5:mapped:30,3.073999999999999,0.61
252790::026.swc,797,41,5,L5:mapped:40,601.3819999999861,2.7799
252790::026.swc,797,41,5,L5:mapped:166,26.17899999999996,1.4342
252790::026.swc,797,41,5,L5:mapped:168,170.5780000000004,2.2345
252790::026.swc,797,41,5,L5:mapped:171,1.492,0.3965
252790::026.swc,797,41,5,L5:mapped:1004,145.0200000000018,2.1644
252790::026.swc,797,41,5,L5:mapped:1007,3.0749999999999997,0.6101
252790::026.swc,797,41,5,L5:mapped:1008,28.937999999999967,1.4762
252790::026.swc,797,41,5,L5:mapped:1027,165.8480000000003,2.2223
252790::026.swc,797,41,5,L5:mapped:1028,11.364999999999991,1.0922
252790::026.swc,797,41,5,L5:mapped:1035,13.97999999999999,1.1755
252790::026.swc,797,41,5,L5:mapped:1053,579.6239999999916,2.7639
252790::026.swc,797,41,5,L5:mapped:1056,269.93099999999794,2.4329
252790::026.swc,797,41,5,L5:mapped:1060,125.5120000000016,2.1021
252790::026.swc,797,41,5,L5:mapped:1067,7.801999999999999,0.9446
252790::026.swc,797,41,5,L5:mapped:1068,0.41100000000000014,0.1495
252790::026.swc,797,41,5,L5:mapped:1073,12.620999999999995,1.1342
252790::026.swc,797,41,5,L5:mapped:1076,13.831999999999992,1.1712
252790::026.swc,797,41,6,L6:mapped:33,3.073999999999999,0.61
252790::026.swc,797,41,6,L6:mapped:41,565.6059999999856,2.7533
252790::026.swc,797,41,6,L6:mapped:42,35.775999999999996,1.5656
252790::026.swc,797,41,6,L6:mapped:166,26.17899999999996,1.4342
252790::026.swc,797,41,6,L6:mapped:169,170.5780000000004,2.2345
252790::026.swc,797,41,6,L6:mapped:172,1.492,0.3965
252790::026.swc,797,41,6,L6:mapped:1004,145.0200000000018,2.1644
252790::026.swc,797,41,6,L6:mapped:1007,3.0749999999999997,0.6101
252790::026.swc,797,41,6,L6:mapped:1008,28.937999999999967,1.4762
252790::026.swc,797,41,6,L6:mapped:1027,165.8480000000003,2.2223
252790::026.swc,797,41,6,L6:mapped:1028,11.364999999999991,1.0922
252790::026.swc,797,41,6,L6:mapped:1036,11.187999999999995,1.0859
252790::026.swc,797,41,6,L6:mapped:1054,579.6239999999916,2.7639
252790::026.swc,797,41,6,L6:mapped:1056,269.93099999999794,2.4329
252790::026.swc,797,41,6,L6:mapped:1060,125.5120000000016,2.1021
252790::026.swc,797,41,6,L6:mapped:1067,7.801999999999999,0.9446
252790::026.swc,797,41,6,L6:mapped:1068,0.41100000000000014,0.1495
252790::026.swc,797,41,6,L6:mapped:1073,12.620999999999995,1.1342
252790::026.swc,797,41,6,L6:mapped:1076,13.831999999999992,1.1712
252790::027.swc,797,1004,1,L1:mapped:1,1465.5059999999694,3.1663
252790::027.swc,797,1004,1,L1:mapped:1001,388.6239999999958,2.5906
252790::027.swc,797,1004,2,L2:mapped:2,525.7279999999961,2.7216
252790::027.swc,797,1004,2,L2:mapped:16,174.56899999999973,2.2444
252790::027.swc,797,1004,2,L2:mapped:50,462.93499999999193,2.6665
252790::027.swc,797,1004,2,L2:mapped:77,302.2739999999987,2.4818
252790::027.swc,797,1004,2,L2:mapped:1002,356.5239999999962,2.5533
252790::027.swc,797,1004,3,L3:mapped:3,516.455999999996,2.7139
252790::027.swc,797,1004,3,L3:mapped:11,9.271999999999993,1.0117
252790::027.swc,797,1004,3,L3:mapped:17,80.60500000000029,1.9117
252790::027.swc,797,1004,3,L3:mapped:25,66.76199999999993,1.831
252790::027.swc,797,1004,3,L3:mapped:37,27.202000000000016,1.4503
252790::027.swc,797,1004,3,L3:mapped:54,462.93499999999193,2.6665
252790::027.swc,797,1004,3,L3:mapped:78,30.144999999999975,1.4934
252790::027.swc,797,1004,3,L3:mapped:87,272.129,2.4364
252790::027.swc,797,1004,3,L3:mapped:1003,356.5239999999962,2.5533
252790::027.swc,797,1004,4,L4:mapped:4,202.0440000000006,2.3076
252790::027.swc,797,1004,4,L4:mapped:5,8.500999999999992,0.9778
252790::027.swc,797,1004,4,L4:mapped:6,305.910999999999,2.487
252790::027.swc,797,1004,4,L4:mapped:11,9.271999999999993,1.0117
252790::027.swc,797,1004,4,L4:mapped:18,80.60500000000029,1.9117
252790::027.swc,797,1004,4,L4:mapped:34,66.76199999999993,1.831
252790::027.swc,797,1004,4,L4:mapped:47,18.10800000000001,1.2812
252790::027.swc,797,1004,4,L4:mapped:55,144.136000000001,2.1618
252790::027.swc,797,1004,4,L4:mapped:59,318.7989999999969,2.5049
252790::027.swc,797,1004,4,L4:mapped:80,30.144999999999975,1.4934
252790::027.swc,797,1004,4,L4:mapped:87,272.129,2.4364
252790::027.swc,797,1004,4,L4:mapped:1004,356.5239999999962,2.5533
252790::027.swc,797,1004,5,L5:mapped:4,202.0440000000006,2.3076
252790::027.swc,797,1004,5,L5:mapped:5,8.500999999999992,0.9778
252790::027.swc,797,1004,5,L5:mapped:7,276.76599999999996,2.4437
252790::027.swc,797,1004,5,L5:mapped:10,29.145000000000014,1.4792
252790::027.swc,797,1004,5,L5:mapped:12,9.271999999999993,1.0117
252790::027.swc,797,1004,5,L5:mapped:18,80.60500000000029,1.9117
252790::027.swc,797,1004,5,L5:mapped:34,66.76199999999993,1.831
252790::027.swc,797,1004,5,L5:mapped:49,18.10800000000001,1.2812
252790::027.swc,797,1004,5,L5:mapped:55,144.136000000001,2.1618
252790::027.swc,797,1004,5,L5:mapped:60,284.5179999999983,2.4556
252790::027.swc,797,1004,5,L5:mapped:63,34.28099999999996,1.5475
252790::027.swc,797,1004,5,L5:mapped:81,30.144999999999975,1.4934
252790::027.swc,797,1004,5,L5:mapped:88,272.129,2.4364
252790::027.swc,797,1004,5,L5:mapped:1004,356.5239999999962,2.5533
252790::027.swc,797,1004,6,L6:mapped:4,202.0440000000006,2.3076
252790::027.swc,797,1004,6,L6:mapped:5,8.500999999999992,0.9778
252790::027.swc,797,1004,6,L6:mapped:8,104.4790000000008,2.0232
252790::027.swc,797,1004,6,L6:mapped:9,172.2870000000001,2.2388
252790::027.swc,797,1004,6,L6:mapped:10,29.145000000000014,1.4792
252790::027.swc,797,1004,6,L6:mapped:14,9.271999999999993,1.0117
252790::027.swc,797,1004,6,L6:mapped:20,80.60500000000029,1.9117
252790::027.swc,797,1004,6,L6:mapped:36,66.76199999999993,1.831
252790::027.swc,797,1004,6,L6:mapped:49,18.10800000000001,1.2812
252790::027.swc,797,1004,6,L6:mapped:56,49.23499999999994,1.701
252790::027.swc,797,1004,6,L6:mapped:57,94.90100000000072,1.9818
252790::027.swc,797,1004,6,L6:mapped:61,284.5179999999983,2.4556
252790::027.swc,797,1004,6,L6:mapped:63,34.28099999999996,1.5475
252790::027.swc,797,1004,6,L6:mapped:83,30.144999999999975,1.4934
252790::027.swc,797,1004,6,L6:mapped:88,272.129,2.4364
252790::027.swc,797,1004,6,L6:mapped:1004,356.5239999999962,2.5533
252790::033.swc,797,229,1,L1:mapped:90,388.34199999999703,2.5903
252790::033.swc,797,229,1,L1:mapped:138,1063.7189999999898,3.0272
252790::033.swc,797,229,1,L1:mapped:1001,377.67199999999593,2.5783
252790::033.swc,797,229,2,L2:mapped:91,197.64200000000045,2.2981
252790::033.swc,797,229,2,L2:mapped:112,190.7000000000006,2.2826
252790::033.swc,797,229,2,L2:mapped:224,1061.6439999999902,3.0264
252790::033.swc,797,229,2,L2:mapped:1024,16.157000000000007,1.2344
252790::033.swc,797,229,2,L2:mapped:1050,319.1939999999974,2.5054
252790::033.swc,797,229,3,L3:mapped:92,181.6060000000007,2.2615
252790::033.swc,797,229,3,L3:mapped:95,16.036,1.2314
252790::033.swc,797,229,3,L3:mapped:120,190.7000000000006,2.2826
252790::033.swc,797,229,3,L3:mapped:224,1061.6439999999902,3.0264
252790::033.swc,797,229,3,L3:mapped:1040,16.157000000000007,1.2344
252790::033.swc,797,229,3,L3:mapped:1051,319.1939999999974,2.5054
252790::033.swc,797,229,4,L4:mapped:92,181.6060000000007,2.2615
252790::033.swc,797,229,4,L4:mapped:95,16.036,1.2314
252790::033.swc,797,229,4,L4:mapped:120,190.7000000000006,2.2826
252790::033.swc,797,229,4,L4:mapped:225,1008.8049999999914,3.0042
252790::033.swc,797,229,4,L4:mapped:230,52.83899999999996,1.7311
252790::033.swc,797,229,4,L4:mapped:1046,16.157000000000007,1.2344
252790::033.swc,797,229,4,L4:mapped:1052,319.1939999999974,2.5054
252790::033.swc,797,229,5,L5:mapped:93,156.24100000000092,2.1966
252790::033.swc,797,229,5,L5:mapped:94,25.365000000000002,1.421
252790::033.swc,797,229,5,L5:mapped:95,16.036,1.2314
252790::033.swc,797,229,5,L5:mapped:124,190.7000000000006,2.2826
252790::033.swc,797,229,5,L5:mapped:227,1008.8049999999914,3.0042
252790::033.swc,797,229,5,L5:mapped:230,52.83899999999996,1.7311
252790::033.swc,797,229,5,L5:mapped:1049,16.157000000000007,1.2344
252790::033.swc,797,229,5,L5:mapped:1056,305.71599999999717,2.4867
252790::033.swc,797,229,6,L6:mapped:93,156.24100000000092,2.1966
252790::033.swc,797,229,6,L6:mapped:94,25.365000000000002,1.421
252790::033.swc,797,229,6,L6:mapped:95,16.036,1.2314
252790::033.swc,797,229,6,L6:mapped:124,190.7000000000006,2.2826
252790::033.swc,797,229,6,L6:mapped:228,391.00899999999683,2.5933
252790::033.swc,797,229,6,L6:mapped:229,617.7959999999988,2.7915
252790::033.swc,797,229,6,L6:mapped:230,52.83899999999996,1.7311
252790::033.swc,797,229,6,L6:mapped:1049,16.157000000000007,1.2344
252790::033.swc,797,229,6,L6:mapped:1056,305.71599999999717,2.4867
252790::034.swc,797,229,1,L1:mapped:90,508.4929999999954,2.7071
252790::034.swc,797,229,1,L1:mapped:138,909.5589999999844,2.9593
252790::034.swc,797,229,1,L1:mapped:1001,1156.9809999999834,3.0637
252790::034.swc,797,229,2,L2:mapped:112,508.4929999999954,2.7071
252790::034.swc,797,229,2,L2:mapped:204,50.68899999999992,1.7134
252790::034.swc,797,229,2,L2:mapped:224,858.8699999999847,2.9344
252790::034.swc,797,229,2,L2:mapped:1002,57.71199999999989,1.7687
252790::034.swc,797,229,2,L2:mapped:1050,1099.2689999999832,3.0415
252790::034.swc,797,229,3,L3:mapped:120,508.4929999999954,2.7071
252790::034.swc,797,229,3,L3:mapped:205,50.68899999999992,1.7134
252790::034.swc,797,229,3,L3:mapped:224,858.8699999999847,2.9344
252790::034.swc,797,229,3,L3:mapped:1003,57.71199999999989,1.7687
252790::034.swc,797,229,3,L3:mapped:1051,1099.2689999999832,3.0415
252790::034.swc,797,229,4,L4:mapped:120,508.4929999999954,2.7071
252790::034.swc,797,229,4,L4:mapped:206,3.553,0.6583
252790::034.swc,797,229,4,L4:mapped:213,47.13599999999991,1.6825
252790::034.swc,797,229,4,L4:mapped:225,836.6559999999853,2.9231
252790::034.swc,797,229,4,L4:mapped:230,22.21399999999997,1.3657
252790::034.swc,797,229,4,L4:mapped:1004,57.71199999999989,1.7687
252790::034.swc,797,229,4,L4:mapped:1052,1099.2689999999832,3.0415
252790::034.swc,797,229,5,L5:mapped:124,508.4929999999954,2.7071
252790::034.swc,797,229,5,L5:mapped:207,3.553,0.6583
252790::034.swc,797,229,5,L5:mapped:214,47.13599999999991,1.6825
252790::034.swc,797,229,5,L5:mapped:227,836.6559999999853,2.9231
252790::034.swc,797,229,5,L5:mapped:230,22.21399999999997,1.3657
252790::034.swc,797,229,5,L5:mapped:1004,57.71199999999989,1.7687
252790::034.swc,797,229,5,L5:mapped:1056,1099.2689999999832,3.0415
252790::034.swc,797,229,6,L6:mapped:124,508.4929999999954,2.7071
252790::034.swc,797,229,6,L6:mapped:208,3.553,0.6583
252790::034.swc,797,229,6,L6:mapped:214,47.13599999999991,1.6825
252790::034.swc,797,229,6,L6:mapped:228,55.18600000000001,1.7496
252790::034.swc,797,229,6,L6:mapped:229,781.4699999999841,2.8935
252790::034.swc,797,229,6,L6:mapped:230,22.21399999999997,1.3657
252790::034.swc,797,229,6,L6:mapped:1004,57.71199999999989,1.7687
252790::034.swc,797,229,6,L6:mapped:1056,1099.2689999999832,3.0415
252790::048.swc,797,542,1,L1:mapped:501,1039.4169999999883,3.0172
252790::048.swc,797,542,1,L1:mapped:638,913.3439999999822,2.9611
252790::048.swc,797,542,1,L1:mapped:1501,1234.4479999999724,3.0918
252790::048.swc,797,542,2,L2:mapped:516,1039.4169999999883,3.0172
252790::048.swc,797,542,2,L2:mapped:639,47.78899999999993,1.6883
252790::048.swc,797,542,2,L2:mapped:665,393.87299999999436,2.5965
252790::048.swc,797,542,2,L2:mapped:724,471.6819999999927,2.6746
252790::048.swc,797,542,2,L2:mapped:1502,101.92000000000064,2.0125
252790::048.swc,797,542,2,L2:mapped:1524,388.59199999999737,2.5906
252790::048.swc,797,542,2,L2:mapped:1550,742.2419999999942,2.8711
252790::048.swc,797,542,3,L3:mapped:525,454.10599999999795,2.6581
252790::048.swc,797,542,3,L3:mapped:537,585.3109999999882,2.7681
252790::048.swc,797,542,3,L3:mapped:653,47.78899999999993,1.6883
252790::048.swc,797,542,3,L3:mapped:665,393.87299999999436,2.5965
252790::048.swc,797,542,3,L3:mapped:724,471.6819999999927,2.6746
252790::048.swc,797,542,3,L3:mapped:1503,34.23699999999994,1.547
252790::048.swc,797,542,3,L3:mapped:1505,67.68299999999996,1.8368
252790::048.swc,797,542,3,L3:mapped:1525,170.3850000000006,2.234
252790::048.swc,797,542,3,L3:mapped:1540,218.20699999999997,2.3409
252790::048.swc,797,542,3,L3:mapped:1551,740.0759999999947,2.8699
252790::048.swc,797,542,3,L3:mapped:1562,2.1659999999999995,0.5005
252790::048.swc,797,542,4,L4:mapped:526,454.10599999999795,2.6581
252790::048.swc,797,542,4,L4:mapped:538,517.7049999999917,2.7149
252790::048.swc,797,542,4,L4:mapped:547,67.60600000000007,1.8364
252790::048.swc,797,542,4,L4:mapped:654,41.05399999999991,1.6238
252790::048.swc,797,542,4,L4:mapped:660,6.735000000000005,0.8885
252790::048.swc,797,542,4,L4:mapped:666,109.28100000000124,2.0425
252790::048.swc,797,542,4,L4:mapped:667,284.59199999999663,2.4557
252790::048.swc,797,542,4,L4:mapped:725,471.6819999999927,2.6746
252790::048.swc,797,542,4,L4:mapped:1504,34.23699999999994,1.547
252790::048.swc,797,542,4,L4:mapped:1506,43.174999999999926,1.6452
252790::048.swc,797,542,4,L4:mapped:1509,24.507999999999992,1.4067
252790::048.swc,797,542,4,L4:mapped:1530,164.32400000000092,2.2183
252790::048.swc,797,542,4,L4:mapped:1541,139.5550000000008,2.1478
252790::048.swc,797,542,4,L4:mapped:1543,24.963999999999995,1.4144
252790::048.swc,797,542,4,L4:mapped:1546,53.687999999999796,1.7379
252790::048.swc,797,542,4,L4:mapped:1552,706.9749999999949,2.85
252790::048.swc,797,542,4,L4:mapped:1559,33.10099999999996,1.5328
252790::048.swc,797,542,4,L4:mapped:1562,2.1659999999999995,0.5005
252790::048.swc,797,542,5,L5:mapped:530,454.10599999999795,2.6581
252790::048.swc,797,542,5,L5:mapped:539,82.90000000000036,1.9238
252790::048.swc,797,542,5,L5:mapped:540,434.8049999999931,2.6393
252790::048.swc,797,542,5,L5:mapped:548,67.60600000000007,1.8364
252790::048.swc,797,542,5,L5:mapped:659,41.05399999999991,1.6238
252790::048.swc,797,542,5,L5:mapped:661,5.667000000000002,0.8239
252790::048.swc,797,542,5,L5:mapped:666,109.28100000000124,2.0425
252790::048.swc,797,542,5,L5:mapped:668,269.56899999999706,2.4323
252790::048.swc,797,542,5,L5:mapped:671,15.022999999999989,1.2047
252790::048.swc,797,542,5,L5:mapped:727,471.6819999999927,2.6746
252790::048.swc,797,542,5,L5:mapped:1504,34.23699999999994,1.547
252790::048.swc,797,542,5,L5:mapped:1508,39.994999999999955,1.6127
252790::048.swc,797,542,5,L5:mapped:1509,24.507999999999992,1.4067
252790::048.swc,797,542,5,L5:mapped:1531,9.531999999999998,1.0225
252790::048.swc,797,542,5,L5:mapped:1535,154.79200000000097,2.1925
252790::048.swc,797,542,5,L5:mapped:1542,139.5550000000008,2.1478
252790::048.swc,797,542,5,L5:mapped:1544,9.620000000000001,1.0261
252790::048.swc,797,542,5,L5:mapped:1545,15.343999999999994,1.2134
252790::048.swc,797,542,5,L5:mapped:1548,8.361000000000002,0.9713
252790::048.swc,797,542,5,L5:mapped:1549,45.326999999999835,1.6658
252790::048.swc,797,542,5,L5:mapped:1553,66.63099999999979,1.8301
252790::048.swc,797,542,5,L5:mapped:1556,558.4719999999932,2.7478
252790::048.swc,797,542,5,L5:mapped:1557,81.87200000000057,1.9184
252790::048.swc,797,542,5,L5:mapped:1560,33.10099999999996,1.5328
252790::048.swc,797,542,5,L5:mapped:1567,2.1659999999999995,0.5005
252790::048.swc,797,542,6,L6:mapped:532,451.304999999998,2.6554
252790::048.swc,797,542,6,L6:mapped:533,2.8009999999999997,0.5799
252790::048.swc,797,542,6,L6:mapped:539,82.90000000000036,1.9238
252790::048.swc,797,542,6,L6:mapped:541,94.4360000000006,1.9797
252790::048.swc,797,542,6,L6:mapped:542,340.368999999995,2.5332
252790::048.swc,797,542,6,L6:mapped:548,67.60600000000007,1.8364
252790::048.swc,797,542,6,L6:mapped:659,41.05399999999991,1.6238
252790::048.swc,797,542,6,L6:mapped:661,5.667000000000002,0.8239
252790::048.swc,797,542,6,L6:mapped:666,109.28100000000124,2.0425
252790::048.swc,797,542,6,L6:mapped:670,269.56899999999706,2.4323
252790::048.swc,797,542,6,L6:mapped:673,15.022999999999989,1.2047
252790::048.swc,797,542,6,L6:mapped:728,471.6819999999927,2.6746
252790::048.swc,797,542,6,L6:mapped:1504,34.23699999999994,1.547
252790::048.swc,797,542,6,L6:mapped:1508,39.994999999999955,1.6127
252790::048.swc,797,542,6,L6:mapped:1509,24.507999999999992,1.4067
252790::048.swc,797,542,6,L6:mapped:1532,9.531999999999998,1.0225
252790::048.swc,797,542,6,L6:mapped:1536,152.82400000000106,2.187
252790::048.swc,797,542,6,L6:mapped:1542,139.5550000000008,2.1478
252790::048.swc,797,542,6,L6:mapped:1544,9.620000000000001,1.0261
252790::048.swc,797,542,6,L6:mapped:1545,15.343999999999994,1.2134
252790::048.swc,797,542,6,L6:mapped:1548,8.361000000000002,0.9713
252790::048.swc,797,542,6,L6:mapped:1549,45.326999999999835,1.6658
252790::048.swc,797,542,6,L6:mapped:1555,66.63099999999979,1.8301
252790::048.swc,797,542,6,L6:mapped:1556,558.4719999999932,2.7478
252790::048.swc,797,542,6,L6:mapped:1557,81.87200000000057,1.9184
252790::048.swc,797,542,6,L6:mapped:1560,33.10099999999996,1.5328
252790::048.swc,797,542,6,L6:mapped:1567,2.1659999999999995,0.5005
252790::049.swc,797,542,1,L1:mapped:501,800.7549999999866,2.904
252790::049.swc,797,542,1,L1:mapped:590,14.181999999999992,1.1813
252790::049.swc,797,542,1,L1:mapped:638,545.0249999999866,2.7372
252790::049.swc,797,542,2,L2:mapped:516,800.7549999999866,2.904
252790::049.swc,797,542,2,L2:mapped:591,14.181999999999992,1.1813
252790::049.swc,797,542,2,L2:mapped:639,26.715999999999983,1.4427
252790::049.swc,797,542,2,L2:mapped:665,98.57000000000144,1.9981
252790::049.swc,797,542,2,L2:mapped:724,419.7389999999915,2.624
252790::049.swc,797,542,3,L3:mapped:525,1.6440000000000001,0.4223
252790::049.swc,797,542,3,L3:mapped:537,799.1109999999863,2.9032
252790::049.swc,797,542,3,L3:mapped:595,14.181999999999992,1.1813
252790::049.swc,797,542,3,L3:mapped:653,26.715999999999983,1.4427
252790::049.swc,797,542,3,L3:mapped:665,98.57000000000144,1.9981
252790::049.swc,797,542,3,L3:mapped:724,419.7389999999915,2.624
252790::049.swc,797,542,4,L4:mapped:534,1.6440000000000001,0.4223
252790::049.swc,797,542,4,L4:mapped:538,513.5569999999926,2.7114
252790::049.swc,797,542,4,L4:mapped:547,285.5539999999981,2.4572
252790::049.swc,797,542,4,L4:mapped:595,14.181999999999992,1.1813
252790::049.swc,797,542,4,L4:mapped:654,12.167999999999994,1.1195
252790::049.swc,797,542,4,L4:mapped:667,77.52400000000047,1.895
252790::049.swc,797,542,4,L4:mapped:725,419.7389999999915,2.624
252790::049.swc,797,542,5,L5:mapped:534,1.6440000000000001,0.4223
252790::049.swc,797,542,5,L5:mapped:540,513.5569999999926,2.7114
252790::049.swc,797,542,5,L5:mapped:548,7.805999999999997,0.9448
252790::049.swc,797,542,5,L5:mapped:549,277.7479999999983,2.4452
252790::049.swc,797,542,5,L5:mapped:595,14.181999999999992,1.1813
252790::049.swc,797,542,5,L5:mapped:659,12.167999999999994,1.1195
252790::049.swc,797,542,5,L5:mapped:668,77.52400000000047,1.895
252790::049.swc,797,542,5,L5:mapped:727,404.6409999999916,2.6081
252790::049.swc,797,542,6,L6:mapped:536,1.6440000000000001,0.4223
252790::049.swc,797,542,6,L6:mapped:541,11.206999999999992,1.0866
252790::049.swc,797,542,6,L6:mapped:542,477.6389999999937,2.68
252790::049.swc,797,542,6,L6:mapped:543,24.710999999999984,1.4101
252790::049.swc,797,542,6,L6:mapped:548,7.805999999999997,0.9448
252790::049.swc,797,542,6,L6:mapped:549,277.7479999999983,2.4452
252790::049.swc,797,542,6,L6:mapped:595,14.181999999999992,1.1813
252790::049.swc,797,542,6,L6:mapped:659,12.167999999999994,1.1195
252790::049.swc,797,542,6,L6:mapped:670,70.2020000000003,1.8525
252790::049.swc,797,542,6,L6:mapped:728,404.6409999999916,2.6081
252790::050.swc,797,542,1,L1:mapped:501,263.77399999999636,2.4229
252790::050.swc,797,542,1,L1:mapped:1082,472.83699999999254,2.6756
252790::050.swc,797,542,1,L1:mapped:1582,886.2419999999814,2.948
252790::050.swc,797,542,2,L2:mapped:516,263.77399999999636,2.4229
252790::050.swc,797,542,2,L2:mapped:1113,472.83699999999254,2.6756
252790::050.swc,797,542,2,L2:mapped:1613,886.2419999999814,2.948
252790::050.swc,797,542,3,L3:mapped:537,263.77399999999636,2.4229
252790::050.swc,797,542,3,L3:mapped:1115,46.15099999999999,1.6735
252790::050.swc,797,542,3,L3:mapped:1127,426.68599999999367,2.6311
252790::050.swc,797,542,3,L3:mapped:1615,131.3780000000019,2.1218
252790::050.swc,797,542,3,L3:mapped:1627,734.6619999999873,2.8667
252790::050.swc,797,542,4,L4:mapped:538,263.77399999999636,2.4229
252790::050.swc,797,542,4,L4:mapped:1126,46.15099999999999,1.6735
252790::050.swc,797,542,4,L4:mapped:1127,426.68599999999367,2.6311
252790::050.swc,797,542,4,L4:mapped:1619,16.012,1.2308
252790::050.swc,797,542,4,L4:mapped:1626,115.36600000000168,2.0658
252790::050.swc,797,542,4,L4:mapped:1627,734.6619999999873,2.8667
252790::050.swc,797,542,5,L5:mapped:540,263.77399999999636,2.4229
252790::050.swc,797,542,5,L5:mapped:1126,46.15099999999999,1.6735
252790::050.swc,797,542,5,L5:mapped:1128,303.13299999999805,2.4831
252790::050.swc,797,542,5,L5:mapped:1129,63.94699999999991,1.8126
252790::050.swc,797,542,5,L5:mapped:1133,59.60599999999988,1.7825
252790::050.swc,797,542,5,L5:mapped:1620,7.220999999999999,0.9149
252790::050.swc,797,542,5,L5:mapped:1621,8.791,0.9908
252790::050.swc,797,542,5,L5:mapped:1626,115.36600000000168,2.0658
252790::050.swc,797,542,5,L5:mapped:1628,663.0109999999928,2.8222
252790::050.swc,797,542,5,L5:mapped:1629,8.162000000000003,0.962
252790::050.swc,797,542,5,L5:mapped:1633,63.48900000000003,1.8095
252790::050.swc,797,542,6,L6:mapped:541,14.813999999999995,1.199
252790::050.swc,797,542,6,L6:mapped:542,248.9599999999964,2.3979
252790::050.swc,797,542,6,L6:mapped:1126,46.15099999999999,1.6735
252790::050.swc,797,542,6,L6:mapped:1128,303.13299999999805,2.4831
252790::050.swc,797,542,6,L6:mapped:1129,63.94699999999991,1.8126
252790::050.swc,797,542,6,L6:mapped:1133,59.60599999999988,1.7825
252790::050.swc,797,542,6,L6:mapped:1620,7.220999999999999,0.9149
252790::050.swc,797,542,6,L6:mapped:1621,8.791,0.9908
252790::050.swc,797,542,6,L6:mapped:1626,115.36600000000168,2.0658
252790::050.swc,797,542,6,L6:mapped:1628,663.0109999999928,2.8222
252790::050.swc,797,542,6,L6:mapped:1629,8.162000000000003,0.962
252790::050.swc,797,542,6,L6:mapped:1633,63.48900000000003,1.8095
252790::051.swc,797,542,1,L1:mapped:501,575.9499999999936,2.7611
252790::051.swc,797,542,1,L1:mapped:638,376.71299999999405,2.5772
252790::051.swc,797,542,1,L1:mapped:1501,682.8089999999887,2.8349
252790::051.swc,797,542,2,L2:mapped:516,575.9499999999936,2.7611
252790::051.swc,797,542,2,L2:mapped:639,65.82800000000012,1.825
252790::051.swc,797,542,2,L2:mapped:665,194.5939999999991,2.2914
252790::051.swc,797,542,2,L2:mapped:724,116.2910000000014,2.0693
252790::051.swc,797,542,2,L2:mapped:1510,8.50799999999999,0.9781
252790::051.swc,797,542,2,L2:mapped:1524,636.0899999999905,2.8042
252790::051.swc,797,542,2,L2:mapped:1550,20.744000000000003,1.3373
252790::051.swc,797,542,3,L3:mapped:537,575.9499999999936,2.7611
252790::051.swc,797,542,3,L3:mapped:653,65.82800000000012,1.825
252790::051.swc,797,542,3,L3:mapped:665,194.5939999999991,2.2914
252790::051.swc,797,542,3,L3:mapped:724,116.2910000000014,2.0693
252790::051.swc,797,542,3,L3:mapped:1511,8.50799999999999,0.9781
252790::051.swc,797,542,3,L3:mapped:1525,636.0899999999905,2.8042
252790::051.swc,797,542,3,L3:mapped:1551,17.254999999999992,1.2614
252790::051.swc,797,542,4,L4:mapped:538,378.91599999999573,2.5797
252790::051.swc,797,542,4,L4:mapped:547,197.03399999999934,2.2967
252790::051.swc,797,542,4,L4:mapped:654,16.886000000000006,1.2525
252790::051.swc,797,542,4,L4:mapped:660,48.941999999999965,1.6985
252790::051.swc,797,542,4,L4:mapped:666,43.27699999999997,1.6462
252790::051.swc,797,542,4,L4:mapped:667,151.31700000000131,2.1827
252790::051.swc,797,542,4,L4:mapped:725,116.2910000000014,2.0693
252790::051.swc,797,542,4,L4:mapped:1512,8.50799999999999,0.9781
252790::051.swc,797,542,4,L4:mapped:1526,92.38100000000061,1.9703
252790::051.swc,797,542,4,L4:mapped:1530,543.7089999999918,2.7362
252790::051.swc,797,542,4,L4:mapped:1552,17.254999999999992,1.2614
252790::051.swc,797,542,5,L5:mapped:540,378.91599999999573,2.5797
252790::051.swc,797,542,5,L5:mapped:548,36.13499999999997,1.5698
252790::051.swc,797,542,5,L5:mapped:549,160.89900000000003,2.2092
252790::051.swc,797,542,5,L5:mapped:659,16.886000000000006,1.2525
252790::051.swc,797,542,5,L5:mapped:661,39.99900000000002,1.6128
252790::051.swc,797,542,5,L5:mapped:666,43.27699999999997,1.6462
252790::051.swc,797,542,5,L5:mapped:668,115.85500000000174,2.0676
252790::051.swc,797,542,5,L5:mapped:671,35.461999999999954,1.5618
252790::051.swc,797,542,5,L5:mapped:727,102.9670000000009,2.0169
252790::051.swc,797,542,5,L5:mapped:1513,8.50799999999999,0.9781
252790::051.swc,797,542,5,L5:mapped:1527,87.42200000000045,1.9466
252790::051.swc,797,542,5,L5:mapped:1528,3.9879999999999987,0.6979
252790::051.swc,797,542,5,L5:mapped:1529,0.9710000000000004,0.2947
252790::051.swc,797,542,5,L5:mapped:1531,135.96300000000178,2.1366
252790::051.swc,797,542,5,L5:mapped:1534,146.58200000000144,2.169
252790::051.swc,797,542,5,L5:mapped:1535,188.82399999999996,2.2784
252790::051.swc,797,542,5,L5:mapped:1539,72.34000000000042,1.8653
252790::051.swc,797,542,5,L5:mapped:1557,16.947999999999993,1.254
252790::051.swc,797,542,6,L6:mapped:541,17.506999999999994,1.2673
252790::051.swc,797,542,6,L6:mapped:542,341.4379999999967,2.5346
252790::051.swc,797,542,6,L6:mapped:543,19.971000000000007,1.3216
252790::051.swc,797,542,6,L6:mapped:548,36.13499999999997,1.5698
252790::051.swc,797,542,6,L6:mapped:549,160.89900000000003,2.2092
252790::051.swc,797,542,6,L6:mapped:659,16.886000000000006,1.2525
252790::051.swc,797,542,6,L6:mapped:661,39.99900000000002,1.6128
252790::051.swc,797,542,6,L6:mapped:666,43.27699999999997,1.6462
252790::051.swc,797,542,6,L6:mapped:670,95.64600000000101,1.9852
252790::051.swc,797,542,6,L6:mapped:673,7.57099999999999,0.933
252790::051.swc,797,542,6,L6:mapped:674,27.890999999999924,1.4608
252790::051.swc,797,542,6,L6:mapped:728,102.9670000000009,2.0169
252790::051.swc,797,542,6,L6:mapped:1515,8.50799999999999,0.9781
252790::051.swc,797,542,6,L6:mapped:1527,87.42200000000045,1.9466
252790::051.swc,797,542,6,L6:mapped:1528,3.9879999999999987,0.6979
252790::051.swc,797,542,6,L6:mapped:1529,0.9710000000000004,0.2947
252790::051.swc,797,542,6,L6:mapped:1532,97.13700000000132,1.9918
252790::051.swc,797,542,6,L6:mapped:1533,38.825999999999965,1.6002
252790::051.swc,797,542,6,L6:mapped:1534,146.58200000000144,2.169
252790::051.swc,797,542,6,L6:mapped:1537,11.844000000000005,1.1087
252790::051.swc,797,542,6,L6:mapped:1538,168.66600000000054,2.2296
252790::051.swc,797,542,6,L6:mapped:1539,72.34000000000042,1.8653
252790::051.swc,797,542,6,L6:mapped:1557,16.947999999999993,1.254
252790::052.swc,797,542,1,L1:mapped:501,1274.001999999971,3.1055
252790::052.swc,797,542,1,L1:mapped:638,1129.1599999999848,3.0531
252790::052.swc,797,542,2,L2:mapped:516,1274.001999999971,3.1055
252790::052.swc,797,542,2,L2:mapped:724,1129.0879999999847,3.0531
252790::052.swc,797,542,3,L3:mapped:537,1274.001999999971,3.1055
252790::052.swc,797,542,3,L3:mapped:724,1129.0879999999847,3.0531
252790::052.swc,797,542,4,L4:mapped:538,1096.808999999981,3.0405
252790::052.swc,797,542,4,L4:mapped:547,177.1930000000003,2.2509
252790::052.swc,797,542,4,L4:mapped:725,1129.0879999999847,3.0531
252790::052.swc,797,542,5,L5:mapped:540,1096.808999999981,3.0405
252790::052.swc,797,542,5,L5:mapped:549,177.1930000000003,2.2509
252790::052.swc,797,542,5,L5:mapped:726,7.045999999999997,0.9056
252790::052.swc,797,542,5,L5:mapped:727,1122.0419999999854,3.0504
252790::052.swc,797,542,6,L6:mapped:541,12.389000000000001,1.1267
252790::052.swc,797,542,6,L6:mapped:542,749.661999999981,2.8754
252790::052.swc,797,542,6,L6:mapped:543,334.7579999999992,2.526
252790::052.swc,797,542,6,L6:mapped:549,177.1930000000003,2.2509
252790::052.swc,797,542,6,L6:mapped:726,7.045999999999997,0.9056
252790::052.swc,797,542,6,L6:mapped:728,1122.0419999999854,3.0504
252790::053.swc,797,542,1,L1:mapped:501,128.29400000000157,2.1116
252790::053.swc,797,542,1,L1:mapped:1501,40.30599999999993,1.616
252790::053.swc,797,542,2,L2:mapped:516,128.29400000000157,2.1116
252790::053.swc,797,542,2,L2:mapped:1569,6.302999999999996,0.8635
252790::053.swc,797,542,3,L3:mapped:537,128.29400000000157,2.1116
252790::053.swc,797,542,3,L3:mapped:1569,6.302999999999996,0.8635
252790::053.swc,797,542,4,L4:mapped:538,128.29400000000157,2.1116
252790::053.swc,797,542,4,L4:mapped:1570,6.302999999999996,0.8635
252790::053.swc,797,542,5,L5:mapped:540,128.29400000000157,2.1116
252790::053.swc,797,542,5,L5:mapped:1570,6.302999999999996,0.8635
252790::053.swc,797,542,6,L6:mapped:541,3.1189999999999993,0.6148
252790::053.swc,797,542,6,L6:mapped:542,125.17500000000149,2.101
252790::053.swc,797,542,6,L6:mapped:1571,6.302999999999996,0.8635
252790::054.swc,797,542,1,L1:mapped:501,640.4089999999923,2.8071
252790::054.swc,797,542,1,L1:mapped:638,206.10800000000037,2.3162
252790::054.swc,797,542,1,L1:mapped:1501,185.42599999999993,2.2705
252790::054.swc,797,542,2,L2:mapped:516,579.0659999999925,2.7635
252790::054.swc,797,542,2,L2:mapped:577,61.34300000000001,1.7948
252790::054.swc,797,542,2,L2:mapped:724,206.10800000000037,2.3162
252790::054.swc,797,542,2,L2:mapped:1524,3.8979999999999984,0.69
252790::054.swc,797,542,2,L2:mapped:1550,174.3970000000002,2.244
252790::054.swc,797,542,3,L3:mapped:537,579.0659999999925,2.7635
252790::054.swc,797,542,3,L3:mapped:578,61.34300000000001,1.7948
252790::054.swc,797,542,3,L3:mapped:724,206.10800000000037,2.3162
252790::054.swc,797,542,3,L3:mapped:1540,3.8979999999999984,0.69
252790::054.swc,797,542,3,L3:mapped:1551,173.90100000000024,2.2428
252790::054.swc,797,542,3,L3:mapped:1562,0.4959999999999999,0.1749
252790::054.swc,797,542,4,L4:mapped:538,540.4929999999933,2.7336
252790::054.swc,797,542,4,L4:mapped:547,38.57300000000005,1.5974
252790::054.swc,797,542,4,L4:mapped:580,61.34300000000001,1.7948
252790::054.swc,797,542,4,L4:mapped:725,206.10800000000037,2.3162
252790::054.swc,797,542,4,L4:mapped:1546,3.8979999999999984,0.69
252790::054.swc,797,542,4,L4:mapped:1552,149.37300000000118,2.1772
252790::054.swc,797,542,4,L4:mapped:1559,24.527999999999935,1.407
252790::054.swc,797,542,4,L4:mapped:1562,0.4959999999999999,0.1749
252790::054.swc,797,542,5,L5:mapped:540,540.4929999999933,2.7336
252790::054.swc,797,542,5,L5:mapped:548,38.57300000000005,1.5974
252790::054.swc,797,542,5,L5:mapped:584,61.34300000000001,1.7948
252790::054.swc,797,542,5,L5:mapped:726,0.491,0.1735
252790::054.swc,797,542,5,L5:mapped:727,205.61700000000036,2.3152
252790::054.swc,797,542,5,L5:mapped:1548,3.8979999999999984,0.69
252790::054.swc,797,542,5,L5:mapped:1556,149.37300000000118,2.1772
252790::054.swc,797,542,5,L5:mapped:1560,24.527999999999935,1.407
252790::054.swc,797,542,5,L5:mapped:1567,0.4959999999999999,0.1749
252790::054.swc,797,542,6,L6:mapped:542,407.44999999999453,2.6111
252790::054.swc,797,542,6,L6:mapped:543,130.37700000000152,2.1185
252790::054.swc,797,542,6,L6:mapped:548,38.57300000000005,1.5974
252790::054.swc,797,542,6,L6:mapped:586,61.34300000000001,1.7948
252790::054.swc,797,542,6,L6:mapped:726,0.491,0.1735
252790::054.swc,797,542,6,L6:mapped:728,205.61700000000036,2.3152
252790::054.swc,797,542,6,L6:mapped:1548,3.8979999999999984,0.69
252790::054.swc,797,542,6,L6:mapped:1556,149.37300000000118,2.1772
252790::054.swc,797,542,6,L6:mapped:1560,24.527999999999935,1.407
252790::054.swc,797,542,6,L6:mapped:1567,0.4959999999999999,0.1749
252790::055.swc,797,542,1,L1:mapped:501,666.4789999999841,2.8244
252790::055.swc,797,542,1,L1:mapped:638,90.45000000000053,1.9612
252790::055.swc,797,542,2,L2:mapped:516,666.4789999999841,2.8244
252790::055.swc,797,542,2,L2:mapped:724,90.45000000000053,1.9612
252790::055.swc,797,542,3,L3:mapped:537,666.4789999999841,2.8244
252790::055.swc,797,542,3,L3:mapped:724,90.45000000000053,1.9612
252790::055.swc,797,542,4,L4:mapped:538,644.4069999999854,2.8098
252790::055.swc,797,542,4,L4:mapped:547,22.07200000000002,1.3631
252790::055.swc,797,542,4,L4:mapped:725,90.45000000000053,1.9612
252790::055.swc,797,542,5,L5:mapped:540,644.4069999999854,2.8098
252790::055.swc,797,542,5,L5:mapped:549,22.07200000000002,1.3631
252790::055.swc,797,542,5,L5:mapped:727,89.85200000000052,1.9583
252790::055.swc,797,542,6,L6:mapped:541,14.274999999999991,1.184
252790::055.swc,797,542,6,L6:mapped:542,578.3189999999897,2.7629
252790::055.swc,797,542,6,L6:mapped:543,51.81300000000002,1.7227
252790::055.swc,797,542,6,L6:mapped:549,22.07200000000002,1.3631
252790::055.swc,797,542,6,L6:mapped:728,89.85200000000052,1.9583
252790::056.swc,797,542,1,L1:mapped:501,1745.8969999999613,3.2423
252790::056.swc,797,542,1,L1:mapped:638,285.6339999999988,2.4573
252790::056.swc,797,542,1,L1:mapped:1501,277.2849999999979,2.4445
252790::056.swc,797,542,2,L2:mapped:516,1745.8969999999613,3.2423
252790::056.swc,797,542,2,L2:mapped:724,285.6339999999988,2.4573
252790::056.swc,797,542,2,L2:mapped:1502,5.849999999999997,0.8357
252790::056.swc,797,542,2,L2:mapped:1550,271.43499999999835,2.4353
252790::056.swc,797,542,3,L3:mapped:525,187.7700000000001,2.2759
252790::056.swc,797,542,3,L3:mapped:537,1558.126999999974,3.1929
252790::056.swc,797,542,3,L3:mapped:724,285.6339999999988,2.4573
252790::056.swc,797,542,3,L3:mapped:1505,1.363,0.3735
252790::056.swc,797,542,3,L3:mapped:1551,271.43499999999835,2.4353
252790::056.swc,797,542,4,L4:mapped:526,179.31000000000026,2.256
252790::056.swc,797,542,4,L4:mapped:534,8.459999999999997,0.9759
252790::056.swc,797,542,4,L4:mapped:538,851.4619999999801,2.9307
252790::056.swc,797,542,4,L4:key_level_conflict:545,28.891999999999967,1.4756
252790::056.swc,797,542,4,L4:mapped:547,677.7729999999943,2.8317
252790::056.swc,797,542,4,L4:mapped:725,285.6339999999988,2.4573
252790::056.swc,797,542,4,L4:mapped:1509,1.363,0.3735
252790::056.swc,797,542,4,L4:mapped:1552,271.43499999999835,2.4353
252790::056.swc,797,542,5,L5:mapped:530,179.31000000000026,2.256
252790::056.swc,797,542,5,L5:mapped:534,8.459999999999997,0.9759
252790::056.swc,797,542,5,L5:mapped:539,119.43500000000132,2.0808
252790::056.swc,797,542,5,L5:mapped:540,732.0269999999849,2.8651
252790::056.swc,797,542,5,L5:key_level_conflict:545,28.891999999999967,1.4756
252790::056.swc,797,542,5,L5:mapped:549,677.7729999999943,2.8317
252790::056.swc,797,542,5,L5:mapped:727,285.6339999999988,2.4573
252790::056.swc,797,542,5,L5:mapped:1509,1.363,0.3735
252790::056.swc,797,542,5,L5:mapped:1556,270.8879999999984,2.4344
252790::056.swc,797,542,5,L5:mapped:1558,0.5469999999999999,0.1895
252790::056.swc,797,542,6,L6:mapped:532,179.31000000000026,2.256
252790::056.swc,797,542,6,L6:mapped:536,8.459999999999997,0.9759
252790::056.swc,797,542,6,L6:mapped:539,119.43500000000132,2.0808
252790::056.swc,797,542,6,L6:mapped:541,148.63900000000112,2.175
252790::056.swc,797,542,6,L6:mapped:542,549.2079999999926,2.7405
252790::056.swc,797,542,6,L6:mapped:543,34.18,1.5463
252790::056.swc,797,542,6,L6:mapped:545,28.891999999999967,1.4756
252790::056.swc,797,542,6,L6:mapped:549,677.7729999999943,2.8317
252790::056.swc,797,542,6,L6:mapped:728,285.6339999999988,2.4573
252790::056.swc,797,542,6,L6:mapped:1509,1.363,0.3735
252790::056.swc,797,542,6,L6:mapped:1556,270.8879999999984,2.4344
252790::056.swc,797,542,6,L6:mapped:1558,0.5469999999999999,0.1895
252790::057.swc,797,542,1,L1:mapped:1,53.95199999999999,1.74
252790::057.swc,797,542,1,L1:mapped:138,274.0409999999986,2.4394
252790::057.swc,797,542,1,L1:mapped:501,370.53599999999597,2.57
252790::057.swc,797,542,1,L1:mapped:1501,685.8959999999944,2.8369
252790::057.swc,797,542,2,L2:mapped:16,53.95199999999999,1.74
252790::057.swc,797,542,2,L2:mapped:224,274.0409999999986,2.4394
252790::057.swc,797,542,2,L2:mapped:516,370.53599999999597,2.57
252790::057.swc,797,542,2,L2:mapped:1524,16.362999999999975,1.2396
252790::057.swc,797,542,2,L2:mapped:1550,634.4709999999953,2.8031
252790::057.swc,797,542,3,L3:mapped:37,53.95199999999999,1.74
252790::057.swc,797,542,3,L3:mapped:224,274.0409999999986,2.4394
252790::057.swc,797,542,3,L3:mapped:537,370.53599999999597,2.57
252790::057.swc,797,542,3,L3:mapped:1540,16.362999999999975,1.2396
252790::057.swc,797,542,3,L3:mapped:1551,568.3619999999888,2.7554
252790::057.swc,797,542,3,L3:mapped:1562,66.10899999999995,1.8268
252790::057.swc,797,542,4,L4:mapped:38,49.55299999999995,1.7037
252790::057.swc,797,542,4,L4:mapped:47,4.398999999999997,0.7323
252790::057.swc,797,542,4,L4:mapped:225,274.0409999999986,2.4394
252790::057.swc,797,542,4,L4:mapped:538,243.31299999999905,2.3879
252790::057.swc,797,542,4,L4:mapped:547,127.22300000000165,2.108
252790::057.swc,797,542,4,L4:mapped:1546,16.362999999999975,1.2396
252790::057.swc,797,542,4,L4:mapped:1552,556.4499999999873,2.7462
252790::057.swc,797,542,4,L4:mapped:1559,11.911999999999987,1.111
252790::057.swc,797,542,4,L4:mapped:1562,66.10899999999995,1.8268
252790::057.swc,797,542,5,L5:mapped:40,49.55299999999995,1.7037
252790::057.swc,797,542,5,L5:mapped:49,4.398999999999997,0.7323
252790::057.swc,797,542,5,L5:mapped:226,23.523999999999965,1.3896
252790::057.swc,797,542,5,L5:mapped:227,250.5169999999991,2.4006
252790::057.swc,797,542,5,L5:mapped:540,243.31299999999905,2.3879
252790::057.swc,797,542,5,L5:mapped:549,127.22300000000165,2.108
252790::057.swc,797,542,5,L5:mapped:1548,16.362999999999975,1.2396
252790::057.swc,797,542,5,L5:mapped:1556,556.4499999999873,2.7462
252790::057.swc,797,542,5,L5:mapped:1560,11.911999999999987,1.111
252790::057.swc,797,542,5,L5:mapped:1567,64.63599999999984,1.8171
252790::057.swc,797,542,6,L6:mapped:42,18.59199999999999,1.2921
252790::057.swc,797,542,6,L6:mapped:43,30.960999999999977,1.5046
252790::057.swc,797,542,6,L6:mapped:49,4.398999999999997,0.7323
252790::057.swc,797,542,6,L6:mapped:226,23.523999999999965,1.3896
252790::057.swc,797,542,6,L6:mapped:228,250.5169999999991,2.4006
252790::057.swc,797,542,6,L6:mapped:541,63.76899999999998,1.8114
252790::057.swc,797,542,6,L6:mapped:542,174.13500000000167,2.2434
252790::057.swc,797,542,6,L6:mapped:543,5.408999999999996,0.8068
252790::057.swc,797,542,6,L6:mapped:549,127.22300000000165,2.108
252790::057.swc,797,542,6,L6:mapped:1548,16.362999999999975,1.2396
252790::057.swc,797,542,6,L6:mapped:1556,556.4499999999873,2.7462
252790::057.swc,797,542,6,L6:mapped:1560,11.911999999999987,1.111
252790::057.swc,797,542,6,L6:mapped:1567,64.63599999999984,1.8171
252790::058.swc,797,542,1,L1:mapped:501,256.1449999999989,2.4102
252790::058.swc,797,542,2,L2:mapped:516,256.1449999999989,2.4102
252790::058.swc,797,542,3,L3:mapped:537,256.1449999999989,2.4102
252790::058.swc,797,542,4,L4:mapped:538,256.1449999999989,2.4102
252790::058.swc,797,542,5,L5:mapped:540,256.1449999999989,2.4102
252790::058.swc,797,542,6,L6:mapped:541,33.909999999999954,1.5429
252790::058.swc,797,542,6,L6:mapped:542,222.23499999999993,2.3488
252790::059.swc,797,542,1,L1:mapped:501,493.5639999999915,2.6942
252790::059.swc,797,542,2,L2:mapped:516,493.5639999999915,2.6942
252790::059.swc,797,542,3,L3:mapped:537,493.5639999999915,2.6942
252790::059.swc,797,542,4,L4:mapped:538,493.5639999999915,2.6942
252790::059.swc,797,542,5,L5:mapped:540,493.5639999999915,2.6942
252790::059.swc,797,542,6,L6:mapped:542,493.5639999999915,2.6942
252790::060.swc,797,542,1,L1:mapped:501,594.8289999999889,2.7751
252790::060.swc,797,542,1,L1:mapped:638,54.14499999999993,1.7415
252790::060.swc,797,542,1,L1:mapped:1001,179.89600000000024,2.2574
252790::060.swc,797,542,1,L1:mapped:1501,110.63000000000102,2.0478
252790::060.swc,797,542,2,L2:mapped:516,594.8289999999889,2.7751
252790::060.swc,797,542,2,L2:mapped:724,54.14499999999993,1.7415
252790::060.swc,797,542,2,L2:mapped:1050,170.79900000000063,2.235
252790::060.swc,797,542,2,L2:mapped:1550,75.93600000000008,1.8861
252790::060.swc,797,542,3,L3:mapped:537,594.8289999999889,2.7751
252790::060.swc,797,542,3,L3:mapped:724,54.14499999999993,1.7415
252790::060.swc,797,542,3,L3:mapped:1051,92.47000000000092,1.9707
252790::060.swc,797,542,3,L3:mapped:1062,78.32900000000025,1.8994
252790::060.swc,797,542,3,L3:mapped:1551,43.985999999999905,1.6531
252790::060.swc,797,542,4,L4:mapped:538,405.31699999999455,2.6089
252790::060.swc,797,542,4,L4:mapped:547,189.5120000000004,2.2799
252790::060.swc,797,542,4,L4:mapped:725,54.14499999999993,1.7415
252790::060.swc,797,542,4,L4:mapped:1052,92.47000000000092,1.9707
252790::060.swc,797,542,4,L4:mapped:1062,78.32900000000025,1.8994
252790::060.swc,797,542,4,L4:mapped:1552,43.985999999999905,1.6531
252790::060.swc,797,542,5,L5:mapped:540,405.31699999999455,2.6089
252790::060.swc,797,542,5,L5:mapped:549,189.5120000000004,2.2799
252790::060.swc,797,542,5,L5:mapped:727,54.14499999999993,1.7415
252790::060.swc,797,542,5,L5:mapped:1056,92.47000000000092,1.9707
252790::060.swc,797,542,5,L5:mapped:1063,4.617999999999996,0.7496
252790::060.swc,797,542,5,L5:mapped:1067,73.71100000000018,1.8734
252790::060.swc,797,542,5,L5:mapped:1556,43.985999999999905,1.6531
252790::060.swc,797,542,6,L6:mapped:541,39.99499999999996,1.6127
252790::060.swc,797,542,6,L6:mapped:542,362.2309999999953,2.5602
252790::060.swc,797,542,6,L6:mapped:543,3.0909999999999975,0.6118
252790::060.swc,797,542,6,L6:mapped:549,189.5120000000004,2.2799
252790::060.swc,797,542,6,L6:mapped:728,54.14499999999993,1.7415
252790::060.swc,797,542,6,L6:mapped:1056,92.47000000000092,1.9707
252790::060.swc,797,542,6,L6:mapped:1064,4.617999999999996,0.7496
252790::060.swc,797,542,6,L6:mapped:1067,73.71100000000018,1.8734
252790::060.swc,797,542,6,L6:mapped:1556,43.985999999999905,1.6531
252790::061.swc,797,542,1,L1:mapped:501,1109.8669999999759,3.0457
252790::061.swc,797,542,1,L1:mapped:638,71.79800000000014,1.8621
252790::061.swc,797,542,1,L1:mapped:1501,392.94999999999726,2.5954
252790::061.swc,797,542,2,L2:mapped:516,491.1039999999943,2.6921
252790::061.swc,797,542,2,L2:mapped:577,618.762999999987,2.7922
252790::061.swc,797,542,2,L2:mapped:665,71.79800000000014,1.8621
252790::061.swc,797,542,2,L2:mapped:1524,32.03499999999999,1.519
252790::061.swc,797,542,2,L2:mapped:1550,305.67699999999826,2.4867
252790::061.swc,797,542,3,L3:mapped:525,41.936000000000035,1.6328
252790::061.swc,797,542,3,L3:mapped:537,449.1679999999947,2.6534
252790::061.swc,797,542,3,L3:mapped:578,618.762999999987,2.7922
252790::061.swc,797,542,3,L3:mapped:665,71.79800000000014,1.8621
252790::061.swc,797,542,3,L3:mapped:1525,30.569999999999983,1.4993
252790::061.swc,797,542,3,L3:mapped:1551,302.6069999999981,2.4823
252790::061.swc,797,542,3,L3:mapped:1562,3.069999999999999,0.6096
252790::061.swc,797,542,4,L4:mapped:526,41.936000000000035,1.6328
252790::061.swc,797,542,4,L4:mapped:538,335.1319999999972,2.5265
252790::061.swc,797,542,4,L4:mapped:547,114.03600000000081,2.0608
252790::061.swc,797,542,4,L4:mapped:580,618.762999999987,2.7922
252790::061.swc,797,542,4,L4:mapped:666,32.15700000000001,1.5206
252790::061.swc,797,542,4,L4:mapped:667,39.64099999999994,1.609
252790::061.swc,797,542,4,L4:mapped:1530,30.569999999999983,1.4993
252790::061.swc,797,542,4,L4:mapped:1552,302.6069999999981,2.4823
252790::061.swc,797,542,4,L4:mapped:1562,3.069999999999999,0.6096
252790::061.swc,797,542,5,L5:mapped:530,41.936000000000035,1.6328
252790::061.swc,797,542,5,L5:mapped:540,335.1319999999972,2.5265
252790::061.swc,797,542,5,L5:mapped:548,29.945,1.4906
252790::061.swc,797,542,5,L5:mapped:549,84.09100000000034,1.9299
252790::061.swc,797,542,5,L5:mapped:584,618.762999999987,2.7922
252790::061.swc,797,542,5,L5:mapped:666,32.15700000000001,1.5206
252790::061.swc,797,542,5,L5:mapped:668,12.245999999999993,1.1221
252790::061.swc,797,542,5,L5:mapped:671,27.39499999999997,1.4532
252790::061.swc,797,542,5,L5:mapped:1531,30.569999999999983,1.4993
252790::061.swc,797,542,5,L5:mapped:1556,302.6069999999981,2.4823
252790::061.swc,797,542,5,L5:mapped:1567,3.069999999999999,0.6096
252790::061.swc,797,542,6,L6:mapped:532,25.052999999999997,1.4159
252790::061.swc,797,542,6,L6:mapped:541,62.18899999999991,1.8006
252790::061.swc,797,542,6,L6:mapped:542,271.71599999999796,2.4357
252790::061.swc,797,542,6,L6:mapped:543,1.2269999999999999,0.3477
252790::061.swc,797,542,6,L6:mapped:548,29.945,1.4906
252790::061.swc,797,542,6,L6:mapped:549,84.09100000000034,1.9299
252790::061.swc,797,542,6,L6:mapped:585,39.23899999999993,1.6046
252790::061.swc,797,542,6,L6:mapped:586,579.523999999987,2.7638
252790::061.swc,797,542,6,L6:mapped:666,32.15700000000001,1.5206
252790::061.swc,797,542,6,L6:mapped:670,12.245999999999993,1.1221
252790::061.swc,797,542,6,L6:mapped:674,27.39499999999997,1.4532
252790::061.swc,797,542,6,L6:mapped:1532,13.155999999999986,1.1509
252790::061.swc,797,542,6,L6:mapped:1533,17.413999999999987,1.2651
252790::061.swc,797,542,6,L6:mapped:1556,302.6069999999981,2.4823
252790::061.swc,797,542,6,L6:mapped:1567,3.069999999999999,0.6096
252790::062.swc,797,542,1,L1:mapped:501,600.327999999993,2.7791
252790::062.swc,797,542,1,L1:mapped:590,21.49600000000001,1.3521
252790::062.swc,797,542,1,L1:mapped:638,18.70999999999997,1.2947
252790::062.swc,797,542,1,L1:mapped:1501,230.4899999999989,2.3645
252790::062.swc,797,542,2,L2:mapped:516,317.60499999999746,2.5033
252790::062.swc,797,542,2,L2:mapped:577,282.72299999999666,2.4529
252790::062.swc,797,542,2,L2:mapped:591,21.49600000000001,1.3521
252790::062.swc,797,542,2,L2:mapped:724,18.70999999999997,1.2947
252790::062.swc,797,542,2,L2:mapped:1502,37.166000000000004,1.5817
252790::062.swc,797,542,2,L2:mapped:1550,193.32400000000072,2.2885
252790::062.swc,797,542,3,L3:mapped:537,317.60499999999746,2.5033
252790::062.swc,797,542,3,L3:mapped:578,282.72299999999666,2.4529
252790::062.swc,797,542,3,L3:mapped:595,21.49600000000001,1.3521
252790::062.swc,797,542,3,L3:mapped:724,18.70999999999997,1.2947
252790::062.swc,797,542,3,L3:mapped:1503,37.166000000000004,1.5817
252790::062.swc,797,542,3,L3:mapped:1551,193.32400000000072,2.2885
252790::062.swc,797,542,4,L4:mapped:538,245.01899999999873,2.391
252790::062.swc,797,542,4,L4:mapped:547,72.5860000000001,1.8668
252790::062.swc,797,542,4,L4:mapped:580,282.72299999999666,2.4529
252790::062.swc,797,542,4,L4:mapped:595,21.49600000000001,1.3521
252790::062.swc,797,542,4,L4:mapped:725,18.70999999999997,1.2947
252790::062.swc,797,542,4,L4:mapped:1504,37.166000000000004,1.5817
252790::062.swc,797,542,4,L4:mapped:1552,193.32400000000072,2.2885
252790::062.swc,797,542,5,L5:mapped:540,245.01899999999873,2.391
252790::062.swc,797,542,5,L5:mapped:548,72.5860000000001,1.8668
252790::062.swc,797,542,5,L5:mapped:584,282.72299999999666,2.4529
252790::062.swc,797,542,5,L5:mapped:595,21.49600000000001,1.3521
252790::062.swc,797,542,5,L5:mapped:727,18.70999999999997,1.2947
252790::062.swc,797,542,5,L5:mapped:1504,37.166000000000004,1.5817
252790::062.swc,797,542,5,L5:mapped:1556,193.32400000000072,2.2885
252790::062.swc,797,542,6,L6:mapped:541,8.882999999999997,0.9949
252790::062.swc,797,542,6,L6:mapped:542,190.13500000000022,2.2813
252790::062.swc,797,542,6,L6:mapped:543,46.00099999999999,1.6721
252790::062.swc,797,542,6,L6:mapped:548,72.5860000000001,1.8668
252790::062.swc,797,542,6,L6:mapped:585,23.08100000000001,1.3817
252790::062.swc,797,542,6,L6:mapped:586,259.64199999999744,2.416
252790::062.swc,797,542,6,L6:mapped:595,21.49600000000001,1.3521
252790::062.swc,797,542,6,L6:mapped:728,18.70999999999997,1.2947
252790::062.swc,797,542,6,L6:mapped:1504,37.166000000000004,1.5817
252790::062.swc,797,542,6,L6:mapped:1556,193.32400000000072,2.2885
252790::063.swc,797,541,1,L1:mapped:501,632.2859999999876,2.8016
252790::063.swc,797,541,2,L2:mapped:516,632.2859999999876,2.8016
252790::063.swc,797,541,3,L3:mapped:537,632.2859999999876,2.8016
252790::063.swc,797,541,4,L4:mapped:538,632.0649999999875,2.8014
252790::063.swc,797,541,4,L4:mapped:547,0.221,0.0867
252790::063.swc,797,541,5,L5:mapped:540,632.0649999999875,2.8014
252790::063.swc,797,541,5,L5:mapped:549,0.221,0.0867
252790::063.swc,797,541,6,L6:mapped:541,200.68699999999927,2.3047
252790::063.swc,797,541,6,L6:mapped:542,431.3779999999952,2.6359
252790::063.swc,797,541,6,L6:mapped:549,0.221,0.0867
252790::064.swc,797,542,1,L1:mapped:501,849.2989999999807,2.9296
252790::064.swc,797,542,1,L1:mapped:638,0.04,0.017
252790::064.swc,797,542,2,L2:mapped:516,849.2989999999807,2.9296
252790::064.swc,797,542,2,L2:mapped:724,0.04,0.017
252790::064.swc,797,542,3,L3:mapped:537,849.2989999999807,2.9296
252790::064.swc,797,542,3,L3:mapped:724,0.04,0.017
252790::064.swc,797,542,4,L4:mapped:538,812.0299999999824,2.9101
252790::064.swc,797,542,4,L4:mapped:547,37.269000000000055,1.5828
252790::064.swc,797,542,4,L4:mapped:725,0.04,0.017
252790::064.swc,797,542,5,L5:mapped:540,812.0299999999824,2.9101
252790::064.swc,797,542,5,L5:mapped:549,27.484000000000016,1.4546
252790::064.swc,797,542,5,L5:mapped:727,0.04,0.017
252790::064.swc,797,542,6,L6:mapped:541,15.425999999999988,1.2155
252790::064.swc,797,542,6,L6:mapped:542,771.2209999999847,2.8877
252790::064.swc,797,542,6,L6:mapped:543,25.382999999999978,1.4213
252790::064.swc,797,542,6,L6:mapped:549,27.484000000000016,1.4546
252790::064.swc,797,542,6,L6:mapped:728,0.04,0.017
252790::074.swc,797,595,1,L1:mapped:590,1140.6119999999687,3.0575
252790::074.swc,797,595,1,L1:mapped:638,34.998999999999924,1.5563
252790::074.swc,797,595,1,L1:mapped:1501,2609.1499999999355,3.4167
252790::074.swc,797,595,2,L2:mapped:591,1140.6119999999687,3.0575
252790::074.swc,797,595,2,L2:mapped:724,34.998999999999924,1.5563
252790::074.swc,797,595,2,L2:mapped:1502,97.45600000000066,1.9932
252790::074.swc,797,595,2,L2:mapped:1550,2508.0559999999327,3.3995
252790::074.swc,797,595,3,L3:mapped:595,1140.6119999999687,3.0575
252790::074.swc,797,595,3,L3:mapped:724,34.998999999999924,1.5563
252790::074.swc,797,595,3,L3:mapped:1503,97.45600000000066,1.9932
252790::074.swc,797,595,3,L3:mapped:1551,2508.0559999999327,3.3995
252790::074.swc,797,595,4,L4:mapped:595,1140.6119999999687,3.0575
252790::074.swc,797,595,4,L4:mapped:725,34.998999999999924,1.5563
252790::074.swc,797,595,4,L4:mapped:1504,97.45600000000066,1.9932
252790::074.swc,797,595,4,L4:mapped:1552,2508.0559999999327,3.3995
252790::074.swc,797,595,5,L5:mapped:595,1140.6119999999687,3.0575
252790::074.swc,797,595,5,L5:mapped:727,34.998999999999924,1.5563
252790::074.swc,797,595,5,L5:mapped:1504,97.45600000000066,1.9932
252790::074.swc,797,595,5,L5:mapped:1553,8.934,0.9971
252790::074.swc,797,595,5,L5:mapped:1556,2313.15399999993,3.3644
252790::074.swc,797,595,5,L5:mapped:1557,120.26600000000165,2.0837
252790::074.swc,797,595,5,L5:mapped:1558,65.70199999999996,1.8241
252790::074.swc,797,595,6,L6:mapped:595,1140.6119999999687,3.0575
252790::074.swc,797,595,6,L6:mapped:728,31.357999999999986,1.51
252790::074.swc,797,595,6,L6:mapped:1504,97.45600000000066,1.9932
252790::074.swc,797,595,6,L6:mapped:1554,8.934,0.9971
252790::074.swc,797,595,6,L6:mapped:1556,2313.15399999993,3.3644
252790::074.swc,797,595,6,L6:mapped:1557,120.26600000000165,2.0837
252790::074.swc,797,595,6,L6:mapped:1558,65.70199999999996,1.8241
252790::099.swc,797,1504,1,L1:mapped:501,151.05000000000018,2.182
252790::099.swc,797,1504,1,L1:mapped:638,2337.032999999916,3.3689
252790::099.swc,797,1504,1,L1:mapped:731,154.71900000000073,2.1923
252790::099.swc,797,1504,1,L1:mapped:1501,906.9009999999826,2.958
252790::099.swc,797,1504,2,L2:mapped:516,151.05000000000018,2.182
252790::099.swc,797,1504,2,L2:mapped:639,2057.8369999999645,3.3136
252790::099.swc,797,1504,2,L2:mapped:675,277.8269999999987,2.4453
252790::099.swc,797,1504,2,L2:mapped:693,1.3690000000000002,0.3746
252790::099.swc,797,1504,2,L2:mapped:733,154.71900000000073,2.1923
252790::099.swc,797,1504,2,L2:mapped:1502,746.1829999999898,2.8734
252790::099.swc,797,1504,2,L2:mapped:1510,96.09200000000075,1.9872
252790::099.swc,797,1504,2,L2:mapped:1550,64.62599999999985,1.8171
252790::099.swc,797,1504,3,L3:mapped:525,140.00300000000024,2.1492
252790::099.swc,797,1504,3,L3:mapped:537,11.047,1.0809
252790::099.swc,797,1504,3,L3:mapped:648,2002.5689999999697,3.3018
252790::099.swc,797,1504,3,L3:mapped:653,55.267999999999866,1.7503
252790::099.swc,797,1504,3,L3:mapped:677,30.301999999999992,1.4956
252790::099.swc,797,1504,3,L3:mapped:688,247.52499999999867,2.3954
252790::099.swc,797,1504,3,L3:mapped:694,1.3690000000000002,0.3746
252790::099.swc,797,1504,3,L3:mapped:734,33.766999999999975,1.5412
252790::099.swc,797,1504,3,L3:mapped:737,120.95200000000102,2.0862
252790::099.swc,797,1504,3,L3:mapped:1503,746.1829999999898,2.8734
252790::099.swc,797,1504,3,L3:mapped:1511,96.09200000000075,1.9872
252790::099.swc,797,1504,3,L3:mapped:1551,64.62599999999985,1.8171
252790::099.swc,797,1504,4,L4:mapped:526,139.52700000000027,2.1478
252790::099.swc,797,1504,4,L4:mapped:534,0.4760000000000001,0.1691
252790::099.swc,797,1504,4,L4:mapped:538,11.047,1.0809
252790::099.swc,797,1504,4,L4:mapped:648,2002.5689999999697,3.3018
252790::099.swc,797,1504,4,L4:mapped:654,45.500999999999976,1.6675
252790::099.swc,797,1504,4,L4:mapped:660,9.767000000000001,1.0321
252790::099.swc,797,1504,4,L4:mapped:678,30.301999999999992,1.4956
252790::099.swc,797,1504,4,L4:mapped:688,247.52499999999867,2.3954
252790::099.swc,797,1504,4,L4:mapped:695,1.3690000000000002,0.3746
252790::099.swc,797,1504,4,L4:mapped:734,33.766999999999975,1.5412
252790::099.swc,797,1504,4,L4:mapped:738,64.58099999999997,1.8168
252790::099.swc,797,1504,4,L4:mapped:743,56.37099999999995,1.7587
252790::099.swc,797,1504,4,L4:mapped:1504,746.1829999999898,2.8734
252790::099.swc,797,1504,4,L4:mapped:1512,75.20000000000029,1.882
252790::099.swc,797,1504,4,L4:mapped:1517,20.891999999999985,1.3403
252790::099.swc,797,1504,4,L4:mapped:1552,64.62599999999985,1.8171
252790::099.swc,797,1504,5,L5:mapped:530,139.52700000000027,2.1478
252790::099.swc,797,1504,5,L5:mapped:534,0.4760000000000001,0.1691
252790::099.swc,797,1504,5,L5:mapped:540,11.047,1.0809
252790::099.swc,797,1504,5,L5:mapped:649,1998.4929999999704,3.3009
252790::099.swc,797,1504,5,L5:mapped:652,4.075999999999999,0.7055
252790::099.swc,797,1504,5,L5:mapped:655,28.851000000000006,1.475
252790::099.swc,797,1504,5,L5:mapped:658,16.649999999999995,1.2467
252790::099.swc,797,1504,5,L5:mapped:661,9.767000000000001,1.0321
252790::099.swc,797,1504,5,L5:mapped:679,30.301999999999992,1.4956
252790::099.swc,797,1504,5,L5:mapped:689,247.52499999999867,2.3954
252790::099.swc,797,1504,5,L5:mapped:696,1.3690000000000002,0.3746
252790::099.swc,797,1504,5,L5:mapped:736,33.766999999999975,1.5412
252790::099.swc,797,1504,5,L5:mapped:742,64.58099999999997,1.8168
252790::099.swc,797,1504,5,L5:mapped:743,56.37099999999995,1.7587
252790::099.swc,797,1504,5,L5:mapped:1504,746.1829999999898,2.8734
252790::099.swc,797,1504,5,L5:mapped:1516,64.10099999999989,1.8136
252790::099.swc,797,1504,5,L5:mapped:1521,20.891999999999985,1.3403
252790::099.swc,797,1504,5,L5:mapped:1556,64.62599999999985,1.8171
252790::099.swc,797,1504,6,L6:mapped:533,139.52700000000027,2.1478
252790::099.swc,797,1504,6,L6:mapped:536,0.4760000000000001,0.1691
252790::099.swc,797,1504,6,L6:mapped:541,11.047,1.0809
252790::099.swc,797,1504,6,L6:mapped:650,1685.8759999999568,3.2271
252790::099.swc,797,1504,6,L6:mapped:651,312.61700000000087,2.4964
252790::099.swc,797,1504,6,L6:mapped:652,4.075999999999999,0.7055
252790::099.swc,797,1504,6,L6:mapped:656,28.851000000000006,1.475
252790::099.swc,797,1504,6,L6:mapped:658,16.649999999999995,1.2467
252790::099.swc,797,1504,6,L6:mapped:661,9.767000000000001,1.0321
252790::099.swc,797,1504,6,L6:mapped:680,30.301999999999992,1.4956
252790::099.swc,797,1504,6,L6:mapped:690,202.4509999999998,2.3085
252790::099.swc,797,1504,6,L6:mapped:691,45.074000000000005,1.6635
252790::099.swc,797,1504,6,L6:mapped:696,1.3690000000000002,0.3746
252790::099.swc,797,1504,6,L6:mapped:736,33.766999999999975,1.5412
252790::099.swc,797,1504,6,L6:mapped:742,64.58099999999997,1.8168
252790::099.swc,797,1504,6,L6:mapped:745,56.37099999999995,1.7587
252790::099.swc,797,1504,6,L6:mapped:1504,746.1829999999898,2.8734
252790::099.swc,797,1504,6,L6:mapped:1516,64.10099999999989,1.8136
252790::099.swc,797,1504,6,L6:mapped:1521,20.891999999999985,1.3403
252790::099.swc,797,1504,6,L6:mapped:1556,64.62599999999985,1.8171
252790::102.swc,797,0,1,L1:mapped:501,473.11399999999736,2.6759
252790::102.swc,797,0,1,L1:mapped:638,412.51699999999545,2.6165
252790::102.swc,797,0,1,L1:mapped:1501,1262.0749999999857,3.1014
252790::102.swc,797,0,2,L2:mapped:516,473.11399999999736,2.6759
252790::102.swc,797,0,2,L2:mapped:639,170.58000000000075,2.2345
252790::102.swc,797,0,2,L2:mapped:665,43.693000000000005,1.6502
252790::102.swc,797,0,2,L2:mapped:675,16.050000000000004,1.2317
252790::102.swc,797,0,2,L2:mapped:693,30.859999999999946,1.5032
252790::102.swc,797,0,2,L2:mapped:724,151.33400000000114,2.1828
252790::102.swc,797,0,2,L2:mapped:1502,78.0560000000001,1.8979
252790::102.swc,797,0,2,L2:mapped:1510,80.50400000000033,1.9112
252790::102.swc,797,0,2,L2:mapped:1524,48.59499999999992,1.6954
252790::102.swc,797,0,2,L2:mapped:1550,1016.6489999999859,3.0076
252790::102.swc,797,0,2,L2:mapped:1569,38.27099999999996,1.5941
252790::102.swc,797,0,3,L3:mapped:525,70.70700000000018,1.8556
252790::102.swc,797,0,3,L3:mapped:537,402.4069999999978,2.6057
252790::102.swc,797,0,3,L3:mapped:653,170.58000000000075,2.2345
252790::102.swc,797,0,3,L3:mapped:665,43.693000000000005,1.6502
252790::102.swc,797,0,3,L3:mapped:688,16.050000000000004,1.2317
252790::102.swc,797,0,3,L3:mapped:694,30.859999999999946,1.5032
252790::102.swc,797,0,3,L3:mapped:724,151.33400000000114,2.1828
252790::102.swc,797,0,3,L3:mapped:1503,47.19799999999989,1.683
252790::102.swc,797,0,3,L3:mapped:1505,30.858000000000004,1.5032
252790::102.swc,797,0,3,L3:mapped:1511,80.50400000000033,1.9112
252790::102.swc,797,0,3,L3:mapped:1540,48.59499999999992,1.6954
252790::102.swc,797,0,3,L3:mapped:1551,991.668999999986,2.9968
252790::102.swc,797,0,3,L3:mapped:1562,24.980000000000004,1.4146
252790::102.swc,797,0,3,L3:mapped:1569,38.27099999999996,1.5941
252790::102.swc,797,0,4,L4:mapped:526,70.70700000000018,1.8556
252790::102.swc,797,0,4,L4:mapped:538,393.5699999999982,2.5961
252790::102.swc,797,0,4,L4:mapped:547,8.836999999999996,0.9929
252790::102.swc,797,0,4,L4:mapped:654,93.07100000000017,1.9735
252790::102.swc,797,0,4,L4:mapped:660,77.50900000000023,1.8949
252790::102.swc,797,0,4,L4:mapped:666,37.787000000000006,1.5887
252790::102.swc,797,0,4,L4:mapped:688,16.050000000000004,1.2317
252790::102.swc,797,0,4,L4:mapped:695,30.859999999999946,1.5032
252790::102.swc,797,0,4,L4:mapped:725,151.33400000000114,2.1828
252790::102.swc,797,0,4,L4:mapped:1504,47.19799999999989,1.683
252790::102.swc,797,0,4,L4:mapped:1509,30.858000000000004,1.5032
252790::102.swc,797,0,4,L4:mapped:1512,80.50400000000033,1.9112
252790::102.swc,797,0,4,L4:mapped:1541,26.805,1.4441
252790::102.swc,797,0,4,L4:mapped:1546,18.64699999999999,1.2933
252790::102.swc,797,0,4,L4:mapped:1552,899.4379999999869,2.9545
252790::102.swc,797,0,4,L4:mapped:1559,92.23100000000005,1.9696
252790::102.swc,797,0,4,L4:mapped:1562,24.980000000000004,1.4146
252790::102.swc,797,0,4,L4:mapped:1570,15.096999999999996,1.2067
252790::102.swc,797,0,4,L4:mapped:1573,23.174000000000003,1.3833
252790::102.swc,797,0,5,L5:mapped:530,70.70700000000018,1.8556
252790::102.swc,797,0,5,L5:mapped:539,18.788999999999994,1.2964
252790::102.swc,797,0,5,L5:mapped:540,374.78099999999836,2.5749
252790::102.swc,797,0,5,L5:mapped:549,8.836999999999996,0.9929
252790::102.swc,797,0,5,L5:mapped:658,41.61099999999998,1.6295
252790::102.swc,797,0,5,L5:mapped:659,49.28599999999993,1.7014
252790::102.swc,797,0,5,L5:mapped:661,72.93800000000006,1.8689
252790::102.swc,797,0,5,L5:mapped:662,4.571000000000002,0.7459
252790::102.swc,797,0,5,L5:mapped:666,37.787000000000006,1.5887
252790::102.swc,797,0,5,L5:mapped:689,16.050000000000004,1.2317
252790::102.swc,797,0,5,L5:mapped:696,30.859999999999946,1.5032
252790::102.swc,797,0,5,L5:mapped:727,136.86100000000167,2.1394
252790::102.swc,797,0,5,L5:mapped:1504,47.19799999999989,1.683
252790::102.swc,797,0,5,L5:mapped:1509,30.858000000000004,1.5032
252790::102.swc,797,0,5,L5:mapped:1516,80.50400000000033,1.9112
252790::102.swc,797,0,5,L5:mapped:1542,26.805,1.4441
252790::102.swc,797,0,5,L5:mapped:1548,18.64699999999999,1.2933
252790::102.swc,797,0,5,L5:mapped:1553,60.42699999999994,1.7884
252790::102.swc,797,0,5,L5:mapped:1556,803.2299999999892,2.9054
252790::102.swc,797,0,5,L5:mapped:1558,35.385999999999996,1.5609
252790::102.swc,797,0,5,L5:mapped:1560,92.23100000000005,1.9696
252790::102.swc,797,0,5,L5:mapped:1567,24.980000000000004,1.4146
252790::102.swc,797,0,5,L5:mapped:1570,15.096999999999996,1.2067
252790::102.swc,797,0,5,L5:mapped:1573,23.174000000000003,1.3833
252790::102.swc,797,0,6,L6:mapped:532,70.70700000000018,1.8556
252790::102.swc,797,0,6,L6:mapped:539,18.788999999999994,1.2964
252790::102.swc,797,0,6,L6:mapped:541,135.64200000000116,2.1356
252790::102.swc,797,0,6,L6:mapped:542,239.13899999999964,2.3805
252790::102.swc,797,0,6,L6:mapped:549,8.836999999999996,0.9929
252790::102.swc,797,0,6,L6:mapped:658,41.61099999999998,1.6295
252790::102.swc,797,0,6,L6:mapped:659,49.28599999999993,1.7014
252790::102.swc,797,0,6,L6:mapped:661,72.93800000000006,1.8689
252790::102.swc,797,0,6,L6:mapped:663,4.571000000000002,0.7459
252790::102.swc,797,0,6,L6:mapped:666,37.787000000000006,1.5887
252790::102.swc,797,0,6,L6:mapped:690,9.384000000000002,1.0164
252790::102.swc,797,0,6,L6:mapped:696,30.859999999999946,1.5032
252790::102.swc,797,0,6,L6:mapped:728,136.86100000000167,2.1394
252790::102.swc,797,0,6,L6:mapped:1504,47.19799999999989,1.683
252790::102.swc,797,0,6,L6:mapped:1509,30.858000000000004,1.5032
252790::102.swc,797,0,6,L6:mapped:1516,80.50400000000033,1.9112
252790::102.swc,797,0,6,L6:mapped:1542,26.805,1.4441
252790::102.swc,797,0,6,L6:mapped:1548,18.64699999999999,1.2933
252790::102.swc,797,0,6,L6:mapped:1554,60.42699999999994,1.7884
252790::102.swc,797,0,6,L6:mapped:1556,803.2299999999892,2.9054
252790::102.swc,797,0,6,L6:mapped:1558,35.385999999999996,1.5609
252790::102.swc,797,0,6,L6:mapped:1560,92.23100000000005,1.9696
252790::102.swc,797,0,6,L6:mapped:1567,24.980000000000004,1.4146
252790::102.swc,797,0,6,L6:mapped:1571,11.254999999999999,1.0883
252790::102.swc,797,0,6,L6:mapped:1573,23.174000000000003,1.3833
252790::103.swc,797,0,1,L1:mapped:501,4.759999999999998,0.7604
252790::103.swc,797,0,2,L2:mapped:577,3.750999999999998,0.6768
252790::103.swc,797,0,3,L3:mapped:578,3.750999999999998,0.6768
252790::103.swc,797,0,4,L4:mapped:580,3.750999999999998,0.6768
252790::103.swc,797,0,5,L5:mapped:584,3.750999999999998,0.6768
252790::103.swc,797,0,6,L6:mapped:586,3.750999999999998,0.6768
252790::111.swc,797,229,1,L1:mapped:138,148.31200000000098,2.1741
252790::111.swc,797,229,1,L1:mapped:1001,113.4540000000017,2.0586
252790::111.swc,797,229,1,L1:mapped:1082,46.394000000000084,1.6757
252790::111.swc,797,229,2,L2:mapped:224,148.31200000000098,2.1741
252790::111.swc,797,229,2,L2:mapped:1024,4.794999999999997,0.7631
252790::111.swc,797,229,2,L2:mapped:1050,106.03600000000144,2.0295
252790::111.swc,797,229,2,L2:mapped:1113,46.394000000000084,1.6757
252790::111.swc,797,229,3,L3:mapped:224,148.31200000000098,2.1741
252790::111.swc,797,229,3,L3:mapped:1040,4.794999999999997,0.7631
252790::111.swc,797,229,3,L3:mapped:1051,106.03600000000144,2.0295
252790::111.swc,797,229,3,L3:mapped:1157,37.03000000000001,1.5801
252790::111.swc,797,229,4,L4:mapped:225,148.31200000000098,2.1741
252790::111.swc,797,229,4,L4:mapped:1046,4.794999999999997,0.7631
252790::111.swc,797,229,4,L4:mapped:1052,106.03600000000144,2.0295
252790::111.swc,797,229,4,L4:mapped:1159,37.03000000000001,1.5801
252790::111.swc,797,229,5,L5:mapped:227,148.31200000000098,2.1741
252790::111.swc,797,229,5,L5:mapped:1049,4.794999999999997,0.7631
252790::111.swc,797,229,5,L5:mapped:1056,106.03600000000144,2.0295
252790::111.swc,797,229,5,L5:mapped:1159,37.03000000000001,1.5801
252790::111.swc,797,229,6,L6:mapped:229,148.31200000000098,2.1741
252790::111.swc,797,229,6,L6:mapped:1049,4.794999999999997,0.7631
252790::111.swc,797,229,6,L6:mapped:1056,106.03600000000144,2.0295
252790::111.swc,797,229,6,L6:mapped:1159,37.03000000000001,1.5801
252790::112.swc,797,229,1,L1:mapped:1,302.6109999999992,2.4823
252790::112.swc,797,229,1,L1:mapped:90,18.837000000000003,1.2975
252790::112.swc,797,229,1,L1:mapped:138,926.7279999999874,2.9674
252790::112.swc,797,229,1,L1:mapped:1001,968.4879999999887,2.9865
252790::112.swc,797,229,2,L2:mapped:77,302.6109999999992,2.4823
252790::112.swc,797,229,2,L2:mapped:91,16.964000000000002,1.2544
252790::112.swc,797,229,2,L2:mapped:112,1.8730000000000002,0.4583
252790::112.swc,797,229,2,L2:mapped:224,926.7279999999874,2.9674
252790::112.swc,797,229,2,L2:mapped:1002,26.590999999999994,1.4408
252790::112.swc,797,229,2,L2:mapped:1050,941.8969999999861,2.9745
252790::112.swc,797,229,3,L3:mapped:78,302.6109999999992,2.4823
252790::112.swc,797,229,3,L3:mapped:95,16.964000000000002,1.2544
252790::112.swc,797,229,3,L3:mapped:120,1.8730000000000002,0.4583
252790::112.swc,797,229,3,L3:mapped:224,926.7279999999874,2.9674
252790::112.swc,797,229,3,L3:mapped:1003,26.590999999999994,1.4408
252790::112.swc,797,229,3,L3:mapped:1051,941.8969999999861,2.9745
252790::112.swc,797,229,4,L4:mapped:80,302.6109999999992,2.4823
252790::112.swc,797,229,4,L4:mapped:95,16.964000000000002,1.2544
252790::112.swc,797,229,4,L4:mapped:120,1.8730000000000002,0.4583
252790::112.swc,797,229,4,L4:mapped:225,896.7179999999881,2.9531
252790::112.swc,797,229,4,L4:mapped:230,30.010000000000005,1.4915
252790::112.swc,797,229,4,L4:mapped:1004,26.590999999999994,1.4408
252790::112.swc,797,229,4,L4:mapped:1052,941.8969999999861,2.9745
252790::112.swc,797,229,5,L5:mapped:84,302.6109999999992,2.4823
252790::112.swc,797,229,5,L5:mapped:95,16.964000000000002,1.2544
252790::112.swc,797,229,5,L5:mapped:124,1.8730000000000002,0.4583
252790::112.swc,797,229,5,L5:mapped:227,896.7179999999881,2.9531
252790::112.swc,797,229,5,L5:mapped:230,30.010000000000005,1.4915
252790::112.swc,797,229,5,L5:mapped:1004,26.590999999999994,1.4408
252790::112.swc,797,229,5,L5:mapped:1056,941.8969999999861,2.9745
252790::112.swc,797,229,6,L6:mapped:86,293.66699999999884,2.4693
252790::112.swc,797,229,6,L6:mapped:95,16.964000000000002,1.2544
252790::112.swc,797,229,6,L6:mapped:124,1.8730000000000002,0.4583
252790::112.swc,797,229,6,L6:mapped:228,292.8690000000008,2.4682
252790::112.swc,797,229,6,L6:mapped:229,603.8489999999948,2.7816
252790::112.swc,797,229,6,L6:mapped:230,30.010000000000005,1.4915
252790::112.swc,797,229,6,L6:mapped:1004,26.590999999999994,1.4408
252790::112.swc,797,229,6,L6:mapped:1056,941.8969999999861,2.9745
252790::113.swc,797,229,1,L1:mapped:138,640.0049999999911,2.8069
252790::113.swc,797,229,1,L1:mapped:1001,40.04900000000001,1.6133
252790::113.swc,797,229,2,L2:mapped:204,21.601,1.3541
252790::113.swc,797,229,2,L2:mapped:224,618.4039999999923,2.792
252790::113.swc,797,229,2,L2:mapped:1002,40.04900000000001,1.6133
252790::113.swc,797,229,3,L3:mapped:205,21.601,1.3541
252790::113.swc,797,229,3,L3:mapped:224,618.4039999999923,2.792
252790::113.swc,797,229,3,L3:mapped:1003,40.04900000000001,1.6133
252790::113.swc,797,229,4,L4:mapped:213,21.601,1.3541
252790::113.swc,797,229,4,L4:mapped:225,618.4039999999923,2.792
252790::113.swc,797,229,4,L4:mapped:1004,40.04900000000001,1.6133
252790::113.swc,797,229,5,L5:mapped:214,4.153999999999997,0.7121
252790::113.swc,797,229,5,L5:mapped:215,17.447,1.2659
252790::113.swc,797,229,5,L5:mapped:226,27.43299999999998,1.4538
252790::113.swc,797,229,5,L5:mapped:227,590.9709999999911,2.7723
252790::113.swc,797,229,5,L5:mapped:1004,40.04900000000001,1.6133
252790::113.swc,797,229,6,L6:mapped:214,4.153999999999997,0.7121
252790::113.swc,797,229,6,L6:mapped:216,17.447,1.2659
252790::113.swc,797,229,6,L6:mapped:226,27.43299999999998,1.4538
252790::113.swc,797,229,6,L6:mapped:228,80.15900000000033,1.9093
252790::113.swc,797,229,6,L6:mapped:229,510.8119999999952,2.7091
252790::113.swc,797,229,6,L6:mapped:1004,40.04900000000001,1.6133
252790::117.swc,797,0,1,L1:mapped:1,209.8440000000007,2.324
252790::117.swc,797,0,2,L2:mapped:16,209.8440000000007,2.324
252790::117.swc,797,0,3,L3:mapped:25,7.288999999999996,0.9185
252790::117.swc,797,0,3,L3:mapped:37,202.5550000000007,2.3087
252790::117.swc,797,0,4,L4:mapped:26,7.288999999999996,0.9185
252790::117.swc,797,0,4,L4:mapped:38,202.5550000000007,2.3087
252790::117.swc,797,0,5,L5:mapped:30,7.288999999999996,0.9185
252790::117.swc,797,0,5,L5:mapped:40,202.5550000000007,2.3087
252790::117.swc,797,0,6,L6:mapped:33,7.288999999999996,0.9185
252790::117.swc,797,0,6,L6:mapped:41,202.5550000000007,2.3087
252790::118.swc,797,41,1,L1:mapped:1,453.49899999999474,2.6575
252790::118.swc,797,41,2,L2:mapped:16,453.49899999999474,2.6575
252790::118.swc,797,41,3,L3:mapped:25,47.67999999999989,1.6874
252790::118.swc,797,41,3,L3:mapped:37,405.81899999999564,2.6094
252790::118.swc,797,41,4,L4:mapped:26,47.67999999999989,1.6874
252790::118.swc,797,41,4,L4:mapped:38,405.81899999999564,2.6094
252790::118.swc,797,41,5,L5:mapped:30,47.67999999999989,1.6874
252790::118.swc,797,41,5,L5:mapped:39,0.16899999999999998,0.0678
252790::118.swc,797,41,5,L5:mapped:40,405.64999999999566,2.6092
252790::118.swc,797,41,6,L6:mapped:32,3.0040000000000022,0.6025
252790::118.swc,797,41,6,L6:mapped:33,44.675999999999945,1.6597
252790::118.swc,797,41,6,L6:mapped:39,0.16899999999999998,0.0678
252790::118.swc,797,41,6,L6:mapped:41,405.64999999999566,2.6092
252790::119.swc,797,41,1,L1:mapped:1,1330.9559999999765,3.1245
252790::119.swc,797,41,1,L1:mapped:138,74.55700000000026,1.8783
252790::119.swc,797,41,1,L1:mapped:1001,18.24999999999999,1.2844
252790::119.swc,797,41,2,L2:mapped:16,1291.5799999999808,3.1115
252790::119.swc,797,41,2,L2:mapped:50,39.37600000000002,1.6061
252790::119.swc,797,41,2,L2:mapped:165,74.55700000000026,1.8783
252790::119.swc,797,41,2,L2:mapped:1002,18.24999999999999,1.2844
252790::119.swc,797,41,3,L3:mapped:25,707.7709999999885,2.8505
252790::119.swc,797,41,3,L3:mapped:37,583.8089999999908,2.767
252790::119.swc,797,41,3,L3:mapped:64,39.37600000000002,1.6061
252790::119.swc,797,41,3,L3:mapped:165,74.55700000000026,1.8783
252790::119.swc,797,41,3,L3:mapped:1003,18.24999999999999,1.2844
252790::119.swc,797,41,4,L4:mapped:26,356.86299999999864,2.5537
252790::119.swc,797,41,4,L4:mapped:34,350.90799999999854,2.5464
252790::119.swc,797,41,4,L4:mapped:38,583.8089999999908,2.767
252790::119.swc,797,41,4,L4:mapped:65,39.37600000000002,1.6061
252790::119.swc,797,41,4,L4:mapped:166,70.56600000000009,1.8547
252790::119.swc,797,41,4,L4:mapped:167,3.9909999999999983,0.6982
252790::119.swc,797,41,4,L4:mapped:1004,18.24999999999999,1.2844
252790::119.swc,797,41,5,L5:mapped:30,356.86299999999864,2.5537
252790::119.swc,797,41,5,L5:mapped:34,350.90799999999854,2.5464
252790::119.swc,797,41,5,L5:mapped:39,35.45800000000001,1.5618
252790::119.swc,797,41,5,L5:mapped:40,548.3509999999926,2.7398
252790::119.swc,797,41,5,L5:mapped:69,39.37600000000002,1.6061
252790::119.swc,797,41,5,L5:mapped:166,70.56600000000009,1.8547
252790::119.swc,797,41,5,L5:mapped:168,3.9909999999999983,0.6982
252790::119.swc,797,41,5,L5:mapped:1004,18.24999999999999,1.2844
252790::119.swc,797,41,6,L6:mapped:33,356.86299999999864,2.5537
252790::119.swc,797,41,6,L6:mapped:36,349.49499999999864,2.5447
252790::119.swc,797,41,6,L6:mapped:39,35.45800000000001,1.5618
252790::119.swc,797,41,6,L6:mapped:41,517.8129999999913,2.715
252790::119.swc,797,41,6,L6:mapped:42,30.537999999999972,1.4988
252790::119.swc,797,41,6,L6:mapped:70,39.37600000000002,1.6061
252790::119.swc,797,41,6,L6:mapped:166,70.56600000000009,1.8547
252790::119.swc,797,41,6,L6:mapped:169,3.9909999999999983,0.6982
252790::119.swc,797,41,6,L6:mapped:1004,18.24999999999999,1.2844
252790::120.swc,797,42,1,L1:mapped:1001,10.773999999999994,1.0709
252790::120.swc,797,42,2,L2:mapped:1002,10.773999999999994,1.0709
252790::120.swc,797,42,3,L3:mapped:1003,10.773999999999994,1.0709
252790::120.swc,797,42,4,L4:mapped:1004,10.773999999999994,1.0709
252790::120.swc,797,42,5,L5:mapped:1004,10.773999999999994,1.0709
252790::120.swc,797,42,6,L6:mapped:1004,10.773999999999994,1.0709
252790::121.swc,797,0,1,L1:mapped:1082,3.443999999999999,0.6478
252790::121.swc,797,0,2,L2:mapped:1113,3.443999999999999,0.6478
252790::121.swc,797,0,3,L3:mapped:1114,3.443999999999999,0.6478
252790::121.swc,797,0,4,L4:mapped:1114,3.443999999999999,0.6478
252790::121.swc,797,0,5,L5:mapped:1114,3.443999999999999,0.6478
252790::121.swc,797,0,6,L6:mapped:1114,3.443999999999999,0.6478
252790::032.swc,797,0,1,L1:mapped:90,250.8659999999986,2.4012
252790::032.swc,797,0,1,L1:mapped:138,344.20499999999765,2.5381
252790::032.swc,797,0,1,L1:mapped:1001,61.868999999999836,1.7984
252790::032.swc,797,0,2,L2:mapped:91,67.75299999999997,1.8373
252790::032.swc,797,0,2,L2:mapped:112,183.11300000000048,2.2651
252790::032.swc,797,0,2,L2:mapped:224,344.20499999999765,2.5381
252790::032.swc,797,0,2,L2:mapped:1002,7.862999999999998,0.9476
252790::032.swc,797,0,2,L2:mapped:1024,0.6680000000000001,0.2222
252790::032.swc,797,0,2,L2:mapped:1050,52.541999999999895,1.7287
252790::032.swc,797,0,3,L3:mapped:95,67.75299999999997,1.8373
252790::032.swc,797,0,3,L3:mapped:120,183.11300000000048,2.2651
252790::032.swc,797,0,3,L3:mapped:224,344.20499999999765,2.5381
252790::032.swc,797,0,3,L3:mapped:1003,7.862999999999998,0.9476
252790::032.swc,797,0,3,L3:mapped:1040,0.6680000000000001,0.2222
252790::032.swc,797,0,3,L3:mapped:1051,52.3489999999999,1.7271
252790::032.swc,797,0,3,L3:mapped:1062,0.19299999999999998,0.0766
252790::032.swc,797,0,4,L4:mapped:95,67.75299999999997,1.8373
252790::032.swc,797,0,4,L4:mapped:120,183.11300000000048,2.2651
252790::032.swc,797,0,4,L4:mapped:225,342.80899999999764,2.5363
252790::032.swc,797,0,4,L4:mapped:230,1.3960000000000001,0.3795
252790::032.swc,797,0,4,L4:mapped:1004,7.862999999999998,0.9476
252790::032.swc,797,0,4,L4:mapped:1046,0.6680000000000001,0.2222
252790::032.swc,797,0,4,L4:mapped:1052,52.3489999999999,1.7271
252790::032.swc,797,0,4,L4:mapped:1062,0.19299999999999998,0.0766
252790::032.swc,797,0,5,L5:mapped:95,67.75299999999997,1.8373
252790::032.swc,797,0,5,L5:mapped:124,183.11300000000048,2.2651
252790::032.swc,797,0,5,L5:mapped:227,342.80899999999764,2.5363
252790::032.swc,797,0,5,L5:mapped:230,1.3960000000000001,0.3795
252790::032.swc,797,0,5,L5:mapped:1004,7.862999999999998,0.9476
252790::032.swc,797,0,5,L5:mapped:1049,0.6680000000000001,0.2222
252790::032.swc,797,0,5,L5:mapped:1056,52.3489999999999,1.7271
252790::032.swc,797,0,5,L5:mapped:1063,0.19299999999999998,0.0766
252790::032.swc,797,0,6,L6:mapped:95,67.75299999999997,1.8373
252790::032.swc,797,0,6,L6:mapped:124,183.11300000000048,2.2651
252790::032.swc,797,0,6,L6:mapped:229,342.80899999999764,2.5363
252790::032.swc,797,0,6,L6:mapped:230,1.3960000000000001,0.3795
252790::032.swc,797,0,6,L6:mapped:1004,7.862999999999998,0.9476
252790::032.swc,797,0,6,L6:mapped:1049,0.6680000000000001,0.2222
252790::032.swc,797,0,6,L6:mapped:1056,52.3489999999999,1.7271
252790::032.swc,797,0,6,L6:mapped:1064,0.19299999999999998,0.0766
252718::162.swc,900,0,1,L1:mapped:90,9.554000000000004,1.0234
252718::162.swc,900,0,1,L1:mapped:138,4.394999999999999,0.732
252718::162.swc,900,0,2,L2:mapped:91,9.554000000000004,1.0234
252718::162.swc,900,0,2,L2:mapped:224,4.394999999999999,0.732
252718::162.swc,900,0,3,L3:mapped:95,9.554000000000004,1.0234
252718::162.swc,900,0,3,L3:mapped:224,4.394999999999999,0.732
252718::162.swc,900,0,4,L4:mapped:95,9.554000000000004,1.0234
252718::162.swc,900,0,4,L4:mapped:225,4.394999999999999,0.732
252718::162.swc,900,0,5,L5:mapped:95,9.554000000000004,1.0234
252718::162.swc,900,0,5,L5:mapped:227,4.394999999999999,0.732
252718::162.swc,900,0,6,L6:mapped:95,9.554000000000004,1.0234
252718::162.swc,900,0,6,L6:mapped:229,4.394999999999999,0.732
252383::121.swc,605,0,1,L1:mapped:638,15.569999999999995,1.2193
252383::121.swc,605,0,1,L1:mapped:1501,0.8750000000000002,0.273
252383::121.swc,605,0,2,L2:mapped:724,15.569999999999995,1.2193
252383::121.swc,605,0,2,L2:mapped:1550,0.8750000000000002,0.273
252383::121.swc,605,0,3,L3:mapped:724,15.569999999999995,1.2193
252383::121.swc,605,0,3,L3:mapped:1551,0.8750000000000002,0.273
252383::121.swc,605,0,4,L4:mapped:725,15.569999999999995,1.2193
252383::121.swc,605,0,4,L4:mapped:1552,0.8750000000000002,0.273
252383::121.swc,605,0,5,L5:mapped:727,15.569999999999995,1.2193
252383::121.swc,605,0,5,L5:mapped:1556,0.8750000000000002,0.273
252383::121.swc,605,0,6,L6:mapped:729,15.569999999999995,1.2193
252383::121.swc,605,0,6,L6:mapped:1556,0.8750000000000002,0.273
252790::035.swc,797,0,1,L1:mapped:90,376.5019999999974,2.5769
252790::035.swc,797,0,1,L1:mapped:138,180.5100000000007,2.2589
252790::035.swc,797,0,1,L1:mapped:1001,340.29399999999583,2.5331
252790::035.swc,797,0,2,L2:mapped:91,54.62799999999985,1.7453
252790::035.swc,797,0,2,L2:mapped:112,321.8740000000001,2.509
252790::035.swc,797,0,2,L2:mapped:193,6.816000000000005,0.893
252790::035.swc,797,0,2,L2:mapped:204,5.634000000000003,0.8218
252790::035.swc,797,0,2,L2:mapped:224,168.06000000000085,2.228
252790::035.swc,797,0,2,L2:mapped:1002,54.97799999999977,1.748
252790::035.swc,797,0,2,L2:mapped:1050,285.31599999999713,2.4568
252790::035.swc,797,0,3,L3:mapped:92,51.271999999999885,1.7183
252790::035.swc,797,0,3,L3:mapped:120,321.8740000000001,2.509
252790::035.swc,797,0,3,L3:mapped:199,6.816000000000005,0.893
252790::035.swc,797,0,3,L3:mapped:205,5.634000000000003,0.8218
252790::035.swc,797,0,3,L3:mapped:224,168.06000000000085,2.228
252790::035.swc,797,0,3,L3:mapped:1003,54.97799999999977,1.748
252790::035.swc,797,0,3,L3:mapped:1051,281.2519999999971,2.4506
252790::035.swc,797,0,4,L4:mapped:92,51.271999999999885,1.7183
252790::035.swc,797,0,4,L4:mapped:120,321.8740000000001,2.509
252790::035.swc,797,0,4,L4:mapped:199,6.816000000000005,0.893
252790::035.swc,797,0,4,L4:mapped:206,3.9839999999999995,0.6976
252790::035.swc,797,0,4,L4:mapped:225,155.14500000000075,2.1935
252790::035.swc,797,0,4,L4:mapped:230,12.915,1.1435
252790::035.swc,797,0,4,L4:mapped:1004,54.97799999999977,1.748
252790::035.swc,797,0,4,L4:mapped:1052,281.2519999999971,2.4506
252790::035.swc,797,0,5,L5:mapped:94,51.271999999999885,1.7183
252790::035.swc,797,0,5,L5:mapped:121,2.0630000000000006,0.4861
252790::035.swc,797,0,5,L5:mapped:124,319.8110000000002,2.5062
252790::035.swc,797,0,5,L5:mapped:200,6.816000000000005,0.893
252790::035.swc,797,0,5,L5:mapped:207,3.9839999999999995,0.6976
252790::035.swc,797,0,5,L5:mapped:227,155.14500000000075,2.1935
252790::035.swc,797,0,5,L5:mapped:230,12.915,1.1435
252790::035.swc,797,0,5,L5:mapped:1004,54.97799999999977,1.748
252790::035.swc,797,0,5,L5:mapped:1056,281.2519999999971,2.4506
252790::035.swc,797,0,6,L6:mapped:94,51.271999999999885,1.7183
252790::035.swc,797,0,6,L6:mapped:122,0.365,0.1351
252790::035.swc,797,0,6,L6:mapped:124,319.8110000000002,2.5062
252790::035.swc,797,0,6,L6:mapped:200,6.816000000000005,0.893
252790::035.swc,797,0,6,L6:mapped:208,3.9839999999999995,0.6976
252790::035.swc,797,0,6,L6:mapped:229,155.14500000000075,2.1935
252790::035.swc,797,0,6,L6:mapped:230,12.915,1.1435
252790::035.swc,797,0,6,L6:mapped:1004,54.97799999999977,1.748
252790::035.swc,797,0,6,L6:mapped:1056,281.2519999999971,2.4506
252383::120.swc,605,0,1,L1:mapped:590,23.645999999999972,1.3917
252383::120.swc,605,0,1,L1:mapped:638,2.981999999999998,0.6001
252383::120.swc,605,0,2,L2:mapped:591,23.645999999999972,1.3917
252383::120.swc,605,0,2,L2:mapped:724,2.981999999999998,0.6001
252383::120.swc,605,0,3,L3:mapped:595,23.645999999999972,1.3917
252383::120.swc,605,0,3,L3:mapped:724,2.981999999999998,0.6001
252383::120.swc,605,0,4,L4:mapped:595,23.645999999999972,1.3917
252383::120.swc,605,0,4,L4:mapped:725,2.981999999999998,0.6001
252383::120.swc,605,0,5,L5:mapped:595,23.645999999999972,1.3917
252383::120.swc,605,0,5,L5:mapped:727,2.981999999999998,0.6001
252383::120.swc,605,0,6,L6:mapped:595,23.645999999999972,1.3917
252383::120.swc,605,0,6,L6:mapped:729,2.981999999999998,0.6001
252790::031.swc,797,0,1,L1:mapped:138,121.07500000000155,2.0866
252790::031.swc,797,0,2,L2:mapped:224,121.07500000000155,2.0866
252790::031.swc,797,0,3,L3:mapped:224,121.07500000000155,2.0866
252790::031.swc,797,0,4,L4:mapped:225,121.07500000000155,2.0866
252790::031.swc,797,0,5,L5:mapped:227,121.07500000000155,2.0866
252790::031.swc,797,0,6,L6:mapped:229,121.07500000000155,2.0866
252790::036.swc,797,0,1,L1:mapped:90,732.2279999999934,2.8652
252790::036.swc,797,0,1,L1:mapped:138,661.4939999999957,2.8212
252790::036.swc,797,0,1,L1:mapped:1001,661.1179999999907,2.8209
252790::036.swc,797,0,2,L2:mapped:112,732.2279999999934,2.8652
252790::036.swc,797,0,2,L2:mapped:204,4.525999999999999,0.7424
252790::036.swc,797,0,2,L2:mapped:224,656.9679999999952,2.8182
252790::036.swc,797,0,2,L2:mapped:1050,639.9259999999925,2.8068
252790::036.swc,797,0,3,L3:mapped:120,732.2279999999934,2.8652
252790::036.swc,797,0,3,L3:mapped:205,4.525999999999999,0.7424
252790::036.swc,797,0,3,L3:mapped:224,656.9679999999952,2.8182
252790::036.swc,797,0,3,L3:mapped:1051,639.9259999999925,2.8068
252790::036.swc,797,0,4,L4:mapped:120,732.2279999999934,2.8652
252790::036.swc,797,0,4,L4:mapped:213,4.525999999999999,0.7424
252790::036.swc,797,0,4,L4:mapped:225,537.5099999999956,2.7312
252790::036.swc,797,0,4,L4:mapped:230,119.45800000000095,2.0808
252790::036.swc,797,0,4,L4:mapped:1052,639.9259999999925,2.8068
252790::036.swc,797,0,5,L5:mapped:124,732.2279999999934,2.8652
252790::036.swc,797,0,5,L5:mapped:214,4.525999999999999,0.7424
252790::036.swc,797,0,5,L5:mapped:227,537.5099999999956,2.7312
252790::036.swc,797,0,5,L5:mapped:230,119.45800000000095,2.0808
252790::036.swc,797,0,5,L5:mapped:1056,639.9259999999925,2.8068
252790::036.swc,797,0,6,L6:mapped:124,732.2279999999934,2.8652
252790::036.swc,797,0,6,L6:mapped:214,4.525999999999999,0.7424
252790::036.swc,797,0,6,L6:mapped:229,537.5099999999956,2.7312
252790::036.swc,797,0,6,L6:mapped:230,119.45800000000095,2.0808
252790::036.swc,797,0,6,L6:mapped:1056,639.9259999999925,2.8068
252383::126.swc,605,0,1,L1:mapped:590,67.68999999999998,1.8369
252383::126.swc,605,0,1,L1:mapped:638,124.23500000000158,2.0977
252383::126.swc,605,0,1,L1:mapped:1501,0.14400000000000002,0.0584
252383::126.swc,605,0,2,L2:mapped:591,67.68999999999998,1.8369
252383::126.swc,605,0,2,L2:mapped:724,124.23500000000158,2.0977
252383::126.swc,605,0,2,L2:mapped:1502,0.14400000000000002,0.0584
252383::126.swc,605,0,3,L3:mapped:595,67.68999999999998,1.8369
252383::126.swc,605,0,3,L3:mapped:724,124.23500000000158,2.0977
252383::126.swc,605,0,3,L3:mapped:1503,0.14400000000000002,0.0584
252383::126.swc,605,0,4,L4:mapped:595,67.68999999999998,1.8369
252383::126.swc,605,0,4,L4:mapped:725,124.23500000000158,2.0977
252383::126.swc,605,0,4,L4:mapped:1504,0.14400000000000002,0.0584
252383::126.swc,605,0,5,L5:mapped:595,67.68999999999998,1.8369
252383::126.swc,605,0,5,L5:mapped:726,0.181,0.0722
252383::126.swc,605,0,5,L5:mapped:727,124.05400000000157,2.0971
252383::126.swc,605,0,5,L5:mapped:1504,0.14400000000000002,0.0584
252383::126.swc,605,0,6,L6:mapped:595,67.68999999999998,1.8369
252383::126.swc,605,0,6,L6:mapped:726,0.181,0.0722
252383::126.swc,605,0,6,L6:mapped:728,76.57100000000025,1.8897
252383::126.swc,605,0,6,L6:mapped:729,47.48299999999982,1.6856
252383::126.swc,605,0,6,L6:mapped:1504,0.14400000000000002,0.0584
252383::127.swc,605,0,1,L1:mapped:590,191.2199999999999,2.2838
252383::127.swc,605,0,1,L1:mapped:638,168.84000000000123,2.23
252383::127.swc,605,0,2,L2:mapped:612,190.78799999999995,2.2828
252383::127.swc,605,0,2,L2:mapped:693,82.98700000000046,1.9242
252383::127.swc,605,0,2,L2:mapped:704,18.41400000000002,1.2881
252383::127.swc,605,0,2,L2:mapped:724,67.43900000000002,1.8353
252383::127.swc,605,0,3,L3:mapped:619,41.16200000000006,1.6249
252383::127.swc,605,0,3,L3:mapped:620,149.62600000000072,2.1779
252383::127.swc,605,0,3,L3:mapped:699,82.98700000000046,1.9242
252383::127.swc,605,0,3,L3:mapped:705,18.41400000000002,1.2881
252383::127.swc,605,0,3,L3:mapped:724,67.43900000000002,1.8353
252383::127.swc,605,0,4,L4:mapped:619,41.16200000000006,1.6249
252383::127.swc,605,0,4,L4:mapped:620,149.62600000000072,2.1779
252383::127.swc,605,0,4,L4:mapped:699,82.98700000000046,1.9242
252383::127.swc,605,0,4,L4:mapped:713,18.41400000000002,1.2881
252383::127.swc,605,0,4,L4:mapped:725,67.43900000000002,1.8353
252383::127.swc,605,0,5,L5:mapped:619,41.16200000000006,1.6249
252383::127.swc,605,0,5,L5:mapped:621,17.450999999999997,1.266
252383::127.swc,605,0,5,L5:mapped:624,132.17500000000123,2.1244
252383::127.swc,605,0,5,L5:mapped:700,82.98700000000046,1.9242
252383::127.swc,605,0,5,L5:mapped:714,18.41400000000002,1.2881
252383::127.swc,605,0,5,L5:mapped:727,67.43900000000002,1.8353
252383::127.swc,605,0,6,L6:mapped:619,41.16200000000006,1.6249
252383::127.swc,605,0,6,L6:mapped:623,17.450999999999997,1.266
252383::127.swc,605,0,6,L6:mapped:624,132.17500000000123,2.1244
252383::127.swc,605,0,6,L6:mapped:700,82.98700000000046,1.9242
252383::127.swc,605,0,6,L6:mapped:714,18.41400000000002,1.2881
252383::127.swc,605,0,6,L6:mapped:729,67.43900000000002,1.8353
252383::090.swc,605,0,1,L1:mapped:138,32.60999999999999,1.5265
252383::090.swc,605,0,2,L2:mapped:224,32.60999999999999,1.5265
252383::090.swc,605,0,3,L3:mapped:224,32.60999999999999,1.5265
252383::090.swc,605,0,4,L4:mapped:225,32.60999999999999,1.5265
252383::090.swc,605,0,5,L5:mapped:227,32.60999999999999,1.5265
252383::090.swc,605,0,6,L6:mapped:229,32.60999999999999,1.5265
252790::037.swc,797,0,1,L1:mapped:90,6.0879999999999965,0.8505
252790::037.swc,797,0,1,L1:mapped:138,404.7149999999988,2.6082
252790::037.swc,797,0,1,L1:mapped:1001,1147.2539999999763,3.06
252790::037.swc,797,0,1,L1:mapped:1082,0.9540000000000002,0.2909
252790::037.swc,797,0,2,L2:mapped:91,3.1909999999999994,0.6223
252790::037.swc,797,0,2,L2:mapped:112,2.897,0.5907
252790::037.swc,797,0,2,L2:mapped:204,3.871999999999999,0.6877
252790::037.swc,797,0,2,L2:mapped:224,400.8429999999987,2.6041
252790::037.swc,797,0,2,L2:mapped:1024,4.8939999999999975,0.7704
252790::037.swc,797,0,2,L2:mapped:1050,1126.3959999999806,3.0521
252790::037.swc,797,0,2,L2:mapped:1069,6.732999999999998,0.8883
252790::037.swc,797,0,2,L2:mapped:1113,0.9540000000000002,0.2909
252790::037.swc,797,0,3,L3:mapped:95,3.1909999999999994,0.6223
252790::037.swc,797,0,3,L3:mapped:120,2.897,0.5907
252790::037.swc,797,0,3,L3:mapped:205,3.871999999999999,0.6877
252790::037.swc,797,0,3,L3:mapped:224,400.8429999999987,2.6041
252790::037.swc,797,0,3,L3:mapped:1040,4.8939999999999975,0.7704
252790::037.swc,797,0,3,L3:mapped:1051,1111.9449999999833,3.0465
252790::037.swc,797,0,3,L3:mapped:1062,14.451000000000011,1.189
252790::037.swc,797,0,3,L3:mapped:1069,6.732999999999998,0.8883
252790::037.swc,797,0,3,L3:mapped:1157,0.9540000000000002,0.2909
252790::037.swc,797,0,4,L4:mapped:95,3.1909999999999994,0.6223
252790::037.swc,797,0,4,L4:mapped:120,2.897,0.5907
252790::037.swc,797,0,4,L4:mapped:213,3.871999999999999,0.6877
252790::037.swc,797,0,4,L4:mapped:225,394.8769999999989,2.5976
252790::037.swc,797,0,4,L4:mapped:230,5.965999999999998,0.843
252790::037.swc,797,0,4,L4:mapped:1041,2.9699999999999993,0.5988
252790::037.swc,797,0,4,L4:mapped:1046,1.9239999999999995,0.466
252790::037.swc,797,0,4,L4:mapped:1052,1111.9449999999833,3.0465
252790::037.swc,797,0,4,L4:mapped:1062,14.451000000000011,1.189
252790::037.swc,797,0,4,L4:mapped:1070,6.732999999999998,0.8883
252790::037.swc,797,0,4,L4:mapped:1158,0.9540000000000002,0.2909
252790::037.swc,797,0,5,L5:mapped:95,3.1909999999999994,0.6223
252790::037.swc,797,0,5,L5:mapped:124,2.897,0.5907
252790::037.swc,797,0,5,L5:mapped:214,3.871999999999999,0.6877
252790::037.swc,797,0,5,L5:mapped:227,394.8769999999989,2.5976
252790::037.swc,797,0,5,L5:mapped:230,5.965999999999998,0.843
252790::037.swc,797,0,5,L5:mapped:1042,2.9699999999999993,0.5988
252790::037.swc,797,0,5,L5:mapped:1049,1.9239999999999995,0.466
252790::037.swc,797,0,5,L5:mapped:1056,1070.4209999999832,3.03
252790::037.swc,797,0,5,L5:mapped:1057,41.524,1.6286
252790::037.swc,797,0,5,L5:mapped:1063,14.451000000000011,1.189
252790::037.swc,797,0,5,L5:mapped:1070,6.732999999999998,0.8883
252790::037.swc,797,0,5,L5:mapped:1158,0.9540000000000002,0.2909
252790::037.swc,797,0,6,L6:mapped:95,3.1909999999999994,0.6223
252790::037.swc,797,0,6,L6:mapped:124,2.897,0.5907
252790::037.swc,797,0,6,L6:mapped:214,3.871999999999999,0.6877
252790::037.swc,797,0,6,L6:mapped:229,394.8769999999989,2.5976
252790::037.swc,797,0,6,L6:mapped:230,5.965999999999998,0.843
252790::037.swc,797,0,6,L6:mapped:1042,2.9699999999999993,0.5988
252790::037.swc,797,0,6,L6:mapped:1049,1.9239999999999995,0.466
252790::037.swc,797,0,6,L6:mapped:1056,1070.4209999999832,3.03
252790::037.swc,797,0,6,L6:mapped:1057,41.524,1.6286
252790::037.swc,797,0,6,L6:mapped:1064,14.451000000000011,1.189
252790::037.swc,797,0,6,L6:mapped:1072,6.732999999999998,0.8883
252790::037.swc,797,0,6,L6:mapped:1158,0.9540000000000002,0.2909
252383::118.swc,605,0,1,L1:mapped:590,4.891999999999995,0.7703
252383::118.swc,605,0,1,L1:mapped:638,201.00100000000018,2.3054
252383::118.swc,605,0,2,L2:mapped:591,4.891999999999995,0.7703
252383::118.swc,605,0,2,L2:mapped:724,201.00100000000018,2.3054
252383::118.swc,605,0,3,L3:mapped:595,4.891999999999995,0.7703
252383::118.swc,605,0,3,L3:mapped:724,201.00100000000018,2.3054
252383::118.swc,605,0,4,L4:mapped:595,4.891999999999995,0.7703
252383::118.swc,605,0,4,L4:mapped:725,201.00100000000018,2.3054
252383::118.swc,605,0,5,L5:mapped:595,4.891999999999995,0.7703
252383::118.swc,605,0,5,L5:mapped:727,201.00100000000018,2.3054
252383::118.swc,605,0,6,L6:mapped:595,4.891999999999995,0.7703
252383::118.swc,605,0,6,L6:mapped:729,201.00100000000018,2.3054
252383::119.swc,605,0,1,L1:mapped:590,3.1619999999999995,0.6193
252383::119.swc,605,0,1,L1:mapped:638,144.38100000000142,2.1625
252383::119.swc,605,0,2,L2:mapped:591,3.1619999999999995,0.6193
252383::119.swc,605,0,2,L2:mapped:724,144.38100000000142,2.1625
252383::119.swc,605,0,3,L3:mapped:595,3.1619999999999995,0.6193
252383::119.swc,605,0,3,L3:mapped:724,144.38100000000142,2.1625
252383::119.swc,605,0,4,L4:mapped:595,3.1619999999999995,0.6193
252383::119.swc,605,0,4,L4:mapped:725,144.38100000000142,2.1625
252383::119.swc,605,0,5,L5:mapped:595,3.1619999999999995,0.6193
252383::119.swc,605,0,5,L5:mapped:727,144.38100000000142,2.1625
252383::119.swc,605,0,6,L6:mapped:595,3.1619999999999995,0.6193
252383::119.swc,605,0,6,L6:mapped:729,144.38100000000142,2.1625
252383::094.swc,605,0,1,L1:mapped:138,40.04499999999997,1.6133
252383::094.swc,605,0,2,L2:mapped:224,40.04499999999997,1.6133
252383::094.swc,605,0,3,L3:mapped:224,40.04499999999997,1.6133
252383::094.swc,605,0,4,L4:mapped:225,40.04499999999997,1.6133
252383::094.swc,605,0,5,L5:mapped:227,40.04499999999997,1.6133
252383::094.swc,605,0,6,L6:mapped:229,40.04499999999997,1.6133
252383::097.swc,605,0,1,L1:mapped:138,132.16300000000226,2.1244
252383::097.swc,605,0,2,L2:mapped:224,132.16300000000226,2.1244
252383::097.swc,605,0,3,L3:mapped:224,132.16300000000226,2.1244
252383::097.swc,605,0,4,L4:mapped:225,132.16300000000226,2.1244
252383::097.swc,605,0,5,L5:mapped:227,132.16300000000226,2.1244
252383::097.swc,605,0,6,L6:mapped:229,132.16300000000226,2.1244
252383::123.swc,605,0,1,L1:mapped:638,5.97,0.8432
252383::123.swc,605,0,2,L2:mapped:724,5.97,0.8432
252383::123.swc,605,0,3,L3:mapped:724,5.97,0.8432
252383::123.swc,605,0,4,L4:mapped:725,5.97,0.8432
252383::123.swc,605,0,5,L5:mapped:727,5.97,0.8432
252383::123.swc,605,0,6,L6:mapped:729,5.97,0.8432
252790::116.swc,797,0,1,L1:mapped:1001,2.5949999999999993,0.5557
252790::116.swc,797,0,1,L1:mapped:1082,2.02,0.48
252790::116.swc,797,0,1,L1:mapped:1169,8.184999999999997,0.9631
252790::116.swc,797,0,2,L2:mapped:1050,2.5949999999999993,0.5557
252790::116.swc,797,0,2,L2:mapped:1170,8.184999999999997,0.9631
252790::116.swc,797,0,3,L3:mapped:1051,2.5949999999999993,0.5557
252790::116.swc,797,0,3,L3:mapped:1200,8.184999999999997,0.9631
252790::116.swc,797,0,4,L4:mapped:1052,2.5949999999999993,0.5557
252790::116.swc,797,0,4,L4:mapped:1204,8.184999999999997,0.9631
252790::116.swc,797,0,5,L5:mapped:1056,2.5949999999999993,0.5557
252790::116.swc,797,0,5,L5:mapped:1210,8.184999999999997,0.9631
252790::116.swc,797,0,6,L6:mapped:1056,2.5949999999999993,0.5557
252790::116.swc,797,0,6,L6:mapped:1210,8.184999999999997,0.9631
252790::115.swc,797,0,1,L1:mapped:90,138.65500000000088,2.1451
252790::115.swc,797,0,1,L1:mapped:138,18.225999999999985,1.2839
252790::115.swc,797,0,1,L1:mapped:1001,30.248999999999988,1.4948
252790::115.swc,797,0,2,L2:mapped:112,138.65500000000088,2.1451
252790::115.swc,797,0,2,L2:mapped:224,18.14199999999998,1.282
252790::115.swc,797,0,2,L2:mapped:1002,30.248999999999988,1.4948
252790::115.swc,797,0,3,L3:mapped:120,138.65500000000088,2.1451
252790::115.swc,797,0,3,L3:mapped:224,18.14199999999998,1.282
252790::115.swc,797,0,3,L3:mapped:1003,30.248999999999988,1.4948
252790::115.swc,797,0,4,L4:mapped:120,138.65500000000088,2.1451
252790::115.swc,797,0,4,L4:mapped:225,18.14199999999998,1.282
252790::115.swc,797,0,4,L4:mapped:1004,30.248999999999988,1.4948
252790::115.swc,797,0,5,L5:mapped:124,137.01900000000097,2.1399
252790::115.swc,797,0,5,L5:mapped:227,18.14199999999998,1.282
252790::115.swc,797,0,5,L5:mapped:1004,30.248999999999988,1.4948
252790::115.swc,797,0,6,L6:mapped:124,137.01900000000097,2.1399
252790::115.swc,797,0,6,L6:mapped:229,18.14199999999998,1.282
252790::115.swc,797,0,6,L6:mapped:1004,30.248999999999988,1.4948
252383::124.swc,605,0,1,L1:mapped:590,58.77399999999986,1.7765
252383::124.swc,605,0,1,L1:mapped:638,2.008,0.4783
252383::124.swc,605,0,2,L2:mapped:591,58.77399999999986,1.7765
252383::124.swc,605,0,2,L2:mapped:724,2.008,0.4783
252383::124.swc,605,0,3,L3:mapped:595,58.77399999999986,1.7765
252383::124.swc,605,0,3,L3:mapped:724,2.008,0.4783
252383::124.swc,605,0,4,L4:mapped:595,58.77399999999986,1.7765
252383::124.swc,605,0,4,L4:mapped:725,2.008,0.4783
252383::124.swc,605,0,5,L5:mapped:595,58.77399999999986,1.7765
252383::124.swc,605,0,5,L5:mapped:727,2.008,0.4783
252383::124.swc,605,0,6,L6:mapped:595,58.77399999999986,1.7765
252383::124.swc,605,0,6,L6:mapped:729,2.008,0.4783
252384::080.swc,948,0,1,L1:mapped:501,692.3009999999871,2.8409
252384::080.swc,948,0,1,L1:mapped:1501,228.3899999999985,2.3606
252384::080.swc,948,0,2,L2:mapped:502,8.496999999999996,0.9776
252384::080.swc,948,0,2,L2:mapped:516,6.142999999999993,0.8539
252384::080.swc,948,0,2,L2:mapped:577,677.6609999999874,2.8317
252384::080.swc,948,0,2,L2:mapped:1502,207.5959999999987,2.3193
252384::080.swc,948,0,2,L2:mapped:1550,20.793999999999993,1.3383
252384::080.swc,948,0,3,L3:mapped:511,8.496999999999996,0.9776
252384::080.swc,948,0,3,L3:mapped:537,6.142999999999993,0.8539
252384::080.swc,948,0,3,L3:mapped:578,551.9719999999896,2.7427
252384::080.swc,948,0,3,L3:mapped:587,125.68900000000188,2.1027
252384::080.swc,948,0,3,L3:mapped:1503,207.5959999999987,2.3193
252384::080.swc,948,0,3,L3:mapped:1551,20.793999999999993,1.3383
252384::080.swc,948,0,4,L4:mapped:511,8.496999999999996,0.9776
252384::080.swc,948,0,4,L4:mapped:538,6.142999999999993,0.8539
252384::080.swc,948,0,4,L4:mapped:579,4.056999999999998,0.7039
252384::080.swc,948,0,4,L4:mapped:580,547.9149999999912,2.7395
252384::080.swc,948,0,4,L4:mapped:587,125.68900000000188,2.1027
252384::080.swc,948,0,4,L4:mapped:1504,207.5959999999987,2.3193
252384::080.swc,948,0,4,L4:mapped:1552,20.793999999999993,1.3383
252384::080.swc,948,0,5,L5:mapped:515,8.496999999999996,0.9776
252384::080.swc,948,0,5,L5:mapped:540,6.142999999999993,0.8539
252384::080.swc,948,0,5,L5:mapped:579,4.056999999999998,0.7039
252384::080.swc,948,0,5,L5:mapped:581,547.9149999999912,2.7395
252384::080.swc,948,0,5,L5:mapped:588,114.83800000000166,2.0639
252384::080.swc,948,0,5,L5:mapped:589,10.850999999999985,1.0738
252384::080.swc,948,0,5,L5:mapped:1504,207.5959999999987,2.3193
252384::080.swc,948,0,5,L5:mapped:1556,20.793999999999993,1.3383
252384::080.swc,948,0,6,L6:mapped:515,8.496999999999996,0.9776
252384::080.swc,948,0,6,L6:mapped:542,6.142999999999993,0.8539
252384::080.swc,948,0,6,L6:mapped:579,4.056999999999998,0.7039
252384::080.swc,948,0,6,L6:mapped:582,533.1379999999901,2.7277
252384::080.swc,948,0,6,L6:mapped:583,14.776999999999978,1.198
252384::080.swc,948,0,6,L6:mapped:588,114.83800000000166,2.0639
252384::080.swc,948,0,6,L6:mapped:589,10.850999999999985,1.0738
252384::080.swc,948,0,6,L6:mapped:1504,207.5959999999987,2.3193
252384::080.swc,948,0,6,L6:mapped:1556,20.793999999999993,1.3383
252383::117.swc,605,0,1,L1:mapped:590,96.89100000000053,1.9907
252383::117.swc,605,0,1,L1:mapped:638,167.75200000000112,2.2272
252383::117.swc,605,0,2,L2:mapped:591,27.20599999999999,1.4503
252383::117.swc,605,0,2,L2:mapped:612,69.6850000000001,1.8493
252383::117.swc,605,0,2,L2:mapped:693,74.22400000000016,1.8764
252383::117.swc,605,0,2,L2:mapped:724,87.56500000000068,1.9473
252383::117.swc,605,0,3,L3:mapped:595,27.20599999999999,1.4503
252383::117.swc,605,0,3,L3:mapped:619,49.71799999999993,1.7052
252383::117.swc,605,0,3,L3:mapped:694,43.16999999999995,1.6451
252383::117.swc,605,0,3,L3:mapped:699,31.053999999999995,1.5059
252383::117.swc,605,0,3,L3:mapped:724,87.56500000000068,1.9473
252383::117.swc,605,0,4,L4:mapped:595,27.20599999999999,1.4503
252383::117.swc,605,0,4,L4:mapped:619,49.71799999999993,1.7052
252383::117.swc,605,0,4,L4:mapped:695,43.16999999999995,1.6451
252383::117.swc,605,0,4,L4:mapped:699,31.053999999999995,1.5059
252383::117.swc,605,0,4,L4:mapped:725,77.3990000000004,1.8943
252383::117.swc,605,0,5,L5:mapped:595,27.20599999999999,1.4503
252383::117.swc,605,0,5,L5:mapped:619,49.71799999999993,1.7052
252383::117.swc,605,0,5,L5:mapped:696,43.16999999999995,1.6451
252383::117.swc,605,0,5,L5:mapped:700,31.053999999999995,1.5059
252383::117.swc,605,0,5,L5:mapped:727,77.3990000000004,1.8943
252383::117.swc,605,0,6,L6:mapped:595,27.20599999999999,1.4503
252383::117.swc,605,0,6,L6:mapped:619,49.71799999999993,1.7052
252383::117.swc,605,0,6,L6:mapped:696,43.16999999999995,1.6451
252383::117.swc,605,0,6,L6:mapped:700,31.053999999999995,1.5059
252383::117.swc,605,0,6,L6:mapped:729,77.3990000000004,1.8943
252385::021.swc,331,0,1,L1:mapped:1,304.23499999999666,2.4846
252385::021.swc,331,0,1,L1:mapped:90,256.640999999999,2.411
252385::021.swc,331,0,1,L1:mapped:138,166.2250000000013,2.2233
252385::021.swc,331,0,1,L1:mapped:1001,841.5499999999845,2.9256
252385::021.swc,331,0,2,L2:mapped:16,304.23499999999666,2.4846
252385::021.swc,331,0,2,L2:mapped:91,256.640999999999,2.411
252385::021.swc,331,0,2,L2:mapped:224,166.2250000000013,2.2233
252385::021.swc,331,0,2,L2:mapped:1050,835.2019999999837,2.9223
252385::021.swc,331,0,3,L3:mapped:37,304.23499999999666,2.4846
252385::021.swc,331,0,3,L3:mapped:95,256.640999999999,2.411
252385::021.swc,331,0,3,L3:mapped:224,166.2250000000013,2.2233
252385::021.swc,331,0,3,L3:mapped:1051,827.4259999999846,2.9183
252385::021.swc,331,0,3,L3:mapped:1062,7.775999999999995,0.9433
252385::021.swc,331,0,4,L4:mapped:38,6.070999999999997,0.8495
252385::021.swc,331,0,4,L4:mapped:47,298.16399999999703,2.4759
252385::021.swc,331,0,4,L4:mapped:95,256.640999999999,2.411
252385::021.swc,331,0,4,L4:mapped:225,166.2250000000013,2.2233
252385::021.swc,331,0,4,L4:mapped:1052,691.1299999999857,2.8402
252385::021.swc,331,0,4,L4:mapped:1059,136.2960000000017,2.1377
252385::021.swc,331,0,4,L4:mapped:1062,7.775999999999995,0.9433
252385::021.swc,331,0,5,L5:mapped:40,6.070999999999997,0.8495
252385::021.swc,331,0,5,L5:mapped:48,297.77299999999696,2.4753
252385::021.swc,331,0,5,L5:mapped:95,256.640999999999,2.411
252385::021.swc,331,0,5,L5:mapped:227,166.2250000000013,2.2233
252385::021.swc,331,0,5,L5:mapped:1053,13.519999999999992,1.162
252385::021.swc,331,0,5,L5:mapped:1056,677.4549999999851,2.8315
252385::021.swc,331,0,5,L5:mapped:1057,0.155,0.0626
252385::021.swc,331,0,5,L5:mapped:1060,136.2960000000017,2.1377
252385::021.swc,331,0,5,L5:mapped:1067,7.775999999999995,0.9433
252385::021.swc,331,0,6,L6:mapped:43,6.070999999999997,0.8495
252385::021.swc,331,0,6,L6:mapped:48,297.77299999999696,2.4753
252385::021.swc,331,0,6,L6:mapped:95,256.640999999999,2.411
252385::021.swc,331,0,6,L6:mapped:228,166.2250000000013,2.2233
252385::021.swc,331,0,6,L6:mapped:1054,13.519999999999992,1.162
252385::021.swc,331,0,6,L6:mapped:1056,677.4549999999851,2.8315
252385::021.swc,331,0,6,L6:mapped:1057,0.155,0.0626
252385::021.swc,331,0,6,L6:mapped:1060,136.2960000000017,2.1377
252385::021.swc,331,0,6,L6:mapped:1067,7.775999999999995,0.9433
252383::095.swc,605,0,1,L1:mapped:138,1.8709999999999993,0.458
252383::095.swc,605,0,2,L2:mapped:224,1.8709999999999993,0.458
252383::095.swc,605,0,3,L3:mapped:224,1.8709999999999993,0.458
252383::095.swc,605,0,4,L4:mapped:225,1.8709999999999993,0.458
252383::095.swc,605,0,5,L5:mapped:227,1.8709999999999993,0.458
252383::095.swc,605,0,6,L6:mapped:229,1.8709999999999993,0.458
252383::036.swc,605,0,1,L1:mapped:590,2.526,0.5473
252383::036.swc,605,0,1,L1:mapped:638,0.234,0.0913
252383::036.swc,605,0,1,L1:mapped:1582,17.553999999999974,1.2684
252383::036.swc,605,0,2,L2:mapped:612,2.526,0.5473
252383::036.swc,605,0,2,L2:mapped:724,0.234,0.0913
252383::036.swc,605,0,2,L2:mapped:1613,17.553999999999974,1.2684
252383::036.swc,605,0,3,L3:mapped:620,2.526,0.5473
252383::036.swc,605,0,3,L3:mapped:724,0.234,0.0913
252383::036.swc,605,0,3,L3:mapped:1635,10.906,1.0758
252383::036.swc,605,0,4,L4:mapped:620,2.526,0.5473
252383::036.swc,605,0,4,L4:mapped:725,0.234,0.0913
252383::036.swc,605,0,4,L4:mapped:1643,10.906,1.0758
252383::036.swc,605,0,5,L5:mapped:624,2.526,0.5473
252383::036.swc,605,0,5,L5:mapped:727,0.234,0.0913
252383::036.swc,605,0,5,L5:mapped:1646,10.906,1.0758
252383::036.swc,605,0,6,L6:mapped:624,2.526,0.5473
252383::036.swc,605,0,6,L6:mapped:729,0.234,0.0913
252383::036.swc,605,0,6,L6:mapped:1646,10.906,1.0758
252385::022.swc,331,0,1,L1:mapped:1,139.7260000000015,2.1484
252385::022.swc,331,0,1,L1:mapped:90,42.9109999999999,1.6426
252385::022.swc,331,0,2,L2:mapped:16,32.92999999999998,1.5306
252385::022.swc,331,0,2,L2:mapped:77,106.79600000000111,2.0326
252385::022.swc,331,0,2,L2:mapped:91,42.9109999999999,1.6426
252385::022.swc,331,0,3,L3:mapped:37,32.92999999999998,1.5306
252385::022.swc,331,0,3,L3:mapped:78,106.79600000000111,2.0326
252385::022.swc,331,0,3,L3:mapped:95,42.9109999999999,1.6426
252385::022.swc,331,0,4,L4:mapped:47,32.92999999999998,1.5306
252385::022.swc,331,0,4,L4:mapped:80,106.79600000000111,2.0326
252385::022.swc,331,0,4,L4:mapped:95,42.9109999999999,1.6426
252385::022.swc,331,0,5,L5:mapped:48,26.525999999999993,1.4397
252385::022.swc,331,0,5,L5:mapped:84,106.79600000000111,2.0326
252385::022.swc,331,0,5,L5:mapped:95,42.9109999999999,1.6426
252385::022.swc,331,0,6,L6:mapped:48,26.525999999999993,1.4397
252385::022.swc,331,0,6,L6:mapped:86,106.79600000000111,2.0326
252385::022.swc,331,0,6,L6:mapped:95,42.9109999999999,1.6426
252383::096.swc,605,0,1,L1:mapped:138,78.29800000000017,1.8993
252383::096.swc,605,0,2,L2:mapped:204,46.15399999999984,1.6735
252383::096.swc,605,0,2,L2:mapped:224,32.143999999999984,1.5204
252383::096.swc,605,0,3,L3:mapped:205,46.15399999999984,1.6735
252383::096.swc,605,0,3,L3:mapped:224,32.143999999999984,1.5204
252383::096.swc,605,0,4,L4:mapped:213,46.15399999999984,1.6735
252383::096.swc,605,0,4,L4:mapped:225,32.143999999999984,1.5204
252383::096.swc,605,0,5,L5:mapped:214,46.15399999999984,1.6735
252383::096.swc,605,0,5,L5:mapped:227,32.143999999999984,1.5204
252383::096.swc,605,0,6,L6:mapped:214,46.15399999999984,1.6735
252383::096.swc,605,0,6,L6:mapped:229,32.143999999999984,1.5204
