run,path,sha256,sum,nonzero_voxels,maximum
main_endpoints,group_analysis/evolution_20261008/arm_mapping_20261009/main/endpoints/animal_maps/animal-331_space-NMTv2p1_region-ARM6_0_L_desc-meanCandidateEndpointCount_map.nii.gz,10bf36588283803f41ce1f610bf125bcab87d3a750251afba8f5b6cded63d8d7,114.0,93,3.0
main_endpoints,group_analysis/evolution_20261008/arm_mapping_20261009/main/endpoints/animal_maps/animal-331_space-NMTv2p1_region-ARM6_0_L_desc-meanCandidateEndpointDensity_map.nii.gz,637c26df692d4f53f14599d93c22b587e4ba5c14522aef4c1a6adceca81d9f8a,7296.0,93,192.0
main_endpoints,group_analysis/evolution_20261008/arm_mapping_20261009/main/endpoints/animal_maps/animal-331_space-NMTv2p1_region-ARM6_0_L_desc-candidateEndpointOccupancy_map.nii.gz,61fc01f388202e79522dff8f6584f55333e6c3983eb24d52ad6d163249635e3b,93.0,93,1.0
main_endpoints,group_analysis/evolution_20261008/arm_mapping_20261009/main/endpoints/animal_maps/animal-331_space-NMTv2p1_region-ARM6_1004_L_desc-meanCandidateEndpointCount_map.nii.gz,de6f48f86a23504a19ebda99620c9e1a906b0068c4ef8a520fb04032c3fe0d3d,96.5,180,1.5
main_endpoints,group_analysis/evolution_20261008/arm_mapping_20261009/main/endpoints/animal_maps/animal-331_space-NMTv2p1_region-ARM6_1004_L_desc-meanCandidateEndpointDensity_map.nii.gz,2cc1d52d5fbbf0954fc578d5465215d643e64366de523596c8c57ff844ec9e8b,6176.0,180,96.0
main_endpoints,group_analysis/evolution_20261008/arm_mapping_20261009/main/endpoints/animal_maps/animal-331_space-NMTv2p1_region-ARM6_1004_L_desc-candidateEndpointOccupancy_map.nii.gz,8029e47977173e64bc37371c95ff1ca92016269e2dd40c996e6a4003bde717f8,90.0,180,0.5
main_endpoints,group_analysis/evolution_20261008/arm_mapping_20261009/main/endpoints/animal_maps/animal-331_space-NMTv2p1_region-ARM6_228_L_desc-meanCandidateEndpointCount_map.nii.gz,27219af8cbfedef03ed17ec2b0a72df561570dba8880886cbb2e2a065d3c4efa,574.6666784286499,1041,6.333333492279053
main_endpoints,group_analysis/evolution_20261008/arm_mapping_20261009/main/endpoints/animal_maps/animal-331_space-NMTv2p1_region-ARM6_228_L_desc-meanCandidateEndpointDensity_map.nii.gz,def5e83dfc50a0178186fe7dcb9c815d9031bcffbe9618572418ca1665637214,36778.667419433594,1041,405.3333435058594
main_endpoints,group_analysis/evolution_20261008/arm_mapping_20261009/main/endpoints/animal_maps/animal-331_space-NMTv2p1_region-ARM6_228_L_desc-candidateEndpointOccupancy_map.nii.gz,aa8c14f0558a37e4a9f550fc9a8301d699cd110681bd51803a4dce674c60145a,356.66667726635933,1041,1.0
main_endpoints,group_analysis/evolution_20261008/arm_mapping_20261009/main/endpoints/animal_maps/animal-331_space-NMTv2p1_region-ARM6_42_L_desc-meanCandidateEndpointCount_map.nii.gz,cf4f9a105bd0646cf5cf8abd9949aaa1941da0cc5e42ea9aca0a6d1191f6b496,158.81818652153015,1478,0.6363636255264282
main_endpoints,group_analysis/evolution_20261008/arm_mapping_20261009/main/endpoints/animal_maps/animal-331_space-NMTv2p1_region-ARM6_42_L_desc-meanCandidateEndpointDensity_map.nii.gz,cb4a5f5e4923642c34426f075b38164d62eabc07beddae1dad10845b7b40badb,10164.36393737793,1478,40.727272033691406
main_endpoints,group_analysis/evolution_20261008/arm_mapping_20261009/main/endpoints/animal_maps/animal-331_space-NMTv2p1_region-ARM6_42_L_desc-candidateEndpointOccupancy_map.nii.gz,19c804bac65f9f0e81c376d8c48112b872efaa532f91826ed69d3e80129d4bb6,139.0909132361412,1478,0.27272728085517883
main_endpoints,group_analysis/evolution_20261008/arm_mapping_20261009/main/endpoints/animal_maps/animal-331_space-NMTv2p1_region-ARM6_48_L_desc-meanCandidateEndpointCount_map.nii.gz,2cb75bfd75ede95167cd411f0704f3ddae3c3397c5205ad4199acda6d6a63689,158.36363983154297,782,8.727272987365723
main_endpoints,group_analysis/evolution_20261008/arm_mapping_20261009/main/endpoints/animal_maps/animal-331_space-NMTv2p1_region-ARM6_48_L_desc-meanCandidateEndpointDensity_map.nii.gz,4d7f122ddea6903966d247a75c3e6632bbed3d20954a861307f130ee1a2d69db,10135.27294921875,782,558.5454711914062
main_endpoints,group_analysis/evolution_20261008/arm_mapping_20261009/main/endpoints/animal_maps/animal-331_space-NMTv2p1_region-ARM6_48_L_desc-candidateEndpointOccupancy_map.nii.gz,c9ddf18223a8868873c610876b5a9dae4ad527ec807e1cefa3216a7cd73b573d,78.36363869905472,782,0.4545454680919647
main_endpoints,group_analysis/evolution_20261008/arm_mapping_20261009/main/endpoints/animal_maps/animal-331_space-NMTv2p1_region-ARM6_542_R_desc-meanCandidateEndpointCount_map.nii.gz,8246f70905f4a1c8ce427aed5fac848bb91180e91529f24987c2011c35510ddd,200.5,205,9.0
main_endpoints,group_analysis/evolution_20261008/arm_mapping_20261009/main/endpoints/animal_maps/animal-331_space-NMTv2p1_region-ARM6_542_R_desc-meanCandidateEndpointDensity_map.nii.gz,f55e91cb375469c5557dc11d5c1115448821f1255ac17ba5c44ead3033a31ca2,12832.0,205,576.0
main_endpoints,group_analysis/evolution_20261008/arm_mapping_20261009/main/endpoints/animal_maps/animal-331_space-NMTv2p1_region-ARM6_542_R_desc-candidateEndpointOccupancy_map.nii.gz,543ce861a082a6fc0edb4795599a790828581e6b345a12e877fe0969efd6f86d,102.5,205,0.5
main_endpoints,group_analysis/evolution_20261008/arm_mapping_20261009/main/endpoints/animal_maps/animal-331_space-NMTv2p1_region-ARM6_549_R_desc-meanCandidateEndpointCount_map.nii.gz,3855fc819c4b03a245389f594e0de60f1418b8b2dcc62c7d5c908c44eded84a7,93.19047800451517,877,2.5714285373687744
main_endpoints,group_analysis/evolution_20261008/arm_mapping_20261009/main/endpoints/animal_maps/animal-331_space-NMTv2p1_region-ARM6_549_R_desc-meanCandidateEndpointDensity_map.nii.gz,98139f680679bb4aeb510379e90d4dd6adc907c77b7ecb92114d7407519d4780,5964.190592288971,877,164.57142639160156
main_endpoints,group_analysis/evolution_20261008/arm_mapping_20261009/main/endpoints/animal_maps/animal-331_space-NMTv2p1_region-ARM6_549_R_desc-candidateEndpointOccupancy_map.nii.gz,d31d41a68116d0d6b7d1cfd03b8b8dfccee076084406d792ea7ebe51625a0ea6,46.90476283803582,877,0.190476194024086
main_endpoints,group_analysis/evolution_20261008/arm_mapping_20261009/main/endpoints/animal_maps/animal-331_space-NMTv2p1_region-ARM6_729_R_desc-meanCandidateEndpointCount_map.nii.gz,1c35c1ed98dad6e4341def8caa82478f53e690c818024756b2495427e3c519e4,115.5,54,12.0
main_endpoints,group_analysis/evolution_20261008/arm_mapping_20261009/main/endpoints/animal_maps/animal-331_space-NMTv2p1_region-ARM6_729_R_desc-meanCandidateEndpointDensity_map.nii.gz,b8d570a402f874c04063594d297f394189f845b9db5943532f2719b78621fce3,7392.0,54,768.0
main_endpoints,group_analysis/evolution_20261008/arm_mapping_20261009/main/endpoints/animal_maps/animal-331_space-NMTv2p1_region-ARM6_729_R_desc-candidateEndpointOccupancy_map.nii.gz,634e14f913ddff5cd95d6400c05803ab1ce1097628913b9c8ede166412c96bd1,30.0,54,1.0
main_endpoints,group_analysis/evolution_20261008/arm_mapping_20261009/main/endpoints/animal_maps/animal-605_space-NMTv2p1_region-ARM6_229_L_desc-meanCandidateEndpointCount_map.nii.gz,9b03b14010fff05ba23c0242cbaf1431fb00ff479fb47cb079ee64f94c99c08a,124.0,92,4.0
main_endpoints,group_analysis/evolution_20261008/arm_mapping_20261009/main/endpoints/animal_maps/animal-605_space-NMTv2p1_region-ARM6_229_L_desc-meanCandidateEndpointDensity_map.nii.gz,da6372b4e4fc1894879fa70016adcab987f4bc44686be82b033557eb7c4306f0,7936.0,92,256.0
main_endpoints,group_analysis/evolution_20261008/arm_mapping_20261009/main/endpoints/animal_maps/animal-605_space-NMTv2p1_region-ARM6_229_L_desc-candidateEndpointOccupancy_map.nii.gz,50a2c838412832583330502a2af5e8280242afa92267d2e9a09b047dd85f5196,92.0,92,1.0
main_endpoints,group_analysis/evolution_20261008/arm_mapping_20261009/main/endpoints/animal_maps/animal-605_space-NMTv2p1_region-ARM6_729_R_desc-meanCandidateEndpointCount_map.nii.gz,922292bf81b8ade94f5a78b106d06b71d8bdcdd7bd97c063313b28e7bd1c186e,87.20000095665455,240,3.200000047683716
main_endpoints,group_analysis/evolution_20261008/arm_mapping_20261009/main/endpoints/animal_maps/animal-605_space-NMTv2p1_region-ARM6_729_R_desc-meanCandidateEndpointDensity_map.nii.gz,43e20122d26f6e933310af8e035fa39bd2412f423c9ac9a073ba3bb5d42ee969,5580.800061225891,240,204.8000030517578
main_endpoints,group_analysis/evolution_20261008/arm_mapping_20261009/main/endpoints/animal_maps/animal-605_space-NMTv2p1_region-ARM6_729_R_desc-candidateEndpointOccupancy_map.nii.gz,3e651d82e034ac00e4ec33bfb966ae6e53ca7664346577ce0d1ff0caf075cf4e,49.40000073611736,240,0.4000000059604645
main_endpoints,group_analysis/evolution_20261008/arm_mapping_20261009/main/endpoints/animal_maps/animal-631_space-NMTv2p1_region-ARM6_228_L_desc-meanCandidateEndpointCount_map.nii.gz,c9b7e469bb07bb4d61837cd484b67cbc91b878f908bd885118a3d266d4ef8ab4,746.0000162422657,1446,10.0
main_endpoints,group_analysis/evolution_20261008/arm_mapping_20261009/main/endpoints/animal_maps/animal-631_space-NMTv2p1_region-ARM6_228_L_desc-meanCandidateEndpointDensity_map.nii.gz,12f6013f0d66d0c67271bb63b7126d628cc72fdad3d9abef9236423d5cbd7144,47744.001039505005,1446,640.0
main_endpoints,group_analysis/evolution_20261008/arm_mapping_20261009/main/endpoints/animal_maps/animal-631_space-NMTv2p1_region-ARM6_228_L_desc-candidateEndpointOccupancy_map.nii.gz,0ea789639739fe25d1979d5286685714b2c62ce4e0dee37ec406824d7f250362,487.33334785699844,1446,0.6666666865348816
main_endpoints,group_analysis/evolution_20261008/arm_mapping_20261009/main/endpoints/animal_maps/animal-631_space-NMTv2p1_region-ARM6_48_L_desc-meanCandidateEndpointCount_map.nii.gz,41f1a77328cfaeaf4e515e1f463edf9084bbdb570c53e72a8d36fbf37f2dfcdb,877.7143126577139,3280,4.4285712242126465
main_endpoints,group_analysis/evolution_20261008/arm_mapping_20261009/main/endpoints/animal_maps/animal-631_space-NMTv2p1_region-ARM6_48_L_desc-meanCandidateEndpointDensity_map.nii.gz,27a6d8135e0d648ff993883929aeff4aed137b04a2b7768bb933332b3d6baeec,56173.71601009369,3280,283.4285583496094
main_endpoints,group_analysis/evolution_20261008/arm_mapping_20261009/main/endpoints/animal_maps/animal-631_space-NMTv2p1_region-ARM6_48_L_desc-candidateEndpointOccupancy_map.nii.gz,f069a71dd0f9be7935f42e43373925e66949dd460ccb9cf720493a20cfac8ece,500.1428794115782,3280,0.5714285969734192
main_endpoints,group_analysis/evolution_20261008/arm_mapping_20261009/main/endpoints/animal_maps/animal-631_space-NMTv2p1_region-ARM6_548_R_desc-meanCandidateEndpointCount_map.nii.gz,a51e9edef9ffc840b4202e8e2de07d74425f27f5450241ed6bb4b136c4519930,380.0000061392784,998,8.600000381469727
main_endpoints,group_analysis/evolution_20261008/arm_mapping_20261009/main/endpoints/animal_maps/animal-631_space-NMTv2p1_region-ARM6_548_R_desc-meanCandidateEndpointDensity_map.nii.gz,7fff104c1001cf873cb88d0eaa7cb6b0298c1cf9e9e09b7491637c38129a006d,24320.00039291382,998,550.4000244140625
main_endpoints,group_analysis/evolution_20261008/arm_mapping_20261009/main/endpoints/animal_maps/animal-631_space-NMTv2p1_region-ARM6_548_R_desc-candidateEndpointOccupancy_map.nii.gz,e4eb4d214c68fafdebb674d955aeab1bc5fdea021698a97451a5c33f3e8d23ab,209.00000312924385,998,0.6000000238418579
main_endpoints,group_analysis/evolution_20261008/arm_mapping_20261009/main/endpoints/animal_maps/animal-631_space-NMTv2p1_region-ARM6_728_R_desc-meanCandidateEndpointCount_map.nii.gz,6f9702a10d82464f9ef8bea622e0af16d9d24aacd0d8d5c64239c1c757539145,766.0,481,15.0
main_endpoints,group_analysis/evolution_20261008/arm_mapping_20261009/main/endpoints/animal_maps/animal-631_space-NMTv2p1_region-ARM6_728_R_desc-meanCandidateEndpointDensity_map.nii.gz,3724732919caa8eebbe625b3a9a0620d1ec134a0b9c950590f1372bbb2ac38dc,49024.0,481,960.0
main_endpoints,group_analysis/evolution_20261008/arm_mapping_20261009/main/endpoints/animal_maps/animal-631_space-NMTv2p1_region-ARM6_728_R_desc-candidateEndpointOccupancy_map.nii.gz,f69bed52e8be7f5bc278fad57491dc293470412acee4336d16f42dc23b8a9858,481.0,481,1.0
main_endpoints,group_analysis/evolution_20261008/arm_mapping_20261009/main/endpoints/animal_maps/animal-797_space-NMTv2p1_region-ARM6_0_L_desc-meanCandidateEndpointCount_map.nii.gz,59d121f8a622a1fb45b7c1c159b5af56d5b8cbdf05c0eb2fa088420f6e46f01e,24.5,48,1.0
main_endpoints,group_analysis/evolution_20261008/arm_mapping_20261009/main/endpoints/animal_maps/animal-797_space-NMTv2p1_region-ARM6_0_L_desc-meanCandidateEndpointDensity_map.nii.gz,e3245466b7d640b31476f40876ab08a06142ac5468d50c11f2c35892a08c4107,1568.0,48,64.0
main_endpoints,group_analysis/evolution_20261008/arm_mapping_20261009/main/endpoints/animal_maps/animal-797_space-NMTv2p1_region-ARM6_0_L_desc-candidateEndpointOccupancy_map.nii.gz,cb2602bcf29e80140c2aae316d2abb8bd197cb273adb923976673c6bf05479b4,24.0,48,0.5
main_endpoints,group_analysis/evolution_20261008/arm_mapping_20261009/main/endpoints/animal_maps/animal-797_space-NMTv2p1_region-ARM6_0_R_desc-meanCandidateEndpointCount_map.nii.gz,5d8acca5e4ce72746abcc46d1db545bf5fa02331e9beaa39c391cfcab893101d,204.0,381,2.0
main_endpoints,group_analysis/evolution_20261008/arm_mapping_20261009/main/endpoints/animal_maps/animal-797_space-NMTv2p1_region-ARM6_0_R_desc-meanCandidateEndpointDensity_map.nii.gz,6c62341b1ec033016f834f5c52b1000924262148ed0d09e137d229f73479b510,13056.0,381,128.0
main_endpoints,group_analysis/evolution_20261008/arm_mapping_20261009/main/endpoints/animal_maps/animal-797_space-NMTv2p1_region-ARM6_0_R_desc-candidateEndpointOccupancy_map.nii.gz,3079016d7aa8ceac9e232f9987c0b978531f55aeb92db0fb45d727b0e9bbfea6,190.5,381,0.5
main_endpoints,group_analysis/evolution_20261008/arm_mapping_20261009/main/endpoints/animal_maps/animal-797_space-NMTv2p1_region-ARM6_1004_L_desc-meanCandidateEndpointCount_map.nii.gz,8379c8b89120bb3df2b70f0fa269594dfbe82cf8e44734711b2aaeebbf6d76e4,363.0,331,3.0
main_endpoints,group_analysis/evolution_20261008/arm_mapping_20261009/main/endpoints/animal_maps/animal-797_space-NMTv2p1_region-ARM6_1004_L_desc-meanCandidateEndpointDensity_map.nii.gz,db2a9be71c7aacbb1720eaf5f0b7edb969be59851c6f025950e3667c899b101f,23232.0,331,192.0
main_endpoints,group_analysis/evolution_20261008/arm_mapping_20261009/main/endpoints/animal_maps/animal-797_space-NMTv2p1_region-ARM6_1004_L_desc-candidateEndpointOccupancy_map.nii.gz,50bf4ce25e7e62ac1cdfc17fd9fda3b013ff87bf24b60632832c6f8b34537ee3,331.0,331,1.0
main_endpoints,group_analysis/evolution_20261008/arm_mapping_20261009/main/endpoints/animal_maps/animal-797_space-NMTv2p1_region-ARM6_1504_R_desc-meanCandidateEndpointCount_map.nii.gz,615dbb02b0917ad3430a35ba42f54e5e1eda5721cf9284eadd3fab6051956b09,920.0,736,6.0
main_endpoints,group_analysis/evolution_20261008/arm_mapping_20261009/main/endpoints/animal_maps/animal-797_space-NMTv2p1_region-ARM6_1504_R_desc-meanCandidateEndpointDensity_map.nii.gz,1db7fb7a604ffed783e5169f2a252e1258275de8f3771ad40a7971c5800f17ca,58880.0,736,384.0
main_endpoints,group_analysis/evolution_20261008/arm_mapping_20261009/main/endpoints/animal_maps/animal-797_space-NMTv2p1_region-ARM6_1504_R_desc-candidateEndpointOccupancy_map.nii.gz,cf131d417fa065d33c6ba748f303fc4973ba15e395cc4c0fe63ad1d6da82ab06,736.0,736,1.0
main_endpoints,group_analysis/evolution_20261008/arm_mapping_20261009/main/endpoints/animal_maps/animal-797_space-NMTv2p1_region-ARM6_229_L_desc-meanCandidateEndpointCount_map.nii.gz,25383f564e51a2da2193f6be870c2ee0101aba93544f5e0942c481da9bc8900f,634.6000115275383,1939,6.800000190734863
main_endpoints,group_analysis/evolution_20261008/arm_mapping_20261009/main/endpoints/animal_maps/animal-797_space-NMTv2p1_region-ARM6_229_L_desc-meanCandidateEndpointDensity_map.nii.gz,cab953ddbec2132504a93da1801eab28abc6e7d24b67c5aa5347d108543b6330,40614.40073776245,1939,435.20001220703125
main_endpoints,group_analysis/evolution_20261008/arm_mapping_20261009/main/endpoints/animal_maps/animal-797_space-NMTv2p1_region-ARM6_229_L_desc-candidateEndpointOccupancy_map.nii.gz,e9aa00c3ff88447461fc40adcd26e40b63e440c444eabc54af25c55e0915c3c6,415.6000062972307,1939,0.6000000238418579
main_endpoints,group_analysis/evolution_20261008/arm_mapping_20261009/main/endpoints/animal_maps/animal-797_space-NMTv2p1_region-ARM6_41_L_desc-meanCandidateEndpointCount_map.nii.gz,9f41cb370f4a510acea64fa948285e0f37e0d2e0587ad58c81e0ad67d404f0af,277.60001296550035,3134,1.3333333730697632
main_endpoints,group_analysis/evolution_20261008/arm_mapping_20261009/main/endpoints/animal_maps/animal-797_space-NMTv2p1_region-ARM6_41_L_desc-meanCandidateEndpointDensity_map.nii.gz,58199045813deaab41a3176738c3d44ceabf0f97ca609ece5ad2a04513bb229c,17766.400829792023,3134,85.33333587646484
main_endpoints,group_analysis/evolution_20261008/arm_mapping_20261009/main/endpoints/animal_maps/animal-797_space-NMTv2p1_region-ARM6_41_L_desc-candidateEndpointOccupancy_map.nii.gz,87ea21b345255c8ee1a9297292a1fecf75022e53028bff378c8f02101e665941,234.20001185685396,3134,0.5333333611488342
main_endpoints,group_analysis/evolution_20261008/arm_mapping_20261009/main/endpoints/animal_maps/animal-797_space-NMTv2p1_region-ARM6_42_L_desc-meanCandidateEndpointCount_map.nii.gz,f8d96edbf7b1863ba61c563094b96666f9896572f307045db8ae4ed06736bd12,1.0,1,1.0
main_endpoints,group_analysis/evolution_20261008/arm_mapping_20261009/main/endpoints/animal_maps/animal-797_space-NMTv2p1_region-ARM6_42_L_desc-meanCandidateEndpointDensity_map.nii.gz,13dd352b94a5a82f8379549c54864545c63318f12c73cc2a5b372b49d0759a1c,64.0,1,64.0
main_endpoints,group_analysis/evolution_20261008/arm_mapping_20261009/main/endpoints/animal_maps/animal-797_space-NMTv2p1_region-ARM6_42_L_desc-candidateEndpointOccupancy_map.nii.gz,f8d96edbf7b1863ba61c563094b96666f9896572f307045db8ae4ed06736bd12,1.0,1,1.0
main_endpoints,group_analysis/evolution_20261008/arm_mapping_20261009/main/endpoints/animal_maps/animal-797_space-NMTv2p1_region-ARM6_541_R_desc-meanCandidateEndpointCount_map.nii.gz,eda7dc6ba30a925c96cc7dbf1ec8b4f64e0bbd4f493f9ac067ba5e9f5d768ce4,160.0,114,7.0
main_endpoints,group_analysis/evolution_20261008/arm_mapping_20261009/main/endpoints/animal_maps/animal-797_space-NMTv2p1_region-ARM6_541_R_desc-meanCandidateEndpointDensity_map.nii.gz,629d04d7e92aa62bc155942cbc31a9df587271ad78362f14c94246745ae84dba,10240.0,114,448.0
main_endpoints,group_analysis/evolution_20261008/arm_mapping_20261009/main/endpoints/animal_maps/animal-797_space-NMTv2p1_region-ARM6_541_R_desc-candidateEndpointOccupancy_map.nii.gz,e337a3b4a335f8b56fa9e085b5f0e2c714f0375ceeafebc2335e1c38f06e355a,114.0,114,1.0
main_endpoints,group_analysis/evolution_20261008/arm_mapping_20261009/main/endpoints/animal_maps/animal-797_space-NMTv2p1_region-ARM6_542_R_desc-meanCandidateEndpointCount_map.nii.gz,734daa38ab1454f669498a6c4323712a1f643211ef2ced422bcd65d05b607297,362.6875,3691,2.4375
main_endpoints,group_analysis/evolution_20261008/arm_mapping_20261009/main/endpoints/animal_maps/animal-797_space-NMTv2p1_region-ARM6_542_R_desc-meanCandidateEndpointDensity_map.nii.gz,6092c236f695737c12dff27d371d93d18918629cf23b4109851da067178c87e6,23212.0,3691,156.0
main_endpoints,group_analysis/evolution_20261008/arm_mapping_20261009/main/endpoints/animal_maps/animal-797_space-NMTv2p1_region-ARM6_542_R_desc-candidateEndpointOccupancy_map.nii.gz,4cb5ae0d8ddb889f6296b1754612d9b07125f11cda8000c76966745c0e028421,263.8125,3691,0.4375
main_endpoints,group_analysis/evolution_20261008/arm_mapping_20261009/main/endpoints/animal_maps/animal-797_space-NMTv2p1_region-ARM6_595_R_desc-meanCandidateEndpointCount_map.nii.gz,54f5028740f311df02f37fe7a228d8c3eada707c0e44b8a0c06a43d67a0ea39c,1135.0,897,7.0
main_endpoints,group_analysis/evolution_20261008/arm_mapping_20261009/main/endpoints/animal_maps/animal-797_space-NMTv2p1_region-ARM6_595_R_desc-meanCandidateEndpointDensity_map.nii.gz,8b563d439b2f3d856335fdad87a3853a0d39eb2236289f5589b1cb540acf184d,72640.0,897,448.0
main_endpoints,group_analysis/evolution_20261008/arm_mapping_20261009/main/endpoints/animal_maps/animal-797_space-NMTv2p1_region-ARM6_595_R_desc-candidateEndpointOccupancy_map.nii.gz,382c8e3ee9a26c65cbf33fe59b3b0d1a1f155018112cabf2b67557960e0fed59,897.0,897,1.0
main_endpoints,group_analysis/evolution_20261008/arm_mapping_20261009/main/endpoints/animal_maps/animal-900_space-NMTv2p1_region-ARM6_229_L_desc-meanCandidateEndpointCount_map.nii.gz,31822e438638f5f7d4227d60199a8b2b7b2b5c0668c9e8b1e032fd971ee886eb,224.5,371,5.5
main_endpoints,group_analysis/evolution_20261008/arm_mapping_20261009/main/endpoints/animal_maps/animal-900_space-NMTv2p1_region-ARM6_229_L_desc-meanCandidateEndpointDensity_map.nii.gz,ea7e6706181c2abd8de01bf3afff46ba14a57e4152a099ab3c84da656104447e,14368.0,371,352.0
main_endpoints,group_analysis/evolution_20261008/arm_mapping_20261009/main/endpoints/animal_maps/animal-900_space-NMTv2p1_region-ARM6_229_L_desc-candidateEndpointOccupancy_map.nii.gz,d21e09d7f26bd4bf6fdc1f835882aea3b94054231af4981239f5b2e3b2f2ace0,92.75,371,0.25
main_endpoints,group_analysis/evolution_20261008/arm_mapping_20261009/main/endpoints/animal_maps/animal-900_space-NMTv2p1_region-ARM6_48_L_desc-meanCandidateEndpointCount_map.nii.gz,54dd19c0a32366776bf64de09f5efa70dd3630d51ae7210bfbc77bac63923838,73.85714516043663,291,2.857142925262451
main_endpoints,group_analysis/evolution_20261008/arm_mapping_20261009/main/endpoints/animal_maps/animal-900_space-NMTv2p1_region-ARM6_48_L_desc-meanCandidateEndpointDensity_map.nii.gz,0ca9dc4827e42c0de2ac51fa536b1a18fbe894cd03d6103909d5c12ef7576746,4726.857290267944,291,182.85714721679688
main_endpoints,group_analysis/evolution_20261008/arm_mapping_20261009/main/endpoints/animal_maps/animal-900_space-NMTv2p1_region-ARM6_48_L_desc-candidateEndpointOccupancy_map.nii.gz,a91d8d5dbeff56c950d1fbde0fbf8101db3a77ec838df5d40c058b1652b831ad,45.4285734295845,291,0.4285714328289032
main_endpoints,group_analysis/evolution_20261008/arm_mapping_20261009/main/endpoints/animal_maps/animal-900_space-NMTv2p1_region-ARM6_548_R_desc-meanCandidateEndpointCount_map.nii.gz,aa05991f9e2afd2847f975076fb5ec18417fca2417064d9cf9a8e2c39acba7aa,48.5,69,3.5
main_endpoints,group_analysis/evolution_20261008/arm_mapping_20261009/main/endpoints/animal_maps/animal-900_space-NMTv2p1_region-ARM6_548_R_desc-meanCandidateEndpointDensity_map.nii.gz,94f43c3f9aa81e02a1cc6db394130077fa707600a54b8890c37a699fca8f587a,3104.0,69,224.0
main_endpoints,group_analysis/evolution_20261008/arm_mapping_20261009/main/endpoints/animal_maps/animal-900_space-NMTv2p1_region-ARM6_548_R_desc-candidateEndpointOccupancy_map.nii.gz,17ded5b0d9291b46dd1de7e99fa78fb927d342cb7941fcd998b5d72bf8c4589b,35.0,69,1.0
main_endpoints,group_analysis/evolution_20261008/arm_mapping_20261009/main/endpoints/animal_maps/animal-936_space-NMTv2p1_region-ARM6_0_L_desc-meanCandidateEndpointCount_map.nii.gz,f0a01f449364863bf87a53335e40ebda8284769e1032f64803bf4043befc282d,96.50000150501728,649,1.7000000476837158
main_endpoints,group_analysis/evolution_20261008/arm_mapping_20261009/main/endpoints/animal_maps/animal-936_space-NMTv2p1_region-ARM6_0_L_desc-meanCandidateEndpointDensity_map.nii.gz,e142e23de223cecf4d94e1f1dedcb009e81dc40a86f021736584c28dc5810245,6176.000096321106,649,108.80000305175781
main_endpoints,group_analysis/evolution_20261008/arm_mapping_20261009/main/endpoints/animal_maps/animal-936_space-NMTv2p1_region-ARM6_0_L_desc-candidateEndpointOccupancy_map.nii.gz,50a89753a3ae461577a8f6f53defafad8fda060e230db0bf2928b053562abfd7,68.00000102072954,649,0.30000001192092896
main_endpoints,group_analysis/evolution_20261008/arm_mapping_20261009/main/endpoints/animal_maps/animal-936_space-NMTv2p1_region-ARM6_0_R_desc-meanCandidateEndpointCount_map.nii.gz,faf7be3605c2cd6fcffe76202d7f4096eddf1cb8b7f7622d2d26c8adfef61da4,75.66666868329048,178,2.0
main_endpoints,group_analysis/evolution_20261008/arm_mapping_20261009/main/endpoints/animal_maps/animal-936_space-NMTv2p1_region-ARM6_0_R_desc-meanCandidateEndpointDensity_map.nii.gz,500da4a0e4e5d9ff5da8056f8452e3bca3ab411485142739fc2ddf82f296b753,4842.666795730591,178,128.0
main_endpoints,group_analysis/evolution_20261008/arm_mapping_20261009/main/endpoints/animal_maps/animal-936_space-NMTv2p1_region-ARM6_0_R_desc-candidateEndpointOccupancy_map.nii.gz,3ceeb125b6efe6bbfecd8af612be68c34ccde2931b9b71c19bd73018663a9cd1,60.333335131406784,178,0.6666666865348816
main_endpoints,group_analysis/evolution_20261008/arm_mapping_20261009/main/endpoints/animal_maps/animal-936_space-NMTv2p1_region-ARM6_228_L_desc-meanCandidateEndpointCount_map.nii.gz,02f711df899839a490c7d29d2870715695ac4bc5acf92f8115933a845f4ff68b,148.21621819771826,3789,0.6216216087341309
main_endpoints,group_analysis/evolution_20261008/arm_mapping_20261009/main/endpoints/animal_maps/animal-936_space-NMTv2p1_region-ARM6_228_L_desc-meanCandidateEndpointDensity_map.nii.gz,8a28c16af801d2245c2192a6db1d4bb59bd223450dddc2b82d558f4f7d680aaa,9485.837964653969,3789,39.783782958984375
main_endpoints,group_analysis/evolution_20261008/arm_mapping_20261009/main/endpoints/animal_maps/animal-936_space-NMTv2p1_region-ARM6_228_L_desc-candidateEndpointOccupancy_map.nii.gz,1380e6e8790687e028d8c1e3545280b0c8566b89372742ed3c393bcf61679d1f,111.45946192368865,3789,0.10810811072587967
main_endpoints,group_analysis/evolution_20261008/arm_mapping_20261009/main/endpoints/animal_maps/animal-936_space-NMTv2p1_region-ARM6_229_L_desc-meanCandidateEndpointCount_map.nii.gz,7681c6e5ef50cd36587cbf4ae8dc3415838c8bc55c5b25ea2d69be0e8a216730,132.0434797666967,2084,0.8260869383811951
main_endpoints,group_analysis/evolution_20261008/arm_mapping_20261009/main/endpoints/animal_maps/animal-936_space-NMTv2p1_region-ARM6_229_L_desc-meanCandidateEndpointDensity_map.nii.gz,26bbf8b359b6368867455f542e2f0e438467a41cb25fc10ccfcab910a53a2f1d,8450.782705068588,2084,52.869564056396484
main_endpoints,group_analysis/evolution_20261008/arm_mapping_20261009/main/endpoints/animal_maps/animal-936_space-NMTv2p1_region-ARM6_229_L_desc-candidateEndpointOccupancy_map.nii.gz,3683edec145edcd96cfe7854fc68b2a3e324e8c66b2bfdb113373636da90ae48,100.86956692487001,2084,0.30434781312942505
main_endpoints,group_analysis/evolution_20261008/arm_mapping_20261009/main/endpoints/animal_maps/animal-936_space-NMTv2p1_region-ARM6_41_L_desc-meanCandidateEndpointCount_map.nii.gz,66e142f1ac1369de2d1840686cdef72506fe8825f5d72fba47d2fc1bd7a859f2,135.09091311693192,1310,0.4545454680919647
main_endpoints,group_analysis/evolution_20261008/arm_mapping_20261009/main/endpoints/animal_maps/animal-936_space-NMTv2p1_region-ARM6_41_L_desc-meanCandidateEndpointDensity_map.nii.gz,07999168d71b7dc6c400bc5ed9a4d77024dbb282eb21d697104e8fcf4ea43c8b,8645.818439483643,1310,29.090909957885742
main_endpoints,group_analysis/evolution_20261008/arm_mapping_20261009/main/endpoints/animal_maps/animal-936_space-NMTv2p1_region-ARM6_41_L_desc-candidateEndpointOccupancy_map.nii.gz,69a709473755ed7db268ee5afa30d916ef70a3081e374d81593714e6c8bd4805,123.18182185292244,1310,0.27272728085517883
main_endpoints,group_analysis/evolution_20261008/arm_mapping_20261009/main/endpoints/animal_maps/animal-936_space-NMTv2p1_region-ARM6_42_L_desc-meanCandidateEndpointCount_map.nii.gz,2c5076288b4e2ad498336723ea1f4cfb35e8bc1ce75edb675eac1ff5f0073b8b,159.50000240653753,1253,2.299999952316284
main_endpoints,group_analysis/evolution_20261008/arm_mapping_20261009/main/endpoints/animal_maps/animal-936_space-NMTv2p1_region-ARM6_42_L_desc-meanCandidateEndpointDensity_map.nii.gz,8e629508e6aa606b16cf9f5746a9092b2702d65f91ebd2b33ce7a6dcdadf696e,10208.000154018402,1253,147.1999969482422
main_endpoints,group_analysis/evolution_20261008/arm_mapping_20261009/main/endpoints/animal_maps/animal-936_space-NMTv2p1_region-ARM6_42_L_desc-candidateEndpointOccupancy_map.nii.gz,456e81475f1c84acffcf93ee909d294149e5825b7fa9a3bff723a45c59b54453,128.1000019237399,1253,0.30000001192092896
main_endpoints,group_analysis/evolution_20261008/arm_mapping_20261009/main/endpoints/animal_maps/animal-936_space-NMTv2p1_region-ARM6_541_R_desc-meanCandidateEndpointCount_map.nii.gz,bfdb940a61b89a5b487b0707f0bc36f0854f5fef74ecca8cd3b8a44416320d8e,151.00000115484,1263,0.4444444477558136
main_endpoints,group_analysis/evolution_20261008/arm_mapping_20261009/main/endpoints/animal_maps/animal-936_space-NMTv2p1_region-ARM6_541_R_desc-meanCandidateEndpointDensity_map.nii.gz,3251b6e06acb68c89c98fbe6af3e4cf1f8d84f5da4cc0ea5038e5aa45849f5bd,9664.00007390976,1263,28.44444465637207
main_endpoints,group_analysis/evolution_20261008/arm_mapping_20261009/main/endpoints/animal_maps/animal-936_space-NMTv2p1_region-ARM6_541_R_desc-candidateEndpointOccupancy_map.nii.gz,d4130a705d72443f7878ab2f059aa254164f090e0d7ed97bf1a433a29daf0453,141.22222327440977,1263,0.2222222238779068
main_endpoints,group_analysis/evolution_20261008/arm_mapping_20261009/main/endpoints/animal_maps/animal-936_space-NMTv2p1_region-ARM6_542_R_desc-meanCandidateEndpointCount_map.nii.gz,1529e3232a42af534b18ab99cfbc3b6efc0108b820b168724c5e4afde739245a,64.88095366582274,2366,0.190476194024086
main_endpoints,group_analysis/evolution_20261008/arm_mapping_20261009/main/endpoints/animal_maps/animal-936_space-NMTv2p1_region-ARM6_542_R_desc-meanCandidateEndpointDensity_map.nii.gz,00bd81ef430d59c1dc0ddf479e083319ed4387d0ceccffecaada677c061c2867,4152.381034612656,2366,12.190476417541504
main_endpoints,group_analysis/evolution_20261008/arm_mapping_20261009/main/endpoints/animal_maps/animal-936_space-NMTv2p1_region-ARM6_542_R_desc-candidateEndpointOccupancy_map.nii.gz,e2f892ce84f30765e33649b3dc3b663d5aeea362d2e91f4e86d9fc669886bbdc,58.61904872208834,2366,0.1190476194024086
main_endpoints,group_analysis/evolution_20261008/arm_mapping_20261009/main/endpoints/animal_maps/animal-936_space-NMTv2p1_region-ARM6_549_R_desc-meanCandidateEndpointCount_map.nii.gz,2ca5c40f04556e6989b102865c295b481fc2d69cea2506e6aecbe777867c77c5,67.125,1902,0.15625
main_endpoints,group_analysis/evolution_20261008/arm_mapping_20261009/main/endpoints/animal_maps/animal-936_space-NMTv2p1_region-ARM6_549_R_desc-meanCandidateEndpointDensity_map.nii.gz,b5858ceed359f4255c09722950d09e2ea817ef8f04a006f9b6b2e332826620e5,4296.0,1902,10.0
main_endpoints,group_analysis/evolution_20261008/arm_mapping_20261009/main/endpoints/animal_maps/animal-936_space-NMTv2p1_region-ARM6_549_R_desc-candidateEndpointOccupancy_map.nii.gz,4907d15c4adb61b2e06679c95b00d72d0e658923e5769347259791b06c92b8df,60.625,1902,0.09375
main_endpoints,group_analysis/evolution_20261008/arm_mapping_20261009/main/endpoints/animal_maps/animal-936_space-NMTv2p1_region-ARM6_728_R_desc-meanCandidateEndpointCount_map.nii.gz,ff48e2d01074f6a0896cc32953d6714855c48d3339d82f3bbb5905a14cbeb7a9,157.33333786204457,4634,0.8627451062202454
main_endpoints,group_analysis/evolution_20261008/arm_mapping_20261009/main/endpoints/animal_maps/animal-936_space-NMTv2p1_region-ARM6_728_R_desc-meanCandidateEndpointDensity_map.nii.gz,783452b28fe64214be6ec033cda80b27482612bfba09e17debfa59c5347a84f6,10069.333623170853,4634,55.2156867980957
main_endpoints,group_analysis/evolution_20261008/arm_mapping_20261009/main/endpoints/animal_maps/animal-936_space-NMTv2p1_region-ARM6_728_R_desc-candidateEndpointOccupancy_map.nii.gz,84647547252a668bd4eaf0a380df29fcc3a819996083966afce73fbf7f252385,116.0196115784347,4634,0.13725490868091583
main_endpoints,group_analysis/evolution_20261008/arm_mapping_20261009/main/endpoints/animal_maps/animal-945_space-NMTv2p1_region-ARM6_42_L_desc-meanCandidateEndpointCount_map.nii.gz,55bd32b771d62d44360dbf36967f4ec094bc89271edeffb796942b6ea2d1aa64,137.27273097634315,994,2.7272727489471436
main_endpoints,group_analysis/evolution_20261008/arm_mapping_20261009/main/endpoints/animal_maps/animal-945_space-NMTv2p1_region-ARM6_42_L_desc-meanCandidateEndpointDensity_map.nii.gz,82394f9a696c441fa9619b8e6cde19e86b94b27da65bb8dc297c7c043c83f5f2,8785.454782485962,994,174.5454559326172
main_endpoints,group_analysis/evolution_20261008/arm_mapping_20261009/main/endpoints/animal_maps/animal-945_space-NMTv2p1_region-ARM6_42_L_desc-candidateEndpointOccupancy_map.nii.gz,e8a8a3dbc51508ee5a5a8153d9ddcd3547c478ed4d11d5e10f1c6ebd84c5e6c4,99.36363932490349,994,0.3636363744735718
main_endpoints,group_analysis/evolution_20261008/arm_mapping_20261009/main/endpoints/animal_maps/animal-945_space-NMTv2p1_region-ARM6_43_L_desc-meanCandidateEndpointCount_map.nii.gz,3676b10f428d4807f49f086e5a45ccdaf509b4f84448f9a9e77fc0dbfb50c153,64.0,60,3.0
main_endpoints,group_analysis/evolution_20261008/arm_mapping_20261009/main/endpoints/animal_maps/animal-945_space-NMTv2p1_region-ARM6_43_L_desc-meanCandidateEndpointDensity_map.nii.gz,c159c73980d7aebddadb82eb4fc57c96661608535838b56877b040391add94b2,4096.0,60,192.0
main_endpoints,group_analysis/evolution_20261008/arm_mapping_20261009/main/endpoints/animal_maps/animal-945_space-NMTv2p1_region-ARM6_43_L_desc-candidateEndpointOccupancy_map.nii.gz,3aab7aad5835859f4ff28033e2e0e1a8b856edf8eb7c27bb2018f736414ccb6b,60.0,60,1.0
main_endpoints,group_analysis/evolution_20261008/arm_mapping_20261009/main/endpoints/animal_maps/animal-945_space-NMTv2p1_region-ARM6_541_R_desc-meanCandidateEndpointCount_map.nii.gz,25d6d78e7abf44a05f5720696eb9a8b8f81a74d368e9af5798b017fd6f6e83dc,57.5,100,2.0
main_endpoints,group_analysis/evolution_20261008/arm_mapping_20261009/main/endpoints/animal_maps/animal-945_space-NMTv2p1_region-ARM6_541_R_desc-meanCandidateEndpointDensity_map.nii.gz,0103e93b2acd30124550c373ed6579a0b19050080d37e357c48259f422d16ef1,3680.0,100,128.0
main_endpoints,group_analysis/evolution_20261008/arm_mapping_20261009/main/endpoints/animal_maps/animal-945_space-NMTv2p1_region-ARM6_541_R_desc-candidateEndpointOccupancy_map.nii.gz,26c9e5fc6985f9912dab8daed4916ce4bcb29ac9e2798a46e553f3dc619398fa,51.5,100,1.0
main_endpoints,group_analysis/evolution_20261008/arm_mapping_20261009/main/endpoints/animal_maps/animal-945_space-NMTv2p1_region-ARM6_549_R_desc-meanCandidateEndpointCount_map.nii.gz,800b93c7c55a3473cdda02ba488fa503b657b207a5311d4db06585eb19de7fe7,212.27273312211037,1489,3.2727272510528564
main_endpoints,group_analysis/evolution_20261008/arm_mapping_20261009/main/endpoints/animal_maps/animal-945_space-NMTv2p1_region-ARM6_549_R_desc-meanCandidateEndpointDensity_map.nii.gz,697f0b8d67acabab71bbf68ce8cccdf13d17b818b03e760dea20b9fd753ba652,13585.454919815063,1489,209.4545440673828
main_endpoints,group_analysis/evolution_20261008/arm_mapping_20261009/main/endpoints/animal_maps/animal-945_space-NMTv2p1_region-ARM6_549_R_desc-candidateEndpointOccupancy_map.nii.gz,d08efd4f1a41ef6a5332fbd5db4b7b0ed075efa304c6e1dc2eab0012505978c7,145.5454588830471,1489,0.3636363744735718
main_endpoints,group_analysis/evolution_20261008/arm_mapping_20261009/main/endpoints/animal_maps/animal-948_space-NMTv2p1_region-ARM6_0_L_desc-meanCandidateEndpointCount_map.nii.gz,ac801a4a0b2d99c27d0b3835a588816969569cb2002ff22492ce98f2313ce595,54.0,208,0.5
main_endpoints,group_analysis/evolution_20261008/arm_mapping_20261009/main/endpoints/animal_maps/animal-948_space-NMTv2p1_region-ARM6_0_L_desc-meanCandidateEndpointDensity_map.nii.gz,5bce6fc9f75893da6e246f640816d434aa618bedd3778fbd8911d90d4d9ccf51,3456.0,208,32.0
main_endpoints,group_analysis/evolution_20261008/arm_mapping_20261009/main/endpoints/animal_maps/animal-948_space-NMTv2p1_region-ARM6_0_L_desc-candidateEndpointOccupancy_map.nii.gz,ce34f3baf19356a3092e258b2c87b4642677531ffe74990c01d751cfa71b76fd,52.25,208,0.5
main_endpoints,group_analysis/evolution_20261008/arm_mapping_20261009/main/endpoints/animal_maps/animal-948_space-NMTv2p1_region-ARM6_0_R_desc-meanCandidateEndpointCount_map.nii.gz,d7b5b9f7b4a803721f7dc2c19c8e87a6c744fb9bab4e78adf29d596c79a092af,318.3333422243595,848,6.0
main_endpoints,group_analysis/evolution_20261008/arm_mapping_20261009/main/endpoints/animal_maps/animal-948_space-NMTv2p1_region-ARM6_0_R_desc-meanCandidateEndpointDensity_map.nii.gz,1b5e8db3d78f6c9c0e45b95e346a9e8b6022b0f456d7e590ce4c3dbd0c192f41,20373.33390235901,848,384.0
main_endpoints,group_analysis/evolution_20261008/arm_mapping_20261009/main/endpoints/animal_maps/animal-948_space-NMTv2p1_region-ARM6_0_R_desc-candidateEndpointOccupancy_map.nii.gz,200e746e087c0f73aa6b4d2b60e56f1a5963b65409f9ca276c10fc23ec8fe6ad,284.00000846385956,848,0.6666666865348816
main_endpoints,group_analysis/evolution_20261008/arm_mapping_20261009/main/endpoints/animal_maps/animal-948_space-NMTv2p1_region-ARM6_1004_L_desc-meanCandidateEndpointCount_map.nii.gz,466ea0adbebc0fa4f40bfbe2628eab42423dfdcede574a7bef2ec26d564fc17e,797.0,296,15.0
main_endpoints,group_analysis/evolution_20261008/arm_mapping_20261009/main/endpoints/animal_maps/animal-948_space-NMTv2p1_region-ARM6_1004_L_desc-meanCandidateEndpointDensity_map.nii.gz,8e9ffff2a0c0af7ef95f3fca38645760d5e44aeb1d58808ca414b270f0a27b35,51008.0,296,960.0
main_endpoints,group_analysis/evolution_20261008/arm_mapping_20261009/main/endpoints/animal_maps/animal-948_space-NMTv2p1_region-ARM6_1004_L_desc-candidateEndpointOccupancy_map.nii.gz,a738270212e05ae009d1f633c122d4f3d473c7a5147348d5480caf70f6864c87,296.0,296,1.0
main_endpoints,group_analysis/evolution_20261008/arm_mapping_20261009/main/endpoints/animal_maps/animal-948_space-NMTv2p1_region-ARM6_1504_R_desc-meanCandidateEndpointCount_map.nii.gz,0888f730200b122e8c435846bde124db074de1b791264128092e2a13d9b3ab81,233.5,693,3.75
main_endpoints,group_analysis/evolution_20261008/arm_mapping_20261009/main/endpoints/animal_maps/animal-948_space-NMTv2p1_region-ARM6_1504_R_desc-meanCandidateEndpointDensity_map.nii.gz,b046abd62e5c0a3674663d17a0dd5e1a5ce98673b9db5289a73820eb9d9d27fc,14944.0,693,240.0
main_endpoints,group_analysis/evolution_20261008/arm_mapping_20261009/main/endpoints/animal_maps/animal-948_space-NMTv2p1_region-ARM6_1504_R_desc-candidateEndpointOccupancy_map.nii.gz,65bc365854347e0e80009ff2501f128ec6216e25e35a0aff5cae61d449e7aea6,179.25,693,0.75
main_endpoints,group_analysis/evolution_20261008/arm_mapping_20261009/main/endpoints/animal_maps/animal-948_space-NMTv2p1_region-ARM6_42_L_desc-meanCandidateEndpointCount_map.nii.gz,fc6f32cdf18029e4238be8a2c6ead5ba7e728f3d682cab2618a593a7c1c78fb4,51.00000151991844,146,0.6666666865348816
main_endpoints,group_analysis/evolution_20261008/arm_mapping_20261009/main/endpoints/animal_maps/animal-948_space-NMTv2p1_region-ARM6_42_L_desc-meanCandidateEndpointDensity_map.nii.gz,2ee169323d9ace0ade2f97ab90717fa3e15bd77216b195c0acfd2dffab008364,3264.0000972747803,146,42.66666793823242
main_endpoints,group_analysis/evolution_20261008/arm_mapping_20261009/main/endpoints/animal_maps/animal-948_space-NMTv2p1_region-ARM6_42_L_desc-candidateEndpointOccupancy_map.nii.gz,a9fcd5a5231e467329435aa661da05cd782d906c6cc1760bd0d3e1e5a3586e45,49.0000014603138,146,0.6666666865348816
main_endpoints,group_analysis/evolution_20261008/arm_mapping_20261009/main/endpoints/animal_maps/animal-948_space-NMTv2p1_region-ARM6_542_R_desc-meanCandidateEndpointCount_map.nii.gz,243d7059ef2d35b3d8f87e993d676d300813e7e8d3ff143af347d7d995edba74,13.5,22,1.5
main_endpoints,group_analysis/evolution_20261008/arm_mapping_20261009/main/endpoints/animal_maps/animal-948_space-NMTv2p1_region-ARM6_542_R_desc-meanCandidateEndpointDensity_map.nii.gz,0564f644df02aaff0dd0b5393da4c86376d608fb78da5592a5a641ac130e060a,864.0,22,96.0
main_endpoints,group_analysis/evolution_20261008/arm_mapping_20261009/main/endpoints/animal_maps/animal-948_space-NMTv2p1_region-ARM6_542_R_desc-candidateEndpointOccupancy_map.nii.gz,c977d85e3f2303e670a168c84d9e7bba41cd7f4a744b55baa17a932807948be0,11.0,22,0.5
main_endpoints,group_analysis/evolution_20261008/arm_mapping_20261009/main/endpoints/group_maps/space-NMTv2p1_region-ARM6_0_L_desc-meanCandidateEndpointCount_map.nii.gz,673b3f256d0332c6cf7b5b78ec558cfcc0de9eca47fb819a631bb40281a8f57d,72.25000037625432,998,0.75
main_endpoints,group_analysis/evolution_20261008/arm_mapping_20261009/main/endpoints/group_maps/space-NMTv2p1_region-ARM6_0_L_desc-meanCandidateEndpointDensity_map.nii.gz,7922a16343af2389dfb4a8ef7843cb96fc348c24e9a82d0b0a141dbd8faf498a,4624.0000240802765,998,48.0
main_endpoints,group_analysis/evolution_20261008/arm_mapping_20261009/main/endpoints/group_maps/space-NMTv2p1_region-ARM6_0_L_desc-candidateEndpointOccupancy_map.nii.gz,afa79ea22d665efbad70338f2ddadc36d62b50a2684006a4f214b2c2168812f6,59.312500255182385,998,0.25
main_endpoints,group_analysis/evolution_20261008/arm_mapping_20261009/main/endpoints/group_maps/space-NMTv2p1_region-ARM6_0_R_desc-meanCandidateEndpointCount_map.nii.gz,7abb8aaca81e3409aa298cf90abd2fa92a304864c4315050bc365b179a756f9a,199.33333645015955,1404,2.0
main_endpoints,group_analysis/evolution_20261008/arm_mapping_20261009/main/endpoints/group_maps/space-NMTv2p1_region-ARM6_0_R_desc-meanCandidateEndpointDensity_map.nii.gz,94c9824139a99fe5ad8d87cd7ea221d9c7d2e46a749fd220768bc14553ec2880,12757.333532810211,1404,128.0
main_endpoints,group_analysis/evolution_20261008/arm_mapping_20261009/main/endpoints/group_maps/space-NMTv2p1_region-ARM6_0_R_desc-candidateEndpointOccupancy_map.nii.gz,9c3f9093812f002bfa23c14ea55dbb62a8e1bbd64aab9660fa214436919ba941,178.2777805402875,1404,0.2777777910232544
main_endpoints,group_analysis/evolution_20261008/arm_mapping_20261009/main/endpoints/group_maps/space-NMTv2p1_region-ARM6_1004_L_desc-meanCandidateEndpointCount_map.nii.gz,b3c158a030cea0b552af6c30884b562ac4ee518a363f6cfd149dfa6a1062cb22,418.8333397805691,802,5.0
main_endpoints,group_analysis/evolution_20261008/arm_mapping_20261009/main/endpoints/group_maps/space-NMTv2p1_region-ARM6_1004_L_desc-meanCandidateEndpointDensity_map.nii.gz,150b9235001bfa760aad7f67c2da042aa053f4b48d18b43cadfbeb989f9e4de8,26805.33374595642,802,320.0
main_endpoints,group_analysis/evolution_20261008/arm_mapping_20261009/main/endpoints/group_maps/space-NMTv2p1_region-ARM6_1004_L_desc-candidateEndpointOccupancy_map.nii.gz,7cf0eae6bdafc62b7247f060e8439ceafb530790f507ecddf7b7506344820e1b,239.00000707805157,802,0.6666666865348816
main_endpoints,group_analysis/evolution_20261008/arm_mapping_20261009/main/endpoints/group_maps/space-NMTv2p1_region-ARM6_1504_R_desc-meanCandidateEndpointCount_map.nii.gz,265283e14ff359c4784b35fed59baf5af5678920c7336e04bfb6307601605ede,576.75,1404,3.0
main_endpoints,group_analysis/evolution_20261008/arm_mapping_20261009/main/endpoints/group_maps/space-NMTv2p1_region-ARM6_1504_R_desc-meanCandidateEndpointDensity_map.nii.gz,0230e8cf98a0daa331c4ada4d6a42788fcb933607594e5a5ac30403a41ec3411,36912.0,1404,192.0
main_endpoints,group_analysis/evolution_20261008/arm_mapping_20261009/main/endpoints/group_maps/space-NMTv2p1_region-ARM6_1504_R_desc-candidateEndpointOccupancy_map.nii.gz,4b76dfdc355b4f3599aabae122a1782b3b89750a2ab6e8232ca234045353b6a2,457.625,1404,0.625
main_endpoints,group_analysis/evolution_20261008/arm_mapping_20261009/main/endpoints/group_maps/space-NMTv2p1_region-ARM6_228_L_desc-meanCandidateEndpointCount_map.nii.gz,9da1f5355c25b77d754906109d80863a86e3cbb914417bcb9fa7cb254bb017f3,489.627634126693,6224,3.3333332538604736
main_endpoints,group_analysis/evolution_20261008/arm_mapping_20261009/main/endpoints/group_maps/space-NMTv2p1_region-ARM6_228_L_desc-meanCandidateEndpointDensity_map.nii.gz,19bc921232ab4b81a18bd11ab092178bd5e817456eda06e6e201acaae0a347a2,31336.168584108353,6224,213.3333282470703
main_endpoints,group_analysis/evolution_20261008/arm_mapping_20261009/main/endpoints/group_maps/space-NMTv2p1_region-ARM6_228_L_desc-candidateEndpointOccupancy_map.nii.gz,0ce9d8ed1d24522f87ba6dd4ec690816589725ff6a80e12437ab31d8ef98519b,318.486489539966,6224,0.3333333432674408
main_endpoints,group_analysis/evolution_20261008/arm_mapping_20261009/main/endpoints/group_maps/space-NMTv2p1_region-ARM6_229_L_desc-meanCandidateEndpointCount_map.nii.gz,58bd46569a0f18636b34ebb2222e5949758c16a82cc0fcd3871af2889f746159,278.7858725581318,4389,1.7000000476837158
main_endpoints,group_analysis/evolution_20261008/arm_mapping_20261009/main/endpoints/group_maps/space-NMTv2p1_region-ARM6_229_L_desc-meanCandidateEndpointDensity_map.nii.gz,c0acbec85013029cc4f550ab00f08cf7a3688c4be19412b96018f4b572f7b27c,17842.295843720436,4389,108.80000305175781
main_endpoints,group_analysis/evolution_20261008/arm_mapping_20261009/main/endpoints/group_maps/space-NMTv2p1_region-ARM6_229_L_desc-candidateEndpointOccupancy_map.nii.gz,299dbf5f33970caaf19f49398bbb86c0ad899cfdca4733d7168b519e16514cf1,175.30489306245,4389,0.3125
main_endpoints,group_analysis/evolution_20261008/arm_mapping_20261009/main/endpoints/group_maps/space-NMTv2p1_region-ARM6_41_L_desc-meanCandidateEndpointCount_map.nii.gz,16480ef7032ebb9dd9f6ef9fd4a896c158704da2c457d3044e48dc543ea0e581,206.3454623296857,4304,0.6666666865348816
main_endpoints,group_analysis/evolution_20261008/arm_mapping_20261009/main/endpoints/group_maps/space-NMTv2p1_region-ARM6_41_L_desc-meanCandidateEndpointDensity_map.nii.gz,200e604bf24c8f5194afbbd55a2ac4529f2438814dd326e1778379cba78853da,13206.109589099884,4304,42.66666793823242
main_endpoints,group_analysis/evolution_20261008/arm_mapping_20261009/main/endpoints/group_maps/space-NMTv2p1_region-ARM6_41_L_desc-candidateEndpointOccupancy_map.nii.gz,7a8baf74c585ee5357e5d1caa5248805f6274295e535b10bb5d4d7c3dfeeac97,178.69091615453362,4304,0.3121212124824524
main_endpoints,group_analysis/evolution_20261008/arm_mapping_20261009/main/endpoints/group_maps/space-NMTv2p1_region-ARM6_42_L_desc-meanCandidateEndpointCount_map.nii.gz,d54de95275ec7b0e183c3393593cbf5cad24b57a9e367d7ff06e3bd3149ff075,101.51818024553359,3767,0.5454545617103577
main_endpoints,group_analysis/evolution_20261008/arm_mapping_20261009/main/endpoints/group_maps/space-NMTv2p1_region-ARM6_42_L_desc-meanCandidateEndpointDensity_map.nii.gz,c3f430528e4120a39330dce72bd87b1377d8d5a7ac88ca82326228b3832d781b,6497.1635357141495,3767,34.90909194946289
main_endpoints,group_analysis/evolution_20261008/arm_mapping_20261009/main/endpoints/group_maps/space-NMTv2p1_region-ARM6_42_L_desc-candidateEndpointOccupancy_map.nii.gz,4f2a38797e2b9ad236abf2be73760333de18d9e596353263af74927e06846e90,83.31090765446424,3767,0.20000000298023224
main_endpoints,group_analysis/evolution_20261008/arm_mapping_20261009/main/endpoints/group_maps/space-NMTv2p1_region-ARM6_43_L_desc-meanCandidateEndpointCount_map.nii.gz,3676b10f428d4807f49f086e5a45ccdaf509b4f84448f9a9e77fc0dbfb50c153,64.0,60,3.0
main_endpoints,group_analysis/evolution_20261008/arm_mapping_20261009/main/endpoints/group_maps/space-NMTv2p1_region-ARM6_43_L_desc-meanCandidateEndpointDensity_map.nii.gz,c159c73980d7aebddadb82eb4fc57c96661608535838b56877b040391add94b2,4096.0,60,192.0
main_endpoints,group_analysis/evolution_20261008/arm_mapping_20261009/main/endpoints/group_maps/space-NMTv2p1_region-ARM6_43_L_desc-candidateEndpointOccupancy_map.nii.gz,3aab7aad5835859f4ff28033e2e0e1a8b856edf8eb7c27bb2018f736414ccb6b,60.0,60,1.0
main_endpoints,group_analysis/evolution_20261008/arm_mapping_20261009/main/endpoints/group_maps/space-NMTv2p1_region-ARM6_48_L_desc-meanCandidateEndpointCount_map.nii.gz,53db07664bd9931bb71101a717771addd54253a6d597ac9fbb872632db4b9854,369.97836336120963,4270,2.909090995788574
main_endpoints,group_analysis/evolution_20261008/arm_mapping_20261009/main/endpoints/group_maps/space-NMTv2p1_region-ARM6_48_L_desc-meanCandidateEndpointDensity_map.nii.gz,fe9053d7f22ab4fa626f5d9a3ac7294949fb80361cc5d873b2c129f687b9c193,23678.615255117416,4270,186.18182373046875
main_endpoints,group_analysis/evolution_20261008/arm_mapping_20261009/main/endpoints/group_maps/space-NMTv2p1_region-ARM6_48_L_desc-candidateEndpointOccupancy_map.nii.gz,e6cdbfea18a8a8af1484c9a1d5c323c8e254c9e6069426522dc613cb2848086c,207.97835898399353,4270,0.190476194024086
main_endpoints,group_analysis/evolution_20261008/arm_mapping_20261009/main/endpoints/group_maps/space-NMTv2p1_region-ARM6_541_R_desc-meanCandidateEndpointCount_map.nii.gz,0e11f4392cdf27ef627bde489f82aa4009f1d6068d0d73a5194d198f3c8e94c7,122.83333514630795,1466,2.3333332538604736
main_endpoints,group_analysis/evolution_20261008/arm_mapping_20261009/main/endpoints/group_maps/space-NMTv2p1_region-ARM6_541_R_desc-meanCandidateEndpointDensity_map.nii.gz,034c01b2933d58b4a4b4a63bae67c84e5b04f5717b3f717adb5c3b82c534ba58,7861.3334493637085,1466,149.3333282470703
main_endpoints,group_analysis/evolution_20261008/arm_mapping_20261009/main/endpoints/group_maps/space-NMTv2p1_region-ARM6_541_R_desc-candidateEndpointOccupancy_map.nii.gz,e4d3e3ca39b6a095896986cedd6d8b2976ed90224aaece4f2bc2116a0c1cc6cd,102.24074256420135,1466,0.5
main_endpoints,group_analysis/evolution_20261008/arm_mapping_20261009/main/endpoints/group_maps/space-NMTv2p1_region-ARM6_542_R_desc-meanCandidateEndpointCount_map.nii.gz,9f20c3f95711036ecf4ce6352e2cd760bb1b4526c79619109977bd94f18734da,160.3921133549884,5979,2.25
main_endpoints,group_analysis/evolution_20261008/arm_mapping_20261009/main/endpoints/group_maps/space-NMTv2p1_region-ARM6_542_R_desc-meanCandidateEndpointDensity_map.nii.gz,00d8706421e2663b93f44515651a1ca86a05578ab6d120a12ed607d68278287d,10265.095254719257,5979,144.0
main_endpoints,group_analysis/evolution_20261008/arm_mapping_20261009/main/endpoints/group_maps/space-NMTv2p1_region-ARM6_542_R_desc-candidateEndpointOccupancy_map.nii.gz,7225e95714f432970bbc89c0158b971221884e18d0331018a5652edac10c6d92,108.9828871502541,5979,0.203125
main_endpoints,group_analysis/evolution_20261008/arm_mapping_20261009/main/endpoints/group_maps/space-NMTv2p1_region-ARM6_548_R_desc-meanCandidateEndpointCount_map.nii.gz,45b52a315b0893f5db59abc1a075c4961017a4625bb9f93b239846333801d6a9,214.25000300258398,1036,4.300000190734863
main_endpoints,group_analysis/evolution_20261008/arm_mapping_20261009/main/endpoints/group_maps/space-NMTv2p1_region-ARM6_548_R_desc-meanCandidateEndpointDensity_map.nii.gz,d3227d1a8ea1533fa5aad9bfa9a9ea638bce07fdd9779bc0514060dd92863ca9,13712.000192165375,1036,275.20001220703125
main_endpoints,group_analysis/evolution_20261008/arm_mapping_20261009/main/endpoints/group_maps/space-NMTv2p1_region-ARM6_548_R_desc-candidateEndpointOccupancy_map.nii.gz,9a5e7337ab0f70a57b74236a0ea3f503c15817763015bae67a5cbfb271357304,122.00000135600567,1036,0.6000000238418579
main_endpoints,group_analysis/evolution_20261008/arm_mapping_20261009/main/endpoints/group_maps/space-NMTv2p1_region-ARM6_549_R_desc-meanCandidateEndpointCount_map.nii.gz,093a2b7bbea9d0a215c66a072e3187cfff982dff3e533b9b6ac10977c8b31b18,124.1960707521066,3978,1.1489448547363281
main_endpoints,group_analysis/evolution_20261008/arm_mapping_20261009/main/endpoints/group_maps/space-NMTv2p1_region-ARM6_549_R_desc-meanCandidateEndpointDensity_map.nii.gz,155304ca361dc638902b085ed9d97f5f4d00d64e0b40b8fe2c34aa6519e5ba2f,7948.548528134823,3978,73.532470703125
main_endpoints,group_analysis/evolution_20261008/arm_mapping_20261009/main/endpoints/group_maps/space-NMTv2p1_region-ARM6_549_R_desc-candidateEndpointOccupancy_map.nii.gz,bffb28b9f714bf671724c671bdaa11b3f8dd2e5243580001a08f6ff5258c1aae,84.35840773768723,3978,0.12761543691158295
main_endpoints,group_analysis/evolution_20261008/arm_mapping_20261009/main/endpoints/group_maps/space-NMTv2p1_region-ARM6_595_R_desc-meanCandidateEndpointCount_map.nii.gz,54f5028740f311df02f37fe7a228d8c3eada707c0e44b8a0c06a43d67a0ea39c,1135.0,897,7.0
main_endpoints,group_analysis/evolution_20261008/arm_mapping_20261009/main/endpoints/group_maps/space-NMTv2p1_region-ARM6_595_R_desc-meanCandidateEndpointDensity_map.nii.gz,8b563d439b2f3d856335fdad87a3853a0d39eb2236289f5589b1cb540acf184d,72640.0,897,448.0
main_endpoints,group_analysis/evolution_20261008/arm_mapping_20261009/main/endpoints/group_maps/space-NMTv2p1_region-ARM6_595_R_desc-candidateEndpointOccupancy_map.nii.gz,382c8e3ee9a26c65cbf33fe59b3b0d1a1f155018112cabf2b67557960e0fed59,897.0,897,1.0
main_endpoints,group_analysis/evolution_20261008/arm_mapping_20261009/main/endpoints/group_maps/space-NMTv2p1_region-ARM6_728_R_desc-meanCandidateEndpointCount_map.nii.gz,80912e6f23ac8096a6ab944e3ae29513a0ce2bb9d9a3c98554a2f85b5575d8b7,461.66666925046593,5087,7.5
main_endpoints,group_analysis/evolution_20261008/arm_mapping_20261009/main/endpoints/group_maps/space-NMTv2p1_region-ARM6_728_R_desc-meanCandidateEndpointDensity_map.nii.gz,edae780b4fa04a4bf65b3dc2cc74d440fd6486b8abe2d5a183efc9603225c7c1,29546.66683202982,5087,480.0
main_endpoints,group_analysis/evolution_20261008/arm_mapping_20261009/main/endpoints/group_maps/space-NMTv2p1_region-ARM6_728_R_desc-candidateEndpointOccupancy_map.nii.gz,1497dfa8b8f0be7d61a3876cba82a7c356b821f66fcfdae9089edeb8bb14a478,298.5098061338067,5087,0.5490196347236633
main_endpoints,group_analysis/evolution_20261008/arm_mapping_20261009/main/endpoints/group_maps/space-NMTv2p1_region-ARM6_729_R_desc-meanCandidateEndpointCount_map.nii.gz,23b23856a910eb937cdf9ca65d6c69c8cb6c10bb9d71369ec6c69f412d2b81d5,101.35000032931566,290,6.099999904632568
main_endpoints,group_analysis/evolution_20261008/arm_mapping_20261009/main/endpoints/group_maps/space-NMTv2p1_region-ARM6_729_R_desc-meanCandidateEndpointDensity_map.nii.gz,fcf403a5bcff75089cefd5f1baafdf02cb45d8f0291a4725bbaf296fd396733f,6486.400021076202,290,390.3999938964844
main_endpoints,group_analysis/evolution_20261008/arm_mapping_20261009/main/endpoints/group_maps/space-NMTv2p1_region-ARM6_729_R_desc-candidateEndpointOccupancy_map.nii.gz,448c57aba7ded385ab0e21c9f43af3d78daa194338bc04791e2c149fcbd970da,39.70000036805868,290,0.6000000238418579
additional_endpoints,group_analysis/evolution_20261008/endpoint_maps/additional_candidates_20261009/animal_maps/animal-331_space-NMTv2p1_region-NearINS_L_desc-meanCandidateEndpointCount_map.nii.gz,0c240a9d60ba8ae3630ac8ba164688afdfb941c4e153732835fa1ec66d8bf1a2,221.0,374,2.0
additional_endpoints,group_analysis/evolution_20261008/endpoint_maps/additional_candidates_20261009/animal_maps/animal-331_space-NMTv2p1_region-NearINS_L_desc-meanCandidateEndpointDensity_map.nii.gz,34319e9681e0ae8e7f11d3a1cd722adef263ff655d785bc5a12860df51ec0b9c,14144.0,374,128.0
additional_endpoints,group_analysis/evolution_20261008/endpoint_maps/additional_candidates_20261009/animal_maps/animal-331_space-NMTv2p1_region-NearINS_L_desc-candidateEndpointOccupancy_map.nii.gz,c368e61ea47ba590a48a834622c1ea5a2eb9863db84caade21c060e7120b0d98,187.5,374,1.0
additional_endpoints,group_analysis/evolution_20261008/endpoint_maps/additional_candidates_20261009/animal_maps/animal-605_space-NMTv2p1_region-NearINS_L_desc-meanCandidateEndpointCount_map.nii.gz,310dd9fbbfb56f2a6c01dc6bf49d5178768f08cd544737cd1983e344ee75e74f,13.0,19,2.5
additional_endpoints,group_analysis/evolution_20261008/endpoint_maps/additional_candidates_20261009/animal_maps/animal-605_space-NMTv2p1_region-NearINS_L_desc-meanCandidateEndpointDensity_map.nii.gz,2b87280478809d0a02d555335ecb902aa55cf5d828e73747e53c4de8749512a3,832.0,19,160.0
additional_endpoints,group_analysis/evolution_20261008/endpoint_maps/additional_candidates_20261009/animal_maps/animal-605_space-NMTv2p1_region-NearINS_L_desc-candidateEndpointOccupancy_map.nii.gz,b7ba5b7f735ef63cf9ad5361ec0f0bfac64f62b102c5963642ac784700ad1d12,9.5,19,0.5
additional_endpoints,group_analysis/evolution_20261008/endpoint_maps/additional_candidates_20261009/animal_maps/animal-605_space-NMTv2p1_region-NearINS_R_desc-meanCandidateEndpointCount_map.nii.gz,1ea87fec9679f7b1ac41008247e597677d48d7237b5ab0d65c3df07967567702,123.75,227,5.0
additional_endpoints,group_analysis/evolution_20261008/endpoint_maps/additional_candidates_20261009/animal_maps/animal-605_space-NMTv2p1_region-NearINS_R_desc-meanCandidateEndpointDensity_map.nii.gz,497f7377290f1796a83dc3b52a5d82ab9ab9635f17c4e5d8cf013941471cad17,7920.0,227,320.0
additional_endpoints,group_analysis/evolution_20261008/endpoint_maps/additional_candidates_20261009/animal_maps/animal-605_space-NMTv2p1_region-NearINS_R_desc-candidateEndpointOccupancy_map.nii.gz,b6228278dcb416595b59e516a83fd295b09f22d79dfd428ff618f64fbb7913ac,59.75,227,0.5
additional_endpoints,group_analysis/evolution_20261008/endpoint_maps/additional_candidates_20261009/animal_maps/animal-605_space-NMTv2p1_region-OriginCandidate_L_desc-meanCandidateEndpointCount_map.nii.gz,b1034b6d4595a9ed0aff5370424eb2e4b5742985214c2b4ecf4de13a5ed73852,75.00000077486038,65,7.333333492279053
additional_endpoints,group_analysis/evolution_20261008/endpoint_maps/additional_candidates_20261009/animal_maps/animal-605_space-NMTv2p1_region-OriginCandidate_L_desc-meanCandidateEndpointDensity_map.nii.gz,398d5f343687ddc1c39070558d48d9df875c3e0dd323555db3a852ef0d686f29,4800.000049591064,65,469.3333435058594
additional_endpoints,group_analysis/evolution_20261008/endpoint_maps/additional_candidates_20261009/animal_maps/animal-605_space-NMTv2p1_region-OriginCandidate_L_desc-candidateEndpointOccupancy_map.nii.gz,85d87b0ecd2b7adea2bba572bed2457f6660d6fdefbfe87004a8b2a5a1faecbd,24.000000715255737,65,0.6666666865348816
additional_endpoints,group_analysis/evolution_20261008/endpoint_maps/additional_candidates_20261009/animal_maps/animal-605_space-NMTv2p1_region-OriginCandidate_R_desc-meanCandidateEndpointCount_map.nii.gz,af99db79cafd99f257e4baafb2d29434b6de5769eea9927997ed41dab9b1d9f7,76.66666834056377,299,1.3333333730697632
additional_endpoints,group_analysis/evolution_20261008/endpoint_maps/additional_candidates_20261009/animal_maps/animal-605_space-NMTv2p1_region-OriginCandidate_R_desc-meanCandidateEndpointDensity_map.nii.gz,949660a200ff12e45e984eabd4b6689636858d1b776b25399b2023a08d2b62a4,4906.6667737960815,299,85.33333587646484
additional_endpoints,group_analysis/evolution_20261008/endpoint_maps/additional_candidates_20261009/animal_maps/animal-605_space-NMTv2p1_region-OriginCandidate_R_desc-candidateEndpointOccupancy_map.nii.gz,89a49ab1f32fb2d0cd32fd034bd52d6ba0c601f7d67938ad230b727065924d28,53.16666825115681,299,0.3333333432674408
additional_endpoints,group_analysis/evolution_20261008/endpoint_maps/additional_candidates_20261009/animal_maps/animal-797_space-NMTv2p1_region-NearINS_L_desc-meanCandidateEndpointCount_map.nii.gz,a02b72628df7921bcdc9e6adccc1282dc20bd404c5e7cb9dc9e0c3283833c7fa,142.0,178,8.5
additional_endpoints,group_analysis/evolution_20261008/endpoint_maps/additional_candidates_20261009/animal_maps/animal-797_space-NMTv2p1_region-NearINS_L_desc-meanCandidateEndpointDensity_map.nii.gz,ff0b23f961841959012298c4cfe1464623d7adda2457faa4c6f86e04146d1c89,9088.0,178,544.0
additional_endpoints,group_analysis/evolution_20261008/endpoint_maps/additional_candidates_20261009/animal_maps/animal-797_space-NMTv2p1_region-NearINS_L_desc-candidateEndpointOccupancy_map.nii.gz,5c2f200d459c71324e3945b36576d06810d98ca2178cf0f9bcee0da4bc3f8624,89.0,178,0.5
additional_endpoints,group_analysis/evolution_20261008/endpoint_maps/additional_candidates_20261009/animal_maps/animal-797_space-NMTv2p1_region-OriginCandidate_L_desc-meanCandidateEndpointCount_map.nii.gz,883d8030e9d18ccbeec473faefbf8834df68a045cd8e48fc9352ecd24b33cd20,384.4000062942505,1294,3.5999999046325684
additional_endpoints,group_analysis/evolution_20261008/endpoint_maps/additional_candidates_20261009/animal_maps/animal-797_space-NMTv2p1_region-OriginCandidate_L_desc-meanCandidateEndpointDensity_map.nii.gz,1cc53e6083cd45473794efe87e7b413d8fbfa755105ea471fcc7d9fdad10a523,24601.60040283203,1294,230.39999389648438
additional_endpoints,group_analysis/evolution_20261008/endpoint_maps/additional_candidates_20261009/animal_maps/animal-797_space-NMTv2p1_region-OriginCandidate_L_desc-candidateEndpointOccupancy_map.nii.gz,fb6dca5bcb2e89c99db1e7052e94e0e1dc2fd28c0a14b554fd142b7f23c91a7d,280.80000436306,1294,0.800000011920929
additional_endpoints,group_analysis/evolution_20261008/endpoint_maps/additional_candidates_20261009/animal_maps/animal-900_space-NMTv2p1_region-OriginCandidate_L_desc-meanCandidateEndpointCount_map.nii.gz,8e90de84124cf086f9b0a250be58ddec2197934472ce626752ed8945ee7fd0a9,3.0,2,2.0
additional_endpoints,group_analysis/evolution_20261008/endpoint_maps/additional_candidates_20261009/animal_maps/animal-900_space-NMTv2p1_region-OriginCandidate_L_desc-meanCandidateEndpointDensity_map.nii.gz,43c4e54a8b2c0f0f50e7b4aab16fa43e16c566905d7da60a65bc622bf92831ab,192.0,2,128.0
additional_endpoints,group_analysis/evolution_20261008/endpoint_maps/additional_candidates_20261009/animal_maps/animal-900_space-NMTv2p1_region-OriginCandidate_L_desc-candidateEndpointOccupancy_map.nii.gz,98c988b4172baf9d494263c5c880f547e117307cbce537d4a81bfd195de23af3,2.0,2,1.0
additional_endpoints,group_analysis/evolution_20261008/endpoint_maps/additional_candidates_20261009/animal_maps/animal-948_space-NMTv2p1_region-NearINS_R_desc-meanCandidateEndpointCount_map.nii.gz,e35503c961df8745db2ee8f3bbd9368c10c0af91216c9c409ae24e8f02ef462a,206.0,205,2.0
additional_endpoints,group_analysis/evolution_20261008/endpoint_maps/additional_candidates_20261009/animal_maps/animal-948_space-NMTv2p1_region-NearINS_R_desc-meanCandidateEndpointDensity_map.nii.gz,8e5895d7036b8b3ce98603ea86047201a52b1a91e1baf72dac0cb19a95cc5207,13184.0,205,128.0
additional_endpoints,group_analysis/evolution_20261008/endpoint_maps/additional_candidates_20261009/animal_maps/animal-948_space-NMTv2p1_region-NearINS_R_desc-candidateEndpointOccupancy_map.nii.gz,c52dae2ac044b1ea6101cf397adf387f64637e08f9cf670e5f1365e4ee44fffb,205.0,205,1.0
additional_endpoints,group_analysis/evolution_20261008/endpoint_maps/additional_candidates_20261009/group_maps/space-NMTv2p1_region-NearINS_L_desc-meanCandidateEndpointCount_map.nii.gz,476ddc25fab01d33a72c0053b0951a4c340ce926de0c66b5e1c325963838fade,125.33333642780781,571,2.8333332538604736
additional_endpoints,group_analysis/evolution_20261008/endpoint_maps/additional_candidates_20261009/group_maps/space-NMTv2p1_region-NearINS_L_desc-meanCandidateEndpointDensity_map.nii.gz,29b7a883523b9c0c3a582e0764dd12cd2eff90f6311df687d251ccb9ec6c1162,8021.3335313797,571,181.3333282470703
additional_endpoints,group_analysis/evolution_20261008/endpoint_maps/additional_candidates_20261009/group_maps/space-NMTv2p1_region-NearINS_L_desc-candidateEndpointOccupancy_map.nii.gz,8c6cbb3b1063e28a39bfd6cae367a07022276d69142510c054368531c75784ef,95.33333617448807,571,0.3333333432674408
additional_endpoints,group_analysis/evolution_20261008/endpoint_maps/additional_candidates_20261009/group_maps/space-NMTv2p1_region-NearINS_R_desc-meanCandidateEndpointCount_map.nii.gz,7b4d574e256ac35132877da8f83b68390631773ce6eb6e23d45902a9346c7d03,164.875,432,2.5
additional_endpoints,group_analysis/evolution_20261008/endpoint_maps/additional_candidates_20261009/group_maps/space-NMTv2p1_region-NearINS_R_desc-meanCandidateEndpointDensity_map.nii.gz,894e9df0867d798dae93ae43581dd300e59eb3539ae3c754fd4db6f1e4bd96ee,10552.0,432,160.0
additional_endpoints,group_analysis/evolution_20261008/endpoint_maps/additional_candidates_20261009/group_maps/space-NMTv2p1_region-NearINS_R_desc-candidateEndpointOccupancy_map.nii.gz,3a6d72927199b0b9fd4d072c6e7962b965d1298331420b7c15239488a01993be,132.375,432,0.5
additional_endpoints,group_analysis/evolution_20261008/endpoint_maps/additional_candidates_20261009/group_maps/space-NMTv2p1_region-OriginCandidate_L_desc-meanCandidateEndpointCount_map.nii.gz,ff9b9df90484325f32c445c65380411cb170af132d1f0d47fd054013eed9ac9a,154.13333922624588,1361,2.444444417953491
additional_endpoints,group_analysis/evolution_20261008/endpoint_maps/additional_candidates_20261009/group_maps/space-NMTv2p1_region-OriginCandidate_L_desc-meanCandidateEndpointDensity_map.nii.gz,46b86ce45fe20a9277081faacd6cf3a1de672fbb49a7a37a12da88ab1fa6ce3d,9864.533710479736,1361,156.44444274902344
additional_endpoints,group_analysis/evolution_20261008/endpoint_maps/additional_candidates_20261009/group_maps/space-NMTv2p1_region-OriginCandidate_L_desc-candidateEndpointOccupancy_map.nii.gz,d67e8ae65998481397fcd3abc52c53584d4d6b2e1f4269a1a65410fc613eb52a,102.26667153835297,1361,0.3333333432674408
additional_endpoints,group_analysis/evolution_20261008/endpoint_maps/additional_candidates_20261009/group_maps/space-NMTv2p1_region-OriginCandidate_R_desc-meanCandidateEndpointCount_map.nii.gz,af99db79cafd99f257e4baafb2d29434b6de5769eea9927997ed41dab9b1d9f7,76.66666834056377,299,1.3333333730697632
additional_endpoints,group_analysis/evolution_20261008/endpoint_maps/additional_candidates_20261009/group_maps/space-NMTv2p1_region-OriginCandidate_R_desc-meanCandidateEndpointDensity_map.nii.gz,949660a200ff12e45e984eabd4b6689636858d1b776b25399b2023a08d2b62a4,4906.6667737960815,299,85.33333587646484
additional_endpoints,group_analysis/evolution_20261008/endpoint_maps/additional_candidates_20261009/group_maps/space-NMTv2p1_region-OriginCandidate_R_desc-candidateEndpointOccupancy_map.nii.gz,89a49ab1f32fb2d0cd32fd034bd52d6ba0c601f7d67938ad230b727065924d28,53.16666825115681,299,0.3333333432674408
main_axons,group_analysis/evolution_20261008/arm_mapping_20261009/main/axons/animal_maps/animal-331_space-NMTv2p1_region-ARM6_0_L_desc-meanAxonLength_map.nii.gz,4abc2b3b2e1c1131ee51a7d124e76cf258733766e8a94d613b42e10bac9b74a5,146.10066119313706,546,4.854615688323975
main_axons,group_analysis/evolution_20261008/arm_mapping_20261009/main/axons/animal_maps/animal-331_space-NMTv2p1_region-ARM6_0_L_desc-meanAxonLengthDensity_map.nii.gz,cfbd639c705a97e4d3f3d1c15b760f31ac520316ff5a9d1be9c9b0b719df8f52,9350.442316360772,546,310.6954040527344
main_axons,group_analysis/evolution_20261008/arm_mapping_20261009/main/axons/animal_maps/animal-331_space-NMTv2p1_region-ARM6_1004_L_desc-meanAxonLength_map.nii.gz,3a6b47713d18f995bbf25d8134d0c4bc7a9aedd3feaa0c74fe5545d7446750d7,196.17485941530867,1617,1.2509366273880005
main_axons,group_analysis/evolution_20261008/arm_mapping_20261009/main/axons/animal_maps/animal-331_space-NMTv2p1_region-ARM6_1004_L_desc-meanAxonLengthDensity_map.nii.gz,bd1fa2c6ed069086dce82912a56cc88fc34a10855671a711ab4d2577661163cc,12555.191002579755,1617,80.05994415283203
main_axons,group_analysis/evolution_20261008/arm_mapping_20261009/main/axons/animal_maps/animal-331_space-NMTv2p1_region-ARM6_228_L_desc-meanAxonLength_map.nii.gz,c2f45231072e8c6756a8e9fd2af61980c51343a6086cacedfa2d28645442d92f,432.49327552689647,3866,2.567028522491455
main_axons,group_analysis/evolution_20261008/arm_mapping_20261009/main/axons/animal_maps/animal-331_space-NMTv2p1_region-ARM6_228_L_desc-meanAxonLengthDensity_map.nii.gz,5fda0982e740438b7225867400312adbc491246e42167220e266402c59044c99,27679.569633721374,3866,164.28982543945312
main_axons,group_analysis/evolution_20261008/arm_mapping_20261009/main/axons/animal_maps/animal-331_space-NMTv2p1_region-ARM6_42_L_desc-meanAxonLength_map.nii.gz,803440bc0bde1d7a98311fb001cfcd1684d039cba004c7e41d028eed1aa55fe0,192.55946017679844,7367,0.45650574564933777
main_axons,group_analysis/evolution_20261008/arm_mapping_20261009/main/axons/animal_maps/animal-331_space-NMTv2p1_region-ARM6_42_L_desc-meanAxonLengthDensity_map.nii.gz,39293c102665275bc00bce688b69868ae3910da550e9ef20679667d2a8e45121,12323.8054513151,7367,29.216367721557617
main_axons,group_analysis/evolution_20261008/arm_mapping_20261009/main/axons/animal_maps/animal-331_space-NMTv2p1_region-ARM6_48_L_desc-meanAxonLength_map.nii.gz,bcca2aa35b2ff0fd66d073ee929f49d5a8c3cb8d89676c6ec7c695134e0396f6,87.43029419718187,2871,1.0120939016342163
main_axons,group_analysis/evolution_20261008/arm_mapping_20261009/main/axons/animal_maps/animal-331_space-NMTv2p1_region-ARM6_48_L_desc-meanAxonLengthDensity_map.nii.gz,baa68be1e01689f27b71327262cf8d7079d0d0438c652be34065eb2c43d3a7c4,5595.538828619639,2871,64.77400970458984
main_axons,group_analysis/evolution_20261008/arm_mapping_20261009/main/axons/animal_maps/animal-331_space-NMTv2p1_region-ARM6_542_R_desc-meanAxonLength_map.nii.gz,a045c53cbfd83715d6db8ec0477354c7f3452607a4ede9ca709095130e807940,132.95510258415015,785,4.3536696434021
main_axons,group_analysis/evolution_20261008/arm_mapping_20261009/main/axons/animal_maps/animal-331_space-NMTv2p1_region-ARM6_542_R_desc-meanAxonLengthDensity_map.nii.gz,e83f7dcbfc063156523e1cd5bd0a07e03ae2de59cd2a1217ea04bef9933ee8d6,8509.12656538561,785,278.6348571777344
main_axons,group_analysis/evolution_20261008/arm_mapping_20261009/main/axons/animal_maps/animal-331_space-NMTv2p1_region-ARM6_549_R_desc-meanAxonLength_map.nii.gz,278c56ae6a0cc03620acedc8a64df8b1a1f5246c4bf0b70602e44e8a87785f76,58.92331099460512,3976,0.5332679152488708
main_axons,group_analysis/evolution_20261008/arm_mapping_20261009/main/axons/animal_maps/animal-331_space-NMTv2p1_region-ARM6_549_R_desc-meanAxonLengthDensity_map.nii.gz,c22552be6d5ec68ffe7a6b378c31e3588c732a792d479338187fd7df713f6541,3771.0919036547275,3976,34.129146575927734
main_axons,group_analysis/evolution_20261008/arm_mapping_20261009/main/axons/animal_maps/animal-331_space-NMTv2p1_region-ARM6_729_R_desc-meanAxonLength_map.nii.gz,3fec3dc38ee78cd441386762251c485bb33ab2d09432b4c1f6e04e2be941c95e,26.622043181210756,68,3.276360511779785
main_axons,group_analysis/evolution_20261008/arm_mapping_20261009/main/axons/animal_maps/animal-331_space-NMTv2p1_region-ARM6_729_R_desc-meanAxonLengthDensity_map.nii.gz,33f486ab8a756459c65928d4e9e1de55142fc9adb7f00cfec04ad6e6c1e279ff,1703.8107635974884,68,209.68707275390625
main_axons,group_analysis/evolution_20261008/arm_mapping_20261009/main/axons/animal_maps/animal-605_space-NMTv2p1_region-ARM6_229_L_desc-meanAxonLength_map.nii.gz,b4b3b9f07d5fd49968878fda28fae00843952e6a9c6692a320cbe05df8b992a7,85.4878546941327,273,2.603816032409668
main_axons,group_analysis/evolution_20261008/arm_mapping_20261009/main/axons/animal_maps/animal-605_space-NMTv2p1_region-ARM6_229_L_desc-meanAxonLengthDensity_map.nii.gz,9e11e27a2123b4d6795e3df092dc916fbe6fcb83d7813b9b61c5a2f25ea18502,5471.222700424492,273,166.64422607421875
main_axons,group_analysis/evolution_20261008/arm_mapping_20261009/main/axons/animal_maps/animal-605_space-NMTv2p1_region-ARM6_729_R_desc-meanAxonLength_map.nii.gz,5732777e3d9b2ad632f1cc92e24ffbde37aaf8976d8be682497630b3d2be75e1,63.14014669486096,1182,0.8596495389938354
main_axons,group_analysis/evolution_20261008/arm_mapping_20261009/main/axons/animal_maps/animal-605_space-NMTv2p1_region-ARM6_729_R_desc-meanAxonLengthDensity_map.nii.gz,bb7ebf26d3ec18467e1fdd68e0367d7e04b4b824840e8fe1f297f0d3ab793e1b,4040.9693884711014,1182,55.01757049560547
main_axons,group_analysis/evolution_20261008/arm_mapping_20261009/main/axons/animal_maps/animal-631_space-NMTv2p1_region-ARM6_228_L_desc-meanAxonLength_map.nii.gz,6f33077a5903f845c3767fb58c531ef91cacdc0cf943384811eaeda854fa6c4e,545.0979853003628,5144,4.458762168884277
main_axons,group_analysis/evolution_20261008/arm_mapping_20261009/main/axons/animal_maps/animal-631_space-NMTv2p1_region-ARM6_228_L_desc-meanAxonLengthDensity_map.nii.gz,011520f29d85ab4fb5943fd5fdc9196f726bec0286ef7832dd0f0bbc83976aeb,34886.27105922322,5144,285.36077880859375
main_axons,group_analysis/evolution_20261008/arm_mapping_20261009/main/axons/animal_maps/animal-631_space-NMTv2p1_region-ARM6_48_L_desc-meanAxonLength_map.nii.gz,35b007919d481fe5da01f3f248e521b6e925fc81a442d634a4cbb5f4f9c690af,582.3324331981371,10616,1.91201913356781
main_axons,group_analysis/evolution_20261008/arm_mapping_20261009/main/axons/animal_maps/animal-631_space-NMTv2p1_region-ARM6_48_L_desc-meanAxonLengthDensity_map.nii.gz,cc0531a3168a0ac923a7a4dbe5e3cc8128b7f3ca900f184118fa3512120bf93f,37269.275724680774,10616,122.36922454833984
main_axons,group_analysis/evolution_20261008/arm_mapping_20261009/main/axons/animal_maps/animal-631_space-NMTv2p1_region-ARM6_548_R_desc-meanAxonLength_map.nii.gz,5d51e7f229fcb115c2240be2bf309c05d9cbb711f210ee9a2616a61e8da961bd,264.5828393833972,4364,1.2715479135513306
main_axons,group_analysis/evolution_20261008/arm_mapping_20261009/main/axons/animal_maps/animal-631_space-NMTv2p1_region-ARM6_548_R_desc-meanAxonLengthDensity_map.nii.gz,4a4ab02591f09d08f1a0c2b39f6734cd5f1caca935a7b33c00034da4e00ed7ed,16933.30172053742,4364,81.37906646728516
main_axons,group_analysis/evolution_20261008/arm_mapping_20261009/main/axons/animal_maps/animal-631_space-NMTv2p1_region-ARM6_728_R_desc-meanAxonLength_map.nii.gz,3852c664e42b7d9be6372a167069bb6c11de6b7f31fb8ae98e898be11ce64da5,667.309382922791,2490,3.728191614151001
main_axons,group_analysis/evolution_20261008/arm_mapping_20261009/main/axons/animal_maps/animal-631_space-NMTv2p1_region-ARM6_728_R_desc-meanAxonLengthDensity_map.nii.gz,c78ab5f239e13db2fe7cd380ada384ff13e8f4bb41d2ae50a7ef677dd2060f16,42707.80050705862,2490,238.60426330566406
main_axons,group_analysis/evolution_20261008/arm_mapping_20261009/main/axons/animal_maps/animal-797_space-NMTv2p1_region-ARM6_0_L_desc-meanAxonLength_map.nii.gz,14cc1834b2f7bada0c5007d35a26c56a597cf9e4b7ff80f51a9b37979d0459cb,37.135007175966166,352,0.6298484802246094
main_axons,group_analysis/evolution_20261008/arm_mapping_20261009/main/axons/animal_maps/animal-797_space-NMTv2p1_region-ARM6_0_L_desc-meanAxonLengthDensity_map.nii.gz,f07b62c54d641cbc53f264e277de4e02c7eb4b98a9066ac4dce1653c7dd95e2d,2376.6404592618346,352,40.310302734375
main_axons,group_analysis/evolution_20261008/arm_mapping_20261009/main/axons/animal_maps/animal-797_space-NMTv2p1_region-ARM6_0_R_desc-meanAxonLength_map.nii.gz,13a363f3af27425fcbf3d0371a15120c0f0644ff124f107081910656dc5c0b8c,323.0691796768806,2661,1.5518561601638794
main_axons,group_analysis/evolution_20261008/arm_mapping_20261009/main/axons/animal_maps/animal-797_space-NMTv2p1_region-ARM6_0_R_desc-meanAxonLengthDensity_map.nii.gz,50149b4caefc5c23eb3a7f2fd957a31a8c69e0c6e07e8be338a63b5c4e1601f1,20676.427499320358,2661,99.31879425048828
main_axons,group_analysis/evolution_20261008/arm_mapping_20261009/main/axons/animal_maps/animal-797_space-NMTv2p1_region-ARM6_1004_L_desc-meanAxonLength_map.nii.gz,08be9a3af2977407facc2ee34b70c41963a92ec611af879fe9ebca076b06e157,570.2152574219072,2404,4.122276306152344
main_axons,group_analysis/evolution_20261008/arm_mapping_20261009/main/axons/animal_maps/animal-797_space-NMTv2p1_region-ARM6_1004_L_desc-meanAxonLengthDensity_map.nii.gz,c8c32f6ad23d9275cfee714b7b3fe072067950e45e1e1b3ca53299d737d42421,36493.77647500206,2404,263.82568359375
main_axons,group_analysis/evolution_20261008/arm_mapping_20261009/main/axons/animal_maps/animal-797_space-NMTv2p1_region-ARM6_1504_R_desc-meanAxonLength_map.nii.gz,cd77bffbb26d978d9a3ba42b2b0bce39b91082f9e275d7553369c3bf44c78417,1105.066302428786,3442,5.931008815765381
main_axons,group_analysis/evolution_20261008/arm_mapping_20261009/main/axons/animal_maps/animal-797_space-NMTv2p1_region-ARM6_1504_R_desc-meanAxonLengthDensity_map.nii.gz,923d8f9e9ccd0e4b73583da739819568e270ea1292b1c21198ef1735aeed0b7b,70724.2433554423,3442,379.5845642089844
main_axons,group_analysis/evolution_20261008/arm_mapping_20261009/main/axons/animal_maps/animal-797_space-NMTv2p1_region-ARM6_229_L_desc-meanAxonLength_map.nii.gz,7809ba8c3c25d0f73d0cf688183b4e67b66b2726fe3b2df56b584c0d0b3d9bed,452.2782059929151,6235,1.6894001960754395
main_axons,group_analysis/evolution_20261008/arm_mapping_20261009/main/axons/animal_maps/animal-797_space-NMTv2p1_region-ARM6_229_L_desc-meanAxonLengthDensity_map.nii.gz,71dd7d07ed89f4fc1a0ea0d53a1be00b214ce176ad06250fb0d759622dbe1ad3,28945.805183546567,6235,108.12161254882812
main_axons,group_analysis/evolution_20261008/arm_mapping_20261009/main/axons/animal_maps/animal-797_space-NMTv2p1_region-ARM6_41_L_desc-meanAxonLength_map.nii.gz,c3fc288bab77db18a1faf372a34c8774d97a0433a33b70aa6b5d9fad00f488dc,319.1134929268204,14472,0.6953374743461609
main_axons,group_analysis/evolution_20261008/arm_mapping_20261009/main/axons/animal_maps/animal-797_space-NMTv2p1_region-ARM6_41_L_desc-meanAxonLengthDensity_map.nii.gz,3015f033f1fc501aa7257ebe5d841199840d378b22645a9ee32cb0905ed115b0,20423.263547316506,14472,44.5015983581543
main_axons,group_analysis/evolution_20261008/arm_mapping_20261009/main/axons/animal_maps/animal-797_space-NMTv2p1_region-ARM6_42_L_desc-meanAxonLength_map.nii.gz,bdc6ed369973267bb50ca88654ed85f5e4777d99463284c52d9ebfa5206549d4,5.416496358579025,33,0.376008540391922
main_axons,group_analysis/evolution_20261008/arm_mapping_20261009/main/axons/animal_maps/animal-797_space-NMTv2p1_region-ARM6_42_L_desc-meanAxonLengthDensity_map.nii.gz,9cad34344cd8c9f1432e067d953b4f8e175f108747528110dc97ad32bede471f,346.6557669490576,33,24.064546585083008
main_axons,group_analysis/evolution_20261008/arm_mapping_20261009/main/axons/animal_maps/animal-797_space-NMTv2p1_region-ARM6_541_R_desc-meanAxonLength_map.nii.gz,a2fe7ebeb26c6386a3bf89a849f422eebf3651f493591cbc81918fcc62551454,159.33079606032697,279,5.265326023101807
main_axons,group_analysis/evolution_20261008/arm_mapping_20261009/main/axons/animal_maps/animal-797_space-NMTv2p1_region-ARM6_541_R_desc-meanAxonLengthDensity_map.nii.gz,6cc4728c191e7841acea655149c990fa3f82c965b201c2b10e3e34b0863cd86f,10197.170947860926,279,336.9808654785156
main_axons,group_analysis/evolution_20261008/arm_mapping_20261009/main/axons/animal_maps/animal-797_space-NMTv2p1_region-ARM6_542_R_desc-meanAxonLength_map.nii.gz,e5c9203e571a25b39a1a78cd80a703c76a668894dc47457585bd5cda01bc0ea8,352.2490767284402,14867,0.650831401348114
main_axons,group_analysis/evolution_20261008/arm_mapping_20261009/main/axons/animal_maps/animal-797_space-NMTv2p1_region-ARM6_542_R_desc-meanAxonLengthDensity_map.nii.gz,61e2e1aa6361ea264c2657a321fd401a305ad4aed0ee3798707dadd1e33865b6,22543.94091062017,14867,41.6532096862793
main_axons,group_analysis/evolution_20261008/arm_mapping_20261009/main/axons/animal_maps/animal-797_space-NMTv2p1_region-ARM6_595_R_desc-meanAxonLength_map.nii.gz,d8f5057f514a0ca6876d621ddc7556f0d4f800ec5a0cad4435b6f415c2093728,1007.4876434495818,3371,5.847750186920166
main_axons,group_analysis/evolution_20261008/arm_mapping_20261009/main/axons/animal_maps/animal-797_space-NMTv2p1_region-ARM6_595_R_desc-meanAxonLengthDensity_map.nii.gz,eb22af6f38bcb53761248fd4731812a102f70c938f17dca8bab1f7088205be27,64479.209180773236,3371,374.2560119628906
main_axons,group_analysis/evolution_20261008/arm_mapping_20261009/main/axons/animal_maps/animal-900_space-NMTv2p1_region-ARM6_229_L_desc-meanAxonLength_map.nii.gz,3d948229e1f86df733ddcc8c2bee9cd756cab8c8b7e6525864970beb803d40a4,101.45760833747318,1235,2.064673900604248
main_axons,group_analysis/evolution_20261008/arm_mapping_20261009/main/axons/animal_maps/animal-900_space-NMTv2p1_region-ARM6_229_L_desc-meanAxonLengthDensity_map.nii.gz,f1360ced65120ed1eac4aa9c981f6faa9862b1db2a9c0acc387a6cc79687a8b5,6493.286933598283,1235,132.13912963867188
main_axons,group_analysis/evolution_20261008/arm_mapping_20261009/main/axons/animal_maps/animal-900_space-NMTv2p1_region-ARM6_48_L_desc-meanAxonLength_map.nii.gz,b4a93a15520dd5fe0f48cdc8dc3bf897adf93bc9fa2d98f0037001c98697df0d,55.7721632435381,1446,0.6985762119293213
main_axons,group_analysis/evolution_20261008/arm_mapping_20261009/main/axons/animal_maps/animal-900_space-NMTv2p1_region-ARM6_48_L_desc-meanAxonLengthDensity_map.nii.gz,6faa57d72c6a50499b68e475f568a14693d92cb54aaa241cad0fdce6f4aeca85,3569.4184475864386,1446,44.70887756347656
main_axons,group_analysis/evolution_20261008/arm_mapping_20261009/main/axons/animal_maps/animal-900_space-NMTv2p1_region-ARM6_548_R_desc-meanAxonLength_map.nii.gz,f270088bcac3016f272743b29b2a371e9f200387aff41cb54e45eb5986a7d5f7,25.387080705258995,146,1.1669120788574219
main_axons,group_analysis/evolution_20261008/arm_mapping_20261009/main/axons/animal_maps/animal-900_space-NMTv2p1_region-ARM6_548_R_desc-meanAxonLengthDensity_map.nii.gz,0eb13f611d0a562aba38cbb136fad05aee162a343a30d4ef062ee0c00a7a3f70,1624.7731651365757,146,74.682373046875
main_axons,group_analysis/evolution_20261008/arm_mapping_20261009/main/axons/animal_maps/animal-936_space-NMTv2p1_region-ARM6_0_L_desc-meanAxonLength_map.nii.gz,8a20e1a9fe36a21929f0d868412feba6e2c4e10830698841bf080f4bda091307,89.05965224632928,3273,0.35346710681915283
main_axons,group_analysis/evolution_20261008/arm_mapping_20261009/main/axons/animal_maps/animal-936_space-NMTv2p1_region-ARM6_0_L_desc-meanAxonLengthDensity_map.nii.gz,5115491e315931c147a591a35beccfd07ac0b8a3ebe7bcb431b702944c211318,5699.817743765074,3273,22.62189483642578
main_axons,group_analysis/evolution_20261008/arm_mapping_20261009/main/axons/animal_maps/animal-936_space-NMTv2p1_region-ARM6_0_R_desc-meanAxonLength_map.nii.gz,1b69230df138fce157029b4fb338c49c27efd91e42ab2b2f55d135d5482c9d36,76.01819063450785,817,1.0470304489135742
main_axons,group_analysis/evolution_20261008/arm_mapping_20261009/main/axons/animal_maps/animal-936_space-NMTv2p1_region-ARM6_0_R_desc-meanAxonLengthDensity_map.nii.gz,e1595699a08c8b71f756ddb154984a0a691247abc68b8a48e1d739e6682a76d0,4865.164200608502,817,67.00994873046875
main_axons,group_analysis/evolution_20261008/arm_mapping_20261009/main/axons/animal_maps/animal-936_space-NMTv2p1_region-ARM6_228_L_desc-meanAxonLength_map.nii.gz,7a7a9e0c89c14bebb38f1723ce50a7335390f30c84aba9360c9b7ea31fbaa70a,137.43484479321654,18986,0.20255513489246368
main_axons,group_analysis/evolution_20261008/arm_mapping_20261009/main/axons/animal_maps/animal-936_space-NMTv2p1_region-ARM6_228_L_desc-meanAxonLengthDensity_map.nii.gz,b787bb5d087ba31e48ce0281752409de006f3cd70a00e45b77da35a199e5d4ad,8795.830066765859,18986,12.963528633117676
main_axons,group_analysis/evolution_20261008/arm_mapping_20261009/main/axons/animal_maps/animal-936_space-NMTv2p1_region-ARM6_229_L_desc-meanAxonLength_map.nii.gz,63bd99af292e8f7536946b38a22e3050735cf10b3abfa3e86cd6d0dd433ba416,126.41740045233462,9756,0.3252677917480469
main_axons,group_analysis/evolution_20261008/arm_mapping_20261009/main/axons/animal_maps/animal-936_space-NMTv2p1_region-ARM6_229_L_desc-meanAxonLengthDensity_map.nii.gz,afdaa34f7db3f1b6ab8928e496a23a624dc05cfd73de514409a5a18faa983173,8090.713628949416,9756,20.817138671875
main_axons,group_analysis/evolution_20261008/arm_mapping_20261009/main/axons/animal_maps/animal-936_space-NMTv2p1_region-ARM6_41_L_desc-meanAxonLength_map.nii.gz,f602ccf9b4679d0b6f5521a2335db91fe45e08c2d04c39959bec23ea49dbb360,188.51999742229327,7596,0.4323303699493408
main_axons,group_analysis/evolution_20261008/arm_mapping_20261009/main/axons/animal_maps/animal-936_space-NMTv2p1_region-ARM6_41_L_desc-meanAxonLengthDensity_map.nii.gz,8da56abb9607dbe9b09c87b59e6d6c22bed1747b6701ec351c323fccbc921052,12065.27983502677,7596,27.669143676757812
main_axons,group_analysis/evolution_20261008/arm_mapping_20261009/main/axons/animal_maps/animal-936_space-NMTv2p1_region-ARM6_42_L_desc-meanAxonLength_map.nii.gz,fb16cac3f3bdbf5c9bc3b010af23e683a10595639ce3f88b4f6f76aa42cef18e,213.47828927253158,9479,0.7416883111000061
main_axons,group_analysis/evolution_20261008/arm_mapping_20261009/main/axons/animal_maps/animal-936_space-NMTv2p1_region-ARM6_42_L_desc-meanAxonLengthDensity_map.nii.gz,7e969e49ed977d4f99b74d5224a051571cc552eb84ef09afb593244c0484a540,13662.610513442021,9479,47.46805191040039
main_axons,group_analysis/evolution_20261008/arm_mapping_20261009/main/axons/animal_maps/animal-936_space-NMTv2p1_region-ARM6_541_R_desc-meanAxonLength_map.nii.gz,f834e727c5fc23dfdcb33813169ab1b009ba0bd818066f4e0ee1634aba3bb7ac,234.62410385073235,8716,0.20368359982967377
main_axons,group_analysis/evolution_20261008/arm_mapping_20261009/main/axons/animal_maps/animal-936_space-NMTv2p1_region-ARM6_541_R_desc-meanAxonLengthDensity_map.nii.gz,3c4f4b3e290247f4ad9dc12debd93c30c85b2b977deec6aac4a41d4bd0daab7d,15015.94264644687,8716,13.035750389099121
main_axons,group_analysis/evolution_20261008/arm_mapping_20261009/main/axons/animal_maps/animal-936_space-NMTv2p1_region-ARM6_542_R_desc-meanAxonLength_map.nii.gz,8236b7f1f20ecee29ceb31af17033f3b8f9b7f6ff106c7dba39c7d4b236a1da1,85.65152311649456,15038,0.11574529856443405
main_axons,group_analysis/evolution_20261008/arm_mapping_20261009/main/axons/animal_maps/animal-936_space-NMTv2p1_region-ARM6_542_R_desc-meanAxonLengthDensity_map.nii.gz,91e1393cbd79592892543d2eff73745fcff3f6a6dfb7798558aaf902b0fd8259,5481.697479455652,15038,7.407699108123779
main_axons,group_analysis/evolution_20261008/arm_mapping_20261009/main/axons/animal_maps/animal-936_space-NMTv2p1_region-ARM6_549_R_desc-meanAxonLength_map.nii.gz,0c0f06681da507ec330909dcf4bd3341e316277ba68dabf327fd87a83c19ef62,103.5125067563917,13918,0.08953803032636642
main_axons,group_analysis/evolution_20261008/arm_mapping_20261009/main/axons/animal_maps/animal-936_space-NMTv2p1_region-ARM6_549_R_desc-meanAxonLengthDensity_map.nii.gz,c260f570f554b7742fdc3e06f01b677a07011d340283b3f7cec0cfb4f12c13cb,6624.800432409069,13918,5.730433940887451
main_axons,group_analysis/evolution_20261008/arm_mapping_20261009/main/axons/animal_maps/animal-936_space-NMTv2p1_region-ARM6_728_R_desc-meanAxonLength_map.nii.gz,d91924447544a68f32785b85a5480f3b67088ec126a1cf2fb26a8d2f2ed7849d,132.17469425104264,20186,0.14639687538146973
main_axons,group_analysis/evolution_20261008/arm_mapping_20261009/main/axons/animal_maps/animal-936_space-NMTv2p1_region-ARM6_728_R_desc-meanAxonLengthDensity_map.nii.gz,4d4b5f09586b9461674be99931add1069b77941b55e69a693f0d8860bd08bf1b,8459.180432066729,20186,9.369400024414062
main_axons,group_analysis/evolution_20261008/arm_mapping_20261009/main/axons/animal_maps/animal-945_space-NMTv2p1_region-ARM6_42_L_desc-meanAxonLength_map.nii.gz,3664edc09d0b5225bf3cbaa9cf5516993a7b664ece19654b85f9a29b88976ff7,131.26961218645692,3989,0.8802521824836731
main_axons,group_analysis/evolution_20261008/arm_mapping_20261009/main/axons/animal_maps/animal-945_space-NMTv2p1_region-ARM6_42_L_desc-meanAxonLengthDensity_map.nii.gz,10f77de5dbe184f5eee3076dc0d44584423d6680805eb47ee65aabcb92f63d59,8401.255179933243,3989,56.33613967895508
main_axons,group_analysis/evolution_20261008/arm_mapping_20261009/main/axons/animal_maps/animal-945_space-NMTv2p1_region-ARM6_43_L_desc-meanAxonLength_map.nii.gz,3353d7836d1bb0d8e7b77d1f646ef1926784742618a15a3a94295475b8452d1d,160.12670871592127,781,2.5193393230438232
main_axons,group_analysis/evolution_20261008/arm_mapping_20261009/main/axons/animal_maps/animal-945_space-NMTv2p1_region-ARM6_43_L_desc-meanAxonLengthDensity_map.nii.gz,f29d609787821f0323e2c70b9356a3c8baea77cd4c20ec65b5b48aeae1eb882d,10248.109357818961,781,161.2377166748047
main_axons,group_analysis/evolution_20261008/arm_mapping_20261009/main/axons/animal_maps/animal-945_space-NMTv2p1_region-ARM6_541_R_desc-meanAxonLength_map.nii.gz,a7abe1a0a9d6ae7a2f7b90cc9974e99da0ef6554562ec5369b088c8c79afd2ae,71.48362311854726,584,1.2312525510787964
main_axons,group_analysis/evolution_20261008/arm_mapping_20261009/main/axons/animal_maps/animal-945_space-NMTv2p1_region-ARM6_541_R_desc-meanAxonLengthDensity_map.nii.gz,a30566116c64c19a9d89f37d48771ec90588e8c1c0f85859d44f46a33dbc6595,4574.951879587024,584,78.80016326904297
main_axons,group_analysis/evolution_20261008/arm_mapping_20261009/main/axons/animal_maps/animal-945_space-NMTv2p1_region-ARM6_549_R_desc-meanAxonLength_map.nii.gz,5b3114180804906e9de61e97de71af64e7ba04331a4b70eae70d5e406336b60f,188.59474767193205,6071,0.9809569716453552
main_axons,group_analysis/evolution_20261008/arm_mapping_20261009/main/axons/animal_maps/animal-945_space-NMTv2p1_region-ARM6_549_R_desc-meanAxonLengthDensity_map.nii.gz,c5a54632dd78f06542f49a9ecb7fb30e888c19afe50a159c7ad484260df22899,12070.063851003652,6071,62.781246185302734
main_axons,group_analysis/evolution_20261008/arm_mapping_20261009/main/axons/animal_maps/animal-948_space-NMTv2p1_region-ARM6_0_L_desc-meanAxonLength_map.nii.gz,9fe241564154ccf217b359c9e7e9996c1eab99cf424f29eafa0e29e3cbc18e23,138.16622688129246,2638,0.49348846077919006
main_axons,group_analysis/evolution_20261008/arm_mapping_20261009/main/axons/animal_maps/animal-948_space-NMTv2p1_region-ARM6_0_L_desc-meanAxonLengthDensity_map.nii.gz,539223bf72c54237b6cd2ed87014511e85231faf8993793b7044a06d852fd327,8842.638520402717,2638,31.583261489868164
main_axons,group_analysis/evolution_20261008/arm_mapping_20261009/main/axons/animal_maps/animal-948_space-NMTv2p1_region-ARM6_0_R_desc-meanAxonLength_map.nii.gz,ccac1a8abf3039e830052a148f9dfd4c0381724de736ac2d42c25f70b1fc4425,489.65231997518276,5639,1.7043670415878296
main_axons,group_analysis/evolution_20261008/arm_mapping_20261009/main/axons/animal_maps/animal-948_space-NMTv2p1_region-ARM6_0_R_desc-meanAxonLengthDensity_map.nii.gz,ce21dc6d6794c139096c36272bcb03cac3c8791f2ffd0f818b3bb3ad90b43ed1,31337.748478411697,5639,109.0794906616211
main_axons,group_analysis/evolution_20261008/arm_mapping_20261009/main/axons/animal_maps/animal-948_space-NMTv2p1_region-ARM6_1004_L_desc-meanAxonLength_map.nii.gz,a6c2fa5962d50936214316197a8c29118cdde085258fec6232bad6c2b2f3b22b,334.92715274356306,441,8.050153732299805
main_axons,group_analysis/evolution_20261008/arm_mapping_20261009/main/axons/animal_maps/animal-948_space-NMTv2p1_region-ARM6_1004_L_desc-meanAxonLengthDensity_map.nii.gz,d3dfce432b36b6c562ef8922f719f7df7f6a094a96580993d7957176b27c10ec,21435.337775588036,441,515.2098388671875
main_axons,group_analysis/evolution_20261008/arm_mapping_20261009/main/axons/animal_maps/animal-948_space-NMTv2p1_region-ARM6_1504_R_desc-meanAxonLength_map.nii.gz,6eb5d9e282f6911d4bd263cb5e458a718b5133098cdd8981fff6f2fa6ba3d039,244.80590739853142,3608,1.781447410583496
main_axons,group_analysis/evolution_20261008/arm_mapping_20261009/main/axons/animal_maps/animal-948_space-NMTv2p1_region-ARM6_1504_R_desc-meanAxonLengthDensity_map.nii.gz,aac754c1e05147b216ac452b3784414a834b20ccff1a8a7b08e393138e635f8e,15667.57807350601,3608,114.01263427734375
main_axons,group_analysis/evolution_20261008/arm_mapping_20261009/main/axons/animal_maps/animal-948_space-NMTv2p1_region-ARM6_42_L_desc-meanAxonLength_map.nii.gz,582c943f364f4fca79e6b07ba8e7c225633761867be377b573bc50c85a17ee1d,122.48741059788154,1650,0.6228861212730408
main_axons,group_analysis/evolution_20261008/arm_mapping_20261009/main/axons/animal_maps/animal-948_space-NMTv2p1_region-ARM6_42_L_desc-meanAxonLengthDensity_map.nii.gz,3122685abdd71bc6538de8335443344d7fc9f9e3297b5c2ea39e066a0789ae1c,7839.194278264418,1650,39.86471176147461
main_axons,group_analysis/evolution_20261008/arm_mapping_20261009/main/axons/animal_maps/animal-948_space-NMTv2p1_region-ARM6_542_R_desc-meanAxonLength_map.nii.gz,5687fec949510da5234c2485cbdf61b8ad03ac7b7420e73be14c8876be1f0dc5,20.44330245134188,182,0.5513392090797424
main_axons,group_analysis/evolution_20261008/arm_mapping_20261009/main/axons/animal_maps/animal-948_space-NMTv2p1_region-ARM6_542_R_desc-meanAxonLengthDensity_map.nii.gz,3dd6ea5d0f355821d90673ccfb4e391bb2cb24ad817a4a1ac2bb52fc9cabae3d,1308.3713568858802,182,35.285709381103516
main_axons,group_analysis/evolution_20261008/arm_mapping_20261009/main/axons/group_maps/space-NMTv2p1_region-ARM6_0_L_desc-animalMeanAxonLength_map.nii.gz,ccb26535f4c20eeb16b356ea75376e3bde408a6008d56019dc0b00144671c1f5,102.6153868928368,6784,1.2136539220809937
main_axons,group_analysis/evolution_20261008/arm_mapping_20261009/main/axons/group_maps/space-NMTv2p1_region-ARM6_0_L_desc-animalMeanAxonLengthDensity_map.nii.gz,5c0a2fbb94776468197657eb8c6125067f98f492460f3892946b6d06951c5b32,6567.384760426299,6784,77.6738510131836
main_axons,group_analysis/evolution_20261008/arm_mapping_20261009/main/axons/group_maps/space-NMTv2p1_region-ARM6_0_R_desc-animalMeanAxonLength_map.nii.gz,e2432db7ad9b301aa9315b1675a377dab52fc98400be35aab538fbdb1918d7f1,296.2465632864255,9012,0.5681223273277283
main_axons,group_analysis/evolution_20261008/arm_mapping_20261009/main/axons/group_maps/space-NMTv2p1_region-ARM6_0_R_desc-animalMeanAxonLengthDensity_map.nii.gz,a232938c95848d7ed7c4ec8309f9b3d842ed0a4c05800a7772d5301933e59f6c,18959.780049496767,9012,36.35982894897461
main_axons,group_analysis/evolution_20261008/arm_mapping_20261009/main/axons/group_maps/space-NMTv2p1_region-ARM6_1004_L_desc-animalMeanAxonLength_map.nii.gz,03d8446422ba782faecd46c9ad7f3ed46a2c2052883d37137331b3913f9fa7cf,367.10575645598647,4378,2.683384656906128
main_axons,group_analysis/evolution_20261008/arm_mapping_20261009/main/axons/group_maps/space-NMTv2p1_region-ARM6_1004_L_desc-animalMeanAxonLengthDensity_map.nii.gz,16c9d08775fe3e3af99b6b3ae945bb857dd465090f85b1a1c4f3ff9b9d4a8b5f,23494.768407461088,4378,171.7366180419922
main_axons,group_analysis/evolution_20261008/arm_mapping_20261009/main/axons/group_maps/space-NMTv2p1_region-ARM6_1504_R_desc-animalMeanAxonLength_map.nii.gz,7a357da7bed28663de64211dd878a5d3b181a9a103c8636386dd2004b7b0fe42,674.9361048993578,6792,2.9655044078826904
main_axons,group_analysis/evolution_20261008/arm_mapping_20261009/main/axons/group_maps/space-NMTv2p1_region-ARM6_1504_R_desc-animalMeanAxonLengthDensity_map.nii.gz,255d7b2b288a2c25061bf6664d9105de7c5bf1c84bb88f0a26214a3125de7559,43195.91067791532,6792,189.7922821044922
main_axons,group_analysis/evolution_20261008/arm_mapping_20261009/main/axons/group_maps/space-NMTv2p1_region-ARM6_228_L_desc-animalMeanAxonLength_map.nii.gz,8660bf97b2902668d812338aff6daa31cc87edc27e40cf28bed8ddb5539e4c1e,371.67536846127524,27466,1.486254096031189
main_axons,group_analysis/evolution_20261008/arm_mapping_20261009/main/axons/group_maps/space-NMTv2p1_region-ARM6_228_L_desc-animalMeanAxonLengthDensity_map.nii.gz,900bda9b017744ff9527eda5b9e188980d09c11acd5aa690ebc9364871382392,23787.223577915534,27466,95.1202621459961
main_axons,group_analysis/evolution_20261008/arm_mapping_20261009/main/axons/group_maps/space-NMTv2p1_region-ARM6_229_L_desc-animalMeanAxonLength_map.nii.gz,37d22b599da5e31edd440ca1da071c7862d3b5c2a1597cca8f695b7d72ef37b5,191.4102673549403,16611,0.650954008102417
main_axons,group_analysis/evolution_20261008/arm_mapping_20261009/main/axons/group_maps/space-NMTv2p1_region-ARM6_229_L_desc-animalMeanAxonLengthDensity_map.nii.gz,7454f44c040894992a536f8def7a399564f4dbc340f1cb391d9a98e43ed6e8a4,12250.257101939394,16611,41.66105651855469
main_axons,group_analysis/evolution_20261008/arm_mapping_20261009/main/axons/group_maps/space-NMTv2p1_region-ARM6_41_L_desc-animalMeanAxonLength_map.nii.gz,8496600a2002501dc5979911ec02251e4cd5a1094b50a0d854c2906922989ac4,253.8167452789973,20558,0.35072192549705505
main_axons,group_analysis/evolution_20261008/arm_mapping_20261009/main/axons/group_maps/space-NMTv2p1_region-ARM6_41_L_desc-animalMeanAxonLengthDensity_map.nii.gz,fe8154eac499bcce6d8088a4d28f822d78c34ee7bd1de01352fa1633a622be1d,16244.27165375584,20558,22.446203231811523
main_axons,group_analysis/evolution_20261008/arm_mapping_20261009/main/axons/group_maps/space-NMTv2p1_region-ARM6_42_L_desc-animalMeanAxonLength_map.nii.gz,fcf273b6859937a7438d67a583bb37c2143bf189f5f2bd2b958566c49c0b682f,133.04225371113625,20214,0.17605043947696686
main_axons,group_analysis/evolution_20261008/arm_mapping_20261009/main/axons/group_maps/space-NMTv2p1_region-ARM6_42_L_desc-animalMeanAxonLengthDensity_map.nii.gz,f3348424c34a28505588b222425a2a20eb18e063923d990ea4a218c167516244,8514.704234875215,20214,11.267228126525879
main_axons,group_analysis/evolution_20261008/arm_mapping_20261009/main/axons/group_maps/space-NMTv2p1_region-ARM6_43_L_desc-animalMeanAxonLength_map.nii.gz,3353d7836d1bb0d8e7b77d1f646ef1926784742618a15a3a94295475b8452d1d,160.12670871592127,781,2.5193393230438232
main_axons,group_analysis/evolution_20261008/arm_mapping_20261009/main/axons/group_maps/space-NMTv2p1_region-ARM6_43_L_desc-animalMeanAxonLengthDensity_map.nii.gz,f29d609787821f0323e2c70b9356a3c8baea77cd4c20ec65b5b48aeae1eb882d,10248.109357818961,781,161.2377166748047
main_axons,group_analysis/evolution_20261008/arm_mapping_20261009/main/axons/group_maps/space-NMTv2p1_region-ARM6_48_L_desc-animalMeanAxonLength_map.nii.gz,e9c63d68a6ca11654c26d6bae23a6fe4b209283d0a73ecb7dca8d92588d8269e,241.84496356104205,14271,0.63733971118927
main_axons,group_analysis/evolution_20261008/arm_mapping_20261009/main/axons/group_maps/space-NMTv2p1_region-ARM6_48_L_desc-animalMeanAxonLengthDensity_map.nii.gz,64368dda68a25e9b93dc2a0a51e547275312ad7cdc986c07433653f4f16f78cb,15478.077665731122,14271,40.78974151611328
main_axons,group_analysis/evolution_20261008/arm_mapping_20261009/main/axons/group_maps/space-NMTv2p1_region-ARM6_541_R_desc-animalMeanAxonLength_map.nii.gz,82d854cd71234cf3cac075e033ebf34933bae36cd0cd165ab6666c458e9ea068,155.14617438487585,9408,1.756494402885437
main_axons,group_analysis/evolution_20261008/arm_mapping_20261009/main/axons/group_maps/space-NMTv2p1_region-ARM6_541_R_desc-animalMeanAxonLengthDensity_map.nii.gz,b05a1d9a2e568f05f92bf992d830965ec4cf5e1e5022e8b6666c0669aeb8aeb3,9929.355156817357,9408,112.41564178466797
main_axons,group_analysis/evolution_20261008/arm_mapping_20261009/main/axons/group_maps/space-NMTv2p1_region-ARM6_542_R_desc-animalMeanAxonLength_map.nii.gz,5a2d321c2635b769d7f352ed97a8a6e61684e2ab25bd569aa0bb90279e04f815,147.82475105703475,27119,1.089255690574646
main_axons,group_analysis/evolution_20261008/arm_mapping_20261009/main/axons/group_maps/space-NMTv2p1_region-ARM6_542_R_desc-animalMeanAxonLengthDensity_map.nii.gz,cb4f0f845d4e805b89cac17c35af10520edfdc14e51ca38c0aedb5217fcf275e,9460.784050946022,27119,69.71236419677734
main_axons,group_analysis/evolution_20261008/arm_mapping_20261009/main/axons/group_maps/space-NMTv2p1_region-ARM6_548_R_desc-animalMeanAxonLength_map.nii.gz,32bb073e6a91afdd5e387d0faf2f88de06231fab5f3a2acc7e5b64a6b868d3ca,144.98496002139427,4429,0.8730219602584839
main_axons,group_analysis/evolution_20261008/arm_mapping_20261009/main/axons/group_maps/space-NMTv2p1_region-ARM6_548_R_desc-animalMeanAxonLengthDensity_map.nii.gz,5291aa031240b37ec9f12540948c3e94e249e68cf33cb98d473fc3e1958ab726,9279.037432786165,4429,55.87340545654297
main_axons,group_analysis/evolution_20261008/arm_mapping_20261009/main/axons/group_maps/space-NMTv2p1_region-ARM6_549_R_desc-animalMeanAxonLength_map.nii.gz,c0b2fecdef39713501cfe06e23b9bce405af61a30aac3543c0628417988cb5af,117.01018844115214,21917,0.33259353041648865
main_axons,group_analysis/evolution_20261008/arm_mapping_20261009/main/axons/group_maps/space-NMTv2p1_region-ARM6_549_R_desc-animalMeanAxonLengthDensity_map.nii.gz,94264412aaafb5e468c0e52f7622a52e2895c6c7ed8b22673cdf5ce7ed6c7648,7488.6520553908595,21917,21.285985946655273
main_axons,group_analysis/evolution_20261008/arm_mapping_20261009/main/axons/group_maps/space-NMTv2p1_region-ARM6_595_R_desc-animalMeanAxonLength_map.nii.gz,d8f5057f514a0ca6876d621ddc7556f0d4f800ec5a0cad4435b6f415c2093728,1007.4876434495818,3371,5.847750186920166
main_axons,group_analysis/evolution_20261008/arm_mapping_20261009/main/axons/group_maps/space-NMTv2p1_region-ARM6_595_R_desc-animalMeanAxonLengthDensity_map.nii.gz,eb22af6f38bcb53761248fd4731812a102f70c938f17dca8bab1f7088205be27,64479.209180773236,3371,374.2560119628906
main_axons,group_analysis/evolution_20261008/arm_mapping_20261009/main/axons/group_maps/space-NMTv2p1_region-ARM6_728_R_desc-animalMeanAxonLength_map.nii.gz,30abd0a6de70de333439d20a8c7a0ae157ff2c55c29c80e917d1f5609b0db423,399.7420386613626,22503,1.8640958070755005
main_axons,group_analysis/evolution_20261008/arm_mapping_20261009/main/axons/group_maps/space-NMTv2p1_region-ARM6_728_R_desc-animalMeanAxonLengthDensity_map.nii.gz,a3c99b9f0f98b25ab3ee1e05116388a90986e43bb2c5c42885888a573c143f0b,25583.49047092974,22503,119.30213165283203
main_axons,group_analysis/evolution_20261008/arm_mapping_20261009/main/axons/group_maps/space-NMTv2p1_region-ARM6_729_R_desc-animalMeanAxonLength_map.nii.gz,7bdf97162c311a6fa5f6229b5e196c3fac4007edc656e72fe2195319c6c6eb3c,44.88109487098063,1230,1.6503878831863403
main_axons,group_analysis/evolution_20261008/arm_mapping_20261009/main/axons/group_maps/space-NMTv2p1_region-ARM6_729_R_desc-animalMeanAxonLengthDensity_map.nii.gz,2dc3f93b781abcdb64959129fbca6bfb627eb34742d717aeb05ac0a811e2e8ff,2872.3900712659233,1230,105.62482452392578
additional_axons,group_analysis/evolution_20261008/projection_maps/additional_candidates_20261009/animal_maps/animal-331_space-NMTv2p1_region-NearINS_L_desc-meanAxonLength_map.nii.gz,468567772542696cb166ec71c515ea9c3090c18c2f5cdc16d88e2c06d51522e4,246.86432671894727,1921,2.215907096862793
additional_axons,group_analysis/evolution_20261008/projection_maps/additional_candidates_20261009/animal_maps/animal-331_space-NMTv2p1_region-NearINS_L_desc-meanAxonLengthDensity_map.nii.gz,0edb1e2dc605b698b2acb18ac25365224de3e9d382ff6af3cc7680da93982bef,15799.316910012625,1921,141.81805419921875
additional_axons,group_analysis/evolution_20261008/projection_maps/additional_candidates_20261009/animal_maps/animal-605_space-NMTv2p1_region-NearINS_L_desc-meanAxonLength_map.nii.gz,db9889f0ea2d334f57ce06c5b6882c46bb9ccc1cb8adb3524076f6fb4a24e04f,15.63978843953737,144,0.5597819089889526
additional_axons,group_analysis/evolution_20261008/projection_maps/additional_candidates_20261009/animal_maps/animal-605_space-NMTv2p1_region-NearINS_L_desc-meanAxonLengthDensity_map.nii.gz,d3311ced998113838175a4b5a9e441920c7fdf3615454a3af7b6326f9ab65bf9,1000.9464601303916,144,35.82604217529297
additional_axons,group_analysis/evolution_20261008/projection_maps/additional_candidates_20261009/animal_maps/animal-605_space-NMTv2p1_region-NearINS_R_desc-meanAxonLength_map.nii.gz,75ef4258a06ceede72ed0540ecdc0deadc3bde7cce7a4beb176e241d47cef1ce,60.69133500622411,749,1.2120246887207031
additional_axons,group_analysis/evolution_20261008/projection_maps/additional_candidates_20261009/animal_maps/animal-605_space-NMTv2p1_region-NearINS_R_desc-meanAxonLengthDensity_map.nii.gz,b8284fbbf2efb568414e2b6ab871324fcdbdf9aba19a83b062d8e5dad1b402b5,3884.245440398343,749,77.569580078125
additional_axons,group_analysis/evolution_20261008/projection_maps/additional_candidates_20261009/animal_maps/animal-605_space-NMTv2p1_region-OriginCandidate_L_desc-meanAxonLength_map.nii.gz,e77ea3d0dbdf543d9e5f50f5d0fa9e34e376001420d3b4f88865cdb656bbf7f3,19.91282624086307,85,2.060732126235962
additional_axons,group_analysis/evolution_20261008/projection_maps/additional_candidates_20261009/animal_maps/animal-605_space-NMTv2p1_region-OriginCandidate_L_desc-meanAxonLengthDensity_map.nii.gz,17644384e84ffd791fdbc143526cd29cc746a4a8762261df858e0e520cb06f78,1274.4208794152364,85,131.88685607910156
additional_axons,group_analysis/evolution_20261008/projection_maps/additional_candidates_20261009/animal_maps/animal-605_space-NMTv2p1_region-OriginCandidate_R_desc-meanAxonLength_map.nii.gz,7e14d0e2f848d5f85ef95b0562fef49a0ebb7ab8fbb86eaf29995c7acd7b95f9,60.19926049184869,1206,0.8446942567825317
additional_axons,group_analysis/evolution_20261008/projection_maps/additional_candidates_20261009/animal_maps/animal-605_space-NMTv2p1_region-OriginCandidate_R_desc-meanAxonLengthDensity_map.nii.gz,1c8cba1cb19ba37b4a1d3241b89ab790d60a03b123b0fb5067709e57f2dadeff,3852.752671478316,1206,54.06043243408203
additional_axons,group_analysis/evolution_20261008/projection_maps/additional_candidates_20261009/animal_maps/animal-797_space-NMTv2p1_region-NearINS_L_desc-meanAxonLength_map.nii.gz,0478d9ecc5680c89220142aaaba39ed9fc35969c52dd80b5aa594b8ed1087ac4,116.37567278548158,725,2.257465124130249
additional_axons,group_analysis/evolution_20261008/projection_maps/additional_candidates_20261009/animal_maps/animal-797_space-NMTv2p1_region-NearINS_L_desc-meanAxonLengthDensity_map.nii.gz,f84917b445aca110829fe273b7792fd7f853f95692369a57f537aabab3236263,7448.043058270821,725,144.47776794433594
additional_axons,group_analysis/evolution_20261008/projection_maps/additional_candidates_20261009/animal_maps/animal-797_space-NMTv2p1_region-OriginCandidate_L_desc-meanAxonLength_map.nii.gz,9eb2ee6d08ca80374c7e560baf1fc0737b5da17b8690819d87b926aaba5a1dac,339.60421728991923,4860,1.3326685428619385
additional_axons,group_analysis/evolution_20261008/projection_maps/additional_candidates_20261009/animal_maps/animal-797_space-NMTv2p1_region-OriginCandidate_L_desc-meanAxonLengthDensity_map.nii.gz,cc59516629c7da779cbcba734e65a54a485213a0a145684cf557996c30bd0c4d,21734.66990655483,4860,85.29078674316406
additional_axons,group_analysis/evolution_20261008/projection_maps/additional_candidates_20261009/animal_maps/animal-900_space-NMTv2p1_region-OriginCandidate_L_desc-meanAxonLength_map.nii.gz,c9474027b2f06d584825657310ef4561cdb59da8feb3195b5af1b596ee653b7d,3.510076154023409,20,0.39729228615760803
additional_axons,group_analysis/evolution_20261008/projection_maps/additional_candidates_20261009/animal_maps/animal-900_space-NMTv2p1_region-OriginCandidate_L_desc-meanAxonLengthDensity_map.nii.gz,5752ef2f9b358afc9217b66b55bd8a3be7539e217ea8186b4d97b28798dd0883,224.64487385749817,20,25.426706314086914
additional_axons,group_analysis/evolution_20261008/projection_maps/additional_candidates_20261009/animal_maps/animal-948_space-NMTv2p1_region-NearINS_R_desc-meanAxonLength_map.nii.gz,b7c85082896c0731dc6fbdc0b387f9f1719ef99bae5907f17d24b5a4c1e1c49a,380.27680778783133,1711,2.2489559650421143
additional_axons,group_analysis/evolution_20261008/projection_maps/additional_candidates_20261009/animal_maps/animal-948_space-NMTv2p1_region-NearINS_R_desc-meanAxonLengthDensity_map.nii.gz,1a18fae69f5f2d658edc1138b852b63d716d54eb488ff26d48ca1630730d0f2d,24337.715698421205,1711,143.9331817626953
additional_axons,group_analysis/evolution_20261008/projection_maps/additional_candidates_20261009/group_maps/space-NMTv2p1_region-NearINS_L_desc-animalMeanAxonLength_map.nii.gz,671b101627d87d7ec86ec1b9ec8f254fc54e19151269ef777ce0efe7fc0159c9,126.29326256953095,2789,0.752488374710083
additional_axons,group_analysis/evolution_20261008/projection_maps/additional_candidates_20261009/group_maps/space-NMTv2p1_region-NearINS_L_desc-animalMeanAxonLengthDensity_map.nii.gz,94ae133a69e638849341dac48ddf22698ab02a9b2c7c9687fa7e8746eadecbde,8082.768804449981,2789,48.15925598144531
additional_axons,group_analysis/evolution_20261008/projection_maps/additional_candidates_20261009/group_maps/space-NMTv2p1_region-NearINS_R_desc-animalMeanAxonLength_map.nii.gz,6f2e03605f328c2f3a364e9cec7d29f09e5b4ec867d1fafe6caa55e360578884,220.48407139702772,2460,1.1244779825210571
additional_axons,group_analysis/evolution_20261008/projection_maps/additional_candidates_20261009/group_maps/space-NMTv2p1_region-NearINS_R_desc-animalMeanAxonLengthDensity_map.nii.gz,9b5f03b817215c8ebeb0ba02332bbc340f4ace1363861245491d7013fb1016a7,14110.980569409774,2460,71.96659088134766
additional_axons,group_analysis/evolution_20261008/projection_maps/additional_candidates_20261009/group_maps/space-NMTv2p1_region-OriginCandidate_L_desc-animalMeanAxonLength_map.nii.gz,ef825874affddc24c430659b5c21d7c35bac034180430926dcfc5fd6290e85a9,121.00903983530543,4965,0.6869106888771057
additional_axons,group_analysis/evolution_20261008/projection_maps/additional_candidates_20261009/group_maps/space-NMTv2p1_region-OriginCandidate_L_desc-animalMeanAxonLengthDensity_map.nii.gz,32fce1737726e7db11a6c92e58dcd2a24cbc8d465eaba0b472ffdcc0128d0f35,7744.5785494595475,4965,43.962284088134766
additional_axons,group_analysis/evolution_20261008/projection_maps/additional_candidates_20261009/group_maps/space-NMTv2p1_region-OriginCandidate_R_desc-animalMeanAxonLength_map.nii.gz,7e14d0e2f848d5f85ef95b0562fef49a0ebb7ab8fbb86eaf29995c7acd7b95f9,60.19926049184869,1206,0.8446942567825317
additional_axons,group_analysis/evolution_20261008/projection_maps/additional_candidates_20261009/group_maps/space-NMTv2p1_region-OriginCandidate_R_desc-animalMeanAxonLengthDensity_map.nii.gz,1c8cba1cb19ba37b4a1d3241b89ab790d60a03b123b0fb5067709e57f2dadeff,3852.752671478316,1206,54.06043243408203
end_branches,notes/region_analysis_review_20261009/axon_end_branches_20261009/selected462_ARM/animal_maps/animal-331_source-ARM6_0_L_desc-axonEndBranchLength_map.nii.gz,bd97eb2763288443ea8d912595ff2aeba1904a9434dc9b3d66ce83122cf51ca7,97.23790945568908,1344,0.806727409362793
end_branches,notes/region_analysis_review_20261009/axon_end_branches_20261009/selected462_ARM/animal_maps/animal-331_source-ARM6_1004_L_desc-axonEndBranchLength_map.nii.gz,752e2c5f6e8b4a0ce488e041a7433e9697c7a88ce7ab24fe0e291f9d0ddee007,103.87922941941906,990,0.8748379945755005
end_branches,notes/region_analysis_review_20261009/axon_end_branches_20261009/selected462_ARM/animal_maps/animal-331_source-ARM6_228_L_desc-axonEndBranchLength_map.nii.gz,3552618d6e4f454c3eb553f1d2712a01eb35b636b9bb77f9200ccda08cedb7f0,196.60664358986105,1955,1.8682576417922974
end_branches,notes/region_analysis_review_20261009/axon_end_branches_20261009/selected462_ARM/animal_maps/animal-331_source-ARM6_42_L_desc-axonEndBranchLength_map.nii.gz,f0b24426523352e025aab9248f29cecd1b2067ea4755df3061436f88f95c20a0,97.34921887950486,4696,0.20053310692310333
end_branches,notes/region_analysis_review_20261009/axon_end_branches_20261009/selected462_ARM/animal_maps/animal-331_source-ARM6_48_L_desc-axonEndBranchLength_map.nii.gz,ebd65a5e6cf603b1ee4a104efb2c26271002658cadeafb0e89ef2932015d4388,40.50080368963245,1537,0.655103862285614
end_branches,notes/region_analysis_review_20261009/axon_end_branches_20261009/selected462_ARM/animal_maps/animal-331_source-ARM6_542_R_desc-axonEndBranchLength_map.nii.gz,c3417115c43ff95f017925b29074914c6847c132ad0704fc94b525306d5d77c3,77.73350740608294,445,3.4841532707214355
end_branches,notes/region_analysis_review_20261009/axon_end_branches_20261009/selected462_ARM/animal_maps/animal-331_source-ARM6_549_R_desc-axonEndBranchLength_map.nii.gz,6e19d0bde8c68b68bac1addd4fc3c02ddbb513dd5c34cc4234221933b8ad180d,31.144899021416904,2331,0.3173670470714569
end_branches,notes/region_analysis_review_20261009/axon_end_branches_20261009/selected462_ARM/animal_maps/animal-331_source-ARM6_729_R_desc-axonEndBranchLength_map.nii.gz,a6bb9364fc86145d1d7e13671b6c0e41e522db293ccdb3cb555cac31cd741e73,18.543360766023397,65,2.4520819187164307
end_branches,notes/region_analysis_review_20261009/axon_end_branches_20261009/selected462_ARM/animal_maps/animal-605_source-ARM6_0_L_desc-axonEndBranchLength_map.nii.gz,122c32cebcd8d83ff1e6af39b9b9c3b30a06cb553dd3b068fe58c60082000e69,10.614416591568443,137,0.6810809373855591
end_branches,notes/region_analysis_review_20261009/axon_end_branches_20261009/selected462_ARM/animal_maps/animal-605_source-ARM6_0_R_desc-axonEndBranchLength_map.nii.gz,9fbb274a61a2d2a0fe1d12ace2767d8c1dc97f9b04bd42a34323120a16723f36,29.07257341609875,951,0.37177905440330505
end_branches,notes/region_analysis_review_20261009/axon_end_branches_20261009/selected462_ARM/animal_maps/animal-605_source-ARM6_229_L_desc-axonEndBranchLength_map.nii.gz,ceafc21ac25050a8822fd4522b428912122d5a49a1126429d41af4b581a3bb06,47.3123908463167,204,1.251526951789856
end_branches,notes/region_analysis_review_20261009/axon_end_branches_20261009/selected462_ARM/animal_maps/animal-605_source-ARM6_729_R_desc-axonEndBranchLength_map.nii.gz,433ebc7b4bf0678346e3fe911531cf6783f9b0d58a5d61a0c7b507c7e0ccd050,31.242982958263383,658,0.5670533776283264
end_branches,notes/region_analysis_review_20261009/axon_end_branches_20261009/selected462_ARM/animal_maps/animal-631_source-ARM6_228_L_desc-axonEndBranchLength_map.nii.gz,701d8e5df5cdeb3118fb2dd4595ac4358fdd17d512303a213ed6012315fd326c,277.55467676115586,3111,2.5392820835113525
end_branches,notes/region_analysis_review_20261009/axon_end_branches_20261009/selected462_ARM/animal_maps/animal-631_source-ARM6_48_L_desc-axonEndBranchLength_map.nii.gz,dcb121d315403700312f9791b728e829317a668aea54c2a82a999810ffd89802,273.15950272043074,6210,0.9966901540756226
end_branches,notes/region_analysis_review_20261009/axon_end_branches_20261009/selected462_ARM/animal_maps/animal-631_source-ARM6_548_R_desc-axonEndBranchLength_map.nii.gz,8ee1f278a22c753097a771f8b419f24bf9eab267fa0c3427a41bedde272d99b7,91.75182935106204,1859,0.775256335735321
end_branches,notes/region_analysis_review_20261009/axon_end_branches_20261009/selected462_ARM/animal_maps/animal-631_source-ARM6_728_R_desc-axonEndBranchLength_map.nii.gz,9973db0db091a45d6ea35210c1388e68649deaead784398d7fc9d1d070a5789d,259.9659172662068,1182,1.7300125360488892
end_branches,notes/region_analysis_review_20261009/axon_end_branches_20261009/selected462_ARM/animal_maps/animal-797_source-ARM6_0_L_desc-axonEndBranchLength_map.nii.gz,3576641866f3022eb52fcbd22a0e88d4762c4f0fc14a0daa3002791346556bb4,102.82339716546721,3461,0.3404969573020935
end_branches,notes/region_analysis_review_20261009/axon_end_branches_20261009/selected462_ARM/animal_maps/animal-797_source-ARM6_0_R_desc-axonEndBranchLength_map.nii.gz,8b956036bc9ca063a93ddc2d053ce48e0dcae6bec1e22a2baffae55b0fae1f23,160.92072718273448,1565,0.695432186126709
end_branches,notes/region_analysis_review_20261009/axon_end_branches_20261009/selected462_ARM/animal_maps/animal-797_source-ARM6_1004_L_desc-axonEndBranchLength_map.nii.gz,aa263eea8813298325efdb73f1c27348800fff79bc8f45402f7bdcbf25987772,257.37173112569144,1286,1.526854157447815
end_branches,notes/region_analysis_review_20261009/axon_end_branches_20261009/selected462_ARM/animal_maps/animal-797_source-ARM6_1504_R_desc-axonEndBranchLength_map.nii.gz,353a30eb4484c47be5112e85717aa41b8fd1cccfca1ce674030a2d6bb5af3efa,587.0161709891108,2374,3.045200824737549
end_branches,notes/region_analysis_review_20261009/axon_end_branches_20261009/selected462_ARM/animal_maps/animal-797_source-ARM6_229_L_desc-axonEndBranchLength_map.nii.gz,36614040792b620285e2514f0801b207d0b0c63aa3dbf0af48ebe98867567097,212.1029758285323,3613,0.932935893535614
end_branches,notes/region_analysis_review_20261009/axon_end_branches_20261009/selected462_ARM/animal_maps/animal-797_source-ARM6_41_L_desc-axonEndBranchLength_map.nii.gz,62aaedfd54fa2d3e057732cfb06ee1ebb0ca651983a050dcd506d7a08ad1187d,159.6563067326133,8956,0.39505383372306824
end_branches,notes/region_analysis_review_20261009/axon_end_branches_20261009/selected462_ARM/animal_maps/animal-797_source-ARM6_42_L_desc-axonEndBranchLength_map.nii.gz,deb10f2724fe9c6c1bcf57ec2acb10c82be7c9a734952939e57f146f9c821640,5.416496358579025,33,0.376008540391922
end_branches,notes/region_analysis_review_20261009/axon_end_branches_20261009/selected462_ARM/animal_maps/animal-797_source-ARM6_541_R_desc-axonEndBranchLength_map.nii.gz,96b66e617cf7e447265108d8f491ad0c14165aadb1f834bd1fa0dcf8a93c80a5,112.12947004084708,263,2.999296188354492
end_branches,notes/region_analysis_review_20261009/axon_end_branches_20261009/selected462_ARM/animal_maps/animal-797_source-ARM6_542_R_desc-axonEndBranchLength_map.nii.gz,8c1602f7112cbef4d7fefde4dc66278fc6a8221575d40fbb13c3b590cda8b21c,172.53871827594594,9337,0.370961993932724
end_branches,notes/region_analysis_review_20261009/axon_end_branches_20261009/selected462_ARM/animal_maps/animal-797_source-ARM6_595_R_desc-axonEndBranchLength_map.nii.gz,4e7574a462c05bc093ac1e2cadf5f441a9840d80c84cea470ee95720e829239e,503.56899731179874,2171,3.2578418254852295
end_branches,notes/region_analysis_review_20261009/axon_end_branches_20261009/selected462_ARM/animal_maps/animal-900_source-ARM6_0_L_desc-axonEndBranchLength_map.nii.gz,19dbb6da733857dd59080eec7f6d2756c014b1ae57bea6498ac65edcf4142f1c,3.305012298747897,19,0.39729228615760803
end_branches,notes/region_analysis_review_20261009/axon_end_branches_20261009/selected462_ARM/animal_maps/animal-900_source-ARM6_229_L_desc-axonEndBranchLength_map.nii.gz,336e737d9b81b7f6cd1d9b570c10ba8219ba6a9c3fd9c37c7f59fd85f4b35e4b,45.632191934611,626,1.474051594734192
end_branches,notes/region_analysis_review_20261009/axon_end_branches_20261009/selected462_ARM/animal_maps/animal-900_source-ARM6_48_L_desc-axonEndBranchLength_map.nii.gz,9e49d68fdd471f1ca07dffd46a58675299179d6f4a095fc2f7b3fc6250fae537,24.846995169184083,725,0.424556702375412
end_branches,notes/region_analysis_review_20261009/axon_end_branches_20261009/selected462_ARM/animal_maps/animal-900_source-ARM6_548_R_desc-axonEndBranchLength_map.nii.gz,06762740f445b72df071a15a80489055fbeb7c29c164936f642cac75fb2c2eb3,14.090995838399976,125,0.6563817262649536
end_branches,notes/region_analysis_review_20261009/axon_end_branches_20261009/selected462_ARM/animal_maps/animal-936_source-ARM6_0_L_desc-axonEndBranchLength_map.nii.gz,ad7155365a5c91dc663c797ec136c7e0532724828a2db137de5204f43f6b578a,45.1368073069209,1884,0.21517834067344666
end_branches,notes/region_analysis_review_20261009/axon_end_branches_20261009/selected462_ARM/animal_maps/animal-936_source-ARM6_0_R_desc-axonEndBranchLength_map.nii.gz,c02cab5963f289c9af135b5dee6ac767bdc703301bce9938c1b5db4e9fabea77,32.931135376898965,376,0.5167362689971924
end_branches,notes/region_analysis_review_20261009/axon_end_branches_20261009/selected462_ARM/animal_maps/animal-936_source-ARM6_228_L_desc-axonEndBranchLength_map.nii.gz,ead742b8c144d618e52382edeab0c099c010f3328d185fae92c17f74bebb2beb,79.00055569679313,10525,0.17825031280517578
end_branches,notes/region_analysis_review_20261009/axon_end_branches_20261009/selected462_ARM/animal_maps/animal-936_source-ARM6_229_L_desc-axonEndBranchLength_map.nii.gz,2008bc0deae42beb167c534cbc9d8ec19ca7fdf5154e1592084961bb625abf62,61.512061201340885,5292,0.19532233476638794
end_branches,notes/region_analysis_review_20261009/axon_end_branches_20261009/selected462_ARM/animal_maps/animal-936_source-ARM6_41_L_desc-axonEndBranchLength_map.nii.gz,ca41e4c2f1f792d3ddb8993f3dbd1d5a07159d284b1feb51e091e535d7ad0082,95.27224783950714,4729,0.2056265026330948
end_branches,notes/region_analysis_review_20261009/axon_end_branches_20261009/selected462_ARM/animal_maps/animal-936_source-ARM6_42_L_desc-axonEndBranchLength_map.nii.gz,a6c4512d1c53b2db0dc145f914c1bb3a89d5d336ba6e1bfb1c573e3c1dd7bd76,118.41963000953547,5104,0.4401106536388397
end_branches,notes/region_analysis_review_20261009/axon_end_branches_20261009/selected462_ARM/animal_maps/animal-936_source-ARM6_541_R_desc-axonEndBranchLength_map.nii.gz,5b8e6428de7f1c8b6fd1c0e5f7c6ecd0f82fd34f72bf8d39089290110a203392,110.71263076130163,4936,0.17546623945236206
end_branches,notes/region_analysis_review_20261009/axon_end_branches_20261009/selected462_ARM/animal_maps/animal-936_source-ARM6_542_R_desc-axonEndBranchLength_map.nii.gz,dcedbd34e83acd68febfb07f53824af3ec051d6aa7fc0917e279efa5bfb6fbb0,48.64514192471188,8760,0.07314292341470718
end_branches,notes/region_analysis_review_20261009/axon_end_branches_20261009/selected462_ARM/animal_maps/animal-936_source-ARM6_549_R_desc-axonEndBranchLength_map.nii.gz,ae11664f6ed9660930b9c666efb24e2627725d5eb38e36005a4560873cc1f2b2,54.10555486965404,7897,0.06569352000951767
end_branches,notes/region_analysis_review_20261009/axon_end_branches_20261009/selected462_ARM/animal_maps/animal-936_source-ARM6_728_R_desc-axonEndBranchLength_map.nii.gz,6010aa0264d0e62938be3eb8643f3889a39dbce26db9ab9319e8e2321711a77a,74.88224185510467,11534,0.11406419426202774
end_branches,notes/region_analysis_review_20261009/axon_end_branches_20261009/selected462_ARM/animal_maps/animal-945_source-ARM6_42_L_desc-axonEndBranchLength_map.nii.gz,265c1fa234e1989ac66efcc8b7dd13617b6fe089cec766fceaa54df9304c2083,71.24213305697958,2604,0.4501086473464966
end_branches,notes/region_analysis_review_20261009/axon_end_branches_20261009/selected462_ARM/animal_maps/animal-945_source-ARM6_43_L_desc-axonEndBranchLength_map.nii.gz,07bf85d294150225d59f826eb7a8a806c395e3b3ff10e28f9c4d131b1bf0cd8a,95.49124181451043,506,1.561439037322998
end_branches,notes/region_analysis_review_20261009/axon_end_branches_20261009/selected462_ARM/animal_maps/animal-945_source-ARM6_541_R_desc-axonEndBranchLength_map.nii.gz,b915975e9953f1900ca9edf259f35de7eaffdde45c0520f259b4f235bd3400c4,41.19714399258373,412,0.717132031917572
end_branches,notes/region_analysis_review_20261009/axon_end_branches_20261009/selected462_ARM/animal_maps/animal-945_source-ARM6_549_R_desc-axonEndBranchLength_map.nii.gz,1f649d8518d445c6f17650138f296e8e7d092646a31f411d55cfc93d510eca19,97.78169105205825,3742,0.5595095753669739
end_branches,notes/region_analysis_review_20261009/axon_end_branches_20261009/selected462_ARM/animal_maps/animal-948_source-ARM6_0_L_desc-axonEndBranchLength_map.nii.gz,fb02907769211ccd56a22b5cb4b159c43e7cca3b6526619414a95d293ef8e0e3,64.5235855154151,1344,0.22648754715919495
end_branches,notes/region_analysis_review_20261009/axon_end_branches_20261009/selected462_ARM/animal_maps/animal-948_source-ARM6_0_R_desc-axonEndBranchLength_map.nii.gz,dbd3823cb4e8c258702d9be08bffddef6cb4fab8531275736e73496dbeeb7cc3,243.49321270052678,4568,0.6124627590179443
end_branches,notes/region_analysis_review_20261009/axon_end_branches_20261009/selected462_ARM/animal_maps/animal-948_source-ARM6_1004_L_desc-axonEndBranchLength_map.nii.gz,d17058475c5ba9c80ce99757da63319c4e7987664903661fb7d7ed652c3a6292,209.11296162207145,414,3.9155731201171875
end_branches,notes/region_analysis_review_20261009/axon_end_branches_20261009/selected462_ARM/animal_maps/animal-948_source-ARM6_1504_R_desc-axonEndBranchLength_map.nii.gz,0aed2ca8cb9387940e5a9fccf2452ccb698ca1549beb71ef7993ac0445c44b8c,115.07713974968283,1987,0.8220571875572205
end_branches,notes/region_analysis_review_20261009/axon_end_branches_20261009/selected462_ARM/animal_maps/animal-948_source-ARM6_42_L_desc-axonEndBranchLength_map.nii.gz,1947a7117befb8ce4117db5eeb0cdfba702a5e83dd24c0b752b2bf29c4c2b764,63.418138346853084,991,0.2834073007106781
end_branches,notes/region_analysis_review_20261009/axon_end_branches_20261009/selected462_ARM/animal_maps/animal-948_source-ARM6_542_R_desc-axonEndBranchLength_map.nii.gz,d0daf3309c70dc99d2429f30bb4b5e5c06fe0bb4c1bb0779bd8cd00abdc63589,13.911006114969496,138,0.4393764138221741
end_branches,notes/region_analysis_review_20261009/axon_end_branches_20261009/selected462_ARM/group_maps/source-ARM6_0_L_desc-animalMeanAxonEndBranchLength_map.nii.gz,fedbcf2a7209bdfa69beb598e84c5e1fd2b2420faff780e032f9caa934ab319d,53.94018801617415,8139,0.13445456326007843
end_branches,notes/region_analysis_review_20261009/axon_end_branches_20261009/selected462_ARM/group_maps/source-ARM6_0_R_desc-animalMeanAxonEndBranchLength_map.nii.gz,30506f5b092ea1eb5edbb39160cefd8c8f52b698c75bf451831cbf0f2ec19cd4,116.60441216492472,7401,0.17385804653167725
end_branches,notes/region_analysis_review_20261009/axon_end_branches_20261009/selected462_ARM/group_maps/source-ARM6_1004_L_desc-animalMeanAxonEndBranchLength_map.nii.gz,ef9a5d1e69e3530d96f31cbd47585a06760d0708900d235c47adc292b2364d97,190.12130754746568,2631,1.3106244802474976
end_branches,notes/region_analysis_review_20261009/axon_end_branches_20261009/selected462_ARM/group_maps/source-ARM6_1504_R_desc-animalMeanAxonEndBranchLength_map.nii.gz,c5ec6c6a50695b85fc9134100a95b8b58e281f58c90ff30113302321b05ab7c2,351.0466553264396,4216,1.5226004123687744
end_branches,notes/region_analysis_review_20261009/axon_end_branches_20261009/selected462_ARM/group_maps/source-ARM6_228_L_desc-animalMeanAxonEndBranchLength_map.nii.gz,f078d35789614ca4ad53e5484db6daff5204a879f84afbd999c36ab8d25c9a2f,184.38729194981497,15395,0.8464273810386658
end_branches,notes/region_analysis_review_20261009/axon_end_branches_20261009/selected462_ARM/group_maps/source-ARM6_229_L_desc-animalMeanAxonEndBranchLength_map.nii.gz,5abfce19b5a002eb4ff22d7160ad202a2c5102730c5564304a41729be3951d83,91.63990496033361,9335,0.368512898683548
end_branches,notes/region_analysis_review_20261009/axon_end_branches_20261009/selected462_ARM/group_maps/source-ARM6_41_L_desc-animalMeanAxonEndBranchLength_map.nii.gz,84743a406d094ec945687074a80bf1b3d10a12e95bb458d58608a44492c2e82a,127.46427730726964,12895,0.19752691686153412
end_branches,notes/region_analysis_review_20261009/axon_end_branches_20261009/selected462_ARM/group_maps/source-ARM6_42_L_desc-animalMeanAxonEndBranchLength_map.nii.gz,1998115dc2518541dfe81d1b47eb48144552c8759b9acfb1883bb52604418875,71.16912333220466,12435,0.09142166376113892
end_branches,notes/region_analysis_review_20261009/axon_end_branches_20261009/selected462_ARM/group_maps/source-ARM6_43_L_desc-animalMeanAxonEndBranchLength_map.nii.gz,07bf85d294150225d59f826eb7a8a806c395e3b3ff10e28f9c4d131b1bf0cd8a,95.49124181451043,506,1.561439037322998
end_branches,notes/region_analysis_review_20261009/axon_end_branches_20261009/selected462_ARM/group_maps/source-ARM6_48_L_desc-animalMeanAxonEndBranchLength_map.nii.gz,8d258bc35447b4455f1b09ffe594477eab01612e1080d66fce248a6ec20568d6,112.83576715902814,8196,0.3322300612926483
end_branches,notes/region_analysis_review_20261009/axon_end_branches_20261009/selected462_ARM/group_maps/source-ARM6_541_R_desc-animalMeanAxonEndBranchLength_map.nii.gz,508c44bb0d7913586cebf2d68d5f12c7441af380597f3aaa3172f680ff6ad505,88.01308138046602,5546,0.9997653961181641
end_branches,notes/region_analysis_review_20261009/axon_end_branches_20261009/selected462_ARM/group_maps/source-ARM6_542_R_desc-animalMeanAxonEndBranchLength_map.nii.gz,3edf10d0233e3f61058a818ac85b2da844fa1c86f23e62b39c3d84724045efd9,78.20709348164269,16836,0.8720563054084778
end_branches,notes/region_analysis_review_20261009/axon_end_branches_20261009/selected462_ARM/group_maps/source-ARM6_548_R_desc-animalMeanAxonEndBranchLength_map.nii.gz,ca3b7d9f6ff8cd488525ea2128d10f5e30d91a312832944ee6c50bd0e621adf2,52.92141258599986,1925,0.5439882278442383
end_branches,notes/region_analysis_review_20261009/axon_end_branches_20261009/selected462_ARM/group_maps/source-ARM6_549_R_desc-animalMeanAxonEndBranchLength_map.nii.gz,275e512bfb0b0048f9bdf70efc9e3d0ae17c47f134d87f2ed28736c02afe5715,61.01071496029607,12905,0.1869056671857834
end_branches,notes/region_analysis_review_20261009/axon_end_branches_20261009/selected462_ARM/group_maps/source-ARM6_595_R_desc-animalMeanAxonEndBranchLength_map.nii.gz,4e7574a462c05bc093ac1e2cadf5f441a9840d80c84cea470ee95720e829239e,503.56899731179874,2171,3.2578418254852295
end_branches,notes/region_analysis_review_20261009/axon_end_branches_20261009/selected462_ARM/group_maps/source-ARM6_728_R_desc-animalMeanAxonEndBranchLength_map.nii.gz,2d255ce09bc11cadaa3b3d0f58c2af4a507b181697166506eaa6726053ec445c,167.42407953211216,12648,0.8650062680244446
end_branches,notes/region_analysis_review_20261009/axon_end_branches_20261009/selected462_ARM/group_maps/source-ARM6_729_R_desc-animalMeanAxonEndBranchLength_map.nii.gz,18737ed7ef3caf0254aa5711381a5d42e60ef5c952025d415ac77f29847727ec,24.893171896369495,713,1.237971305847168
