AnimalID,Subregion,level,target_status,target_index,target_abbreviation,target_full_name,target_volume_mm3,endpoint_count,neurons_with_target_evidence,n_selected,n_computable,frequency_per_computable_neuron,mean_endpoints_per_computable_neuron,map_available,biological_innervation_state
331,ARM6_0_L,1,mapped,1.0,CL_Frontal,CL_Frontal_Lobe,6154.890625000003,6,1,1,1,1.0,6.0,True,unassessed
331,ARM6_0_L,1,mapped,1001.0,SL_tel,SL_telencephalon,3805.562500000002,92,1,1,1,1.0,92.0,True,unassessed
331,ARM6_0_L,1,zero_unassigned,0.0,,,,16,1,1,1,1.0,16.0,True,unassessed
331,ARM6_0_L,2,mapped,16.0,CL_OFC,CL_orbital_frontal_cortex,1344.9218750000007,6,1,1,1,1.0,6.0,True,unassessed
331,ARM6_0_L,2,mapped,1002.0,SL_LVPal,SL_lateral_and_ventral_pallium,309.6718750000001,49,1,1,1,1.0,49.0,True,unassessed
331,ARM6_0_L,2,mapped,1050.0,SL_BG,SL_basal_ganglia,2261.015625000001,43,1,1,1,1.0,43.0,True,unassessed
331,ARM6_0_L,2,zero_unassigned,0.0,,,,16,1,1,1,1.0,16.0,True,unassessed
331,ARM6_0_L,3,mapped,37.0,CL_caudal_OFC,CL_caudal_orbital_frontal_cortex,331.17187500000017,6,1,1,1,1.0,6.0,True,unassessed
331,ARM6_0_L,3,mapped,1003.0,SL_LPal,SL_lateral_pallium,255.1562500000001,49,1,1,1,1.0,49.0,True,unassessed
331,ARM6_0_L,3,mapped,1051.0,SL_Str,SL_striatum,1922.421875000001,43,1,1,1,1.0,43.0,True,unassessed
331,ARM6_0_L,3,zero_unassigned,0.0,,,,16,1,1,1,1.0,16.0,True,unassessed
331,ARM6_0_L,4,mapped,38.0,CL_OFa-p,CL_agranular_orbitofrontal_cortex,169.45312500000009,6,1,1,1,1.0,6.0,True,unassessed
331,ARM6_0_L,4,mapped,1004.0,SL_Cl,SL_claustrum,255.1562500000001,49,1,1,1,1.0,49.0,True,unassessed
331,ARM6_0_L,4,mapped,1052.0,SL_DStr,SL_dorsal_striatum,1809.218750000001,43,1,1,1,1.0,43.0,True,unassessed
331,ARM6_0_L,4,zero_unassigned,0.0,,,,16,1,1,1,1.0,16.0,True,unassessed
331,ARM6_0_L,5,mapped,39.0,CL_Iam/Iapm,CL_medial_agranular_insular_region,24.17187500000001,2,1,1,1,1.0,2.0,True,unassessed
331,ARM6_0_L,5,mapped,40.0,CL_lat_Ia,CL_lateral_agranular_insular_region,145.28125000000006,4,1,1,1,1.0,4.0,True,unassessed
331,ARM6_0_L,5,mapped,1004.0,SL_Cl,SL_claustrum,255.1562500000001,49,1,1,1,1.0,49.0,True,unassessed
331,ARM6_0_L,5,mapped,1056.0,SL_Pu,SL_putamen,895.1093750000003,43,1,1,1,1.0,43.0,True,unassessed
331,ARM6_0_L,5,zero_unassigned,0.0,,,,16,1,1,1,1.0,16.0,True,unassessed
331,ARM6_0_L,6,mapped,39.0,CL_Iam/Iapm,CL_medial_agranular_insular_region,24.17187500000001,2,1,1,1,1.0,2.0,True,unassessed
331,ARM6_0_L,6,mapped,41.0,CL_Iai,CL_intermediate_agranular_insula_area,81.48437500000004,2,1,1,1,1.0,2.0,True,unassessed
331,ARM6_0_L,6,mapped,42.0,CL_Ial,CL_lateral_agranular_insula_area,47.98437500000002,2,1,1,1,1.0,2.0,True,unassessed
331,ARM6_0_L,6,mapped,1004.0,SL_Cl,SL_claustrum,255.1562500000001,49,1,1,1,1.0,49.0,True,unassessed
331,ARM6_0_L,6,mapped,1056.0,SL_Pu,SL_putamen,895.1093750000003,43,1,1,1,1.0,43.0,True,unassessed
331,ARM6_0_L,6,zero_unassigned,0.0,,,,16,1,1,1,1.0,16.0,True,unassessed
331,ARM6_1004_L,1,mapped,1.0,CL_Frontal,CL_Frontal_Lobe,6154.890625000003,30,2,2,2,1.0,15.0,True,unassessed
331,ARM6_1004_L,1,mapped,138.0,CL_Temporal,CL_Temporal_Lobe,4285.390625000002,6,1,2,2,0.5,3.0,True,unassessed
331,ARM6_1004_L,1,mapped,1001.0,SL_tel,SL_telencephalon,3805.562500000002,108,2,2,2,1.0,54.0,True,unassessed
331,ARM6_1004_L,1,zero_unassigned,0.0,,,,49,2,2,2,1.0,24.5,True,unassessed
331,ARM6_1004_L,2,mapped,16.0,CL_OFC,CL_orbital_frontal_cortex,1344.9218750000007,20,2,2,2,1.0,10.0,True,unassessed
331,ARM6_1004_L,2,mapped,77.0,CL_motor,CL_motor_cortex,2542.000000000001,10,1,2,2,0.5,5.0,True,unassessed
331,ARM6_1004_L,2,mapped,139.0,CL_MTL,CL_medial_temporal_lobe,423.42187500000017,6,1,2,2,0.5,3.0,True,unassessed
331,ARM6_1004_L,2,mapped,1002.0,SL_LVPal,SL_lateral_and_ventral_pallium,309.6718750000001,59,2,2,2,1.0,29.5,True,unassessed
331,ARM6_1004_L,2,mapped,1010.0,SL_MPal,SL_medial_pallium,575.5000000000002,43,1,2,2,0.5,21.5,True,unassessed
331,ARM6_1004_L,2,mapped,1024.0,SL_Amy,SL_amygdala,302.0000000000001,5,1,2,2,0.5,2.5,True,unassessed
331,ARM6_1004_L,2,mapped,1050.0,SL_BG,SL_basal_ganglia,2261.015625000001,1,1,2,2,0.5,0.5,True,unassessed
331,ARM6_1004_L,2,zero_unassigned,0.0,,,,49,2,2,2,1.0,24.5,True,unassessed
331,ARM6_1004_L,3,mapped,25.0,CL_lat_OFC,CL_lateral_orbital_frontal_cortex,708.1406250000003,14,1,2,2,0.5,7.0,True,unassessed
331,ARM6_1004_L,3,mapped,37.0,CL_caudal_OFC,CL_caudal_orbital_frontal_cortex,331.17187500000017,6,2,2,2,1.0,3.0,True,unassessed
331,ARM6_1004_L,3,mapped,78.0,CL_M1/PM,CL_lateral_motor_cortex,2230.484375000001,10,1,2,2,0.5,5.0,True,unassessed
331,ARM6_1004_L,3,mapped,153.0,CL_Rh,CL_rhinal_cortex,280.2343750000001,6,1,2,2,0.5,3.0,True,unassessed
331,ARM6_1004_L,3,mapped,1003.0,SL_LPal,SL_lateral_pallium,255.1562500000001,58,2,2,2,1.0,29.0,True,unassessed
331,ARM6_1004_L,3,mapped,1005.0,SL_VPal,SL_ventral_pallium,54.51562500000002,1,1,2,2,0.5,0.5,True,unassessed
331,ARM6_1004_L,3,mapped,1011.0,SL_HF,SL_hippocampal_formation,532.0937500000002,43,1,2,2,0.5,21.5,True,unassessed
331,ARM6_1004_L,3,mapped,1025.0,SL_pAmy,SL_pallial_amygdala,217.79687500000009,5,1,2,2,0.5,2.5,True,unassessed
331,ARM6_1004_L,3,mapped,1051.0,SL_Str,SL_striatum,1922.421875000001,1,1,2,2,0.5,0.5,True,unassessed
331,ARM6_1004_L,3,zero_unassigned,0.0,,,,49,2,2,2,1.0,24.5,True,unassessed
331,ARM6_1004_L,4,mapped,26.0,CL_areas_11/13,CL_areas_11_and_13,557.4062500000002,12,1,2,2,0.5,6.0,True,unassessed
331,ARM6_1004_L,4,mapped,34.0,CL_area_12m/o,CL_medial_and_orbital_area_12,150.73437500000006,2,1,2,2,0.5,1.0,True,unassessed
331,ARM6_1004_L,4,mapped,38.0,CL_OFa-p,CL_agranular_orbitofrontal_cortex,169.45312500000009,1,1,2,2,0.5,0.5,True,unassessed
331,ARM6_1004_L,4,mapped,47.0,CL_cl_OFC,CL_caudolateral_orbitofrontal_cortex,136.07812500000006,5,1,2,2,0.5,2.5,True,unassessed
331,ARM6_1004_L,4,mapped,80.0,CL_PM,CL_premotor_cortex,1468.3593750000007,10,1,2,2,0.5,5.0,True,unassessed
331,ARM6_1004_L,4,mapped,154.0,CL_ERh,CL_entorhinal_cortex,130.48437500000006,6,1,2,2,0.5,3.0,True,unassessed
331,ARM6_1004_L,4,mapped,1004.0,SL_Cl,SL_claustrum,255.1562500000001,58,2,2,2,1.0,29.0,True,unassessed
331,ARM6_1004_L,4,mapped,1006.0,SL_En,SL_endopiriform_claustrum,23.71875000000001,1,1,2,2,0.5,0.5,True,unassessed
331,ARM6_1004_L,4,mapped,1012.0,SL_HFA,SL_hippocampal_formation_anterior,353.15625000000017,43,1,2,2,0.5,21.5,True,unassessed
331,ARM6_1004_L,4,mapped,1026.0,SL_vpAmy,SL_ventropallial_amygdala,87.81250000000004,1,1,2,2,0.5,0.5,True,unassessed
331,ARM6_1004_L,4,mapped,1030.0,SL_lpAmy,SL_lateropallial_amygdala,129.98437500000006,4,1,2,2,0.5,2.0,True,unassessed
331,ARM6_1004_L,4,mapped,1052.0,SL_DStr,SL_dorsal_striatum,1809.218750000001,1,1,2,2,0.5,0.5,True,unassessed
331,ARM6_1004_L,4,zero_unassigned,0.0,,,,49,2,2,2,1.0,24.5,True,unassessed
331,ARM6_1004_L,5,mapped,30.0,CL_area_13,CL_area_13,419.17187500000017,12,1,2,2,0.5,6.0,True,unassessed
331,ARM6_1004_L,5,mapped,34.0,CL_area_12m/o,CL_medial_and_orbital_area_12,150.73437500000006,2,1,2,2,0.5,1.0,True,unassessed
331,ARM6_1004_L,5,mapped,40.0,CL_lat_Ia,CL_lateral_agranular_insular_region,145.28125000000006,1,1,2,2,0.5,0.5,True,unassessed
331,ARM6_1004_L,5,mapped,49.0,CL_PrCO,CL_precentral_operular_area,95.95312500000004,5,1,2,2,0.5,2.5,True,unassessed
331,ARM6_1004_L,5,mapped,84.0,CL_PMv,CL_ventral_premotor_cortex,700.6093750000003,10,1,2,2,0.5,5.0,True,unassessed
331,ARM6_1004_L,5,mapped,155.0,CL_caudal_ERh,CL_caudal_entorhinal_cortex,50.67187500000002,3,1,2,2,0.5,1.5,True,unassessed
331,ARM6_1004_L,5,mapped,158.0,CL_mid_ERh,CL_middle_entorhinal_cortex,31.984375000000014,3,1,2,2,0.5,1.5,True,unassessed
331,ARM6_1004_L,5,mapped,1004.0,SL_Cl,SL_claustrum,255.1562500000001,58,2,2,2,1.0,29.0,True,unassessed
331,ARM6_1004_L,5,mapped,1007.0,SL_DEn,SL_dorsal_endopiriform_claustrum,14.203125000000007,1,1,2,2,0.5,0.5,True,unassessed
331,ARM6_1004_L,5,mapped,1013.0,SL_HiA,SL_hippocampus_anterior,271.8750000000001,26,1,2,2,0.5,13.0,True,unassessed
331,ARM6_1004_L,5,mapped,1016.0,SL_SA,SL_subicular_complex_anterior,81.28125000000004,17,1,2,2,0.5,8.5,True,unassessed
331,ARM6_1004_L,5,mapped,1029.0,SL_AHi,SL_amygdalohippocampal_area,17.203125000000007,1,1,2,2,0.5,0.5,True,unassessed
331,ARM6_1004_L,5,mapped,1034.0,SL_APir,SL_amygdalopiriform_transition_area,27.85937500000001,4,1,2,2,0.5,2.0,True,unassessed
331,ARM6_1004_L,5,mapped,1056.0,SL_Pu,SL_putamen,895.1093750000003,1,1,2,2,0.5,0.5,True,unassessed
331,ARM6_1004_L,5,zero_unassigned,0.0,,,,49,2,2,2,1.0,24.5,True,unassessed
331,ARM6_1004_L,6,mapped,33.0,CL_area_13l,CL_lateral_area_13,120.60937500000006,12,1,2,2,0.5,6.0,True,unassessed
331,ARM6_1004_L,6,mapped,36.0,CL_area_12o,CL_orbital_area_12,68.65625000000003,2,1,2,2,0.5,1.0,True,unassessed
331,ARM6_1004_L,6,mapped,42.0,CL_Ial,CL_lateral_agranular_insula_area,47.98437500000002,1,1,2,2,0.5,0.5,True,unassessed
331,ARM6_1004_L,6,mapped,49.0,CL_PrCO,CL_precentral_operular_area,95.95312500000004,5,1,2,2,0.5,2.5,True,unassessed
331,ARM6_1004_L,6,mapped,86.0,CL_F5,CL_area_F5_of_ventral_premotor_cortex,434.01562500000017,10,1,2,2,0.5,5.0,True,unassessed
331,ARM6_1004_L,6,mapped,156.0,CL_EC,CL_caudal_division_of_entorhinal_cortex,41.98437500000002,3,1,2,2,0.5,1.5,True,unassessed
331,ARM6_1004_L,6,mapped,158.0,CL_mid_ERh,CL_middle_entorhinal_cortex,31.984375000000014,3,1,2,2,0.5,1.5,True,unassessed
331,ARM6_1004_L,6,mapped,1004.0,SL_Cl,SL_claustrum,255.1562500000001,58,2,2,2,1.0,29.0,True,unassessed
331,ARM6_1004_L,6,mapped,1007.0,SL_DEn,SL_dorsal_endopiriform_claustrum,14.203125000000007,1,1,2,2,0.5,0.5,True,unassessed
331,ARM6_1004_L,6,mapped,1014.0,SL_DGA,SL_dentate_gyrus_anterior,91.18750000000004,13,1,2,2,0.5,6.5,True,unassessed
331,ARM6_1004_L,6,mapped,1015.0,SL_CAA,SL_CA1_3_anterior,180.68750000000009,13,1,2,2,0.5,6.5,True,unassessed
331,ARM6_1004_L,6,mapped,1016.0,SL_SA,SL_subicular_complex_anterior,81.28125000000004,17,1,2,2,0.5,8.5,True,unassessed
331,ARM6_1004_L,6,mapped,1029.0,SL_AHi,SL_amygdalohippocampal_area,17.203125000000007,1,1,2,2,0.5,0.5,True,unassessed
331,ARM6_1004_L,6,mapped,1034.0,SL_APir,SL_amygdalopiriform_transition_area,27.85937500000001,4,1,2,2,0.5,2.0,True,unassessed
331,ARM6_1004_L,6,mapped,1056.0,SL_Pu,SL_putamen,895.1093750000003,1,1,2,2,0.5,0.5,True,unassessed
331,ARM6_1004_L,6,zero_unassigned,0.0,,,,49,2,2,2,1.0,24.5,True,unassessed
331,ARM6_228_L,1,mapped,1.0,CL_Frontal,CL_Frontal_Lobe,6154.890625000003,1093,3,3,3,1.0,364.3333333333333,True,unassessed
331,ARM6_228_L,1,mapped,90.0,CL_Parietal,CL_Parietal_Lobe,3774.453125000002,29,1,3,3,0.3333333333333333,9.666666666666666,True,unassessed
331,ARM6_228_L,1,mapped,138.0,CL_Temporal,CL_Temporal_Lobe,4285.390625000002,473,3,3,3,1.0,157.66666666666666,True,unassessed
331,ARM6_228_L,1,mapped,1001.0,SL_tel,SL_telencephalon,3805.562500000002,2,2,3,3,0.6666666666666666,0.6666666666666666,True,unassessed
331,ARM6_228_L,1,zero_unassigned,0.0,,,,127,3,3,3,1.0,42.333333333333336,True,unassessed
331,ARM6_228_L,2,mapped,16.0,CL_OFC,CL_orbital_frontal_cortex,1344.9218750000007,397,3,3,3,1.0,132.33333333333334,True,unassessed
331,ARM6_228_L,2,mapped,50.0,CL_lat_PFC,CL_lateral_prefrontal_cortex,1665.2031250000007,590,2,3,3,0.6666666666666666,196.66666666666666,True,unassessed
331,ARM6_228_L,2,mapped,77.0,CL_motor,CL_motor_cortex,2542.000000000001,106,2,3,3,0.6666666666666666,35.333333333333336,True,unassessed
331,ARM6_228_L,2,mapped,91.0,CL_SI/SII,CL_somatosensory_cortex,1186.0000000000005,29,1,3,3,0.3333333333333333,9.666666666666666,True,unassessed
331,ARM6_228_L,2,mapped,175.0,CL_ITC,CL_inferior_temporal_cortex,1884.890625000001,14,1,3,3,0.3333333333333333,4.666666666666667,True,unassessed
331,ARM6_228_L,2,mapped,193.0,CL_STG/STSd,CL_superior_temporal_region,854.1250000000003,11,1,3,3,0.3333333333333333,3.6666666666666665,True,unassessed
331,ARM6_228_L,2,mapped,224.0,CL_floor_of_ls,CL_floor_of_the_lateral_sulcus,303.2968750000001,448,3,3,3,1.0,149.33333333333334,True,unassessed
331,ARM6_228_L,2,mapped,1002.0,SL_LVPal,SL_lateral_and_ventral_pallium,309.6718750000001,2,2,3,3,0.6666666666666666,0.6666666666666666,True,unassessed
331,ARM6_228_L,2,zero_unassigned,0.0,,,,127,3,3,3,1.0,42.333333333333336,True,unassessed
331,ARM6_228_L,3,mapped,25.0,CL_lat_OFC,CL_lateral_orbital_frontal_cortex,708.1406250000003,165,2,3,3,0.6666666666666666,55.0,True,unassessed
331,ARM6_228_L,3,mapped,37.0,CL_caudal_OFC,CL_caudal_orbital_frontal_cortex,331.17187500000017,232,3,3,3,1.0,77.33333333333333,True,unassessed
331,ARM6_228_L,3,mapped,64.0,CL_vlPFC,CL_ventrolateral_prefrontal_cortex,680.8593750000003,590,2,3,3,0.6666666666666666,196.66666666666666,True,unassessed
331,ARM6_228_L,3,mapped,78.0,CL_M1/PM,CL_lateral_motor_cortex,2230.484375000001,106,2,3,3,0.6666666666666666,35.333333333333336,True,unassessed
331,ARM6_228_L,3,mapped,95.0,CL_SII,CL_secondary_somatosensory_cortex,285.3125000000001,29,1,3,3,0.3333333333333333,9.666666666666666,True,unassessed
331,ARM6_228_L,3,mapped,188.0,CL_STSf,CL_fundus_of_the_superior_temporal_sulcus,425.15625000000017,14,1,3,3,0.3333333333333333,4.666666666666667,True,unassessed
331,ARM6_228_L,3,mapped,194.0,CL_STGr/STSd,CL_rostral_superior_temporal_region,593.8125000000002,11,1,3,3,0.3333333333333333,3.6666666666666665,True,unassessed
331,ARM6_228_L,3,mapped,224.0,CL_floor_of_ls,CL_floor_of_the_lateral_sulcus,303.2968750000001,448,3,3,3,1.0,149.33333333333334,True,unassessed
331,ARM6_228_L,3,mapped,1003.0,SL_LPal,SL_lateral_pallium,255.1562500000001,2,2,3,3,0.6666666666666666,0.6666666666666666,True,unassessed
331,ARM6_228_L,3,zero_unassigned,0.0,,,,127,3,3,3,1.0,42.333333333333336,True,unassessed
331,ARM6_228_L,4,mapped,26.0,CL_areas_11/13,CL_areas_11_and_13,557.4062500000002,141,2,3,3,0.6666666666666666,47.0,True,unassessed
331,ARM6_228_L,4,mapped,34.0,CL_area_12m/o,CL_medial_and_orbital_area_12,150.73437500000006,24,2,3,3,0.6666666666666666,8.0,True,unassessed
331,ARM6_228_L,4,mapped,38.0,CL_OFa-p,CL_agranular_orbitofrontal_cortex,169.45312500000009,54,1,3,3,0.3333333333333333,18.0,True,unassessed
331,ARM6_228_L,4,mapped,47.0,CL_cl_OFC,CL_caudolateral_orbitofrontal_cortex,136.07812500000006,178,3,3,3,1.0,59.333333333333336,True,unassessed
331,ARM6_228_L,4,mapped,65.0,CL_rostral_vlPFC,CL_rostral_ventrolateral_prefrontal_cortex,465.9531250000002,582,2,3,3,0.6666666666666666,194.0,True,unassessed
331,ARM6_228_L,4,mapped,72.0,CL_caudal_vlPFC,CL_caudal_ventrolateral_prefrontal_cortex,214.90625000000009,8,2,3,3,0.6666666666666666,2.6666666666666665,True,unassessed
331,ARM6_228_L,4,mapped,80.0,CL_PM,CL_premotor_cortex,1468.3593750000007,106,2,3,3,0.6666666666666666,35.333333333333336,True,unassessed
331,ARM6_228_L,4,mapped,95.0,CL_SII,CL_secondary_somatosensory_cortex,285.3125000000001,29,1,3,3,0.3333333333333333,9.666666666666666,True,unassessed
331,ARM6_228_L,4,mapped,188.0,CL_STSf,CL_fundus_of_the_superior_temporal_sulcus,425.15625000000017,14,1,3,3,0.3333333333333333,4.666666666666667,True,unassessed
331,ARM6_228_L,4,mapped,195.0,CL_STSd,CL_dorsal_bank_of_the_superior_temporal_sulcus,451.8750000000002,11,1,3,3,0.3333333333333333,3.6666666666666665,True,unassessed
331,ARM6_228_L,4,mapped,225.0,CL_Ins/Pi,CL_insula_and_parainsula,288.1875000000001,448,3,3,3,1.0,149.33333333333334,True,unassessed
331,ARM6_228_L,4,mapped,1004.0,SL_Cl,SL_claustrum,255.1562500000001,2,2,3,3,0.6666666666666666,0.6666666666666666,True,unassessed
331,ARM6_228_L,4,zero_unassigned,0.0,,,,127,3,3,3,1.0,42.333333333333336,True,unassessed
331,ARM6_228_L,5,mapped,30.0,CL_area_13,CL_area_13,419.17187500000017,141,2,3,3,0.6666666666666666,47.0,True,unassessed
331,ARM6_228_L,5,mapped,34.0,CL_area_12m/o,CL_medial_and_orbital_area_12,150.73437500000006,24,2,3,3,0.6666666666666666,8.0,True,unassessed
331,ARM6_228_L,5,mapped,39.0,CL_Iam/Iapm,CL_medial_agranular_insular_region,24.17187500000001,22,1,3,3,0.3333333333333333,7.333333333333333,True,unassessed
331,ARM6_228_L,5,mapped,40.0,CL_lat_Ia,CL_lateral_agranular_insular_region,145.28125000000006,32,1,3,3,0.3333333333333333,10.666666666666666,True,unassessed
331,ARM6_228_L,5,mapped,48.0,CL_G,CL_gustatory_cortex,40.12500000000002,84,3,3,3,1.0,28.0,True,unassessed
331,ARM6_228_L,5,mapped,49.0,CL_PrCO,CL_precentral_operular_area,95.95312500000004,94,1,3,3,0.3333333333333333,31.333333333333332,True,unassessed
331,ARM6_228_L,5,mapped,66.0,CL_area_46v/f,CL_ventral_and_fundus_portion_of_area_46,316.7187500000001,48,2,3,3,0.6666666666666666,16.0,True,unassessed
331,ARM6_228_L,5,mapped,69.0,CL_area_12r/l,CL_rostral_and_lateral_area_12,149.23437500000006,534,2,3,3,0.6666666666666666,178.0,True,unassessed
331,ARM6_228_L,5,mapped,73.0,CL_area_45,CL_area_45,165.54687500000009,8,2,3,3,0.6666666666666666,2.6666666666666665,True,unassessed
331,ARM6_228_L,5,mapped,84.0,CL_PMv,CL_ventral_premotor_cortex,700.6093750000003,106,2,3,3,0.6666666666666666,35.333333333333336,True,unassessed
331,ARM6_228_L,5,mapped,95.0,CL_SII,CL_secondary_somatosensory_cortex,285.3125000000001,29,1,3,3,0.3333333333333333,9.666666666666666,True,unassessed
331,ARM6_228_L,5,mapped,189.0,CL_ant_STSf,CL_anterior_fundus_of_the_superior_temporal_sulcus,332.81250000000017,14,1,3,3,0.3333333333333333,4.666666666666667,True,unassessed
331,ARM6_228_L,5,mapped,196.0,CL_TPO,CL_temporal_parietooccipital_associated_area,280.6406250000001,11,1,3,3,0.3333333333333333,3.6666666666666665,True,unassessed
331,ARM6_228_L,5,mapped,227.0,CL_Ins,CL_insula,260.9062500000001,448,3,3,3,1.0,149.33333333333334,True,unassessed
331,ARM6_228_L,5,mapped,1004.0,SL_Cl,SL_claustrum,255.1562500000001,2,2,3,3,0.6666666666666666,0.6666666666666666,True,unassessed
331,ARM6_228_L,5,zero_unassigned,0.0,,,,127,3,3,3,1.0,42.333333333333336,True,unassessed
331,ARM6_228_L,6,mapped,32.0,CL_area_13m,CL_medial_area_13,174.45312500000009,46,1,3,3,0.3333333333333333,15.333333333333334,True,unassessed
331,ARM6_228_L,6,mapped,33.0,CL_area_13l,CL_lateral_area_13,120.60937500000006,95,2,3,3,0.6666666666666666,31.666666666666668,True,unassessed
331,ARM6_228_L,6,mapped,35.0,CL_area_12m,CL_medial_area_12,82.07812500000004,15,2,3,3,0.6666666666666666,5.0,True,unassessed
331,ARM6_228_L,6,mapped,36.0,CL_area_12o,CL_orbital_area_12,68.65625000000003,9,1,3,3,0.3333333333333333,3.0,True,unassessed
331,ARM6_228_L,6,mapped,39.0,CL_Iam/Iapm,CL_medial_agranular_insular_region,24.17187500000001,22,1,3,3,0.3333333333333333,7.333333333333333,True,unassessed
331,ARM6_228_L,6,mapped,41.0,CL_Iai,CL_intermediate_agranular_insula_area,81.48437500000004,32,1,3,3,0.3333333333333333,10.666666666666666,True,unassessed
331,ARM6_228_L,6,mapped,48.0,CL_G,CL_gustatory_cortex,40.12500000000002,84,3,3,3,1.0,28.0,True,unassessed
331,ARM6_228_L,6,mapped,49.0,CL_PrCO,CL_precentral_operular_area,95.95312500000004,94,1,3,3,0.3333333333333333,31.333333333333332,True,unassessed
331,ARM6_228_L,6,mapped,68.0,CL_area_46v,CL_ventral_area_46,244.9218750000001,48,2,3,3,0.6666666666666666,16.0,True,unassessed
331,ARM6_228_L,6,mapped,70.0,CL_area_12l,CL_lateral_area_12,61.20312500000003,6,1,3,3,0.3333333333333333,2.0,True,unassessed
331,ARM6_228_L,6,mapped,71.0,CL_area_12r,CL_rostral_area_12,88.03125000000004,528,2,3,3,0.6666666666666666,176.0,True,unassessed
331,ARM6_228_L,6,mapped,74.0,CL_area_45a,CL_area_45a,90.45312500000004,8,2,3,3,0.6666666666666666,2.6666666666666665,True,unassessed
331,ARM6_228_L,6,mapped,86.0,CL_F5,CL_area_F5_of_ventral_premotor_cortex,434.01562500000017,106,2,3,3,0.6666666666666666,35.333333333333336,True,unassessed
331,ARM6_228_L,6,mapped,95.0,CL_SII,CL_secondary_somatosensory_cortex,285.3125000000001,29,1,3,3,0.3333333333333333,9.666666666666666,True,unassessed
331,ARM6_228_L,6,mapped,190.0,CL_IPa,CL_area_IPa,200.31250000000009,12,1,3,3,0.3333333333333333,4.0,True,unassessed
331,ARM6_228_L,6,mapped,191.0,CL_PGa,CL_area_PGa,132.50000000000006,2,1,3,3,0.3333333333333333,0.6666666666666666,True,unassessed
331,ARM6_228_L,6,mapped,196.0,CL_TPO,CL_temporal_parietooccipital_associated_area,280.6406250000001,11,1,3,3,0.3333333333333333,3.6666666666666665,True,unassessed
331,ARM6_228_L,6,mapped,228.0,CL_Ia/Id,CL_agranular_and_dysgranular_insula,164.56250000000009,443,3,3,3,1.0,147.66666666666666,True,unassessed
331,ARM6_228_L,6,mapped,229.0,CL_Ig,CL_granular_insula,96.34375000000004,5,1,3,3,0.3333333333333333,1.6666666666666667,True,unassessed
331,ARM6_228_L,6,mapped,1004.0,SL_Cl,SL_claustrum,255.1562500000001,2,2,3,3,0.6666666666666666,0.6666666666666666,True,unassessed
331,ARM6_228_L,6,zero_unassigned,0.0,,,,127,3,3,3,1.0,42.333333333333336,True,unassessed
331,ARM6_42_L,1,mapped,1.0,CL_Frontal,CL_Frontal_Lobe,6154.890625000003,1134,11,11,11,1.0,103.0909090909091,True,unassessed
331,ARM6_42_L,1,mapped,138.0,CL_Temporal,CL_Temporal_Lobe,4285.390625000002,298,5,11,11,0.45454545454545453,27.09090909090909,True,unassessed
331,ARM6_42_L,1,mapped,1001.0,SL_tel,SL_telencephalon,3805.562500000002,110,5,11,11,0.45454545454545453,10.0,True,unassessed
331,ARM6_42_L,1,zero_unassigned,0.0,,,,205,9,11,11,0.8181818181818182,18.636363636363637,True,unassessed
331,ARM6_42_L,2,mapped,2.0,CL_ACgG,CL_anterior_cingulate_gyrus,602.7656250000002,140,1,11,11,0.09090909090909091,12.727272727272727,True,unassessed
331,ARM6_42_L,2,mapped,16.0,CL_OFC,CL_orbital_frontal_cortex,1344.9218750000007,979,11,11,11,1.0,89.0,True,unassessed
331,ARM6_42_L,2,mapped,50.0,CL_lat_PFC,CL_lateral_prefrontal_cortex,1665.2031250000007,5,1,11,11,0.09090909090909091,0.45454545454545453,True,unassessed
331,ARM6_42_L,2,mapped,77.0,CL_motor,CL_motor_cortex,2542.000000000001,10,2,11,11,0.18181818181818182,0.9090909090909091,True,unassessed
331,ARM6_42_L,2,mapped,139.0,CL_MTL,CL_medial_temporal_lobe,423.42187500000017,5,2,11,11,0.18181818181818182,0.45454545454545453,True,unassessed
331,ARM6_42_L,2,mapped,165.0,CL_TG,CL_temporal_pole,315.5156250000001,178,4,11,11,0.36363636363636365,16.181818181818183,True,unassessed
331,ARM6_42_L,2,mapped,175.0,CL_ITC,CL_inferior_temporal_cortex,1884.890625000001,3,1,11,11,0.09090909090909091,0.2727272727272727,True,unassessed
331,ARM6_42_L,2,mapped,193.0,CL_STG/STSd,CL_superior_temporal_region,854.1250000000003,9,1,11,11,0.09090909090909091,0.8181818181818182,True,unassessed
331,ARM6_42_L,2,mapped,204.0,CL_core/belt,CL_core_and_belt_areas_of_auditory_cortex,504.1406250000002,32,1,11,11,0.09090909090909091,2.909090909090909,True,unassessed
331,ARM6_42_L,2,mapped,224.0,CL_floor_of_ls,CL_floor_of_the_lateral_sulcus,303.2968750000001,71,3,11,11,0.2727272727272727,6.454545454545454,True,unassessed
331,ARM6_42_L,2,mapped,1002.0,SL_LVPal,SL_lateral_and_ventral_pallium,309.6718750000001,62,5,11,11,0.45454545454545453,5.636363636363637,True,unassessed
331,ARM6_42_L,2,mapped,1050.0,SL_BG,SL_basal_ganglia,2261.015625000001,48,3,11,11,0.2727272727272727,4.363636363636363,True,unassessed
331,ARM6_42_L,2,zero_unassigned,0.0,,,,205,9,11,11,0.8181818181818182,18.636363636363637,True,unassessed
331,ARM6_42_L,3,mapped,3.0,CL_ACC,CL_anterior_cingulate_cortex,414.39062500000017,140,1,11,11,0.09090909090909091,12.727272727272727,True,unassessed
331,ARM6_42_L,3,mapped,17.0,CL_med_OFC,CL_medial_orbital_frontal_cortex,305.6093750000001,10,1,11,11,0.09090909090909091,0.9090909090909091,True,unassessed
331,ARM6_42_L,3,mapped,25.0,CL_lat_OFC,CL_lateral_orbital_frontal_cortex,708.1406250000003,180,3,11,11,0.2727272727272727,16.363636363636363,True,unassessed
331,ARM6_42_L,3,mapped,37.0,CL_caudal_OFC,CL_caudal_orbital_frontal_cortex,331.17187500000017,789,11,11,11,1.0,71.72727272727273,True,unassessed
331,ARM6_42_L,3,mapped,64.0,CL_vlPFC,CL_ventrolateral_prefrontal_cortex,680.8593750000003,5,1,11,11,0.09090909090909091,0.45454545454545453,True,unassessed
331,ARM6_42_L,3,mapped,78.0,CL_M1/PM,CL_lateral_motor_cortex,2230.484375000001,10,2,11,11,0.18181818181818182,0.9090909090909091,True,unassessed
331,ARM6_42_L,3,mapped,153.0,CL_Rh,CL_rhinal_cortex,280.2343750000001,5,2,11,11,0.18181818181818182,0.45454545454545453,True,unassessed
331,ARM6_42_L,3,mapped,165.0,CL_TG,CL_temporal_pole,315.5156250000001,178,4,11,11,0.36363636363636365,16.181818181818183,True,unassessed
331,ARM6_42_L,3,mapped,177.0,CL_TE,CL_area_TE,1175.3906250000005,3,1,11,11,0.09090909090909091,0.2727272727272727,True,unassessed
331,ARM6_42_L,3,mapped,194.0,CL_STGr/STSd,CL_rostral_superior_temporal_region,593.8125000000002,9,1,11,11,0.09090909090909091,0.8181818181818182,True,unassessed
331,ARM6_42_L,3,mapped,205.0,CL_belt,CL_belt_areas_of_auditory_cortex,316.8750000000001,18,1,11,11,0.09090909090909091,1.6363636363636365,True,unassessed
331,ARM6_42_L,3,mapped,219.0,CL_core,CL_core_areas_of_auditory_cortex,159.23437500000006,14,1,11,11,0.09090909090909091,1.2727272727272727,True,unassessed
331,ARM6_42_L,3,mapped,224.0,CL_floor_of_ls,CL_floor_of_the_lateral_sulcus,303.2968750000001,71,3,11,11,0.2727272727272727,6.454545454545454,True,unassessed
331,ARM6_42_L,3,mapped,1003.0,SL_LPal,SL_lateral_pallium,255.1562500000001,57,4,11,11,0.36363636363636365,5.181818181818182,True,unassessed
331,ARM6_42_L,3,mapped,1005.0,SL_VPal,SL_ventral_pallium,54.51562500000002,5,3,11,11,0.2727272727272727,0.45454545454545453,True,unassessed
331,ARM6_42_L,3,mapped,1051.0,SL_Str,SL_striatum,1922.421875000001,48,3,11,11,0.2727272727272727,4.363636363636363,True,unassessed
331,ARM6_42_L,3,zero_unassigned,0.0,,,,205,9,11,11,0.8181818181818182,18.636363636363637,True,unassessed
331,ARM6_42_L,4,key_level_conflict,45.0,CL_AON/TTv,CL_anterior_olfactory_cortex,,11,1,11,11,0.09090909090909091,1.0,True,unassessed
331,ARM6_42_L,4,mapped,4.0,CL_area_32,CL_area_32,91.60937500000004,15,1,11,11,0.09090909090909091,1.3636363636363635,True,unassessed
331,ARM6_42_L,4,mapped,6.0,CL_area_24,CL_area_24,289.8906250000001,125,1,11,11,0.09090909090909091,11.363636363636363,True,unassessed
331,ARM6_42_L,4,mapped,22.0,CL_area_14,CL_gyrus_rectus,70.31250000000003,10,1,11,11,0.09090909090909091,0.9090909090909091,True,unassessed
331,ARM6_42_L,4,mapped,26.0,CL_areas_11/13,CL_areas_11_and_13,557.4062500000002,105,2,11,11,0.18181818181818182,9.545454545454545,True,unassessed
331,ARM6_42_L,4,mapped,34.0,CL_area_12m/o,CL_medial_and_orbital_area_12,150.73437500000006,75,3,11,11,0.2727272727272727,6.818181818181818,True,unassessed
331,ARM6_42_L,4,mapped,38.0,CL_OFa-p,CL_agranular_orbitofrontal_cortex,169.45312500000009,617,11,11,11,1.0,56.09090909090909,True,unassessed
331,ARM6_42_L,4,mapped,47.0,CL_cl_OFC,CL_caudolateral_orbitofrontal_cortex,136.07812500000006,161,4,11,11,0.36363636363636365,14.636363636363637,True,unassessed
331,ARM6_42_L,4,mapped,65.0,CL_rostral_vlPFC,CL_rostral_ventrolateral_prefrontal_cortex,465.9531250000002,5,1,11,11,0.09090909090909091,0.45454545454545453,True,unassessed
331,ARM6_42_L,4,mapped,80.0,CL_PM,CL_premotor_cortex,1468.3593750000007,10,2,11,11,0.18181818181818182,0.9090909090909091,True,unassessed
331,ARM6_42_L,4,mapped,160.0,CL_PRh,CL_perirhinal_cortex,149.75000000000006,5,2,11,11,0.18181818181818182,0.45454545454545453,True,unassessed
331,ARM6_42_L,4,mapped,166.0,CL_TGa,CL_agranular_temporal_pole,76.29687500000003,41,3,11,11,0.2727272727272727,3.727272727272727,True,unassessed
331,ARM6_42_L,4,mapped,167.0,CL_TGg/TGd,CL_granular_and_dysgranular_temporal_pole,239.2187500000001,137,3,11,11,0.2727272727272727,12.454545454545455,True,unassessed
331,ARM6_42_L,4,mapped,178.0,CL_gyral_TE,CL_gyral_aspect_of_area_TE,874.3125000000003,3,1,11,11,0.09090909090909091,0.2727272727272727,True,unassessed
331,ARM6_42_L,4,mapped,195.0,CL_STSd,CL_dorsal_bank_of_the_superior_temporal_sulcus,451.8750000000002,5,1,11,11,0.09090909090909091,0.45454545454545453,True,unassessed
331,ARM6_42_L,4,mapped,198.0,CL_STGr,CL_rostral_superior_temporal_gyrus,141.93750000000006,4,1,11,11,0.09090909090909091,0.36363636363636365,True,unassessed
331,ARM6_42_L,4,mapped,206.0,CL_lat_belt,CL_lateral_belt_areas,188.89062500000009,5,1,11,11,0.09090909090909091,0.45454545454545453,True,unassessed
331,ARM6_42_L,4,mapped,213.0,CL_med_belt,CL_medial_belt_areas,127.98437500000006,13,1,11,11,0.09090909090909091,1.1818181818181819,True,unassessed
331,ARM6_42_L,4,mapped,219.0,CL_core,CL_core_areas_of_auditory_cortex,159.23437500000006,14,1,11,11,0.09090909090909091,1.2727272727272727,True,unassessed
331,ARM6_42_L,4,mapped,225.0,CL_Ins/Pi,CL_insula_and_parainsula,288.1875000000001,71,3,11,11,0.2727272727272727,6.454545454545454,True,unassessed
331,ARM6_42_L,4,mapped,1004.0,SL_Cl,SL_claustrum,255.1562500000001,57,4,11,11,0.36363636363636365,5.181818181818182,True,unassessed
331,ARM6_42_L,4,mapped,1009.0,SL_Pir,SL_piriform_cortex,30.796875000000014,5,3,11,11,0.2727272727272727,0.45454545454545453,True,unassessed
331,ARM6_42_L,4,mapped,1052.0,SL_DStr,SL_dorsal_striatum,1809.218750000001,24,3,11,11,0.2727272727272727,2.1818181818181817,True,unassessed
331,ARM6_42_L,4,mapped,1059.0,SL_VStr,SL_ventral_striatum,113.20312500000006,24,1,11,11,0.09090909090909091,2.1818181818181817,True,unassessed
331,ARM6_42_L,4,zero_unassigned,0.0,,,,205,9,11,11,0.8181818181818182,18.636363636363637,True,unassessed
331,ARM6_42_L,5,key_level_conflict,45.0,CL_AON/TTv,CL_anterior_olfactory_cortex,,11,1,11,11,0.09090909090909091,1.0,True,unassessed
331,ARM6_42_L,5,mapped,4.0,CL_area_32,CL_area_32,91.60937500000004,15,1,11,11,0.09090909090909091,1.3636363636363635,True,unassessed
331,ARM6_42_L,5,mapped,7.0,CL_area_24a/b,CL_areas_24a_and_24b,92.98437500000004,86,1,11,11,0.09090909090909091,7.818181818181818,True,unassessed
331,ARM6_42_L,5,mapped,10.0,CL_area_24c,CL_area_24c,196.90625000000009,39,1,11,11,0.09090909090909091,3.5454545454545454,True,unassessed
331,ARM6_42_L,5,mapped,22.0,CL_area_14,CL_gyrus_rectus,70.31250000000003,10,1,11,11,0.09090909090909091,0.9090909090909091,True,unassessed
331,ARM6_42_L,5,mapped,30.0,CL_area_13,CL_area_13,419.17187500000017,105,2,11,11,0.18181818181818182,9.545454545454545,True,unassessed
331,ARM6_42_L,5,mapped,34.0,CL_area_12m/o,CL_medial_and_orbital_area_12,150.73437500000006,75,3,11,11,0.2727272727272727,6.818181818181818,True,unassessed
331,ARM6_42_L,5,mapped,39.0,CL_Iam/Iapm,CL_medial_agranular_insular_region,24.17187500000001,107,3,11,11,0.2727272727272727,9.727272727272727,True,unassessed
331,ARM6_42_L,5,mapped,40.0,CL_lat_Ia,CL_lateral_agranular_insular_region,145.28125000000006,510,11,11,11,1.0,46.36363636363637,True,unassessed
331,ARM6_42_L,5,mapped,49.0,CL_PrCO,CL_precentral_operular_area,95.95312500000004,161,4,11,11,0.36363636363636365,14.636363636363637,True,unassessed
331,ARM6_42_L,5,mapped,69.0,CL_area_12r/l,CL_rostral_and_lateral_area_12,149.23437500000006,5,1,11,11,0.09090909090909091,0.45454545454545453,True,unassessed
331,ARM6_42_L,5,mapped,84.0,CL_PMv,CL_ventral_premotor_cortex,700.6093750000003,10,2,11,11,0.18181818181818182,0.9090909090909091,True,unassessed
331,ARM6_42_L,5,mapped,162.0,CL_area_36,CL_area_36,115.15625000000006,5,2,11,11,0.18181818181818182,0.45454545454545453,True,unassessed
331,ARM6_42_L,5,mapped,166.0,CL_TGa,CL_agranular_temporal_pole,76.29687500000003,41,3,11,11,0.2727272727272727,3.727272727272727,True,unassessed
331,ARM6_42_L,5,mapped,168.0,CL_TGd,CL_dysgranular_temporal_pole,91.85937500000004,74,2,11,11,0.18181818181818182,6.7272727272727275,True,unassessed
331,ARM6_42_L,5,mapped,171.0,CL_TGg,CL_granular_temporal_pole,147.35937500000006,63,3,11,11,0.2727272727272727,5.7272727272727275,True,unassessed
331,ARM6_42_L,5,mapped,182.0,CL_ant_TE,CL_anterior_area_TE,419.42187500000017,3,1,11,11,0.09090909090909091,0.2727272727272727,True,unassessed
331,ARM6_42_L,5,mapped,196.0,CL_TPO,CL_temporal_parietooccipital_associated_area,280.6406250000001,5,1,11,11,0.09090909090909091,0.45454545454545453,True,unassessed
331,ARM6_42_L,5,mapped,198.0,CL_STGr,CL_rostral_superior_temporal_gyrus,141.93750000000006,4,1,11,11,0.09090909090909091,0.36363636363636365,True,unassessed
331,ARM6_42_L,5,mapped,210.0,CL_AL/RTL,CL_rostral_areas_of_the_lateral_belt,125.75000000000006,5,1,11,11,0.09090909090909091,0.45454545454545453,True,unassessed
331,ARM6_42_L,5,mapped,215.0,CL_RM/RTM,CL_rostral_areas_of_the_medial_belt,67.98437500000003,13,1,11,11,0.09090909090909091,1.1818181818181819,True,unassessed
331,ARM6_42_L,5,mapped,220.0,CL_R/RT,CL_rostral_areas_of_the_core,69.73437500000003,14,1,11,11,0.09090909090909091,1.2727272727272727,True,unassessed
331,ARM6_42_L,5,mapped,226.0,CL_Pi,CL_parainsula,27.28125000000001,16,1,11,11,0.09090909090909091,1.4545454545454546,True,unassessed
331,ARM6_42_L,5,mapped,227.0,CL_Ins,CL_insula,260.9062500000001,55,3,11,11,0.2727272727272727,5.0,True,unassessed
331,ARM6_42_L,5,mapped,1004.0,SL_Cl,SL_claustrum,255.1562500000001,57,4,11,11,0.36363636363636365,5.181818181818182,True,unassessed
331,ARM6_42_L,5,mapped,1009.0,SL_Pir,SL_piriform_cortex,30.796875000000014,5,3,11,11,0.2727272727272727,0.45454545454545453,True,unassessed
331,ARM6_42_L,5,mapped,1056.0,SL_Pu,SL_putamen,895.1093750000003,24,3,11,11,0.2727272727272727,2.1818181818181817,True,unassessed
331,ARM6_42_L,5,mapped,1060.0,SL_Acb,SL_accumbens,94.96875000000004,24,1,11,11,0.09090909090909091,2.1818181818181817,True,unassessed
331,ARM6_42_L,5,zero_unassigned,0.0,,,,205,9,11,11,0.8181818181818182,18.636363636363637,True,unassessed
331,ARM6_42_L,6,mapped,4.0,CL_area_32,CL_area_32,91.60937500000004,15,1,11,11,0.09090909090909091,1.3636363636363635,True,unassessed
331,ARM6_42_L,6,mapped,9.0,CL_area_24b,CL_area_24b,76.09375000000003,86,1,11,11,0.09090909090909091,7.818181818181818,True,unassessed
331,ARM6_42_L,6,mapped,10.0,CL_area_24c,CL_area_24c,196.90625000000009,39,1,11,11,0.09090909090909091,3.5454545454545454,True,unassessed
331,ARM6_42_L,6,mapped,24.0,CL_area_14c,CL_caudal_gyrus_rectus,39.468750000000014,10,1,11,11,0.09090909090909091,0.9090909090909091,True,unassessed
331,ARM6_42_L,6,mapped,31.0,CL_area_13a/b,CL_areas_13a_and_13b,124.10937500000006,1,1,11,11,0.09090909090909091,0.09090909090909091,True,unassessed
331,ARM6_42_L,6,mapped,32.0,CL_area_13m,CL_medial_area_13,174.45312500000009,84,2,11,11,0.18181818181818182,7.636363636363637,True,unassessed
331,ARM6_42_L,6,mapped,33.0,CL_area_13l,CL_lateral_area_13,120.60937500000006,20,2,11,11,0.18181818181818182,1.8181818181818181,True,unassessed
331,ARM6_42_L,6,mapped,35.0,CL_area_12m,CL_medial_area_12,82.07812500000004,43,1,11,11,0.09090909090909091,3.909090909090909,True,unassessed
331,ARM6_42_L,6,mapped,36.0,CL_area_12o,CL_orbital_area_12,68.65625000000003,32,2,11,11,0.18181818181818182,2.909090909090909,True,unassessed
331,ARM6_42_L,6,mapped,39.0,CL_Iam/Iapm,CL_medial_agranular_insular_region,24.17187500000001,107,3,11,11,0.2727272727272727,9.727272727272727,True,unassessed
331,ARM6_42_L,6,mapped,41.0,CL_Iai,CL_intermediate_agranular_insula_area,81.48437500000004,138,6,11,11,0.5454545454545454,12.545454545454545,True,unassessed
331,ARM6_42_L,6,mapped,42.0,CL_Ial,CL_lateral_agranular_insula_area,47.98437500000002,368,11,11,11,1.0,33.45454545454545,True,unassessed
331,ARM6_42_L,6,mapped,43.0,CL_Iapl,CL_posterior_lateral_agranular_insula_area,15.812500000000007,4,2,11,11,0.18181818181818182,0.36363636363636365,True,unassessed
331,ARM6_42_L,6,mapped,45.0,CL_AON/TTv,CL_anterior_olfactory_cortex,25.64062500000001,11,1,11,11,0.09090909090909091,1.0,True,unassessed
331,ARM6_42_L,6,mapped,49.0,CL_PrCO,CL_precentral_operular_area,95.95312500000004,161,4,11,11,0.36363636363636365,14.636363636363637,True,unassessed
331,ARM6_42_L,6,mapped,70.0,CL_area_12l,CL_lateral_area_12,61.20312500000003,5,1,11,11,0.09090909090909091,0.45454545454545453,True,unassessed
331,ARM6_42_L,6,mapped,86.0,CL_F5,CL_area_F5_of_ventral_premotor_cortex,434.01562500000017,10,2,11,11,0.18181818181818182,0.9090909090909091,True,unassessed
331,ARM6_42_L,6,mapped,164.0,CL_area_36r/p,CL_rostral_and_polar_area_36,61.18750000000003,5,2,11,11,0.18181818181818182,0.45454545454545453,True,unassessed
331,ARM6_42_L,6,mapped,166.0,CL_TGa,CL_agranular_temporal_pole,76.29687500000003,41,3,11,11,0.2727272727272727,3.727272727272727,True,unassessed
331,ARM6_42_L,6,mapped,169.0,CL_TGdd,CL_dorsal_dysgranular_temporal_pole,70.73437500000003,12,1,11,11,0.09090909090909091,1.0909090909090908,True,unassessed
331,ARM6_42_L,6,mapped,170.0,CL_TGvd,CL_ventral_dysgranular_temporal_pole,21.12500000000001,62,2,11,11,0.18181818181818182,5.636363636363637,True,unassessed
331,ARM6_42_L,6,mapped,173.0,CL_TGvg,CL_ventral_granular_temporal_pole,16.859375000000007,20,2,11,11,0.18181818181818182,1.8181818181818181,True,unassessed
331,ARM6_42_L,6,mapped,174.0,CL_TGsts,CL_sts_part_of_temporal_pole,78.28125000000003,43,2,11,11,0.18181818181818182,3.909090909090909,True,unassessed
331,ARM6_42_L,6,mapped,183.0,CL_TEav,CL_anterior_ventral_area_TE,255.0781250000001,3,1,11,11,0.09090909090909091,0.2727272727272727,True,unassessed
331,ARM6_42_L,6,mapped,196.0,CL_TPO,CL_temporal_parietooccipital_associated_area,280.6406250000001,5,1,11,11,0.09090909090909091,0.45454545454545453,True,unassessed
331,ARM6_42_L,6,mapped,198.0,CL_STGr,CL_rostral_superior_temporal_gyrus,141.93750000000006,4,1,11,11,0.09090909090909091,0.36363636363636365,True,unassessed
331,ARM6_42_L,6,mapped,212.0,CL_RTL,CL_lateral_rostrotemporal_belt_region,32.531250000000014,5,1,11,11,0.09090909090909091,0.45454545454545453,True,unassessed
331,ARM6_42_L,6,mapped,216.0,CL_RM,CL_rostromedial_belt_region,47.87500000000002,12,1,11,11,0.09090909090909091,1.0909090909090908,True,unassessed
331,ARM6_42_L,6,mapped,217.0,CL_RTM,CL_medial_rostrotemporal_belt_region,20.10937500000001,1,1,11,11,0.09090909090909091,0.09090909090909091,True,unassessed
331,ARM6_42_L,6,mapped,222.0,CL_RT,CL_rostrotemporal_core_region,16.062500000000007,14,1,11,11,0.09090909090909091,1.2727272727272727,True,unassessed
331,ARM6_42_L,6,mapped,226.0,CL_Pi,CL_parainsula,27.28125000000001,16,1,11,11,0.09090909090909091,1.4545454545454546,True,unassessed
331,ARM6_42_L,6,mapped,228.0,CL_Ia/Id,CL_agranular_and_dysgranular_insula,164.56250000000009,55,3,11,11,0.2727272727272727,5.0,True,unassessed
331,ARM6_42_L,6,mapped,1004.0,SL_Cl,SL_claustrum,255.1562500000001,57,4,11,11,0.36363636363636365,5.181818181818182,True,unassessed
331,ARM6_42_L,6,mapped,1009.0,SL_Pir,SL_piriform_cortex,30.796875000000014,5,3,11,11,0.2727272727272727,0.45454545454545453,True,unassessed
331,ARM6_42_L,6,mapped,1056.0,SL_Pu,SL_putamen,895.1093750000003,24,3,11,11,0.2727272727272727,2.1818181818181817,True,unassessed
331,ARM6_42_L,6,mapped,1060.0,SL_Acb,SL_accumbens,94.96875000000004,24,1,11,11,0.09090909090909091,2.1818181818181817,True,unassessed
331,ARM6_42_L,6,zero_unassigned,0.0,,,,205,9,11,11,0.8181818181818182,18.636363636363637,True,unassessed
331,ARM6_48_L,1,mapped,1.0,CL_Frontal,CL_Frontal_Lobe,6154.890625000003,851,11,11,11,1.0,77.36363636363636,True,unassessed
331,ARM6_48_L,1,mapped,90.0,CL_Parietal,CL_Parietal_Lobe,3774.453125000002,108,4,11,11,0.36363636363636365,9.818181818181818,True,unassessed
331,ARM6_48_L,1,mapped,138.0,CL_Temporal,CL_Temporal_Lobe,4285.390625000002,446,7,11,11,0.6363636363636364,40.54545454545455,True,unassessed
331,ARM6_48_L,1,mapped,1001.0,SL_tel,SL_telencephalon,3805.562500000002,198,2,11,11,0.18181818181818182,18.0,True,unassessed
331,ARM6_48_L,1,mapped,1082.0,SL_di,SL_diencephalon,1285.0937500000007,36,1,11,11,0.09090909090909091,3.272727272727273,True,unassessed
331,ARM6_48_L,1,zero_unassigned,0.0,,,,103,8,11,11,0.7272727272727273,9.363636363636363,True,unassessed
331,ARM6_48_L,2,mapped,16.0,CL_OFC,CL_orbital_frontal_cortex,1344.9218750000007,840,11,11,11,1.0,76.36363636363636,True,unassessed
331,ARM6_48_L,2,mapped,77.0,CL_motor,CL_motor_cortex,2542.000000000001,11,1,11,11,0.09090909090909091,1.0,True,unassessed
331,ARM6_48_L,2,mapped,91.0,CL_SI/SII,CL_somatosensory_cortex,1186.0000000000005,108,4,11,11,0.36363636363636365,9.818181818181818,True,unassessed
331,ARM6_48_L,2,mapped,224.0,CL_floor_of_ls,CL_floor_of_the_lateral_sulcus,303.2968750000001,446,7,11,11,0.6363636363636364,40.54545454545455,True,unassessed
331,ARM6_48_L,2,mapped,1002.0,SL_LVPal,SL_lateral_and_ventral_pallium,309.6718750000001,1,1,11,11,0.09090909090909091,0.09090909090909091,True,unassessed
331,ARM6_48_L,2,mapped,1050.0,SL_BG,SL_basal_ganglia,2261.015625000001,197,2,11,11,0.18181818181818182,17.90909090909091,True,unassessed
331,ARM6_48_L,2,mapped,1113.0,SL_Thal,SL_thalamus,970.0312500000005,36,1,11,11,0.09090909090909091,3.272727272727273,True,unassessed
331,ARM6_48_L,2,zero_unassigned,0.0,,,,103,8,11,11,0.7272727272727273,9.363636363636363,True,unassessed
331,ARM6_48_L,3,mapped,37.0,CL_caudal_OFC,CL_caudal_orbital_frontal_cortex,331.17187500000017,840,11,11,11,1.0,76.36363636363636,True,unassessed
331,ARM6_48_L,3,mapped,78.0,CL_M1/PM,CL_lateral_motor_cortex,2230.484375000001,11,1,11,11,0.09090909090909091,1.0,True,unassessed
331,ARM6_48_L,3,mapped,95.0,CL_SII,CL_secondary_somatosensory_cortex,285.3125000000001,108,4,11,11,0.36363636363636365,9.818181818181818,True,unassessed
331,ARM6_48_L,3,mapped,224.0,CL_floor_of_ls,CL_floor_of_the_lateral_sulcus,303.2968750000001,446,7,11,11,0.6363636363636364,40.54545454545455,True,unassessed
331,ARM6_48_L,3,mapped,1003.0,SL_LPal,SL_lateral_pallium,255.1562500000001,1,1,11,11,0.09090909090909091,0.09090909090909091,True,unassessed
331,ARM6_48_L,3,mapped,1051.0,SL_Str,SL_striatum,1922.421875000001,193,2,11,11,0.18181818181818182,17.545454545454547,True,unassessed
331,ARM6_48_L,3,mapped,1062.0,SL_Pd,SL_pallidum,338.59375000000017,4,1,11,11,0.09090909090909091,0.36363636363636365,True,unassessed
331,ARM6_48_L,3,mapped,1115.0,SL_MThal,SL_medial_thalamus,208.23437500000009,5,1,11,11,0.09090909090909091,0.45454545454545453,True,unassessed
331,ARM6_48_L,3,mapped,1148.0,SL_PThal,SL_posterior_thalamus,208.48437500000009,31,1,11,11,0.09090909090909091,2.8181818181818183,True,unassessed
331,ARM6_48_L,3,zero_unassigned,0.0,,,,103,8,11,11,0.7272727272727273,9.363636363636363,True,unassessed
331,ARM6_48_L,4,mapped,38.0,CL_OFa-p,CL_agranular_orbitofrontal_cortex,169.45312500000009,2,1,11,11,0.09090909090909091,0.18181818181818182,True,unassessed
331,ARM6_48_L,4,mapped,47.0,CL_cl_OFC,CL_caudolateral_orbitofrontal_cortex,136.07812500000006,838,11,11,11,1.0,76.18181818181819,True,unassessed
331,ARM6_48_L,4,mapped,80.0,CL_PM,CL_premotor_cortex,1468.3593750000007,11,1,11,11,0.09090909090909091,1.0,True,unassessed
331,ARM6_48_L,4,mapped,95.0,CL_SII,CL_secondary_somatosensory_cortex,285.3125000000001,108,4,11,11,0.36363636363636365,9.818181818181818,True,unassessed
331,ARM6_48_L,4,mapped,225.0,CL_Ins/Pi,CL_insula_and_parainsula,288.1875000000001,446,7,11,11,0.6363636363636364,40.54545454545455,True,unassessed
331,ARM6_48_L,4,mapped,1004.0,SL_Cl,SL_claustrum,255.1562500000001,1,1,11,11,0.09090909090909091,0.09090909090909091,True,unassessed
331,ARM6_48_L,4,mapped,1052.0,SL_DStr,SL_dorsal_striatum,1809.218750000001,180,2,11,11,0.18181818181818182,16.363636363636363,True,unassessed
331,ARM6_48_L,4,mapped,1059.0,SL_VStr,SL_ventral_striatum,113.20312500000006,13,1,11,11,0.09090909090909091,1.1818181818181819,True,unassessed
331,ARM6_48_L,4,mapped,1062.0,SL_Pd,SL_pallidum,338.59375000000017,4,1,11,11,0.09090909090909091,0.36363636363636365,True,unassessed
331,ARM6_48_L,4,mapped,1119.0,SL_ILThal,SL_intralaminar_thalamus,106.54687500000004,5,1,11,11,0.09090909090909091,0.45454545454545453,True,unassessed
331,ARM6_48_L,4,mapped,1151.0,SL_Pul,SL_pulvinar_thalamus,182.54687500000009,31,1,11,11,0.09090909090909091,2.8181818181818183,True,unassessed
331,ARM6_48_L,4,zero_unassigned,0.0,,,,103,8,11,11,0.7272727272727273,9.363636363636363,True,unassessed
331,ARM6_48_L,5,mapped,40.0,CL_lat_Ia,CL_lateral_agranular_insular_region,145.28125000000006,2,1,11,11,0.09090909090909091,0.18181818181818182,True,unassessed
331,ARM6_48_L,5,mapped,48.0,CL_G,CL_gustatory_cortex,40.12500000000002,771,11,11,11,1.0,70.0909090909091,True,unassessed
331,ARM6_48_L,5,mapped,49.0,CL_PrCO,CL_precentral_operular_area,95.95312500000004,67,1,11,11,0.09090909090909091,6.090909090909091,True,unassessed
331,ARM6_48_L,5,mapped,84.0,CL_PMv,CL_ventral_premotor_cortex,700.6093750000003,11,1,11,11,0.09090909090909091,1.0,True,unassessed
331,ARM6_48_L,5,mapped,95.0,CL_SII,CL_secondary_somatosensory_cortex,285.3125000000001,108,4,11,11,0.36363636363636365,9.818181818181818,True,unassessed
331,ARM6_48_L,5,mapped,227.0,CL_Ins,CL_insula,260.9062500000001,446,7,11,11,0.6363636363636364,40.54545454545455,True,unassessed
331,ARM6_48_L,5,mapped,1004.0,SL_Cl,SL_claustrum,255.1562500000001,1,1,11,11,0.09090909090909091,0.09090909090909091,True,unassessed
331,ARM6_48_L,5,mapped,1056.0,SL_Pu,SL_putamen,895.1093750000003,170,2,11,11,0.18181818181818182,15.454545454545455,True,unassessed
331,ARM6_48_L,5,mapped,1057.0,SL_ASt,SL_amygdalostriatal_transition,33.812500000000014,10,1,11,11,0.09090909090909091,0.9090909090909091,True,unassessed
331,ARM6_48_L,5,mapped,1060.0,SL_Acb,SL_accumbens,94.96875000000004,13,1,11,11,0.09090909090909091,1.1818181818181819,True,unassessed
331,ARM6_48_L,5,mapped,1067.0,SL_ac,SL_anterior_commissure,77.82812500000003,4,1,11,11,0.09090909090909091,0.36363636363636365,True,unassessed
331,ARM6_48_L,5,mapped,1121.0,SL_CMn-PF,SL_centromedial-parafascicular_thalamus,50.56250000000002,5,1,11,11,0.09090909090909091,0.45454545454545453,True,unassessed
331,ARM6_48_L,5,mapped,1152.0,SL_APul,SL_anterior_pulvinar,49.37500000000002,31,1,11,11,0.09090909090909091,2.8181818181818183,True,unassessed
331,ARM6_48_L,5,zero_unassigned,0.0,,,,103,8,11,11,0.7272727272727273,9.363636363636363,True,unassessed
331,ARM6_48_L,6,mapped,43.0,CL_Iapl,CL_posterior_lateral_agranular_insula_area,15.812500000000007,2,1,11,11,0.09090909090909091,0.18181818181818182,True,unassessed
331,ARM6_48_L,6,mapped,48.0,CL_G,CL_gustatory_cortex,40.12500000000002,771,11,11,11,1.0,70.0909090909091,True,unassessed
331,ARM6_48_L,6,mapped,49.0,CL_PrCO,CL_precentral_operular_area,95.95312500000004,67,1,11,11,0.09090909090909091,6.090909090909091,True,unassessed
331,ARM6_48_L,6,mapped,86.0,CL_F5,CL_area_F5_of_ventral_premotor_cortex,434.01562500000017,11,1,11,11,0.09090909090909091,1.0,True,unassessed
331,ARM6_48_L,6,mapped,95.0,CL_SII,CL_secondary_somatosensory_cortex,285.3125000000001,108,4,11,11,0.36363636363636365,9.818181818181818,True,unassessed
331,ARM6_48_L,6,mapped,228.0,CL_Ia/Id,CL_agranular_and_dysgranular_insula,164.56250000000009,422,7,11,11,0.6363636363636364,38.36363636363637,True,unassessed
331,ARM6_48_L,6,mapped,229.0,CL_Ig,CL_granular_insula,96.34375000000004,24,1,11,11,0.09090909090909091,2.1818181818181817,True,unassessed
331,ARM6_48_L,6,mapped,1004.0,SL_Cl,SL_claustrum,255.1562500000001,1,1,11,11,0.09090909090909091,0.09090909090909091,True,unassessed
331,ARM6_48_L,6,mapped,1056.0,SL_Pu,SL_putamen,895.1093750000003,170,2,11,11,0.18181818181818182,15.454545454545455,True,unassessed
331,ARM6_48_L,6,mapped,1057.0,SL_ASt,SL_amygdalostriatal_transition,33.812500000000014,10,1,11,11,0.09090909090909091,0.9090909090909091,True,unassessed
331,ARM6_48_L,6,mapped,1060.0,SL_Acb,SL_accumbens,94.96875000000004,13,1,11,11,0.09090909090909091,1.1818181818181819,True,unassessed
331,ARM6_48_L,6,mapped,1067.0,SL_ac,SL_anterior_commissure,77.82812500000003,4,1,11,11,0.09090909090909091,0.36363636363636365,True,unassessed
331,ARM6_48_L,6,mapped,1121.0,SL_CMn-PF,SL_centromedial-parafascicular_thalamus,50.56250000000002,5,1,11,11,0.09090909090909091,0.45454545454545453,True,unassessed
331,ARM6_48_L,6,mapped,1152.0,SL_APul,SL_anterior_pulvinar,49.37500000000002,31,1,11,11,0.09090909090909091,2.8181818181818183,True,unassessed
331,ARM6_48_L,6,zero_unassigned,0.0,,,,103,8,11,11,0.7272727272727273,9.363636363636363,True,unassessed
331,ARM6_542_R,1,mapped,501.0,CR_Frontal,CR_Frontal_Lobe,6154.890625000003,323,2,2,2,1.0,161.5,True,unassessed
331,ARM6_542_R,1,mapped,638.0,CR_Temporal,CR_Temporal_Lobe,4285.390625000002,43,1,2,2,0.5,21.5,True,unassessed
331,ARM6_542_R,1,mapped,1501.0,SR_tel,SR_telencephalon,3805.562500000002,8,1,2,2,0.5,4.0,True,unassessed
331,ARM6_542_R,1,zero_unassigned,0.0,,,,27,1,2,2,0.5,13.5,True,unassessed
331,ARM6_542_R,2,mapped,516.0,CR_OFC,CR_orbital_frontal_cortex,1344.9218750000007,323,2,2,2,1.0,161.5,True,unassessed
331,ARM6_542_R,2,mapped,665.0,CR_TG,CR_temporal_pole,315.5156250000001,3,1,2,2,0.5,1.5,True,unassessed
331,ARM6_542_R,2,mapped,724.0,CR_floor_of_ls,CR_floor_of_the_lateral_sulcus,303.2968750000001,40,1,2,2,0.5,20.0,True,unassessed
331,ARM6_542_R,2,mapped,1502.0,SR_LVPal,SR_lateral_and_ventral_pallium,309.6718750000001,8,1,2,2,0.5,4.0,True,unassessed
331,ARM6_542_R,2,zero_unassigned,0.0,,,,27,1,2,2,0.5,13.5,True,unassessed
331,ARM6_542_R,3,mapped,537.0,CR_caudal_OFC,CR_caudal_orbital_frontal_cortex,331.17187500000017,323,2,2,2,1.0,161.5,True,unassessed
331,ARM6_542_R,3,mapped,665.0,CR_TG,CR_temporal_pole,315.5156250000001,3,1,2,2,0.5,1.5,True,unassessed
331,ARM6_542_R,3,mapped,724.0,CR_floor_of_ls,CR_floor_of_the_lateral_sulcus,303.2968750000001,40,1,2,2,0.5,20.0,True,unassessed
331,ARM6_542_R,3,mapped,1503.0,SR_LPal,SR_lateral_pallium,255.1562500000001,3,1,2,2,0.5,1.5,True,unassessed
331,ARM6_542_R,3,mapped,1505.0,SR_VPal,SR_ventral_pallium,54.51562500000002,5,1,2,2,0.5,2.5,True,unassessed
331,ARM6_542_R,3,zero_unassigned,0.0,,,,27,1,2,2,0.5,13.5,True,unassessed
331,ARM6_542_R,4,mapped,538.0,CR_OFa-p,CR_agranular_orbitofrontal_cortex,169.45312500000009,184,2,2,2,1.0,92.0,True,unassessed
331,ARM6_542_R,4,mapped,547.0,CR_cl_OFC,CR_caudolateral_orbitofrontal_cortex,136.07812500000006,139,2,2,2,1.0,69.5,True,unassessed
331,ARM6_542_R,4,mapped,666.0,CR_TGa,CR_agranular_temporal_pole,76.29687500000003,3,1,2,2,0.5,1.5,True,unassessed
331,ARM6_542_R,4,mapped,725.0,CR_Ins/Pi,CR_insula_and_parainsula,288.1875000000001,40,1,2,2,0.5,20.0,True,unassessed
331,ARM6_542_R,4,mapped,1504.0,SR_Cl,SR_claustrum,255.1562500000001,3,1,2,2,0.5,1.5,True,unassessed
331,ARM6_542_R,4,mapped,1509.0,SR_Pir,SR_piriform_cortex,30.796875000000014,5,1,2,2,0.5,2.5,True,unassessed
331,ARM6_542_R,4,zero_unassigned,0.0,,,,27,1,2,2,0.5,13.5,True,unassessed
331,ARM6_542_R,5,mapped,539.0,CR_Iam/Iapm,CR_medial_agranular_insular_region,24.17187500000001,3,1,2,2,0.5,1.5,True,unassessed
331,ARM6_542_R,5,mapped,540.0,CR_lat_Ia,CR_lateral_agranular_insular_region,145.28125000000006,181,2,2,2,1.0,90.5,True,unassessed
331,ARM6_542_R,5,mapped,548.0,CR_G,CR_gustatory_cortex,40.12500000000002,1,1,2,2,0.5,0.5,True,unassessed
331,ARM6_542_R,5,mapped,549.0,CR_PrCO,CR_precentral_operular_area,95.95312500000004,138,2,2,2,1.0,69.0,True,unassessed
331,ARM6_542_R,5,mapped,666.0,CR_TGa,CR_agranular_temporal_pole,76.29687500000003,3,1,2,2,0.5,1.5,True,unassessed
331,ARM6_542_R,5,mapped,727.0,CR_Ins,CR_insula,260.9062500000001,40,1,2,2,0.5,20.0,True,unassessed
331,ARM6_542_R,5,mapped,1504.0,SR_Cl,SR_claustrum,255.1562500000001,3,1,2,2,0.5,1.5,True,unassessed
331,ARM6_542_R,5,mapped,1509.0,SR_Pir,SR_piriform_cortex,30.796875000000014,5,1,2,2,0.5,2.5,True,unassessed
331,ARM6_542_R,5,zero_unassigned,0.0,,,,27,1,2,2,0.5,13.5,True,unassessed
331,ARM6_542_R,6,mapped,539.0,CR_Iam/Iapm,CR_medial_agranular_insular_region,24.17187500000001,3,1,2,2,0.5,1.5,True,unassessed
331,ARM6_542_R,6,mapped,541.0,CR_Iai,CR_intermediate_agranular_insula_area,81.48437500000004,10,1,2,2,0.5,5.0,True,unassessed
331,ARM6_542_R,6,mapped,542.0,CR_Ial,CR_lateral_agranular_insula_area,47.98437500000002,171,2,2,2,1.0,85.5,True,unassessed
331,ARM6_542_R,6,mapped,548.0,CR_G,CR_gustatory_cortex,40.12500000000002,1,1,2,2,0.5,0.5,True,unassessed
331,ARM6_542_R,6,mapped,549.0,CR_PrCO,CR_precentral_operular_area,95.95312500000004,138,2,2,2,1.0,69.0,True,unassessed
331,ARM6_542_R,6,mapped,666.0,CR_TGa,CR_agranular_temporal_pole,76.29687500000003,3,1,2,2,0.5,1.5,True,unassessed
331,ARM6_542_R,6,mapped,728.0,CR_Ia/Id,CR_agranular_and_dysgranular_insula,164.56250000000009,40,1,2,2,0.5,20.0,True,unassessed
331,ARM6_542_R,6,mapped,1504.0,SR_Cl,SR_claustrum,255.1562500000001,3,1,2,2,0.5,1.5,True,unassessed
331,ARM6_542_R,6,mapped,1509.0,SR_Pir,SR_piriform_cortex,30.796875000000014,5,1,2,2,0.5,2.5,True,unassessed
331,ARM6_542_R,6,zero_unassigned,0.0,,,,27,1,2,2,0.5,13.5,True,unassessed
331,ARM6_549_R,1,mapped,1.0,CL_Frontal,CL_Frontal_Lobe,6154.890625000003,85,1,21,21,0.047619047619047616,4.0476190476190474,True,unassessed
331,ARM6_549_R,1,mapped,501.0,CR_Frontal,CR_Frontal_Lobe,6154.890625000003,1576,21,21,21,1.0,75.04761904761905,True,unassessed
331,ARM6_549_R,1,mapped,590.0,CR_Parietal,CR_Parietal_Lobe,3774.453125000002,48,2,21,21,0.09523809523809523,2.2857142857142856,True,unassessed
331,ARM6_549_R,1,mapped,638.0,CR_Temporal,CR_Temporal_Lobe,4285.390625000002,38,3,21,21,0.14285714285714285,1.8095238095238095,True,unassessed
331,ARM6_549_R,1,mapped,1082.0,SL_di,SL_diencephalon,1285.0937500000007,1,1,21,21,0.047619047619047616,0.047619047619047616,True,unassessed
331,ARM6_549_R,1,mapped,1501.0,SR_tel,SR_telencephalon,3805.562500000002,20,4,21,21,0.19047619047619047,0.9523809523809523,True,unassessed
331,ARM6_549_R,1,mapped,1582.0,SR_di,SR_diencephalon,1285.0937500000007,2,1,21,21,0.047619047619047616,0.09523809523809523,True,unassessed
331,ARM6_549_R,1,zero_unassigned,0.0,,,,187,9,21,21,0.42857142857142855,8.904761904761905,True,unassessed
331,ARM6_549_R,2,mapped,2.0,CL_ACgG,CL_anterior_cingulate_gyrus,602.7656250000002,80,1,21,21,0.047619047619047616,3.8095238095238093,True,unassessed
331,ARM6_549_R,2,mapped,16.0,CL_OFC,CL_orbital_frontal_cortex,1344.9218750000007,5,1,21,21,0.047619047619047616,0.23809523809523808,True,unassessed
331,ARM6_549_R,2,mapped,516.0,CR_OFC,CR_orbital_frontal_cortex,1344.9218750000007,1542,21,21,21,1.0,73.42857142857143,True,unassessed
331,ARM6_549_R,2,mapped,550.0,CR_lat_PFC,CR_lateral_prefrontal_cortex,1665.2031250000007,15,2,21,21,0.09523809523809523,0.7142857142857143,True,unassessed
331,ARM6_549_R,2,mapped,577.0,CR_motor,CR_motor_cortex,2542.000000000001,19,3,21,21,0.14285714285714285,0.9047619047619048,True,unassessed
331,ARM6_549_R,2,mapped,591.0,CR_SI/SII,CR_somatosensory_cortex,1186.0000000000005,48,2,21,21,0.09523809523809523,2.2857142857142856,True,unassessed
331,ARM6_549_R,2,mapped,639.0,CR_MTL,CR_medial_temporal_lobe,423.42187500000017,3,1,21,21,0.047619047619047616,0.14285714285714285,True,unassessed
331,ARM6_549_R,2,mapped,724.0,CR_floor_of_ls,CR_floor_of_the_lateral_sulcus,303.2968750000001,35,3,21,21,0.14285714285714285,1.6666666666666667,True,unassessed
331,ARM6_549_R,2,mapped,1113.0,SL_Thal,SL_thalamus,970.0312500000005,1,1,21,21,0.047619047619047616,0.047619047619047616,True,unassessed
331,ARM6_549_R,2,mapped,1502.0,SR_LVPal,SR_lateral_and_ventral_pallium,309.6718750000001,3,2,21,21,0.09523809523809523,0.14285714285714285,True,unassessed
331,ARM6_549_R,2,mapped,1550.0,SR_BG,SR_basal_ganglia,2261.015625000001,17,2,21,21,0.09523809523809523,0.8095238095238095,True,unassessed
331,ARM6_549_R,2,mapped,1613.0,SR_Thal,SR_thalamus,970.0312500000005,2,1,21,21,0.047619047619047616,0.09523809523809523,True,unassessed
331,ARM6_549_R,2,zero_unassigned,0.0,,,,187,9,21,21,0.42857142857142855,8.904761904761905,True,unassessed
331,ARM6_549_R,3,mapped,3.0,CL_ACC,CL_anterior_cingulate_cortex,414.39062500000017,80,1,21,21,0.047619047619047616,3.8095238095238093,True,unassessed
331,ARM6_549_R,3,mapped,37.0,CL_caudal_OFC,CL_caudal_orbital_frontal_cortex,331.17187500000017,5,1,21,21,0.047619047619047616,0.23809523809523808,True,unassessed
331,ARM6_549_R,3,mapped,525.0,CR_lat_OFC,CR_lateral_orbital_frontal_cortex,708.1406250000003,72,1,21,21,0.047619047619047616,3.4285714285714284,True,unassessed
331,ARM6_549_R,3,mapped,537.0,CR_caudal_OFC,CR_caudal_orbital_frontal_cortex,331.17187500000017,1470,21,21,21,1.0,70.0,True,unassessed
331,ARM6_549_R,3,mapped,564.0,CR_vlPFC,CR_ventrolateral_prefrontal_cortex,680.8593750000003,15,2,21,21,0.09523809523809523,0.7142857142857143,True,unassessed
331,ARM6_549_R,3,mapped,578.0,CR_M1/PM,CR_lateral_motor_cortex,2230.484375000001,19,3,21,21,0.14285714285714285,0.9047619047619048,True,unassessed
331,ARM6_549_R,3,mapped,595.0,CR_SII,CR_secondary_somatosensory_cortex,285.3125000000001,48,2,21,21,0.09523809523809523,2.2857142857142856,True,unassessed
331,ARM6_549_R,3,mapped,653.0,CR_Rh,CR_rhinal_cortex,280.2343750000001,3,1,21,21,0.047619047619047616,0.14285714285714285,True,unassessed
331,ARM6_549_R,3,mapped,724.0,CR_floor_of_ls,CR_floor_of_the_lateral_sulcus,303.2968750000001,35,3,21,21,0.14285714285714285,1.6666666666666667,True,unassessed
331,ARM6_549_R,3,mapped,1127.0,SL_MLThal,SL_midline_thalamus,71.21875000000003,1,1,21,21,0.047619047619047616,0.047619047619047616,True,unassessed
331,ARM6_549_R,3,mapped,1503.0,SR_LPal,SR_lateral_pallium,255.1562500000001,3,2,21,21,0.09523809523809523,0.14285714285714285,True,unassessed
331,ARM6_549_R,3,mapped,1551.0,SR_Str,SR_striatum,1922.421875000001,17,2,21,21,0.09523809523809523,0.8095238095238095,True,unassessed
331,ARM6_549_R,3,mapped,1615.0,SR_MThal,SR_medial_thalamus,208.23437500000009,1,1,21,21,0.047619047619047616,0.047619047619047616,True,unassessed
331,ARM6_549_R,3,mapped,1635.0,SR_VThal,SR_ventral_thalamus,291.4218750000001,1,1,21,21,0.047619047619047616,0.047619047619047616,True,unassessed
331,ARM6_549_R,3,zero_unassigned,0.0,,,,187,9,21,21,0.42857142857142855,8.904761904761905,True,unassessed
331,ARM6_549_R,4,mapped,6.0,CL_area_24,CL_area_24,289.8906250000001,80,1,21,21,0.047619047619047616,3.8095238095238093,True,unassessed
331,ARM6_549_R,4,mapped,47.0,CL_cl_OFC,CL_caudolateral_orbitofrontal_cortex,136.07812500000006,5,1,21,21,0.047619047619047616,0.23809523809523808,True,unassessed
331,ARM6_549_R,4,mapped,526.0,CR_areas_11/13,CR_areas_11_and_13,557.4062500000002,48,1,21,21,0.047619047619047616,2.2857142857142856,True,unassessed
331,ARM6_549_R,4,mapped,534.0,CR_area_12m/o,CR_medial_and_orbital_area_12,150.73437500000006,24,1,21,21,0.047619047619047616,1.1428571428571428,True,unassessed
331,ARM6_549_R,4,mapped,538.0,CR_OFa-p,CR_agranular_orbitofrontal_cortex,169.45312500000009,103,11,21,21,0.5238095238095238,4.904761904761905,True,unassessed
331,ARM6_549_R,4,mapped,547.0,CR_cl_OFC,CR_caudolateral_orbitofrontal_cortex,136.07812500000006,1367,20,21,21,0.9523809523809523,65.0952380952381,True,unassessed
331,ARM6_549_R,4,mapped,565.0,CR_rostral_vlPFC,CR_rostral_ventrolateral_prefrontal_cortex,465.9531250000002,11,1,21,21,0.047619047619047616,0.5238095238095238,True,unassessed
331,ARM6_549_R,4,mapped,572.0,CR_caudal_vlPFC,CR_caudal_ventrolateral_prefrontal_cortex,214.90625000000009,4,1,21,21,0.047619047619047616,0.19047619047619047,True,unassessed
331,ARM6_549_R,4,mapped,580.0,CR_PM,CR_premotor_cortex,1468.3593750000007,19,3,21,21,0.14285714285714285,0.9047619047619048,True,unassessed
331,ARM6_549_R,4,mapped,595.0,CR_SII,CR_secondary_somatosensory_cortex,285.3125000000001,48,2,21,21,0.09523809523809523,2.2857142857142856,True,unassessed
331,ARM6_549_R,4,mapped,654.0,CR_ERh,CR_entorhinal_cortex,130.48437500000006,3,1,21,21,0.047619047619047616,0.14285714285714285,True,unassessed
331,ARM6_549_R,4,mapped,725.0,CR_Ins/Pi,CR_insula_and_parainsula,288.1875000000001,35,3,21,21,0.14285714285714285,1.6666666666666667,True,unassessed
331,ARM6_549_R,4,mapped,1127.0,SL_MLThal,SL_midline_thalamus,71.21875000000003,1,1,21,21,0.047619047619047616,0.047619047619047616,True,unassessed
331,ARM6_549_R,4,mapped,1504.0,SR_Cl,SR_claustrum,255.1562500000001,3,2,21,21,0.09523809523809523,0.14285714285714285,True,unassessed
331,ARM6_549_R,4,mapped,1552.0,SR_DStr,SR_dorsal_striatum,1809.218750000001,17,2,21,21,0.09523809523809523,0.8095238095238095,True,unassessed
331,ARM6_549_R,4,mapped,1619.0,SR_ILThal,SR_intralaminar_thalamus,106.54687500000004,1,1,21,21,0.047619047619047616,0.047619047619047616,True,unassessed
331,ARM6_549_R,4,mapped,1643.0,SR_SpThal,SR_spinal_thalamus,88.20312500000004,1,1,21,21,0.047619047619047616,0.047619047619047616,True,unassessed
331,ARM6_549_R,4,zero_unassigned,0.0,,,,187,9,21,21,0.42857142857142855,8.904761904761905,True,unassessed
331,ARM6_549_R,5,mapped,10.0,CL_area_24c,CL_area_24c,196.90625000000009,80,1,21,21,0.047619047619047616,3.8095238095238093,True,unassessed
331,ARM6_549_R,5,mapped,49.0,CL_PrCO,CL_precentral_operular_area,95.95312500000004,5,1,21,21,0.047619047619047616,0.23809523809523808,True,unassessed
331,ARM6_549_R,5,mapped,527.0,CR_area_11,CR_area_11,138.23437500000006,28,1,21,21,0.047619047619047616,1.3333333333333333,True,unassessed
331,ARM6_549_R,5,mapped,530.0,CR_area_13,CR_area_13,419.17187500000017,20,1,21,21,0.047619047619047616,0.9523809523809523,True,unassessed
331,ARM6_549_R,5,mapped,534.0,CR_area_12m/o,CR_medial_and_orbital_area_12,150.73437500000006,24,1,21,21,0.047619047619047616,1.1428571428571428,True,unassessed
331,ARM6_549_R,5,mapped,539.0,CR_Iam/Iapm,CR_medial_agranular_insular_region,24.17187500000001,1,1,21,21,0.047619047619047616,0.047619047619047616,True,unassessed
331,ARM6_549_R,5,mapped,540.0,CR_lat_Ia,CR_lateral_agranular_insular_region,145.28125000000006,102,11,21,21,0.5238095238095238,4.857142857142857,True,unassessed
331,ARM6_549_R,5,mapped,548.0,CR_G,CR_gustatory_cortex,40.12500000000002,6,1,21,21,0.047619047619047616,0.2857142857142857,True,unassessed
331,ARM6_549_R,5,mapped,549.0,CR_PrCO,CR_precentral_operular_area,95.95312500000004,1361,20,21,21,0.9523809523809523,64.80952380952381,True,unassessed
331,ARM6_549_R,5,mapped,569.0,CR_area_12r/l,CR_rostral_and_lateral_area_12,149.23437500000006,11,1,21,21,0.047619047619047616,0.5238095238095238,True,unassessed
331,ARM6_549_R,5,mapped,576.0,CR_area_44,CR_area_44,49.35937500000002,4,1,21,21,0.047619047619047616,0.19047619047619047,True,unassessed
331,ARM6_549_R,5,mapped,584.0,CR_PMv,CR_ventral_premotor_cortex,700.6093750000003,19,3,21,21,0.14285714285714285,0.9047619047619048,True,unassessed
331,ARM6_549_R,5,mapped,595.0,CR_SII,CR_secondary_somatosensory_cortex,285.3125000000001,48,2,21,21,0.09523809523809523,2.2857142857142856,True,unassessed
331,ARM6_549_R,5,mapped,659.0,CR_rostral_ERh,CR_rostral_entorhinal_cortex,47.82812500000002,3,1,21,21,0.047619047619047616,0.14285714285714285,True,unassessed
331,ARM6_549_R,5,mapped,727.0,CR_Ins,CR_insula,260.9062500000001,35,3,21,21,0.14285714285714285,1.6666666666666667,True,unassessed
331,ARM6_549_R,5,mapped,1133.0,SL_CM,SL_central_medial_thalamus,12.453125000000005,1,1,21,21,0.047619047619047616,0.047619047619047616,True,unassessed
331,ARM6_549_R,5,mapped,1504.0,SR_Cl,SR_claustrum,255.1562500000001,3,2,21,21,0.09523809523809523,0.14285714285714285,True,unassessed
331,ARM6_549_R,5,mapped,1556.0,SR_Pu,SR_putamen,895.1093750000003,17,2,21,21,0.09523809523809523,0.8095238095238095,True,unassessed
331,ARM6_549_R,5,mapped,1621.0,SR_CMn-PF,SR_centromedial-parafascicular_thalamus,50.56250000000002,1,1,21,21,0.047619047619047616,0.047619047619047616,True,unassessed
331,ARM6_549_R,5,mapped,1647.0,SR_VM,SR_ventral_medial_thalamus,20.95312500000001,1,1,21,21,0.047619047619047616,0.047619047619047616,True,unassessed
331,ARM6_549_R,5,zero_unassigned,0.0,,,,187,9,21,21,0.42857142857142855,8.904761904761905,True,unassessed
331,ARM6_549_R,6,mapped,10.0,CL_area_24c,CL_area_24c,196.90625000000009,80,1,21,21,0.047619047619047616,3.8095238095238093,True,unassessed
331,ARM6_549_R,6,mapped,49.0,CL_PrCO,CL_precentral_operular_area,95.95312500000004,5,1,21,21,0.047619047619047616,0.23809523809523808,True,unassessed
331,ARM6_549_R,6,mapped,529.0,CR_area_11l,CR_lateral_area_11,72.23437500000003,28,1,21,21,0.047619047619047616,1.3333333333333333,True,unassessed
331,ARM6_549_R,6,mapped,532.0,CR_area_13m,CR_medial_area_13,174.45312500000009,13,1,21,21,0.047619047619047616,0.6190476190476191,True,unassessed
331,ARM6_549_R,6,mapped,533.0,CR_area_13l,CR_lateral_area_13,120.60937500000006,7,1,21,21,0.047619047619047616,0.3333333333333333,True,unassessed
331,ARM6_549_R,6,mapped,536.0,CR_area_12o,CR_orbital_area_12,68.65625000000003,24,1,21,21,0.047619047619047616,1.1428571428571428,True,unassessed
331,ARM6_549_R,6,mapped,539.0,CR_Iam/Iapm,CR_medial_agranular_insular_region,24.17187500000001,1,1,21,21,0.047619047619047616,0.047619047619047616,True,unassessed
331,ARM6_549_R,6,mapped,541.0,CR_Iai,CR_intermediate_agranular_insula_area,81.48437500000004,66,2,21,21,0.09523809523809523,3.142857142857143,True,unassessed
331,ARM6_549_R,6,mapped,542.0,CR_Ial,CR_lateral_agranular_insula_area,47.98437500000002,35,8,21,21,0.38095238095238093,1.6666666666666667,True,unassessed
331,ARM6_549_R,6,mapped,543.0,CR_Iapl,CR_posterior_lateral_agranular_insula_area,15.812500000000007,1,1,21,21,0.047619047619047616,0.047619047619047616,True,unassessed
331,ARM6_549_R,6,mapped,548.0,CR_G,CR_gustatory_cortex,40.12500000000002,6,1,21,21,0.047619047619047616,0.2857142857142857,True,unassessed
331,ARM6_549_R,6,mapped,549.0,CR_PrCO,CR_precentral_operular_area,95.95312500000004,1361,20,21,21,0.9523809523809523,64.80952380952381,True,unassessed
331,ARM6_549_R,6,mapped,570.0,CR_area_12l,CR_lateral_area_12,61.20312500000003,11,1,21,21,0.047619047619047616,0.5238095238095238,True,unassessed
331,ARM6_549_R,6,mapped,576.0,CR_area_44,CR_area_44,49.35937500000002,4,1,21,21,0.047619047619047616,0.19047619047619047,True,unassessed
331,ARM6_549_R,6,mapped,586.0,CR_F5,CR_area_F5_of_ventral_premotor_cortex,434.01562500000017,19,3,21,21,0.14285714285714285,0.9047619047619048,True,unassessed
331,ARM6_549_R,6,mapped,595.0,CR_SII,CR_secondary_somatosensory_cortex,285.3125000000001,48,2,21,21,0.09523809523809523,2.2857142857142856,True,unassessed
331,ARM6_549_R,6,mapped,659.0,CR_rostral_ERh,CR_rostral_entorhinal_cortex,47.82812500000002,3,1,21,21,0.047619047619047616,0.14285714285714285,True,unassessed
331,ARM6_549_R,6,mapped,728.0,CR_Ia/Id,CR_agranular_and_dysgranular_insula,164.56250000000009,35,3,21,21,0.14285714285714285,1.6666666666666667,True,unassessed
331,ARM6_549_R,6,mapped,1133.0,SL_CM,SL_central_medial_thalamus,12.453125000000005,1,1,21,21,0.047619047619047616,0.047619047619047616,True,unassessed
331,ARM6_549_R,6,mapped,1504.0,SR_Cl,SR_claustrum,255.1562500000001,3,2,21,21,0.09523809523809523,0.14285714285714285,True,unassessed
331,ARM6_549_R,6,mapped,1556.0,SR_Pu,SR_putamen,895.1093750000003,17,2,21,21,0.09523809523809523,0.8095238095238095,True,unassessed
331,ARM6_549_R,6,mapped,1621.0,SR_CMn-PF,SR_centromedial-parafascicular_thalamus,50.56250000000002,1,1,21,21,0.047619047619047616,0.047619047619047616,True,unassessed
331,ARM6_549_R,6,mapped,1647.0,SR_VM,SR_ventral_medial_thalamus,20.95312500000001,1,1,21,21,0.047619047619047616,0.047619047619047616,True,unassessed
331,ARM6_549_R,6,zero_unassigned,0.0,,,,187,9,21,21,0.42857142857142855,8.904761904761905,True,unassessed
331,ARM6_729_R,1,mapped,590.0,CR_Parietal,CR_Parietal_Lobe,3774.453125000002,81,2,2,2,1.0,40.5,True,unassessed
331,ARM6_729_R,1,mapped,638.0,CR_Temporal,CR_Temporal_Lobe,4285.390625000002,148,2,2,2,1.0,74.0,True,unassessed
331,ARM6_729_R,1,zero_unassigned,0.0,,,,2,1,2,2,0.5,1.0,True,unassessed
331,ARM6_729_R,2,mapped,591.0,CR_SI/SII,CR_somatosensory_cortex,1186.0000000000005,45,2,2,2,1.0,22.5,True,unassessed
331,ARM6_729_R,2,mapped,612.0,CR_IPL,CR_inferior_parietal_lobule,1044.0156250000005,36,2,2,2,1.0,18.0,True,unassessed
331,ARM6_729_R,2,mapped,724.0,CR_floor_of_ls,CR_floor_of_the_lateral_sulcus,303.2968750000001,148,2,2,2,1.0,74.0,True,unassessed
331,ARM6_729_R,2,zero_unassigned,0.0,,,,2,1,2,2,0.5,1.0,True,unassessed
331,ARM6_729_R,3,mapped,595.0,CR_SII,CR_secondary_somatosensory_cortex,285.3125000000001,45,2,2,2,1.0,22.5,True,unassessed
331,ARM6_729_R,3,mapped,620.0,CR_area_7_in_IPL,CR_area_7_in_the_inferior_parietal_lobule,560.8125000000002,36,2,2,2,1.0,18.0,True,unassessed
331,ARM6_729_R,3,mapped,724.0,CR_floor_of_ls,CR_floor_of_the_lateral_sulcus,303.2968750000001,148,2,2,2,1.0,74.0,True,unassessed
331,ARM6_729_R,3,zero_unassigned,0.0,,,,2,1,2,2,0.5,1.0,True,unassessed
331,ARM6_729_R,4,mapped,595.0,CR_SII,CR_secondary_somatosensory_cortex,285.3125000000001,45,2,2,2,1.0,22.5,True,unassessed
331,ARM6_729_R,4,mapped,620.0,CR_area_7_in_IPL,CR_area_7_in_the_inferior_parietal_lobule,560.8125000000002,36,2,2,2,1.0,18.0,True,unassessed
331,ARM6_729_R,4,mapped,725.0,CR_Ins/Pi,CR_insula_and_parainsula,288.1875000000001,148,2,2,2,1.0,74.0,True,unassessed
331,ARM6_729_R,4,zero_unassigned,0.0,,,,2,1,2,2,0.5,1.0,True,unassessed
331,ARM6_729_R,5,mapped,595.0,CR_SII,CR_secondary_somatosensory_cortex,285.3125000000001,45,2,2,2,1.0,22.5,True,unassessed
331,ARM6_729_R,5,mapped,624.0,CR_area_7op,CR_parietal_operculum,167.64062500000009,36,2,2,2,1.0,18.0,True,unassessed
331,ARM6_729_R,5,mapped,727.0,CR_Ins,CR_insula,260.9062500000001,148,2,2,2,1.0,74.0,True,unassessed
331,ARM6_729_R,5,zero_unassigned,0.0,,,,2,1,2,2,0.5,1.0,True,unassessed
331,ARM6_729_R,6,mapped,595.0,CR_SII,CR_secondary_somatosensory_cortex,285.3125000000001,45,2,2,2,1.0,22.5,True,unassessed
331,ARM6_729_R,6,mapped,624.0,CR_area_7op,CR_parietal_operculum,167.64062500000009,36,2,2,2,1.0,18.0,True,unassessed
331,ARM6_729_R,6,mapped,729.0,CR_Ig,CR_granular_insula,96.34375000000004,148,2,2,2,1.0,74.0,True,unassessed
331,ARM6_729_R,6,zero_unassigned,0.0,,,,2,1,2,2,0.5,1.0,True,unassessed
605,ARM6_229_L,1,mapped,90.0,CL_Parietal,CL_Parietal_Lobe,3774.453125000002,57,1,1,1,1.0,57.0,True,unassessed
605,ARM6_229_L,1,mapped,138.0,CL_Temporal,CL_Temporal_Lobe,4285.390625000002,37,1,1,1,1.0,37.0,True,unassessed
605,ARM6_229_L,1,zero_unassigned,0.0,,,,30,1,1,1,1.0,30.0,True,unassessed
605,ARM6_229_L,2,mapped,91.0,CL_SI/SII,CL_somatosensory_cortex,1186.0000000000005,57,1,1,1,1.0,57.0,True,unassessed
605,ARM6_229_L,2,mapped,224.0,CL_floor_of_ls,CL_floor_of_the_lateral_sulcus,303.2968750000001,37,1,1,1,1.0,37.0,True,unassessed
605,ARM6_229_L,2,zero_unassigned,0.0,,,,30,1,1,1,1.0,30.0,True,unassessed
605,ARM6_229_L,3,mapped,95.0,CL_SII,CL_secondary_somatosensory_cortex,285.3125000000001,57,1,1,1,1.0,57.0,True,unassessed
605,ARM6_229_L,3,mapped,224.0,CL_floor_of_ls,CL_floor_of_the_lateral_sulcus,303.2968750000001,37,1,1,1,1.0,37.0,True,unassessed
605,ARM6_229_L,3,zero_unassigned,0.0,,,,30,1,1,1,1.0,30.0,True,unassessed
605,ARM6_229_L,4,mapped,95.0,CL_SII,CL_secondary_somatosensory_cortex,285.3125000000001,57,1,1,1,1.0,57.0,True,unassessed
605,ARM6_229_L,4,mapped,225.0,CL_Ins/Pi,CL_insula_and_parainsula,288.1875000000001,37,1,1,1,1.0,37.0,True,unassessed
605,ARM6_229_L,4,zero_unassigned,0.0,,,,30,1,1,1,1.0,30.0,True,unassessed
605,ARM6_229_L,5,mapped,95.0,CL_SII,CL_secondary_somatosensory_cortex,285.3125000000001,57,1,1,1,1.0,57.0,True,unassessed
605,ARM6_229_L,5,mapped,227.0,CL_Ins,CL_insula,260.9062500000001,37,1,1,1,1.0,37.0,True,unassessed
605,ARM6_229_L,5,zero_unassigned,0.0,,,,30,1,1,1,1.0,30.0,True,unassessed
605,ARM6_229_L,6,mapped,95.0,CL_SII,CL_secondary_somatosensory_cortex,285.3125000000001,57,1,1,1,1.0,57.0,True,unassessed
605,ARM6_229_L,6,mapped,229.0,CL_Ig,CL_granular_insula,96.34375000000004,37,1,1,1,1.0,37.0,True,unassessed
605,ARM6_229_L,6,zero_unassigned,0.0,,,,30,1,1,1,1.0,30.0,True,unassessed
605,ARM6_729_R,1,mapped,501.0,CR_Frontal,CR_Frontal_Lobe,6154.890625000003,57,1,5,5,0.2,11.4,True,unassessed
605,ARM6_729_R,1,mapped,590.0,CR_Parietal,CR_Parietal_Lobe,3774.453125000002,44,5,5,5,1.0,8.8,True,unassessed
605,ARM6_729_R,1,mapped,638.0,CR_Temporal,CR_Temporal_Lobe,4285.390625000002,289,5,5,5,1.0,57.8,True,unassessed
605,ARM6_729_R,1,zero_unassigned,0.0,,,,46,4,5,5,0.8,9.2,True,unassessed
605,ARM6_729_R,2,mapped,577.0,CR_motor,CR_motor_cortex,2542.000000000001,57,1,5,5,0.2,11.4,True,unassessed
605,ARM6_729_R,2,mapped,591.0,CR_SI/SII,CR_somatosensory_cortex,1186.0000000000005,34,3,5,5,0.6,6.8,True,unassessed
605,ARM6_729_R,2,mapped,612.0,CR_IPL,CR_inferior_parietal_lobule,1044.0156250000005,10,3,5,5,0.6,2.0,True,unassessed
605,ARM6_729_R,2,mapped,693.0,CR_STG/STSd,CR_superior_temporal_region,854.1250000000003,6,2,5,5,0.4,1.2,True,unassessed
605,ARM6_729_R,2,mapped,704.0,CR_core/belt,CR_core_and_belt_areas_of_auditory_cortex,504.1406250000002,2,1,5,5,0.2,0.4,True,unassessed
605,ARM6_729_R,2,mapped,724.0,CR_floor_of_ls,CR_floor_of_the_lateral_sulcus,303.2968750000001,281,5,5,5,1.0,56.2,True,unassessed
605,ARM6_729_R,2,zero_unassigned,0.0,,,,46,4,5,5,0.8,9.2,True,unassessed
605,ARM6_729_R,3,mapped,578.0,CR_M1/PM,CR_lateral_motor_cortex,2230.484375000001,57,1,5,5,0.2,11.4,True,unassessed
605,ARM6_729_R,3,mapped,592.0,CR_SI,CR_primary_somatosensory_cortex,900.6875000000005,9,1,5,5,0.2,1.8,True,unassessed
605,ARM6_729_R,3,mapped,595.0,CR_SII,CR_secondary_somatosensory_cortex,285.3125000000001,25,2,5,5,0.4,5.0,True,unassessed
605,ARM6_729_R,3,mapped,620.0,CR_area_7_in_IPL,CR_area_7_in_the_inferior_parietal_lobule,560.8125000000002,10,3,5,5,0.6,2.0,True,unassessed
605,ARM6_729_R,3,mapped,699.0,CR_STGc,CR_caudal_superior_temporal_gyrus,260.3125000000001,6,2,5,5,0.4,1.2,True,unassessed
605,ARM6_729_R,3,mapped,705.0,CR_belt,CR_belt_areas_of_auditory_cortex,316.8750000000001,2,1,5,5,0.2,0.4,True,unassessed
605,ARM6_729_R,3,mapped,724.0,CR_floor_of_ls,CR_floor_of_the_lateral_sulcus,303.2968750000001,281,5,5,5,1.0,56.2,True,unassessed
605,ARM6_729_R,3,zero_unassigned,0.0,,,,46,4,5,5,0.8,9.2,True,unassessed
605,ARM6_729_R,4,mapped,580.0,CR_PM,CR_premotor_cortex,1468.3593750000007,57,1,5,5,0.2,11.4,True,unassessed
605,ARM6_729_R,4,mapped,592.0,CR_SI,CR_primary_somatosensory_cortex,900.6875000000005,9,1,5,5,0.2,1.8,True,unassessed
605,ARM6_729_R,4,mapped,595.0,CR_SII,CR_secondary_somatosensory_cortex,285.3125000000001,25,2,5,5,0.4,5.0,True,unassessed
605,ARM6_729_R,4,mapped,620.0,CR_area_7_in_IPL,CR_area_7_in_the_inferior_parietal_lobule,560.8125000000002,10,3,5,5,0.6,2.0,True,unassessed
605,ARM6_729_R,4,mapped,699.0,CR_STGc,CR_caudal_superior_temporal_gyrus,260.3125000000001,6,2,5,5,0.4,1.2,True,unassessed
605,ARM6_729_R,4,mapped,713.0,CR_med_belt,CR_medial_belt_areas,127.98437500000006,2,1,5,5,0.2,0.4,True,unassessed
605,ARM6_729_R,4,mapped,725.0,CR_Ins/Pi,CR_insula_and_parainsula,288.1875000000001,280,5,5,5,1.0,56.0,True,unassessed
605,ARM6_729_R,4,mapped,730.0,CR_Ri,CR_retroinsula,15.109375000000007,1,1,5,5,0.2,0.2,True,unassessed
605,ARM6_729_R,4,zero_unassigned,0.0,,,,46,4,5,5,0.8,9.2,True,unassessed
605,ARM6_729_R,5,mapped,581.0,CR_PMd,CR_dorsal_premotor_cortex,767.7500000000003,57,1,5,5,0.2,11.4,True,unassessed
605,ARM6_729_R,5,mapped,594.0,CR_areas_1-2,CR_areas_1-2,655.2968750000003,9,1,5,5,0.2,1.8,True,unassessed
605,ARM6_729_R,5,mapped,595.0,CR_SII,CR_secondary_somatosensory_cortex,285.3125000000001,25,2,5,5,0.4,5.0,True,unassessed
605,ARM6_729_R,5,mapped,624.0,CR_area_7op,CR_parietal_operculum,167.64062500000009,10,3,5,5,0.6,2.0,True,unassessed
605,ARM6_729_R,5,mapped,700.0,CR_Tpt,CR_temporo-parietal_area,97.45312500000004,6,2,5,5,0.4,1.2,True,unassessed
605,ARM6_729_R,5,mapped,714.0,CR_CM,CR_caudomedial_belt_region,60.00000000000003,2,1,5,5,0.2,0.4,True,unassessed
605,ARM6_729_R,5,mapped,727.0,CR_Ins,CR_insula,260.9062500000001,280,5,5,5,1.0,56.0,True,unassessed
605,ARM6_729_R,5,mapped,730.0,CR_Ri,CR_retroinsula,15.109375000000007,1,1,5,5,0.2,0.2,True,unassessed
605,ARM6_729_R,5,zero_unassigned,0.0,,,,46,4,5,5,0.8,9.2,True,unassessed
605,ARM6_729_R,6,mapped,582.0,CR_PMdc,CR_caudal_dorsal_premotor_cortex,687.1875000000003,57,1,5,5,0.2,11.4,True,unassessed
605,ARM6_729_R,6,mapped,594.0,CR_areas_1-2,CR_areas_1-2,655.2968750000003,9,1,5,5,0.2,1.8,True,unassessed
605,ARM6_729_R,6,mapped,595.0,CR_SII,CR_secondary_somatosensory_cortex,285.3125000000001,25,2,5,5,0.4,5.0,True,unassessed
605,ARM6_729_R,6,mapped,624.0,CR_area_7op,CR_parietal_operculum,167.64062500000009,10,3,5,5,0.6,2.0,True,unassessed
605,ARM6_729_R,6,mapped,700.0,CR_Tpt,CR_temporo-parietal_area,97.45312500000004,6,2,5,5,0.4,1.2,True,unassessed
605,ARM6_729_R,6,mapped,714.0,CR_CM,CR_caudomedial_belt_region,60.00000000000003,2,1,5,5,0.2,0.4,True,unassessed
605,ARM6_729_R,6,mapped,729.0,CR_Ig,CR_granular_insula,96.34375000000004,280,5,5,5,1.0,56.0,True,unassessed
605,ARM6_729_R,6,mapped,730.0,CR_Ri,CR_retroinsula,15.109375000000007,1,1,5,5,0.2,0.2,True,unassessed
605,ARM6_729_R,6,zero_unassigned,0.0,,,,46,4,5,5,0.8,9.2,True,unassessed
631,ARM6_228_L,1,mapped,1.0,CL_Frontal,CL_Frontal_Lobe,6154.890625000003,1127,3,3,3,1.0,375.6666666666667,True,unassessed
631,ARM6_228_L,1,mapped,90.0,CL_Parietal,CL_Parietal_Lobe,3774.453125000002,95,2,3,3,0.6666666666666666,31.666666666666668,True,unassessed
631,ARM6_228_L,1,mapped,138.0,CL_Temporal,CL_Temporal_Lobe,4285.390625000002,453,3,3,3,1.0,151.0,True,unassessed
631,ARM6_228_L,1,mapped,1001.0,SL_tel,SL_telencephalon,3805.562500000002,194,3,3,3,1.0,64.66666666666667,True,unassessed
631,ARM6_228_L,1,zero_unassigned,0.0,,,,369,3,3,3,1.0,123.0,True,unassessed
631,ARM6_228_L,2,mapped,16.0,CL_OFC,CL_orbital_frontal_cortex,1344.9218750000007,978,3,3,3,1.0,326.0,True,unassessed
631,ARM6_228_L,2,mapped,50.0,CL_lat_PFC,CL_lateral_prefrontal_cortex,1665.2031250000007,4,1,3,3,0.3333333333333333,1.3333333333333333,True,unassessed
631,ARM6_228_L,2,mapped,77.0,CL_motor,CL_motor_cortex,2542.000000000001,145,2,3,3,0.6666666666666666,48.333333333333336,True,unassessed
631,ARM6_228_L,2,mapped,91.0,CL_SI/SII,CL_somatosensory_cortex,1186.0000000000005,95,2,3,3,0.6666666666666666,31.666666666666668,True,unassessed
631,ARM6_228_L,2,mapped,139.0,CL_MTL,CL_medial_temporal_lobe,423.42187500000017,17,1,3,3,0.3333333333333333,5.666666666666667,True,unassessed
631,ARM6_228_L,2,mapped,165.0,CL_TG,CL_temporal_pole,315.5156250000001,47,1,3,3,0.3333333333333333,15.666666666666666,True,unassessed
631,ARM6_228_L,2,mapped,224.0,CL_floor_of_ls,CL_floor_of_the_lateral_sulcus,303.2968750000001,389,3,3,3,1.0,129.66666666666666,True,unassessed
631,ARM6_228_L,2,mapped,1002.0,SL_LVPal,SL_lateral_and_ventral_pallium,309.6718750000001,34,3,3,3,1.0,11.333333333333334,True,unassessed
631,ARM6_228_L,2,mapped,1024.0,SL_Amy,SL_amygdala,302.0000000000001,104,2,3,3,0.6666666666666666,34.666666666666664,True,unassessed
631,ARM6_228_L,2,mapped,1050.0,SL_BG,SL_basal_ganglia,2261.015625000001,54,2,3,3,0.6666666666666666,18.0,True,unassessed
631,ARM6_228_L,2,mapped,1069.0,SL_DSP,SL_diagonal_subpallium,182.70312500000009,2,1,3,3,0.3333333333333333,0.6666666666666666,True,unassessed
631,ARM6_228_L,2,zero_unassigned,0.0,,,,369,3,3,3,1.0,123.0,True,unassessed
631,ARM6_228_L,3,mapped,25.0,CL_lat_OFC,CL_lateral_orbital_frontal_cortex,708.1406250000003,311,2,3,3,0.6666666666666666,103.66666666666667,True,unassessed
631,ARM6_228_L,3,mapped,37.0,CL_caudal_OFC,CL_caudal_orbital_frontal_cortex,331.17187500000017,667,3,3,3,1.0,222.33333333333334,True,unassessed
631,ARM6_228_L,3,mapped,64.0,CL_vlPFC,CL_ventrolateral_prefrontal_cortex,680.8593750000003,4,1,3,3,0.3333333333333333,1.3333333333333333,True,unassessed
631,ARM6_228_L,3,mapped,78.0,CL_M1/PM,CL_lateral_motor_cortex,2230.484375000001,145,2,3,3,0.6666666666666666,48.333333333333336,True,unassessed
631,ARM6_228_L,3,mapped,92.0,CL_SI,CL_primary_somatosensory_cortex,900.6875000000005,8,1,3,3,0.3333333333333333,2.6666666666666665,True,unassessed
631,ARM6_228_L,3,mapped,95.0,CL_SII,CL_secondary_somatosensory_cortex,285.3125000000001,87,2,3,3,0.6666666666666666,29.0,True,unassessed
631,ARM6_228_L,3,mapped,153.0,CL_Rh,CL_rhinal_cortex,280.2343750000001,17,1,3,3,0.3333333333333333,5.666666666666667,True,unassessed
631,ARM6_228_L,3,mapped,165.0,CL_TG,CL_temporal_pole,315.5156250000001,47,1,3,3,0.3333333333333333,15.666666666666666,True,unassessed
631,ARM6_228_L,3,mapped,224.0,CL_floor_of_ls,CL_floor_of_the_lateral_sulcus,303.2968750000001,389,3,3,3,1.0,129.66666666666666,True,unassessed
631,ARM6_228_L,3,mapped,1003.0,SL_LPal,SL_lateral_pallium,255.1562500000001,2,2,3,3,0.6666666666666666,0.6666666666666666,True,unassessed
631,ARM6_228_L,3,mapped,1005.0,SL_VPal,SL_ventral_pallium,54.51562500000002,32,2,3,3,0.6666666666666666,10.666666666666666,True,unassessed
631,ARM6_228_L,3,mapped,1025.0,SL_pAmy,SL_pallial_amygdala,217.79687500000009,86,2,3,3,0.6666666666666666,28.666666666666668,True,unassessed
631,ARM6_228_L,3,mapped,1040.0,SL_spAmy,SL_subpallial_amygdala,84.20312500000004,18,1,3,3,0.3333333333333333,6.0,True,unassessed
631,ARM6_228_L,3,mapped,1051.0,SL_Str,SL_striatum,1922.421875000001,54,2,3,3,0.6666666666666666,18.0,True,unassessed
631,ARM6_228_L,3,mapped,1069.0,SL_DSP,SL_diagonal_subpallium,182.70312500000009,2,1,3,3,0.3333333333333333,0.6666666666666666,True,unassessed
631,ARM6_228_L,3,zero_unassigned,0.0,,,,369,3,3,3,1.0,123.0,True,unassessed
631,ARM6_228_L,4,mapped,26.0,CL_areas_11/13,CL_areas_11_and_13,557.4062500000002,289,1,3,3,0.3333333333333333,96.33333333333333,True,unassessed
631,ARM6_228_L,4,mapped,34.0,CL_area_12m/o,CL_medial_and_orbital_area_12,150.73437500000006,22,2,3,3,0.6666666666666666,7.333333333333333,True,unassessed
631,ARM6_228_L,4,mapped,38.0,CL_OFa-p,CL_agranular_orbitofrontal_cortex,169.45312500000009,111,3,3,3,1.0,37.0,True,unassessed
631,ARM6_228_L,4,mapped,47.0,CL_cl_OFC,CL_caudolateral_orbitofrontal_cortex,136.07812500000006,556,3,3,3,1.0,185.33333333333334,True,unassessed
631,ARM6_228_L,4,mapped,65.0,CL_rostral_vlPFC,CL_rostral_ventrolateral_prefrontal_cortex,465.9531250000002,4,1,3,3,0.3333333333333333,1.3333333333333333,True,unassessed
631,ARM6_228_L,4,mapped,80.0,CL_PM,CL_premotor_cortex,1468.3593750000007,145,2,3,3,0.6666666666666666,48.333333333333336,True,unassessed
631,ARM6_228_L,4,mapped,92.0,CL_SI,CL_primary_somatosensory_cortex,900.6875000000005,8,1,3,3,0.3333333333333333,2.6666666666666665,True,unassessed
631,ARM6_228_L,4,mapped,95.0,CL_SII,CL_secondary_somatosensory_cortex,285.3125000000001,87,2,3,3,0.6666666666666666,29.0,True,unassessed
631,ARM6_228_L,4,mapped,154.0,CL_ERh,CL_entorhinal_cortex,130.48437500000006,16,1,3,3,0.3333333333333333,5.333333333333333,True,unassessed
631,ARM6_228_L,4,mapped,160.0,CL_PRh,CL_perirhinal_cortex,149.75000000000006,1,1,3,3,0.3333333333333333,0.3333333333333333,True,unassessed
631,ARM6_228_L,4,mapped,166.0,CL_TGa,CL_agranular_temporal_pole,76.29687500000003,23,1,3,3,0.3333333333333333,7.666666666666667,True,unassessed
631,ARM6_228_L,4,mapped,167.0,CL_TGg/TGd,CL_granular_and_dysgranular_temporal_pole,239.2187500000001,24,1,3,3,0.3333333333333333,8.0,True,unassessed
631,ARM6_228_L,4,mapped,225.0,CL_Ins/Pi,CL_insula_and_parainsula,288.1875000000001,389,3,3,3,1.0,129.66666666666666,True,unassessed
631,ARM6_228_L,4,mapped,1004.0,SL_Cl,SL_claustrum,255.1562500000001,2,2,3,3,0.6666666666666666,0.6666666666666666,True,unassessed
631,ARM6_228_L,4,mapped,1006.0,SL_En,SL_endopiriform_claustrum,23.71875000000001,4,1,3,3,0.3333333333333333,1.3333333333333333,True,unassessed
631,ARM6_228_L,4,mapped,1009.0,SL_Pir,SL_piriform_cortex,30.796875000000014,28,2,3,3,0.6666666666666666,9.333333333333334,True,unassessed
631,ARM6_228_L,4,mapped,1026.0,SL_vpAmy,SL_ventropallial_amygdala,87.81250000000004,57,2,3,3,0.6666666666666666,19.0,True,unassessed
631,ARM6_228_L,4,mapped,1030.0,SL_lpAmy,SL_lateropallial_amygdala,129.98437500000006,29,2,3,3,0.6666666666666666,9.666666666666666,True,unassessed
631,ARM6_228_L,4,mapped,1043.0,SL_mAmy,SL_medial_amygdala,40.71875000000002,15,1,3,3,0.3333333333333333,5.0,True,unassessed
631,ARM6_228_L,4,mapped,1046.0,SL_pdAmy,SL_pallidal_amygdala,29.640625000000014,3,1,3,3,0.3333333333333333,1.0,True,unassessed
631,ARM6_228_L,4,mapped,1052.0,SL_DStr,SL_dorsal_striatum,1809.218750000001,53,1,3,3,0.3333333333333333,17.666666666666668,True,unassessed
631,ARM6_228_L,4,mapped,1059.0,SL_VStr,SL_ventral_striatum,113.20312500000006,1,1,3,3,0.3333333333333333,0.3333333333333333,True,unassessed
631,ARM6_228_L,4,mapped,1070.0,SL_BR,SL_basal_nucleus_region,38.000000000000014,2,1,3,3,0.3333333333333333,0.6666666666666666,True,unassessed
631,ARM6_228_L,4,zero_unassigned,0.0,,,,369,3,3,3,1.0,123.0,True,unassessed
631,ARM6_228_L,5,mapped,27.0,CL_area_11,CL_area_11,138.23437500000006,82,1,3,3,0.3333333333333333,27.333333333333332,True,unassessed
631,ARM6_228_L,5,mapped,30.0,CL_area_13,CL_area_13,419.17187500000017,207,1,3,3,0.3333333333333333,69.0,True,unassessed
631,ARM6_228_L,5,mapped,34.0,CL_area_12m/o,CL_medial_and_orbital_area_12,150.73437500000006,22,2,3,3,0.6666666666666666,7.333333333333333,True,unassessed
631,ARM6_228_L,5,mapped,40.0,CL_lat_Ia,CL_lateral_agranular_insular_region,145.28125000000006,111,3,3,3,1.0,37.0,True,unassessed
631,ARM6_228_L,5,mapped,48.0,CL_G,CL_gustatory_cortex,40.12500000000002,118,3,3,3,1.0,39.333333333333336,True,unassessed
631,ARM6_228_L,5,mapped,49.0,CL_PrCO,CL_precentral_operular_area,95.95312500000004,438,3,3,3,1.0,146.0,True,unassessed
631,ARM6_228_L,5,mapped,69.0,CL_area_12r/l,CL_rostral_and_lateral_area_12,149.23437500000006,4,1,3,3,0.3333333333333333,1.3333333333333333,True,unassessed
631,ARM6_228_L,5,mapped,84.0,CL_PMv,CL_ventral_premotor_cortex,700.6093750000003,145,2,3,3,0.6666666666666666,48.333333333333336,True,unassessed
631,ARM6_228_L,5,mapped,94.0,CL_areas_1-2,CL_areas_1-2,655.2968750000003,8,1,3,3,0.3333333333333333,2.6666666666666665,True,unassessed
631,ARM6_228_L,5,mapped,95.0,CL_SII,CL_secondary_somatosensory_cortex,285.3125000000001,87,2,3,3,0.6666666666666666,29.0,True,unassessed
631,ARM6_228_L,5,mapped,159.0,CL_rostral_ERh,CL_rostral_entorhinal_cortex,47.82812500000002,16,1,3,3,0.3333333333333333,5.333333333333333,True,unassessed
631,ARM6_228_L,5,mapped,162.0,CL_area_36,CL_area_36,115.15625000000006,1,1,3,3,0.3333333333333333,0.3333333333333333,True,unassessed
631,ARM6_228_L,5,mapped,166.0,CL_TGa,CL_agranular_temporal_pole,76.29687500000003,23,1,3,3,0.3333333333333333,7.666666666666667,True,unassessed
631,ARM6_228_L,5,mapped,168.0,CL_TGd,CL_dysgranular_temporal_pole,91.85937500000004,10,1,3,3,0.3333333333333333,3.3333333333333335,True,unassessed
631,ARM6_228_L,5,mapped,171.0,CL_TGg,CL_granular_temporal_pole,147.35937500000006,14,1,3,3,0.3333333333333333,4.666666666666667,True,unassessed
631,ARM6_228_L,5,mapped,227.0,CL_Ins,CL_insula,260.9062500000001,389,3,3,3,1.0,129.66666666666666,True,unassessed
631,ARM6_228_L,5,mapped,1004.0,SL_Cl,SL_claustrum,255.1562500000001,2,2,3,3,0.6666666666666666,0.6666666666666666,True,unassessed
631,ARM6_228_L,5,mapped,1008.0,SL_VEn,SL_ventral_endopiriform_claustrum,9.515625000000004,4,1,3,3,0.3333333333333333,1.3333333333333333,True,unassessed
631,ARM6_228_L,5,mapped,1009.0,SL_Pir,SL_piriform_cortex,30.796875000000014,28,2,3,3,0.6666666666666666,9.333333333333334,True,unassessed
631,ARM6_228_L,5,mapped,1027.0,SL_BM,SL_basomedial_amygdaloid_nucleus,47.84375000000002,12,2,3,3,0.6666666666666666,4.0,True,unassessed
631,ARM6_228_L,5,mapped,1028.0,SL_VCo,SL_ventral_cortical_amygdaloid_nucleus,22.76562500000001,45,2,3,3,0.6666666666666666,15.0,True,unassessed
631,ARM6_228_L,5,mapped,1031.0,SL_La,SL_lateral_amygdaloid_nucleus,40.82812500000002,20,1,3,3,0.3333333333333333,6.666666666666667,True,unassessed
631,ARM6_228_L,5,mapped,1034.0,SL_APir,SL_amygdalopiriform_transition_area,27.85937500000001,9,2,3,3,0.6666666666666666,3.0,True,unassessed
631,ARM6_228_L,5,mapped,1045.0,SL_AA,SL_anterior_amygdaloid_area,23.73437500000001,15,1,3,3,0.3333333333333333,5.0,True,unassessed
631,ARM6_228_L,5,mapped,1048.0,SL_IPAC,SL_posterior_interstitial_nucleus,4.906250000000002,3,1,3,3,0.3333333333333333,1.0,True,unassessed
631,ARM6_228_L,5,mapped,1056.0,SL_Pu,SL_putamen,895.1093750000003,50,1,3,3,0.3333333333333333,16.666666666666668,True,unassessed
631,ARM6_228_L,5,mapped,1057.0,SL_ASt,SL_amygdalostriatal_transition,33.812500000000014,3,1,3,3,0.3333333333333333,1.0,True,unassessed
631,ARM6_228_L,5,mapped,1060.0,SL_Acb,SL_accumbens,94.96875000000004,1,1,3,3,0.3333333333333333,0.3333333333333333,True,unassessed
631,ARM6_228_L,5,mapped,1070.0,SL_BR,SL_basal_nucleus_region,38.000000000000014,2,1,3,3,0.3333333333333333,0.6666666666666666,True,unassessed
631,ARM6_228_L,5,zero_unassigned,0.0,,,,369,3,3,3,1.0,123.0,True,unassessed
631,ARM6_228_L,6,mapped,29.0,CL_area_11l,CL_lateral_area_11,72.23437500000003,82,1,3,3,0.3333333333333333,27.333333333333332,True,unassessed
631,ARM6_228_L,6,mapped,32.0,CL_area_13m,CL_medial_area_13,174.45312500000009,10,1,3,3,0.3333333333333333,3.3333333333333335,True,unassessed
631,ARM6_228_L,6,mapped,33.0,CL_area_13l,CL_lateral_area_13,120.60937500000006,197,1,3,3,0.3333333333333333,65.66666666666667,True,unassessed
631,ARM6_228_L,6,mapped,35.0,CL_area_12m,CL_medial_area_12,82.07812500000004,8,1,3,3,0.3333333333333333,2.6666666666666665,True,unassessed
631,ARM6_228_L,6,mapped,36.0,CL_area_12o,CL_orbital_area_12,68.65625000000003,14,2,3,3,0.6666666666666666,4.666666666666667,True,unassessed
631,ARM6_228_L,6,mapped,41.0,CL_Iai,CL_intermediate_agranular_insula_area,81.48437500000004,22,1,3,3,0.3333333333333333,7.333333333333333,True,unassessed
631,ARM6_228_L,6,mapped,42.0,CL_Ial,CL_lateral_agranular_insula_area,47.98437500000002,38,3,3,3,1.0,12.666666666666666,True,unassessed
631,ARM6_228_L,6,mapped,43.0,CL_Iapl,CL_posterior_lateral_agranular_insula_area,15.812500000000007,51,3,3,3,1.0,17.0,True,unassessed
631,ARM6_228_L,6,mapped,48.0,CL_G,CL_gustatory_cortex,40.12500000000002,118,3,3,3,1.0,39.333333333333336,True,unassessed
631,ARM6_228_L,6,mapped,49.0,CL_PrCO,CL_precentral_operular_area,95.95312500000004,438,3,3,3,1.0,146.0,True,unassessed
631,ARM6_228_L,6,mapped,70.0,CL_area_12l,CL_lateral_area_12,61.20312500000003,4,1,3,3,0.3333333333333333,1.3333333333333333,True,unassessed
631,ARM6_228_L,6,mapped,86.0,CL_F5,CL_area_F5_of_ventral_premotor_cortex,434.01562500000017,145,2,3,3,0.6666666666666666,48.333333333333336,True,unassessed
631,ARM6_228_L,6,mapped,94.0,CL_areas_1-2,CL_areas_1-2,655.2968750000003,8,1,3,3,0.3333333333333333,2.6666666666666665,True,unassessed
631,ARM6_228_L,6,mapped,95.0,CL_SII,CL_secondary_somatosensory_cortex,285.3125000000001,87,2,3,3,0.6666666666666666,29.0,True,unassessed
631,ARM6_228_L,6,mapped,159.0,CL_rostral_ERh,CL_rostral_entorhinal_cortex,47.82812500000002,16,1,3,3,0.3333333333333333,5.333333333333333,True,unassessed
631,ARM6_228_L,6,mapped,164.0,CL_area_36r/p,CL_rostral_and_polar_area_36,61.18750000000003,1,1,3,3,0.3333333333333333,0.3333333333333333,True,unassessed
631,ARM6_228_L,6,mapped,166.0,CL_TGa,CL_agranular_temporal_pole,76.29687500000003,23,1,3,3,0.3333333333333333,7.666666666666667,True,unassessed
631,ARM6_228_L,6,mapped,170.0,CL_TGvd,CL_ventral_dysgranular_temporal_pole,21.12500000000001,10,1,3,3,0.3333333333333333,3.3333333333333335,True,unassessed
631,ARM6_228_L,6,mapped,173.0,CL_TGvg,CL_ventral_granular_temporal_pole,16.859375000000007,14,1,3,3,0.3333333333333333,4.666666666666667,True,unassessed
631,ARM6_228_L,6,mapped,228.0,CL_Ia/Id,CL_agranular_and_dysgranular_insula,164.56250000000009,389,3,3,3,1.0,129.66666666666666,True,unassessed
631,ARM6_228_L,6,mapped,1004.0,SL_Cl,SL_claustrum,255.1562500000001,2,2,3,3,0.6666666666666666,0.6666666666666666,True,unassessed
631,ARM6_228_L,6,mapped,1008.0,SL_VEn,SL_ventral_endopiriform_claustrum,9.515625000000004,4,1,3,3,0.3333333333333333,1.3333333333333333,True,unassessed
631,ARM6_228_L,6,mapped,1009.0,SL_Pir,SL_piriform_cortex,30.796875000000014,28,2,3,3,0.6666666666666666,9.333333333333334,True,unassessed
631,ARM6_228_L,6,mapped,1027.0,SL_BM,SL_basomedial_amygdaloid_nucleus,47.84375000000002,12,2,3,3,0.6666666666666666,4.0,True,unassessed
631,ARM6_228_L,6,mapped,1028.0,SL_VCo,SL_ventral_cortical_amygdaloid_nucleus,22.76562500000001,45,2,3,3,0.6666666666666666,15.0,True,unassessed
631,ARM6_228_L,6,mapped,1032.0,SL_LaD,SL_lateral_dorsal_amygdaloid_nucleus,22.29687500000001,9,1,3,3,0.3333333333333333,3.0,True,unassessed
631,ARM6_228_L,6,mapped,1033.0,SL_LaV,SL_lateral_ventral_amygdaloid_nucleus,18.531250000000007,11,1,3,3,0.3333333333333333,3.6666666666666665,True,unassessed
631,ARM6_228_L,6,mapped,1034.0,SL_APir,SL_amygdalopiriform_transition_area,27.85937500000001,9,2,3,3,0.6666666666666666,3.0,True,unassessed
631,ARM6_228_L,6,mapped,1045.0,SL_AA,SL_anterior_amygdaloid_area,23.73437500000001,15,1,3,3,0.3333333333333333,5.0,True,unassessed
631,ARM6_228_L,6,mapped,1048.0,SL_IPAC,SL_posterior_interstitial_nucleus,4.906250000000002,3,1,3,3,0.3333333333333333,1.0,True,unassessed
631,ARM6_228_L,6,mapped,1056.0,SL_Pu,SL_putamen,895.1093750000003,50,1,3,3,0.3333333333333333,16.666666666666668,True,unassessed
631,ARM6_228_L,6,mapped,1057.0,SL_ASt,SL_amygdalostriatal_transition,33.812500000000014,3,1,3,3,0.3333333333333333,1.0,True,unassessed
631,ARM6_228_L,6,mapped,1060.0,SL_Acb,SL_accumbens,94.96875000000004,1,1,3,3,0.3333333333333333,0.3333333333333333,True,unassessed
631,ARM6_228_L,6,mapped,1071.0,SL_PeB,SL_peri-basal_region,12.453125000000005,2,1,3,3,0.3333333333333333,0.6666666666666666,True,unassessed
631,ARM6_228_L,6,zero_unassigned,0.0,,,,369,3,3,3,1.0,123.0,True,unassessed
631,ARM6_48_L,1,mapped,1.0,CL_Frontal,CL_Frontal_Lobe,6154.890625000003,2623,7,7,7,1.0,374.7142857142857,True,unassessed
631,ARM6_48_L,1,mapped,90.0,CL_Parietal,CL_Parietal_Lobe,3774.453125000002,338,7,7,7,1.0,48.285714285714285,True,unassessed
631,ARM6_48_L,1,mapped,138.0,CL_Temporal,CL_Temporal_Lobe,4285.390625000002,998,5,7,7,0.7142857142857143,142.57142857142858,True,unassessed
631,ARM6_48_L,1,mapped,501.0,CR_Frontal,CR_Frontal_Lobe,6154.890625000003,201,1,7,7,0.14285714285714285,28.714285714285715,True,unassessed
631,ARM6_48_L,1,mapped,590.0,CR_Parietal,CR_Parietal_Lobe,3774.453125000002,337,1,7,7,0.14285714285714285,48.142857142857146,True,unassessed
631,ARM6_48_L,1,mapped,1001.0,SL_tel,SL_telencephalon,3805.562500000002,894,3,7,7,0.42857142857142855,127.71428571428571,True,unassessed
631,ARM6_48_L,1,zero_unassigned,0.0,,,,753,7,7,7,1.0,107.57142857142857,True,unassessed
631,ARM6_48_L,2,mapped,16.0,CL_OFC,CL_orbital_frontal_cortex,1344.9218750000007,1765,7,7,7,1.0,252.14285714285714,True,unassessed
631,ARM6_48_L,2,mapped,50.0,CL_lat_PFC,CL_lateral_prefrontal_cortex,1665.2031250000007,13,1,7,7,0.14285714285714285,1.8571428571428572,True,unassessed
631,ARM6_48_L,2,mapped,77.0,CL_motor,CL_motor_cortex,2542.000000000001,845,5,7,7,0.7142857142857143,120.71428571428571,True,unassessed
631,ARM6_48_L,2,mapped,91.0,CL_SI/SII,CL_somatosensory_cortex,1186.0000000000005,338,7,7,7,1.0,48.285714285714285,True,unassessed
631,ARM6_48_L,2,mapped,139.0,CL_MTL,CL_medial_temporal_lobe,423.42187500000017,54,1,7,7,0.14285714285714285,7.714285714285714,True,unassessed
631,ARM6_48_L,2,mapped,165.0,CL_TG,CL_temporal_pole,315.5156250000001,26,1,7,7,0.14285714285714285,3.7142857142857144,True,unassessed
631,ARM6_48_L,2,mapped,224.0,CL_floor_of_ls,CL_floor_of_the_lateral_sulcus,303.2968750000001,918,5,7,7,0.7142857142857143,131.14285714285714,True,unassessed
631,ARM6_48_L,2,mapped,516.0,CR_OFC,CR_orbital_frontal_cortex,1344.9218750000007,127,1,7,7,0.14285714285714285,18.142857142857142,True,unassessed
631,ARM6_48_L,2,mapped,577.0,CR_motor,CR_motor_cortex,2542.000000000001,74,1,7,7,0.14285714285714285,10.571428571428571,True,unassessed
631,ARM6_48_L,2,mapped,591.0,CR_SI/SII,CR_somatosensory_cortex,1186.0000000000005,337,1,7,7,0.14285714285714285,48.142857142857146,True,unassessed
631,ARM6_48_L,2,mapped,1002.0,SL_LVPal,SL_lateral_and_ventral_pallium,309.6718750000001,19,1,7,7,0.14285714285714285,2.7142857142857144,True,unassessed
631,ARM6_48_L,2,mapped,1024.0,SL_Amy,SL_amygdala,302.0000000000001,766,3,7,7,0.42857142857142855,109.42857142857143,True,unassessed
631,ARM6_48_L,2,mapped,1050.0,SL_BG,SL_basal_ganglia,2261.015625000001,107,2,7,7,0.2857142857142857,15.285714285714286,True,unassessed
631,ARM6_48_L,2,mapped,1069.0,SL_DSP,SL_diagonal_subpallium,182.70312500000009,2,1,7,7,0.14285714285714285,0.2857142857142857,True,unassessed
631,ARM6_48_L,2,zero_unassigned,0.0,,,,753,7,7,7,1.0,107.57142857142857,True,unassessed
631,ARM6_48_L,3,mapped,25.0,CL_lat_OFC,CL_lateral_orbital_frontal_cortex,708.1406250000003,70,1,7,7,0.14285714285714285,10.0,True,unassessed
631,ARM6_48_L,3,mapped,37.0,CL_caudal_OFC,CL_caudal_orbital_frontal_cortex,331.17187500000017,1695,7,7,7,1.0,242.14285714285714,True,unassessed
631,ARM6_48_L,3,mapped,64.0,CL_vlPFC,CL_ventrolateral_prefrontal_cortex,680.8593750000003,13,1,7,7,0.14285714285714285,1.8571428571428572,True,unassessed
631,ARM6_48_L,3,mapped,78.0,CL_M1/PM,CL_lateral_motor_cortex,2230.484375000001,845,5,7,7,0.7142857142857143,120.71428571428571,True,unassessed
631,ARM6_48_L,3,mapped,92.0,CL_SI,CL_primary_somatosensory_cortex,900.6875000000005,43,3,7,7,0.42857142857142855,6.142857142857143,True,unassessed
631,ARM6_48_L,3,mapped,95.0,CL_SII,CL_secondary_somatosensory_cortex,285.3125000000001,295,7,7,7,1.0,42.142857142857146,True,unassessed
631,ARM6_48_L,3,mapped,153.0,CL_Rh,CL_rhinal_cortex,280.2343750000001,54,1,7,7,0.14285714285714285,7.714285714285714,True,unassessed
631,ARM6_48_L,3,mapped,165.0,CL_TG,CL_temporal_pole,315.5156250000001,26,1,7,7,0.14285714285714285,3.7142857142857144,True,unassessed
631,ARM6_48_L,3,mapped,224.0,CL_floor_of_ls,CL_floor_of_the_lateral_sulcus,303.2968750000001,918,5,7,7,0.7142857142857143,131.14285714285714,True,unassessed
631,ARM6_48_L,3,mapped,537.0,CR_caudal_OFC,CR_caudal_orbital_frontal_cortex,331.17187500000017,127,1,7,7,0.14285714285714285,18.142857142857142,True,unassessed
631,ARM6_48_L,3,mapped,578.0,CR_M1/PM,CR_lateral_motor_cortex,2230.484375000001,74,1,7,7,0.14285714285714285,10.571428571428571,True,unassessed
631,ARM6_48_L,3,mapped,595.0,CR_SII,CR_secondary_somatosensory_cortex,285.3125000000001,337,1,7,7,0.14285714285714285,48.142857142857146,True,unassessed
631,ARM6_48_L,3,mapped,1003.0,SL_LPal,SL_lateral_pallium,255.1562500000001,8,1,7,7,0.14285714285714285,1.1428571428571428,True,unassessed
631,ARM6_48_L,3,mapped,1005.0,SL_VPal,SL_ventral_pallium,54.51562500000002,11,1,7,7,0.14285714285714285,1.5714285714285714,True,unassessed
631,ARM6_48_L,3,mapped,1025.0,SL_pAmy,SL_pallial_amygdala,217.79687500000009,751,2,7,7,0.2857142857142857,107.28571428571429,True,unassessed
631,ARM6_48_L,3,mapped,1040.0,SL_spAmy,SL_subpallial_amygdala,84.20312500000004,15,2,7,7,0.2857142857142857,2.142857142857143,True,unassessed
631,ARM6_48_L,3,mapped,1051.0,SL_Str,SL_striatum,1922.421875000001,69,2,7,7,0.2857142857142857,9.857142857142858,True,unassessed
631,ARM6_48_L,3,mapped,1062.0,SL_Pd,SL_pallidum,338.59375000000017,38,2,7,7,0.2857142857142857,5.428571428571429,True,unassessed
631,ARM6_48_L,3,mapped,1069.0,SL_DSP,SL_diagonal_subpallium,182.70312500000009,2,1,7,7,0.14285714285714285,0.2857142857142857,True,unassessed
631,ARM6_48_L,3,zero_unassigned,0.0,,,,753,7,7,7,1.0,107.57142857142857,True,unassessed
631,ARM6_48_L,4,mapped,26.0,CL_areas_11/13,CL_areas_11_and_13,557.4062500000002,17,1,7,7,0.14285714285714285,2.4285714285714284,True,unassessed
631,ARM6_48_L,4,mapped,34.0,CL_area_12m/o,CL_medial_and_orbital_area_12,150.73437500000006,53,1,7,7,0.14285714285714285,7.571428571428571,True,unassessed
631,ARM6_48_L,4,mapped,38.0,CL_OFa-p,CL_agranular_orbitofrontal_cortex,169.45312500000009,229,6,7,7,0.8571428571428571,32.714285714285715,True,unassessed
631,ARM6_48_L,4,mapped,47.0,CL_cl_OFC,CL_caudolateral_orbitofrontal_cortex,136.07812500000006,1466,7,7,7,1.0,209.42857142857142,True,unassessed
631,ARM6_48_L,4,mapped,65.0,CL_rostral_vlPFC,CL_rostral_ventrolateral_prefrontal_cortex,465.9531250000002,13,1,7,7,0.14285714285714285,1.8571428571428572,True,unassessed
631,ARM6_48_L,4,mapped,80.0,CL_PM,CL_premotor_cortex,1468.3593750000007,845,5,7,7,0.7142857142857143,120.71428571428571,True,unassessed
631,ARM6_48_L,4,mapped,92.0,CL_SI,CL_primary_somatosensory_cortex,900.6875000000005,43,3,7,7,0.42857142857142855,6.142857142857143,True,unassessed
631,ARM6_48_L,4,mapped,95.0,CL_SII,CL_secondary_somatosensory_cortex,285.3125000000001,295,7,7,7,1.0,42.142857142857146,True,unassessed
631,ARM6_48_L,4,mapped,154.0,CL_ERh,CL_entorhinal_cortex,130.48437500000006,54,1,7,7,0.14285714285714285,7.714285714285714,True,unassessed
631,ARM6_48_L,4,mapped,166.0,CL_TGa,CL_agranular_temporal_pole,76.29687500000003,26,1,7,7,0.14285714285714285,3.7142857142857144,True,unassessed
631,ARM6_48_L,4,mapped,225.0,CL_Ins/Pi,CL_insula_and_parainsula,288.1875000000001,918,5,7,7,0.7142857142857143,131.14285714285714,True,unassessed
631,ARM6_48_L,4,mapped,547.0,CR_cl_OFC,CR_caudolateral_orbitofrontal_cortex,136.07812500000006,127,1,7,7,0.14285714285714285,18.142857142857142,True,unassessed
631,ARM6_48_L,4,mapped,580.0,CR_PM,CR_premotor_cortex,1468.3593750000007,74,1,7,7,0.14285714285714285,10.571428571428571,True,unassessed
631,ARM6_48_L,4,mapped,595.0,CR_SII,CR_secondary_somatosensory_cortex,285.3125000000001,337,1,7,7,0.14285714285714285,48.142857142857146,True,unassessed
631,ARM6_48_L,4,mapped,1004.0,SL_Cl,SL_claustrum,255.1562500000001,8,1,7,7,0.14285714285714285,1.1428571428571428,True,unassessed
631,ARM6_48_L,4,mapped,1006.0,SL_En,SL_endopiriform_claustrum,23.71875000000001,8,1,7,7,0.14285714285714285,1.1428571428571428,True,unassessed
631,ARM6_48_L,4,mapped,1009.0,SL_Pir,SL_piriform_cortex,30.796875000000014,3,1,7,7,0.14285714285714285,0.42857142857142855,True,unassessed
631,ARM6_48_L,4,mapped,1026.0,SL_vpAmy,SL_ventropallial_amygdala,87.81250000000004,40,2,7,7,0.2857142857142857,5.714285714285714,True,unassessed
631,ARM6_48_L,4,mapped,1030.0,SL_lpAmy,SL_lateropallial_amygdala,129.98437500000006,711,2,7,7,0.2857142857142857,101.57142857142857,True,unassessed
631,ARM6_48_L,4,mapped,1043.0,SL_mAmy,SL_medial_amygdala,40.71875000000002,15,2,7,7,0.2857142857142857,2.142857142857143,True,unassessed
631,ARM6_48_L,4,mapped,1052.0,SL_DStr,SL_dorsal_striatum,1809.218750000001,66,2,7,7,0.2857142857142857,9.428571428571429,True,unassessed
631,ARM6_48_L,4,mapped,1059.0,SL_VStr,SL_ventral_striatum,113.20312500000006,3,1,7,7,0.14285714285714285,0.42857142857142855,True,unassessed
631,ARM6_48_L,4,mapped,1062.0,SL_Pd,SL_pallidum,338.59375000000017,38,2,7,7,0.2857142857142857,5.428571428571429,True,unassessed
631,ARM6_48_L,4,mapped,1070.0,SL_BR,SL_basal_nucleus_region,38.000000000000014,2,1,7,7,0.14285714285714285,0.2857142857142857,True,unassessed
631,ARM6_48_L,4,zero_unassigned,0.0,,,,753,7,7,7,1.0,107.57142857142857,True,unassessed
631,ARM6_48_L,5,mapped,27.0,CL_area_11,CL_area_11,138.23437500000006,6,1,7,7,0.14285714285714285,0.8571428571428571,True,unassessed
631,ARM6_48_L,5,mapped,30.0,CL_area_13,CL_area_13,419.17187500000017,11,1,7,7,0.14285714285714285,1.5714285714285714,True,unassessed
631,ARM6_48_L,5,mapped,34.0,CL_area_12m/o,CL_medial_and_orbital_area_12,150.73437500000006,53,1,7,7,0.14285714285714285,7.571428571428571,True,unassessed
631,ARM6_48_L,5,mapped,40.0,CL_lat_Ia,CL_lateral_agranular_insular_region,145.28125000000006,229,6,7,7,0.8571428571428571,32.714285714285715,True,unassessed
631,ARM6_48_L,5,mapped,48.0,CL_G,CL_gustatory_cortex,40.12500000000002,926,7,7,7,1.0,132.28571428571428,True,unassessed
631,ARM6_48_L,5,mapped,49.0,CL_PrCO,CL_precentral_operular_area,95.95312500000004,540,4,7,7,0.5714285714285714,77.14285714285714,True,unassessed
631,ARM6_48_L,5,mapped,69.0,CL_area_12r/l,CL_rostral_and_lateral_area_12,149.23437500000006,13,1,7,7,0.14285714285714285,1.8571428571428572,True,unassessed
631,ARM6_48_L,5,mapped,84.0,CL_PMv,CL_ventral_premotor_cortex,700.6093750000003,845,5,7,7,0.7142857142857143,120.71428571428571,True,unassessed
631,ARM6_48_L,5,mapped,94.0,CL_areas_1-2,CL_areas_1-2,655.2968750000003,43,3,7,7,0.42857142857142855,6.142857142857143,True,unassessed
631,ARM6_48_L,5,mapped,95.0,CL_SII,CL_secondary_somatosensory_cortex,285.3125000000001,295,7,7,7,1.0,42.142857142857146,True,unassessed
631,ARM6_48_L,5,mapped,159.0,CL_rostral_ERh,CL_rostral_entorhinal_cortex,47.82812500000002,54,1,7,7,0.14285714285714285,7.714285714285714,True,unassessed
631,ARM6_48_L,5,mapped,166.0,CL_TGa,CL_agranular_temporal_pole,76.29687500000003,26,1,7,7,0.14285714285714285,3.7142857142857144,True,unassessed
631,ARM6_48_L,5,mapped,227.0,CL_Ins,CL_insula,260.9062500000001,918,5,7,7,0.7142857142857143,131.14285714285714,True,unassessed
631,ARM6_48_L,5,mapped,548.0,CR_G,CR_gustatory_cortex,40.12500000000002,127,1,7,7,0.14285714285714285,18.142857142857142,True,unassessed
631,ARM6_48_L,5,mapped,584.0,CR_PMv,CR_ventral_premotor_cortex,700.6093750000003,74,1,7,7,0.14285714285714285,10.571428571428571,True,unassessed
631,ARM6_48_L,5,mapped,595.0,CR_SII,CR_secondary_somatosensory_cortex,285.3125000000001,337,1,7,7,0.14285714285714285,48.142857142857146,True,unassessed
631,ARM6_48_L,5,mapped,1004.0,SL_Cl,SL_claustrum,255.1562500000001,8,1,7,7,0.14285714285714285,1.1428571428571428,True,unassessed
631,ARM6_48_L,5,mapped,1008.0,SL_VEn,SL_ventral_endopiriform_claustrum,9.515625000000004,8,1,7,7,0.14285714285714285,1.1428571428571428,True,unassessed
631,ARM6_48_L,5,mapped,1009.0,SL_Pir,SL_piriform_cortex,30.796875000000014,3,1,7,7,0.14285714285714285,0.42857142857142855,True,unassessed
631,ARM6_48_L,5,mapped,1027.0,SL_BM,SL_basomedial_amygdaloid_nucleus,47.84375000000002,14,2,7,7,0.2857142857142857,2.0,True,unassessed
631,ARM6_48_L,5,mapped,1028.0,SL_VCo,SL_ventral_cortical_amygdaloid_nucleus,22.76562500000001,26,1,7,7,0.14285714285714285,3.7142857142857144,True,unassessed
631,ARM6_48_L,5,mapped,1031.0,SL_La,SL_lateral_amygdaloid_nucleus,40.82812500000002,642,2,7,7,0.2857142857142857,91.71428571428571,True,unassessed
631,ARM6_48_L,5,mapped,1034.0,SL_APir,SL_amygdalopiriform_transition_area,27.85937500000001,9,2,7,7,0.2857142857142857,1.2857142857142858,True,unassessed
631,ARM6_48_L,5,mapped,1035.0,SL_BL,SL_basolateral_amygdaloid_nucleus,47.54687500000002,52,2,7,7,0.2857142857142857,7.428571428571429,True,unassessed
631,ARM6_48_L,5,mapped,1039.0,SL_PaL,SL_paralaminar_amygdaloid_nucleus,13.750000000000005,8,1,7,7,0.14285714285714285,1.1428571428571428,True,unassessed
631,ARM6_48_L,5,mapped,1045.0,SL_AA,SL_anterior_amygdaloid_area,23.73437500000001,15,2,7,7,0.2857142857142857,2.142857142857143,True,unassessed
631,ARM6_48_L,5,mapped,1056.0,SL_Pu,SL_putamen,895.1093750000003,50,2,7,7,0.2857142857142857,7.142857142857143,True,unassessed
631,ARM6_48_L,5,mapped,1057.0,SL_ASt,SL_amygdalostriatal_transition,33.812500000000014,15,2,7,7,0.2857142857142857,2.142857142857143,True,unassessed
631,ARM6_48_L,5,mapped,1058.0,SL_ic,SL_internal_capsule,230.7343750000001,1,1,7,7,0.14285714285714285,0.14285714285714285,True,unassessed
631,ARM6_48_L,5,mapped,1060.0,SL_Acb,SL_accumbens,94.96875000000004,3,1,7,7,0.14285714285714285,0.42857142857142855,True,unassessed
631,ARM6_48_L,5,mapped,1063.0,SL_GP,SL_globus_pallidus,239.7656250000001,11,1,7,7,0.14285714285714285,1.5714285714285714,True,unassessed
631,ARM6_48_L,5,mapped,1067.0,SL_ac,SL_anterior_commissure,77.82812500000003,24,2,7,7,0.2857142857142857,3.4285714285714284,True,unassessed
631,ARM6_48_L,5,mapped,1068.0,SL_VP,SL_ventral_pallidum,21.00000000000001,3,1,7,7,0.14285714285714285,0.42857142857142855,True,unassessed
631,ARM6_48_L,5,mapped,1070.0,SL_BR,SL_basal_nucleus_region,38.000000000000014,2,1,7,7,0.14285714285714285,0.2857142857142857,True,unassessed
631,ARM6_48_L,5,zero_unassigned,0.0,,,,753,7,7,7,1.0,107.57142857142857,True,unassessed
631,ARM6_48_L,6,mapped,29.0,CL_area_11l,CL_lateral_area_11,72.23437500000003,6,1,7,7,0.14285714285714285,0.8571428571428571,True,unassessed
631,ARM6_48_L,6,mapped,32.0,CL_area_13m,CL_medial_area_13,174.45312500000009,6,1,7,7,0.14285714285714285,0.8571428571428571,True,unassessed
631,ARM6_48_L,6,mapped,33.0,CL_area_13l,CL_lateral_area_13,120.60937500000006,5,1,7,7,0.14285714285714285,0.7142857142857143,True,unassessed
631,ARM6_48_L,6,mapped,35.0,CL_area_12m,CL_medial_area_12,82.07812500000004,52,1,7,7,0.14285714285714285,7.428571428571429,True,unassessed
631,ARM6_48_L,6,mapped,36.0,CL_area_12o,CL_orbital_area_12,68.65625000000003,1,1,7,7,0.14285714285714285,0.14285714285714285,True,unassessed
631,ARM6_48_L,6,mapped,41.0,CL_Iai,CL_intermediate_agranular_insula_area,81.48437500000004,1,1,7,7,0.14285714285714285,0.14285714285714285,True,unassessed
631,ARM6_48_L,6,mapped,42.0,CL_Ial,CL_lateral_agranular_insula_area,47.98437500000002,136,5,7,7,0.7142857142857143,19.428571428571427,True,unassessed
631,ARM6_48_L,6,mapped,43.0,CL_Iapl,CL_posterior_lateral_agranular_insula_area,15.812500000000007,92,5,7,7,0.7142857142857143,13.142857142857142,True,unassessed
631,ARM6_48_L,6,mapped,48.0,CL_G,CL_gustatory_cortex,40.12500000000002,926,7,7,7,1.0,132.28571428571428,True,unassessed
631,ARM6_48_L,6,mapped,49.0,CL_PrCO,CL_precentral_operular_area,95.95312500000004,540,4,7,7,0.5714285714285714,77.14285714285714,True,unassessed
631,ARM6_48_L,6,mapped,70.0,CL_area_12l,CL_lateral_area_12,61.20312500000003,13,1,7,7,0.14285714285714285,1.8571428571428572,True,unassessed
631,ARM6_48_L,6,mapped,85.0,CL_F4,CL_area_F4_of_ventral_premotor_cortex,266.5937500000001,173,3,7,7,0.42857142857142855,24.714285714285715,True,unassessed
631,ARM6_48_L,6,mapped,86.0,CL_F5,CL_area_F5_of_ventral_premotor_cortex,434.01562500000017,672,5,7,7,0.7142857142857143,96.0,True,unassessed
631,ARM6_48_L,6,mapped,94.0,CL_areas_1-2,CL_areas_1-2,655.2968750000003,43,3,7,7,0.42857142857142855,6.142857142857143,True,unassessed
631,ARM6_48_L,6,mapped,95.0,CL_SII,CL_secondary_somatosensory_cortex,285.3125000000001,295,7,7,7,1.0,42.142857142857146,True,unassessed
631,ARM6_48_L,6,mapped,159.0,CL_rostral_ERh,CL_rostral_entorhinal_cortex,47.82812500000002,54,1,7,7,0.14285714285714285,7.714285714285714,True,unassessed
631,ARM6_48_L,6,mapped,166.0,CL_TGa,CL_agranular_temporal_pole,76.29687500000003,26,1,7,7,0.14285714285714285,3.7142857142857144,True,unassessed
631,ARM6_48_L,6,mapped,228.0,CL_Ia/Id,CL_agranular_and_dysgranular_insula,164.56250000000009,918,5,7,7,0.7142857142857143,131.14285714285714,True,unassessed
631,ARM6_48_L,6,mapped,548.0,CR_G,CR_gustatory_cortex,40.12500000000002,127,1,7,7,0.14285714285714285,18.142857142857142,True,unassessed
631,ARM6_48_L,6,mapped,586.0,CR_F5,CR_area_F5_of_ventral_premotor_cortex,434.01562500000017,74,1,7,7,0.14285714285714285,10.571428571428571,True,unassessed
631,ARM6_48_L,6,mapped,595.0,CR_SII,CR_secondary_somatosensory_cortex,285.3125000000001,337,1,7,7,0.14285714285714285,48.142857142857146,True,unassessed
631,ARM6_48_L,6,mapped,1004.0,SL_Cl,SL_claustrum,255.1562500000001,8,1,7,7,0.14285714285714285,1.1428571428571428,True,unassessed
631,ARM6_48_L,6,mapped,1008.0,SL_VEn,SL_ventral_endopiriform_claustrum,9.515625000000004,8,1,7,7,0.14285714285714285,1.1428571428571428,True,unassessed
631,ARM6_48_L,6,mapped,1009.0,SL_Pir,SL_piriform_cortex,30.796875000000014,3,1,7,7,0.14285714285714285,0.42857142857142855,True,unassessed
631,ARM6_48_L,6,mapped,1027.0,SL_BM,SL_basomedial_amygdaloid_nucleus,47.84375000000002,14,2,7,7,0.2857142857142857,2.0,True,unassessed
631,ARM6_48_L,6,mapped,1028.0,SL_VCo,SL_ventral_cortical_amygdaloid_nucleus,22.76562500000001,26,1,7,7,0.14285714285714285,3.7142857142857144,True,unassessed
631,ARM6_48_L,6,mapped,1032.0,SL_LaD,SL_lateral_dorsal_amygdaloid_nucleus,22.29687500000001,637,2,7,7,0.2857142857142857,91.0,True,unassessed
631,ARM6_48_L,6,mapped,1033.0,SL_LaV,SL_lateral_ventral_amygdaloid_nucleus,18.531250000000007,5,2,7,7,0.2857142857142857,0.7142857142857143,True,unassessed
631,ARM6_48_L,6,mapped,1034.0,SL_APir,SL_amygdalopiriform_transition_area,27.85937500000001,9,2,7,7,0.2857142857142857,1.2857142857142858,True,unassessed
631,ARM6_48_L,6,mapped,1036.0,SL_BLD,SL_basolateral_dorsal_amygdaloid_nucleus,14.546875000000007,22,2,7,7,0.2857142857142857,3.142857142857143,True,unassessed
631,ARM6_48_L,6,mapped,1037.0,SL_BLI,SL_basolateral_intermediate_amygdaloid_nucleus,13.343750000000005,8,2,7,7,0.2857142857142857,1.1428571428571428,True,unassessed
631,ARM6_48_L,6,mapped,1038.0,SL_BLV,SL_basolateral_ventral_amygdaloid_nucleus,19.656250000000007,22,1,7,7,0.14285714285714285,3.142857142857143,True,unassessed
631,ARM6_48_L,6,mapped,1039.0,SL_PaL,SL_paralaminar_amygdaloid_nucleus,13.750000000000005,8,1,7,7,0.14285714285714285,1.1428571428571428,True,unassessed
631,ARM6_48_L,6,mapped,1045.0,SL_AA,SL_anterior_amygdaloid_area,23.73437500000001,15,2,7,7,0.2857142857142857,2.142857142857143,True,unassessed
631,ARM6_48_L,6,mapped,1056.0,SL_Pu,SL_putamen,895.1093750000003,50,2,7,7,0.2857142857142857,7.142857142857143,True,unassessed
631,ARM6_48_L,6,mapped,1057.0,SL_ASt,SL_amygdalostriatal_transition,33.812500000000014,15,2,7,7,0.2857142857142857,2.142857142857143,True,unassessed
631,ARM6_48_L,6,mapped,1058.0,SL_ic,SL_internal_capsule,230.7343750000001,1,1,7,7,0.14285714285714285,0.14285714285714285,True,unassessed
631,ARM6_48_L,6,mapped,1060.0,SL_Acb,SL_accumbens,94.96875000000004,3,1,7,7,0.14285714285714285,0.42857142857142855,True,unassessed
631,ARM6_48_L,6,mapped,1064.0,SL_EGP,SL_external_globus_pallidus,150.71875000000006,11,1,7,7,0.14285714285714285,1.5714285714285714,True,unassessed
631,ARM6_48_L,6,mapped,1067.0,SL_ac,SL_anterior_commissure,77.82812500000003,24,2,7,7,0.2857142857142857,3.4285714285714284,True,unassessed
631,ARM6_48_L,6,mapped,1068.0,SL_VP,SL_ventral_pallidum,21.00000000000001,3,1,7,7,0.14285714285714285,0.42857142857142855,True,unassessed
631,ARM6_48_L,6,mapped,1072.0,SL_B,SL_basal_nucleus,25.54687500000001,2,1,7,7,0.14285714285714285,0.2857142857142857,True,unassessed
631,ARM6_48_L,6,zero_unassigned,0.0,,,,753,7,7,7,1.0,107.57142857142857,True,unassessed
631,ARM6_548_R,1,mapped,1.0,CL_Frontal,CL_Frontal_Lobe,6154.890625000003,320,1,5,5,0.2,64.0,True,unassessed
631,ARM6_548_R,1,mapped,90.0,CL_Parietal,CL_Parietal_Lobe,3774.453125000002,2,1,5,5,0.2,0.4,True,unassessed
631,ARM6_548_R,1,mapped,138.0,CL_Temporal,CL_Temporal_Lobe,4285.390625000002,1,1,5,5,0.2,0.2,True,unassessed
631,ARM6_548_R,1,mapped,501.0,CR_Frontal,CR_Frontal_Lobe,6154.890625000003,751,5,5,5,1.0,150.2,True,unassessed
631,ARM6_548_R,1,mapped,590.0,CR_Parietal,CR_Parietal_Lobe,3774.453125000002,27,3,5,5,0.6,5.4,True,unassessed
631,ARM6_548_R,1,mapped,638.0,CR_Temporal,CR_Temporal_Lobe,4285.390625000002,30,3,5,5,0.6,6.0,True,unassessed
631,ARM6_548_R,1,mapped,1501.0,SR_tel,SR_telencephalon,3805.562500000002,244,4,5,5,0.8,48.8,True,unassessed
631,ARM6_548_R,1,mapped,1582.0,SR_di,SR_diencephalon,1285.0937500000007,149,3,5,5,0.6,29.8,True,unassessed
631,ARM6_548_R,1,mapped,1669.0,SR_mes,SR_mesencephalon,635.8437500000002,2,1,5,5,0.2,0.4,True,unassessed
631,ARM6_548_R,1,mapped,1711.0,SR_met,SR_metencephalon,4219.281250000002,18,1,5,5,0.2,3.6,True,unassessed
631,ARM6_548_R,1,mapped,1786.0,SR_myel,SR_myelencephalon,472.2343750000002,140,1,5,5,0.2,28.0,True,unassessed
631,ARM6_548_R,1,zero_unassigned,0.0,,,,216,5,5,5,1.0,43.2,True,unassessed
631,ARM6_548_R,2,mapped,16.0,CL_OFC,CL_orbital_frontal_cortex,1344.9218750000007,320,1,5,5,0.2,64.0,True,unassessed
631,ARM6_548_R,2,mapped,91.0,CL_SI/SII,CL_somatosensory_cortex,1186.0000000000005,2,1,5,5,0.2,0.4,True,unassessed
631,ARM6_548_R,2,mapped,224.0,CL_floor_of_ls,CL_floor_of_the_lateral_sulcus,303.2968750000001,1,1,5,5,0.2,0.2,True,unassessed
631,ARM6_548_R,2,mapped,516.0,CR_OFC,CR_orbital_frontal_cortex,1344.9218750000007,701,5,5,5,1.0,140.2,True,unassessed
631,ARM6_548_R,2,mapped,577.0,CR_motor,CR_motor_cortex,2542.000000000001,50,2,5,5,0.4,10.0,True,unassessed
631,ARM6_548_R,2,mapped,591.0,CR_SI/SII,CR_somatosensory_cortex,1186.0000000000005,27,3,5,5,0.6,5.4,True,unassessed
631,ARM6_548_R,2,mapped,724.0,CR_floor_of_ls,CR_floor_of_the_lateral_sulcus,303.2968750000001,30,3,5,5,0.6,6.0,True,unassessed
631,ARM6_548_R,2,mapped,1502.0,SR_LVPal,SR_lateral_and_ventral_pallium,309.6718750000001,2,2,5,5,0.4,0.4,True,unassessed
631,ARM6_548_R,2,mapped,1524.0,SR_Amy,SR_amygdala,302.0000000000001,5,1,5,5,0.2,1.0,True,unassessed
631,ARM6_548_R,2,mapped,1550.0,SR_BG,SR_basal_ganglia,2261.015625000001,235,2,5,5,0.4,47.0,True,unassessed
631,ARM6_548_R,2,mapped,1569.0,SR_DSP,SR_diagonal_subpallium,182.70312500000009,2,1,5,5,0.2,0.4,True,unassessed
631,ARM6_548_R,2,mapped,1611.0,SR_PreThal,SR_prethalamus,37.375000000000014,3,1,5,5,0.2,0.6,True,unassessed
631,ARM6_548_R,2,mapped,1613.0,SR_Thal,SR_thalamus,970.0312500000005,146,3,5,5,0.6,29.2,True,unassessed
631,ARM6_548_R,2,mapped,1670.0,SR_Mid,SR_midbrain,635.8437500000002,2,1,5,5,0.2,0.4,True,unassessed
631,ARM6_548_R,2,mapped,1712.0,SR_Pons,SR_pons,782.1093750000003,18,1,5,5,0.2,3.6,True,unassessed
631,ARM6_548_R,2,mapped,1787.0,SR_Med,SR_medulla,472.2343750000002,140,1,5,5,0.2,28.0,True,unassessed
631,ARM6_548_R,2,zero_unassigned,0.0,,,,216,5,5,5,1.0,43.2,True,unassessed
631,ARM6_548_R,3,mapped,37.0,CL_caudal_OFC,CL_caudal_orbital_frontal_cortex,331.17187500000017,320,1,5,5,0.2,64.0,True,unassessed
631,ARM6_548_R,3,mapped,95.0,CL_SII,CL_secondary_somatosensory_cortex,285.3125000000001,2,1,5,5,0.2,0.4,True,unassessed
631,ARM6_548_R,3,mapped,224.0,CL_floor_of_ls,CL_floor_of_the_lateral_sulcus,303.2968750000001,1,1,5,5,0.2,0.2,True,unassessed
631,ARM6_548_R,3,mapped,525.0,CR_lat_OFC,CR_lateral_orbital_frontal_cortex,708.1406250000003,5,1,5,5,0.2,1.0,True,unassessed
631,ARM6_548_R,3,mapped,537.0,CR_caudal_OFC,CR_caudal_orbital_frontal_cortex,331.17187500000017,696,5,5,5,1.0,139.2,True,unassessed
631,ARM6_548_R,3,mapped,578.0,CR_M1/PM,CR_lateral_motor_cortex,2230.484375000001,50,2,5,5,0.4,10.0,True,unassessed
631,ARM6_548_R,3,mapped,595.0,CR_SII,CR_secondary_somatosensory_cortex,285.3125000000001,27,3,5,5,0.6,5.4,True,unassessed
631,ARM6_548_R,3,mapped,724.0,CR_floor_of_ls,CR_floor_of_the_lateral_sulcus,303.2968750000001,30,3,5,5,0.6,6.0,True,unassessed
631,ARM6_548_R,3,mapped,1503.0,SR_LPal,SR_lateral_pallium,255.1562500000001,2,2,5,5,0.4,0.4,True,unassessed
631,ARM6_548_R,3,mapped,1540.0,SR_spAmy,SR_subpallial_amygdala,84.20312500000004,5,1,5,5,0.2,1.0,True,unassessed
631,ARM6_548_R,3,mapped,1551.0,SR_Str,SR_striatum,1922.421875000001,221,2,5,5,0.4,44.2,True,unassessed
631,ARM6_548_R,3,mapped,1562.0,SR_Pd,SR_pallidum,338.59375000000017,14,2,5,5,0.4,2.8,True,unassessed
631,ARM6_548_R,3,mapped,1569.0,SR_DSP,SR_diagonal_subpallium,182.70312500000009,2,1,5,5,0.2,0.4,True,unassessed
631,ARM6_548_R,3,mapped,1612.0,SR_ZI-H,SR_zona_incerta_and_lenticular_fascicles,37.375000000000014,3,1,5,5,0.2,0.6,True,unassessed
631,ARM6_548_R,3,mapped,1615.0,SR_MThal,SR_medial_thalamus,208.23437500000009,144,3,5,5,0.6,28.8,True,unassessed
631,ARM6_548_R,3,mapped,1635.0,SR_VThal,SR_ventral_thalamus,291.4218750000001,2,1,5,5,0.2,0.4,True,unassessed
631,ARM6_548_R,3,mapped,1671.0,SR_DMid,SR_dorsal_midbrain,189.04687500000009,1,1,5,5,0.2,0.2,True,unassessed
631,ARM6_548_R,3,mapped,1680.0,SR_LMid,SR_lateral_midbrain,118.42187500000006,1,1,5,5,0.2,0.2,True,unassessed
631,ARM6_548_R,3,mapped,1713.0,SR_DPons,SR_dorsal_pons,69.45312500000003,15,1,5,5,0.2,3.0,True,unassessed
631,ARM6_548_R,3,mapped,1731.0,SR_VPons,SR_ventral_pons,684.9218750000003,3,1,5,5,0.2,0.6,True,unassessed
631,ARM6_548_R,3,mapped,1788.0,SR_DMed,SR_dorsal_medulla,225.8593750000001,92,1,5,5,0.2,18.4,True,unassessed
631,ARM6_548_R,3,mapped,1806.0,SR_IMed,SR_intermediate_medulla,134.78125000000006,48,1,5,5,0.2,9.6,True,unassessed
631,ARM6_548_R,3,zero_unassigned,0.0,,,,216,5,5,5,1.0,43.2,True,unassessed
631,ARM6_548_R,4,mapped,47.0,CL_cl_OFC,CL_caudolateral_orbitofrontal_cortex,136.07812500000006,320,1,5,5,0.2,64.0,True,unassessed
631,ARM6_548_R,4,mapped,95.0,CL_SII,CL_secondary_somatosensory_cortex,285.3125000000001,2,1,5,5,0.2,0.4,True,unassessed
631,ARM6_548_R,4,mapped,225.0,CL_Ins/Pi,CL_insula_and_parainsula,288.1875000000001,1,1,5,5,0.2,0.2,True,unassessed
631,ARM6_548_R,4,mapped,526.0,CR_areas_11/13,CR_areas_11_and_13,557.4062500000002,5,1,5,5,0.2,1.0,True,unassessed
631,ARM6_548_R,4,mapped,538.0,CR_OFa-p,CR_agranular_orbitofrontal_cortex,169.45312500000009,24,3,5,5,0.6,4.8,True,unassessed
631,ARM6_548_R,4,mapped,547.0,CR_cl_OFC,CR_caudolateral_orbitofrontal_cortex,136.07812500000006,672,5,5,5,1.0,134.4,True,unassessed
631,ARM6_548_R,4,mapped,580.0,CR_PM,CR_premotor_cortex,1468.3593750000007,50,2,5,5,0.4,10.0,True,unassessed
631,ARM6_548_R,4,mapped,595.0,CR_SII,CR_secondary_somatosensory_cortex,285.3125000000001,27,3,5,5,0.6,5.4,True,unassessed
631,ARM6_548_R,4,mapped,725.0,CR_Ins/Pi,CR_insula_and_parainsula,288.1875000000001,30,3,5,5,0.6,6.0,True,unassessed
631,ARM6_548_R,4,mapped,1504.0,SR_Cl,SR_claustrum,255.1562500000001,2,2,5,5,0.4,0.4,True,unassessed
631,ARM6_548_R,4,mapped,1541.0,SR_stAmy,SR_striatal_amygdala,13.843750000000005,5,1,5,5,0.2,1.0,True,unassessed
631,ARM6_548_R,4,mapped,1552.0,SR_DStr,SR_dorsal_striatum,1809.218750000001,218,2,5,5,0.4,43.6,True,unassessed
631,ARM6_548_R,4,mapped,1559.0,SR_VStr,SR_ventral_striatum,113.20312500000006,3,1,5,5,0.2,0.6,True,unassessed
631,ARM6_548_R,4,mapped,1562.0,SR_Pd,SR_pallidum,338.59375000000017,14,2,5,5,0.4,2.8,True,unassessed
631,ARM6_548_R,4,mapped,1570.0,SR_BR,SR_basal_nucleus_region,38.000000000000014,2,1,5,5,0.2,0.4,True,unassessed
631,ARM6_548_R,4,mapped,1612.0,SR_ZI-H,SR_zona_incerta_and_lenticular_fascicles,37.375000000000014,3,1,5,5,0.2,0.6,True,unassessed
631,ARM6_548_R,4,mapped,1619.0,SR_ILThal,SR_intralaminar_thalamus,106.54687500000004,144,3,5,5,0.6,28.8,True,unassessed
631,ARM6_548_R,4,mapped,1639.0,SR_CbThal,SR_cerebellar_thalamus,107.48437500000004,1,1,5,5,0.2,0.2,True,unassessed
631,ARM6_548_R,4,mapped,1643.0,SR_SpThal,SR_spinal_thalamus,88.20312500000004,1,1,5,5,0.2,0.2,True,unassessed
631,ARM6_548_R,4,mapped,1677.0,SR_PAGR,SR_periaqueductal_gray_region,51.10937500000002,1,1,5,5,0.2,0.2,True,unassessed
631,ARM6_548_R,4,mapped,1681.0,SR_TgMid,SR_midbrain_tegmentum,36.937500000000014,1,1,5,5,0.2,0.2,True,unassessed
631,ARM6_548_R,4,mapped,1714.0,SR_PBC,SR_parabrachial_complex,45.84375000000002,14,1,5,5,0.2,2.8,True,unassessed
631,ARM6_548_R,4,mapped,1719.0,SR_LGR,SR_locus-central_gray_region,8.187500000000004,1,1,5,5,0.2,0.2,True,unassessed
631,ARM6_548_R,4,mapped,1738.0,SR_SuO/ml,SR_superior_olive+lemiscal_region,56.50000000000003,1,1,5,5,0.2,0.2,True,unassessed
631,ARM6_548_R,4,mapped,1742.0,SR_Pn+,SR_pontine_nucleus_region,492.9218750000002,2,1,5,5,0.2,0.4,True,unassessed
631,ARM6_548_R,4,mapped,1794.0,SR_C5,SR_trigeminal_complex,57.53125000000003,44,1,5,5,0.2,8.8,True,unassessed
631,ARM6_548_R,4,mapped,1801.0,SR_SVC,SR_somatovisceral_complex,79.18750000000003,48,1,5,5,0.2,9.6,True,unassessed
631,ARM6_548_R,4,mapped,1810.0,SR_MedRet,SR_medullar_reticulum,121.06250000000006,48,1,5,5,0.2,9.6,True,unassessed
631,ARM6_548_R,4,zero_unassigned,0.0,,,,216,5,5,5,1.0,43.2,True,unassessed
631,ARM6_548_R,5,mapped,48.0,CL_G,CL_gustatory_cortex,40.12500000000002,320,1,5,5,0.2,64.0,True,unassessed
631,ARM6_548_R,5,mapped,95.0,CL_SII,CL_secondary_somatosensory_cortex,285.3125000000001,2,1,5,5,0.2,0.4,True,unassessed
631,ARM6_548_R,5,mapped,227.0,CL_Ins,CL_insula,260.9062500000001,1,1,5,5,0.2,0.2,True,unassessed
631,ARM6_548_R,5,mapped,530.0,CR_area_13,CR_area_13,419.17187500000017,5,1,5,5,0.2,1.0,True,unassessed
631,ARM6_548_R,5,mapped,539.0,CR_Iam/Iapm,CR_medial_agranular_insular_region,24.17187500000001,2,1,5,5,0.2,0.4,True,unassessed
631,ARM6_548_R,5,mapped,540.0,CR_lat_Ia,CR_lateral_agranular_insular_region,145.28125000000006,22,2,5,5,0.4,4.4,True,unassessed
631,ARM6_548_R,5,mapped,548.0,CR_G,CR_gustatory_cortex,40.12500000000002,639,5,5,5,1.0,127.8,True,unassessed
631,ARM6_548_R,5,mapped,549.0,CR_PrCO,CR_precentral_operular_area,95.95312500000004,33,2,5,5,0.4,6.6,True,unassessed
631,ARM6_548_R,5,mapped,584.0,CR_PMv,CR_ventral_premotor_cortex,700.6093750000003,50,2,5,5,0.4,10.0,True,unassessed
631,ARM6_548_R,5,mapped,595.0,CR_SII,CR_secondary_somatosensory_cortex,285.3125000000001,27,3,5,5,0.6,5.4,True,unassessed
631,ARM6_548_R,5,mapped,727.0,CR_Ins,CR_insula,260.9062500000001,30,3,5,5,0.6,6.0,True,unassessed
631,ARM6_548_R,5,mapped,1504.0,SR_Cl,SR_claustrum,255.1562500000001,2,2,5,5,0.4,0.4,True,unassessed
631,ARM6_548_R,5,mapped,1542.0,SR_Ce,SR_central_amygdaloid_nucleus,13.843750000000005,5,1,5,5,0.2,1.0,True,unassessed
631,ARM6_548_R,5,mapped,1556.0,SR_Pu,SR_putamen,895.1093750000003,159,2,5,5,0.4,31.8,True,unassessed
631,ARM6_548_R,5,mapped,1557.0,SR_ASt,SR_amygdalostriatal_transition,33.812500000000014,59,2,5,5,0.4,11.8,True,unassessed
631,ARM6_548_R,5,mapped,1560.0,SR_Acb,SR_accumbens,94.96875000000004,3,1,5,5,0.2,0.6,True,unassessed
631,ARM6_548_R,5,mapped,1563.0,SR_GP,SR_globus_pallidus,239.7656250000001,4,1,5,5,0.2,0.8,True,unassessed
631,ARM6_548_R,5,mapped,1567.0,SR_ac,SR_anterior_commissure,77.82812500000003,9,1,5,5,0.2,1.8,True,unassessed
631,ARM6_548_R,5,mapped,1568.0,SR_VP,SR_ventral_pallidum,21.00000000000001,1,1,5,5,0.2,0.2,True,unassessed
631,ARM6_548_R,5,mapped,1570.0,SR_BR,SR_basal_nucleus_region,38.000000000000014,2,1,5,5,0.2,0.4,True,unassessed
631,ARM6_548_R,5,mapped,1612.0,SR_ZI-H,SR_zona_incerta_and_lenticular_fascicles,37.375000000000014,3,1,5,5,0.2,0.6,True,unassessed
631,ARM6_548_R,5,mapped,1621.0,SR_CMn-PF,SR_centromedial-parafascicular_thalamus,50.56250000000002,20,2,5,5,0.4,4.0,True,unassessed
631,ARM6_548_R,5,mapped,1622.0,SR_SPFC,SR_suprafascicular_nucleus,8.187500000000004,124,2,5,5,0.4,24.8,True,unassessed
631,ARM6_548_R,5,mapped,1641.0,SR_VLPV,SR_ventral_lateral_posteroventral_thalamus,65.56250000000003,1,1,5,5,0.2,0.2,True,unassessed
631,ARM6_548_R,5,mapped,1647.0,SR_VM,SR_ventral_medial_thalamus,20.95312500000001,1,1,5,5,0.2,0.2,True,unassessed
631,ARM6_548_R,5,mapped,1679.0,SR_PAG,SR_periaqueductal_gray,49.48437500000002,1,1,5,5,0.2,0.2,True,unassessed
631,ARM6_548_R,5,mapped,1685.0,SR_CnF,SR_cuneiform_nucleus,8.218750000000004,1,1,5,5,0.2,0.2,True,unassessed
631,ARM6_548_R,5,mapped,1714.0,SR_PBC,SR_parabrachial_complex,45.84375000000002,14,1,5,5,0.2,2.8,True,unassessed
631,ARM6_548_R,5,mapped,1720.0,SR_LC-Me5,SR_locus-coeruleus_region,3.6875000000000018,1,1,5,5,0.2,0.2,True,unassessed
631,ARM6_548_R,5,mapped,1740.0,SR_ml,SR_medial_lemniscus,35.640625000000014,1,1,5,5,0.2,0.2,True,unassessed
631,ARM6_548_R,5,mapped,1743.0,SR_Pn,SR_pontine_nucleus,254.6875000000001,2,1,5,5,0.2,0.4,True,unassessed
631,ARM6_548_R,5,mapped,1797.0,SR_Sp5,SR_spinal_trigeminal_nucleus,38.359375000000014,44,1,5,5,0.2,8.8,True,unassessed
631,ARM6_548_R,5,mapped,1802.0,SR_CuGr,SR_cuneate_gracile_nuclei,53.35937500000002,36,1,5,5,0.2,7.2,True,unassessed
631,ARM6_548_R,5,mapped,1804.0,SR_Sol,SR_solitary_tract_nucleus,18.828125000000007,12,1,5,5,0.2,2.4,True,unassessed
631,ARM6_548_R,5,mapped,1811.0,SR_PCIRt,SR_parvicellular_and_intermediate_reticular_nuclei,31.406250000000014,47,1,5,5,0.2,9.4,True,unassessed
631,ARM6_548_R,5,mapped,1814.0,SR_MdRt,SR_medullar_reticular_nucleus,13.031250000000005,1,1,5,5,0.2,0.2,True,unassessed
631,ARM6_548_R,5,zero_unassigned,0.0,,,,216,5,5,5,1.0,43.2,True,unassessed
631,ARM6_548_R,6,mapped,48.0,CL_G,CL_gustatory_cortex,40.12500000000002,320,1,5,5,0.2,64.0,True,unassessed
631,ARM6_548_R,6,mapped,95.0,CL_SII,CL_secondary_somatosensory_cortex,285.3125000000001,2,1,5,5,0.2,0.4,True,unassessed
631,ARM6_548_R,6,mapped,228.0,CL_Ia/Id,CL_agranular_and_dysgranular_insula,164.56250000000009,1,1,5,5,0.2,0.2,True,unassessed
631,ARM6_548_R,6,mapped,532.0,CR_area_13m,CR_medial_area_13,174.45312500000009,5,1,5,5,0.2,1.0,True,unassessed
631,ARM6_548_R,6,mapped,539.0,CR_Iam/Iapm,CR_medial_agranular_insular_region,24.17187500000001,2,1,5,5,0.2,0.4,True,unassessed
631,ARM6_548_R,6,mapped,542.0,CR_Ial,CR_lateral_agranular_insula_area,47.98437500000002,3,1,5,5,0.2,0.6,True,unassessed
631,ARM6_548_R,6,mapped,543.0,CR_Iapl,CR_posterior_lateral_agranular_insula_area,15.812500000000007,19,2,5,5,0.4,3.8,True,unassessed
631,ARM6_548_R,6,mapped,548.0,CR_G,CR_gustatory_cortex,40.12500000000002,639,5,5,5,1.0,127.8,True,unassessed
631,ARM6_548_R,6,mapped,549.0,CR_PrCO,CR_precentral_operular_area,95.95312500000004,33,2,5,5,0.4,6.6,True,unassessed
631,ARM6_548_R,6,mapped,586.0,CR_F5,CR_area_F5_of_ventral_premotor_cortex,434.01562500000017,50,2,5,5,0.4,10.0,True,unassessed
631,ARM6_548_R,6,mapped,595.0,CR_SII,CR_secondary_somatosensory_cortex,285.3125000000001,27,3,5,5,0.6,5.4,True,unassessed
631,ARM6_548_R,6,mapped,728.0,CR_Ia/Id,CR_agranular_and_dysgranular_insula,164.56250000000009,30,3,5,5,0.6,6.0,True,unassessed
631,ARM6_548_R,6,mapped,1504.0,SR_Cl,SR_claustrum,255.1562500000001,2,2,5,5,0.4,0.4,True,unassessed
631,ARM6_548_R,6,mapped,1542.0,SR_Ce,SR_central_amygdaloid_nucleus,13.843750000000005,5,1,5,5,0.2,1.0,True,unassessed
631,ARM6_548_R,6,mapped,1556.0,SR_Pu,SR_putamen,895.1093750000003,159,2,5,5,0.4,31.8,True,unassessed
631,ARM6_548_R,6,mapped,1557.0,SR_ASt,SR_amygdalostriatal_transition,33.812500000000014,59,2,5,5,0.4,11.8,True,unassessed
631,ARM6_548_R,6,mapped,1560.0,SR_Acb,SR_accumbens,94.96875000000004,3,1,5,5,0.2,0.6,True,unassessed
631,ARM6_548_R,6,mapped,1564.0,SR_EGP,SR_external_globus_pallidus,150.71875000000006,4,1,5,5,0.2,0.8,True,unassessed
631,ARM6_548_R,6,mapped,1567.0,SR_ac,SR_anterior_commissure,77.82812500000003,9,1,5,5,0.2,1.8,True,unassessed
631,ARM6_548_R,6,mapped,1568.0,SR_VP,SR_ventral_pallidum,21.00000000000001,1,1,5,5,0.2,0.2,True,unassessed
631,ARM6_548_R,6,mapped,1571.0,SR_PeB,SR_peri-basal_region,12.453125000000005,2,1,5,5,0.2,0.4,True,unassessed
631,ARM6_548_R,6,mapped,1612.0,SR_ZI-H,SR_zona_incerta_and_lenticular_fascicles,37.375000000000014,3,1,5,5,0.2,0.6,True,unassessed
631,ARM6_548_R,6,mapped,1621.0,SR_CMn-PF,SR_centromedial-parafascicular_thalamus,50.56250000000002,20,2,5,5,0.4,4.0,True,unassessed
631,ARM6_548_R,6,mapped,1623.0,SR_SPFPC,SR_subparafascicular_nucleus,8.187500000000004,124,2,5,5,0.4,24.8,True,unassessed
631,ARM6_548_R,6,mapped,1641.0,SR_VLPV,SR_ventral_lateral_posteroventral_thalamus,65.56250000000003,1,1,5,5,0.2,0.2,True,unassessed
631,ARM6_548_R,6,mapped,1647.0,SR_VM,SR_ventral_medial_thalamus,20.95312500000001,1,1,5,5,0.2,0.2,True,unassessed
631,ARM6_548_R,6,mapped,1679.0,SR_PAG,SR_periaqueductal_gray,49.48437500000002,1,1,5,5,0.2,0.2,True,unassessed
631,ARM6_548_R,6,mapped,1685.0,SR_CnF,SR_cuneiform_nucleus,8.218750000000004,1,1,5,5,0.2,0.2,True,unassessed
631,ARM6_548_R,6,mapped,1715.0,SR_LPB,SR_lateral_parabrachial_nucleus,11.281250000000005,1,1,5,5,0.2,0.2,True,unassessed
631,ARM6_548_R,6,mapped,1716.0,SR_MPB,SR_medial_parabrachial_nucleus,7.8593750000000036,5,1,5,5,0.2,1.0,True,unassessed
631,ARM6_548_R,6,mapped,1717.0,SR_scp,SR_superior_cerebellar_peduncle,24.48437500000001,6,1,5,5,0.2,1.2,True,unassessed
631,ARM6_548_R,6,mapped,1718.0,SR_KF,SR_Kolliker-Fuse_nucleus,2.218750000000001,2,1,5,5,0.2,0.4,True,unassessed
631,ARM6_548_R,6,mapped,1720.0,SR_LC-Me5,SR_locus-coeruleus_region,3.6875000000000018,1,1,5,5,0.2,0.2,True,unassessed
631,ARM6_548_R,6,mapped,1740.0,SR_ml,SR_medial_lemniscus,35.640625000000014,1,1,5,5,0.2,0.2,True,unassessed
631,ARM6_548_R,6,mapped,1743.0,SR_Pn,SR_pontine_nucleus,254.6875000000001,2,1,5,5,0.2,0.4,True,unassessed
631,ARM6_548_R,6,mapped,1799.0,SR_Sp5I,SR_spinal_trigeminal_nucleus_intermediate,23.60937500000001,35,1,5,5,0.2,7.0,True,unassessed
631,ARM6_548_R,6,mapped,1800.0,SR_Sp5C,SR_spinal_trigeminal_nucleus_caudal,9.984375000000004,9,1,5,5,0.2,1.8,True,unassessed
631,ARM6_548_R,6,mapped,1802.0,SR_CuGr,SR_cuneate_gracile_nuclei,53.35937500000002,36,1,5,5,0.2,7.2,True,unassessed
631,ARM6_548_R,6,mapped,1804.0,SR_Sol,SR_solitary_tract_nucleus,18.828125000000007,12,1,5,5,0.2,2.4,True,unassessed
631,ARM6_548_R,6,mapped,1811.0,SR_PCIRt,SR_parvicellular_and_intermediate_reticular_nuclei,31.406250000000014,47,1,5,5,0.2,9.4,True,unassessed
631,ARM6_548_R,6,mapped,1814.0,SR_MdRt,SR_medullar_reticular_nucleus,13.031250000000005,1,1,5,5,0.2,0.2,True,unassessed
631,ARM6_548_R,6,zero_unassigned,0.0,,,,216,5,5,5,1.0,43.2,True,unassessed
631,ARM6_728_R,1,mapped,501.0,CR_Frontal,CR_Frontal_Lobe,6154.890625000003,147,1,1,1,1.0,147.0,True,unassessed
631,ARM6_728_R,1,mapped,590.0,CR_Parietal,CR_Parietal_Lobe,3774.453125000002,135,1,1,1,1.0,135.0,True,unassessed
631,ARM6_728_R,1,mapped,638.0,CR_Temporal,CR_Temporal_Lobe,4285.390625000002,129,1,1,1,1.0,129.0,True,unassessed
631,ARM6_728_R,1,mapped,1082.0,SL_di,SL_diencephalon,1285.0937500000007,2,1,1,1,1.0,2.0,True,unassessed
631,ARM6_728_R,1,mapped,1501.0,SR_tel,SR_telencephalon,3805.562500000002,144,1,1,1,1.0,144.0,True,unassessed
631,ARM6_728_R,1,mapped,1582.0,SR_di,SR_diencephalon,1285.0937500000007,35,1,1,1,1.0,35.0,True,unassessed
631,ARM6_728_R,1,zero_unassigned,0.0,,,,174,1,1,1,1.0,174.0,True,unassessed
631,ARM6_728_R,2,mapped,516.0,CR_OFC,CR_orbital_frontal_cortex,1344.9218750000007,134,1,1,1,1.0,134.0,True,unassessed
631,ARM6_728_R,2,mapped,577.0,CR_motor,CR_motor_cortex,2542.000000000001,13,1,1,1,1.0,13.0,True,unassessed
631,ARM6_728_R,2,mapped,591.0,CR_SI/SII,CR_somatosensory_cortex,1186.0000000000005,135,1,1,1,1.0,135.0,True,unassessed
631,ARM6_728_R,2,mapped,724.0,CR_floor_of_ls,CR_floor_of_the_lateral_sulcus,303.2968750000001,129,1,1,1,1.0,129.0,True,unassessed
631,ARM6_728_R,2,mapped,1113.0,SL_Thal,SL_thalamus,970.0312500000005,2,1,1,1,1.0,2.0,True,unassessed
631,ARM6_728_R,2,mapped,1524.0,SR_Amy,SR_amygdala,302.0000000000001,1,1,1,1,1.0,1.0,True,unassessed
631,ARM6_728_R,2,mapped,1550.0,SR_BG,SR_basal_ganglia,2261.015625000001,143,1,1,1,1.0,143.0,True,unassessed
631,ARM6_728_R,2,mapped,1613.0,SR_Thal,SR_thalamus,970.0312500000005,35,1,1,1,1.0,35.0,True,unassessed
631,ARM6_728_R,2,zero_unassigned,0.0,,,,174,1,1,1,1.0,174.0,True,unassessed
631,ARM6_728_R,3,mapped,537.0,CR_caudal_OFC,CR_caudal_orbital_frontal_cortex,331.17187500000017,134,1,1,1,1.0,134.0,True,unassessed
631,ARM6_728_R,3,mapped,578.0,CR_M1/PM,CR_lateral_motor_cortex,2230.484375000001,13,1,1,1,1.0,13.0,True,unassessed
631,ARM6_728_R,3,mapped,592.0,CR_SI,CR_primary_somatosensory_cortex,900.6875000000005,72,1,1,1,1.0,72.0,True,unassessed
631,ARM6_728_R,3,mapped,595.0,CR_SII,CR_secondary_somatosensory_cortex,285.3125000000001,63,1,1,1,1.0,63.0,True,unassessed
631,ARM6_728_R,3,mapped,724.0,CR_floor_of_ls,CR_floor_of_the_lateral_sulcus,303.2968750000001,129,1,1,1,1.0,129.0,True,unassessed
631,ARM6_728_R,3,mapped,1115.0,SL_MThal,SL_medial_thalamus,208.23437500000009,1,1,1,1,1.0,1.0,True,unassessed
631,ARM6_728_R,3,mapped,1127.0,SL_MLThal,SL_midline_thalamus,71.21875000000003,1,1,1,1,1.0,1.0,True,unassessed
631,ARM6_728_R,3,mapped,1540.0,SR_spAmy,SR_subpallial_amygdala,84.20312500000004,1,1,1,1,1.0,1.0,True,unassessed
631,ARM6_728_R,3,mapped,1551.0,SR_Str,SR_striatum,1922.421875000001,113,1,1,1,1.0,113.0,True,unassessed
631,ARM6_728_R,3,mapped,1562.0,SR_Pd,SR_pallidum,338.59375000000017,30,1,1,1,1.0,30.0,True,unassessed
631,ARM6_728_R,3,mapped,1615.0,SR_MThal,SR_medial_thalamus,208.23437500000009,29,1,1,1,1.0,29.0,True,unassessed
631,ARM6_728_R,3,mapped,1627.0,SR_MLThal,SR_midline_thalamus,71.21875000000003,4,1,1,1,1.0,4.0,True,unassessed
631,ARM6_728_R,3,mapped,1635.0,SR_VThal,SR_ventral_thalamus,291.4218750000001,2,1,1,1,1.0,2.0,True,unassessed
631,ARM6_728_R,3,zero_unassigned,0.0,,,,174,1,1,1,1.0,174.0,True,unassessed
631,ARM6_728_R,4,mapped,538.0,CR_OFa-p,CR_agranular_orbitofrontal_cortex,169.45312500000009,29,1,1,1,1.0,29.0,True,unassessed
631,ARM6_728_R,4,mapped,547.0,CR_cl_OFC,CR_caudolateral_orbitofrontal_cortex,136.07812500000006,105,1,1,1,1.0,105.0,True,unassessed
631,ARM6_728_R,4,mapped,579.0,CR_M1,CR_primary_motor_cortex,762.1250000000003,2,1,1,1,1.0,2.0,True,unassessed
631,ARM6_728_R,4,mapped,580.0,CR_PM,CR_premotor_cortex,1468.3593750000007,11,1,1,1,1.0,11.0,True,unassessed
631,ARM6_728_R,4,mapped,592.0,CR_SI,CR_primary_somatosensory_cortex,900.6875000000005,72,1,1,1,1.0,72.0,True,unassessed
631,ARM6_728_R,4,mapped,595.0,CR_SII,CR_secondary_somatosensory_cortex,285.3125000000001,63,1,1,1,1.0,63.0,True,unassessed
631,ARM6_728_R,4,mapped,725.0,CR_Ins/Pi,CR_insula_and_parainsula,288.1875000000001,129,1,1,1,1.0,129.0,True,unassessed
631,ARM6_728_R,4,mapped,1126.0,SL_MD,SL_mediodorsal_thalamus,78.81250000000003,1,1,1,1,1.0,1.0,True,unassessed
631,ARM6_728_R,4,mapped,1127.0,SL_MLThal,SL_midline_thalamus,71.21875000000003,1,1,1,1,1.0,1.0,True,unassessed
631,ARM6_728_R,4,mapped,1546.0,SR_pdAmy,SR_pallidal_amygdala,29.640625000000014,1,1,1,1,1.0,1.0,True,unassessed
631,ARM6_728_R,4,mapped,1552.0,SR_DStr,SR_dorsal_striatum,1809.218750000001,108,1,1,1,1.0,108.0,True,unassessed
631,ARM6_728_R,4,mapped,1559.0,SR_VStr,SR_ventral_striatum,113.20312500000006,5,1,1,1,1.0,5.0,True,unassessed
631,ARM6_728_R,4,mapped,1562.0,SR_Pd,SR_pallidum,338.59375000000017,30,1,1,1,1.0,30.0,True,unassessed
631,ARM6_728_R,4,mapped,1626.0,SR_MD,SR_mediodorsal_thalamus,78.81250000000003,29,1,1,1,1.0,29.0,True,unassessed
631,ARM6_728_R,4,mapped,1627.0,SR_MLThal,SR_midline_thalamus,71.21875000000003,4,1,1,1,1.0,4.0,True,unassessed
631,ARM6_728_R,4,mapped,1643.0,SR_SpThal,SR_spinal_thalamus,88.20312500000004,2,1,1,1,1.0,2.0,True,unassessed
631,ARM6_728_R,4,zero_unassigned,0.0,,,,174,1,1,1,1.0,174.0,True,unassessed
631,ARM6_728_R,5,mapped,540.0,CR_lat_Ia,CR_lateral_agranular_insular_region,145.28125000000006,29,1,1,1,1.0,29.0,True,unassessed
631,ARM6_728_R,5,mapped,548.0,CR_G,CR_gustatory_cortex,40.12500000000002,102,1,1,1,1.0,102.0,True,unassessed
631,ARM6_728_R,5,mapped,549.0,CR_PrCO,CR_precentral_operular_area,95.95312500000004,3,1,1,1,1.0,3.0,True,unassessed
631,ARM6_728_R,5,mapped,579.0,CR_M1,CR_primary_motor_cortex,762.1250000000003,2,1,1,1,1.0,2.0,True,unassessed
631,ARM6_728_R,5,mapped,584.0,CR_PMv,CR_ventral_premotor_cortex,700.6093750000003,11,1,1,1,1.0,11.0,True,unassessed
631,ARM6_728_R,5,mapped,593.0,CR_area_3a/b,CR_areas_3a_and_3b,245.3906250000001,8,1,1,1,1.0,8.0,True,unassessed
631,ARM6_728_R,5,mapped,594.0,CR_areas_1-2,CR_areas_1-2,655.2968750000003,64,1,1,1,1.0,64.0,True,unassessed
631,ARM6_728_R,5,mapped,595.0,CR_SII,CR_secondary_somatosensory_cortex,285.3125000000001,63,1,1,1,1.0,63.0,True,unassessed
631,ARM6_728_R,5,mapped,727.0,CR_Ins,CR_insula,260.9062500000001,129,1,1,1,1.0,129.0,True,unassessed
631,ARM6_728_R,5,mapped,1126.0,SL_MD,SL_mediodorsal_thalamus,78.81250000000003,1,1,1,1,1.0,1.0,True,unassessed
631,ARM6_728_R,5,mapped,1128.0,SL_IMD,SL_intermediodorsal_thalamus,11.781250000000005,1,1,1,1,1.0,1.0,True,unassessed
631,ARM6_728_R,5,mapped,1548.0,SR_IPAC,SR_posterior_interstitial_nucleus,4.906250000000002,1,1,1,1,1.0,1.0,True,unassessed
631,ARM6_728_R,5,mapped,1556.0,SR_Pu,SR_putamen,895.1093750000003,108,1,1,1,1.0,108.0,True,unassessed
631,ARM6_728_R,5,mapped,1560.0,SR_Acb,SR_accumbens,94.96875000000004,5,1,1,1,1.0,5.0,True,unassessed
631,ARM6_728_R,5,mapped,1563.0,SR_GP,SR_globus_pallidus,239.7656250000001,1,1,1,1,1.0,1.0,True,unassessed
631,ARM6_728_R,5,mapped,1567.0,SR_ac,SR_anterior_commissure,77.82812500000003,29,1,1,1,1.0,29.0,True,unassessed
631,ARM6_728_R,5,mapped,1626.0,SR_MD,SR_mediodorsal_thalamus,78.81250000000003,29,1,1,1,1.0,29.0,True,unassessed
631,ARM6_728_R,5,mapped,1628.0,SR_IMD,SR_intermediodorsal_thalamus,11.781250000000005,1,1,1,1,1.0,1.0,True,unassessed
631,ARM6_728_R,5,mapped,1634.0,SR_Re-Rh-Xi,SR_Reuniens-rhomboid-xiphoid_thalamus,18.937500000000007,3,1,1,1,1.0,3.0,True,unassessed
631,ARM6_728_R,5,mapped,1647.0,SR_VM,SR_ventral_medial_thalamus,20.95312500000001,2,1,1,1,1.0,2.0,True,unassessed
631,ARM6_728_R,5,zero_unassigned,0.0,,,,174,1,1,1,1.0,174.0,True,unassessed
631,ARM6_728_R,6,mapped,541.0,CR_Iai,CR_intermediate_agranular_insula_area,81.48437500000004,29,1,1,1,1.0,29.0,True,unassessed
631,ARM6_728_R,6,mapped,548.0,CR_G,CR_gustatory_cortex,40.12500000000002,102,1,1,1,1.0,102.0,True,unassessed
631,ARM6_728_R,6,mapped,549.0,CR_PrCO,CR_precentral_operular_area,95.95312500000004,3,1,1,1,1.0,3.0,True,unassessed
631,ARM6_728_R,6,mapped,579.0,CR_M1,CR_primary_motor_cortex,762.1250000000003,2,1,1,1,1.0,2.0,True,unassessed
631,ARM6_728_R,6,mapped,585.0,CR_F4,CR_area_F4_of_ventral_premotor_cortex,266.5937500000001,1,1,1,1,1.0,1.0,True,unassessed
631,ARM6_728_R,6,mapped,586.0,CR_F5,CR_area_F5_of_ventral_premotor_cortex,434.01562500000017,10,1,1,1,1.0,10.0,True,unassessed
631,ARM6_728_R,6,mapped,593.0,CR_area_3a/b,CR_areas_3a_and_3b,245.3906250000001,8,1,1,1,1.0,8.0,True,unassessed
631,ARM6_728_R,6,mapped,594.0,CR_areas_1-2,CR_areas_1-2,655.2968750000003,64,1,1,1,1.0,64.0,True,unassessed
631,ARM6_728_R,6,mapped,595.0,CR_SII,CR_secondary_somatosensory_cortex,285.3125000000001,63,1,1,1,1.0,63.0,True,unassessed
631,ARM6_728_R,6,mapped,728.0,CR_Ia/Id,CR_agranular_and_dysgranular_insula,164.56250000000009,129,1,1,1,1.0,129.0,True,unassessed
631,ARM6_728_R,6,mapped,1126.0,SL_MD,SL_mediodorsal_thalamus,78.81250000000003,1,1,1,1,1.0,1.0,True,unassessed
631,ARM6_728_R,6,mapped,1128.0,SL_IMD,SL_intermediodorsal_thalamus,11.781250000000005,1,1,1,1,1.0,1.0,True,unassessed
631,ARM6_728_R,6,mapped,1548.0,SR_IPAC,SR_posterior_interstitial_nucleus,4.906250000000002,1,1,1,1,1.0,1.0,True,unassessed
631,ARM6_728_R,6,mapped,1556.0,SR_Pu,SR_putamen,895.1093750000003,108,1,1,1,1.0,108.0,True,unassessed
631,ARM6_728_R,6,mapped,1560.0,SR_Acb,SR_accumbens,94.96875000000004,5,1,1,1,1.0,5.0,True,unassessed
631,ARM6_728_R,6,mapped,1564.0,SR_EGP,SR_external_globus_pallidus,150.71875000000006,1,1,1,1,1.0,1.0,True,unassessed
631,ARM6_728_R,6,mapped,1567.0,SR_ac,SR_anterior_commissure,77.82812500000003,29,1,1,1,1.0,29.0,True,unassessed
631,ARM6_728_R,6,mapped,1626.0,SR_MD,SR_mediodorsal_thalamus,78.81250000000003,29,1,1,1,1.0,29.0,True,unassessed
631,ARM6_728_R,6,mapped,1628.0,SR_IMD,SR_intermediodorsal_thalamus,11.781250000000005,1,1,1,1,1.0,1.0,True,unassessed
631,ARM6_728_R,6,mapped,1634.0,SR_Re-Rh-Xi,SR_Reuniens-rhomboid-xiphoid_thalamus,18.937500000000007,3,1,1,1,1.0,3.0,True,unassessed
631,ARM6_728_R,6,mapped,1647.0,SR_VM,SR_ventral_medial_thalamus,20.95312500000001,2,1,1,1,1.0,2.0,True,unassessed
631,ARM6_728_R,6,zero_unassigned,0.0,,,,174,1,1,1,1.0,174.0,True,unassessed
797,ARM6_0_L,1,mapped,1.0,CL_Frontal,CL_Frontal_Lobe,6154.890625000003,40,1,2,2,0.5,20.0,True,unassessed
797,ARM6_0_L,1,mapped,1082.0,SL_di,SL_diencephalon,1285.0937500000007,1,1,2,2,0.5,0.5,True,unassessed
797,ARM6_0_L,1,zero_unassigned,0.0,,,,8,1,2,2,0.5,4.0,True,unassessed
797,ARM6_0_L,2,mapped,16.0,CL_OFC,CL_orbital_frontal_cortex,1344.9218750000007,40,1,2,2,0.5,20.0,True,unassessed
797,ARM6_0_L,2,mapped,1113.0,SL_Thal,SL_thalamus,970.0312500000005,1,1,2,2,0.5,0.5,True,unassessed
797,ARM6_0_L,2,zero_unassigned,0.0,,,,8,1,2,2,0.5,4.0,True,unassessed
797,ARM6_0_L,3,mapped,25.0,CL_lat_OFC,CL_lateral_orbital_frontal_cortex,708.1406250000003,2,1,2,2,0.5,1.0,True,unassessed
797,ARM6_0_L,3,mapped,37.0,CL_caudal_OFC,CL_caudal_orbital_frontal_cortex,331.17187500000017,38,1,2,2,0.5,19.0,True,unassessed
797,ARM6_0_L,3,mapped,1114.0,SL_Rt,SL_reticular_thalamus,68.90625000000003,1,1,2,2,0.5,0.5,True,unassessed
797,ARM6_0_L,3,zero_unassigned,0.0,,,,8,1,2,2,0.5,4.0,True,unassessed
797,ARM6_0_L,4,mapped,26.0,CL_areas_11/13,CL_areas_11_and_13,557.4062500000002,2,1,2,2,0.5,1.0,True,unassessed
797,ARM6_0_L,4,mapped,38.0,CL_OFa-p,CL_agranular_orbitofrontal_cortex,169.45312500000009,38,1,2,2,0.5,19.0,True,unassessed
797,ARM6_0_L,4,mapped,1114.0,SL_Rt,SL_reticular_thalamus,68.90625000000003,1,1,2,2,0.5,0.5,True,unassessed
797,ARM6_0_L,4,zero_unassigned,0.0,,,,8,1,2,2,0.5,4.0,True,unassessed
797,ARM6_0_L,5,mapped,30.0,CL_area_13,CL_area_13,419.17187500000017,2,1,2,2,0.5,1.0,True,unassessed
797,ARM6_0_L,5,mapped,40.0,CL_lat_Ia,CL_lateral_agranular_insular_region,145.28125000000006,38,1,2,2,0.5,19.0,True,unassessed
797,ARM6_0_L,5,mapped,1114.0,SL_Rt,SL_reticular_thalamus,68.90625000000003,1,1,2,2,0.5,0.5,True,unassessed
797,ARM6_0_L,5,zero_unassigned,0.0,,,,8,1,2,2,0.5,4.0,True,unassessed
797,ARM6_0_L,6,mapped,33.0,CL_area_13l,CL_lateral_area_13,120.60937500000006,2,1,2,2,0.5,1.0,True,unassessed
797,ARM6_0_L,6,mapped,41.0,CL_Iai,CL_intermediate_agranular_insula_area,81.48437500000004,38,1,2,2,0.5,19.0,True,unassessed
797,ARM6_0_L,6,mapped,1114.0,SL_Rt,SL_reticular_thalamus,68.90625000000003,1,1,2,2,0.5,0.5,True,unassessed
797,ARM6_0_L,6,zero_unassigned,0.0,,,,8,1,2,2,0.5,4.0,True,unassessed
797,ARM6_0_R,1,mapped,501.0,CR_Frontal,CR_Frontal_Lobe,6154.890625000003,88,2,2,2,1.0,44.0,True,unassessed
797,ARM6_0_R,1,mapped,638.0,CR_Temporal,CR_Temporal_Lobe,4285.390625000002,68,1,2,2,0.5,34.0,True,unassessed
797,ARM6_0_R,1,mapped,1501.0,SR_tel,SR_telencephalon,3805.562500000002,212,1,2,2,0.5,106.0,True,unassessed
797,ARM6_0_R,1,zero_unassigned,0.0,,,,40,2,2,2,1.0,20.0,True,unassessed
797,ARM6_0_R,2,mapped,516.0,CR_OFC,CR_orbital_frontal_cortex,1344.9218750000007,87,1,2,2,0.5,43.5,True,unassessed
797,ARM6_0_R,2,mapped,577.0,CR_motor,CR_motor_cortex,2542.000000000001,1,1,2,2,0.5,0.5,True,unassessed
797,ARM6_0_R,2,mapped,639.0,CR_MTL,CR_medial_temporal_lobe,423.42187500000017,28,1,2,2,0.5,14.0,True,unassessed
797,ARM6_0_R,2,mapped,665.0,CR_TG,CR_temporal_pole,315.5156250000001,8,1,2,2,0.5,4.0,True,unassessed
797,ARM6_0_R,2,mapped,675.0,CR_ITC,CR_inferior_temporal_cortex,1884.890625000001,1,1,2,2,0.5,0.5,True,unassessed
797,ARM6_0_R,2,mapped,693.0,CR_STG/STSd,CR_superior_temporal_region,854.1250000000003,4,1,2,2,0.5,2.0,True,unassessed
797,ARM6_0_R,2,mapped,724.0,CR_floor_of_ls,CR_floor_of_the_lateral_sulcus,303.2968750000001,27,1,2,2,0.5,13.5,True,unassessed
797,ARM6_0_R,2,mapped,1502.0,SR_LVPal,SR_lateral_and_ventral_pallium,309.6718750000001,6,1,2,2,0.5,3.0,True,unassessed
797,ARM6_0_R,2,mapped,1510.0,SR_MPal,SR_medial_pallium,575.5000000000002,2,1,2,2,0.5,1.0,True,unassessed
797,ARM6_0_R,2,mapped,1524.0,SR_Amy,SR_amygdala,302.0000000000001,10,1,2,2,0.5,5.0,True,unassessed
797,ARM6_0_R,2,mapped,1550.0,SR_BG,SR_basal_ganglia,2261.015625000001,192,1,2,2,0.5,96.0,True,unassessed
797,ARM6_0_R,2,mapped,1569.0,SR_DSP,SR_diagonal_subpallium,182.70312500000009,2,1,2,2,0.5,1.0,True,unassessed
797,ARM6_0_R,2,zero_unassigned,0.0,,,,40,2,2,2,1.0,20.0,True,unassessed
797,ARM6_0_R,3,mapped,525.0,CR_lat_OFC,CR_lateral_orbital_frontal_cortex,708.1406250000003,15,1,2,2,0.5,7.5,True,unassessed
797,ARM6_0_R,3,mapped,537.0,CR_caudal_OFC,CR_caudal_orbital_frontal_cortex,331.17187500000017,72,1,2,2,0.5,36.0,True,unassessed
797,ARM6_0_R,3,mapped,578.0,CR_M1/PM,CR_lateral_motor_cortex,2230.484375000001,1,1,2,2,0.5,0.5,True,unassessed
797,ARM6_0_R,3,mapped,653.0,CR_Rh,CR_rhinal_cortex,280.2343750000001,28,1,2,2,0.5,14.0,True,unassessed
797,ARM6_0_R,3,mapped,665.0,CR_TG,CR_temporal_pole,315.5156250000001,8,1,2,2,0.5,4.0,True,unassessed
797,ARM6_0_R,3,mapped,688.0,CR_STSf,CR_fundus_of_the_superior_temporal_sulcus,425.15625000000017,1,1,2,2,0.5,0.5,True,unassessed
797,ARM6_0_R,3,mapped,694.0,CR_STGr/STSd,CR_rostral_superior_temporal_region,593.8125000000002,4,1,2,2,0.5,2.0,True,unassessed
797,ARM6_0_R,3,mapped,724.0,CR_floor_of_ls,CR_floor_of_the_lateral_sulcus,303.2968750000001,27,1,2,2,0.5,13.5,True,unassessed
797,ARM6_0_R,3,mapped,1503.0,SR_LPal,SR_lateral_pallium,255.1562500000001,3,1,2,2,0.5,1.5,True,unassessed
797,ARM6_0_R,3,mapped,1505.0,SR_VPal,SR_ventral_pallium,54.51562500000002,3,1,2,2,0.5,1.5,True,unassessed
797,ARM6_0_R,3,mapped,1511.0,SR_HF,SR_hippocampal_formation,532.0937500000002,2,1,2,2,0.5,1.0,True,unassessed
797,ARM6_0_R,3,mapped,1540.0,SR_spAmy,SR_subpallial_amygdala,84.20312500000004,10,1,2,2,0.5,5.0,True,unassessed
797,ARM6_0_R,3,mapped,1551.0,SR_Str,SR_striatum,1922.421875000001,181,1,2,2,0.5,90.5,True,unassessed
797,ARM6_0_R,3,mapped,1562.0,SR_Pd,SR_pallidum,338.59375000000017,11,1,2,2,0.5,5.5,True,unassessed
797,ARM6_0_R,3,mapped,1569.0,SR_DSP,SR_diagonal_subpallium,182.70312500000009,2,1,2,2,0.5,1.0,True,unassessed
797,ARM6_0_R,3,zero_unassigned,0.0,,,,40,2,2,2,1.0,20.0,True,unassessed
797,ARM6_0_R,4,mapped,526.0,CR_areas_11/13,CR_areas_11_and_13,557.4062500000002,15,1,2,2,0.5,7.5,True,unassessed
797,ARM6_0_R,4,mapped,538.0,CR_OFa-p,CR_agranular_orbitofrontal_cortex,169.45312500000009,66,1,2,2,0.5,33.0,True,unassessed
797,ARM6_0_R,4,mapped,547.0,CR_cl_OFC,CR_caudolateral_orbitofrontal_cortex,136.07812500000006,6,1,2,2,0.5,3.0,True,unassessed
797,ARM6_0_R,4,mapped,580.0,CR_PM,CR_premotor_cortex,1468.3593750000007,1,1,2,2,0.5,0.5,True,unassessed
797,ARM6_0_R,4,mapped,654.0,CR_ERh,CR_entorhinal_cortex,130.48437500000006,13,1,2,2,0.5,6.5,True,unassessed
797,ARM6_0_R,4,mapped,660.0,CR_PRh,CR_perirhinal_cortex,149.75000000000006,15,1,2,2,0.5,7.5,True,unassessed
797,ARM6_0_R,4,mapped,666.0,CR_TGa,CR_agranular_temporal_pole,76.29687500000003,8,1,2,2,0.5,4.0,True,unassessed
797,ARM6_0_R,4,mapped,688.0,CR_STSf,CR_fundus_of_the_superior_temporal_sulcus,425.15625000000017,1,1,2,2,0.5,0.5,True,unassessed
797,ARM6_0_R,4,mapped,695.0,CR_STSd,CR_dorsal_bank_of_the_superior_temporal_sulcus,451.8750000000002,4,1,2,2,0.5,2.0,True,unassessed
797,ARM6_0_R,4,mapped,725.0,CR_Ins/Pi,CR_insula_and_parainsula,288.1875000000001,27,1,2,2,0.5,13.5,True,unassessed
797,ARM6_0_R,4,mapped,1504.0,SR_Cl,SR_claustrum,255.1562500000001,3,1,2,2,0.5,1.5,True,unassessed
797,ARM6_0_R,4,mapped,1509.0,SR_Pir,SR_piriform_cortex,30.796875000000014,3,1,2,2,0.5,1.5,True,unassessed
797,ARM6_0_R,4,mapped,1512.0,SR_HFA,SR_hippocampal_formation_anterior,353.15625000000017,2,1,2,2,0.5,1.0,True,unassessed
797,ARM6_0_R,4,mapped,1541.0,SR_stAmy,SR_striatal_amygdala,13.843750000000005,5,1,2,2,0.5,2.5,True,unassessed
797,ARM6_0_R,4,mapped,1546.0,SR_pdAmy,SR_pallidal_amygdala,29.640625000000014,5,1,2,2,0.5,2.5,True,unassessed
797,ARM6_0_R,4,mapped,1552.0,SR_DStr,SR_dorsal_striatum,1809.218750000001,163,1,2,2,0.5,81.5,True,unassessed
797,ARM6_0_R,4,mapped,1559.0,SR_VStr,SR_ventral_striatum,113.20312500000006,18,1,2,2,0.5,9.0,True,unassessed
797,ARM6_0_R,4,mapped,1562.0,SR_Pd,SR_pallidum,338.59375000000017,11,1,2,2,0.5,5.5,True,unassessed
797,ARM6_0_R,4,mapped,1570.0,SR_BR,SR_basal_nucleus_region,38.000000000000014,1,1,2,2,0.5,0.5,True,unassessed
797,ARM6_0_R,4,mapped,1573.0,SR_ST,SR_bed_nucleus_of_the_stria_terminalis,42.00000000000002,1,1,2,2,0.5,0.5,True,unassessed
797,ARM6_0_R,4,zero_unassigned,0.0,,,,40,2,2,2,1.0,20.0,True,unassessed
797,ARM6_0_R,5,mapped,530.0,CR_area_13,CR_area_13,419.17187500000017,15,1,2,2,0.5,7.5,True,unassessed
797,ARM6_0_R,5,mapped,539.0,CR_Iam/Iapm,CR_medial_agranular_insular_region,24.17187500000001,2,1,2,2,0.5,1.0,True,unassessed
797,ARM6_0_R,5,mapped,540.0,CR_lat_Ia,CR_lateral_agranular_insular_region,145.28125000000006,64,1,2,2,0.5,32.0,True,unassessed
797,ARM6_0_R,5,mapped,549.0,CR_PrCO,CR_precentral_operular_area,95.95312500000004,6,1,2,2,0.5,3.0,True,unassessed
797,ARM6_0_R,5,mapped,584.0,CR_PMv,CR_ventral_premotor_cortex,700.6093750000003,1,1,2,2,0.5,0.5,True,unassessed
797,ARM6_0_R,5,mapped,658.0,CR_mid_ERh,CR_middle_entorhinal_cortex,31.984375000000014,7,1,2,2,0.5,3.5,True,unassessed
797,ARM6_0_R,5,mapped,659.0,CR_rostral_ERh,CR_rostral_entorhinal_cortex,47.82812500000002,6,1,2,2,0.5,3.0,True,unassessed
797,ARM6_0_R,5,mapped,661.0,CR_area_35,CR_area_35,34.593750000000014,14,1,2,2,0.5,7.0,True,unassessed
797,ARM6_0_R,5,mapped,662.0,CR_area_36,CR_area_36,115.15625000000006,1,1,2,2,0.5,0.5,True,unassessed
797,ARM6_0_R,5,mapped,666.0,CR_TGa,CR_agranular_temporal_pole,76.29687500000003,8,1,2,2,0.5,4.0,True,unassessed
797,ARM6_0_R,5,mapped,689.0,CR_ant_STSf,CR_anterior_fundus_of_the_superior_temporal_sulcus,332.81250000000017,1,1,2,2,0.5,0.5,True,unassessed
797,ARM6_0_R,5,mapped,696.0,CR_TPO,CR_temporal_parietooccipital_associated_area,280.6406250000001,4,1,2,2,0.5,2.0,True,unassessed
797,ARM6_0_R,5,mapped,727.0,CR_Ins,CR_insula,260.9062500000001,27,1,2,2,0.5,13.5,True,unassessed
797,ARM6_0_R,5,mapped,1504.0,SR_Cl,SR_claustrum,255.1562500000001,3,1,2,2,0.5,1.5,True,unassessed
797,ARM6_0_R,5,mapped,1509.0,SR_Pir,SR_piriform_cortex,30.796875000000014,3,1,2,2,0.5,1.5,True,unassessed
797,ARM6_0_R,5,mapped,1516.0,SR_SA,SR_subicular_complex_anterior,81.28125000000004,2,1,2,2,0.5,1.0,True,unassessed
797,ARM6_0_R,5,mapped,1542.0,SR_Ce,SR_central_amygdaloid_nucleus,13.843750000000005,5,1,2,2,0.5,2.5,True,unassessed
797,ARM6_0_R,5,mapped,1548.0,SR_IPAC,SR_posterior_interstitial_nucleus,4.906250000000002,5,1,2,2,0.5,2.5,True,unassessed
797,ARM6_0_R,5,mapped,1553.0,SR_Cd,SR_caudate,649.5625000000003,17,1,2,2,0.5,8.5,True,unassessed
797,ARM6_0_R,5,mapped,1556.0,SR_Pu,SR_putamen,895.1093750000003,141,1,2,2,0.5,70.5,True,unassessed
797,ARM6_0_R,5,mapped,1558.0,SR_ic,SR_internal_capsule,230.7343750000001,5,1,2,2,0.5,2.5,True,unassessed
797,ARM6_0_R,5,mapped,1560.0,SR_Acb,SR_accumbens,94.96875000000004,18,1,2,2,0.5,9.0,True,unassessed
797,ARM6_0_R,5,mapped,1567.0,SR_ac,SR_anterior_commissure,77.82812500000003,11,1,2,2,0.5,5.5,True,unassessed
797,ARM6_0_R,5,mapped,1570.0,SR_BR,SR_basal_nucleus_region,38.000000000000014,1,1,2,2,0.5,0.5,True,unassessed
797,ARM6_0_R,5,mapped,1573.0,SR_ST,SR_bed_nucleus_of_the_stria_terminalis,42.00000000000002,1,1,2,2,0.5,0.5,True,unassessed
797,ARM6_0_R,5,zero_unassigned,0.0,,,,40,2,2,2,1.0,20.0,True,unassessed
797,ARM6_0_R,6,mapped,532.0,CR_area_13m,CR_medial_area_13,174.45312500000009,15,1,2,2,0.5,7.5,True,unassessed
797,ARM6_0_R,6,mapped,539.0,CR_Iam/Iapm,CR_medial_agranular_insular_region,24.17187500000001,2,1,2,2,0.5,1.0,True,unassessed
797,ARM6_0_R,6,mapped,541.0,CR_Iai,CR_intermediate_agranular_insula_area,81.48437500000004,22,1,2,2,0.5,11.0,True,unassessed
797,ARM6_0_R,6,mapped,542.0,CR_Ial,CR_lateral_agranular_insula_area,47.98437500000002,42,1,2,2,0.5,21.0,True,unassessed
797,ARM6_0_R,6,mapped,549.0,CR_PrCO,CR_precentral_operular_area,95.95312500000004,6,1,2,2,0.5,3.0,True,unassessed
797,ARM6_0_R,6,mapped,586.0,CR_F5,CR_area_F5_of_ventral_premotor_cortex,434.01562500000017,1,1,2,2,0.5,0.5,True,unassessed
797,ARM6_0_R,6,mapped,658.0,CR_mid_ERh,CR_middle_entorhinal_cortex,31.984375000000014,7,1,2,2,0.5,3.5,True,unassessed
797,ARM6_0_R,6,mapped,659.0,CR_rostral_ERh,CR_rostral_entorhinal_cortex,47.82812500000002,6,1,2,2,0.5,3.0,True,unassessed
797,ARM6_0_R,6,mapped,661.0,CR_area_35,CR_area_35,34.593750000000014,14,1,2,2,0.5,7.0,True,unassessed
797,ARM6_0_R,6,mapped,663.0,CR_area_36c,CR_caudal_area_36,53.96875000000002,1,1,2,2,0.5,0.5,True,unassessed
797,ARM6_0_R,6,mapped,666.0,CR_TGa,CR_agranular_temporal_pole,76.29687500000003,8,1,2,2,0.5,4.0,True,unassessed
797,ARM6_0_R,6,mapped,690.0,CR_IPa,CR_area_IPa,200.31250000000009,1,1,2,2,0.5,0.5,True,unassessed
797,ARM6_0_R,6,mapped,696.0,CR_TPO,CR_temporal_parietooccipital_associated_area,280.6406250000001,4,1,2,2,0.5,2.0,True,unassessed
797,ARM6_0_R,6,mapped,728.0,CR_Ia/Id,CR_agranular_and_dysgranular_insula,164.56250000000009,27,1,2,2,0.5,13.5,True,unassessed
797,ARM6_0_R,6,mapped,1504.0,SR_Cl,SR_claustrum,255.1562500000001,3,1,2,2,0.5,1.5,True,unassessed
797,ARM6_0_R,6,mapped,1509.0,SR_Pir,SR_piriform_cortex,30.796875000000014,3,1,2,2,0.5,1.5,True,unassessed
797,ARM6_0_R,6,mapped,1516.0,SR_SA,SR_subicular_complex_anterior,81.28125000000004,2,1,2,2,0.5,1.0,True,unassessed
797,ARM6_0_R,6,mapped,1542.0,SR_Ce,SR_central_amygdaloid_nucleus,13.843750000000005,5,1,2,2,0.5,2.5,True,unassessed
797,ARM6_0_R,6,mapped,1548.0,SR_IPAC,SR_posterior_interstitial_nucleus,4.906250000000002,5,1,2,2,0.5,2.5,True,unassessed
797,ARM6_0_R,6,mapped,1554.0,SR_CdH,SR_caudate_head,566.5156250000002,17,1,2,2,0.5,8.5,True,unassessed
797,ARM6_0_R,6,mapped,1556.0,SR_Pu,SR_putamen,895.1093750000003,141,1,2,2,0.5,70.5,True,unassessed
797,ARM6_0_R,6,mapped,1558.0,SR_ic,SR_internal_capsule,230.7343750000001,5,1,2,2,0.5,2.5,True,unassessed
797,ARM6_0_R,6,mapped,1560.0,SR_Acb,SR_accumbens,94.96875000000004,18,1,2,2,0.5,9.0,True,unassessed
797,ARM6_0_R,6,mapped,1567.0,SR_ac,SR_anterior_commissure,77.82812500000003,11,1,2,2,0.5,5.5,True,unassessed
797,ARM6_0_R,6,mapped,1571.0,SR_PeB,SR_peri-basal_region,12.453125000000005,1,1,2,2,0.5,0.5,True,unassessed
797,ARM6_0_R,6,mapped,1573.0,SR_ST,SR_bed_nucleus_of_the_stria_terminalis,42.00000000000002,1,1,2,2,0.5,0.5,True,unassessed
797,ARM6_0_R,6,zero_unassigned,0.0,,,,40,2,2,2,1.0,20.0,True,unassessed
797,ARM6_1004_L,1,mapped,1.0,CL_Frontal,CL_Frontal_Lobe,6154.890625000003,243,1,1,1,1.0,243.0,True,unassessed
797,ARM6_1004_L,1,mapped,1001.0,SL_tel,SL_telencephalon,3805.562500000002,67,1,1,1,1.0,67.0,True,unassessed
797,ARM6_1004_L,1,zero_unassigned,0.0,,,,53,1,1,1,1.0,53.0,True,unassessed
797,ARM6_1004_L,2,mapped,2.0,CL_ACgG,CL_anterior_cingulate_gyrus,602.7656250000002,76,1,1,1,1.0,76.0,True,unassessed
797,ARM6_1004_L,2,mapped,16.0,CL_OFC,CL_orbital_frontal_cortex,1344.9218750000007,31,1,1,1,1.0,31.0,True,unassessed
797,ARM6_1004_L,2,mapped,50.0,CL_lat_PFC,CL_lateral_prefrontal_cortex,1665.2031250000007,82,1,1,1,1.0,82.0,True,unassessed
797,ARM6_1004_L,2,mapped,77.0,CL_motor,CL_motor_cortex,2542.000000000001,54,1,1,1,1.0,54.0,True,unassessed
797,ARM6_1004_L,2,mapped,1002.0,SL_LVPal,SL_lateral_and_ventral_pallium,309.6718750000001,67,1,1,1,1.0,67.0,True,unassessed
797,ARM6_1004_L,2,zero_unassigned,0.0,,,,53,1,1,1,1.0,53.0,True,unassessed
797,ARM6_1004_L,3,mapped,3.0,CL_ACC,CL_anterior_cingulate_cortex,414.39062500000017,73,1,1,1,1.0,73.0,True,unassessed
797,ARM6_1004_L,3,mapped,11.0,CL_MCC,CL_midcingulate_cortex,188.37500000000009,3,1,1,1,1.0,3.0,True,unassessed
797,ARM6_1004_L,3,mapped,17.0,CL_med_OFC,CL_medial_orbital_frontal_cortex,305.6093750000001,14,1,1,1,1.0,14.0,True,unassessed
797,ARM6_1004_L,3,mapped,25.0,CL_lat_OFC,CL_lateral_orbital_frontal_cortex,708.1406250000003,13,1,1,1,1.0,13.0,True,unassessed
797,ARM6_1004_L,3,mapped,37.0,CL_caudal_OFC,CL_caudal_orbital_frontal_cortex,331.17187500000017,4,1,1,1,1.0,4.0,True,unassessed
797,ARM6_1004_L,3,mapped,54.0,CL_dlPFC,CL_dorsolateral_prefrontal_cortex,878.7187500000003,82,1,1,1,1.0,82.0,True,unassessed
797,ARM6_1004_L,3,mapped,78.0,CL_M1/PM,CL_lateral_motor_cortex,2230.484375000001,11,1,1,1,1.0,11.0,True,unassessed
797,ARM6_1004_L,3,mapped,87.0,CL_SMA/preSMA,CL_medial_supplementary_motor_areas,311.5156250000001,43,1,1,1,1.0,43.0,True,unassessed
797,ARM6_1004_L,3,mapped,1003.0,SL_LPal,SL_lateral_pallium,255.1562500000001,67,1,1,1,1.0,67.0,True,unassessed
797,ARM6_1004_L,3,zero_unassigned,0.0,,,,53,1,1,1,1.0,53.0,True,unassessed
797,ARM6_1004_L,4,mapped,4.0,CL_area_32,CL_area_32,91.60937500000004,34,1,1,1,1.0,34.0,True,unassessed
797,ARM6_1004_L,4,mapped,5.0,CL_area_25,CL_subgenual_cortex,32.890625000000014,1,1,1,1,1.0,1.0,True,unassessed
797,ARM6_1004_L,4,mapped,6.0,CL_area_24,CL_area_24,289.8906250000001,38,1,1,1,1.0,38.0,True,unassessed
797,ARM6_1004_L,4,mapped,11.0,CL_MCC,CL_midcingulate_cortex,188.37500000000009,3,1,1,1,1.0,3.0,True,unassessed
797,ARM6_1004_L,4,mapped,18.0,CL_area_10,CL_frontal_pole,235.2968750000001,14,1,1,1,1.0,14.0,True,unassessed
797,ARM6_1004_L,4,mapped,34.0,CL_area_12m/o,CL_medial_and_orbital_area_12,150.73437500000006,13,1,1,1,1.0,13.0,True,unassessed
797,ARM6_1004_L,4,mapped,47.0,CL_cl_OFC,CL_caudolateral_orbitofrontal_cortex,136.07812500000006,4,1,1,1,1.0,4.0,True,unassessed
797,ARM6_1004_L,4,mapped,55.0,CL_area_8B,CL_area_8B,284.1562500000001,31,1,1,1,1.0,31.0,True,unassessed
797,ARM6_1004_L,4,mapped,59.0,CL_rostral_dlPFC,CL_rostral_dorsolateral_prefrontal_cortex,594.5625000000002,51,1,1,1,1.0,51.0,True,unassessed
797,ARM6_1004_L,4,mapped,80.0,CL_PM,CL_premotor_cortex,1468.3593750000007,11,1,1,1,1.0,11.0,True,unassessed
797,ARM6_1004_L,4,mapped,87.0,CL_SMA/preSMA,CL_medial_supplementary_motor_areas,311.5156250000001,43,1,1,1,1.0,43.0,True,unassessed
797,ARM6_1004_L,4,mapped,1004.0,SL_Cl,SL_claustrum,255.1562500000001,67,1,1,1,1.0,67.0,True,unassessed
797,ARM6_1004_L,4,zero_unassigned,0.0,,,,53,1,1,1,1.0,53.0,True,unassessed
797,ARM6_1004_L,5,mapped,4.0,CL_area_32,CL_area_32,91.60937500000004,34,1,1,1,1.0,34.0,True,unassessed
797,ARM6_1004_L,5,mapped,5.0,CL_area_25,CL_subgenual_cortex,32.890625000000014,1,1,1,1,1.0,1.0,True,unassessed
797,ARM6_1004_L,5,mapped,7.0,CL_area_24a/b,CL_areas_24a_and_24b,92.98437500000004,32,1,1,1,1.0,32.0,True,unassessed
797,ARM6_1004_L,5,mapped,10.0,CL_area_24c,CL_area_24c,196.90625000000009,6,1,1,1,1.0,6.0,True,unassessed
797,ARM6_1004_L,5,mapped,12.0,CL_area_24a/b_prime,CL_areas_24a'_and_24b',72.70312500000003,3,1,1,1,1.0,3.0,True,unassessed
797,ARM6_1004_L,5,mapped,18.0,CL_area_10,CL_frontal_pole,235.2968750000001,14,1,1,1,1.0,14.0,True,unassessed
797,ARM6_1004_L,5,mapped,34.0,CL_area_12m/o,CL_medial_and_orbital_area_12,150.73437500000006,13,1,1,1,1.0,13.0,True,unassessed
797,ARM6_1004_L,5,mapped,49.0,CL_PrCO,CL_precentral_operular_area,95.95312500000004,4,1,1,1,1.0,4.0,True,unassessed
797,ARM6_1004_L,5,mapped,55.0,CL_area_8B,CL_area_8B,284.1562500000001,31,1,1,1,1.0,31.0,True,unassessed
797,ARM6_1004_L,5,mapped,60.0,CL_area_9,CL_area_9,312.0625000000001,42,1,1,1,1.0,42.0,True,unassessed
797,ARM6_1004_L,5,mapped,63.0,CL_area_46d,CL_dorsal_area_46,282.5000000000001,9,1,1,1,1.0,9.0,True,unassessed
797,ARM6_1004_L,5,mapped,81.0,CL_PMd,CL_dorsal_premotor_cortex,767.7500000000003,11,1,1,1,1.0,11.0,True,unassessed
797,ARM6_1004_L,5,mapped,88.0,CL_preSMA,CL_presupplementary_motor_area,115.06250000000006,43,1,1,1,1.0,43.0,True,unassessed
797,ARM6_1004_L,5,mapped,1004.0,SL_Cl,SL_claustrum,255.1562500000001,67,1,1,1,1.0,67.0,True,unassessed
797,ARM6_1004_L,5,zero_unassigned,0.0,,,,53,1,1,1,1.0,53.0,True,unassessed
797,ARM6_1004_L,6,mapped,4.0,CL_area_32,CL_area_32,91.60937500000004,34,1,1,1,1.0,34.0,True,unassessed
797,ARM6_1004_L,6,mapped,5.0,CL_area_25,CL_subgenual_cortex,32.890625000000014,1,1,1,1,1.0,1.0,True,unassessed
797,ARM6_1004_L,6,mapped,8.0,CL_area_24a,CL_area_24a,16.890625000000007,10,1,1,1,1.0,10.0,True,unassessed
797,ARM6_1004_L,6,mapped,9.0,CL_area_24b,CL_area_24b,76.09375000000003,22,1,1,1,1.0,22.0,True,unassessed
797,ARM6_1004_L,6,mapped,10.0,CL_area_24c,CL_area_24c,196.90625000000009,6,1,1,1,1.0,6.0,True,unassessed
797,ARM6_1004_L,6,mapped,14.0,CL_area_24b_prime,CL_area_24b',56.04687500000003,3,1,1,1,1.0,3.0,True,unassessed
797,ARM6_1004_L,6,mapped,20.0,CL_area_10mc,CL_caudal_medial_frontal_pole,81.95312500000004,14,1,1,1,1.0,14.0,True,unassessed
797,ARM6_1004_L,6,mapped,36.0,CL_area_12o,CL_orbital_area_12,68.65625000000003,13,1,1,1,1.0,13.0,True,unassessed
797,ARM6_1004_L,6,mapped,49.0,CL_PrCO,CL_precentral_operular_area,95.95312500000004,4,1,1,1,1.0,4.0,True,unassessed
797,ARM6_1004_L,6,mapped,56.0,CL_area_8Bd,CL_dorsal_area_8B,108.01562500000004,14,1,1,1,1.0,14.0,True,unassessed
797,ARM6_1004_L,6,mapped,57.0,CL_area_8Bm,CL_medial_area_8B,68.85937500000003,17,1,1,1,1.0,17.0,True,unassessed
797,ARM6_1004_L,6,mapped,61.0,CL_area_9d,CL_dorsal_area_9,248.4687500000001,42,1,1,1,1.0,42.0,True,unassessed
797,ARM6_1004_L,6,mapped,63.0,CL_area_46d,CL_dorsal_area_46,282.5000000000001,9,1,1,1,1.0,9.0,True,unassessed
797,ARM6_1004_L,6,mapped,83.0,CL_PMdr,CL_rostral_dorsal_premotor_cortex,80.56250000000004,11,1,1,1,1.0,11.0,True,unassessed
797,ARM6_1004_L,6,mapped,88.0,CL_preSMA,CL_presupplementary_motor_area,115.06250000000006,43,1,1,1,1.0,43.0,True,unassessed
797,ARM6_1004_L,6,mapped,1004.0,SL_Cl,SL_claustrum,255.1562500000001,67,1,1,1,1.0,67.0,True,unassessed
797,ARM6_1004_L,6,zero_unassigned,0.0,,,,53,1,1,1,1.0,53.0,True,unassessed
797,ARM6_1504_R,1,mapped,501.0,CR_Frontal,CR_Frontal_Lobe,6154.890625000003,35,1,1,1,1.0,35.0,True,unassessed
797,ARM6_1504_R,1,mapped,638.0,CR_Temporal,CR_Temporal_Lobe,4285.390625000002,541,1,1,1,1.0,541.0,True,unassessed
797,ARM6_1504_R,1,mapped,731.0,CR_Occipital,CR_Occipital_Lobe,4916.578125000002,38,1,1,1,1.0,38.0,True,unassessed
797,ARM6_1504_R,1,mapped,1501.0,SR_tel,SR_telencephalon,3805.562500000002,167,1,1,1,1.0,167.0,True,unassessed
797,ARM6_1504_R,1,zero_unassigned,0.0,,,,139,1,1,1,1.0,139.0,True,unassessed
797,ARM6_1504_R,2,mapped,516.0,CR_OFC,CR_orbital_frontal_cortex,1344.9218750000007,35,1,1,1,1.0,35.0,True,unassessed
797,ARM6_1504_R,2,mapped,639.0,CR_MTL,CR_medial_temporal_lobe,423.42187500000017,465,1,1,1,1.0,465.0,True,unassessed
797,ARM6_1504_R,2,mapped,675.0,CR_ITC,CR_inferior_temporal_cortex,1884.890625000001,74,1,1,1,1.0,74.0,True,unassessed
797,ARM6_1504_R,2,mapped,693.0,CR_STG/STSd,CR_superior_temporal_region,854.1250000000003,2,1,1,1,1.0,2.0,True,unassessed
797,ARM6_1504_R,2,mapped,733.0,CR_V2-V4,CR_extrastriate_visual_areas_2-4,2856.3593750000014,38,1,1,1,1.0,38.0,True,unassessed
797,ARM6_1504_R,2,mapped,1502.0,SR_LVPal,SR_lateral_and_ventral_pallium,309.6718750000001,133,1,1,1,1.0,133.0,True,unassessed
797,ARM6_1504_R,2,mapped,1510.0,SR_MPal,SR_medial_pallium,575.5000000000002,24,1,1,1,1.0,24.0,True,unassessed
797,ARM6_1504_R,2,mapped,1550.0,SR_BG,SR_basal_ganglia,2261.015625000001,10,1,1,1,1.0,10.0,True,unassessed
797,ARM6_1504_R,2,zero_unassigned,0.0,,,,139,1,1,1,1.0,139.0,True,unassessed
797,ARM6_1504_R,3,mapped,525.0,CR_lat_OFC,CR_lateral_orbital_frontal_cortex,708.1406250000003,31,1,1,1,1.0,31.0,True,unassessed
797,ARM6_1504_R,3,mapped,537.0,CR_caudal_OFC,CR_caudal_orbital_frontal_cortex,331.17187500000017,4,1,1,1,1.0,4.0,True,unassessed
797,ARM6_1504_R,3,mapped,648.0,CR_paraHipp,CR_parahippocampal_cortex,143.18750000000006,448,1,1,1,1.0,448.0,True,unassessed
797,ARM6_1504_R,3,mapped,653.0,CR_Rh,CR_rhinal_cortex,280.2343750000001,17,1,1,1,1.0,17.0,True,unassessed
797,ARM6_1504_R,3,mapped,677.0,CR_TE,CR_area_TE,1175.3906250000005,13,1,1,1,1.0,13.0,True,unassessed
797,ARM6_1504_R,3,mapped,688.0,CR_STSf,CR_fundus_of_the_superior_temporal_sulcus,425.15625000000017,61,1,1,1,1.0,61.0,True,unassessed
797,ARM6_1504_R,3,mapped,694.0,CR_STGr/STSd,CR_rostral_superior_temporal_region,593.8125000000002,2,1,1,1,1.0,2.0,True,unassessed
797,ARM6_1504_R,3,mapped,734.0,CR_V4,CR_visual_area_4,764.9843750000003,10,1,1,1,1.0,10.0,True,unassessed
797,ARM6_1504_R,3,mapped,737.0,CR_V2-V3,CR_preoccipital_visual_areas_2-3,2091.375000000001,28,1,1,1,1.0,28.0,True,unassessed
797,ARM6_1504_R,3,mapped,1503.0,SR_LPal,SR_lateral_pallium,255.1562500000001,133,1,1,1,1.0,133.0,True,unassessed
797,ARM6_1504_R,3,mapped,1511.0,SR_HF,SR_hippocampal_formation,532.0937500000002,24,1,1,1,1.0,24.0,True,unassessed
797,ARM6_1504_R,3,mapped,1551.0,SR_Str,SR_striatum,1922.421875000001,10,1,1,1,1.0,10.0,True,unassessed
797,ARM6_1504_R,3,zero_unassigned,0.0,,,,139,1,1,1,1.0,139.0,True,unassessed
797,ARM6_1504_R,4,mapped,526.0,CR_areas_11/13,CR_areas_11_and_13,557.4062500000002,30,1,1,1,1.0,30.0,True,unassessed
797,ARM6_1504_R,4,mapped,534.0,CR_area_12m/o,CR_medial_and_orbital_area_12,150.73437500000006,1,1,1,1,1.0,1.0,True,unassessed
797,ARM6_1504_R,4,mapped,538.0,CR_OFa-p,CR_agranular_orbitofrontal_cortex,169.45312500000009,4,1,1,1,1.0,4.0,True,unassessed
797,ARM6_1504_R,4,mapped,648.0,CR_paraHipp,CR_parahippocampal_cortex,143.18750000000006,448,1,1,1,1.0,448.0,True,unassessed
797,ARM6_1504_R,4,mapped,654.0,CR_ERh,CR_entorhinal_cortex,130.48437500000006,13,1,1,1,1.0,13.0,True,unassessed
797,ARM6_1504_R,4,mapped,660.0,CR_PRh,CR_perirhinal_cortex,149.75000000000006,4,1,1,1,1.0,4.0,True,unassessed
797,ARM6_1504_R,4,mapped,678.0,CR_gyral_TE,CR_gyral_aspect_of_area_TE,874.3125000000003,13,1,1,1,1.0,13.0,True,unassessed
797,ARM6_1504_R,4,mapped,688.0,CR_STSf,CR_fundus_of_the_superior_temporal_sulcus,425.15625000000017,61,1,1,1,1.0,61.0,True,unassessed
797,ARM6_1504_R,4,mapped,695.0,CR_STSd,CR_dorsal_bank_of_the_superior_temporal_sulcus,451.8750000000002,2,1,1,1,1.0,2.0,True,unassessed
797,ARM6_1504_R,4,mapped,734.0,CR_V4,CR_visual_area_4,764.9843750000003,10,1,1,1,1.0,10.0,True,unassessed
797,ARM6_1504_R,4,mapped,738.0,CR_V3,CR_visual_area_3,516.0000000000002,13,1,1,1,1.0,13.0,True,unassessed
797,ARM6_1504_R,4,mapped,743.0,CR_V2,CR_visual_area_2,1575.3750000000007,15,1,1,1,1.0,15.0,True,unassessed
797,ARM6_1504_R,4,mapped,1504.0,SR_Cl,SR_claustrum,255.1562500000001,133,1,1,1,1.0,133.0,True,unassessed
797,ARM6_1504_R,4,mapped,1512.0,SR_HFA,SR_hippocampal_formation_anterior,353.15625000000017,9,1,1,1,1.0,9.0,True,unassessed
797,ARM6_1504_R,4,mapped,1517.0,SR_HFP,SR_hippocampal_formation_posterior,178.93750000000009,15,1,1,1,1.0,15.0,True,unassessed
797,ARM6_1504_R,4,mapped,1552.0,SR_DStr,SR_dorsal_striatum,1809.218750000001,10,1,1,1,1.0,10.0,True,unassessed
797,ARM6_1504_R,4,zero_unassigned,0.0,,,,139,1,1,1,1.0,139.0,True,unassessed
797,ARM6_1504_R,5,mapped,530.0,CR_area_13,CR_area_13,419.17187500000017,30,1,1,1,1.0,30.0,True,unassessed
797,ARM6_1504_R,5,mapped,534.0,CR_area_12m/o,CR_medial_and_orbital_area_12,150.73437500000006,1,1,1,1,1.0,1.0,True,unassessed
797,ARM6_1504_R,5,mapped,540.0,CR_lat_Ia,CR_lateral_agranular_insular_region,145.28125000000006,4,1,1,1,1.0,4.0,True,unassessed
797,ARM6_1504_R,5,mapped,649.0,CR_TF/TFO,CR_areas_TF_and_TFO,138.75000000000006,446,1,1,1,1.0,446.0,True,unassessed
797,ARM6_1504_R,5,mapped,652.0,CR_TH,CR_area_TH,4.437500000000002,2,1,1,1,1.0,2.0,True,unassessed
797,ARM6_1504_R,5,mapped,655.0,CR_caudal_ERh,CR_caudal_entorhinal_cortex,50.67187500000002,10,1,1,1,1.0,10.0,True,unassessed
797,ARM6_1504_R,5,mapped,658.0,CR_mid_ERh,CR_middle_entorhinal_cortex,31.984375000000014,3,1,1,1,1.0,3.0,True,unassessed
797,ARM6_1504_R,5,mapped,661.0,CR_area_35,CR_area_35,34.593750000000014,4,1,1,1,1.0,4.0,True,unassessed
797,ARM6_1504_R,5,mapped,679.0,CR_post_TE,CR_posterior_area_TE,454.8906250000002,13,1,1,1,1.0,13.0,True,unassessed
797,ARM6_1504_R,5,mapped,689.0,CR_ant_STSf,CR_anterior_fundus_of_the_superior_temporal_sulcus,332.81250000000017,61,1,1,1,1.0,61.0,True,unassessed
797,ARM6_1504_R,5,mapped,696.0,CR_TPO,CR_temporal_parietooccipital_associated_area,280.6406250000001,2,1,1,1,1.0,2.0,True,unassessed
797,ARM6_1504_R,5,mapped,736.0,CR_V4v,CR_ventral_visual_area_4,298.5625000000001,10,1,1,1,1.0,10.0,True,unassessed
797,ARM6_1504_R,5,mapped,742.0,CR_V3v,CR_ventral_visual_area_3,224.7968750000001,13,1,1,1,1.0,13.0,True,unassessed
797,ARM6_1504_R,5,mapped,743.0,CR_V2,CR_visual_area_2,1575.3750000000007,15,1,1,1,1.0,15.0,True,unassessed
797,ARM6_1504_R,5,mapped,1504.0,SR_Cl,SR_claustrum,255.1562500000001,133,1,1,1,1.0,133.0,True,unassessed
797,ARM6_1504_R,5,mapped,1516.0,SR_SA,SR_subicular_complex_anterior,81.28125000000004,9,1,1,1,1.0,9.0,True,unassessed
797,ARM6_1504_R,5,mapped,1521.0,SR_SP,SR_subicular_complex_posterior,52.06250000000002,15,1,1,1,1.0,15.0,True,unassessed
797,ARM6_1504_R,5,mapped,1556.0,SR_Pu,SR_putamen,895.1093750000003,10,1,1,1,1.0,10.0,True,unassessed
797,ARM6_1504_R,5,zero_unassigned,0.0,,,,139,1,1,1,1.0,139.0,True,unassessed
797,ARM6_1504_R,6,mapped,533.0,CR_area_13l,CR_lateral_area_13,120.60937500000006,30,1,1,1,1.0,30.0,True,unassessed
797,ARM6_1504_R,6,mapped,536.0,CR_area_12o,CR_orbital_area_12,68.65625000000003,1,1,1,1,1.0,1.0,True,unassessed
797,ARM6_1504_R,6,mapped,541.0,CR_Iai,CR_intermediate_agranular_insula_area,81.48437500000004,4,1,1,1,1.0,4.0,True,unassessed
797,ARM6_1504_R,6,mapped,650.0,CR_TFO,CR_area_TFO,65.18750000000003,358,1,1,1,1.0,358.0,True,unassessed
797,ARM6_1504_R,6,mapped,651.0,CR_TF,CR_area_TF,73.56250000000003,88,1,1,1,1.0,88.0,True,unassessed
797,ARM6_1504_R,6,mapped,652.0,CR_TH,CR_area_TH,4.437500000000002,2,1,1,1,1.0,2.0,True,unassessed
797,ARM6_1504_R,6,mapped,656.0,CR_EC,CR_caudal_division_of_entorhinal_cortex,41.98437500000002,10,1,1,1,1.0,10.0,True,unassessed
797,ARM6_1504_R,6,mapped,658.0,CR_mid_ERh,CR_middle_entorhinal_cortex,31.984375000000014,3,1,1,1,1.0,3.0,True,unassessed
797,ARM6_1504_R,6,mapped,661.0,CR_area_35,CR_area_35,34.593750000000014,4,1,1,1,1.0,4.0,True,unassessed
797,ARM6_1504_R,6,mapped,680.0,CR_TEpv,CR_posterior_ventral_area_TE,206.85937500000009,13,1,1,1,1.0,13.0,True,unassessed
797,ARM6_1504_R,6,mapped,690.0,CR_IPa,CR_area_IPa,200.31250000000009,49,1,1,1,1.0,49.0,True,unassessed
797,ARM6_1504_R,6,mapped,691.0,CR_PGa,CR_area_PGa,132.50000000000006,12,1,1,1,1.0,12.0,True,unassessed
797,ARM6_1504_R,6,mapped,696.0,CR_TPO,CR_temporal_parietooccipital_associated_area,280.6406250000001,2,1,1,1,1.0,2.0,True,unassessed
797,ARM6_1504_R,6,mapped,736.0,CR_V4v,CR_ventral_visual_area_4,298.5625000000001,10,1,1,1,1.0,10.0,True,unassessed
797,ARM6_1504_R,6,mapped,742.0,CR_V3v,CR_ventral_visual_area_3,224.7968750000001,13,1,1,1,1.0,13.0,True,unassessed
797,ARM6_1504_R,6,mapped,745.0,CR_clearly_V2,CR_clearly_part_of_visual_area_2,1545.0937500000007,15,1,1,1,1.0,15.0,True,unassessed
797,ARM6_1504_R,6,mapped,1504.0,SR_Cl,SR_claustrum,255.1562500000001,133,1,1,1,1.0,133.0,True,unassessed
797,ARM6_1504_R,6,mapped,1516.0,SR_SA,SR_subicular_complex_anterior,81.28125000000004,9,1,1,1,1.0,9.0,True,unassessed
797,ARM6_1504_R,6,mapped,1521.0,SR_SP,SR_subicular_complex_posterior,52.06250000000002,15,1,1,1,1.0,15.0,True,unassessed
797,ARM6_1504_R,6,mapped,1556.0,SR_Pu,SR_putamen,895.1093750000003,10,1,1,1,1.0,10.0,True,unassessed
797,ARM6_1504_R,6,zero_unassigned,0.0,,,,139,1,1,1,1.0,139.0,True,unassessed
797,ARM6_229_L,1,mapped,1.0,CL_Frontal,CL_Frontal_Lobe,6154.890625000003,88,1,5,5,0.2,17.6,True,unassessed
797,ARM6_229_L,1,mapped,90.0,CL_Parietal,CL_Parietal_Lobe,3774.453125000002,338,3,5,5,0.6,67.6,True,unassessed
797,ARM6_229_L,1,mapped,138.0,CL_Temporal,CL_Temporal_Lobe,4285.390625000002,1287,5,5,5,1.0,257.4,True,unassessed
797,ARM6_229_L,1,mapped,1001.0,SL_tel,SL_telencephalon,3805.562500000002,967,5,5,5,1.0,193.4,True,unassessed
797,ARM6_229_L,1,mapped,1082.0,SL_di,SL_diencephalon,1285.0937500000007,45,1,5,5,0.2,9.0,True,unassessed
797,ARM6_229_L,1,zero_unassigned,0.0,,,,448,5,5,5,1.0,89.6,True,unassessed
797,ARM6_229_L,2,mapped,77.0,CL_motor,CL_motor_cortex,2542.000000000001,88,1,5,5,0.2,17.6,True,unassessed
797,ARM6_229_L,2,mapped,91.0,CL_SI/SII,CL_somatosensory_cortex,1186.0000000000005,42,2,5,5,0.4,8.4,True,unassessed
797,ARM6_229_L,2,mapped,112.0,CL_IPL,CL_inferior_parietal_lobule,1044.0156250000005,296,3,5,5,0.6,59.2,True,unassessed
797,ARM6_229_L,2,mapped,204.0,CL_core/belt,CL_core_and_belt_areas_of_auditory_cortex,504.1406250000002,50,2,5,5,0.4,10.0,True,unassessed
797,ARM6_229_L,2,mapped,224.0,CL_floor_of_ls,CL_floor_of_the_lateral_sulcus,303.2968750000001,1237,5,5,5,1.0,247.4,True,unassessed
797,ARM6_229_L,2,mapped,1002.0,SL_LVPal,SL_lateral_and_ventral_pallium,309.6718750000001,19,3,5,5,0.6,3.8,True,unassessed
797,ARM6_229_L,2,mapped,1024.0,SL_Amy,SL_amygdala,302.0000000000001,17,2,5,5,0.4,3.4,True,unassessed
797,ARM6_229_L,2,mapped,1050.0,SL_BG,SL_basal_ganglia,2261.015625000001,931,4,5,5,0.8,186.2,True,unassessed
797,ARM6_229_L,2,mapped,1113.0,SL_Thal,SL_thalamus,970.0312500000005,45,1,5,5,0.2,9.0,True,unassessed
797,ARM6_229_L,2,zero_unassigned,0.0,,,,448,5,5,5,1.0,89.6,True,unassessed
797,ARM6_229_L,3,mapped,78.0,CL_M1/PM,CL_lateral_motor_cortex,2230.484375000001,88,1,5,5,0.2,17.6,True,unassessed
797,ARM6_229_L,3,mapped,92.0,CL_SI,CL_primary_somatosensory_cortex,900.6875000000005,32,1,5,5,0.2,6.4,True,unassessed
797,ARM6_229_L,3,mapped,95.0,CL_SII,CL_secondary_somatosensory_cortex,285.3125000000001,10,2,5,5,0.4,2.0,True,unassessed
797,ARM6_229_L,3,mapped,120.0,CL_area_7_in_IPL,CL_area_7_in_the_inferior_parietal_lobule,560.8125000000002,296,3,5,5,0.6,59.2,True,unassessed
797,ARM6_229_L,3,mapped,205.0,CL_belt,CL_belt_areas_of_auditory_cortex,316.8750000000001,50,2,5,5,0.4,10.0,True,unassessed
797,ARM6_229_L,3,mapped,224.0,CL_floor_of_ls,CL_floor_of_the_lateral_sulcus,303.2968750000001,1237,5,5,5,1.0,247.4,True,unassessed
797,ARM6_229_L,3,mapped,1003.0,SL_LPal,SL_lateral_pallium,255.1562500000001,19,3,5,5,0.6,3.8,True,unassessed
797,ARM6_229_L,3,mapped,1040.0,SL_spAmy,SL_subpallial_amygdala,84.20312500000004,17,2,5,5,0.4,3.4,True,unassessed
797,ARM6_229_L,3,mapped,1051.0,SL_Str,SL_striatum,1922.421875000001,931,4,5,5,0.8,186.2,True,unassessed
797,ARM6_229_L,3,mapped,1157.0,SL_GThal,SL_geniculate_thalamus,121.76562500000006,45,1,5,5,0.2,9.0,True,unassessed
797,ARM6_229_L,3,zero_unassigned,0.0,,,,448,5,5,5,1.0,89.6,True,unassessed
797,ARM6_229_L,4,mapped,80.0,CL_PM,CL_premotor_cortex,1468.3593750000007,88,1,5,5,0.2,17.6,True,unassessed
797,ARM6_229_L,4,mapped,92.0,CL_SI,CL_primary_somatosensory_cortex,900.6875000000005,32,1,5,5,0.2,6.4,True,unassessed
797,ARM6_229_L,4,mapped,95.0,CL_SII,CL_secondary_somatosensory_cortex,285.3125000000001,10,2,5,5,0.4,2.0,True,unassessed
797,ARM6_229_L,4,mapped,120.0,CL_area_7_in_IPL,CL_area_7_in_the_inferior_parietal_lobule,560.8125000000002,296,3,5,5,0.6,59.2,True,unassessed
797,ARM6_229_L,4,mapped,206.0,CL_lat_belt,CL_lateral_belt_areas,188.89062500000009,3,1,5,5,0.2,0.6,True,unassessed
797,ARM6_229_L,4,mapped,213.0,CL_med_belt,CL_medial_belt_areas,127.98437500000006,47,2,5,5,0.4,9.4,True,unassessed
797,ARM6_229_L,4,mapped,225.0,CL_Ins/Pi,CL_insula_and_parainsula,288.1875000000001,1194,5,5,5,1.0,238.8,True,unassessed
797,ARM6_229_L,4,mapped,230.0,CL_Ri,CL_retroinsula,15.109375000000007,43,3,5,5,0.6,8.6,True,unassessed
797,ARM6_229_L,4,mapped,1004.0,SL_Cl,SL_claustrum,255.1562500000001,19,3,5,5,0.6,3.8,True,unassessed
797,ARM6_229_L,4,mapped,1046.0,SL_pdAmy,SL_pallidal_amygdala,29.640625000000014,17,2,5,5,0.4,3.4,True,unassessed
797,ARM6_229_L,4,mapped,1052.0,SL_DStr,SL_dorsal_striatum,1809.218750000001,931,4,5,5,0.8,186.2,True,unassessed
797,ARM6_229_L,4,mapped,1159.0,SL_MG,SL_medial_geniculate,28.406250000000014,45,1,5,5,0.2,9.0,True,unassessed
797,ARM6_229_L,4,zero_unassigned,0.0,,,,448,5,5,5,1.0,89.6,True,unassessed
797,ARM6_229_L,5,mapped,84.0,CL_PMv,CL_ventral_premotor_cortex,700.6093750000003,88,1,5,5,0.2,17.6,True,unassessed
797,ARM6_229_L,5,mapped,93.0,CL_area_3a/b,CL_areas_3a_and_3b,245.3906250000001,29,1,5,5,0.2,5.8,True,unassessed
797,ARM6_229_L,5,mapped,94.0,CL_areas_1-2,CL_areas_1-2,655.2968750000003,3,1,5,5,0.2,0.6,True,unassessed
797,ARM6_229_L,5,mapped,95.0,CL_SII,CL_secondary_somatosensory_cortex,285.3125000000001,10,2,5,5,0.4,2.0,True,unassessed
797,ARM6_229_L,5,mapped,124.0,CL_area_7op,CL_parietal_operculum,167.64062500000009,296,3,5,5,0.6,59.2,True,unassessed
797,ARM6_229_L,5,mapped,207.0,CL_CL/ML,CL_caudal_areas_of_the_lateral_belt,63.14062500000003,3,1,5,5,0.2,0.6,True,unassessed
797,ARM6_229_L,5,mapped,214.0,CL_CM,CL_caudomedial_belt_region,60.00000000000003,31,2,5,5,0.4,6.2,True,unassessed
797,ARM6_229_L,5,mapped,215.0,CL_RM/RTM,CL_rostral_areas_of_the_medial_belt,67.98437500000003,16,1,5,5,0.2,3.2,True,unassessed
797,ARM6_229_L,5,mapped,226.0,CL_Pi,CL_parainsula,27.28125000000001,5,1,5,5,0.2,1.0,True,unassessed
797,ARM6_229_L,5,mapped,227.0,CL_Ins,CL_insula,260.9062500000001,1189,5,5,5,1.0,237.8,True,unassessed
797,ARM6_229_L,5,mapped,230.0,CL_Ri,CL_retroinsula,15.109375000000007,43,3,5,5,0.6,8.6,True,unassessed
797,ARM6_229_L,5,mapped,1004.0,SL_Cl,SL_claustrum,255.1562500000001,19,3,5,5,0.6,3.8,True,unassessed
797,ARM6_229_L,5,mapped,1049.0,SL_STIA,SL_intraamygdaloid_stria_terminalis,15.593750000000007,17,2,5,5,0.4,3.4,True,unassessed
797,ARM6_229_L,5,mapped,1056.0,SL_Pu,SL_putamen,895.1093750000003,931,4,5,5,0.8,186.2,True,unassessed
797,ARM6_229_L,5,mapped,1159.0,SL_MG,SL_medial_geniculate,28.406250000000014,45,1,5,5,0.2,9.0,True,unassessed
797,ARM6_229_L,5,zero_unassigned,0.0,,,,448,5,5,5,1.0,89.6,True,unassessed
797,ARM6_229_L,6,mapped,86.0,CL_F5,CL_area_F5_of_ventral_premotor_cortex,434.01562500000017,88,1,5,5,0.2,17.6,True,unassessed
797,ARM6_229_L,6,mapped,93.0,CL_area_3a/b,CL_areas_3a_and_3b,245.3906250000001,29,1,5,5,0.2,5.8,True,unassessed
797,ARM6_229_L,6,mapped,94.0,CL_areas_1-2,CL_areas_1-2,655.2968750000003,3,1,5,5,0.2,0.6,True,unassessed
797,ARM6_229_L,6,mapped,95.0,CL_SII,CL_secondary_somatosensory_cortex,285.3125000000001,10,2,5,5,0.4,2.0,True,unassessed
797,ARM6_229_L,6,mapped,124.0,CL_area_7op,CL_parietal_operculum,167.64062500000009,296,3,5,5,0.6,59.2,True,unassessed
797,ARM6_229_L,6,mapped,208.0,CL_CL,CL_caudal_lateral_belt_region,27.81250000000001,3,1,5,5,0.2,0.6,True,unassessed
797,ARM6_229_L,6,mapped,214.0,CL_CM,CL_caudomedial_belt_region,60.00000000000003,31,2,5,5,0.4,6.2,True,unassessed
797,ARM6_229_L,6,mapped,216.0,CL_RM,CL_rostromedial_belt_region,47.87500000000002,16,1,5,5,0.2,3.2,True,unassessed
797,ARM6_229_L,6,mapped,226.0,CL_Pi,CL_parainsula,27.28125000000001,5,1,5,5,0.2,1.0,True,unassessed
797,ARM6_229_L,6,mapped,228.0,CL_Ia/Id,CL_agranular_and_dysgranular_insula,164.56250000000009,361,4,5,5,0.8,72.2,True,unassessed
797,ARM6_229_L,6,mapped,229.0,CL_Ig,CL_granular_insula,96.34375000000004,828,5,5,5,1.0,165.6,True,unassessed
797,ARM6_229_L,6,mapped,230.0,CL_Ri,CL_retroinsula,15.109375000000007,43,3,5,5,0.6,8.6,True,unassessed
797,ARM6_229_L,6,mapped,1004.0,SL_Cl,SL_claustrum,255.1562500000001,19,3,5,5,0.6,3.8,True,unassessed
797,ARM6_229_L,6,mapped,1049.0,SL_STIA,SL_intraamygdaloid_stria_terminalis,15.593750000000007,17,2,5,5,0.4,3.4,True,unassessed
797,ARM6_229_L,6,mapped,1056.0,SL_Pu,SL_putamen,895.1093750000003,931,4,5,5,0.8,186.2,True,unassessed
797,ARM6_229_L,6,mapped,1159.0,SL_MG,SL_medial_geniculate,28.406250000000014,45,1,5,5,0.2,9.0,True,unassessed
797,ARM6_229_L,6,zero_unassigned,0.0,,,,448,5,5,5,1.0,89.6,True,unassessed
797,ARM6_41_L,1,mapped,1.0,CL_Frontal,CL_Frontal_Lobe,6154.890625000003,2068,14,15,15,0.9333333333333333,137.86666666666667,True,unassessed
797,ARM6_41_L,1,mapped,138.0,CL_Temporal,CL_Temporal_Lobe,4285.390625000002,187,5,15,15,0.3333333333333333,12.466666666666667,True,unassessed
797,ARM6_41_L,1,mapped,638.0,CR_Temporal,CR_Temporal_Lobe,4285.390625000002,162,1,15,15,0.06666666666666667,10.8,True,unassessed
797,ARM6_41_L,1,mapped,1001.0,SL_tel,SL_telencephalon,3805.562500000002,1024,8,15,15,0.5333333333333333,68.26666666666667,True,unassessed
797,ARM6_41_L,1,mapped,1082.0,SL_di,SL_diencephalon,1285.0937500000007,113,3,15,15,0.2,7.533333333333333,True,unassessed
797,ARM6_41_L,1,mapped,1169.0,SL_mes,SL_mesencephalon,635.8437500000002,28,2,15,15,0.13333333333333333,1.8666666666666667,True,unassessed
797,ARM6_41_L,1,mapped,1211.0,SL_met,SL_metencephalon,4219.281250000002,9,1,15,15,0.06666666666666667,0.6,True,unassessed
797,ARM6_41_L,1,mapped,1501.0,SR_tel,SR_telencephalon,3805.562500000002,203,3,15,15,0.2,13.533333333333333,True,unassessed
797,ARM6_41_L,1,mapped,1582.0,SR_di,SR_diencephalon,1285.0937500000007,39,3,15,15,0.2,2.6,True,unassessed
797,ARM6_41_L,1,mapped,1669.0,SR_mes,SR_mesencephalon,635.8437500000002,6,1,15,15,0.06666666666666667,0.4,True,unassessed
797,ARM6_41_L,1,mapped,1711.0,SR_met,SR_metencephalon,4219.281250000002,1,1,15,15,0.06666666666666667,0.06666666666666667,True,unassessed
797,ARM6_41_L,1,zero_unassigned,0.0,,,,324,13,15,15,0.8666666666666667,21.6,True,unassessed
797,ARM6_41_L,2,mapped,2.0,CL_ACgG,CL_anterior_cingulate_gyrus,602.7656250000002,2,1,15,15,0.06666666666666667,0.13333333333333333,True,unassessed
797,ARM6_41_L,2,mapped,16.0,CL_OFC,CL_orbital_frontal_cortex,1344.9218750000007,2053,14,15,15,0.9333333333333333,136.86666666666667,True,unassessed
797,ARM6_41_L,2,mapped,50.0,CL_lat_PFC,CL_lateral_prefrontal_cortex,1665.2031250000007,13,2,15,15,0.13333333333333333,0.8666666666666667,True,unassessed
797,ARM6_41_L,2,mapped,165.0,CL_TG,CL_temporal_pole,315.5156250000001,116,5,15,15,0.3333333333333333,7.733333333333333,True,unassessed
797,ARM6_41_L,2,mapped,204.0,CL_core/belt,CL_core_and_belt_areas_of_auditory_cortex,504.1406250000002,5,1,15,15,0.06666666666666667,0.3333333333333333,True,unassessed
797,ARM6_41_L,2,mapped,224.0,CL_floor_of_ls,CL_floor_of_the_lateral_sulcus,303.2968750000001,66,1,15,15,0.06666666666666667,4.4,True,unassessed
797,ARM6_41_L,2,mapped,724.0,CR_floor_of_ls,CR_floor_of_the_lateral_sulcus,303.2968750000001,162,1,15,15,0.06666666666666667,10.8,True,unassessed
797,ARM6_41_L,2,mapped,1002.0,SL_LVPal,SL_lateral_and_ventral_pallium,309.6718750000001,66,4,15,15,0.26666666666666666,4.4,True,unassessed
797,ARM6_41_L,2,mapped,1010.0,SL_MPal,SL_medial_pallium,575.5000000000002,69,2,15,15,0.13333333333333333,4.6,True,unassessed
797,ARM6_41_L,2,mapped,1024.0,SL_Amy,SL_amygdala,302.0000000000001,73,4,15,15,0.26666666666666666,4.866666666666666,True,unassessed
797,ARM6_41_L,2,mapped,1050.0,SL_BG,SL_basal_ganglia,2261.015625000001,712,6,15,15,0.4,47.46666666666667,True,unassessed
797,ARM6_41_L,2,mapped,1069.0,SL_DSP,SL_diagonal_subpallium,182.70312500000009,80,6,15,15,0.4,5.333333333333333,True,unassessed
797,ARM6_41_L,2,mapped,1077.0,SL_POC,SL_preoptic_complex,174.67187500000009,24,2,15,15,0.13333333333333333,1.6,True,unassessed
797,ARM6_41_L,2,mapped,1083.0,SL_Hy,SL_hypothalamus,235.7812500000001,72,2,15,15,0.13333333333333333,4.8,True,unassessed
797,ARM6_41_L,2,mapped,1113.0,SL_Thal,SL_thalamus,970.0312500000005,40,3,15,15,0.2,2.6666666666666665,True,unassessed
797,ARM6_41_L,2,mapped,1160.0,SL_EpiThal,SL_epithalamus,15.359375000000007,1,1,15,15,0.06666666666666667,0.06666666666666667,True,unassessed
797,ARM6_41_L,2,mapped,1170.0,SL_Mid,SL_midbrain,635.8437500000002,28,2,15,15,0.13333333333333333,1.8666666666666667,True,unassessed
797,ARM6_41_L,2,mapped,1212.0,SL_Pons,SL_pons,782.1093750000003,9,1,15,15,0.06666666666666667,0.6,True,unassessed
797,ARM6_41_L,2,mapped,1524.0,SR_Amy,SR_amygdala,302.0000000000001,6,1,15,15,0.06666666666666667,0.4,True,unassessed
797,ARM6_41_L,2,mapped,1550.0,SR_BG,SR_basal_ganglia,2261.015625000001,187,2,15,15,0.13333333333333333,12.466666666666667,True,unassessed
797,ARM6_41_L,2,mapped,1569.0,SR_DSP,SR_diagonal_subpallium,182.70312500000009,9,2,15,15,0.13333333333333333,0.6,True,unassessed
797,ARM6_41_L,2,mapped,1577.0,SR_POC,SR_preoptic_complex,174.67187500000009,1,1,15,15,0.06666666666666667,0.06666666666666667,True,unassessed
797,ARM6_41_L,2,mapped,1583.0,SR_Hy,SR_hypothalamus,235.7812500000001,1,1,15,15,0.06666666666666667,0.06666666666666667,True,unassessed
797,ARM6_41_L,2,mapped,1613.0,SR_Thal,SR_thalamus,970.0312500000005,38,3,15,15,0.2,2.533333333333333,True,unassessed
797,ARM6_41_L,2,mapped,1670.0,SR_Mid,SR_midbrain,635.8437500000002,6,1,15,15,0.06666666666666667,0.4,True,unassessed
797,ARM6_41_L,2,mapped,1712.0,SR_Pons,SR_pons,782.1093750000003,1,1,15,15,0.06666666666666667,0.06666666666666667,True,unassessed
797,ARM6_41_L,2,zero_unassigned,0.0,,,,324,13,15,15,0.8666666666666667,21.6,True,unassessed
797,ARM6_41_L,3,mapped,3.0,CL_ACC,CL_anterior_cingulate_cortex,414.39062500000017,2,1,15,15,0.06666666666666667,0.13333333333333333,True,unassessed
797,ARM6_41_L,3,mapped,17.0,CL_med_OFC,CL_medial_orbital_frontal_cortex,305.6093750000001,26,1,15,15,0.06666666666666667,1.7333333333333334,True,unassessed
797,ARM6_41_L,3,mapped,25.0,CL_lat_OFC,CL_lateral_orbital_frontal_cortex,708.1406250000003,429,11,15,15,0.7333333333333333,28.6,True,unassessed
797,ARM6_41_L,3,mapped,37.0,CL_caudal_OFC,CL_caudal_orbital_frontal_cortex,331.17187500000017,1598,14,15,15,0.9333333333333333,106.53333333333333,True,unassessed
797,ARM6_41_L,3,mapped,64.0,CL_vlPFC,CL_ventrolateral_prefrontal_cortex,680.8593750000003,13,2,15,15,0.13333333333333333,0.8666666666666667,True,unassessed
797,ARM6_41_L,3,mapped,165.0,CL_TG,CL_temporal_pole,315.5156250000001,116,5,15,15,0.3333333333333333,7.733333333333333,True,unassessed
797,ARM6_41_L,3,mapped,205.0,CL_belt,CL_belt_areas_of_auditory_cortex,316.8750000000001,5,1,15,15,0.06666666666666667,0.3333333333333333,True,unassessed
797,ARM6_41_L,3,mapped,224.0,CL_floor_of_ls,CL_floor_of_the_lateral_sulcus,303.2968750000001,66,1,15,15,0.06666666666666667,4.4,True,unassessed
797,ARM6_41_L,3,mapped,724.0,CR_floor_of_ls,CR_floor_of_the_lateral_sulcus,303.2968750000001,162,1,15,15,0.06666666666666667,10.8,True,unassessed
797,ARM6_41_L,3,mapped,1003.0,SL_LPal,SL_lateral_pallium,255.1562500000001,59,4,15,15,0.26666666666666666,3.933333333333333,True,unassessed
797,ARM6_41_L,3,mapped,1005.0,SL_VPal,SL_ventral_pallium,54.51562500000002,7,2,15,15,0.13333333333333333,0.4666666666666667,True,unassessed
797,ARM6_41_L,3,mapped,1011.0,SL_HF,SL_hippocampal_formation,532.0937500000002,69,2,15,15,0.13333333333333333,4.6,True,unassessed
797,ARM6_41_L,3,mapped,1025.0,SL_pAmy,SL_pallial_amygdala,217.79687500000009,44,3,15,15,0.2,2.933333333333333,True,unassessed
797,ARM6_41_L,3,mapped,1040.0,SL_spAmy,SL_subpallial_amygdala,84.20312500000004,29,3,15,15,0.2,1.9333333333333333,True,unassessed
797,ARM6_41_L,3,mapped,1051.0,SL_Str,SL_striatum,1922.421875000001,686,6,15,15,0.4,45.733333333333334,True,unassessed
797,ARM6_41_L,3,mapped,1062.0,SL_Pd,SL_pallidum,338.59375000000017,26,3,15,15,0.2,1.7333333333333334,True,unassessed
797,ARM6_41_L,3,mapped,1069.0,SL_DSP,SL_diagonal_subpallium,182.70312500000009,80,6,15,15,0.4,5.333333333333333,True,unassessed
797,ARM6_41_L,3,mapped,1077.0,SL_POC,SL_preoptic_complex,174.67187500000009,24,2,15,15,0.13333333333333333,1.6,True,unassessed
797,ARM6_41_L,3,mapped,1084.0,SL_THy,SL_tuberal_hypothalamus,154.64062500000006,65,2,15,15,0.13333333333333333,4.333333333333333,True,unassessed
797,ARM6_41_L,3,mapped,1100.0,SL_PHy,SL_posterior_hypothalamus,36.843750000000014,7,2,15,15,0.13333333333333333,0.4666666666666667,True,unassessed
797,ARM6_41_L,3,mapped,1115.0,SL_MThal,SL_medial_thalamus,208.23437500000009,2,1,15,15,0.06666666666666667,0.13333333333333333,True,unassessed
797,ARM6_41_L,3,mapped,1127.0,SL_MLThal,SL_midline_thalamus,71.21875000000003,32,3,15,15,0.2,2.1333333333333333,True,unassessed
797,ARM6_41_L,3,mapped,1135.0,SL_VThal,SL_ventral_thalamus,291.4218750000001,6,2,15,15,0.13333333333333333,0.4,True,unassessed
797,ARM6_41_L,3,mapped,1160.0,SL_EpiThal,SL_epithalamus,15.359375000000007,1,1,15,15,0.06666666666666667,0.06666666666666667,True,unassessed
797,ARM6_41_L,3,mapped,1171.0,SL_DMid,SL_dorsal_midbrain,189.04687500000009,6,2,15,15,0.13333333333333333,0.4,True,unassessed
797,ARM6_41_L,3,mapped,1180.0,SL_LMid,SL_lateral_midbrain,118.42187500000006,4,2,15,15,0.13333333333333333,0.26666666666666666,True,unassessed
797,ARM6_41_L,3,mapped,1192.0,SL_MMid,SL_medial_midbrain,67.01562500000003,2,2,15,15,0.13333333333333333,0.13333333333333333,True,unassessed
797,ARM6_41_L,3,mapped,1200.0,SL_VMid,SL_ventral_midbrain,261.3593750000001,16,2,15,15,0.13333333333333333,1.0666666666666667,True,unassessed
797,ARM6_41_L,3,mapped,1213.0,SL_DPons,SL_dorsal_pons,69.45312500000003,4,1,15,15,0.06666666666666667,0.26666666666666666,True,unassessed
797,ARM6_41_L,3,mapped,1231.0,SL_VPons,SL_ventral_pons,684.9218750000003,5,1,15,15,0.06666666666666667,0.3333333333333333,True,unassessed
797,ARM6_41_L,3,mapped,1540.0,SR_spAmy,SR_subpallial_amygdala,84.20312500000004,6,1,15,15,0.06666666666666667,0.4,True,unassessed
797,ARM6_41_L,3,mapped,1551.0,SR_Str,SR_striatum,1922.421875000001,187,2,15,15,0.13333333333333333,12.466666666666667,True,unassessed
797,ARM6_41_L,3,mapped,1569.0,SR_DSP,SR_diagonal_subpallium,182.70312500000009,9,2,15,15,0.13333333333333333,0.6,True,unassessed
797,ARM6_41_L,3,mapped,1577.0,SR_POC,SR_preoptic_complex,174.67187500000009,1,1,15,15,0.06666666666666667,0.06666666666666667,True,unassessed
797,ARM6_41_L,3,mapped,1600.0,SR_PHy,SR_posterior_hypothalamus,36.843750000000014,1,1,15,15,0.06666666666666667,0.06666666666666667,True,unassessed
797,ARM6_41_L,3,mapped,1615.0,SR_MThal,SR_medial_thalamus,208.23437500000009,1,1,15,15,0.06666666666666667,0.06666666666666667,True,unassessed
797,ARM6_41_L,3,mapped,1627.0,SR_MLThal,SR_midline_thalamus,71.21875000000003,37,3,15,15,0.2,2.466666666666667,True,unassessed
797,ARM6_41_L,3,mapped,1671.0,SR_DMid,SR_dorsal_midbrain,189.04687500000009,4,1,15,15,0.06666666666666667,0.26666666666666666,True,unassessed
797,ARM6_41_L,3,mapped,1680.0,SR_LMid,SR_lateral_midbrain,118.42187500000006,2,1,15,15,0.06666666666666667,0.13333333333333333,True,unassessed
797,ARM6_41_L,3,mapped,1713.0,SR_DPons,SR_dorsal_pons,69.45312500000003,1,1,15,15,0.06666666666666667,0.06666666666666667,True,unassessed
797,ARM6_41_L,3,zero_unassigned,0.0,,,,324,13,15,15,0.8666666666666667,21.6,True,unassessed
797,ARM6_41_L,4,key_level_conflict,45.0,CL_AON/TTv,CL_anterior_olfactory_cortex,,5,2,15,15,0.13333333333333333,0.3333333333333333,True,unassessed
797,ARM6_41_L,4,mapped,5.0,CL_area_25,CL_subgenual_cortex,32.890625000000014,2,1,15,15,0.06666666666666667,0.13333333333333333,True,unassessed
797,ARM6_41_L,4,mapped,22.0,CL_area_14,CL_gyrus_rectus,70.31250000000003,26,1,15,15,0.06666666666666667,1.7333333333333334,True,unassessed
797,ARM6_41_L,4,mapped,26.0,CL_areas_11/13,CL_areas_11_and_13,557.4062500000002,205,10,15,15,0.6666666666666666,13.666666666666666,True,unassessed
797,ARM6_41_L,4,mapped,34.0,CL_area_12m/o,CL_medial_and_orbital_area_12,150.73437500000006,224,6,15,15,0.4,14.933333333333334,True,unassessed
797,ARM6_41_L,4,mapped,38.0,CL_OFa-p,CL_agranular_orbitofrontal_cortex,169.45312500000009,1576,14,15,15,0.9333333333333333,105.06666666666666,True,unassessed
797,ARM6_41_L,4,mapped,47.0,CL_cl_OFC,CL_caudolateral_orbitofrontal_cortex,136.07812500000006,17,2,15,15,0.13333333333333333,1.1333333333333333,True,unassessed
797,ARM6_41_L,4,mapped,65.0,CL_rostral_vlPFC,CL_rostral_ventrolateral_prefrontal_cortex,465.9531250000002,13,2,15,15,0.13333333333333333,0.8666666666666667,True,unassessed
797,ARM6_41_L,4,mapped,166.0,CL_TGa,CL_agranular_temporal_pole,76.29687500000003,27,3,15,15,0.2,1.8,True,unassessed
797,ARM6_41_L,4,mapped,167.0,CL_TGg/TGd,CL_granular_and_dysgranular_temporal_pole,239.2187500000001,89,5,15,15,0.3333333333333333,5.933333333333334,True,unassessed
797,ARM6_41_L,4,mapped,213.0,CL_med_belt,CL_medial_belt_areas,127.98437500000006,5,1,15,15,0.06666666666666667,0.3333333333333333,True,unassessed
797,ARM6_41_L,4,mapped,225.0,CL_Ins/Pi,CL_insula_and_parainsula,288.1875000000001,66,1,15,15,0.06666666666666667,4.4,True,unassessed
797,ARM6_41_L,4,mapped,725.0,CR_Ins/Pi,CR_insula_and_parainsula,288.1875000000001,162,1,15,15,0.06666666666666667,10.8,True,unassessed
797,ARM6_41_L,4,mapped,1004.0,SL_Cl,SL_claustrum,255.1562500000001,59,4,15,15,0.26666666666666666,3.933333333333333,True,unassessed
797,ARM6_41_L,4,mapped,1006.0,SL_En,SL_endopiriform_claustrum,23.71875000000001,5,1,15,15,0.06666666666666667,0.3333333333333333,True,unassessed
797,ARM6_41_L,4,mapped,1009.0,SL_Pir,SL_piriform_cortex,30.796875000000014,2,1,15,15,0.06666666666666667,0.13333333333333333,True,unassessed
797,ARM6_41_L,4,mapped,1012.0,SL_HFA,SL_hippocampal_formation_anterior,353.15625000000017,66,2,15,15,0.13333333333333333,4.4,True,unassessed
797,ARM6_41_L,4,mapped,1017.0,SL_HFP,SL_hippocampal_formation_posterior,178.93750000000009,3,1,15,15,0.06666666666666667,0.2,True,unassessed
797,ARM6_41_L,4,mapped,1026.0,SL_vpAmy,SL_ventropallial_amygdala,87.81250000000004,37,2,15,15,0.13333333333333333,2.466666666666667,True,unassessed
797,ARM6_41_L,4,mapped,1030.0,SL_lpAmy,SL_lateropallial_amygdala,129.98437500000006,7,2,15,15,0.13333333333333333,0.4666666666666667,True,unassessed
797,ARM6_41_L,4,mapped,1043.0,SL_mAmy,SL_medial_amygdala,40.71875000000002,5,1,15,15,0.06666666666666667,0.3333333333333333,True,unassessed
797,ARM6_41_L,4,mapped,1046.0,SL_pdAmy,SL_pallidal_amygdala,29.640625000000014,24,3,15,15,0.2,1.6,True,unassessed
797,ARM6_41_L,4,mapped,1052.0,SL_DStr,SL_dorsal_striatum,1809.218750000001,525,6,15,15,0.4,35.0,True,unassessed
797,ARM6_41_L,4,mapped,1059.0,SL_VStr,SL_ventral_striatum,113.20312500000006,161,4,15,15,0.26666666666666666,10.733333333333333,True,unassessed
797,ARM6_41_L,4,mapped,1062.0,SL_Pd,SL_pallidum,338.59375000000017,26,3,15,15,0.2,1.7333333333333334,True,unassessed
797,ARM6_41_L,4,mapped,1070.0,SL_BR,SL_basal_nucleus_region,38.000000000000014,1,1,15,15,0.06666666666666667,0.06666666666666667,True,unassessed
797,ARM6_41_L,4,mapped,1073.0,SL_ST,SL_bed_nucleus_of_the_stria_terminalis,42.00000000000002,65,4,15,15,0.26666666666666666,4.333333333333333,True,unassessed
797,ARM6_41_L,4,mapped,1074.0,SL_SDBR,SL_septum_diagonal_band_complex,102.70312500000004,14,5,15,15,0.3333333333333333,0.9333333333333333,True,unassessed
797,ARM6_41_L,4,mapped,1079.0,SL_POR,SL_preoptic_region,22.84375000000001,24,2,15,15,0.13333333333333333,1.6,True,unassessed
797,ARM6_41_L,4,mapped,1085.0,SL_MTHy,SL_medial_tuberal_hypothalamus,10.812500000000005,8,1,15,15,0.06666666666666667,0.5333333333333333,True,unassessed
797,ARM6_41_L,4,mapped,1087.0,SL_VTHy,SL_ventral_tuberal_hypothalamus,29.406250000000014,28,1,15,15,0.06666666666666667,1.8666666666666667,True,unassessed
797,ARM6_41_L,4,mapped,1091.0,SL_DTHy,SL_dorsal_tuberal_hypothalamus,114.42187500000006,29,2,15,15,0.13333333333333333,1.9333333333333333,True,unassessed
797,ARM6_41_L,4,mapped,1101.0,SL_DPHy,SL_dorsal_posterior_hypothalamus,21.87500000000001,6,2,15,15,0.13333333333333333,0.4,True,unassessed
797,ARM6_41_L,4,mapped,1103.0,SL_VPHy,SL_ventral_posterior_hypothalamus,14.968750000000007,1,1,15,15,0.06666666666666667,0.06666666666666667,True,unassessed
797,ARM6_41_L,4,mapped,1119.0,SL_ILThal,SL_intralaminar_thalamus,106.54687500000004,1,1,15,15,0.06666666666666667,0.06666666666666667,True,unassessed
797,ARM6_41_L,4,mapped,1126.0,SL_MD,SL_mediodorsal_thalamus,78.81250000000003,1,1,15,15,0.06666666666666667,0.06666666666666667,True,unassessed
797,ARM6_41_L,4,mapped,1127.0,SL_MLThal,SL_midline_thalamus,71.21875000000003,32,3,15,15,0.2,2.1333333333333333,True,unassessed
797,ARM6_41_L,4,mapped,1136.0,SL_PNThal,SL_pallido_nigral_thalamus,95.73437500000004,6,2,15,15,0.13333333333333333,0.4,True,unassessed
797,ARM6_41_L,4,mapped,1162.0,SL_Hb,SL_habenula,11.265625000000005,1,1,15,15,0.06666666666666667,0.06666666666666667,True,unassessed
797,ARM6_41_L,4,mapped,1177.0,SL_PAGR,SL_periaqueductal_gray_region,51.10937500000002,6,2,15,15,0.13333333333333333,0.4,True,unassessed
797,ARM6_41_L,4,mapped,1181.0,SL_TgMid,SL_midbrain_tegmentum,36.937500000000014,2,1,15,15,0.06666666666666667,0.13333333333333333,True,unassessed
797,ARM6_41_L,4,mapped,1189.0,SL_RtMid,SL_midbrain_reticulum,81.48437500000004,2,1,15,15,0.06666666666666667,0.13333333333333333,True,unassessed
797,ARM6_41_L,4,mapped,1193.0,SL_OC+,SL_oculomotor_region,33.859375000000014,1,1,15,15,0.06666666666666667,0.06666666666666667,True,unassessed
797,ARM6_41_L,4,mapped,1196.0,SL_raphe_Mid,SL_midbrain_raphe,33.156250000000014,1,1,15,15,0.06666666666666667,0.06666666666666667,True,unassessed
797,ARM6_41_L,4,mapped,1204.0,SL_DA_Mid,SL_midbrain_dopaminergic_complex,222.89062500000009,16,2,15,15,0.13333333333333333,1.0666666666666667,True,unassessed
797,ARM6_41_L,4,mapped,1214.0,SL_PBC,SL_parabrachial_complex,45.84375000000002,3,1,15,15,0.06666666666666667,0.2,True,unassessed
797,ARM6_41_L,4,mapped,1223.0,SL_tgPons,SL_pontine_dorsal_tegmentum,15.421875000000007,1,1,15,15,0.06666666666666667,0.06666666666666667,True,unassessed
797,ARM6_41_L,4,mapped,1232.0,SL_retPons,SL_pontine_reticulum,135.50000000000006,5,1,15,15,0.06666666666666667,0.3333333333333333,True,unassessed
797,ARM6_41_L,4,mapped,1546.0,SR_pdAmy,SR_pallidal_amygdala,29.640625000000014,6,1,15,15,0.06666666666666667,0.4,True,unassessed
797,ARM6_41_L,4,mapped,1552.0,SR_DStr,SR_dorsal_striatum,1809.218750000001,154,2,15,15,0.13333333333333333,10.266666666666667,True,unassessed
797,ARM6_41_L,4,mapped,1559.0,SR_VStr,SR_ventral_striatum,113.20312500000006,33,1,15,15,0.06666666666666667,2.2,True,unassessed
797,ARM6_41_L,4,mapped,1573.0,SR_ST,SR_bed_nucleus_of_the_stria_terminalis,42.00000000000002,7,2,15,15,0.13333333333333333,0.4666666666666667,True,unassessed
797,ARM6_41_L,4,mapped,1574.0,SR_SDBR,SR_septum_diagonal_band_complex,102.70312500000004,2,1,15,15,0.06666666666666667,0.13333333333333333,True,unassessed
797,ARM6_41_L,4,mapped,1579.0,SR_POR,SR_preoptic_region,22.84375000000001,1,1,15,15,0.06666666666666667,0.06666666666666667,True,unassessed
797,ARM6_41_L,4,mapped,1601.0,SR_DPHy,SR_dorsal_posterior_hypothalamus,21.87500000000001,1,1,15,15,0.06666666666666667,0.06666666666666667,True,unassessed
797,ARM6_41_L,4,mapped,1626.0,SR_MD,SR_mediodorsal_thalamus,78.81250000000003,1,1,15,15,0.06666666666666667,0.06666666666666667,True,unassessed
797,ARM6_41_L,4,mapped,1627.0,SR_MLThal,SR_midline_thalamus,71.21875000000003,37,3,15,15,0.2,2.466666666666667,True,unassessed
797,ARM6_41_L,4,mapped,1677.0,SR_PAGR,SR_periaqueductal_gray_region,51.10937500000002,4,1,15,15,0.06666666666666667,0.26666666666666666,True,unassessed
797,ARM6_41_L,4,mapped,1681.0,SR_TgMid,SR_midbrain_tegmentum,36.937500000000014,2,1,15,15,0.06666666666666667,0.13333333333333333,True,unassessed
797,ARM6_41_L,4,mapped,1714.0,SR_PBC,SR_parabrachial_complex,45.84375000000002,1,1,15,15,0.06666666666666667,0.06666666666666667,True,unassessed
797,ARM6_41_L,4,zero_unassigned,0.0,,,,324,13,15,15,0.8666666666666667,21.6,True,unassessed
797,ARM6_41_L,5,key_level_conflict,45.0,CL_AON/TTv,CL_anterior_olfactory_cortex,,5,2,15,15,0.13333333333333333,0.3333333333333333,True,unassessed
797,ARM6_41_L,5,mapped,5.0,CL_area_25,CL_subgenual_cortex,32.890625000000014,2,1,15,15,0.06666666666666667,0.13333333333333333,True,unassessed
797,ARM6_41_L,5,mapped,22.0,CL_area_14,CL_gyrus_rectus,70.31250000000003,26,1,15,15,0.06666666666666667,1.7333333333333334,True,unassessed
797,ARM6_41_L,5,mapped,30.0,CL_area_13,CL_area_13,419.17187500000017,205,10,15,15,0.6666666666666666,13.666666666666666,True,unassessed
797,ARM6_41_L,5,mapped,34.0,CL_area_12m/o,CL_medial_and_orbital_area_12,150.73437500000006,224,6,15,15,0.4,14.933333333333334,True,unassessed
797,ARM6_41_L,5,mapped,39.0,CL_Iam/Iapm,CL_medial_agranular_insular_region,24.17187500000001,34,6,15,15,0.4,2.2666666666666666,True,unassessed
797,ARM6_41_L,5,mapped,40.0,CL_lat_Ia,CL_lateral_agranular_insular_region,145.28125000000006,1542,14,15,15,0.9333333333333333,102.8,True,unassessed
797,ARM6_41_L,5,mapped,49.0,CL_PrCO,CL_precentral_operular_area,95.95312500000004,17,2,15,15,0.13333333333333333,1.1333333333333333,True,unassessed
797,ARM6_41_L,5,mapped,69.0,CL_area_12r/l,CL_rostral_and_lateral_area_12,149.23437500000006,13,2,15,15,0.13333333333333333,0.8666666666666667,True,unassessed
797,ARM6_41_L,5,mapped,166.0,CL_TGa,CL_agranular_temporal_pole,76.29687500000003,27,3,15,15,0.2,1.8,True,unassessed
797,ARM6_41_L,5,mapped,168.0,CL_TGd,CL_dysgranular_temporal_pole,91.85937500000004,85,5,15,15,0.3333333333333333,5.666666666666667,True,unassessed
797,ARM6_41_L,5,mapped,171.0,CL_TGg,CL_granular_temporal_pole,147.35937500000006,4,2,15,15,0.13333333333333333,0.26666666666666666,True,unassessed
797,ARM6_41_L,5,mapped,215.0,CL_RM/RTM,CL_rostral_areas_of_the_medial_belt,67.98437500000003,5,1,15,15,0.06666666666666667,0.3333333333333333,True,unassessed
797,ARM6_41_L,5,mapped,226.0,CL_Pi,CL_parainsula,27.28125000000001,21,1,15,15,0.06666666666666667,1.4,True,unassessed
797,ARM6_41_L,5,mapped,227.0,CL_Ins,CL_insula,260.9062500000001,45,1,15,15,0.06666666666666667,3.0,True,unassessed
797,ARM6_41_L,5,mapped,726.0,CR_Pi,CR_parainsula,27.28125000000001,6,1,15,15,0.06666666666666667,0.4,True,unassessed
797,ARM6_41_L,5,mapped,727.0,CR_Ins,CR_insula,260.9062500000001,156,1,15,15,0.06666666666666667,10.4,True,unassessed
797,ARM6_41_L,5,mapped,1004.0,SL_Cl,SL_claustrum,255.1562500000001,59,4,15,15,0.26666666666666666,3.933333333333333,True,unassessed
797,ARM6_41_L,5,mapped,1007.0,SL_DEn,SL_dorsal_endopiriform_claustrum,14.203125000000007,1,1,15,15,0.06666666666666667,0.06666666666666667,True,unassessed
797,ARM6_41_L,5,mapped,1008.0,SL_VEn,SL_ventral_endopiriform_claustrum,9.515625000000004,4,1,15,15,0.06666666666666667,0.26666666666666666,True,unassessed
797,ARM6_41_L,5,mapped,1009.0,SL_Pir,SL_piriform_cortex,30.796875000000014,2,1,15,15,0.06666666666666667,0.13333333333333333,True,unassessed
797,ARM6_41_L,5,mapped,1013.0,SL_HiA,SL_hippocampus_anterior,271.8750000000001,66,2,15,15,0.13333333333333333,4.4,True,unassessed
797,ARM6_41_L,5,mapped,1018.0,SL_HiP,SL_hippocampus_posterior,114.28125000000006,3,1,15,15,0.06666666666666667,0.2,True,unassessed
797,ARM6_41_L,5,mapped,1027.0,SL_BM,SL_basomedial_amygdaloid_nucleus,47.84375000000002,31,2,15,15,0.13333333333333333,2.066666666666667,True,unassessed
797,ARM6_41_L,5,mapped,1028.0,SL_VCo,SL_ventral_cortical_amygdaloid_nucleus,22.76562500000001,5,1,15,15,0.06666666666666667,0.3333333333333333,True,unassessed
797,ARM6_41_L,5,mapped,1029.0,SL_AHi,SL_amygdalohippocampal_area,17.203125000000007,1,1,15,15,0.06666666666666667,0.06666666666666667,True,unassessed
797,ARM6_41_L,5,mapped,1031.0,SL_La,SL_lateral_amygdaloid_nucleus,40.82812500000002,6,1,15,15,0.06666666666666667,0.4,True,unassessed
797,ARM6_41_L,5,mapped,1035.0,SL_BL,SL_basolateral_amygdaloid_nucleus,47.54687500000002,1,1,15,15,0.06666666666666667,0.06666666666666667,True,unassessed
797,ARM6_41_L,5,mapped,1044.0,SL_Me,SL_medial_amygdaloid_nucleus,16.984375000000007,4,1,15,15,0.06666666666666667,0.26666666666666666,True,unassessed
797,ARM6_41_L,5,mapped,1045.0,SL_AA,SL_anterior_amygdaloid_area,23.73437500000001,1,1,15,15,0.06666666666666667,0.06666666666666667,True,unassessed
797,ARM6_41_L,5,mapped,1048.0,SL_IPAC,SL_posterior_interstitial_nucleus,4.906250000000002,14,2,15,15,0.13333333333333333,0.9333333333333333,True,unassessed
797,ARM6_41_L,5,mapped,1049.0,SL_STIA,SL_intraamygdaloid_stria_terminalis,15.593750000000007,10,2,15,15,0.13333333333333333,0.6666666666666666,True,unassessed
797,ARM6_41_L,5,mapped,1053.0,SL_Cd,SL_caudate,649.5625000000003,348,4,15,15,0.26666666666666666,23.2,True,unassessed
797,ARM6_41_L,5,mapped,1056.0,SL_Pu,SL_putamen,895.1093750000003,166,6,15,15,0.4,11.066666666666666,True,unassessed
797,ARM6_41_L,5,mapped,1057.0,SL_ASt,SL_amygdalostriatal_transition,33.812500000000014,11,1,15,15,0.06666666666666667,0.7333333333333333,True,unassessed
797,ARM6_41_L,5,mapped,1060.0,SL_Acb,SL_accumbens,94.96875000000004,161,4,15,15,0.26666666666666666,10.733333333333333,True,unassessed
797,ARM6_41_L,5,mapped,1067.0,SL_ac,SL_anterior_commissure,77.82812500000003,22,3,15,15,0.2,1.4666666666666666,True,unassessed
797,ARM6_41_L,5,mapped,1068.0,SL_VP,SL_ventral_pallidum,21.00000000000001,4,3,15,15,0.2,0.26666666666666666,True,unassessed
797,ARM6_41_L,5,mapped,1070.0,SL_BR,SL_basal_nucleus_region,38.000000000000014,1,1,15,15,0.06666666666666667,0.06666666666666667,True,unassessed
797,ARM6_41_L,5,mapped,1073.0,SL_ST,SL_bed_nucleus_of_the_stria_terminalis,42.00000000000002,65,4,15,15,0.26666666666666666,4.333333333333333,True,unassessed
797,ARM6_41_L,5,mapped,1076.0,SL_SDB,SL_septum_diagonal_band,91.34375000000004,14,5,15,15,0.3333333333333333,0.9333333333333333,True,unassessed
797,ARM6_41_L,5,mapped,1080.0,SL_PO,SL_preoptic_area,21.90625000000001,24,2,15,15,0.13333333333333333,1.6,True,unassessed
797,ARM6_41_L,5,mapped,1086.0,SL_Pa,SL_paraventricular_hypothalamus,10.812500000000005,8,1,15,15,0.06666666666666667,0.5333333333333333,True,unassessed
797,ARM6_41_L,5,mapped,1088.0,SL_VMH,SL_ventromedial_hypothalamic_nucleus,16.000000000000007,20,1,15,15,0.06666666666666667,1.3333333333333333,True,unassessed
797,ARM6_41_L,5,mapped,1090.0,SL_Arc,SL_arcuate_nucleus,9.687500000000004,8,1,15,15,0.06666666666666667,0.5333333333333333,True,unassessed
797,ARM6_41_L,5,mapped,1093.0,SL_AH,SL_anterior_hypothalamic_area,8.609375000000004,3,2,15,15,0.13333333333333333,0.2,True,unassessed
797,ARM6_41_L,5,mapped,1094.0,SL_DM,SL_dorsal_medial_hypothalamic_nucleus,4.875000000000002,2,1,15,15,0.06666666666666667,0.13333333333333333,True,unassessed
797,ARM6_41_L,5,mapped,1095.0,SL_LHy,SL_lateral_hypothalamic_region,77.43750000000003,22,2,15,15,0.13333333333333333,1.4666666666666666,True,unassessed
797,ARM6_41_L,5,mapped,1099.0,SL_STh,SL_subthalamic_nucleus,22.20312500000001,2,1,15,15,0.06666666666666667,0.13333333333333333,True,unassessed
797,ARM6_41_L,5,mapped,1102.0,SL_PH,SL_posterior_hypothalamic_nucleus,21.87500000000001,6,2,15,15,0.13333333333333333,0.4,True,unassessed
797,ARM6_41_L,5,mapped,1105.0,SL_MM/RM,SL_mammillary/retromammillary_hypothalamus,13.578125000000005,1,1,15,15,0.06666666666666667,0.06666666666666667,True,unassessed
797,ARM6_41_L,5,mapped,1121.0,SL_CMn-PF,SL_centromedial-parafascicular_thalamus,50.56250000000002,1,1,15,15,0.06666666666666667,0.06666666666666667,True,unassessed
797,ARM6_41_L,5,mapped,1126.0,SL_MD,SL_mediodorsal_thalamus,78.81250000000003,1,1,15,15,0.06666666666666667,0.06666666666666667,True,unassessed
797,ARM6_41_L,5,mapped,1128.0,SL_IMD,SL_intermediodorsal_thalamus,11.781250000000005,16,2,15,15,0.13333333333333333,1.0666666666666667,True,unassessed
797,ARM6_41_L,5,mapped,1129.0,SL_PT-PV-sm,SL_paratenial-paraventral-thalamus,18.781250000000007,6,1,15,15,0.06666666666666667,0.4,True,unassessed
797,ARM6_41_L,5,mapped,1130.0,SL_PVP,SL_paraventricular_posterior_thalamus,1.9218750000000009,1,1,15,15,0.06666666666666667,0.06666666666666667,True,unassessed
797,ARM6_41_L,5,mapped,1134.0,SL_Re-Rh-Xi,SL_Reuniens-rhomboid-xiphoid_thalamus,18.937500000000007,9,3,15,15,0.2,0.6,True,unassessed
797,ARM6_41_L,5,mapped,1137.0,SL_VA,SL_ventral_anterior_thalamus,48.87500000000002,6,2,15,15,0.13333333333333333,0.4,True,unassessed
797,ARM6_41_L,5,mapped,1162.0,SL_Hb,SL_habenula,11.265625000000005,1,1,15,15,0.06666666666666667,0.06666666666666667,True,unassessed
797,ARM6_41_L,5,mapped,1179.0,SL_PAG,SL_periaqueductal_gray,49.48437500000002,6,2,15,15,0.13333333333333333,0.4,True,unassessed
797,ARM6_41_L,5,mapped,1187.0,SL_PTg,SL_pedunculopontine_nucleus,16.546875000000007,2,1,15,15,0.06666666666666667,0.13333333333333333,True,unassessed
797,ARM6_41_L,5,mapped,1190.0,SL_mRt,SL_mesencephalic_reticular_formation,78.28125000000003,2,1,15,15,0.06666666666666667,0.13333333333333333,True,unassessed
797,ARM6_41_L,5,mapped,1195.0,SL_mlf,SL_mediolateral_fascicle,18.062500000000007,1,1,15,15,0.06666666666666667,0.06666666666666667,True,unassessed
797,ARM6_41_L,5,mapped,1199.0,SL_LiR,SL_linear_Raphe,11.953125000000005,1,1,15,15,0.06666666666666667,0.06666666666666667,True,unassessed
797,ARM6_41_L,5,mapped,1206.0,SL_SN,SL_substantia_nigra,111.21875000000004,15,1,15,15,0.06666666666666667,1.0,True,unassessed
797,ARM6_41_L,5,mapped,1207.0,SL_VTA,SL_ventral_tegmental_area,24.42187500000001,1,1,15,15,0.06666666666666667,0.06666666666666667,True,unassessed
797,ARM6_41_L,5,mapped,1214.0,SL_PBC,SL_parabrachial_complex,45.84375000000002,3,1,15,15,0.06666666666666667,0.2,True,unassessed
797,ARM6_41_L,5,mapped,1225.0,SL_MDTg,SL_medial_dorsal_tegmentum,7.6562500000000036,1,1,15,15,0.06666666666666667,0.06666666666666667,True,unassessed
797,ARM6_41_L,5,mapped,1233.0,SL_SubC,SL_subceruleus,13.984375000000005,1,1,15,15,0.06666666666666667,0.06666666666666667,True,unassessed
797,ARM6_41_L,5,mapped,1236.0,SL_PnO,SL_pontine_reticulum_oral,45.07812500000002,4,1,15,15,0.06666666666666667,0.26666666666666666,True,unassessed
797,ARM6_41_L,5,mapped,1548.0,SR_IPAC,SR_posterior_interstitial_nucleus,4.906250000000002,6,1,15,15,0.06666666666666667,0.4,True,unassessed
797,ARM6_41_L,5,mapped,1553.0,SR_Cd,SR_caudate,649.5625000000003,86,1,15,15,0.06666666666666667,5.733333333333333,True,unassessed
797,ARM6_41_L,5,mapped,1556.0,SR_Pu,SR_putamen,895.1093750000003,65,2,15,15,0.13333333333333333,4.333333333333333,True,unassessed
797,ARM6_41_L,5,mapped,1558.0,SR_ic,SR_internal_capsule,230.7343750000001,3,1,15,15,0.06666666666666667,0.2,True,unassessed
797,ARM6_41_L,5,mapped,1560.0,SR_Acb,SR_accumbens,94.96875000000004,33,1,15,15,0.06666666666666667,2.2,True,unassessed
797,ARM6_41_L,5,mapped,1573.0,SR_ST,SR_bed_nucleus_of_the_stria_terminalis,42.00000000000002,7,2,15,15,0.13333333333333333,0.4666666666666667,True,unassessed
797,ARM6_41_L,5,mapped,1576.0,SR_SDB,SR_septum_diagonal_band,91.34375000000004,2,1,15,15,0.06666666666666667,0.13333333333333333,True,unassessed
797,ARM6_41_L,5,mapped,1580.0,SR_PO,SR_preoptic_area,21.90625000000001,1,1,15,15,0.06666666666666667,0.06666666666666667,True,unassessed
797,ARM6_41_L,5,mapped,1602.0,SR_PH,SR_posterior_hypothalamic_nucleus,21.87500000000001,1,1,15,15,0.06666666666666667,0.06666666666666667,True,unassessed
797,ARM6_41_L,5,mapped,1626.0,SR_MD,SR_mediodorsal_thalamus,78.81250000000003,1,1,15,15,0.06666666666666667,0.06666666666666667,True,unassessed
797,ARM6_41_L,5,mapped,1628.0,SR_IMD,SR_intermediodorsal_thalamus,11.781250000000005,24,1,15,15,0.06666666666666667,1.6,True,unassessed
797,ARM6_41_L,5,mapped,1629.0,SR_PT-PV-sm,SR_paratenial-paraventral-thalamus,18.781250000000007,9,1,15,15,0.06666666666666667,0.6,True,unassessed
797,ARM6_41_L,5,mapped,1630.0,SR_PVP,SR_paraventricular_posterior_thalamus,1.9218750000000009,1,1,15,15,0.06666666666666667,0.06666666666666667,True,unassessed
797,ARM6_41_L,5,mapped,1633.0,SR_CM,SR_central_medial_thalamus,12.453125000000005,1,1,15,15,0.06666666666666667,0.06666666666666667,True,unassessed
797,ARM6_41_L,5,mapped,1634.0,SR_Re-Rh-Xi,SR_Reuniens-rhomboid-xiphoid_thalamus,18.937500000000007,2,2,15,15,0.13333333333333333,0.13333333333333333,True,unassessed
797,ARM6_41_L,5,mapped,1679.0,SR_PAG,SR_periaqueductal_gray,49.48437500000002,4,1,15,15,0.06666666666666667,0.26666666666666666,True,unassessed
797,ARM6_41_L,5,mapped,1687.0,SR_PTg,SR_pedunculopontine_nucleus,16.546875000000007,2,1,15,15,0.06666666666666667,0.13333333333333333,True,unassessed
797,ARM6_41_L,5,mapped,1714.0,SR_PBC,SR_parabrachial_complex,45.84375000000002,1,1,15,15,0.06666666666666667,0.06666666666666667,True,unassessed
797,ARM6_41_L,5,zero_unassigned,0.0,,,,324,13,15,15,0.8666666666666667,21.6,True,unassessed
797,ARM6_41_L,6,mapped,5.0,CL_area_25,CL_subgenual_cortex,32.890625000000014,2,1,15,15,0.06666666666666667,0.13333333333333333,True,unassessed
797,ARM6_41_L,6,mapped,23.0,CL_area_14r,CL_rostral_gyrus_rectus,30.843750000000014,1,1,15,15,0.06666666666666667,0.06666666666666667,True,unassessed
797,ARM6_41_L,6,mapped,24.0,CL_area_14c,CL_caudal_gyrus_rectus,39.468750000000014,25,1,15,15,0.06666666666666667,1.6666666666666667,True,unassessed
797,ARM6_41_L,6,mapped,31.0,CL_area_13a/b,CL_areas_13a_and_13b,124.10937500000006,6,2,15,15,0.13333333333333333,0.4,True,unassessed
797,ARM6_41_L,6,mapped,32.0,CL_area_13m,CL_medial_area_13,174.45312500000009,2,1,15,15,0.06666666666666667,0.13333333333333333,True,unassessed
797,ARM6_41_L,6,mapped,33.0,CL_area_13l,CL_lateral_area_13,120.60937500000006,197,9,15,15,0.6,13.133333333333333,True,unassessed
797,ARM6_41_L,6,mapped,36.0,CL_area_12o,CL_orbital_area_12,68.65625000000003,224,6,15,15,0.4,14.933333333333334,True,unassessed
797,ARM6_41_L,6,mapped,39.0,CL_Iam/Iapm,CL_medial_agranular_insular_region,24.17187500000001,34,6,15,15,0.4,2.2666666666666666,True,unassessed
797,ARM6_41_L,6,mapped,41.0,CL_Iai,CL_intermediate_agranular_insula_area,81.48437500000004,1468,14,15,15,0.9333333333333333,97.86666666666666,True,unassessed
797,ARM6_41_L,6,mapped,42.0,CL_Ial,CL_lateral_agranular_insula_area,47.98437500000002,74,11,15,15,0.7333333333333333,4.933333333333334,True,unassessed
797,ARM6_41_L,6,mapped,45.0,CL_AON/TTv,CL_anterior_olfactory_cortex,25.64062500000001,5,2,15,15,0.13333333333333333,0.3333333333333333,True,unassessed
797,ARM6_41_L,6,mapped,49.0,CL_PrCO,CL_precentral_operular_area,95.95312500000004,17,2,15,15,0.13333333333333333,1.1333333333333333,True,unassessed
797,ARM6_41_L,6,mapped,70.0,CL_area_12l,CL_lateral_area_12,61.20312500000003,13,2,15,15,0.13333333333333333,0.8666666666666667,True,unassessed
797,ARM6_41_L,6,mapped,166.0,CL_TGa,CL_agranular_temporal_pole,76.29687500000003,27,3,15,15,0.2,1.8,True,unassessed
797,ARM6_41_L,6,mapped,169.0,CL_TGdd,CL_dorsal_dysgranular_temporal_pole,70.73437500000003,85,5,15,15,0.3333333333333333,5.666666666666667,True,unassessed
797,ARM6_41_L,6,mapped,172.0,CL_TGdg,CL_dorsal_granular_temporal_pole,52.21875000000002,2,2,15,15,0.13333333333333333,0.13333333333333333,True,unassessed
797,ARM6_41_L,6,mapped,174.0,CL_TGsts,CL_sts_part_of_temporal_pole,78.28125000000003,2,1,15,15,0.06666666666666667,0.13333333333333333,True,unassessed
797,ARM6_41_L,6,mapped,216.0,CL_RM,CL_rostromedial_belt_region,47.87500000000002,5,1,15,15,0.06666666666666667,0.3333333333333333,True,unassessed
797,ARM6_41_L,6,mapped,226.0,CL_Pi,CL_parainsula,27.28125000000001,21,1,15,15,0.06666666666666667,1.4,True,unassessed
797,ARM6_41_L,6,mapped,228.0,CL_Ia/Id,CL_agranular_and_dysgranular_insula,164.56250000000009,45,1,15,15,0.06666666666666667,3.0,True,unassessed
797,ARM6_41_L,6,mapped,726.0,CR_Pi,CR_parainsula,27.28125000000001,6,1,15,15,0.06666666666666667,0.4,True,unassessed
797,ARM6_41_L,6,mapped,728.0,CR_Ia/Id,CR_agranular_and_dysgranular_insula,164.56250000000009,156,1,15,15,0.06666666666666667,10.4,True,unassessed
797,ARM6_41_L,6,mapped,1004.0,SL_Cl,SL_claustrum,255.1562500000001,59,4,15,15,0.26666666666666666,3.933333333333333,True,unassessed
797,ARM6_41_L,6,mapped,1007.0,SL_DEn,SL_dorsal_endopiriform_claustrum,14.203125000000007,1,1,15,15,0.06666666666666667,0.06666666666666667,True,unassessed
797,ARM6_41_L,6,mapped,1008.0,SL_VEn,SL_ventral_endopiriform_claustrum,9.515625000000004,4,1,15,15,0.06666666666666667,0.26666666666666666,True,unassessed
797,ARM6_41_L,6,mapped,1009.0,SL_Pir,SL_piriform_cortex,30.796875000000014,2,1,15,15,0.06666666666666667,0.13333333333333333,True,unassessed
797,ARM6_41_L,6,mapped,1015.0,SL_CAA,SL_CA1_3_anterior,180.68750000000009,66,2,15,15,0.13333333333333333,4.4,True,unassessed
797,ARM6_41_L,6,mapped,1020.0,SL_CAP,SL_CA1_3_posterior,88.10937500000004,3,1,15,15,0.06666666666666667,0.2,True,unassessed
797,ARM6_41_L,6,mapped,1027.0,SL_BM,SL_basomedial_amygdaloid_nucleus,47.84375000000002,31,2,15,15,0.13333333333333333,2.066666666666667,True,unassessed
797,ARM6_41_L,6,mapped,1028.0,SL_VCo,SL_ventral_cortical_amygdaloid_nucleus,22.76562500000001,5,1,15,15,0.06666666666666667,0.3333333333333333,True,unassessed
797,ARM6_41_L,6,mapped,1029.0,SL_AHi,SL_amygdalohippocampal_area,17.203125000000007,1,1,15,15,0.06666666666666667,0.06666666666666667,True,unassessed
797,ARM6_41_L,6,mapped,1032.0,SL_LaD,SL_lateral_dorsal_amygdaloid_nucleus,22.29687500000001,6,1,15,15,0.06666666666666667,0.4,True,unassessed
797,ARM6_41_L,6,mapped,1036.0,SL_BLD,SL_basolateral_dorsal_amygdaloid_nucleus,14.546875000000007,1,1,15,15,0.06666666666666667,0.06666666666666667,True,unassessed
797,ARM6_41_L,6,mapped,1044.0,SL_Me,SL_medial_amygdaloid_nucleus,16.984375000000007,4,1,15,15,0.06666666666666667,0.26666666666666666,True,unassessed
797,ARM6_41_L,6,mapped,1045.0,SL_AA,SL_anterior_amygdaloid_area,23.73437500000001,1,1,15,15,0.06666666666666667,0.06666666666666667,True,unassessed
797,ARM6_41_L,6,mapped,1048.0,SL_IPAC,SL_posterior_interstitial_nucleus,4.906250000000002,14,2,15,15,0.13333333333333333,0.9333333333333333,True,unassessed
797,ARM6_41_L,6,mapped,1049.0,SL_STIA,SL_intraamygdaloid_stria_terminalis,15.593750000000007,10,2,15,15,0.13333333333333333,0.6666666666666666,True,unassessed
797,ARM6_41_L,6,mapped,1054.0,SL_CdH,SL_caudate_head,566.5156250000002,286,3,15,15,0.2,19.066666666666666,True,unassessed
797,ARM6_41_L,6,mapped,1055.0,SL_CdT,SL_caudate_tail,83.04687500000004,62,1,15,15,0.06666666666666667,4.133333333333334,True,unassessed
797,ARM6_41_L,6,mapped,1056.0,SL_Pu,SL_putamen,895.1093750000003,166,6,15,15,0.4,11.066666666666666,True,unassessed
797,ARM6_41_L,6,mapped,1057.0,SL_ASt,SL_amygdalostriatal_transition,33.812500000000014,11,1,15,15,0.06666666666666667,0.7333333333333333,True,unassessed
797,ARM6_41_L,6,mapped,1060.0,SL_Acb,SL_accumbens,94.96875000000004,161,4,15,15,0.26666666666666666,10.733333333333333,True,unassessed
797,ARM6_41_L,6,mapped,1067.0,SL_ac,SL_anterior_commissure,77.82812500000003,22,3,15,15,0.2,1.4666666666666666,True,unassessed
797,ARM6_41_L,6,mapped,1068.0,SL_VP,SL_ventral_pallidum,21.00000000000001,4,3,15,15,0.2,0.26666666666666666,True,unassessed
797,ARM6_41_L,6,mapped,1071.0,SL_PeB,SL_peri-basal_region,12.453125000000005,1,1,15,15,0.06666666666666667,0.06666666666666667,True,unassessed
797,ARM6_41_L,6,mapped,1073.0,SL_ST,SL_bed_nucleus_of_the_stria_terminalis,42.00000000000002,65,4,15,15,0.26666666666666666,4.333333333333333,True,unassessed
797,ARM6_41_L,6,mapped,1076.0,SL_SDB,SL_septum_diagonal_band,91.34375000000004,14,5,15,15,0.3333333333333333,0.9333333333333333,True,unassessed
797,ARM6_41_L,6,mapped,1080.0,SL_PO,SL_preoptic_area,21.90625000000001,24,2,15,15,0.13333333333333333,1.6,True,unassessed
797,ARM6_41_L,6,mapped,1086.0,SL_Pa,SL_paraventricular_hypothalamus,10.812500000000005,8,1,15,15,0.06666666666666667,0.5333333333333333,True,unassessed
797,ARM6_41_L,6,mapped,1088.0,SL_VMH,SL_ventromedial_hypothalamic_nucleus,16.000000000000007,20,1,15,15,0.06666666666666667,1.3333333333333333,True,unassessed
797,ARM6_41_L,6,mapped,1090.0,SL_Arc,SL_arcuate_nucleus,9.687500000000004,8,1,15,15,0.06666666666666667,0.5333333333333333,True,unassessed
797,ARM6_41_L,6,mapped,1093.0,SL_AH,SL_anterior_hypothalamic_area,8.609375000000004,3,2,15,15,0.13333333333333333,0.2,True,unassessed
797,ARM6_41_L,6,mapped,1094.0,SL_DM,SL_dorsal_medial_hypothalamic_nucleus,4.875000000000002,2,1,15,15,0.06666666666666667,0.13333333333333333,True,unassessed
797,ARM6_41_L,6,mapped,1096.0,SL_LH,SL_lateral_hypothalamic_area,17.156250000000007,10,2,15,15,0.13333333333333333,0.6666666666666666,True,unassessed
797,ARM6_41_L,6,mapped,1097.0,SL_JPLH,SL_juxtaparaventricular_lateral_hypothalamus,3.4375000000000013,4,2,15,15,0.13333333333333333,0.26666666666666666,True,unassessed
797,ARM6_41_L,6,mapped,1098.0,SL_PLH,SL_peduncular_lateral_hypothalamus,56.84375000000003,8,2,15,15,0.13333333333333333,0.5333333333333333,True,unassessed
797,ARM6_41_L,6,mapped,1099.0,SL_STh,SL_subthalamic_nucleus,22.20312500000001,2,1,15,15,0.06666666666666667,0.13333333333333333,True,unassessed
797,ARM6_41_L,6,mapped,1102.0,SL_PH,SL_posterior_hypothalamic_nucleus,21.87500000000001,6,2,15,15,0.13333333333333333,0.4,True,unassessed
797,ARM6_41_L,6,mapped,1107.0,SL_MM,SL_mammillary_hypothalamus,10.078125000000005,1,1,15,15,0.06666666666666667,0.06666666666666667,True,unassessed
797,ARM6_41_L,6,mapped,1121.0,SL_CMn-PF,SL_centromedial-parafascicular_thalamus,50.56250000000002,1,1,15,15,0.06666666666666667,0.06666666666666667,True,unassessed
797,ARM6_41_L,6,mapped,1126.0,SL_MD,SL_mediodorsal_thalamus,78.81250000000003,1,1,15,15,0.06666666666666667,0.06666666666666667,True,unassessed
797,ARM6_41_L,6,mapped,1128.0,SL_IMD,SL_intermediodorsal_thalamus,11.781250000000005,16,2,15,15,0.13333333333333333,1.0666666666666667,True,unassessed
797,ARM6_41_L,6,mapped,1129.0,SL_PT-PV-sm,SL_paratenial-paraventral-thalamus,18.781250000000007,6,1,15,15,0.06666666666666667,0.4,True,unassessed
797,ARM6_41_L,6,mapped,1130.0,SL_PVP,SL_paraventricular_posterior_thalamus,1.9218750000000009,1,1,15,15,0.06666666666666667,0.06666666666666667,True,unassessed
797,ARM6_41_L,6,mapped,1134.0,SL_Re-Rh-Xi,SL_Reuniens-rhomboid-xiphoid_thalamus,18.937500000000007,9,3,15,15,0.2,0.6,True,unassessed
797,ARM6_41_L,6,mapped,1137.0,SL_VA,SL_ventral_anterior_thalamus,48.87500000000002,6,2,15,15,0.13333333333333333,0.4,True,unassessed
797,ARM6_41_L,6,mapped,1162.0,SL_Hb,SL_habenula,11.265625000000005,1,1,15,15,0.06666666666666667,0.06666666666666667,True,unassessed
797,ARM6_41_L,6,mapped,1179.0,SL_PAG,SL_periaqueductal_gray,49.48437500000002,6,2,15,15,0.13333333333333333,0.4,True,unassessed
797,ARM6_41_L,6,mapped,1187.0,SL_PTg,SL_pedunculopontine_nucleus,16.546875000000007,2,1,15,15,0.06666666666666667,0.13333333333333333,True,unassessed
797,ARM6_41_L,6,mapped,1190.0,SL_mRt,SL_mesencephalic_reticular_formation,78.28125000000003,2,1,15,15,0.06666666666666667,0.13333333333333333,True,unassessed
797,ARM6_41_L,6,mapped,1195.0,SL_mlf,SL_mediolateral_fascicle,18.062500000000007,1,1,15,15,0.06666666666666667,0.06666666666666667,True,unassessed
797,ARM6_41_L,6,mapped,1199.0,SL_LiR,SL_linear_Raphe,11.953125000000005,1,1,15,15,0.06666666666666667,0.06666666666666667,True,unassessed
797,ARM6_41_L,6,mapped,1206.0,SL_SN,SL_substantia_nigra,111.21875000000004,15,1,15,15,0.06666666666666667,1.0,True,unassessed
797,ARM6_41_L,6,mapped,1207.0,SL_VTA,SL_ventral_tegmental_area,24.42187500000001,1,1,15,15,0.06666666666666667,0.06666666666666667,True,unassessed
797,ARM6_41_L,6,mapped,1216.0,SL_MPB,SL_medial_parabrachial_nucleus,7.8593750000000036,1,1,15,15,0.06666666666666667,0.06666666666666667,True,unassessed
797,ARM6_41_L,6,mapped,1217.0,SL_scp,SL_superior_cerebellar_peduncle,24.48437500000001,2,1,15,15,0.06666666666666667,0.13333333333333333,True,unassessed
797,ARM6_41_L,6,mapped,1225.0,SL_MDTg,SL_medial_dorsal_tegmentum,7.6562500000000036,1,1,15,15,0.06666666666666667,0.06666666666666667,True,unassessed
797,ARM6_41_L,6,mapped,1233.0,SL_SubC,SL_subceruleus,13.984375000000005,1,1,15,15,0.06666666666666667,0.06666666666666667,True,unassessed
797,ARM6_41_L,6,mapped,1236.0,SL_PnO,SL_pontine_reticulum_oral,45.07812500000002,4,1,15,15,0.06666666666666667,0.26666666666666666,True,unassessed
797,ARM6_41_L,6,mapped,1548.0,SR_IPAC,SR_posterior_interstitial_nucleus,4.906250000000002,6,1,15,15,0.06666666666666667,0.4,True,unassessed
797,ARM6_41_L,6,mapped,1554.0,SR_CdH,SR_caudate_head,566.5156250000002,86,1,15,15,0.06666666666666667,5.733333333333333,True,unassessed
797,ARM6_41_L,6,mapped,1556.0,SR_Pu,SR_putamen,895.1093750000003,65,2,15,15,0.13333333333333333,4.333333333333333,True,unassessed
797,ARM6_41_L,6,mapped,1558.0,SR_ic,SR_internal_capsule,230.7343750000001,3,1,15,15,0.06666666666666667,0.2,True,unassessed
797,ARM6_41_L,6,mapped,1560.0,SR_Acb,SR_accumbens,94.96875000000004,33,1,15,15,0.06666666666666667,2.2,True,unassessed
797,ARM6_41_L,6,mapped,1573.0,SR_ST,SR_bed_nucleus_of_the_stria_terminalis,42.00000000000002,7,2,15,15,0.13333333333333333,0.4666666666666667,True,unassessed
797,ARM6_41_L,6,mapped,1576.0,SR_SDB,SR_septum_diagonal_band,91.34375000000004,2,1,15,15,0.06666666666666667,0.13333333333333333,True,unassessed
797,ARM6_41_L,6,mapped,1580.0,SR_PO,SR_preoptic_area,21.90625000000001,1,1,15,15,0.06666666666666667,0.06666666666666667,True,unassessed
797,ARM6_41_L,6,mapped,1602.0,SR_PH,SR_posterior_hypothalamic_nucleus,21.87500000000001,1,1,15,15,0.06666666666666667,0.06666666666666667,True,unassessed
797,ARM6_41_L,6,mapped,1626.0,SR_MD,SR_mediodorsal_thalamus,78.81250000000003,1,1,15,15,0.06666666666666667,0.06666666666666667,True,unassessed
797,ARM6_41_L,6,mapped,1628.0,SR_IMD,SR_intermediodorsal_thalamus,11.781250000000005,24,1,15,15,0.06666666666666667,1.6,True,unassessed
797,ARM6_41_L,6,mapped,1629.0,SR_PT-PV-sm,SR_paratenial-paraventral-thalamus,18.781250000000007,9,1,15,15,0.06666666666666667,0.6,True,unassessed
797,ARM6_41_L,6,mapped,1630.0,SR_PVP,SR_paraventricular_posterior_thalamus,1.9218750000000009,1,1,15,15,0.06666666666666667,0.06666666666666667,True,unassessed
797,ARM6_41_L,6,mapped,1633.0,SR_CM,SR_central_medial_thalamus,12.453125000000005,1,1,15,15,0.06666666666666667,0.06666666666666667,True,unassessed
797,ARM6_41_L,6,mapped,1634.0,SR_Re-Rh-Xi,SR_Reuniens-rhomboid-xiphoid_thalamus,18.937500000000007,2,2,15,15,0.13333333333333333,0.13333333333333333,True,unassessed
797,ARM6_41_L,6,mapped,1679.0,SR_PAG,SR_periaqueductal_gray,49.48437500000002,4,1,15,15,0.06666666666666667,0.26666666666666666,True,unassessed
797,ARM6_41_L,6,mapped,1687.0,SR_PTg,SR_pedunculopontine_nucleus,16.546875000000007,2,1,15,15,0.06666666666666667,0.13333333333333333,True,unassessed
797,ARM6_41_L,6,mapped,1717.0,SR_scp,SR_superior_cerebellar_peduncle,24.48437500000001,1,1,15,15,0.06666666666666667,0.06666666666666667,True,unassessed
797,ARM6_41_L,6,zero_unassigned,0.0,,,,324,13,15,15,0.8666666666666667,21.6,True,unassessed
797,ARM6_42_L,1,mapped,1001.0,SL_tel,SL_telencephalon,3805.562500000002,1,1,1,1,1.0,1.0,True,unassessed
797,ARM6_42_L,2,mapped,1002.0,SL_LVPal,SL_lateral_and_ventral_pallium,309.6718750000001,1,1,1,1,1.0,1.0,True,unassessed
797,ARM6_42_L,3,mapped,1003.0,SL_LPal,SL_lateral_pallium,255.1562500000001,1,1,1,1,1.0,1.0,True,unassessed
797,ARM6_42_L,4,mapped,1004.0,SL_Cl,SL_claustrum,255.1562500000001,1,1,1,1,1.0,1.0,True,unassessed
797,ARM6_42_L,5,mapped,1004.0,SL_Cl,SL_claustrum,255.1562500000001,1,1,1,1,1.0,1.0,True,unassessed
797,ARM6_42_L,6,mapped,1004.0,SL_Cl,SL_claustrum,255.1562500000001,1,1,1,1,1.0,1.0,True,unassessed
797,ARM6_541_R,1,mapped,501.0,CR_Frontal,CR_Frontal_Lobe,6154.890625000003,136,1,1,1,1.0,136.0,True,unassessed
797,ARM6_541_R,1,zero_unassigned,0.0,,,,24,1,1,1,1.0,24.0,True,unassessed
797,ARM6_541_R,2,mapped,516.0,CR_OFC,CR_orbital_frontal_cortex,1344.9218750000007,136,1,1,1,1.0,136.0,True,unassessed
797,ARM6_541_R,2,zero_unassigned,0.0,,,,24,1,1,1,1.0,24.0,True,unassessed
797,ARM6_541_R,3,mapped,537.0,CR_caudal_OFC,CR_caudal_orbital_frontal_cortex,331.17187500000017,136,1,1,1,1.0,136.0,True,unassessed
797,ARM6_541_R,3,zero_unassigned,0.0,,,,24,1,1,1,1.0,24.0,True,unassessed
797,ARM6_541_R,4,mapped,538.0,CR_OFa-p,CR_agranular_orbitofrontal_cortex,169.45312500000009,135,1,1,1,1.0,135.0,True,unassessed
797,ARM6_541_R,4,mapped,547.0,CR_cl_OFC,CR_caudolateral_orbitofrontal_cortex,136.07812500000006,1,1,1,1,1.0,1.0,True,unassessed
797,ARM6_541_R,4,zero_unassigned,0.0,,,,24,1,1,1,1.0,24.0,True,unassessed
797,ARM6_541_R,5,mapped,540.0,CR_lat_Ia,CR_lateral_agranular_insular_region,145.28125000000006,135,1,1,1,1.0,135.0,True,unassessed
797,ARM6_541_R,5,mapped,549.0,CR_PrCO,CR_precentral_operular_area,95.95312500000004,1,1,1,1,1.0,1.0,True,unassessed
797,ARM6_541_R,5,zero_unassigned,0.0,,,,24,1,1,1,1.0,24.0,True,unassessed
797,ARM6_541_R,6,mapped,541.0,CR_Iai,CR_intermediate_agranular_insula_area,81.48437500000004,53,1,1,1,1.0,53.0,True,unassessed
797,ARM6_541_R,6,mapped,542.0,CR_Ial,CR_lateral_agranular_insula_area,47.98437500000002,82,1,1,1,1.0,82.0,True,unassessed
797,ARM6_541_R,6,mapped,549.0,CR_PrCO,CR_precentral_operular_area,95.95312500000004,1,1,1,1,1.0,1.0,True,unassessed
797,ARM6_541_R,6,zero_unassigned,0.0,,,,24,1,1,1,1.0,24.0,True,unassessed
797,ARM6_542_R,1,mapped,1.0,CL_Frontal,CL_Frontal_Lobe,6154.890625000003,15,1,16,16,0.0625,0.9375,True,unassessed
797,ARM6_542_R,1,mapped,138.0,CL_Temporal,CL_Temporal_Lobe,4285.390625000002,44,1,16,16,0.0625,2.75,True,unassessed
797,ARM6_542_R,1,mapped,501.0,CR_Frontal,CR_Frontal_Lobe,6154.890625000003,3283,16,16,16,1.0,205.1875,True,unassessed
797,ARM6_542_R,1,mapped,590.0,CR_Parietal,CR_Parietal_Lobe,3774.453125000002,14,2,16,16,0.125,0.875,True,unassessed
797,ARM6_542_R,1,mapped,638.0,CR_Temporal,CR_Temporal_Lobe,4285.390625000002,827,11,16,16,0.6875,51.6875,True,unassessed
797,ARM6_542_R,1,mapped,1001.0,SL_tel,SL_telencephalon,3805.562500000002,37,1,16,16,0.0625,2.3125,True,unassessed
797,ARM6_542_R,1,mapped,1082.0,SL_di,SL_diencephalon,1285.0937500000007,98,1,16,16,0.0625,6.125,True,unassessed
797,ARM6_542_R,1,mapped,1501.0,SR_tel,SR_telencephalon,3805.562500000002,726,9,16,16,0.5625,45.375,True,unassessed
797,ARM6_542_R,1,mapped,1582.0,SR_di,SR_diencephalon,1285.0937500000007,178,1,16,16,0.0625,11.125,True,unassessed
797,ARM6_542_R,1,zero_unassigned,0.0,,,,581,15,16,16,0.9375,36.3125,True,unassessed
797,ARM6_542_R,2,mapped,16.0,CL_OFC,CL_orbital_frontal_cortex,1344.9218750000007,15,1,16,16,0.0625,0.9375,True,unassessed
797,ARM6_542_R,2,mapped,224.0,CL_floor_of_ls,CL_floor_of_the_lateral_sulcus,303.2968750000001,44,1,16,16,0.0625,2.75,True,unassessed
797,ARM6_542_R,2,mapped,516.0,CR_OFC,CR_orbital_frontal_cortex,1344.9218750000007,3089,16,16,16,1.0,193.0625,True,unassessed
797,ARM6_542_R,2,mapped,577.0,CR_motor,CR_motor_cortex,2542.000000000001,194,3,16,16,0.1875,12.125,True,unassessed
797,ARM6_542_R,2,mapped,591.0,CR_SI/SII,CR_somatosensory_cortex,1186.0000000000005,14,2,16,16,0.125,0.875,True,unassessed
797,ARM6_542_R,2,mapped,639.0,CR_MTL,CR_medial_temporal_lobe,423.42187500000017,33,3,16,16,0.1875,2.0625,True,unassessed
797,ARM6_542_R,2,mapped,665.0,CR_TG,CR_temporal_pole,315.5156250000001,146,4,16,16,0.25,9.125,True,unassessed
797,ARM6_542_R,2,mapped,724.0,CR_floor_of_ls,CR_floor_of_the_lateral_sulcus,303.2968750000001,648,10,16,16,0.625,40.5,True,unassessed
797,ARM6_542_R,2,mapped,1050.0,SL_BG,SL_basal_ganglia,2261.015625000001,37,1,16,16,0.0625,2.3125,True,unassessed
797,ARM6_542_R,2,mapped,1113.0,SL_Thal,SL_thalamus,970.0312500000005,98,1,16,16,0.0625,6.125,True,unassessed
797,ARM6_542_R,2,mapped,1502.0,SR_LVPal,SR_lateral_and_ventral_pallium,309.6718750000001,14,3,16,16,0.1875,0.875,True,unassessed
797,ARM6_542_R,2,mapped,1510.0,SR_MPal,SR_medial_pallium,575.5000000000002,1,1,16,16,0.0625,0.0625,True,unassessed
797,ARM6_542_R,2,mapped,1524.0,SR_Amy,SR_amygdala,302.0000000000001,253,5,16,16,0.3125,15.8125,True,unassessed
797,ARM6_542_R,2,mapped,1550.0,SR_BG,SR_basal_ganglia,2261.015625000001,457,8,16,16,0.5,28.5625,True,unassessed
797,ARM6_542_R,2,mapped,1569.0,SR_DSP,SR_diagonal_subpallium,182.70312500000009,1,1,16,16,0.0625,0.0625,True,unassessed
797,ARM6_542_R,2,mapped,1613.0,SR_Thal,SR_thalamus,970.0312500000005,178,1,16,16,0.0625,11.125,True,unassessed
797,ARM6_542_R,2,zero_unassigned,0.0,,,,581,15,16,16,0.9375,36.3125,True,unassessed
797,ARM6_542_R,3,mapped,37.0,CL_caudal_OFC,CL_caudal_orbital_frontal_cortex,331.17187500000017,15,1,16,16,0.0625,0.9375,True,unassessed
797,ARM6_542_R,3,mapped,224.0,CL_floor_of_ls,CL_floor_of_the_lateral_sulcus,303.2968750000001,44,1,16,16,0.0625,2.75,True,unassessed
797,ARM6_542_R,3,mapped,525.0,CR_lat_OFC,CR_lateral_orbital_frontal_cortex,708.1406250000003,144,4,16,16,0.25,9.0,True,unassessed
797,ARM6_542_R,3,mapped,537.0,CR_caudal_OFC,CR_caudal_orbital_frontal_cortex,331.17187500000017,2945,16,16,16,1.0,184.0625,True,unassessed
797,ARM6_542_R,3,mapped,578.0,CR_M1/PM,CR_lateral_motor_cortex,2230.484375000001,194,3,16,16,0.1875,12.125,True,unassessed
797,ARM6_542_R,3,mapped,595.0,CR_SII,CR_secondary_somatosensory_cortex,285.3125000000001,14,2,16,16,0.125,0.875,True,unassessed
797,ARM6_542_R,3,mapped,653.0,CR_Rh,CR_rhinal_cortex,280.2343750000001,33,3,16,16,0.1875,2.0625,True,unassessed
797,ARM6_542_R,3,mapped,665.0,CR_TG,CR_temporal_pole,315.5156250000001,146,4,16,16,0.25,9.125,True,unassessed
797,ARM6_542_R,3,mapped,724.0,CR_floor_of_ls,CR_floor_of_the_lateral_sulcus,303.2968750000001,648,10,16,16,0.625,40.5,True,unassessed
797,ARM6_542_R,3,mapped,1051.0,SL_Str,SL_striatum,1922.421875000001,32,1,16,16,0.0625,2.0,True,unassessed
797,ARM6_542_R,3,mapped,1062.0,SL_Pd,SL_pallidum,338.59375000000017,5,1,16,16,0.0625,0.3125,True,unassessed
797,ARM6_542_R,3,mapped,1115.0,SL_MThal,SL_medial_thalamus,208.23437500000009,10,1,16,16,0.0625,0.625,True,unassessed
797,ARM6_542_R,3,mapped,1127.0,SL_MLThal,SL_midline_thalamus,71.21875000000003,88,1,16,16,0.0625,5.5,True,unassessed
797,ARM6_542_R,3,mapped,1503.0,SR_LPal,SR_lateral_pallium,255.1562500000001,5,2,16,16,0.125,0.3125,True,unassessed
797,ARM6_542_R,3,mapped,1505.0,SR_VPal,SR_ventral_pallium,54.51562500000002,9,2,16,16,0.125,0.5625,True,unassessed
797,ARM6_542_R,3,mapped,1511.0,SR_HF,SR_hippocampal_formation,532.0937500000002,1,1,16,16,0.0625,0.0625,True,unassessed
797,ARM6_542_R,3,mapped,1525.0,SR_pAmy,SR_pallial_amygdala,217.79687500000009,225,3,16,16,0.1875,14.0625,True,unassessed
797,ARM6_542_R,3,mapped,1540.0,SR_spAmy,SR_subpallial_amygdala,84.20312500000004,28,3,16,16,0.1875,1.75,True,unassessed
797,ARM6_542_R,3,mapped,1551.0,SR_Str,SR_striatum,1922.421875000001,445,8,16,16,0.5,27.8125,True,unassessed
797,ARM6_542_R,3,mapped,1562.0,SR_Pd,SR_pallidum,338.59375000000017,12,4,16,16,0.25,0.75,True,unassessed
797,ARM6_542_R,3,mapped,1569.0,SR_DSP,SR_diagonal_subpallium,182.70312500000009,1,1,16,16,0.0625,0.0625,True,unassessed
797,ARM6_542_R,3,mapped,1615.0,SR_MThal,SR_medial_thalamus,208.23437500000009,30,1,16,16,0.0625,1.875,True,unassessed
797,ARM6_542_R,3,mapped,1627.0,SR_MLThal,SR_midline_thalamus,71.21875000000003,148,1,16,16,0.0625,9.25,True,unassessed
797,ARM6_542_R,3,zero_unassigned,0.0,,,,581,15,16,16,0.9375,36.3125,True,unassessed
797,ARM6_542_R,4,key_level_conflict,545.0,CR_AON/TTv,CR_anterior_olfactory_cortex,,8,1,16,16,0.0625,0.5,True,unassessed
797,ARM6_542_R,4,mapped,38.0,CL_OFa-p,CL_agranular_orbitofrontal_cortex,169.45312500000009,14,1,16,16,0.0625,0.875,True,unassessed
797,ARM6_542_R,4,mapped,47.0,CL_cl_OFC,CL_caudolateral_orbitofrontal_cortex,136.07812500000006,1,1,16,16,0.0625,0.0625,True,unassessed
797,ARM6_542_R,4,mapped,225.0,CL_Ins/Pi,CL_insula_and_parainsula,288.1875000000001,44,1,16,16,0.0625,2.75,True,unassessed
797,ARM6_542_R,4,mapped,526.0,CR_areas_11/13,CR_areas_11_and_13,557.4062500000002,142,3,16,16,0.1875,8.875,True,unassessed
797,ARM6_542_R,4,mapped,534.0,CR_area_12m/o,CR_medial_and_orbital_area_12,150.73437500000006,2,2,16,16,0.125,0.125,True,unassessed
797,ARM6_542_R,4,mapped,538.0,CR_OFa-p,CR_agranular_orbitofrontal_cortex,169.45312500000009,2463,16,16,16,1.0,153.9375,True,unassessed
797,ARM6_542_R,4,mapped,547.0,CR_cl_OFC,CR_caudolateral_orbitofrontal_cortex,136.07812500000006,474,12,16,16,0.75,29.625,True,unassessed
797,ARM6_542_R,4,mapped,580.0,CR_PM,CR_premotor_cortex,1468.3593750000007,194,3,16,16,0.1875,12.125,True,unassessed
797,ARM6_542_R,4,mapped,595.0,CR_SII,CR_secondary_somatosensory_cortex,285.3125000000001,14,2,16,16,0.125,0.875,True,unassessed
797,ARM6_542_R,4,mapped,654.0,CR_ERh,CR_entorhinal_cortex,130.48437500000006,23,3,16,16,0.1875,1.4375,True,unassessed
797,ARM6_542_R,4,mapped,660.0,CR_PRh,CR_perirhinal_cortex,149.75000000000006,10,2,16,16,0.125,0.625,True,unassessed
797,ARM6_542_R,4,mapped,666.0,CR_TGa,CR_agranular_temporal_pole,76.29687500000003,12,3,16,16,0.1875,0.75,True,unassessed
797,ARM6_542_R,4,mapped,667.0,CR_TGg/TGd,CR_granular_and_dysgranular_temporal_pole,239.2187500000001,134,4,16,16,0.25,8.375,True,unassessed
797,ARM6_542_R,4,mapped,725.0,CR_Ins/Pi,CR_insula_and_parainsula,288.1875000000001,648,10,16,16,0.625,40.5,True,unassessed
797,ARM6_542_R,4,mapped,1052.0,SL_DStr,SL_dorsal_striatum,1809.218750000001,32,1,16,16,0.0625,2.0,True,unassessed
797,ARM6_542_R,4,mapped,1062.0,SL_Pd,SL_pallidum,338.59375000000017,5,1,16,16,0.0625,0.3125,True,unassessed
797,ARM6_542_R,4,mapped,1126.0,SL_MD,SL_mediodorsal_thalamus,78.81250000000003,10,1,16,16,0.0625,0.625,True,unassessed
797,ARM6_542_R,4,mapped,1127.0,SL_MLThal,SL_midline_thalamus,71.21875000000003,88,1,16,16,0.0625,5.5,True,unassessed
797,ARM6_542_R,4,mapped,1504.0,SR_Cl,SR_claustrum,255.1562500000001,5,2,16,16,0.125,0.3125,True,unassessed
797,ARM6_542_R,4,mapped,1506.0,SR_En,SR_endopiriform_claustrum,23.71875000000001,4,1,16,16,0.0625,0.25,True,unassessed
797,ARM6_542_R,4,mapped,1509.0,SR_Pir,SR_piriform_cortex,30.796875000000014,5,2,16,16,0.125,0.3125,True,unassessed
797,ARM6_542_R,4,mapped,1512.0,SR_HFA,SR_hippocampal_formation_anterior,353.15625000000017,1,1,16,16,0.0625,0.0625,True,unassessed
797,ARM6_542_R,4,mapped,1526.0,SR_vpAmy,SR_ventropallial_amygdala,87.81250000000004,21,1,16,16,0.0625,1.3125,True,unassessed
797,ARM6_542_R,4,mapped,1530.0,SR_lpAmy,SR_lateropallial_amygdala,129.98437500000006,204,3,16,16,0.1875,12.75,True,unassessed
797,ARM6_542_R,4,mapped,1541.0,SR_stAmy,SR_striatal_amygdala,13.843750000000005,12,1,16,16,0.0625,0.75,True,unassessed
797,ARM6_542_R,4,mapped,1543.0,SR_mAmy,SR_medial_amygdala,40.71875000000002,4,1,16,16,0.0625,0.25,True,unassessed
797,ARM6_542_R,4,mapped,1546.0,SR_pdAmy,SR_pallidal_amygdala,29.640625000000014,12,3,16,16,0.1875,0.75,True,unassessed
797,ARM6_542_R,4,mapped,1552.0,SR_DStr,SR_dorsal_striatum,1809.218750000001,425,8,16,16,0.5,26.5625,True,unassessed
797,ARM6_542_R,4,mapped,1559.0,SR_VStr,SR_ventral_striatum,113.20312500000006,20,3,16,16,0.1875,1.25,True,unassessed
797,ARM6_542_R,4,mapped,1562.0,SR_Pd,SR_pallidum,338.59375000000017,12,4,16,16,0.25,0.75,True,unassessed
797,ARM6_542_R,4,mapped,1570.0,SR_BR,SR_basal_nucleus_region,38.000000000000014,1,1,16,16,0.0625,0.0625,True,unassessed
797,ARM6_542_R,4,mapped,1619.0,SR_ILThal,SR_intralaminar_thalamus,106.54687500000004,4,1,16,16,0.0625,0.25,True,unassessed
797,ARM6_542_R,4,mapped,1626.0,SR_MD,SR_mediodorsal_thalamus,78.81250000000003,26,1,16,16,0.0625,1.625,True,unassessed
797,ARM6_542_R,4,mapped,1627.0,SR_MLThal,SR_midline_thalamus,71.21875000000003,148,1,16,16,0.0625,9.25,True,unassessed
797,ARM6_542_R,4,zero_unassigned,0.0,,,,581,15,16,16,0.9375,36.3125,True,unassessed
797,ARM6_542_R,5,key_level_conflict,545.0,CR_AON/TTv,CR_anterior_olfactory_cortex,,8,1,16,16,0.0625,0.5,True,unassessed
797,ARM6_542_R,5,mapped,40.0,CL_lat_Ia,CL_lateral_agranular_insular_region,145.28125000000006,14,1,16,16,0.0625,0.875,True,unassessed
797,ARM6_542_R,5,mapped,49.0,CL_PrCO,CL_precentral_operular_area,95.95312500000004,1,1,16,16,0.0625,0.0625,True,unassessed
797,ARM6_542_R,5,mapped,226.0,CL_Pi,CL_parainsula,27.28125000000001,12,1,16,16,0.0625,0.75,True,unassessed
797,ARM6_542_R,5,mapped,227.0,CL_Ins,CL_insula,260.9062500000001,32,1,16,16,0.0625,2.0,True,unassessed
797,ARM6_542_R,5,mapped,530.0,CR_area_13,CR_area_13,419.17187500000017,142,3,16,16,0.1875,8.875,True,unassessed
797,ARM6_542_R,5,mapped,534.0,CR_area_12m/o,CR_medial_and_orbital_area_12,150.73437500000006,2,2,16,16,0.125,0.125,True,unassessed
797,ARM6_542_R,5,mapped,539.0,CR_Iam/Iapm,CR_medial_agranular_insular_region,24.17187500000001,48,2,16,16,0.125,3.0,True,unassessed
797,ARM6_542_R,5,mapped,540.0,CR_lat_Ia,CR_lateral_agranular_insular_region,145.28125000000006,2415,16,16,16,1.0,150.9375,True,unassessed
797,ARM6_542_R,5,mapped,548.0,CR_G,CR_gustatory_cortex,40.12500000000002,48,6,16,16,0.375,3.0,True,unassessed
797,ARM6_542_R,5,mapped,549.0,CR_PrCO,CR_precentral_operular_area,95.95312500000004,426,9,16,16,0.5625,26.625,True,unassessed
797,ARM6_542_R,5,mapped,584.0,CR_PMv,CR_ventral_premotor_cortex,700.6093750000003,194,3,16,16,0.1875,12.125,True,unassessed
797,ARM6_542_R,5,mapped,595.0,CR_SII,CR_secondary_somatosensory_cortex,285.3125000000001,14,2,16,16,0.125,0.875,True,unassessed
797,ARM6_542_R,5,mapped,659.0,CR_rostral_ERh,CR_rostral_entorhinal_cortex,47.82812500000002,23,3,16,16,0.1875,1.4375,True,unassessed
797,ARM6_542_R,5,mapped,661.0,CR_area_35,CR_area_35,34.593750000000014,10,2,16,16,0.125,0.625,True,unassessed
797,ARM6_542_R,5,mapped,666.0,CR_TGa,CR_agranular_temporal_pole,76.29687500000003,12,3,16,16,0.1875,0.75,True,unassessed
797,ARM6_542_R,5,mapped,668.0,CR_TGd,CR_dysgranular_temporal_pole,91.85937500000004,108,4,16,16,0.25,6.75,True,unassessed
797,ARM6_542_R,5,mapped,671.0,CR_TGg,CR_granular_temporal_pole,147.35937500000006,26,3,16,16,0.1875,1.625,True,unassessed
797,ARM6_542_R,5,mapped,726.0,CR_Pi,CR_parainsula,27.28125000000001,6,2,16,16,0.125,0.375,True,unassessed
797,ARM6_542_R,5,mapped,727.0,CR_Ins,CR_insula,260.9062500000001,642,10,16,16,0.625,40.125,True,unassessed
797,ARM6_542_R,5,mapped,1056.0,SL_Pu,SL_putamen,895.1093750000003,32,1,16,16,0.0625,2.0,True,unassessed
797,ARM6_542_R,5,mapped,1063.0,SL_GP,SL_globus_pallidus,239.7656250000001,1,1,16,16,0.0625,0.0625,True,unassessed
797,ARM6_542_R,5,mapped,1067.0,SL_ac,SL_anterior_commissure,77.82812500000003,4,1,16,16,0.0625,0.25,True,unassessed
797,ARM6_542_R,5,mapped,1126.0,SL_MD,SL_mediodorsal_thalamus,78.81250000000003,10,1,16,16,0.0625,0.625,True,unassessed
797,ARM6_542_R,5,mapped,1128.0,SL_IMD,SL_intermediodorsal_thalamus,11.781250000000005,58,1,16,16,0.0625,3.625,True,unassessed
797,ARM6_542_R,5,mapped,1129.0,SL_PT-PV-sm,SL_paratenial-paraventral-thalamus,18.781250000000007,13,1,16,16,0.0625,0.8125,True,unassessed
797,ARM6_542_R,5,mapped,1133.0,SL_CM,SL_central_medial_thalamus,12.453125000000005,17,1,16,16,0.0625,1.0625,True,unassessed
797,ARM6_542_R,5,mapped,1504.0,SR_Cl,SR_claustrum,255.1562500000001,5,2,16,16,0.125,0.3125,True,unassessed
797,ARM6_542_R,5,mapped,1508.0,SR_VEn,SR_ventral_endopiriform_claustrum,9.515625000000004,4,1,16,16,0.0625,0.25,True,unassessed
797,ARM6_542_R,5,mapped,1509.0,SR_Pir,SR_piriform_cortex,30.796875000000014,5,2,16,16,0.125,0.3125,True,unassessed
797,ARM6_542_R,5,mapped,1513.0,SR_HiA,SR_hippocampus_anterior,271.8750000000001,1,1,16,16,0.0625,0.0625,True,unassessed
797,ARM6_542_R,5,mapped,1527.0,SR_BM,SR_basomedial_amygdaloid_nucleus,47.84375000000002,15,1,16,16,0.0625,0.9375,True,unassessed
797,ARM6_542_R,5,mapped,1528.0,SR_VCo,SR_ventral_cortical_amygdaloid_nucleus,22.76562500000001,3,1,16,16,0.0625,0.1875,True,unassessed
797,ARM6_542_R,5,mapped,1529.0,SR_AHi,SR_amygdalohippocampal_area,17.203125000000007,3,1,16,16,0.0625,0.1875,True,unassessed
797,ARM6_542_R,5,mapped,1531.0,SR_La,SR_lateral_amygdaloid_nucleus,40.82812500000002,40,3,16,16,0.1875,2.5,True,unassessed
797,ARM6_542_R,5,mapped,1534.0,SR_APir,SR_amygdalopiriform_transition_area,27.85937500000001,67,1,16,16,0.0625,4.1875,True,unassessed
797,ARM6_542_R,5,mapped,1535.0,SR_BL,SR_basolateral_amygdaloid_nucleus,47.54687500000002,62,2,16,16,0.125,3.875,True,unassessed
797,ARM6_542_R,5,mapped,1539.0,SR_PaL,SR_paralaminar_amygdaloid_nucleus,13.750000000000005,35,1,16,16,0.0625,2.1875,True,unassessed
797,ARM6_542_R,5,mapped,1542.0,SR_Ce,SR_central_amygdaloid_nucleus,13.843750000000005,12,1,16,16,0.0625,0.75,True,unassessed
797,ARM6_542_R,5,mapped,1544.0,SR_Me,SR_medial_amygdaloid_nucleus,16.984375000000007,2,1,16,16,0.0625,0.125,True,unassessed
797,ARM6_542_R,5,mapped,1545.0,SR_AA,SR_anterior_amygdaloid_area,23.73437500000001,2,1,16,16,0.0625,0.125,True,unassessed
797,ARM6_542_R,5,mapped,1548.0,SR_IPAC,SR_posterior_interstitial_nucleus,4.906250000000002,4,3,16,16,0.1875,0.25,True,unassessed
797,ARM6_542_R,5,mapped,1549.0,SR_STIA,SR_intraamygdaloid_stria_terminalis,15.593750000000007,8,1,16,16,0.0625,0.5,True,unassessed
797,ARM6_542_R,5,mapped,1553.0,SR_Cd,SR_caudate,649.5625000000003,25,1,16,16,0.0625,1.5625,True,unassessed
797,ARM6_542_R,5,mapped,1556.0,SR_Pu,SR_putamen,895.1093750000003,380,7,16,16,0.4375,23.75,True,unassessed
797,ARM6_542_R,5,mapped,1557.0,SR_ASt,SR_amygdalostriatal_transition,33.812500000000014,19,2,16,16,0.125,1.1875,True,unassessed
797,ARM6_542_R,5,mapped,1558.0,SR_ic,SR_internal_capsule,230.7343750000001,1,1,16,16,0.0625,0.0625,True,unassessed
797,ARM6_542_R,5,mapped,1560.0,SR_Acb,SR_accumbens,94.96875000000004,20,3,16,16,0.1875,1.25,True,unassessed
797,ARM6_542_R,5,mapped,1567.0,SR_ac,SR_anterior_commissure,77.82812500000003,12,4,16,16,0.25,0.75,True,unassessed
797,ARM6_542_R,5,mapped,1570.0,SR_BR,SR_basal_nucleus_region,38.000000000000014,1,1,16,16,0.0625,0.0625,True,unassessed
797,ARM6_542_R,5,mapped,1620.0,SR_CL-PC,SR_centrolateral_and_paracentral_thalamus,36.468750000000014,1,1,16,16,0.0625,0.0625,True,unassessed
797,ARM6_542_R,5,mapped,1621.0,SR_CMn-PF,SR_centromedial-parafascicular_thalamus,50.56250000000002,3,1,16,16,0.0625,0.1875,True,unassessed
797,ARM6_542_R,5,mapped,1626.0,SR_MD,SR_mediodorsal_thalamus,78.81250000000003,26,1,16,16,0.0625,1.625,True,unassessed
797,ARM6_542_R,5,mapped,1628.0,SR_IMD,SR_intermediodorsal_thalamus,11.781250000000005,132,1,16,16,0.0625,8.25,True,unassessed
797,ARM6_542_R,5,mapped,1629.0,SR_PT-PV-sm,SR_paratenial-paraventral-thalamus,18.781250000000007,1,1,16,16,0.0625,0.0625,True,unassessed
797,ARM6_542_R,5,mapped,1633.0,SR_CM,SR_central_medial_thalamus,12.453125000000005,15,1,16,16,0.0625,0.9375,True,unassessed
797,ARM6_542_R,5,zero_unassigned,0.0,,,,581,15,16,16,0.9375,36.3125,True,unassessed
797,ARM6_542_R,6,mapped,42.0,CL_Ial,CL_lateral_agranular_insula_area,47.98437500000002,8,1,16,16,0.0625,0.5,True,unassessed
797,ARM6_542_R,6,mapped,43.0,CL_Iapl,CL_posterior_lateral_agranular_insula_area,15.812500000000007,6,1,16,16,0.0625,0.375,True,unassessed
797,ARM6_542_R,6,mapped,49.0,CL_PrCO,CL_precentral_operular_area,95.95312500000004,1,1,16,16,0.0625,0.0625,True,unassessed
797,ARM6_542_R,6,mapped,226.0,CL_Pi,CL_parainsula,27.28125000000001,12,1,16,16,0.0625,0.75,True,unassessed
797,ARM6_542_R,6,mapped,228.0,CL_Ia/Id,CL_agranular_and_dysgranular_insula,164.56250000000009,32,1,16,16,0.0625,2.0,True,unassessed
797,ARM6_542_R,6,mapped,532.0,CR_area_13m,CR_medial_area_13,174.45312500000009,141,3,16,16,0.1875,8.8125,True,unassessed
797,ARM6_542_R,6,mapped,533.0,CR_area_13l,CR_lateral_area_13,120.60937500000006,1,1,16,16,0.0625,0.0625,True,unassessed
797,ARM6_542_R,6,mapped,536.0,CR_area_12o,CR_orbital_area_12,68.65625000000003,2,2,16,16,0.125,0.125,True,unassessed
797,ARM6_542_R,6,mapped,539.0,CR_Iam/Iapm,CR_medial_agranular_insular_region,24.17187500000001,48,2,16,16,0.125,3.0,True,unassessed
797,ARM6_542_R,6,mapped,541.0,CR_Iai,CR_intermediate_agranular_insula_area,81.48437500000004,133,14,16,16,0.875,8.3125,True,unassessed
797,ARM6_542_R,6,mapped,542.0,CR_Ial,CR_lateral_agranular_insula_area,47.98437500000002,2128,16,16,16,1.0,133.0,True,unassessed
797,ARM6_542_R,6,mapped,543.0,CR_Iapl,CR_posterior_lateral_agranular_insula_area,15.812500000000007,154,11,16,16,0.6875,9.625,True,unassessed
797,ARM6_542_R,6,mapped,545.0,CR_AON/TTv,CR_anterior_olfactory_cortex,25.64062500000001,8,1,16,16,0.0625,0.5,True,unassessed
797,ARM6_542_R,6,mapped,548.0,CR_G,CR_gustatory_cortex,40.12500000000002,48,6,16,16,0.375,3.0,True,unassessed
797,ARM6_542_R,6,mapped,549.0,CR_PrCO,CR_precentral_operular_area,95.95312500000004,426,9,16,16,0.5625,26.625,True,unassessed
797,ARM6_542_R,6,mapped,585.0,CR_F4,CR_area_F4_of_ventral_premotor_cortex,266.5937500000001,10,2,16,16,0.125,0.625,True,unassessed
797,ARM6_542_R,6,mapped,586.0,CR_F5,CR_area_F5_of_ventral_premotor_cortex,434.01562500000017,184,3,16,16,0.1875,11.5,True,unassessed
797,ARM6_542_R,6,mapped,595.0,CR_SII,CR_secondary_somatosensory_cortex,285.3125000000001,14,2,16,16,0.125,0.875,True,unassessed
797,ARM6_542_R,6,mapped,659.0,CR_rostral_ERh,CR_rostral_entorhinal_cortex,47.82812500000002,23,3,16,16,0.1875,1.4375,True,unassessed
797,ARM6_542_R,6,mapped,661.0,CR_area_35,CR_area_35,34.593750000000014,10,2,16,16,0.125,0.625,True,unassessed
797,ARM6_542_R,6,mapped,666.0,CR_TGa,CR_agranular_temporal_pole,76.29687500000003,12,3,16,16,0.1875,0.75,True,unassessed
797,ARM6_542_R,6,mapped,670.0,CR_TGvd,CR_ventral_dysgranular_temporal_pole,21.12500000000001,108,4,16,16,0.25,6.75,True,unassessed
797,ARM6_542_R,6,mapped,673.0,CR_TGvg,CR_ventral_granular_temporal_pole,16.859375000000007,12,2,16,16,0.125,0.75,True,unassessed
797,ARM6_542_R,6,mapped,674.0,CR_TGsts,CR_sts_part_of_temporal_pole,78.28125000000003,14,2,16,16,0.125,0.875,True,unassessed
797,ARM6_542_R,6,mapped,726.0,CR_Pi,CR_parainsula,27.28125000000001,6,2,16,16,0.125,0.375,True,unassessed
797,ARM6_542_R,6,mapped,728.0,CR_Ia/Id,CR_agranular_and_dysgranular_insula,164.56250000000009,642,10,16,16,0.625,40.125,True,unassessed
797,ARM6_542_R,6,mapped,1056.0,SL_Pu,SL_putamen,895.1093750000003,32,1,16,16,0.0625,2.0,True,unassessed
797,ARM6_542_R,6,mapped,1064.0,SL_EGP,SL_external_globus_pallidus,150.71875000000006,1,1,16,16,0.0625,0.0625,True,unassessed
797,ARM6_542_R,6,mapped,1067.0,SL_ac,SL_anterior_commissure,77.82812500000003,4,1,16,16,0.0625,0.25,True,unassessed
797,ARM6_542_R,6,mapped,1126.0,SL_MD,SL_mediodorsal_thalamus,78.81250000000003,10,1,16,16,0.0625,0.625,True,unassessed
797,ARM6_542_R,6,mapped,1128.0,SL_IMD,SL_intermediodorsal_thalamus,11.781250000000005,58,1,16,16,0.0625,3.625,True,unassessed
797,ARM6_542_R,6,mapped,1129.0,SL_PT-PV-sm,SL_paratenial-paraventral-thalamus,18.781250000000007,13,1,16,16,0.0625,0.8125,True,unassessed
797,ARM6_542_R,6,mapped,1133.0,SL_CM,SL_central_medial_thalamus,12.453125000000005,17,1,16,16,0.0625,1.0625,True,unassessed
797,ARM6_542_R,6,mapped,1504.0,SR_Cl,SR_claustrum,255.1562500000001,5,2,16,16,0.125,0.3125,True,unassessed
797,ARM6_542_R,6,mapped,1508.0,SR_VEn,SR_ventral_endopiriform_claustrum,9.515625000000004,4,1,16,16,0.0625,0.25,True,unassessed
797,ARM6_542_R,6,mapped,1509.0,SR_Pir,SR_piriform_cortex,30.796875000000014,5,2,16,16,0.125,0.3125,True,unassessed
797,ARM6_542_R,6,mapped,1515.0,SR_CAA,SR_CA1_3_anterior,180.68750000000009,1,1,16,16,0.0625,0.0625,True,unassessed
797,ARM6_542_R,6,mapped,1527.0,SR_BM,SR_basomedial_amygdaloid_nucleus,47.84375000000002,15,1,16,16,0.0625,0.9375,True,unassessed
797,ARM6_542_R,6,mapped,1528.0,SR_VCo,SR_ventral_cortical_amygdaloid_nucleus,22.76562500000001,3,1,16,16,0.0625,0.1875,True,unassessed
797,ARM6_542_R,6,mapped,1529.0,SR_AHi,SR_amygdalohippocampal_area,17.203125000000007,3,1,16,16,0.0625,0.1875,True,unassessed
797,ARM6_542_R,6,mapped,1532.0,SR_LaD,SR_lateral_dorsal_amygdaloid_nucleus,22.29687500000001,27,3,16,16,0.1875,1.6875,True,unassessed
797,ARM6_542_R,6,mapped,1533.0,SR_LaV,SR_lateral_ventral_amygdaloid_nucleus,18.531250000000007,13,2,16,16,0.125,0.8125,True,unassessed
797,ARM6_542_R,6,mapped,1534.0,SR_APir,SR_amygdalopiriform_transition_area,27.85937500000001,67,1,16,16,0.0625,4.1875,True,unassessed
797,ARM6_542_R,6,mapped,1536.0,SR_BLD,SR_basolateral_dorsal_amygdaloid_nucleus,14.546875000000007,42,1,16,16,0.0625,2.625,True,unassessed
797,ARM6_542_R,6,mapped,1537.0,SR_BLI,SR_basolateral_intermediate_amygdaloid_nucleus,13.343750000000005,2,1,16,16,0.0625,0.125,True,unassessed
797,ARM6_542_R,6,mapped,1538.0,SR_BLV,SR_basolateral_ventral_amygdaloid_nucleus,19.656250000000007,18,1,16,16,0.0625,1.125,True,unassessed
797,ARM6_542_R,6,mapped,1539.0,SR_PaL,SR_paralaminar_amygdaloid_nucleus,13.750000000000005,35,1,16,16,0.0625,2.1875,True,unassessed
797,ARM6_542_R,6,mapped,1542.0,SR_Ce,SR_central_amygdaloid_nucleus,13.843750000000005,12,1,16,16,0.0625,0.75,True,unassessed
797,ARM6_542_R,6,mapped,1544.0,SR_Me,SR_medial_amygdaloid_nucleus,16.984375000000007,2,1,16,16,0.0625,0.125,True,unassessed
797,ARM6_542_R,6,mapped,1545.0,SR_AA,SR_anterior_amygdaloid_area,23.73437500000001,2,1,16,16,0.0625,0.125,True,unassessed
797,ARM6_542_R,6,mapped,1548.0,SR_IPAC,SR_posterior_interstitial_nucleus,4.906250000000002,4,3,16,16,0.1875,0.25,True,unassessed
797,ARM6_542_R,6,mapped,1549.0,SR_STIA,SR_intraamygdaloid_stria_terminalis,15.593750000000007,8,1,16,16,0.0625,0.5,True,unassessed
797,ARM6_542_R,6,mapped,1555.0,SR_CdT,SR_caudate_tail,83.04687500000004,25,1,16,16,0.0625,1.5625,True,unassessed
797,ARM6_542_R,6,mapped,1556.0,SR_Pu,SR_putamen,895.1093750000003,380,7,16,16,0.4375,23.75,True,unassessed
797,ARM6_542_R,6,mapped,1557.0,SR_ASt,SR_amygdalostriatal_transition,33.812500000000014,19,2,16,16,0.125,1.1875,True,unassessed
797,ARM6_542_R,6,mapped,1558.0,SR_ic,SR_internal_capsule,230.7343750000001,1,1,16,16,0.0625,0.0625,True,unassessed
797,ARM6_542_R,6,mapped,1560.0,SR_Acb,SR_accumbens,94.96875000000004,20,3,16,16,0.1875,1.25,True,unassessed
797,ARM6_542_R,6,mapped,1567.0,SR_ac,SR_anterior_commissure,77.82812500000003,12,4,16,16,0.25,0.75,True,unassessed
797,ARM6_542_R,6,mapped,1571.0,SR_PeB,SR_peri-basal_region,12.453125000000005,1,1,16,16,0.0625,0.0625,True,unassessed
797,ARM6_542_R,6,mapped,1620.0,SR_CL-PC,SR_centrolateral_and_paracentral_thalamus,36.468750000000014,1,1,16,16,0.0625,0.0625,True,unassessed
797,ARM6_542_R,6,mapped,1621.0,SR_CMn-PF,SR_centromedial-parafascicular_thalamus,50.56250000000002,3,1,16,16,0.0625,0.1875,True,unassessed
797,ARM6_542_R,6,mapped,1626.0,SR_MD,SR_mediodorsal_thalamus,78.81250000000003,26,1,16,16,0.0625,1.625,True,unassessed
797,ARM6_542_R,6,mapped,1628.0,SR_IMD,SR_intermediodorsal_thalamus,11.781250000000005,132,1,16,16,0.0625,8.25,True,unassessed
797,ARM6_542_R,6,mapped,1629.0,SR_PT-PV-sm,SR_paratenial-paraventral-thalamus,18.781250000000007,1,1,16,16,0.0625,0.0625,True,unassessed
797,ARM6_542_R,6,mapped,1633.0,SR_CM,SR_central_medial_thalamus,12.453125000000005,15,1,16,16,0.0625,0.9375,True,unassessed
797,ARM6_542_R,6,zero_unassigned,0.0,,,,581,15,16,16,0.9375,36.3125,True,unassessed
797,ARM6_595_R,1,mapped,590.0,CR_Parietal,CR_Parietal_Lobe,3774.453125000002,277,1,1,1,1.0,277.0,True,unassessed
797,ARM6_595_R,1,mapped,638.0,CR_Temporal,CR_Temporal_Lobe,4285.390625000002,5,1,1,1,1.0,5.0,True,unassessed
797,ARM6_595_R,1,mapped,1501.0,SR_tel,SR_telencephalon,3805.562500000002,757,1,1,1,1.0,757.0,True,unassessed
797,ARM6_595_R,1,zero_unassigned,0.0,,,,96,1,1,1,1.0,96.0,True,unassessed
797,ARM6_595_R,2,mapped,591.0,CR_SI/SII,CR_somatosensory_cortex,1186.0000000000005,277,1,1,1,1.0,277.0,True,unassessed
797,ARM6_595_R,2,mapped,724.0,CR_floor_of_ls,CR_floor_of_the_lateral_sulcus,303.2968750000001,5,1,1,1,1.0,5.0,True,unassessed
797,ARM6_595_R,2,mapped,1502.0,SR_LVPal,SR_lateral_and_ventral_pallium,309.6718750000001,27,1,1,1,1.0,27.0,True,unassessed
797,ARM6_595_R,2,mapped,1550.0,SR_BG,SR_basal_ganglia,2261.015625000001,730,1,1,1,1.0,730.0,True,unassessed
797,ARM6_595_R,2,zero_unassigned,0.0,,,,96,1,1,1,1.0,96.0,True,unassessed
797,ARM6_595_R,3,mapped,595.0,CR_SII,CR_secondary_somatosensory_cortex,285.3125000000001,277,1,1,1,1.0,277.0,True,unassessed
797,ARM6_595_R,3,mapped,724.0,CR_floor_of_ls,CR_floor_of_the_lateral_sulcus,303.2968750000001,5,1,1,1,1.0,5.0,True,unassessed
797,ARM6_595_R,3,mapped,1503.0,SR_LPal,SR_lateral_pallium,255.1562500000001,27,1,1,1,1.0,27.0,True,unassessed
797,ARM6_595_R,3,mapped,1551.0,SR_Str,SR_striatum,1922.421875000001,730,1,1,1,1.0,730.0,True,unassessed
797,ARM6_595_R,3,zero_unassigned,0.0,,,,96,1,1,1,1.0,96.0,True,unassessed
797,ARM6_595_R,4,mapped,595.0,CR_SII,CR_secondary_somatosensory_cortex,285.3125000000001,277,1,1,1,1.0,277.0,True,unassessed
797,ARM6_595_R,4,mapped,725.0,CR_Ins/Pi,CR_insula_and_parainsula,288.1875000000001,5,1,1,1,1.0,5.0,True,unassessed
797,ARM6_595_R,4,mapped,1504.0,SR_Cl,SR_claustrum,255.1562500000001,27,1,1,1,1.0,27.0,True,unassessed
797,ARM6_595_R,4,mapped,1552.0,SR_DStr,SR_dorsal_striatum,1809.218750000001,730,1,1,1,1.0,730.0,True,unassessed
797,ARM6_595_R,4,zero_unassigned,0.0,,,,96,1,1,1,1.0,96.0,True,unassessed
797,ARM6_595_R,5,mapped,595.0,CR_SII,CR_secondary_somatosensory_cortex,285.3125000000001,277,1,1,1,1.0,277.0,True,unassessed
797,ARM6_595_R,5,mapped,727.0,CR_Ins,CR_insula,260.9062500000001,5,1,1,1,1.0,5.0,True,unassessed
797,ARM6_595_R,5,mapped,1504.0,SR_Cl,SR_claustrum,255.1562500000001,27,1,1,1,1.0,27.0,True,unassessed
797,ARM6_595_R,5,mapped,1553.0,SR_Cd,SR_caudate,649.5625000000003,6,1,1,1,1.0,6.0,True,unassessed
797,ARM6_595_R,5,mapped,1556.0,SR_Pu,SR_putamen,895.1093750000003,676,1,1,1,1.0,676.0,True,unassessed
797,ARM6_595_R,5,mapped,1557.0,SR_ASt,SR_amygdalostriatal_transition,33.812500000000014,30,1,1,1,1.0,30.0,True,unassessed
797,ARM6_595_R,5,mapped,1558.0,SR_ic,SR_internal_capsule,230.7343750000001,18,1,1,1,1.0,18.0,True,unassessed
797,ARM6_595_R,5,zero_unassigned,0.0,,,,96,1,1,1,1.0,96.0,True,unassessed
797,ARM6_595_R,6,mapped,595.0,CR_SII,CR_secondary_somatosensory_cortex,285.3125000000001,277,1,1,1,1.0,277.0,True,unassessed
797,ARM6_595_R,6,mapped,728.0,CR_Ia/Id,CR_agranular_and_dysgranular_insula,164.56250000000009,5,1,1,1,1.0,5.0,True,unassessed
797,ARM6_595_R,6,mapped,1504.0,SR_Cl,SR_claustrum,255.1562500000001,27,1,1,1,1.0,27.0,True,unassessed
797,ARM6_595_R,6,mapped,1554.0,SR_CdH,SR_caudate_head,566.5156250000002,6,1,1,1,1.0,6.0,True,unassessed
797,ARM6_595_R,6,mapped,1556.0,SR_Pu,SR_putamen,895.1093750000003,676,1,1,1,1.0,676.0,True,unassessed
797,ARM6_595_R,6,mapped,1557.0,SR_ASt,SR_amygdalostriatal_transition,33.812500000000014,30,1,1,1,1.0,30.0,True,unassessed
797,ARM6_595_R,6,mapped,1558.0,SR_ic,SR_internal_capsule,230.7343750000001,18,1,1,1,1.0,18.0,True,unassessed
797,ARM6_595_R,6,zero_unassigned,0.0,,,,96,1,1,1,1.0,96.0,True,unassessed
900,ARM6_229_L,1,mapped,1.0,CL_Frontal,CL_Frontal_Lobe,6154.890625000003,506,1,4,4,0.25,126.5,True,unassessed
900,ARM6_229_L,1,mapped,90.0,CL_Parietal,CL_Parietal_Lobe,3774.453125000002,21,3,4,4,0.75,5.25,True,unassessed
900,ARM6_229_L,1,mapped,138.0,CL_Temporal,CL_Temporal_Lobe,4285.390625000002,84,3,4,4,0.75,21.0,True,unassessed
900,ARM6_229_L,1,zero_unassigned,0.0,,,,287,1,4,4,0.25,71.75,True,unassessed
900,ARM6_229_L,2,mapped,16.0,CL_OFC,CL_orbital_frontal_cortex,1344.9218750000007,386,1,4,4,0.25,96.5,True,unassessed
900,ARM6_229_L,2,mapped,50.0,CL_lat_PFC,CL_lateral_prefrontal_cortex,1665.2031250000007,56,1,4,4,0.25,14.0,True,unassessed
900,ARM6_229_L,2,mapped,77.0,CL_motor,CL_motor_cortex,2542.000000000001,64,1,4,4,0.25,16.0,True,unassessed
900,ARM6_229_L,2,mapped,91.0,CL_SI/SII,CL_somatosensory_cortex,1186.0000000000005,21,3,4,4,0.75,5.25,True,unassessed
900,ARM6_229_L,2,mapped,224.0,CL_floor_of_ls,CL_floor_of_the_lateral_sulcus,303.2968750000001,84,3,4,4,0.75,21.0,True,unassessed
900,ARM6_229_L,2,zero_unassigned,0.0,,,,287,1,4,4,0.25,71.75,True,unassessed
900,ARM6_229_L,3,mapped,25.0,CL_lat_OFC,CL_lateral_orbital_frontal_cortex,708.1406250000003,251,1,4,4,0.25,62.75,True,unassessed
900,ARM6_229_L,3,mapped,37.0,CL_caudal_OFC,CL_caudal_orbital_frontal_cortex,331.17187500000017,135,1,4,4,0.25,33.75,True,unassessed
900,ARM6_229_L,3,mapped,64.0,CL_vlPFC,CL_ventrolateral_prefrontal_cortex,680.8593750000003,56,1,4,4,0.25,14.0,True,unassessed
900,ARM6_229_L,3,mapped,78.0,CL_M1/PM,CL_lateral_motor_cortex,2230.484375000001,64,1,4,4,0.25,16.0,True,unassessed
900,ARM6_229_L,3,mapped,95.0,CL_SII,CL_secondary_somatosensory_cortex,285.3125000000001,21,3,4,4,0.75,5.25,True,unassessed
900,ARM6_229_L,3,mapped,224.0,CL_floor_of_ls,CL_floor_of_the_lateral_sulcus,303.2968750000001,84,3,4,4,0.75,21.0,True,unassessed
900,ARM6_229_L,3,zero_unassigned,0.0,,,,287,1,4,4,0.25,71.75,True,unassessed
900,ARM6_229_L,4,mapped,26.0,CL_areas_11/13,CL_areas_11_and_13,557.4062500000002,186,1,4,4,0.25,46.5,True,unassessed
900,ARM6_229_L,4,mapped,34.0,CL_area_12m/o,CL_medial_and_orbital_area_12,150.73437500000006,65,1,4,4,0.25,16.25,True,unassessed
900,ARM6_229_L,4,mapped,47.0,CL_cl_OFC,CL_caudolateral_orbitofrontal_cortex,136.07812500000006,135,1,4,4,0.25,33.75,True,unassessed
900,ARM6_229_L,4,mapped,72.0,CL_caudal_vlPFC,CL_caudal_ventrolateral_prefrontal_cortex,214.90625000000009,56,1,4,4,0.25,14.0,True,unassessed
900,ARM6_229_L,4,mapped,80.0,CL_PM,CL_premotor_cortex,1468.3593750000007,64,1,4,4,0.25,16.0,True,unassessed
900,ARM6_229_L,4,mapped,95.0,CL_SII,CL_secondary_somatosensory_cortex,285.3125000000001,21,3,4,4,0.75,5.25,True,unassessed
900,ARM6_229_L,4,mapped,225.0,CL_Ins/Pi,CL_insula_and_parainsula,288.1875000000001,84,3,4,4,0.75,21.0,True,unassessed
900,ARM6_229_L,4,zero_unassigned,0.0,,,,287,1,4,4,0.25,71.75,True,unassessed
900,ARM6_229_L,5,mapped,30.0,CL_area_13,CL_area_13,419.17187500000017,186,1,4,4,0.25,46.5,True,unassessed
900,ARM6_229_L,5,mapped,34.0,CL_area_12m/o,CL_medial_and_orbital_area_12,150.73437500000006,65,1,4,4,0.25,16.25,True,unassessed
900,ARM6_229_L,5,mapped,49.0,CL_PrCO,CL_precentral_operular_area,95.95312500000004,135,1,4,4,0.25,33.75,True,unassessed
900,ARM6_229_L,5,mapped,76.0,CL_area_44,CL_area_44,49.35937500000002,56,1,4,4,0.25,14.0,True,unassessed
900,ARM6_229_L,5,mapped,84.0,CL_PMv,CL_ventral_premotor_cortex,700.6093750000003,64,1,4,4,0.25,16.0,True,unassessed
900,ARM6_229_L,5,mapped,95.0,CL_SII,CL_secondary_somatosensory_cortex,285.3125000000001,21,3,4,4,0.75,5.25,True,unassessed
900,ARM6_229_L,5,mapped,227.0,CL_Ins,CL_insula,260.9062500000001,84,3,4,4,0.75,21.0,True,unassessed
900,ARM6_229_L,5,zero_unassigned,0.0,,,,287,1,4,4,0.25,71.75,True,unassessed
900,ARM6_229_L,6,mapped,32.0,CL_area_13m,CL_medial_area_13,174.45312500000009,1,1,4,4,0.25,0.25,True,unassessed
900,ARM6_229_L,6,mapped,33.0,CL_area_13l,CL_lateral_area_13,120.60937500000006,185,1,4,4,0.25,46.25,True,unassessed
900,ARM6_229_L,6,mapped,35.0,CL_area_12m,CL_medial_area_12,82.07812500000004,65,1,4,4,0.25,16.25,True,unassessed
900,ARM6_229_L,6,mapped,49.0,CL_PrCO,CL_precentral_operular_area,95.95312500000004,135,1,4,4,0.25,33.75,True,unassessed
900,ARM6_229_L,6,mapped,76.0,CL_area_44,CL_area_44,49.35937500000002,56,1,4,4,0.25,14.0,True,unassessed
900,ARM6_229_L,6,mapped,86.0,CL_F5,CL_area_F5_of_ventral_premotor_cortex,434.01562500000017,64,1,4,4,0.25,16.0,True,unassessed
900,ARM6_229_L,6,mapped,95.0,CL_SII,CL_secondary_somatosensory_cortex,285.3125000000001,21,3,4,4,0.75,5.25,True,unassessed
900,ARM6_229_L,6,mapped,228.0,CL_Ia/Id,CL_agranular_and_dysgranular_insula,164.56250000000009,34,2,4,4,0.5,8.5,True,unassessed
900,ARM6_229_L,6,mapped,229.0,CL_Ig,CL_granular_insula,96.34375000000004,50,3,4,4,0.75,12.5,True,unassessed
900,ARM6_229_L,6,zero_unassigned,0.0,,,,287,1,4,4,0.25,71.75,True,unassessed
900,ARM6_48_L,1,mapped,1.0,CL_Frontal,CL_Frontal_Lobe,6154.890625000003,433,7,7,7,1.0,61.857142857142854,True,unassessed
900,ARM6_48_L,1,mapped,90.0,CL_Parietal,CL_Parietal_Lobe,3774.453125000002,18,4,7,7,0.5714285714285714,2.5714285714285716,True,unassessed
900,ARM6_48_L,1,mapped,138.0,CL_Temporal,CL_Temporal_Lobe,4285.390625000002,3,1,7,7,0.14285714285714285,0.42857142857142855,True,unassessed
900,ARM6_48_L,1,mapped,1001.0,SL_tel,SL_telencephalon,3805.562500000002,2,1,7,7,0.14285714285714285,0.2857142857142857,True,unassessed
900,ARM6_48_L,1,mapped,1211.0,SL_met,SL_metencephalon,4219.281250000002,2,1,7,7,0.14285714285714285,0.2857142857142857,True,unassessed
900,ARM6_48_L,1,zero_unassigned,0.0,,,,59,5,7,7,0.7142857142857143,8.428571428571429,True,unassessed
900,ARM6_48_L,2,mapped,16.0,CL_OFC,CL_orbital_frontal_cortex,1344.9218750000007,153,6,7,7,0.8571428571428571,21.857142857142858,True,unassessed
900,ARM6_48_L,2,mapped,77.0,CL_motor,CL_motor_cortex,2542.000000000001,280,4,7,7,0.5714285714285714,40.0,True,unassessed
900,ARM6_48_L,2,mapped,91.0,CL_SI/SII,CL_somatosensory_cortex,1186.0000000000005,18,4,7,7,0.5714285714285714,2.5714285714285716,True,unassessed
900,ARM6_48_L,2,mapped,224.0,CL_floor_of_ls,CL_floor_of_the_lateral_sulcus,303.2968750000001,3,1,7,7,0.14285714285714285,0.42857142857142855,True,unassessed
900,ARM6_48_L,2,mapped,1050.0,SL_BG,SL_basal_ganglia,2261.015625000001,2,1,7,7,0.14285714285714285,0.2857142857142857,True,unassessed
900,ARM6_48_L,2,mapped,1212.0,SL_Pons,SL_pons,782.1093750000003,2,1,7,7,0.14285714285714285,0.2857142857142857,True,unassessed
900,ARM6_48_L,2,zero_unassigned,0.0,,,,59,5,7,7,0.7142857142857143,8.428571428571429,True,unassessed
900,ARM6_48_L,3,mapped,37.0,CL_caudal_OFC,CL_caudal_orbital_frontal_cortex,331.17187500000017,153,6,7,7,0.8571428571428571,21.857142857142858,True,unassessed
900,ARM6_48_L,3,mapped,78.0,CL_M1/PM,CL_lateral_motor_cortex,2230.484375000001,280,4,7,7,0.5714285714285714,40.0,True,unassessed
900,ARM6_48_L,3,mapped,92.0,CL_SI,CL_primary_somatosensory_cortex,900.6875000000005,11,2,7,7,0.2857142857142857,1.5714285714285714,True,unassessed
900,ARM6_48_L,3,mapped,95.0,CL_SII,CL_secondary_somatosensory_cortex,285.3125000000001,7,3,7,7,0.42857142857142855,1.0,True,unassessed
900,ARM6_48_L,3,mapped,224.0,CL_floor_of_ls,CL_floor_of_the_lateral_sulcus,303.2968750000001,3,1,7,7,0.14285714285714285,0.42857142857142855,True,unassessed
900,ARM6_48_L,3,mapped,1051.0,SL_Str,SL_striatum,1922.421875000001,2,1,7,7,0.14285714285714285,0.2857142857142857,True,unassessed
900,ARM6_48_L,3,mapped,1231.0,SL_VPons,SL_ventral_pons,684.9218750000003,2,1,7,7,0.14285714285714285,0.2857142857142857,True,unassessed
900,ARM6_48_L,3,zero_unassigned,0.0,,,,59,5,7,7,0.7142857142857143,8.428571428571429,True,unassessed
900,ARM6_48_L,4,mapped,38.0,CL_OFa-p,CL_agranular_orbitofrontal_cortex,169.45312500000009,2,1,7,7,0.14285714285714285,0.2857142857142857,True,unassessed
900,ARM6_48_L,4,mapped,47.0,CL_cl_OFC,CL_caudolateral_orbitofrontal_cortex,136.07812500000006,151,6,7,7,0.8571428571428571,21.571428571428573,True,unassessed
900,ARM6_48_L,4,mapped,80.0,CL_PM,CL_premotor_cortex,1468.3593750000007,280,4,7,7,0.5714285714285714,40.0,True,unassessed
900,ARM6_48_L,4,mapped,92.0,CL_SI,CL_primary_somatosensory_cortex,900.6875000000005,11,2,7,7,0.2857142857142857,1.5714285714285714,True,unassessed
900,ARM6_48_L,4,mapped,95.0,CL_SII,CL_secondary_somatosensory_cortex,285.3125000000001,7,3,7,7,0.42857142857142855,1.0,True,unassessed
900,ARM6_48_L,4,mapped,225.0,CL_Ins/Pi,CL_insula_and_parainsula,288.1875000000001,3,1,7,7,0.14285714285714285,0.42857142857142855,True,unassessed
900,ARM6_48_L,4,mapped,1052.0,SL_DStr,SL_dorsal_striatum,1809.218750000001,2,1,7,7,0.14285714285714285,0.2857142857142857,True,unassessed
900,ARM6_48_L,4,mapped,1242.0,SL_Pn+,SL_pontine_nucleus_region,492.9218750000002,2,1,7,7,0.14285714285714285,0.2857142857142857,True,unassessed
900,ARM6_48_L,4,zero_unassigned,0.0,,,,59,5,7,7,0.7142857142857143,8.428571428571429,True,unassessed
900,ARM6_48_L,5,mapped,40.0,CL_lat_Ia,CL_lateral_agranular_insular_region,145.28125000000006,2,1,7,7,0.14285714285714285,0.2857142857142857,True,unassessed
900,ARM6_48_L,5,mapped,48.0,CL_G,CL_gustatory_cortex,40.12500000000002,145,6,7,7,0.8571428571428571,20.714285714285715,True,unassessed
900,ARM6_48_L,5,mapped,49.0,CL_PrCO,CL_precentral_operular_area,95.95312500000004,6,2,7,7,0.2857142857142857,0.8571428571428571,True,unassessed
900,ARM6_48_L,5,mapped,84.0,CL_PMv,CL_ventral_premotor_cortex,700.6093750000003,280,4,7,7,0.5714285714285714,40.0,True,unassessed
900,ARM6_48_L,5,mapped,94.0,CL_areas_1-2,CL_areas_1-2,655.2968750000003,11,2,7,7,0.2857142857142857,1.5714285714285714,True,unassessed
900,ARM6_48_L,5,mapped,95.0,CL_SII,CL_secondary_somatosensory_cortex,285.3125000000001,7,3,7,7,0.42857142857142855,1.0,True,unassessed
900,ARM6_48_L,5,mapped,227.0,CL_Ins,CL_insula,260.9062500000001,3,1,7,7,0.14285714285714285,0.42857142857142855,True,unassessed
900,ARM6_48_L,5,mapped,1056.0,SL_Pu,SL_putamen,895.1093750000003,1,1,7,7,0.14285714285714285,0.14285714285714285,True,unassessed
900,ARM6_48_L,5,mapped,1058.0,SL_ic,SL_internal_capsule,230.7343750000001,1,1,7,7,0.14285714285714285,0.14285714285714285,True,unassessed
900,ARM6_48_L,5,mapped,1243.0,SL_Pn,SL_pontine_nucleus,254.6875000000001,2,1,7,7,0.14285714285714285,0.2857142857142857,True,unassessed
900,ARM6_48_L,5,zero_unassigned,0.0,,,,59,5,7,7,0.7142857142857143,8.428571428571429,True,unassessed
900,ARM6_48_L,6,mapped,42.0,CL_Ial,CL_lateral_agranular_insula_area,47.98437500000002,2,1,7,7,0.14285714285714285,0.2857142857142857,True,unassessed
900,ARM6_48_L,6,mapped,48.0,CL_G,CL_gustatory_cortex,40.12500000000002,145,6,7,7,0.8571428571428571,20.714285714285715,True,unassessed
900,ARM6_48_L,6,mapped,49.0,CL_PrCO,CL_precentral_operular_area,95.95312500000004,6,2,7,7,0.2857142857142857,0.8571428571428571,True,unassessed
900,ARM6_48_L,6,mapped,85.0,CL_F4,CL_area_F4_of_ventral_premotor_cortex,266.5937500000001,76,1,7,7,0.14285714285714285,10.857142857142858,True,unassessed
900,ARM6_48_L,6,mapped,86.0,CL_F5,CL_area_F5_of_ventral_premotor_cortex,434.01562500000017,204,3,7,7,0.42857142857142855,29.142857142857142,True,unassessed
900,ARM6_48_L,6,mapped,94.0,CL_areas_1-2,CL_areas_1-2,655.2968750000003,11,2,7,7,0.2857142857142857,1.5714285714285714,True,unassessed
900,ARM6_48_L,6,mapped,95.0,CL_SII,CL_secondary_somatosensory_cortex,285.3125000000001,7,3,7,7,0.42857142857142855,1.0,True,unassessed
900,ARM6_48_L,6,mapped,228.0,CL_Ia/Id,CL_agranular_and_dysgranular_insula,164.56250000000009,3,1,7,7,0.14285714285714285,0.42857142857142855,True,unassessed
900,ARM6_48_L,6,mapped,1056.0,SL_Pu,SL_putamen,895.1093750000003,1,1,7,7,0.14285714285714285,0.14285714285714285,True,unassessed
900,ARM6_48_L,6,mapped,1058.0,SL_ic,SL_internal_capsule,230.7343750000001,1,1,7,7,0.14285714285714285,0.14285714285714285,True,unassessed
900,ARM6_48_L,6,mapped,1243.0,SL_Pn,SL_pontine_nucleus,254.6875000000001,2,1,7,7,0.14285714285714285,0.2857142857142857,True,unassessed
900,ARM6_48_L,6,zero_unassigned,0.0,,,,59,5,7,7,0.7142857142857143,8.428571428571429,True,unassessed
900,ARM6_548_R,1,mapped,501.0,CR_Frontal,CR_Frontal_Lobe,6154.890625000003,84,2,2,2,1.0,42.0,True,unassessed
900,ARM6_548_R,1,mapped,590.0,CR_Parietal,CR_Parietal_Lobe,3774.453125000002,4,1,2,2,0.5,2.0,True,unassessed
900,ARM6_548_R,1,zero_unassigned,0.0,,,,9,2,2,2,1.0,4.5,True,unassessed
900,ARM6_548_R,2,mapped,516.0,CR_OFC,CR_orbital_frontal_cortex,1344.9218750000007,84,2,2,2,1.0,42.0,True,unassessed
900,ARM6_548_R,2,mapped,591.0,CR_SI/SII,CR_somatosensory_cortex,1186.0000000000005,4,1,2,2,0.5,2.0,True,unassessed
900,ARM6_548_R,2,zero_unassigned,0.0,,,,9,2,2,2,1.0,4.5,True,unassessed
900,ARM6_548_R,3,mapped,537.0,CR_caudal_OFC,CR_caudal_orbital_frontal_cortex,331.17187500000017,84,2,2,2,1.0,42.0,True,unassessed
900,ARM6_548_R,3,mapped,595.0,CR_SII,CR_secondary_somatosensory_cortex,285.3125000000001,4,1,2,2,0.5,2.0,True,unassessed
900,ARM6_548_R,3,zero_unassigned,0.0,,,,9,2,2,2,1.0,4.5,True,unassessed
900,ARM6_548_R,4,mapped,547.0,CR_cl_OFC,CR_caudolateral_orbitofrontal_cortex,136.07812500000006,84,2,2,2,1.0,42.0,True,unassessed
900,ARM6_548_R,4,mapped,595.0,CR_SII,CR_secondary_somatosensory_cortex,285.3125000000001,4,1,2,2,0.5,2.0,True,unassessed
900,ARM6_548_R,4,zero_unassigned,0.0,,,,9,2,2,2,1.0,4.5,True,unassessed
900,ARM6_548_R,5,mapped,548.0,CR_G,CR_gustatory_cortex,40.12500000000002,82,2,2,2,1.0,41.0,True,unassessed
900,ARM6_548_R,5,mapped,549.0,CR_PrCO,CR_precentral_operular_area,95.95312500000004,2,1,2,2,0.5,1.0,True,unassessed
900,ARM6_548_R,5,mapped,595.0,CR_SII,CR_secondary_somatosensory_cortex,285.3125000000001,4,1,2,2,0.5,2.0,True,unassessed
900,ARM6_548_R,5,zero_unassigned,0.0,,,,9,2,2,2,1.0,4.5,True,unassessed
900,ARM6_548_R,6,mapped,548.0,CR_G,CR_gustatory_cortex,40.12500000000002,82,2,2,2,1.0,41.0,True,unassessed
900,ARM6_548_R,6,mapped,549.0,CR_PrCO,CR_precentral_operular_area,95.95312500000004,2,1,2,2,0.5,1.0,True,unassessed
900,ARM6_548_R,6,mapped,595.0,CR_SII,CR_secondary_somatosensory_cortex,285.3125000000001,4,1,2,2,0.5,2.0,True,unassessed
900,ARM6_548_R,6,zero_unassigned,0.0,,,,9,2,2,2,1.0,4.5,True,unassessed
936,ARM6_0_L,1,mapped,1.0,CL_Frontal,CL_Frontal_Lobe,6154.890625000003,61,1,11,10,0.1,6.1,True,unassessed
936,ARM6_0_L,1,mapped,90.0,CL_Parietal,CL_Parietal_Lobe,3774.453125000002,10,1,11,10,0.1,1.0,True,unassessed
936,ARM6_0_L,1,mapped,138.0,CL_Temporal,CL_Temporal_Lobe,4285.390625000002,690,10,11,10,1.0,69.0,True,unassessed
936,ARM6_0_L,1,mapped,1001.0,SL_tel,SL_telencephalon,3805.562500000002,22,3,11,10,0.3,2.2,True,unassessed
936,ARM6_0_L,1,mapped,1082.0,SL_di,SL_diencephalon,1285.0937500000007,2,1,11,10,0.1,0.2,True,unassessed
936,ARM6_0_L,1,zero_unassigned,0.0,,,,180,10,11,10,1.0,18.0,True,unassessed
936,ARM6_0_L,2,mapped,16.0,CL_OFC,CL_orbital_frontal_cortex,1344.9218750000007,2,1,11,10,0.1,0.2,True,unassessed
936,ARM6_0_L,2,mapped,77.0,CL_motor,CL_motor_cortex,2542.000000000001,59,1,11,10,0.1,5.9,True,unassessed
936,ARM6_0_L,2,mapped,91.0,CL_SI/SII,CL_somatosensory_cortex,1186.0000000000005,7,1,11,10,0.1,0.7,True,unassessed
936,ARM6_0_L,2,mapped,112.0,CL_IPL,CL_inferior_parietal_lobule,1044.0156250000005,3,1,11,10,0.1,0.3,True,unassessed
936,ARM6_0_L,2,mapped,165.0,CL_TG,CL_temporal_pole,315.5156250000001,36,1,11,10,0.1,3.6,True,unassessed
936,ARM6_0_L,2,mapped,193.0,CL_STG/STSd,CL_superior_temporal_region,854.1250000000003,2,1,11,10,0.1,0.2,True,unassessed
936,ARM6_0_L,2,mapped,204.0,CL_core/belt,CL_core_and_belt_areas_of_auditory_cortex,504.1406250000002,2,1,11,10,0.1,0.2,True,unassessed
936,ARM6_0_L,2,mapped,224.0,CL_floor_of_ls,CL_floor_of_the_lateral_sulcus,303.2968750000001,650,10,11,10,1.0,65.0,True,unassessed
936,ARM6_0_L,2,mapped,1002.0,SL_LVPal,SL_lateral_and_ventral_pallium,309.6718750000001,22,3,11,10,0.3,2.2,True,unassessed
936,ARM6_0_L,2,mapped,1113.0,SL_Thal,SL_thalamus,970.0312500000005,2,1,11,10,0.1,0.2,True,unassessed
936,ARM6_0_L,2,zero_unassigned,0.0,,,,180,10,11,10,1.0,18.0,True,unassessed
936,ARM6_0_L,3,mapped,37.0,CL_caudal_OFC,CL_caudal_orbital_frontal_cortex,331.17187500000017,2,1,11,10,0.1,0.2,True,unassessed
936,ARM6_0_L,3,mapped,78.0,CL_M1/PM,CL_lateral_motor_cortex,2230.484375000001,45,1,11,10,0.1,4.5,True,unassessed
936,ARM6_0_L,3,mapped,87.0,CL_SMA/preSMA,CL_medial_supplementary_motor_areas,311.5156250000001,14,1,11,10,0.1,1.4,True,unassessed
936,ARM6_0_L,3,mapped,95.0,CL_SII,CL_secondary_somatosensory_cortex,285.3125000000001,7,1,11,10,0.1,0.7,True,unassessed
936,ARM6_0_L,3,mapped,120.0,CL_area_7_in_IPL,CL_area_7_in_the_inferior_parietal_lobule,560.8125000000002,3,1,11,10,0.1,0.3,True,unassessed
936,ARM6_0_L,3,mapped,165.0,CL_TG,CL_temporal_pole,315.5156250000001,36,1,11,10,0.1,3.6,True,unassessed
936,ARM6_0_L,3,mapped,194.0,CL_STGr/STSd,CL_rostral_superior_temporal_region,593.8125000000002,2,1,11,10,0.1,0.2,True,unassessed
936,ARM6_0_L,3,mapped,205.0,CL_belt,CL_belt_areas_of_auditory_cortex,316.8750000000001,2,1,11,10,0.1,0.2,True,unassessed
936,ARM6_0_L,3,mapped,224.0,CL_floor_of_ls,CL_floor_of_the_lateral_sulcus,303.2968750000001,650,10,11,10,1.0,65.0,True,unassessed
936,ARM6_0_L,3,mapped,1003.0,SL_LPal,SL_lateral_pallium,255.1562500000001,22,3,11,10,0.3,2.2,True,unassessed
936,ARM6_0_L,3,mapped,1115.0,SL_MThal,SL_medial_thalamus,208.23437500000009,1,1,11,10,0.1,0.1,True,unassessed
936,ARM6_0_L,3,mapped,1135.0,SL_VThal,SL_ventral_thalamus,291.4218750000001,1,1,11,10,0.1,0.1,True,unassessed
936,ARM6_0_L,3,zero_unassigned,0.0,,,,180,10,11,10,1.0,18.0,True,unassessed
936,ARM6_0_L,4,mapped,38.0,CL_OFa-p,CL_agranular_orbitofrontal_cortex,169.45312500000009,2,1,11,10,0.1,0.2,True,unassessed
936,ARM6_0_L,4,mapped,79.0,CL_M1,CL_primary_motor_cortex,762.1250000000003,35,1,11,10,0.1,3.5,True,unassessed
936,ARM6_0_L,4,mapped,80.0,CL_PM,CL_premotor_cortex,1468.3593750000007,10,1,11,10,0.1,1.0,True,unassessed
936,ARM6_0_L,4,mapped,87.0,CL_SMA/preSMA,CL_medial_supplementary_motor_areas,311.5156250000001,14,1,11,10,0.1,1.4,True,unassessed
936,ARM6_0_L,4,mapped,95.0,CL_SII,CL_secondary_somatosensory_cortex,285.3125000000001,7,1,11,10,0.1,0.7,True,unassessed
936,ARM6_0_L,4,mapped,120.0,CL_area_7_in_IPL,CL_area_7_in_the_inferior_parietal_lobule,560.8125000000002,3,1,11,10,0.1,0.3,True,unassessed
936,ARM6_0_L,4,mapped,167.0,CL_TGg/TGd,CL_granular_and_dysgranular_temporal_pole,239.2187500000001,36,1,11,10,0.1,3.6,True,unassessed
936,ARM6_0_L,4,mapped,195.0,CL_STSd,CL_dorsal_bank_of_the_superior_temporal_sulcus,451.8750000000002,2,1,11,10,0.1,0.2,True,unassessed
936,ARM6_0_L,4,mapped,213.0,CL_med_belt,CL_medial_belt_areas,127.98437500000006,2,1,11,10,0.1,0.2,True,unassessed
936,ARM6_0_L,4,mapped,225.0,CL_Ins/Pi,CL_insula_and_parainsula,288.1875000000001,650,10,11,10,1.0,65.0,True,unassessed
936,ARM6_0_L,4,mapped,1004.0,SL_Cl,SL_claustrum,255.1562500000001,22,3,11,10,0.3,2.2,True,unassessed
936,ARM6_0_L,4,mapped,1119.0,SL_ILThal,SL_intralaminar_thalamus,106.54687500000004,1,1,11,10,0.1,0.1,True,unassessed
936,ARM6_0_L,4,mapped,1143.0,SL_SpThal,SL_spinal_thalamus,88.20312500000004,1,1,11,10,0.1,0.1,True,unassessed
936,ARM6_0_L,4,zero_unassigned,0.0,,,,180,10,11,10,1.0,18.0,True,unassessed
936,ARM6_0_L,5,mapped,40.0,CL_lat_Ia,CL_lateral_agranular_insular_region,145.28125000000006,2,1,11,10,0.1,0.2,True,unassessed
936,ARM6_0_L,5,mapped,79.0,CL_M1,CL_primary_motor_cortex,762.1250000000003,35,1,11,10,0.1,3.5,True,unassessed
936,ARM6_0_L,5,mapped,81.0,CL_PMd,CL_dorsal_premotor_cortex,767.7500000000003,10,1,11,10,0.1,1.0,True,unassessed
936,ARM6_0_L,5,mapped,89.0,CL_SMA,CL_supplementary_motor_area,196.45312500000009,14,1,11,10,0.1,1.4,True,unassessed
936,ARM6_0_L,5,mapped,95.0,CL_SII,CL_secondary_somatosensory_cortex,285.3125000000001,7,1,11,10,0.1,0.7,True,unassessed
936,ARM6_0_L,5,mapped,124.0,CL_area_7op,CL_parietal_operculum,167.64062500000009,3,1,11,10,0.1,0.3,True,unassessed
936,ARM6_0_L,5,mapped,168.0,CL_TGd,CL_dysgranular_temporal_pole,91.85937500000004,29,1,11,10,0.1,2.9,True,unassessed
936,ARM6_0_L,5,mapped,171.0,CL_TGg,CL_granular_temporal_pole,147.35937500000006,7,1,11,10,0.1,0.7,True,unassessed
936,ARM6_0_L,5,mapped,196.0,CL_TPO,CL_temporal_parietooccipital_associated_area,280.6406250000001,2,1,11,10,0.1,0.2,True,unassessed
936,ARM6_0_L,5,mapped,215.0,CL_RM/RTM,CL_rostral_areas_of_the_medial_belt,67.98437500000003,2,1,11,10,0.1,0.2,True,unassessed
936,ARM6_0_L,5,mapped,226.0,CL_Pi,CL_parainsula,27.28125000000001,24,1,11,10,0.1,2.4,True,unassessed
936,ARM6_0_L,5,mapped,227.0,CL_Ins,CL_insula,260.9062500000001,626,10,11,10,1.0,62.6,True,unassessed
936,ARM6_0_L,5,mapped,1004.0,SL_Cl,SL_claustrum,255.1562500000001,22,3,11,10,0.3,2.2,True,unassessed
936,ARM6_0_L,5,mapped,1124.0,SL_SG,SL_supra_geniculate,1.7343750000000007,1,1,11,10,0.1,0.1,True,unassessed
936,ARM6_0_L,5,mapped,1145.0,SL_VMPo-VMB,SL_ventromedial_posterior+basal_thalamus,11.859375000000005,1,1,11,10,0.1,0.1,True,unassessed
936,ARM6_0_L,5,zero_unassigned,0.0,,,,180,10,11,10,1.0,18.0,True,unassessed
936,ARM6_0_L,6,mapped,41.0,CL_Iai,CL_intermediate_agranular_insula_area,81.48437500000004,1,1,11,10,0.1,0.1,True,unassessed
936,ARM6_0_L,6,mapped,42.0,CL_Ial,CL_lateral_agranular_insula_area,47.98437500000002,1,1,11,10,0.1,0.1,True,unassessed
936,ARM6_0_L,6,mapped,79.0,CL_M1,CL_primary_motor_cortex,762.1250000000003,35,1,11,10,0.1,3.5,True,unassessed
936,ARM6_0_L,6,mapped,82.0,CL_PMdc,CL_caudal_dorsal_premotor_cortex,687.1875000000003,10,1,11,10,0.1,1.0,True,unassessed
936,ARM6_0_L,6,mapped,89.0,CL_SMA,CL_supplementary_motor_area,196.45312500000009,14,1,11,10,0.1,1.4,True,unassessed
936,ARM6_0_L,6,mapped,95.0,CL_SII,CL_secondary_somatosensory_cortex,285.3125000000001,7,1,11,10,0.1,0.7,True,unassessed
936,ARM6_0_L,6,mapped,124.0,CL_area_7op,CL_parietal_operculum,167.64062500000009,3,1,11,10,0.1,0.3,True,unassessed
936,ARM6_0_L,6,mapped,169.0,CL_TGdd,CL_dorsal_dysgranular_temporal_pole,70.73437500000003,29,1,11,10,0.1,2.9,True,unassessed
936,ARM6_0_L,6,mapped,172.0,CL_TGdg,CL_dorsal_granular_temporal_pole,52.21875000000002,7,1,11,10,0.1,0.7,True,unassessed
936,ARM6_0_L,6,mapped,196.0,CL_TPO,CL_temporal_parietooccipital_associated_area,280.6406250000001,2,1,11,10,0.1,0.2,True,unassessed
936,ARM6_0_L,6,mapped,216.0,CL_RM,CL_rostromedial_belt_region,47.87500000000002,2,1,11,10,0.1,0.2,True,unassessed
936,ARM6_0_L,6,mapped,226.0,CL_Pi,CL_parainsula,27.28125000000001,24,1,11,10,0.1,2.4,True,unassessed
936,ARM6_0_L,6,mapped,228.0,CL_Ia/Id,CL_agranular_and_dysgranular_insula,164.56250000000009,563,10,11,10,1.0,56.3,True,unassessed
936,ARM6_0_L,6,mapped,229.0,CL_Ig,CL_granular_insula,96.34375000000004,63,4,11,10,0.4,6.3,True,unassessed
936,ARM6_0_L,6,mapped,1004.0,SL_Cl,SL_claustrum,255.1562500000001,22,3,11,10,0.3,2.2,True,unassessed
936,ARM6_0_L,6,mapped,1124.0,SL_SG,SL_supra_geniculate,1.7343750000000007,1,1,11,10,0.1,0.1,True,unassessed
936,ARM6_0_L,6,mapped,1145.0,SL_VMPo-VMB,SL_ventromedial_posterior+basal_thalamus,11.859375000000005,1,1,11,10,0.1,0.1,True,unassessed
936,ARM6_0_L,6,zero_unassigned,0.0,,,,180,10,11,10,1.0,18.0,True,unassessed
936,ARM6_0_R,1,mapped,590.0,CR_Parietal,CR_Parietal_Lobe,3774.453125000002,11,1,3,3,0.3333333333333333,3.6666666666666665,True,unassessed
936,ARM6_0_R,1,mapped,638.0,CR_Temporal,CR_Temporal_Lobe,4285.390625000002,106,3,3,3,1.0,35.333333333333336,True,unassessed
936,ARM6_0_R,1,zero_unassigned,0.0,,,,110,3,3,3,1.0,36.666666666666664,True,unassessed
936,ARM6_0_R,2,mapped,591.0,CR_SI/SII,CR_somatosensory_cortex,1186.0000000000005,10,1,3,3,0.3333333333333333,3.3333333333333335,True,unassessed
936,ARM6_0_R,2,mapped,612.0,CR_IPL,CR_inferior_parietal_lobule,1044.0156250000005,1,1,3,3,0.3333333333333333,0.3333333333333333,True,unassessed
936,ARM6_0_R,2,mapped,724.0,CR_floor_of_ls,CR_floor_of_the_lateral_sulcus,303.2968750000001,106,3,3,3,1.0,35.333333333333336,True,unassessed
936,ARM6_0_R,2,zero_unassigned,0.0,,,,110,3,3,3,1.0,36.666666666666664,True,unassessed
936,ARM6_0_R,3,mapped,595.0,CR_SII,CR_secondary_somatosensory_cortex,285.3125000000001,10,1,3,3,0.3333333333333333,3.3333333333333335,True,unassessed
936,ARM6_0_R,3,mapped,620.0,CR_area_7_in_IPL,CR_area_7_in_the_inferior_parietal_lobule,560.8125000000002,1,1,3,3,0.3333333333333333,0.3333333333333333,True,unassessed
936,ARM6_0_R,3,mapped,724.0,CR_floor_of_ls,CR_floor_of_the_lateral_sulcus,303.2968750000001,106,3,3,3,1.0,35.333333333333336,True,unassessed
936,ARM6_0_R,3,zero_unassigned,0.0,,,,110,3,3,3,1.0,36.666666666666664,True,unassessed
936,ARM6_0_R,4,mapped,595.0,CR_SII,CR_secondary_somatosensory_cortex,285.3125000000001,10,1,3,3,0.3333333333333333,3.3333333333333335,True,unassessed
936,ARM6_0_R,4,mapped,620.0,CR_area_7_in_IPL,CR_area_7_in_the_inferior_parietal_lobule,560.8125000000002,1,1,3,3,0.3333333333333333,0.3333333333333333,True,unassessed
936,ARM6_0_R,4,mapped,725.0,CR_Ins/Pi,CR_insula_and_parainsula,288.1875000000001,106,3,3,3,1.0,35.333333333333336,True,unassessed
936,ARM6_0_R,4,zero_unassigned,0.0,,,,110,3,3,3,1.0,36.666666666666664,True,unassessed
936,ARM6_0_R,5,mapped,595.0,CR_SII,CR_secondary_somatosensory_cortex,285.3125000000001,10,1,3,3,0.3333333333333333,3.3333333333333335,True,unassessed
936,ARM6_0_R,5,mapped,621.0,CR_area_7a/b,CR_inferior_parietal_lobule_areas_7a_and_7b,393.17187500000017,1,1,3,3,0.3333333333333333,0.3333333333333333,True,unassessed
936,ARM6_0_R,5,mapped,727.0,CR_Ins,CR_insula,260.9062500000001,106,3,3,3,1.0,35.333333333333336,True,unassessed
936,ARM6_0_R,5,zero_unassigned,0.0,,,,110,3,3,3,1.0,36.666666666666664,True,unassessed
936,ARM6_0_R,6,mapped,595.0,CR_SII,CR_secondary_somatosensory_cortex,285.3125000000001,10,1,3,3,0.3333333333333333,3.3333333333333335,True,unassessed
936,ARM6_0_R,6,mapped,623.0,CR_area_7b,CR_rostral_inferior_parietal_lobule_area_7b_(PFG/PF),97.59375000000004,1,1,3,3,0.3333333333333333,0.3333333333333333,True,unassessed
936,ARM6_0_R,6,mapped,728.0,CR_Ia/Id,CR_agranular_and_dysgranular_insula,164.56250000000009,106,3,3,3,1.0,35.333333333333336,True,unassessed
936,ARM6_0_R,6,zero_unassigned,0.0,,,,110,3,3,3,1.0,36.666666666666664,True,unassessed
936,ARM6_228_L,1,mapped,1.0,CL_Frontal,CL_Frontal_Lobe,6154.890625000003,486,7,45,37,0.1891891891891892,13.135135135135135,True,unassessed
936,ARM6_228_L,1,mapped,90.0,CL_Parietal,CL_Parietal_Lobe,3774.453125000002,581,11,45,37,0.2972972972972973,15.702702702702704,True,unassessed
936,ARM6_228_L,1,mapped,138.0,CL_Temporal,CL_Temporal_Lobe,4285.390625000002,2650,35,45,37,0.9459459459459459,71.62162162162163,True,unassessed
936,ARM6_228_L,1,mapped,501.0,CR_Frontal,CR_Frontal_Lobe,6154.890625000003,1,1,45,37,0.02702702702702703,0.02702702702702703,True,unassessed
936,ARM6_228_L,1,mapped,1001.0,SL_tel,SL_telencephalon,3805.562500000002,462,17,45,37,0.4594594594594595,12.486486486486486,True,unassessed
936,ARM6_228_L,1,mapped,1082.0,SL_di,SL_diencephalon,1285.0937500000007,169,5,45,37,0.13513513513513514,4.5675675675675675,True,unassessed
936,ARM6_228_L,1,mapped,1169.0,SL_mes,SL_mesencephalon,635.8437500000002,83,2,45,37,0.05405405405405406,2.2432432432432434,True,unassessed
936,ARM6_228_L,1,mapped,1211.0,SL_met,SL_metencephalon,4219.281250000002,3,1,45,37,0.02702702702702703,0.08108108108108109,True,unassessed
936,ARM6_228_L,1,mapped,1286.0,SL_myel,SL_myelencephalon,472.2343750000002,5,1,45,37,0.02702702702702703,0.13513513513513514,True,unassessed
936,ARM6_228_L,1,zero_unassigned,0.0,,,,1044,30,45,37,0.8108108108108109,28.216216216216218,True,unassessed
936,ARM6_228_L,2,mapped,2.0,CL_ACgG,CL_anterior_cingulate_gyrus,602.7656250000002,105,1,45,37,0.02702702702702703,2.8378378378378377,True,unassessed
936,ARM6_228_L,2,mapped,16.0,CL_OFC,CL_orbital_frontal_cortex,1344.9218750000007,177,6,45,37,0.16216216216216217,4.783783783783784,True,unassessed
936,ARM6_228_L,2,mapped,50.0,CL_lat_PFC,CL_lateral_prefrontal_cortex,1665.2031250000007,174,4,45,37,0.10810810810810811,4.702702702702703,True,unassessed
936,ARM6_228_L,2,mapped,77.0,CL_motor,CL_motor_cortex,2542.000000000001,30,1,45,37,0.02702702702702703,0.8108108108108109,True,unassessed
936,ARM6_228_L,2,mapped,91.0,CL_SI/SII,CL_somatosensory_cortex,1186.0000000000005,206,6,45,37,0.16216216216216217,5.5675675675675675,True,unassessed
936,ARM6_228_L,2,mapped,112.0,CL_IPL,CL_inferior_parietal_lobule,1044.0156250000005,313,6,45,37,0.16216216216216217,8.45945945945946,True,unassessed
936,ARM6_228_L,2,mapped,125.0,CL_PMC,CL_posterior_medial_cortex,692.1718750000003,62,1,45,37,0.02702702702702703,1.6756756756756757,True,unassessed
936,ARM6_228_L,2,mapped,165.0,CL_TG,CL_temporal_pole,315.5156250000001,19,1,45,37,0.02702702702702703,0.5135135135135135,True,unassessed
936,ARM6_228_L,2,mapped,175.0,CL_ITC,CL_inferior_temporal_cortex,1884.890625000001,15,1,45,37,0.02702702702702703,0.40540540540540543,True,unassessed
936,ARM6_228_L,2,mapped,193.0,CL_STG/STSd,CL_superior_temporal_region,854.1250000000003,19,3,45,37,0.08108108108108109,0.5135135135135135,True,unassessed
936,ARM6_228_L,2,mapped,204.0,CL_core/belt,CL_core_and_belt_areas_of_auditory_cortex,504.1406250000002,24,6,45,37,0.16216216216216217,0.6486486486486487,True,unassessed
936,ARM6_228_L,2,mapped,224.0,CL_floor_of_ls,CL_floor_of_the_lateral_sulcus,303.2968750000001,2573,34,45,37,0.918918918918919,69.54054054054055,True,unassessed
936,ARM6_228_L,2,mapped,502.0,CR_ACgG,CR_anterior_cingulate_gyrus,602.7656250000002,1,1,45,37,0.02702702702702703,0.02702702702702703,True,unassessed
936,ARM6_228_L,2,mapped,1002.0,SL_LVPal,SL_lateral_and_ventral_pallium,309.6718750000001,48,11,45,37,0.2972972972972973,1.2972972972972974,True,unassessed
936,ARM6_228_L,2,mapped,1010.0,SL_MPal,SL_medial_pallium,575.5000000000002,2,1,45,37,0.02702702702702703,0.05405405405405406,True,unassessed
936,ARM6_228_L,2,mapped,1024.0,SL_Amy,SL_amygdala,302.0000000000001,100,2,45,37,0.05405405405405406,2.7027027027027026,True,unassessed
936,ARM6_228_L,2,mapped,1050.0,SL_BG,SL_basal_ganglia,2261.015625000001,309,10,45,37,0.2702702702702703,8.35135135135135,True,unassessed
936,ARM6_228_L,2,mapped,1069.0,SL_DSP,SL_diagonal_subpallium,182.70312500000009,3,2,45,37,0.05405405405405406,0.08108108108108109,True,unassessed
936,ARM6_228_L,2,mapped,1111.0,SL_PreThal,SL_prethalamus,37.375000000000014,33,4,45,37,0.10810810810810811,0.8918918918918919,True,unassessed
936,ARM6_228_L,2,mapped,1113.0,SL_Thal,SL_thalamus,970.0312500000005,135,5,45,37,0.13513513513513514,3.6486486486486487,True,unassessed
936,ARM6_228_L,2,mapped,1163.0,SL_PrT,SL_pretectum,26.54687500000001,1,1,45,37,0.02702702702702703,0.02702702702702703,True,unassessed
936,ARM6_228_L,2,mapped,1170.0,SL_Mid,SL_midbrain,635.8437500000002,83,2,45,37,0.05405405405405406,2.2432432432432434,True,unassessed
936,ARM6_228_L,2,mapped,1212.0,SL_Pons,SL_pons,782.1093750000003,3,1,45,37,0.02702702702702703,0.08108108108108109,True,unassessed
936,ARM6_228_L,2,mapped,1287.0,SL_Med,SL_medulla,472.2343750000002,5,1,45,37,0.02702702702702703,0.13513513513513514,True,unassessed
936,ARM6_228_L,2,zero_unassigned,0.0,,,,1044,30,45,37,0.8108108108108109,28.216216216216218,True,unassessed
936,ARM6_228_L,3,mapped,3.0,CL_ACC,CL_anterior_cingulate_cortex,414.39062500000017,65,1,45,37,0.02702702702702703,1.7567567567567568,True,unassessed
936,ARM6_228_L,3,mapped,11.0,CL_MCC,CL_midcingulate_cortex,188.37500000000009,40,1,45,37,0.02702702702702703,1.0810810810810811,True,unassessed
936,ARM6_228_L,3,mapped,25.0,CL_lat_OFC,CL_lateral_orbital_frontal_cortex,708.1406250000003,7,1,45,37,0.02702702702702703,0.1891891891891892,True,unassessed
936,ARM6_228_L,3,mapped,37.0,CL_caudal_OFC,CL_caudal_orbital_frontal_cortex,331.17187500000017,170,6,45,37,0.16216216216216217,4.594594594594595,True,unassessed
936,ARM6_228_L,3,mapped,64.0,CL_vlPFC,CL_ventrolateral_prefrontal_cortex,680.8593750000003,174,4,45,37,0.10810810810810811,4.702702702702703,True,unassessed
936,ARM6_228_L,3,mapped,78.0,CL_M1/PM,CL_lateral_motor_cortex,2230.484375000001,30,1,45,37,0.02702702702702703,0.8108108108108109,True,unassessed
936,ARM6_228_L,3,mapped,95.0,CL_SII,CL_secondary_somatosensory_cortex,285.3125000000001,206,6,45,37,0.16216216216216217,5.5675675675675675,True,unassessed
936,ARM6_228_L,3,mapped,120.0,CL_area_7_in_IPL,CL_area_7_in_the_inferior_parietal_lobule,560.8125000000002,313,6,45,37,0.16216216216216217,8.45945945945946,True,unassessed
936,ARM6_228_L,3,mapped,127.0,CL_PCgG,CL_posterior_cingulate_gyrus,509.1250000000002,62,1,45,37,0.02702702702702703,1.6756756756756757,True,unassessed
936,ARM6_228_L,3,mapped,165.0,CL_TG,CL_temporal_pole,315.5156250000001,19,1,45,37,0.02702702702702703,0.5135135135135135,True,unassessed
936,ARM6_228_L,3,mapped,188.0,CL_STSf,CL_fundus_of_the_superior_temporal_sulcus,425.15625000000017,15,1,45,37,0.02702702702702703,0.40540540540540543,True,unassessed
936,ARM6_228_L,3,mapped,199.0,CL_STGc,CL_caudal_superior_temporal_gyrus,260.3125000000001,19,3,45,37,0.08108108108108109,0.5135135135135135,True,unassessed
936,ARM6_228_L,3,mapped,205.0,CL_belt,CL_belt_areas_of_auditory_cortex,316.8750000000001,20,4,45,37,0.10810810810810811,0.5405405405405406,True,unassessed
936,ARM6_228_L,3,mapped,219.0,CL_core,CL_core_areas_of_auditory_cortex,159.23437500000006,4,2,45,37,0.05405405405405406,0.10810810810810811,True,unassessed
936,ARM6_228_L,3,mapped,224.0,CL_floor_of_ls,CL_floor_of_the_lateral_sulcus,303.2968750000001,2573,34,45,37,0.918918918918919,69.54054054054055,True,unassessed
936,ARM6_228_L,3,mapped,511.0,CR_MCC,CR_midcingulate_cortex,188.37500000000009,1,1,45,37,0.02702702702702703,0.02702702702702703,True,unassessed
936,ARM6_228_L,3,mapped,1003.0,SL_LPal,SL_lateral_pallium,255.1562500000001,46,11,45,37,0.2972972972972973,1.2432432432432432,True,unassessed
936,ARM6_228_L,3,mapped,1005.0,SL_VPal,SL_ventral_pallium,54.51562500000002,2,1,45,37,0.02702702702702703,0.05405405405405406,True,unassessed
936,ARM6_228_L,3,mapped,1011.0,SL_HF,SL_hippocampal_formation,532.0937500000002,2,1,45,37,0.02702702702702703,0.05405405405405406,True,unassessed
936,ARM6_228_L,3,mapped,1025.0,SL_pAmy,SL_pallial_amygdala,217.79687500000009,4,1,45,37,0.02702702702702703,0.10810810810810811,True,unassessed
936,ARM6_228_L,3,mapped,1040.0,SL_spAmy,SL_subpallial_amygdala,84.20312500000004,96,2,45,37,0.05405405405405406,2.5945945945945947,True,unassessed
936,ARM6_228_L,3,mapped,1051.0,SL_Str,SL_striatum,1922.421875000001,306,10,45,37,0.2702702702702703,8.27027027027027,True,unassessed
936,ARM6_228_L,3,mapped,1062.0,SL_Pd,SL_pallidum,338.59375000000017,3,2,45,37,0.05405405405405406,0.08108108108108109,True,unassessed
936,ARM6_228_L,3,mapped,1069.0,SL_DSP,SL_diagonal_subpallium,182.70312500000009,3,2,45,37,0.05405405405405406,0.08108108108108109,True,unassessed
936,ARM6_228_L,3,mapped,1112.0,SL_ZI-H,SL_zona_incerta_and_lenticular_fascicles,37.375000000000014,33,4,45,37,0.10810810810810811,0.8918918918918919,True,unassessed
936,ARM6_228_L,3,mapped,1115.0,SL_MThal,SL_medial_thalamus,208.23437500000009,28,4,45,37,0.10810810810810811,0.7567567567567568,True,unassessed
936,ARM6_228_L,3,mapped,1135.0,SL_VThal,SL_ventral_thalamus,291.4218750000001,3,3,45,37,0.08108108108108109,0.08108108108108109,True,unassessed
936,ARM6_228_L,3,mapped,1148.0,SL_PThal,SL_posterior_thalamus,208.48437500000009,102,4,45,37,0.10810810810810811,2.7567567567567566,True,unassessed
936,ARM6_228_L,3,mapped,1157.0,SL_GThal,SL_geniculate_thalamus,121.76562500000006,2,2,45,37,0.05405405405405406,0.05405405405405406,True,unassessed
936,ARM6_228_L,3,mapped,1163.0,SL_PrT,SL_pretectum,26.54687500000001,1,1,45,37,0.02702702702702703,0.02702702702702703,True,unassessed
936,ARM6_228_L,3,mapped,1171.0,SL_DMid,SL_dorsal_midbrain,189.04687500000009,71,1,45,37,0.02702702702702703,1.9189189189189189,True,unassessed
936,ARM6_228_L,3,mapped,1180.0,SL_LMid,SL_lateral_midbrain,118.42187500000006,7,2,45,37,0.05405405405405406,0.1891891891891892,True,unassessed
936,ARM6_228_L,3,mapped,1200.0,SL_VMid,SL_ventral_midbrain,261.3593750000001,5,1,45,37,0.02702702702702703,0.13513513513513514,True,unassessed
936,ARM6_228_L,3,mapped,1213.0,SL_DPons,SL_dorsal_pons,69.45312500000003,3,1,45,37,0.02702702702702703,0.08108108108108109,True,unassessed
936,ARM6_228_L,3,mapped,1288.0,SL_DMed,SL_dorsal_medulla,225.8593750000001,5,1,45,37,0.02702702702702703,0.13513513513513514,True,unassessed
936,ARM6_228_L,3,zero_unassigned,0.0,,,,1044,30,45,37,0.8108108108108109,28.216216216216218,True,unassessed
936,ARM6_228_L,4,key_level_conflict,45.0,CL_AON/TTv,CL_anterior_olfactory_cortex,,30,1,45,37,0.02702702702702703,0.8108108108108109,True,unassessed
936,ARM6_228_L,4,mapped,6.0,CL_area_24,CL_area_24,289.8906250000001,65,1,45,37,0.02702702702702703,1.7567567567567568,True,unassessed
936,ARM6_228_L,4,mapped,11.0,CL_MCC,CL_midcingulate_cortex,188.37500000000009,40,1,45,37,0.02702702702702703,1.0810810810810811,True,unassessed
936,ARM6_228_L,4,mapped,26.0,CL_areas_11/13,CL_areas_11_and_13,557.4062500000002,7,1,45,37,0.02702702702702703,0.1891891891891892,True,unassessed
936,ARM6_228_L,4,mapped,38.0,CL_OFa-p,CL_agranular_orbitofrontal_cortex,169.45312500000009,30,3,45,37,0.08108108108108109,0.8108108108108109,True,unassessed
936,ARM6_228_L,4,mapped,47.0,CL_cl_OFC,CL_caudolateral_orbitofrontal_cortex,136.07812500000006,110,3,45,37,0.08108108108108109,2.972972972972973,True,unassessed
936,ARM6_228_L,4,mapped,65.0,CL_rostral_vlPFC,CL_rostral_ventrolateral_prefrontal_cortex,465.9531250000002,142,4,45,37,0.10810810810810811,3.8378378378378377,True,unassessed
936,ARM6_228_L,4,mapped,72.0,CL_caudal_vlPFC,CL_caudal_ventrolateral_prefrontal_cortex,214.90625000000009,32,1,45,37,0.02702702702702703,0.8648648648648649,True,unassessed
936,ARM6_228_L,4,mapped,80.0,CL_PM,CL_premotor_cortex,1468.3593750000007,30,1,45,37,0.02702702702702703,0.8108108108108109,True,unassessed
936,ARM6_228_L,4,mapped,95.0,CL_SII,CL_secondary_somatosensory_cortex,285.3125000000001,206,6,45,37,0.16216216216216217,5.5675675675675675,True,unassessed
936,ARM6_228_L,4,mapped,120.0,CL_area_7_in_IPL,CL_area_7_in_the_inferior_parietal_lobule,560.8125000000002,313,6,45,37,0.16216216216216217,8.45945945945946,True,unassessed
936,ARM6_228_L,4,mapped,128.0,CL_PCC,CL_posterior_cingulate_cortex,464.3281250000002,62,1,45,37,0.02702702702702703,1.6756756756756757,True,unassessed
936,ARM6_228_L,4,mapped,166.0,CL_TGa,CL_agranular_temporal_pole,76.29687500000003,15,1,45,37,0.02702702702702703,0.40540540540540543,True,unassessed
936,ARM6_228_L,4,mapped,167.0,CL_TGg/TGd,CL_granular_and_dysgranular_temporal_pole,239.2187500000001,4,1,45,37,0.02702702702702703,0.10810810810810811,True,unassessed
936,ARM6_228_L,4,mapped,188.0,CL_STSf,CL_fundus_of_the_superior_temporal_sulcus,425.15625000000017,15,1,45,37,0.02702702702702703,0.40540540540540543,True,unassessed
936,ARM6_228_L,4,mapped,199.0,CL_STGc,CL_caudal_superior_temporal_gyrus,260.3125000000001,19,3,45,37,0.08108108108108109,0.5135135135135135,True,unassessed
936,ARM6_228_L,4,mapped,206.0,CL_lat_belt,CL_lateral_belt_areas,188.89062500000009,1,1,45,37,0.02702702702702703,0.02702702702702703,True,unassessed
936,ARM6_228_L,4,mapped,213.0,CL_med_belt,CL_medial_belt_areas,127.98437500000006,19,3,45,37,0.08108108108108109,0.5135135135135135,True,unassessed
936,ARM6_228_L,4,mapped,219.0,CL_core,CL_core_areas_of_auditory_cortex,159.23437500000006,4,2,45,37,0.05405405405405406,0.10810810810810811,True,unassessed
936,ARM6_228_L,4,mapped,225.0,CL_Ins/Pi,CL_insula_and_parainsula,288.1875000000001,2573,34,45,37,0.918918918918919,69.54054054054055,True,unassessed
936,ARM6_228_L,4,mapped,511.0,CR_MCC,CR_midcingulate_cortex,188.37500000000009,1,1,45,37,0.02702702702702703,0.02702702702702703,True,unassessed
936,ARM6_228_L,4,mapped,1004.0,SL_Cl,SL_claustrum,255.1562500000001,46,11,45,37,0.2972972972972973,1.2432432432432432,True,unassessed
936,ARM6_228_L,4,mapped,1006.0,SL_En,SL_endopiriform_claustrum,23.71875000000001,2,1,45,37,0.02702702702702703,0.05405405405405406,True,unassessed
936,ARM6_228_L,4,mapped,1012.0,SL_HFA,SL_hippocampal_formation_anterior,353.15625000000017,2,1,45,37,0.02702702702702703,0.05405405405405406,True,unassessed
936,ARM6_228_L,4,mapped,1030.0,SL_lpAmy,SL_lateropallial_amygdala,129.98437500000006,4,1,45,37,0.02702702702702703,0.10810810810810811,True,unassessed
936,ARM6_228_L,4,mapped,1041.0,SL_stAmy,SL_striatal_amygdala,13.843750000000005,70,2,45,37,0.05405405405405406,1.8918918918918919,True,unassessed
936,ARM6_228_L,4,mapped,1043.0,SL_mAmy,SL_medial_amygdala,40.71875000000002,9,2,45,37,0.05405405405405406,0.24324324324324326,True,unassessed
936,ARM6_228_L,4,mapped,1046.0,SL_pdAmy,SL_pallidal_amygdala,29.640625000000014,17,1,45,37,0.02702702702702703,0.4594594594594595,True,unassessed
936,ARM6_228_L,4,mapped,1052.0,SL_DStr,SL_dorsal_striatum,1809.218750000001,292,10,45,37,0.2702702702702703,7.891891891891892,True,unassessed
936,ARM6_228_L,4,mapped,1059.0,SL_VStr,SL_ventral_striatum,113.20312500000006,14,1,45,37,0.02702702702702703,0.3783783783783784,True,unassessed
936,ARM6_228_L,4,mapped,1062.0,SL_Pd,SL_pallidum,338.59375000000017,3,2,45,37,0.05405405405405406,0.08108108108108109,True,unassessed
936,ARM6_228_L,4,mapped,1070.0,SL_BR,SL_basal_nucleus_region,38.000000000000014,3,2,45,37,0.05405405405405406,0.08108108108108109,True,unassessed
936,ARM6_228_L,4,mapped,1112.0,SL_ZI-H,SL_zona_incerta_and_lenticular_fascicles,37.375000000000014,33,4,45,37,0.10810810810810811,0.8918918918918919,True,unassessed
936,ARM6_228_L,4,mapped,1119.0,SL_ILThal,SL_intralaminar_thalamus,106.54687500000004,28,4,45,37,0.10810810810810811,0.7567567567567568,True,unassessed
936,ARM6_228_L,4,mapped,1143.0,SL_SpThal,SL_spinal_thalamus,88.20312500000004,3,3,45,37,0.08108108108108109,0.08108108108108109,True,unassessed
936,ARM6_228_L,4,mapped,1151.0,SL_Pul,SL_pulvinar_thalamus,182.54687500000009,102,4,45,37,0.10810810810810811,2.7567567567567566,True,unassessed
936,ARM6_228_L,4,mapped,1159.0,SL_MG,SL_medial_geniculate,28.406250000000014,2,2,45,37,0.05405405405405406,0.05405405405405406,True,unassessed
936,ARM6_228_L,4,mapped,1163.0,SL_PrT,SL_pretectum,26.54687500000001,1,1,45,37,0.02702702702702703,0.02702702702702703,True,unassessed
936,ARM6_228_L,4,mapped,1172.0,SL_Co,SL_colliculi,137.93750000000006,24,1,45,37,0.02702702702702703,0.6486486486486487,True,unassessed
936,ARM6_228_L,4,mapped,1177.0,SL_PAGR,SL_periaqueductal_gray_region,51.10937500000002,47,1,45,37,0.02702702702702703,1.2702702702702702,True,unassessed
936,ARM6_228_L,4,mapped,1181.0,SL_TgMid,SL_midbrain_tegmentum,36.937500000000014,1,1,45,37,0.02702702702702703,0.02702702702702703,True,unassessed
936,ARM6_228_L,4,mapped,1189.0,SL_RtMid,SL_midbrain_reticulum,81.48437500000004,6,2,45,37,0.05405405405405406,0.16216216216216217,True,unassessed
936,ARM6_228_L,4,mapped,1204.0,SL_DA_Mid,SL_midbrain_dopaminergic_complex,222.89062500000009,5,1,45,37,0.02702702702702703,0.13513513513513514,True,unassessed
936,ARM6_228_L,4,mapped,1214.0,SL_PBC,SL_parabrachial_complex,45.84375000000002,3,1,45,37,0.02702702702702703,0.08108108108108109,True,unassessed
936,ARM6_228_L,4,mapped,1294.0,SL_C5,SL_trigeminal_complex,57.53125000000003,5,1,45,37,0.02702702702702703,0.13513513513513514,True,unassessed
936,ARM6_228_L,4,zero_unassigned,0.0,,,,1044,30,45,37,0.8108108108108109,28.216216216216218,True,unassessed
936,ARM6_228_L,5,key_level_conflict,45.0,CL_AON/TTv,CL_anterior_olfactory_cortex,,30,1,45,37,0.02702702702702703,0.8108108108108109,True,unassessed
936,ARM6_228_L,5,mapped,10.0,CL_area_24c,CL_area_24c,196.90625000000009,65,1,45,37,0.02702702702702703,1.7567567567567568,True,unassessed
936,ARM6_228_L,5,mapped,15.0,CL_area_24c_prime,CL_area_24c',115.67187500000006,40,1,45,37,0.02702702702702703,1.0810810810810811,True,unassessed
936,ARM6_228_L,5,mapped,30.0,CL_area_13,CL_area_13,419.17187500000017,7,1,45,37,0.02702702702702703,0.1891891891891892,True,unassessed
936,ARM6_228_L,5,mapped,39.0,CL_Iam/Iapm,CL_medial_agranular_insular_region,24.17187500000001,4,1,45,37,0.02702702702702703,0.10810810810810811,True,unassessed
936,ARM6_228_L,5,mapped,40.0,CL_lat_Ia,CL_lateral_agranular_insular_region,145.28125000000006,26,2,45,37,0.05405405405405406,0.7027027027027027,True,unassessed
936,ARM6_228_L,5,mapped,48.0,CL_G,CL_gustatory_cortex,40.12500000000002,36,2,45,37,0.05405405405405406,0.972972972972973,True,unassessed
936,ARM6_228_L,5,mapped,49.0,CL_PrCO,CL_precentral_operular_area,95.95312500000004,74,1,45,37,0.02702702702702703,2.0,True,unassessed
936,ARM6_228_L,5,mapped,66.0,CL_area_46v/f,CL_ventral_and_fundus_portion_of_area_46,316.7187500000001,141,3,45,37,0.08108108108108109,3.810810810810811,True,unassessed
936,ARM6_228_L,5,mapped,69.0,CL_area_12r/l,CL_rostral_and_lateral_area_12,149.23437500000006,1,1,45,37,0.02702702702702703,0.02702702702702703,True,unassessed
936,ARM6_228_L,5,mapped,73.0,CL_area_45,CL_area_45,165.54687500000009,12,1,45,37,0.02702702702702703,0.32432432432432434,True,unassessed
936,ARM6_228_L,5,mapped,76.0,CL_area_44,CL_area_44,49.35937500000002,20,1,45,37,0.02702702702702703,0.5405405405405406,True,unassessed
936,ARM6_228_L,5,mapped,84.0,CL_PMv,CL_ventral_premotor_cortex,700.6093750000003,30,1,45,37,0.02702702702702703,0.8108108108108109,True,unassessed
936,ARM6_228_L,5,mapped,95.0,CL_SII,CL_secondary_somatosensory_cortex,285.3125000000001,206,6,45,37,0.16216216216216217,5.5675675675675675,True,unassessed
936,ARM6_228_L,5,mapped,121.0,CL_area_7a/b,CL_inferior_parietal_lobule_areas_7a_and_7b,393.17187500000017,106,3,45,37,0.08108108108108109,2.864864864864865,True,unassessed
936,ARM6_228_L,5,mapped,124.0,CL_area_7op,CL_parietal_operculum,167.64062500000009,207,4,45,37,0.10810810810810811,5.594594594594595,True,unassessed
936,ARM6_228_L,5,mapped,130.0,CL_area_23,CL_area_23,296.8125000000001,62,1,45,37,0.02702702702702703,1.6756756756756757,True,unassessed
936,ARM6_228_L,5,mapped,166.0,CL_TGa,CL_agranular_temporal_pole,76.29687500000003,15,1,45,37,0.02702702702702703,0.40540540540540543,True,unassessed
936,ARM6_228_L,5,mapped,168.0,CL_TGd,CL_dysgranular_temporal_pole,91.85937500000004,2,1,45,37,0.02702702702702703,0.05405405405405406,True,unassessed
936,ARM6_228_L,5,mapped,171.0,CL_TGg,CL_granular_temporal_pole,147.35937500000006,2,1,45,37,0.02702702702702703,0.05405405405405406,True,unassessed
936,ARM6_228_L,5,mapped,189.0,CL_ant_STSf,CL_anterior_fundus_of_the_superior_temporal_sulcus,332.81250000000017,15,1,45,37,0.02702702702702703,0.40540540540540543,True,unassessed
936,ARM6_228_L,5,mapped,200.0,CL_Tpt,CL_temporo-parietal_area,97.45312500000004,19,3,45,37,0.08108108108108109,0.5135135135135135,True,unassessed
936,ARM6_228_L,5,mapped,207.0,CL_CL/ML,CL_caudal_areas_of_the_lateral_belt,63.14062500000003,1,1,45,37,0.02702702702702703,0.02702702702702703,True,unassessed
936,ARM6_228_L,5,mapped,214.0,CL_CM,CL_caudomedial_belt_region,60.00000000000003,12,2,45,37,0.05405405405405406,0.32432432432432434,True,unassessed
936,ARM6_228_L,5,mapped,215.0,CL_RM/RTM,CL_rostral_areas_of_the_medial_belt,67.98437500000003,7,1,45,37,0.02702702702702703,0.1891891891891892,True,unassessed
936,ARM6_228_L,5,mapped,220.0,CL_R/RT,CL_rostral_areas_of_the_core,69.73437500000003,3,1,45,37,0.02702702702702703,0.08108108108108109,True,unassessed
936,ARM6_228_L,5,mapped,223.0,CL_AI,CL_primary_auditory_cortex,89.50000000000004,1,1,45,37,0.02702702702702703,0.02702702702702703,True,unassessed
936,ARM6_228_L,5,mapped,226.0,CL_Pi,CL_parainsula,27.28125000000001,14,4,45,37,0.10810810810810811,0.3783783783783784,True,unassessed
936,ARM6_228_L,5,mapped,227.0,CL_Ins,CL_insula,260.9062500000001,2559,34,45,37,0.918918918918919,69.16216216216216,True,unassessed
936,ARM6_228_L,5,mapped,515.0,CR_area_24c_prime,CR_area_24c',115.67187500000006,1,1,45,37,0.02702702702702703,0.02702702702702703,True,unassessed
936,ARM6_228_L,5,mapped,1004.0,SL_Cl,SL_claustrum,255.1562500000001,46,11,45,37,0.2972972972972973,1.2432432432432432,True,unassessed
936,ARM6_228_L,5,mapped,1007.0,SL_DEn,SL_dorsal_endopiriform_claustrum,14.203125000000007,2,1,45,37,0.02702702702702703,0.05405405405405406,True,unassessed
936,ARM6_228_L,5,mapped,1013.0,SL_HiA,SL_hippocampus_anterior,271.8750000000001,2,1,45,37,0.02702702702702703,0.05405405405405406,True,unassessed
936,ARM6_228_L,5,mapped,1035.0,SL_BL,SL_basolateral_amygdaloid_nucleus,47.54687500000002,4,1,45,37,0.02702702702702703,0.10810810810810811,True,unassessed
936,ARM6_228_L,5,mapped,1042.0,SL_Ce,SL_central_amygdaloid_nucleus,13.843750000000005,70,2,45,37,0.05405405405405406,1.8918918918918919,True,unassessed
936,ARM6_228_L,5,mapped,1045.0,SL_AA,SL_anterior_amygdaloid_area,23.73437500000001,9,2,45,37,0.05405405405405406,0.24324324324324326,True,unassessed
936,ARM6_228_L,5,mapped,1049.0,SL_STIA,SL_intraamygdaloid_stria_terminalis,15.593750000000007,17,1,45,37,0.02702702702702703,0.4594594594594595,True,unassessed
936,ARM6_228_L,5,mapped,1053.0,SL_Cd,SL_caudate,649.5625000000003,20,2,45,37,0.05405405405405406,0.5405405405405406,True,unassessed
936,ARM6_228_L,5,mapped,1056.0,SL_Pu,SL_putamen,895.1093750000003,175,9,45,37,0.24324324324324326,4.72972972972973,True,unassessed
936,ARM6_228_L,5,mapped,1057.0,SL_ASt,SL_amygdalostriatal_transition,33.812500000000014,97,2,45,37,0.05405405405405406,2.6216216216216215,True,unassessed
936,ARM6_228_L,5,mapped,1060.0,SL_Acb,SL_accumbens,94.96875000000004,14,1,45,37,0.02702702702702703,0.3783783783783784,True,unassessed
936,ARM6_228_L,5,mapped,1067.0,SL_ac,SL_anterior_commissure,77.82812500000003,3,2,45,37,0.05405405405405406,0.08108108108108109,True,unassessed
936,ARM6_228_L,5,mapped,1070.0,SL_BR,SL_basal_nucleus_region,38.000000000000014,3,2,45,37,0.05405405405405406,0.08108108108108109,True,unassessed
936,ARM6_228_L,5,mapped,1112.0,SL_ZI-H,SL_zona_incerta_and_lenticular_fascicles,37.375000000000014,33,4,45,37,0.10810810810810811,0.8918918918918919,True,unassessed
936,ARM6_228_L,5,mapped,1121.0,SL_CMn-PF,SL_centromedial-parafascicular_thalamus,50.56250000000002,3,2,45,37,0.05405405405405406,0.08108108108108109,True,unassessed
936,ARM6_228_L,5,mapped,1122.0,SL_SPFC,SL_suprafascicular_nucleus,8.187500000000004,1,1,45,37,0.02702702702702703,0.02702702702702703,True,unassessed
936,ARM6_228_L,5,mapped,1125.0,SL_Lim,SL_limitans_thalamus,9.593750000000004,24,3,45,37,0.08108108108108109,0.6486486486486487,True,unassessed
936,ARM6_228_L,5,mapped,1145.0,SL_VMPo-VMB,SL_ventromedial_posterior+basal_thalamus,11.859375000000005,2,2,45,37,0.05405405405405406,0.05405405405405406,True,unassessed
936,ARM6_228_L,5,mapped,1146.0,SL_VPI,SL_ventroposterior_inferior_thalamus,11.250000000000005,1,1,45,37,0.02702702702702703,0.02702702702702703,True,unassessed
936,ARM6_228_L,5,mapped,1152.0,SL_APul,SL_anterior_pulvinar,49.37500000000002,92,4,45,37,0.10810810810810811,2.4864864864864864,True,unassessed
936,ARM6_228_L,5,mapped,1153.0,SL_MPul,SL_medial_pulvinar,44.68750000000002,10,2,45,37,0.05405405405405406,0.2702702702702703,True,unassessed
936,ARM6_228_L,5,mapped,1159.0,SL_MG,SL_medial_geniculate,28.406250000000014,2,2,45,37,0.05405405405405406,0.05405405405405406,True,unassessed
936,ARM6_228_L,5,mapped,1168.0,SL_p1Rt,SL_p1_mesencephalic_reticulum,16.453125000000007,1,1,45,37,0.02702702702702703,0.02702702702702703,True,unassessed
936,ARM6_228_L,5,mapped,1173.0,SL_SCo,SL_superior_colliculus,78.59375000000003,2,1,45,37,0.02702702702702703,0.05405405405405406,True,unassessed
936,ARM6_228_L,5,mapped,1174.0,SL_ICoC,SL_inferior_colliculus_complex,59.34375000000003,22,1,45,37,0.02702702702702703,0.5945945945945946,True,unassessed
936,ARM6_228_L,5,mapped,1179.0,SL_PAG,SL_periaqueductal_gray,49.48437500000002,47,1,45,37,0.02702702702702703,1.2702702702702702,True,unassessed
936,ARM6_228_L,5,mapped,1183.0,SL_MiTg,SL_microcellular_tegmentum,5.125000000000003,1,1,45,37,0.02702702702702703,0.02702702702702703,True,unassessed
936,ARM6_228_L,5,mapped,1190.0,SL_mRt,SL_mesencephalic_reticular_formation,78.28125000000003,6,2,45,37,0.05405405405405406,0.16216216216216217,True,unassessed
936,ARM6_228_L,5,mapped,1206.0,SL_SN,SL_substantia_nigra,111.21875000000004,4,1,45,37,0.02702702702702703,0.10810810810810811,True,unassessed
936,ARM6_228_L,5,mapped,1210.0,SL_cp,SL_cerebral_peduncle,70.39062500000003,1,1,45,37,0.02702702702702703,0.02702702702702703,True,unassessed
936,ARM6_228_L,5,mapped,1214.0,SL_PBC,SL_parabrachial_complex,45.84375000000002,3,1,45,37,0.02702702702702703,0.08108108108108109,True,unassessed
936,ARM6_228_L,5,mapped,1295.0,SL_Nu5,SL_motor_trigeminal_nucleus,7.5468750000000036,5,1,45,37,0.02702702702702703,0.13513513513513514,True,unassessed
936,ARM6_228_L,5,zero_unassigned,0.0,,,,1044,30,45,37,0.8108108108108109,28.216216216216218,True,unassessed
936,ARM6_228_L,6,mapped,10.0,CL_area_24c,CL_area_24c,196.90625000000009,65,1,45,37,0.02702702702702703,1.7567567567567568,True,unassessed
936,ARM6_228_L,6,mapped,15.0,CL_area_24c_prime,CL_area_24c',115.67187500000006,40,1,45,37,0.02702702702702703,1.0810810810810811,True,unassessed
936,ARM6_228_L,6,mapped,31.0,CL_area_13a/b,CL_areas_13a_and_13b,124.10937500000006,7,1,45,37,0.02702702702702703,0.1891891891891892,True,unassessed
936,ARM6_228_L,6,mapped,39.0,CL_Iam/Iapm,CL_medial_agranular_insular_region,24.17187500000001,4,1,45,37,0.02702702702702703,0.10810810810810811,True,unassessed
936,ARM6_228_L,6,mapped,41.0,CL_Iai,CL_intermediate_agranular_insula_area,81.48437500000004,23,2,45,37,0.05405405405405406,0.6216216216216216,True,unassessed
936,ARM6_228_L,6,mapped,42.0,CL_Ial,CL_lateral_agranular_insula_area,47.98437500000002,3,1,45,37,0.02702702702702703,0.08108108108108109,True,unassessed
936,ARM6_228_L,6,mapped,45.0,CL_AON/TTv,CL_anterior_olfactory_cortex,25.64062500000001,30,1,45,37,0.02702702702702703,0.8108108108108109,True,unassessed
936,ARM6_228_L,6,mapped,48.0,CL_G,CL_gustatory_cortex,40.12500000000002,36,2,45,37,0.05405405405405406,0.972972972972973,True,unassessed
936,ARM6_228_L,6,mapped,49.0,CL_PrCO,CL_precentral_operular_area,95.95312500000004,74,1,45,37,0.02702702702702703,2.0,True,unassessed
936,ARM6_228_L,6,mapped,67.0,CL_area_46f,CL_area_46_in_fundus_of_the_principal_sulcus,71.79687500000003,3,1,45,37,0.02702702702702703,0.08108108108108109,True,unassessed
936,ARM6_228_L,6,mapped,68.0,CL_area_46v,CL_ventral_area_46,244.9218750000001,138,3,45,37,0.08108108108108109,3.72972972972973,True,unassessed
936,ARM6_228_L,6,mapped,70.0,CL_area_12l,CL_lateral_area_12,61.20312500000003,1,1,45,37,0.02702702702702703,0.02702702702702703,True,unassessed
936,ARM6_228_L,6,mapped,74.0,CL_area_45a,CL_area_45a,90.45312500000004,12,1,45,37,0.02702702702702703,0.32432432432432434,True,unassessed
936,ARM6_228_L,6,mapped,76.0,CL_area_44,CL_area_44,49.35937500000002,20,1,45,37,0.02702702702702703,0.5405405405405406,True,unassessed
936,ARM6_228_L,6,mapped,86.0,CL_F5,CL_area_F5_of_ventral_premotor_cortex,434.01562500000017,30,1,45,37,0.02702702702702703,0.8108108108108109,True,unassessed
936,ARM6_228_L,6,mapped,95.0,CL_SII,CL_secondary_somatosensory_cortex,285.3125000000001,206,6,45,37,0.16216216216216217,5.5675675675675675,True,unassessed
936,ARM6_228_L,6,mapped,122.0,CL_area_7a,CL_caudal_inferior_parietal_lobule_area_7a_(Opt/PG),295.5781250000001,61,3,45,37,0.08108108108108109,1.6486486486486487,True,unassessed
936,ARM6_228_L,6,mapped,123.0,CL_area_7b,CL_rostral_inferior_parietal_lobule_area_7b_(PFG/PF),97.59375000000004,45,1,45,37,0.02702702702702703,1.2162162162162162,True,unassessed
936,ARM6_228_L,6,mapped,124.0,CL_area_7op,CL_parietal_operculum,167.64062500000009,207,4,45,37,0.10810810810810811,5.594594594594595,True,unassessed
936,ARM6_228_L,6,mapped,132.0,CL_area_23b,CL_area_23b,115.29687500000006,2,1,45,37,0.02702702702702703,0.05405405405405406,True,unassessed
936,ARM6_228_L,6,mapped,133.0,CL_area_23c,CL_area_23c,145.06250000000006,60,1,45,37,0.02702702702702703,1.6216216216216217,True,unassessed
936,ARM6_228_L,6,mapped,166.0,CL_TGa,CL_agranular_temporal_pole,76.29687500000003,15,1,45,37,0.02702702702702703,0.40540540540540543,True,unassessed
936,ARM6_228_L,6,mapped,169.0,CL_TGdd,CL_dorsal_dysgranular_temporal_pole,70.73437500000003,1,1,45,37,0.02702702702702703,0.02702702702702703,True,unassessed
936,ARM6_228_L,6,mapped,170.0,CL_TGvd,CL_ventral_dysgranular_temporal_pole,21.12500000000001,1,1,45,37,0.02702702702702703,0.02702702702702703,True,unassessed
936,ARM6_228_L,6,mapped,174.0,CL_TGsts,CL_sts_part_of_temporal_pole,78.28125000000003,2,1,45,37,0.02702702702702703,0.05405405405405406,True,unassessed
936,ARM6_228_L,6,mapped,190.0,CL_IPa,CL_area_IPa,200.31250000000009,15,1,45,37,0.02702702702702703,0.40540540540540543,True,unassessed
936,ARM6_228_L,6,mapped,200.0,CL_Tpt,CL_temporo-parietal_area,97.45312500000004,19,3,45,37,0.08108108108108109,0.5135135135135135,True,unassessed
936,ARM6_228_L,6,mapped,208.0,CL_CL,CL_caudal_lateral_belt_region,27.81250000000001,1,1,45,37,0.02702702702702703,0.02702702702702703,True,unassessed
936,ARM6_228_L,6,mapped,214.0,CL_CM,CL_caudomedial_belt_region,60.00000000000003,12,2,45,37,0.05405405405405406,0.32432432432432434,True,unassessed
936,ARM6_228_L,6,mapped,216.0,CL_RM,CL_rostromedial_belt_region,47.87500000000002,7,1,45,37,0.02702702702702703,0.1891891891891892,True,unassessed
936,ARM6_228_L,6,mapped,221.0,CL_R,CL_rostral_core_region,53.67187500000002,3,1,45,37,0.02702702702702703,0.08108108108108109,True,unassessed
936,ARM6_228_L,6,mapped,223.0,CL_AI,CL_primary_auditory_cortex,89.50000000000004,1,1,45,37,0.02702702702702703,0.02702702702702703,True,unassessed
936,ARM6_228_L,6,mapped,226.0,CL_Pi,CL_parainsula,27.28125000000001,14,4,45,37,0.10810810810810811,0.3783783783783784,True,unassessed
936,ARM6_228_L,6,mapped,228.0,CL_Ia/Id,CL_agranular_and_dysgranular_insula,164.56250000000009,2150,34,45,37,0.918918918918919,58.108108108108105,True,unassessed
936,ARM6_228_L,6,mapped,229.0,CL_Ig,CL_granular_insula,96.34375000000004,409,17,45,37,0.4594594594594595,11.054054054054054,True,unassessed
936,ARM6_228_L,6,mapped,515.0,CR_area_24c_prime,CR_area_24c',115.67187500000006,1,1,45,37,0.02702702702702703,0.02702702702702703,True,unassessed
936,ARM6_228_L,6,mapped,1004.0,SL_Cl,SL_claustrum,255.1562500000001,46,11,45,37,0.2972972972972973,1.2432432432432432,True,unassessed
936,ARM6_228_L,6,mapped,1007.0,SL_DEn,SL_dorsal_endopiriform_claustrum,14.203125000000007,2,1,45,37,0.02702702702702703,0.05405405405405406,True,unassessed
936,ARM6_228_L,6,mapped,1015.0,SL_CAA,SL_CA1_3_anterior,180.68750000000009,2,1,45,37,0.02702702702702703,0.05405405405405406,True,unassessed
936,ARM6_228_L,6,mapped,1036.0,SL_BLD,SL_basolateral_dorsal_amygdaloid_nucleus,14.546875000000007,4,1,45,37,0.02702702702702703,0.10810810810810811,True,unassessed
936,ARM6_228_L,6,mapped,1042.0,SL_Ce,SL_central_amygdaloid_nucleus,13.843750000000005,70,2,45,37,0.05405405405405406,1.8918918918918919,True,unassessed
936,ARM6_228_L,6,mapped,1045.0,SL_AA,SL_anterior_amygdaloid_area,23.73437500000001,9,2,45,37,0.05405405405405406,0.24324324324324326,True,unassessed
936,ARM6_228_L,6,mapped,1049.0,SL_STIA,SL_intraamygdaloid_stria_terminalis,15.593750000000007,17,1,45,37,0.02702702702702703,0.4594594594594595,True,unassessed
936,ARM6_228_L,6,mapped,1055.0,SL_CdT,SL_caudate_tail,83.04687500000004,20,2,45,37,0.05405405405405406,0.5405405405405406,True,unassessed
936,ARM6_228_L,6,mapped,1056.0,SL_Pu,SL_putamen,895.1093750000003,175,9,45,37,0.24324324324324326,4.72972972972973,True,unassessed
936,ARM6_228_L,6,mapped,1057.0,SL_ASt,SL_amygdalostriatal_transition,33.812500000000014,97,2,45,37,0.05405405405405406,2.6216216216216215,True,unassessed
936,ARM6_228_L,6,mapped,1060.0,SL_Acb,SL_accumbens,94.96875000000004,14,1,45,37,0.02702702702702703,0.3783783783783784,True,unassessed
936,ARM6_228_L,6,mapped,1067.0,SL_ac,SL_anterior_commissure,77.82812500000003,3,2,45,37,0.05405405405405406,0.08108108108108109,True,unassessed
936,ARM6_228_L,6,mapped,1072.0,SL_B,SL_basal_nucleus,25.54687500000001,3,2,45,37,0.05405405405405406,0.08108108108108109,True,unassessed
936,ARM6_228_L,6,mapped,1112.0,SL_ZI-H,SL_zona_incerta_and_lenticular_fascicles,37.375000000000014,33,4,45,37,0.10810810810810811,0.8918918918918919,True,unassessed
936,ARM6_228_L,6,mapped,1121.0,SL_CMn-PF,SL_centromedial-parafascicular_thalamus,50.56250000000002,3,2,45,37,0.05405405405405406,0.08108108108108109,True,unassessed
936,ARM6_228_L,6,mapped,1123.0,SL_SPFPC,SL_subparafascicular_nucleus,8.187500000000004,1,1,45,37,0.02702702702702703,0.02702702702702703,True,unassessed
936,ARM6_228_L,6,mapped,1125.0,SL_Lim,SL_limitans_thalamus,9.593750000000004,24,3,45,37,0.08108108108108109,0.6486486486486487,True,unassessed
936,ARM6_228_L,6,mapped,1145.0,SL_VMPo-VMB,SL_ventromedial_posterior+basal_thalamus,11.859375000000005,2,2,45,37,0.05405405405405406,0.05405405405405406,True,unassessed
936,ARM6_228_L,6,mapped,1146.0,SL_VPI,SL_ventroposterior_inferior_thalamus,11.250000000000005,1,1,45,37,0.02702702702702703,0.02702702702702703,True,unassessed
936,ARM6_228_L,6,mapped,1152.0,SL_APul,SL_anterior_pulvinar,49.37500000000002,92,4,45,37,0.10810810810810811,2.4864864864864864,True,unassessed
936,ARM6_228_L,6,mapped,1153.0,SL_MPul,SL_medial_pulvinar,44.68750000000002,10,2,45,37,0.05405405405405406,0.2702702702702703,True,unassessed
936,ARM6_228_L,6,mapped,1159.0,SL_MG,SL_medial_geniculate,28.406250000000014,2,2,45,37,0.05405405405405406,0.05405405405405406,True,unassessed
936,ARM6_228_L,6,mapped,1168.0,SL_p1Rt,SL_p1_mesencephalic_reticulum,16.453125000000007,1,1,45,37,0.02702702702702703,0.02702702702702703,True,unassessed
936,ARM6_228_L,6,mapped,1173.0,SL_SCo,SL_superior_colliculus,78.59375000000003,2,1,45,37,0.02702702702702703,0.05405405405405406,True,unassessed
936,ARM6_228_L,6,mapped,1175.0,SL_ICo,SL_inferior_colliculus,58.62500000000003,22,1,45,37,0.02702702702702703,0.5945945945945946,True,unassessed
936,ARM6_228_L,6,mapped,1179.0,SL_PAG,SL_periaqueductal_gray,49.48437500000002,47,1,45,37,0.02702702702702703,1.2702702702702702,True,unassessed
936,ARM6_228_L,6,mapped,1183.0,SL_MiTg,SL_microcellular_tegmentum,5.125000000000003,1,1,45,37,0.02702702702702703,0.02702702702702703,True,unassessed
936,ARM6_228_L,6,mapped,1190.0,SL_mRt,SL_mesencephalic_reticular_formation,78.28125000000003,6,2,45,37,0.05405405405405406,0.16216216216216217,True,unassessed
936,ARM6_228_L,6,mapped,1206.0,SL_SN,SL_substantia_nigra,111.21875000000004,4,1,45,37,0.02702702702702703,0.10810810810810811,True,unassessed
936,ARM6_228_L,6,mapped,1210.0,SL_cp,SL_cerebral_peduncle,70.39062500000003,1,1,45,37,0.02702702702702703,0.02702702702702703,True,unassessed
936,ARM6_228_L,6,mapped,1217.0,SL_scp,SL_superior_cerebellar_peduncle,24.48437500000001,2,1,45,37,0.02702702702702703,0.05405405405405406,True,unassessed
936,ARM6_228_L,6,mapped,1218.0,SL_KF,SL_Kolliker-Fuse_nucleus,2.218750000000001,1,1,45,37,0.02702702702702703,0.02702702702702703,True,unassessed
936,ARM6_228_L,6,mapped,1295.0,SL_Nu5,SL_motor_trigeminal_nucleus,7.5468750000000036,5,1,45,37,0.02702702702702703,0.13513513513513514,True,unassessed
936,ARM6_228_L,6,zero_unassigned,0.0,,,,1044,30,45,37,0.8108108108108109,28.216216216216218,True,unassessed
936,ARM6_229_L,1,mapped,1.0,CL_Frontal,CL_Frontal_Lobe,6154.890625000003,455,4,24,23,0.17391304347826086,19.782608695652176,True,unassessed
936,ARM6_229_L,1,mapped,90.0,CL_Parietal,CL_Parietal_Lobe,3774.453125000002,264,8,24,23,0.34782608695652173,11.478260869565217,True,unassessed
936,ARM6_229_L,1,mapped,138.0,CL_Temporal,CL_Temporal_Lobe,4285.390625000002,1411,23,24,23,1.0,61.34782608695652,True,unassessed
936,ARM6_229_L,1,mapped,1001.0,SL_tel,SL_telencephalon,3805.562500000002,400,11,24,23,0.4782608695652174,17.391304347826086,True,unassessed
936,ARM6_229_L,1,mapped,1082.0,SL_di,SL_diencephalon,1285.0937500000007,49,3,24,23,0.13043478260869565,2.130434782608696,True,unassessed
936,ARM6_229_L,1,zero_unassigned,0.0,,,,458,19,24,23,0.8260869565217391,19.91304347826087,True,unassessed
936,ARM6_229_L,2,mapped,16.0,CL_OFC,CL_orbital_frontal_cortex,1344.9218750000007,12,1,24,23,0.043478260869565216,0.5217391304347826,True,unassessed
936,ARM6_229_L,2,mapped,50.0,CL_lat_PFC,CL_lateral_prefrontal_cortex,1665.2031250000007,421,4,24,23,0.17391304347826086,18.304347826086957,True,unassessed
936,ARM6_229_L,2,mapped,77.0,CL_motor,CL_motor_cortex,2542.000000000001,22,2,24,23,0.08695652173913043,0.9565217391304348,True,unassessed
936,ARM6_229_L,2,mapped,91.0,CL_SI/SII,CL_somatosensory_cortex,1186.0000000000005,66,6,24,23,0.2608695652173913,2.869565217391304,True,unassessed
936,ARM6_229_L,2,mapped,96.0,CL_SPL,CL_superior_parietal_lobule,852.2656250000003,28,1,24,23,0.043478260869565216,1.2173913043478262,True,unassessed
936,ARM6_229_L,2,mapped,112.0,CL_IPL,CL_inferior_parietal_lobule,1044.0156250000005,170,4,24,23,0.17391304347826086,7.391304347826087,True,unassessed
936,ARM6_229_L,2,mapped,193.0,CL_STG/STSd,CL_superior_temporal_region,854.1250000000003,12,1,24,23,0.043478260869565216,0.5217391304347826,True,unassessed
936,ARM6_229_L,2,mapped,204.0,CL_core/belt,CL_core_and_belt_areas_of_auditory_cortex,504.1406250000002,3,2,24,23,0.08695652173913043,0.13043478260869565,True,unassessed
936,ARM6_229_L,2,mapped,224.0,CL_floor_of_ls,CL_floor_of_the_lateral_sulcus,303.2968750000001,1396,23,24,23,1.0,60.69565217391305,True,unassessed
936,ARM6_229_L,2,mapped,1002.0,SL_LVPal,SL_lateral_and_ventral_pallium,309.6718750000001,18,9,24,23,0.391304347826087,0.782608695652174,True,unassessed
936,ARM6_229_L,2,mapped,1024.0,SL_Amy,SL_amygdala,302.0000000000001,17,3,24,23,0.13043478260869565,0.7391304347826086,True,unassessed
936,ARM6_229_L,2,mapped,1050.0,SL_BG,SL_basal_ganglia,2261.015625000001,365,8,24,23,0.34782608695652173,15.869565217391305,True,unassessed
936,ARM6_229_L,2,mapped,1111.0,SL_PreThal,SL_prethalamus,37.375000000000014,2,1,24,23,0.043478260869565216,0.08695652173913043,True,unassessed
936,ARM6_229_L,2,mapped,1113.0,SL_Thal,SL_thalamus,970.0312500000005,47,2,24,23,0.08695652173913043,2.0434782608695654,True,unassessed
936,ARM6_229_L,2,zero_unassigned,0.0,,,,458,19,24,23,0.8260869565217391,19.91304347826087,True,unassessed
936,ARM6_229_L,3,mapped,25.0,CL_lat_OFC,CL_lateral_orbital_frontal_cortex,708.1406250000003,4,1,24,23,0.043478260869565216,0.17391304347826086,True,unassessed
936,ARM6_229_L,3,mapped,37.0,CL_caudal_OFC,CL_caudal_orbital_frontal_cortex,331.17187500000017,8,1,24,23,0.043478260869565216,0.34782608695652173,True,unassessed
936,ARM6_229_L,3,mapped,51.0,CL_area_8A,CL_periarcuate_area_8A_(Frontal_Eye_Fields),105.62500000000004,60,1,24,23,0.043478260869565216,2.608695652173913,True,unassessed
936,ARM6_229_L,3,mapped,54.0,CL_dlPFC,CL_dorsolateral_prefrontal_cortex,878.7187500000003,17,1,24,23,0.043478260869565216,0.7391304347826086,True,unassessed
936,ARM6_229_L,3,mapped,64.0,CL_vlPFC,CL_ventrolateral_prefrontal_cortex,680.8593750000003,344,4,24,23,0.17391304347826086,14.956521739130435,True,unassessed
936,ARM6_229_L,3,mapped,78.0,CL_M1/PM,CL_lateral_motor_cortex,2230.484375000001,22,2,24,23,0.08695652173913043,0.9565217391304348,True,unassessed
936,ARM6_229_L,3,mapped,92.0,CL_SI,CL_primary_somatosensory_cortex,900.6875000000005,2,1,24,23,0.043478260869565216,0.08695652173913043,True,unassessed
936,ARM6_229_L,3,mapped,95.0,CL_SII,CL_secondary_somatosensory_cortex,285.3125000000001,64,6,24,23,0.2608695652173913,2.782608695652174,True,unassessed
936,ARM6_229_L,3,mapped,102.0,CL_area_5,CL_area_5,446.93750000000017,28,1,24,23,0.043478260869565216,1.2173913043478262,True,unassessed
936,ARM6_229_L,3,mapped,119.0,CL_MST,CL_medial_superior_temporal_area,150.20312500000006,44,1,24,23,0.043478260869565216,1.9130434782608696,True,unassessed
936,ARM6_229_L,3,mapped,120.0,CL_area_7_in_IPL,CL_area_7_in_the_inferior_parietal_lobule,560.8125000000002,126,3,24,23,0.13043478260869565,5.478260869565218,True,unassessed
936,ARM6_229_L,3,mapped,194.0,CL_STGr/STSd,CL_rostral_superior_temporal_region,593.8125000000002,9,1,24,23,0.043478260869565216,0.391304347826087,True,unassessed
936,ARM6_229_L,3,mapped,199.0,CL_STGc,CL_caudal_superior_temporal_gyrus,260.3125000000001,3,1,24,23,0.043478260869565216,0.13043478260869565,True,unassessed
936,ARM6_229_L,3,mapped,205.0,CL_belt,CL_belt_areas_of_auditory_cortex,316.8750000000001,3,2,24,23,0.08695652173913043,0.13043478260869565,True,unassessed
936,ARM6_229_L,3,mapped,224.0,CL_floor_of_ls,CL_floor_of_the_lateral_sulcus,303.2968750000001,1396,23,24,23,1.0,60.69565217391305,True,unassessed
936,ARM6_229_L,3,mapped,1003.0,SL_LPal,SL_lateral_pallium,255.1562500000001,18,9,24,23,0.391304347826087,0.782608695652174,True,unassessed
936,ARM6_229_L,3,mapped,1025.0,SL_pAmy,SL_pallial_amygdala,217.79687500000009,2,2,24,23,0.08695652173913043,0.08695652173913043,True,unassessed
936,ARM6_229_L,3,mapped,1040.0,SL_spAmy,SL_subpallial_amygdala,84.20312500000004,15,3,24,23,0.13043478260869565,0.6521739130434783,True,unassessed
936,ARM6_229_L,3,mapped,1051.0,SL_Str,SL_striatum,1922.421875000001,364,7,24,23,0.30434782608695654,15.826086956521738,True,unassessed
936,ARM6_229_L,3,mapped,1062.0,SL_Pd,SL_pallidum,338.59375000000017,1,1,24,23,0.043478260869565216,0.043478260869565216,True,unassessed
936,ARM6_229_L,3,mapped,1112.0,SL_ZI-H,SL_zona_incerta_and_lenticular_fascicles,37.375000000000014,2,1,24,23,0.043478260869565216,0.08695652173913043,True,unassessed
936,ARM6_229_L,3,mapped,1148.0,SL_PThal,SL_posterior_thalamus,208.48437500000009,45,1,24,23,0.043478260869565216,1.9565217391304348,True,unassessed
936,ARM6_229_L,3,mapped,1157.0,SL_GThal,SL_geniculate_thalamus,121.76562500000006,2,1,24,23,0.043478260869565216,0.08695652173913043,True,unassessed
936,ARM6_229_L,3,zero_unassigned,0.0,,,,458,19,24,23,0.8260869565217391,19.91304347826087,True,unassessed
936,ARM6_229_L,4,mapped,26.0,CL_areas_11/13,CL_areas_11_and_13,557.4062500000002,4,1,24,23,0.043478260869565216,0.17391304347826086,True,unassessed
936,ARM6_229_L,4,mapped,47.0,CL_cl_OFC,CL_caudolateral_orbitofrontal_cortex,136.07812500000006,8,1,24,23,0.043478260869565216,0.34782608695652173,True,unassessed
936,ARM6_229_L,4,mapped,51.0,CL_area_8A,CL_periarcuate_area_8A_(Frontal_Eye_Fields),105.62500000000004,60,1,24,23,0.043478260869565216,2.608695652173913,True,unassessed
936,ARM6_229_L,4,mapped,59.0,CL_rostral_dlPFC,CL_rostral_dorsolateral_prefrontal_cortex,594.5625000000002,17,1,24,23,0.043478260869565216,0.7391304347826086,True,unassessed
936,ARM6_229_L,4,mapped,65.0,CL_rostral_vlPFC,CL_rostral_ventrolateral_prefrontal_cortex,465.9531250000002,230,3,24,23,0.13043478260869565,10.0,True,unassessed
936,ARM6_229_L,4,mapped,72.0,CL_caudal_vlPFC,CL_caudal_ventrolateral_prefrontal_cortex,214.90625000000009,114,3,24,23,0.13043478260869565,4.956521739130435,True,unassessed
936,ARM6_229_L,4,mapped,80.0,CL_PM,CL_premotor_cortex,1468.3593750000007,22,2,24,23,0.08695652173913043,0.9565217391304348,True,unassessed
936,ARM6_229_L,4,mapped,92.0,CL_SI,CL_primary_somatosensory_cortex,900.6875000000005,2,1,24,23,0.043478260869565216,0.08695652173913043,True,unassessed
936,ARM6_229_L,4,mapped,95.0,CL_SII,CL_secondary_somatosensory_cortex,285.3125000000001,64,6,24,23,0.2608695652173913,2.782608695652174,True,unassessed
936,ARM6_229_L,4,mapped,102.0,CL_area_5,CL_area_5,446.93750000000017,28,1,24,23,0.043478260869565216,1.2173913043478262,True,unassessed
936,ARM6_229_L,4,mapped,119.0,CL_MST,CL_medial_superior_temporal_area,150.20312500000006,44,1,24,23,0.043478260869565216,1.9130434782608696,True,unassessed
936,ARM6_229_L,4,mapped,120.0,CL_area_7_in_IPL,CL_area_7_in_the_inferior_parietal_lobule,560.8125000000002,126,3,24,23,0.13043478260869565,5.478260869565218,True,unassessed
936,ARM6_229_L,4,mapped,195.0,CL_STSd,CL_dorsal_bank_of_the_superior_temporal_sulcus,451.8750000000002,9,1,24,23,0.043478260869565216,0.391304347826087,True,unassessed
936,ARM6_229_L,4,mapped,199.0,CL_STGc,CL_caudal_superior_temporal_gyrus,260.3125000000001,3,1,24,23,0.043478260869565216,0.13043478260869565,True,unassessed
936,ARM6_229_L,4,mapped,213.0,CL_med_belt,CL_medial_belt_areas,127.98437500000006,3,2,24,23,0.08695652173913043,0.13043478260869565,True,unassessed
936,ARM6_229_L,4,mapped,225.0,CL_Ins/Pi,CL_insula_and_parainsula,288.1875000000001,1396,23,24,23,1.0,60.69565217391305,True,unassessed
936,ARM6_229_L,4,mapped,1004.0,SL_Cl,SL_claustrum,255.1562500000001,18,9,24,23,0.391304347826087,0.782608695652174,True,unassessed
936,ARM6_229_L,4,mapped,1030.0,SL_lpAmy,SL_lateropallial_amygdala,129.98437500000006,2,2,24,23,0.08695652173913043,0.08695652173913043,True,unassessed
936,ARM6_229_L,4,mapped,1041.0,SL_stAmy,SL_striatal_amygdala,13.843750000000005,6,1,24,23,0.043478260869565216,0.2608695652173913,True,unassessed
936,ARM6_229_L,4,mapped,1046.0,SL_pdAmy,SL_pallidal_amygdala,29.640625000000014,9,2,24,23,0.08695652173913043,0.391304347826087,True,unassessed
936,ARM6_229_L,4,mapped,1052.0,SL_DStr,SL_dorsal_striatum,1809.218750000001,362,7,24,23,0.30434782608695654,15.73913043478261,True,unassessed
936,ARM6_229_L,4,mapped,1059.0,SL_VStr,SL_ventral_striatum,113.20312500000006,2,1,24,23,0.043478260869565216,0.08695652173913043,True,unassessed
936,ARM6_229_L,4,mapped,1062.0,SL_Pd,SL_pallidum,338.59375000000017,1,1,24,23,0.043478260869565216,0.043478260869565216,True,unassessed
936,ARM6_229_L,4,mapped,1112.0,SL_ZI-H,SL_zona_incerta_and_lenticular_fascicles,37.375000000000014,2,1,24,23,0.043478260869565216,0.08695652173913043,True,unassessed
936,ARM6_229_L,4,mapped,1151.0,SL_Pul,SL_pulvinar_thalamus,182.54687500000009,45,1,24,23,0.043478260869565216,1.9565217391304348,True,unassessed
936,ARM6_229_L,4,mapped,1158.0,SL_DLG,SL_dorsal_lateral_geniculate,93.35937500000004,2,1,24,23,0.043478260869565216,0.08695652173913043,True,unassessed
936,ARM6_229_L,4,zero_unassigned,0.0,,,,458,19,24,23,0.8260869565217391,19.91304347826087,True,unassessed
936,ARM6_229_L,5,mapped,27.0,CL_area_11,CL_area_11,138.23437500000006,2,1,24,23,0.043478260869565216,0.08695652173913043,True,unassessed
936,ARM6_229_L,5,mapped,30.0,CL_area_13,CL_area_13,419.17187500000017,2,1,24,23,0.043478260869565216,0.08695652173913043,True,unassessed
936,ARM6_229_L,5,mapped,49.0,CL_PrCO,CL_precentral_operular_area,95.95312500000004,8,1,24,23,0.043478260869565216,0.34782608695652173,True,unassessed
936,ARM6_229_L,5,mapped,51.0,CL_area_8A,CL_periarcuate_area_8A_(Frontal_Eye_Fields),105.62500000000004,60,1,24,23,0.043478260869565216,2.608695652173913,True,unassessed
936,ARM6_229_L,5,mapped,63.0,CL_area_46d,CL_dorsal_area_46,282.5000000000001,17,1,24,23,0.043478260869565216,0.7391304347826086,True,unassessed
936,ARM6_229_L,5,mapped,66.0,CL_area_46v/f,CL_ventral_and_fundus_portion_of_area_46,316.7187500000001,210,1,24,23,0.043478260869565216,9.130434782608695,True,unassessed
936,ARM6_229_L,5,mapped,69.0,CL_area_12r/l,CL_rostral_and_lateral_area_12,149.23437500000006,20,2,24,23,0.08695652173913043,0.8695652173913043,True,unassessed
936,ARM6_229_L,5,mapped,73.0,CL_area_45,CL_area_45,165.54687500000009,68,3,24,23,0.13043478260869565,2.9565217391304346,True,unassessed
936,ARM6_229_L,5,mapped,76.0,CL_area_44,CL_area_44,49.35937500000002,46,2,24,23,0.08695652173913043,2.0,True,unassessed
936,ARM6_229_L,5,mapped,84.0,CL_PMv,CL_ventral_premotor_cortex,700.6093750000003,22,2,24,23,0.08695652173913043,0.9565217391304348,True,unassessed
936,ARM6_229_L,5,mapped,94.0,CL_areas_1-2,CL_areas_1-2,655.2968750000003,2,1,24,23,0.043478260869565216,0.08695652173913043,True,unassessed
936,ARM6_229_L,5,mapped,95.0,CL_SII,CL_secondary_somatosensory_cortex,285.3125000000001,64,6,24,23,0.2608695652173913,2.782608695652174,True,unassessed
936,ARM6_229_L,5,mapped,103.0,CL_area_5d,CL_dorsal_area_5,252.4843750000001,21,1,24,23,0.043478260869565216,0.9130434782608695,True,unassessed
936,ARM6_229_L,5,mapped,106.0,CL_PEa,CL_area_PEa,194.45312500000009,7,1,24,23,0.043478260869565216,0.30434782608695654,True,unassessed
936,ARM6_229_L,5,mapped,119.0,CL_MST,CL_medial_superior_temporal_area,150.20312500000006,44,1,24,23,0.043478260869565216,1.9130434782608696,True,unassessed
936,ARM6_229_L,5,mapped,121.0,CL_area_7a/b,CL_inferior_parietal_lobule_areas_7a_and_7b,393.17187500000017,35,3,24,23,0.13043478260869565,1.5217391304347827,True,unassessed
936,ARM6_229_L,5,mapped,124.0,CL_area_7op,CL_parietal_operculum,167.64062500000009,91,3,24,23,0.13043478260869565,3.9565217391304346,True,unassessed
936,ARM6_229_L,5,mapped,196.0,CL_TPO,CL_temporal_parietooccipital_associated_area,280.6406250000001,9,1,24,23,0.043478260869565216,0.391304347826087,True,unassessed
936,ARM6_229_L,5,mapped,200.0,CL_Tpt,CL_temporo-parietal_area,97.45312500000004,3,1,24,23,0.043478260869565216,0.13043478260869565,True,unassessed
936,ARM6_229_L,5,mapped,214.0,CL_CM,CL_caudomedial_belt_region,60.00000000000003,1,1,24,23,0.043478260869565216,0.043478260869565216,True,unassessed
936,ARM6_229_L,5,mapped,215.0,CL_RM/RTM,CL_rostral_areas_of_the_medial_belt,67.98437500000003,2,1,24,23,0.043478260869565216,0.08695652173913043,True,unassessed
936,ARM6_229_L,5,mapped,226.0,CL_Pi,CL_parainsula,27.28125000000001,1,1,24,23,0.043478260869565216,0.043478260869565216,True,unassessed
936,ARM6_229_L,5,mapped,227.0,CL_Ins,CL_insula,260.9062500000001,1395,23,24,23,1.0,60.65217391304348,True,unassessed
936,ARM6_229_L,5,mapped,1004.0,SL_Cl,SL_claustrum,255.1562500000001,18,9,24,23,0.391304347826087,0.782608695652174,True,unassessed
936,ARM6_229_L,5,mapped,1031.0,SL_La,SL_lateral_amygdaloid_nucleus,40.82812500000002,1,1,24,23,0.043478260869565216,0.043478260869565216,True,unassessed
936,ARM6_229_L,5,mapped,1035.0,SL_BL,SL_basolateral_amygdaloid_nucleus,47.54687500000002,1,1,24,23,0.043478260869565216,0.043478260869565216,True,unassessed
936,ARM6_229_L,5,mapped,1042.0,SL_Ce,SL_central_amygdaloid_nucleus,13.843750000000005,6,1,24,23,0.043478260869565216,0.2608695652173913,True,unassessed
936,ARM6_229_L,5,mapped,1049.0,SL_STIA,SL_intraamygdaloid_stria_terminalis,15.593750000000007,9,2,24,23,0.08695652173913043,0.391304347826087,True,unassessed
936,ARM6_229_L,5,mapped,1053.0,SL_Cd,SL_caudate,649.5625000000003,18,2,24,23,0.08695652173913043,0.782608695652174,True,unassessed
936,ARM6_229_L,5,mapped,1056.0,SL_Pu,SL_putamen,895.1093750000003,335,7,24,23,0.30434782608695654,14.565217391304348,True,unassessed
936,ARM6_229_L,5,mapped,1057.0,SL_ASt,SL_amygdalostriatal_transition,33.812500000000014,9,3,24,23,0.13043478260869565,0.391304347826087,True,unassessed
936,ARM6_229_L,5,mapped,1060.0,SL_Acb,SL_accumbens,94.96875000000004,2,1,24,23,0.043478260869565216,0.08695652173913043,True,unassessed
936,ARM6_229_L,5,mapped,1063.0,SL_GP,SL_globus_pallidus,239.7656250000001,1,1,24,23,0.043478260869565216,0.043478260869565216,True,unassessed
936,ARM6_229_L,5,mapped,1112.0,SL_ZI-H,SL_zona_incerta_and_lenticular_fascicles,37.375000000000014,2,1,24,23,0.043478260869565216,0.08695652173913043,True,unassessed
936,ARM6_229_L,5,mapped,1152.0,SL_APul,SL_anterior_pulvinar,49.37500000000002,45,1,24,23,0.043478260869565216,1.9565217391304348,True,unassessed
936,ARM6_229_L,5,mapped,1158.0,SL_DLG,SL_dorsal_lateral_geniculate,93.35937500000004,2,1,24,23,0.043478260869565216,0.08695652173913043,True,unassessed
936,ARM6_229_L,5,zero_unassigned,0.0,,,,458,19,24,23,0.8260869565217391,19.91304347826087,True,unassessed
936,ARM6_229_L,6,mapped,29.0,CL_area_11l,CL_lateral_area_11,72.23437500000003,2,1,24,23,0.043478260869565216,0.08695652173913043,True,unassessed
936,ARM6_229_L,6,mapped,32.0,CL_area_13m,CL_medial_area_13,174.45312500000009,2,1,24,23,0.043478260869565216,0.08695652173913043,True,unassessed
936,ARM6_229_L,6,mapped,49.0,CL_PrCO,CL_precentral_operular_area,95.95312500000004,8,1,24,23,0.043478260869565216,0.34782608695652173,True,unassessed
936,ARM6_229_L,6,mapped,52.0,CL_area_8Ad,CL_dorsal_periarcuate_area_8A,75.26562500000003,60,1,24,23,0.043478260869565216,2.608695652173913,True,unassessed
936,ARM6_229_L,6,mapped,63.0,CL_area_46d,CL_dorsal_area_46,282.5000000000001,17,1,24,23,0.043478260869565216,0.7391304347826086,True,unassessed
936,ARM6_229_L,6,mapped,68.0,CL_area_46v,CL_ventral_area_46,244.9218750000001,210,1,24,23,0.043478260869565216,9.130434782608695,True,unassessed
936,ARM6_229_L,6,mapped,70.0,CL_area_12l,CL_lateral_area_12,61.20312500000003,20,2,24,23,0.08695652173913043,0.8695652173913043,True,unassessed
936,ARM6_229_L,6,mapped,74.0,CL_area_45a,CL_area_45a,90.45312500000004,58,2,24,23,0.08695652173913043,2.5217391304347827,True,unassessed
936,ARM6_229_L,6,mapped,75.0,CL_area_45b,CL_area_45b,75.09375000000003,10,2,24,23,0.08695652173913043,0.43478260869565216,True,unassessed
936,ARM6_229_L,6,mapped,76.0,CL_area_44,CL_area_44,49.35937500000002,46,2,24,23,0.08695652173913043,2.0,True,unassessed
936,ARM6_229_L,6,mapped,86.0,CL_F5,CL_area_F5_of_ventral_premotor_cortex,434.01562500000017,22,2,24,23,0.08695652173913043,0.9565217391304348,True,unassessed
936,ARM6_229_L,6,mapped,94.0,CL_areas_1-2,CL_areas_1-2,655.2968750000003,2,1,24,23,0.043478260869565216,0.08695652173913043,True,unassessed
936,ARM6_229_L,6,mapped,95.0,CL_SII,CL_secondary_somatosensory_cortex,285.3125000000001,64,6,24,23,0.2608695652173913,2.782608695652174,True,unassessed
936,ARM6_229_L,6,mapped,105.0,CL_PE,CL_area_PE,102.78125000000004,21,1,24,23,0.043478260869565216,0.9130434782608695,True,unassessed
936,ARM6_229_L,6,mapped,106.0,CL_PEa,CL_area_PEa,194.45312500000009,7,1,24,23,0.043478260869565216,0.30434782608695654,True,unassessed
936,ARM6_229_L,6,mapped,119.0,CL_MST,CL_medial_superior_temporal_area,150.20312500000006,44,1,24,23,0.043478260869565216,1.9130434782608696,True,unassessed
936,ARM6_229_L,6,mapped,122.0,CL_area_7a,CL_caudal_inferior_parietal_lobule_area_7a_(Opt/PG),295.5781250000001,2,1,24,23,0.043478260869565216,0.08695652173913043,True,unassessed
936,ARM6_229_L,6,mapped,123.0,CL_area_7b,CL_rostral_inferior_parietal_lobule_area_7b_(PFG/PF),97.59375000000004,33,3,24,23,0.13043478260869565,1.434782608695652,True,unassessed
936,ARM6_229_L,6,mapped,124.0,CL_area_7op,CL_parietal_operculum,167.64062500000009,91,3,24,23,0.13043478260869565,3.9565217391304346,True,unassessed
936,ARM6_229_L,6,mapped,196.0,CL_TPO,CL_temporal_parietooccipital_associated_area,280.6406250000001,9,1,24,23,0.043478260869565216,0.391304347826087,True,unassessed
936,ARM6_229_L,6,mapped,200.0,CL_Tpt,CL_temporo-parietal_area,97.45312500000004,3,1,24,23,0.043478260869565216,0.13043478260869565,True,unassessed
936,ARM6_229_L,6,mapped,214.0,CL_CM,CL_caudomedial_belt_region,60.00000000000003,1,1,24,23,0.043478260869565216,0.043478260869565216,True,unassessed
936,ARM6_229_L,6,mapped,216.0,CL_RM,CL_rostromedial_belt_region,47.87500000000002,2,1,24,23,0.043478260869565216,0.08695652173913043,True,unassessed
936,ARM6_229_L,6,mapped,226.0,CL_Pi,CL_parainsula,27.28125000000001,1,1,24,23,0.043478260869565216,0.043478260869565216,True,unassessed
936,ARM6_229_L,6,mapped,228.0,CL_Ia/Id,CL_agranular_and_dysgranular_insula,164.56250000000009,277,14,24,23,0.6086956521739131,12.043478260869565,True,unassessed
936,ARM6_229_L,6,mapped,229.0,CL_Ig,CL_granular_insula,96.34375000000004,1118,22,24,23,0.9565217391304348,48.608695652173914,True,unassessed
936,ARM6_229_L,6,mapped,1004.0,SL_Cl,SL_claustrum,255.1562500000001,18,9,24,23,0.391304347826087,0.782608695652174,True,unassessed
936,ARM6_229_L,6,mapped,1032.0,SL_LaD,SL_lateral_dorsal_amygdaloid_nucleus,22.29687500000001,1,1,24,23,0.043478260869565216,0.043478260869565216,True,unassessed
936,ARM6_229_L,6,mapped,1036.0,SL_BLD,SL_basolateral_dorsal_amygdaloid_nucleus,14.546875000000007,1,1,24,23,0.043478260869565216,0.043478260869565216,True,unassessed
936,ARM6_229_L,6,mapped,1042.0,SL_Ce,SL_central_amygdaloid_nucleus,13.843750000000005,6,1,24,23,0.043478260869565216,0.2608695652173913,True,unassessed
936,ARM6_229_L,6,mapped,1049.0,SL_STIA,SL_intraamygdaloid_stria_terminalis,15.593750000000007,9,2,24,23,0.08695652173913043,0.391304347826087,True,unassessed
936,ARM6_229_L,6,mapped,1054.0,SL_CdH,SL_caudate_head,566.5156250000002,1,1,24,23,0.043478260869565216,0.043478260869565216,True,unassessed
936,ARM6_229_L,6,mapped,1055.0,SL_CdT,SL_caudate_tail,83.04687500000004,17,2,24,23,0.08695652173913043,0.7391304347826086,True,unassessed
936,ARM6_229_L,6,mapped,1056.0,SL_Pu,SL_putamen,895.1093750000003,335,7,24,23,0.30434782608695654,14.565217391304348,True,unassessed
936,ARM6_229_L,6,mapped,1057.0,SL_ASt,SL_amygdalostriatal_transition,33.812500000000014,9,3,24,23,0.13043478260869565,0.391304347826087,True,unassessed
936,ARM6_229_L,6,mapped,1060.0,SL_Acb,SL_accumbens,94.96875000000004,2,1,24,23,0.043478260869565216,0.08695652173913043,True,unassessed
936,ARM6_229_L,6,mapped,1064.0,SL_EGP,SL_external_globus_pallidus,150.71875000000006,1,1,24,23,0.043478260869565216,0.043478260869565216,True,unassessed
936,ARM6_229_L,6,mapped,1112.0,SL_ZI-H,SL_zona_incerta_and_lenticular_fascicles,37.375000000000014,2,1,24,23,0.043478260869565216,0.08695652173913043,True,unassessed
936,ARM6_229_L,6,mapped,1152.0,SL_APul,SL_anterior_pulvinar,49.37500000000002,45,1,24,23,0.043478260869565216,1.9565217391304348,True,unassessed
936,ARM6_229_L,6,mapped,1158.0,SL_DLG,SL_dorsal_lateral_geniculate,93.35937500000004,2,1,24,23,0.043478260869565216,0.08695652173913043,True,unassessed
936,ARM6_229_L,6,zero_unassigned,0.0,,,,458,19,24,23,0.8260869565217391,19.91304347826087,True,unassessed
936,ARM6_41_L,1,mapped,1.0,CL_Frontal,CL_Frontal_Lobe,6154.890625000003,686,11,11,11,1.0,62.36363636363637,True,unassessed
936,ARM6_41_L,1,mapped,90.0,CL_Parietal,CL_Parietal_Lobe,3774.453125000002,7,1,11,11,0.09090909090909091,0.6363636363636364,True,unassessed
936,ARM6_41_L,1,mapped,138.0,CL_Temporal,CL_Temporal_Lobe,4285.390625000002,157,5,11,11,0.45454545454545453,14.272727272727273,True,unassessed
936,ARM6_41_L,1,mapped,1001.0,SL_tel,SL_telencephalon,3805.562500000002,453,10,11,11,0.9090909090909091,41.18181818181818,True,unassessed
936,ARM6_41_L,1,zero_unassigned,0.0,,,,183,10,11,11,0.9090909090909091,16.636363636363637,True,unassessed
936,ARM6_41_L,2,mapped,2.0,CL_ACgG,CL_anterior_cingulate_gyrus,602.7656250000002,30,1,11,11,0.09090909090909091,2.727272727272727,True,unassessed
936,ARM6_41_L,2,mapped,16.0,CL_OFC,CL_orbital_frontal_cortex,1344.9218750000007,656,11,11,11,1.0,59.63636363636363,True,unassessed
936,ARM6_41_L,2,mapped,91.0,CL_SI/SII,CL_somatosensory_cortex,1186.0000000000005,7,1,11,11,0.09090909090909091,0.6363636363636364,True,unassessed
936,ARM6_41_L,2,mapped,139.0,CL_MTL,CL_medial_temporal_lobe,423.42187500000017,61,3,11,11,0.2727272727272727,5.545454545454546,True,unassessed
936,ARM6_41_L,2,mapped,165.0,CL_TG,CL_temporal_pole,315.5156250000001,42,3,11,11,0.2727272727272727,3.8181818181818183,True,unassessed
936,ARM6_41_L,2,mapped,175.0,CL_ITC,CL_inferior_temporal_cortex,1884.890625000001,22,1,11,11,0.09090909090909091,2.0,True,unassessed
936,ARM6_41_L,2,mapped,193.0,CL_STG/STSd,CL_superior_temporal_region,854.1250000000003,1,1,11,11,0.09090909090909091,0.09090909090909091,True,unassessed
936,ARM6_41_L,2,mapped,204.0,CL_core/belt,CL_core_and_belt_areas_of_auditory_cortex,504.1406250000002,1,1,11,11,0.09090909090909091,0.09090909090909091,True,unassessed
936,ARM6_41_L,2,mapped,224.0,CL_floor_of_ls,CL_floor_of_the_lateral_sulcus,303.2968750000001,30,2,11,11,0.18181818181818182,2.727272727272727,True,unassessed
936,ARM6_41_L,2,mapped,1002.0,SL_LVPal,SL_lateral_and_ventral_pallium,309.6718750000001,37,7,11,11,0.6363636363636364,3.3636363636363638,True,unassessed
936,ARM6_41_L,2,mapped,1024.0,SL_Amy,SL_amygdala,302.0000000000001,65,3,11,11,0.2727272727272727,5.909090909090909,True,unassessed
936,ARM6_41_L,2,mapped,1050.0,SL_BG,SL_basal_ganglia,2261.015625000001,344,6,11,11,0.5454545454545454,31.272727272727273,True,unassessed
936,ARM6_41_L,2,mapped,1069.0,SL_DSP,SL_diagonal_subpallium,182.70312500000009,7,2,11,11,0.18181818181818182,0.6363636363636364,True,unassessed
936,ARM6_41_L,2,zero_unassigned,0.0,,,,183,10,11,11,0.9090909090909091,16.636363636363637,True,unassessed
936,ARM6_41_L,3,mapped,3.0,CL_ACC,CL_anterior_cingulate_cortex,414.39062500000017,30,1,11,11,0.09090909090909091,2.727272727272727,True,unassessed
936,ARM6_41_L,3,mapped,17.0,CL_med_OFC,CL_medial_orbital_frontal_cortex,305.6093750000001,33,1,11,11,0.09090909090909091,3.0,True,unassessed
936,ARM6_41_L,3,mapped,25.0,CL_lat_OFC,CL_lateral_orbital_frontal_cortex,708.1406250000003,122,8,11,11,0.7272727272727273,11.090909090909092,True,unassessed
936,ARM6_41_L,3,mapped,37.0,CL_caudal_OFC,CL_caudal_orbital_frontal_cortex,331.17187500000017,501,11,11,11,1.0,45.54545454545455,True,unassessed
936,ARM6_41_L,3,mapped,95.0,CL_SII,CL_secondary_somatosensory_cortex,285.3125000000001,7,1,11,11,0.09090909090909091,0.6363636363636364,True,unassessed
936,ARM6_41_L,3,mapped,153.0,CL_Rh,CL_rhinal_cortex,280.2343750000001,61,3,11,11,0.2727272727272727,5.545454545454546,True,unassessed
936,ARM6_41_L,3,mapped,165.0,CL_TG,CL_temporal_pole,315.5156250000001,42,3,11,11,0.2727272727272727,3.8181818181818183,True,unassessed
936,ARM6_41_L,3,mapped,177.0,CL_TE,CL_area_TE,1175.3906250000005,3,1,11,11,0.09090909090909091,0.2727272727272727,True,unassessed
936,ARM6_41_L,3,mapped,188.0,CL_STSf,CL_fundus_of_the_superior_temporal_sulcus,425.15625000000017,19,1,11,11,0.09090909090909091,1.7272727272727273,True,unassessed
936,ARM6_41_L,3,mapped,194.0,CL_STGr/STSd,CL_rostral_superior_temporal_region,593.8125000000002,1,1,11,11,0.09090909090909091,0.09090909090909091,True,unassessed
936,ARM6_41_L,3,mapped,205.0,CL_belt,CL_belt_areas_of_auditory_cortex,316.8750000000001,1,1,11,11,0.09090909090909091,0.09090909090909091,True,unassessed
936,ARM6_41_L,3,mapped,224.0,CL_floor_of_ls,CL_floor_of_the_lateral_sulcus,303.2968750000001,30,2,11,11,0.18181818181818182,2.727272727272727,True,unassessed
936,ARM6_41_L,3,mapped,1003.0,SL_LPal,SL_lateral_pallium,255.1562500000001,30,7,11,11,0.6363636363636364,2.727272727272727,True,unassessed
936,ARM6_41_L,3,mapped,1005.0,SL_VPal,SL_ventral_pallium,54.51562500000002,7,2,11,11,0.18181818181818182,0.6363636363636364,True,unassessed
936,ARM6_41_L,3,mapped,1025.0,SL_pAmy,SL_pallial_amygdala,217.79687500000009,16,1,11,11,0.09090909090909091,1.4545454545454546,True,unassessed
936,ARM6_41_L,3,mapped,1040.0,SL_spAmy,SL_subpallial_amygdala,84.20312500000004,49,3,11,11,0.2727272727272727,4.454545454545454,True,unassessed
936,ARM6_41_L,3,mapped,1051.0,SL_Str,SL_striatum,1922.421875000001,311,6,11,11,0.5454545454545454,28.272727272727273,True,unassessed
936,ARM6_41_L,3,mapped,1062.0,SL_Pd,SL_pallidum,338.59375000000017,33,3,11,11,0.2727272727272727,3.0,True,unassessed
936,ARM6_41_L,3,mapped,1069.0,SL_DSP,SL_diagonal_subpallium,182.70312500000009,7,2,11,11,0.18181818181818182,0.6363636363636364,True,unassessed
936,ARM6_41_L,3,zero_unassigned,0.0,,,,183,10,11,11,0.9090909090909091,16.636363636363637,True,unassessed
936,ARM6_41_L,4,mapped,5.0,CL_area_25,CL_subgenual_cortex,32.890625000000014,30,1,11,11,0.09090909090909091,2.727272727272727,True,unassessed
936,ARM6_41_L,4,mapped,18.0,CL_area_10,CL_frontal_pole,235.2968750000001,7,1,11,11,0.09090909090909091,0.6363636363636364,True,unassessed
936,ARM6_41_L,4,mapped,22.0,CL_area_14,CL_gyrus_rectus,70.31250000000003,26,1,11,11,0.09090909090909091,2.3636363636363638,True,unassessed
936,ARM6_41_L,4,mapped,26.0,CL_areas_11/13,CL_areas_11_and_13,557.4062500000002,83,6,11,11,0.5454545454545454,7.545454545454546,True,unassessed
936,ARM6_41_L,4,mapped,34.0,CL_area_12m/o,CL_medial_and_orbital_area_12,150.73437500000006,39,3,11,11,0.2727272727272727,3.5454545454545454,True,unassessed
936,ARM6_41_L,4,mapped,38.0,CL_OFa-p,CL_agranular_orbitofrontal_cortex,169.45312500000009,487,11,11,11,1.0,44.27272727272727,True,unassessed
936,ARM6_41_L,4,mapped,47.0,CL_cl_OFC,CL_caudolateral_orbitofrontal_cortex,136.07812500000006,14,2,11,11,0.18181818181818182,1.2727272727272727,True,unassessed
936,ARM6_41_L,4,mapped,95.0,CL_SII,CL_secondary_somatosensory_cortex,285.3125000000001,7,1,11,11,0.09090909090909091,0.6363636363636364,True,unassessed
936,ARM6_41_L,4,mapped,154.0,CL_ERh,CL_entorhinal_cortex,130.48437500000006,21,3,11,11,0.2727272727272727,1.9090909090909092,True,unassessed
936,ARM6_41_L,4,mapped,160.0,CL_PRh,CL_perirhinal_cortex,149.75000000000006,40,2,11,11,0.18181818181818182,3.6363636363636362,True,unassessed
936,ARM6_41_L,4,mapped,166.0,CL_TGa,CL_agranular_temporal_pole,76.29687500000003,5,2,11,11,0.18181818181818182,0.45454545454545453,True,unassessed
936,ARM6_41_L,4,mapped,167.0,CL_TGg/TGd,CL_granular_and_dysgranular_temporal_pole,239.2187500000001,37,2,11,11,0.18181818181818182,3.3636363636363638,True,unassessed
936,ARM6_41_L,4,mapped,178.0,CL_gyral_TE,CL_gyral_aspect_of_area_TE,874.3125000000003,2,1,11,11,0.09090909090909091,0.18181818181818182,True,unassessed
936,ARM6_41_L,4,mapped,185.0,CL_TE_in_STSv,CL_area_TE_in_the_ventral_STS,301.0781250000001,1,1,11,11,0.09090909090909091,0.09090909090909091,True,unassessed
936,ARM6_41_L,4,mapped,188.0,CL_STSf,CL_fundus_of_the_superior_temporal_sulcus,425.15625000000017,19,1,11,11,0.09090909090909091,1.7272727272727273,True,unassessed
936,ARM6_41_L,4,mapped,195.0,CL_STSd,CL_dorsal_bank_of_the_superior_temporal_sulcus,451.8750000000002,1,1,11,11,0.09090909090909091,0.09090909090909091,True,unassessed
936,ARM6_41_L,4,mapped,213.0,CL_med_belt,CL_medial_belt_areas,127.98437500000006,1,1,11,11,0.09090909090909091,0.09090909090909091,True,unassessed
936,ARM6_41_L,4,mapped,225.0,CL_Ins/Pi,CL_insula_and_parainsula,288.1875000000001,30,2,11,11,0.18181818181818182,2.727272727272727,True,unassessed
936,ARM6_41_L,4,mapped,1004.0,SL_Cl,SL_claustrum,255.1562500000001,30,7,11,11,0.6363636363636364,2.727272727272727,True,unassessed
936,ARM6_41_L,4,mapped,1006.0,SL_En,SL_endopiriform_claustrum,23.71875000000001,6,1,11,11,0.09090909090909091,0.5454545454545454,True,unassessed
936,ARM6_41_L,4,mapped,1009.0,SL_Pir,SL_piriform_cortex,30.796875000000014,1,1,11,11,0.09090909090909091,0.09090909090909091,True,unassessed
936,ARM6_41_L,4,mapped,1030.0,SL_lpAmy,SL_lateropallial_amygdala,129.98437500000006,16,1,11,11,0.09090909090909091,1.4545454545454546,True,unassessed
936,ARM6_41_L,4,mapped,1041.0,SL_stAmy,SL_striatal_amygdala,13.843750000000005,16,1,11,11,0.09090909090909091,1.4545454545454546,True,unassessed
936,ARM6_41_L,4,mapped,1043.0,SL_mAmy,SL_medial_amygdala,40.71875000000002,9,3,11,11,0.2727272727272727,0.8181818181818182,True,unassessed
936,ARM6_41_L,4,mapped,1046.0,SL_pdAmy,SL_pallidal_amygdala,29.640625000000014,24,1,11,11,0.09090909090909091,2.1818181818181817,True,unassessed
936,ARM6_41_L,4,mapped,1052.0,SL_DStr,SL_dorsal_striatum,1809.218750000001,253,5,11,11,0.45454545454545453,23.0,True,unassessed
936,ARM6_41_L,4,mapped,1059.0,SL_VStr,SL_ventral_striatum,113.20312500000006,58,4,11,11,0.36363636363636365,5.2727272727272725,True,unassessed
936,ARM6_41_L,4,mapped,1062.0,SL_Pd,SL_pallidum,338.59375000000017,33,3,11,11,0.2727272727272727,3.0,True,unassessed
936,ARM6_41_L,4,mapped,1073.0,SL_ST,SL_bed_nucleus_of_the_stria_terminalis,42.00000000000002,1,1,11,11,0.09090909090909091,0.09090909090909091,True,unassessed
936,ARM6_41_L,4,mapped,1074.0,SL_SDBR,SL_septum_diagonal_band_complex,102.70312500000004,6,2,11,11,0.18181818181818182,0.5454545454545454,True,unassessed
936,ARM6_41_L,4,zero_unassigned,0.0,,,,183,10,11,11,0.9090909090909091,16.636363636363637,True,unassessed
936,ARM6_41_L,5,mapped,5.0,CL_area_25,CL_subgenual_cortex,32.890625000000014,30,1,11,11,0.09090909090909091,2.727272727272727,True,unassessed
936,ARM6_41_L,5,mapped,18.0,CL_area_10,CL_frontal_pole,235.2968750000001,7,1,11,11,0.09090909090909091,0.6363636363636364,True,unassessed
936,ARM6_41_L,5,mapped,22.0,CL_area_14,CL_gyrus_rectus,70.31250000000003,26,1,11,11,0.09090909090909091,2.3636363636363638,True,unassessed
936,ARM6_41_L,5,mapped,30.0,CL_area_13,CL_area_13,419.17187500000017,83,6,11,11,0.5454545454545454,7.545454545454546,True,unassessed
936,ARM6_41_L,5,mapped,34.0,CL_area_12m/o,CL_medial_and_orbital_area_12,150.73437500000006,39,3,11,11,0.2727272727272727,3.5454545454545454,True,unassessed
936,ARM6_41_L,5,mapped,39.0,CL_Iam/Iapm,CL_medial_agranular_insular_region,24.17187500000001,45,7,11,11,0.6363636363636364,4.090909090909091,True,unassessed
936,ARM6_41_L,5,mapped,40.0,CL_lat_Ia,CL_lateral_agranular_insular_region,145.28125000000006,442,11,11,11,1.0,40.18181818181818,True,unassessed
936,ARM6_41_L,5,mapped,48.0,CL_G,CL_gustatory_cortex,40.12500000000002,1,1,11,11,0.09090909090909091,0.09090909090909091,True,unassessed
936,ARM6_41_L,5,mapped,49.0,CL_PrCO,CL_precentral_operular_area,95.95312500000004,13,1,11,11,0.09090909090909091,1.1818181818181819,True,unassessed
936,ARM6_41_L,5,mapped,95.0,CL_SII,CL_secondary_somatosensory_cortex,285.3125000000001,7,1,11,11,0.09090909090909091,0.6363636363636364,True,unassessed
936,ARM6_41_L,5,mapped,158.0,CL_mid_ERh,CL_middle_entorhinal_cortex,31.984375000000014,5,2,11,11,0.18181818181818182,0.45454545454545453,True,unassessed
936,ARM6_41_L,5,mapped,159.0,CL_rostral_ERh,CL_rostral_entorhinal_cortex,47.82812500000002,16,3,11,11,0.2727272727272727,1.4545454545454546,True,unassessed
936,ARM6_41_L,5,mapped,161.0,CL_area_35,CL_area_35,34.593750000000014,15,2,11,11,0.18181818181818182,1.3636363636363635,True,unassessed
936,ARM6_41_L,5,mapped,162.0,CL_area_36,CL_area_36,115.15625000000006,25,1,11,11,0.09090909090909091,2.272727272727273,True,unassessed
936,ARM6_41_L,5,mapped,166.0,CL_TGa,CL_agranular_temporal_pole,76.29687500000003,5,2,11,11,0.18181818181818182,0.45454545454545453,True,unassessed
936,ARM6_41_L,5,mapped,168.0,CL_TGd,CL_dysgranular_temporal_pole,91.85937500000004,1,1,11,11,0.09090909090909091,0.09090909090909091,True,unassessed
936,ARM6_41_L,5,mapped,171.0,CL_TGg,CL_granular_temporal_pole,147.35937500000006,36,1,11,11,0.09090909090909091,3.272727272727273,True,unassessed
936,ARM6_41_L,5,mapped,182.0,CL_ant_TE,CL_anterior_area_TE,419.42187500000017,2,1,11,11,0.09090909090909091,0.18181818181818182,True,unassessed
936,ARM6_41_L,5,mapped,185.0,CL_TE_in_STSv,CL_area_TE_in_the_ventral_STS,301.0781250000001,1,1,11,11,0.09090909090909091,0.09090909090909091,True,unassessed
936,ARM6_41_L,5,mapped,189.0,CL_ant_STSf,CL_anterior_fundus_of_the_superior_temporal_sulcus,332.81250000000017,19,1,11,11,0.09090909090909091,1.7272727272727273,True,unassessed
936,ARM6_41_L,5,mapped,196.0,CL_TPO,CL_temporal_parietooccipital_associated_area,280.6406250000001,1,1,11,11,0.09090909090909091,0.09090909090909091,True,unassessed
936,ARM6_41_L,5,mapped,215.0,CL_RM/RTM,CL_rostral_areas_of_the_medial_belt,67.98437500000003,1,1,11,11,0.09090909090909091,0.09090909090909091,True,unassessed
936,ARM6_41_L,5,mapped,226.0,CL_Pi,CL_parainsula,27.28125000000001,7,1,11,11,0.09090909090909091,0.6363636363636364,True,unassessed
936,ARM6_41_L,5,mapped,227.0,CL_Ins,CL_insula,260.9062500000001,23,1,11,11,0.09090909090909091,2.090909090909091,True,unassessed
936,ARM6_41_L,5,mapped,1004.0,SL_Cl,SL_claustrum,255.1562500000001,30,7,11,11,0.6363636363636364,2.727272727272727,True,unassessed
936,ARM6_41_L,5,mapped,1007.0,SL_DEn,SL_dorsal_endopiriform_claustrum,14.203125000000007,1,1,11,11,0.09090909090909091,0.09090909090909091,True,unassessed
936,ARM6_41_L,5,mapped,1008.0,SL_VEn,SL_ventral_endopiriform_claustrum,9.515625000000004,5,1,11,11,0.09090909090909091,0.45454545454545453,True,unassessed
936,ARM6_41_L,5,mapped,1009.0,SL_Pir,SL_piriform_cortex,30.796875000000014,1,1,11,11,0.09090909090909091,0.09090909090909091,True,unassessed
936,ARM6_41_L,5,mapped,1031.0,SL_La,SL_lateral_amygdaloid_nucleus,40.82812500000002,4,1,11,11,0.09090909090909091,0.36363636363636365,True,unassessed
936,ARM6_41_L,5,mapped,1035.0,SL_BL,SL_basolateral_amygdaloid_nucleus,47.54687500000002,12,1,11,11,0.09090909090909091,1.0909090909090908,True,unassessed
936,ARM6_41_L,5,mapped,1042.0,SL_Ce,SL_central_amygdaloid_nucleus,13.843750000000005,16,1,11,11,0.09090909090909091,1.4545454545454546,True,unassessed
936,ARM6_41_L,5,mapped,1044.0,SL_Me,SL_medial_amygdaloid_nucleus,16.984375000000007,3,1,11,11,0.09090909090909091,0.2727272727272727,True,unassessed
936,ARM6_41_L,5,mapped,1045.0,SL_AA,SL_anterior_amygdaloid_area,23.73437500000001,6,2,11,11,0.18181818181818182,0.5454545454545454,True,unassessed
936,ARM6_41_L,5,mapped,1048.0,SL_IPAC,SL_posterior_interstitial_nucleus,4.906250000000002,4,1,11,11,0.09090909090909091,0.36363636363636365,True,unassessed
936,ARM6_41_L,5,mapped,1049.0,SL_STIA,SL_intraamygdaloid_stria_terminalis,15.593750000000007,20,1,11,11,0.09090909090909091,1.8181818181818181,True,unassessed
936,ARM6_41_L,5,mapped,1053.0,SL_Cd,SL_caudate,649.5625000000003,22,3,11,11,0.2727272727272727,2.0,True,unassessed
936,ARM6_41_L,5,mapped,1056.0,SL_Pu,SL_putamen,895.1093750000003,190,5,11,11,0.45454545454545453,17.272727272727273,True,unassessed
936,ARM6_41_L,5,mapped,1057.0,SL_ASt,SL_amygdalostriatal_transition,33.812500000000014,41,1,11,11,0.09090909090909091,3.727272727272727,True,unassessed
936,ARM6_41_L,5,mapped,1060.0,SL_Acb,SL_accumbens,94.96875000000004,58,4,11,11,0.36363636363636365,5.2727272727272725,True,unassessed
936,ARM6_41_L,5,mapped,1067.0,SL_ac,SL_anterior_commissure,77.82812500000003,33,3,11,11,0.2727272727272727,3.0,True,unassessed
936,ARM6_41_L,5,mapped,1073.0,SL_ST,SL_bed_nucleus_of_the_stria_terminalis,42.00000000000002,1,1,11,11,0.09090909090909091,0.09090909090909091,True,unassessed
936,ARM6_41_L,5,mapped,1076.0,SL_SDB,SL_septum_diagonal_band,91.34375000000004,6,2,11,11,0.18181818181818182,0.5454545454545454,True,unassessed
936,ARM6_41_L,5,zero_unassigned,0.0,,,,183,10,11,11,0.9090909090909091,16.636363636363637,True,unassessed
936,ARM6_41_L,6,mapped,5.0,CL_area_25,CL_subgenual_cortex,32.890625000000014,30,1,11,11,0.09090909090909091,2.727272727272727,True,unassessed
936,ARM6_41_L,6,mapped,20.0,CL_area_10mc,CL_caudal_medial_frontal_pole,81.95312500000004,7,1,11,11,0.09090909090909091,0.6363636363636364,True,unassessed
936,ARM6_41_L,6,mapped,23.0,CL_area_14r,CL_rostral_gyrus_rectus,30.843750000000014,1,1,11,11,0.09090909090909091,0.09090909090909091,True,unassessed
936,ARM6_41_L,6,mapped,24.0,CL_area_14c,CL_caudal_gyrus_rectus,39.468750000000014,25,1,11,11,0.09090909090909091,2.272727272727273,True,unassessed
936,ARM6_41_L,6,mapped,31.0,CL_area_13a/b,CL_areas_13a_and_13b,124.10937500000006,28,1,11,11,0.09090909090909091,2.5454545454545454,True,unassessed
936,ARM6_41_L,6,mapped,32.0,CL_area_13m,CL_medial_area_13,174.45312500000009,16,4,11,11,0.36363636363636365,1.4545454545454546,True,unassessed
936,ARM6_41_L,6,mapped,33.0,CL_area_13l,CL_lateral_area_13,120.60937500000006,39,4,11,11,0.36363636363636365,3.5454545454545454,True,unassessed
936,ARM6_41_L,6,mapped,36.0,CL_area_12o,CL_orbital_area_12,68.65625000000003,39,3,11,11,0.2727272727272727,3.5454545454545454,True,unassessed
936,ARM6_41_L,6,mapped,39.0,CL_Iam/Iapm,CL_medial_agranular_insular_region,24.17187500000001,45,7,11,11,0.6363636363636364,4.090909090909091,True,unassessed
936,ARM6_41_L,6,mapped,41.0,CL_Iai,CL_intermediate_agranular_insula_area,81.48437500000004,388,11,11,11,1.0,35.27272727272727,True,unassessed
936,ARM6_41_L,6,mapped,42.0,CL_Ial,CL_lateral_agranular_insula_area,47.98437500000002,53,7,11,11,0.6363636363636364,4.818181818181818,True,unassessed
936,ARM6_41_L,6,mapped,43.0,CL_Iapl,CL_posterior_lateral_agranular_insula_area,15.812500000000007,1,1,11,11,0.09090909090909091,0.09090909090909091,True,unassessed
936,ARM6_41_L,6,mapped,48.0,CL_G,CL_gustatory_cortex,40.12500000000002,1,1,11,11,0.09090909090909091,0.09090909090909091,True,unassessed
936,ARM6_41_L,6,mapped,49.0,CL_PrCO,CL_precentral_operular_area,95.95312500000004,13,1,11,11,0.09090909090909091,1.1818181818181819,True,unassessed
936,ARM6_41_L,6,mapped,95.0,CL_SII,CL_secondary_somatosensory_cortex,285.3125000000001,7,1,11,11,0.09090909090909091,0.6363636363636364,True,unassessed
936,ARM6_41_L,6,mapped,158.0,CL_mid_ERh,CL_middle_entorhinal_cortex,31.984375000000014,5,2,11,11,0.18181818181818182,0.45454545454545453,True,unassessed
936,ARM6_41_L,6,mapped,159.0,CL_rostral_ERh,CL_rostral_entorhinal_cortex,47.82812500000002,16,3,11,11,0.2727272727272727,1.4545454545454546,True,unassessed
936,ARM6_41_L,6,mapped,161.0,CL_area_35,CL_area_35,34.593750000000014,15,2,11,11,0.18181818181818182,1.3636363636363635,True,unassessed
936,ARM6_41_L,6,mapped,164.0,CL_area_36r/p,CL_rostral_and_polar_area_36,61.18750000000003,25,1,11,11,0.09090909090909091,2.272727272727273,True,unassessed
936,ARM6_41_L,6,mapped,166.0,CL_TGa,CL_agranular_temporal_pole,76.29687500000003,5,2,11,11,0.18181818181818182,0.45454545454545453,True,unassessed
936,ARM6_41_L,6,mapped,170.0,CL_TGvd,CL_ventral_dysgranular_temporal_pole,21.12500000000001,1,1,11,11,0.09090909090909091,0.09090909090909091,True,unassessed
936,ARM6_41_L,6,mapped,173.0,CL_TGvg,CL_ventral_granular_temporal_pole,16.859375000000007,10,1,11,11,0.09090909090909091,0.9090909090909091,True,unassessed
936,ARM6_41_L,6,mapped,174.0,CL_TGsts,CL_sts_part_of_temporal_pole,78.28125000000003,26,1,11,11,0.09090909090909091,2.3636363636363638,True,unassessed
936,ARM6_41_L,6,mapped,183.0,CL_TEav,CL_anterior_ventral_area_TE,255.0781250000001,2,1,11,11,0.09090909090909091,0.18181818181818182,True,unassessed
936,ARM6_41_L,6,mapped,187.0,CL_TEa,CL_area_TEa,88.18750000000004,1,1,11,11,0.09090909090909091,0.09090909090909091,True,unassessed
936,ARM6_41_L,6,mapped,190.0,CL_IPa,CL_area_IPa,200.31250000000009,14,1,11,11,0.09090909090909091,1.2727272727272727,True,unassessed
936,ARM6_41_L,6,mapped,191.0,CL_PGa,CL_area_PGa,132.50000000000006,5,1,11,11,0.09090909090909091,0.45454545454545453,True,unassessed
936,ARM6_41_L,6,mapped,196.0,CL_TPO,CL_temporal_parietooccipital_associated_area,280.6406250000001,1,1,11,11,0.09090909090909091,0.09090909090909091,True,unassessed
936,ARM6_41_L,6,mapped,217.0,CL_RTM,CL_medial_rostrotemporal_belt_region,20.10937500000001,1,1,11,11,0.09090909090909091,0.09090909090909091,True,unassessed
936,ARM6_41_L,6,mapped,226.0,CL_Pi,CL_parainsula,27.28125000000001,7,1,11,11,0.09090909090909091,0.6363636363636364,True,unassessed
936,ARM6_41_L,6,mapped,228.0,CL_Ia/Id,CL_agranular_and_dysgranular_insula,164.56250000000009,22,1,11,11,0.09090909090909091,2.0,True,unassessed
936,ARM6_41_L,6,mapped,229.0,CL_Ig,CL_granular_insula,96.34375000000004,1,1,11,11,0.09090909090909091,0.09090909090909091,True,unassessed
936,ARM6_41_L,6,mapped,1004.0,SL_Cl,SL_claustrum,255.1562500000001,30,7,11,11,0.6363636363636364,2.727272727272727,True,unassessed
936,ARM6_41_L,6,mapped,1007.0,SL_DEn,SL_dorsal_endopiriform_claustrum,14.203125000000007,1,1,11,11,0.09090909090909091,0.09090909090909091,True,unassessed
936,ARM6_41_L,6,mapped,1008.0,SL_VEn,SL_ventral_endopiriform_claustrum,9.515625000000004,5,1,11,11,0.09090909090909091,0.45454545454545453,True,unassessed
936,ARM6_41_L,6,mapped,1009.0,SL_Pir,SL_piriform_cortex,30.796875000000014,1,1,11,11,0.09090909090909091,0.09090909090909091,True,unassessed
936,ARM6_41_L,6,mapped,1032.0,SL_LaD,SL_lateral_dorsal_amygdaloid_nucleus,22.29687500000001,4,1,11,11,0.09090909090909091,0.36363636363636365,True,unassessed
936,ARM6_41_L,6,mapped,1036.0,SL_BLD,SL_basolateral_dorsal_amygdaloid_nucleus,14.546875000000007,8,1,11,11,0.09090909090909091,0.7272727272727273,True,unassessed
936,ARM6_41_L,6,mapped,1037.0,SL_BLI,SL_basolateral_intermediate_amygdaloid_nucleus,13.343750000000005,4,1,11,11,0.09090909090909091,0.36363636363636365,True,unassessed
936,ARM6_41_L,6,mapped,1042.0,SL_Ce,SL_central_amygdaloid_nucleus,13.843750000000005,16,1,11,11,0.09090909090909091,1.4545454545454546,True,unassessed
936,ARM6_41_L,6,mapped,1044.0,SL_Me,SL_medial_amygdaloid_nucleus,16.984375000000007,3,1,11,11,0.09090909090909091,0.2727272727272727,True,unassessed
936,ARM6_41_L,6,mapped,1045.0,SL_AA,SL_anterior_amygdaloid_area,23.73437500000001,6,2,11,11,0.18181818181818182,0.5454545454545454,True,unassessed
936,ARM6_41_L,6,mapped,1048.0,SL_IPAC,SL_posterior_interstitial_nucleus,4.906250000000002,4,1,11,11,0.09090909090909091,0.36363636363636365,True,unassessed
936,ARM6_41_L,6,mapped,1049.0,SL_STIA,SL_intraamygdaloid_stria_terminalis,15.593750000000007,20,1,11,11,0.09090909090909091,1.8181818181818181,True,unassessed
936,ARM6_41_L,6,mapped,1054.0,SL_CdH,SL_caudate_head,566.5156250000002,17,2,11,11,0.18181818181818182,1.5454545454545454,True,unassessed
936,ARM6_41_L,6,mapped,1055.0,SL_CdT,SL_caudate_tail,83.04687500000004,5,1,11,11,0.09090909090909091,0.45454545454545453,True,unassessed
936,ARM6_41_L,6,mapped,1056.0,SL_Pu,SL_putamen,895.1093750000003,190,5,11,11,0.45454545454545453,17.272727272727273,True,unassessed
936,ARM6_41_L,6,mapped,1057.0,SL_ASt,SL_amygdalostriatal_transition,33.812500000000014,41,1,11,11,0.09090909090909091,3.727272727272727,True,unassessed
936,ARM6_41_L,6,mapped,1060.0,SL_Acb,SL_accumbens,94.96875000000004,58,4,11,11,0.36363636363636365,5.2727272727272725,True,unassessed
936,ARM6_41_L,6,mapped,1067.0,SL_ac,SL_anterior_commissure,77.82812500000003,33,3,11,11,0.2727272727272727,3.0,True,unassessed
936,ARM6_41_L,6,mapped,1073.0,SL_ST,SL_bed_nucleus_of_the_stria_terminalis,42.00000000000002,1,1,11,11,0.09090909090909091,0.09090909090909091,True,unassessed
936,ARM6_41_L,6,mapped,1076.0,SL_SDB,SL_septum_diagonal_band,91.34375000000004,6,2,11,11,0.18181818181818182,0.5454545454545454,True,unassessed
936,ARM6_41_L,6,zero_unassigned,0.0,,,,183,10,11,11,0.9090909090909091,16.636363636363637,True,unassessed
936,ARM6_42_L,1,mapped,1.0,CL_Frontal,CL_Frontal_Lobe,6154.890625000003,748,9,12,10,0.9,74.8,True,unassessed
936,ARM6_42_L,1,mapped,138.0,CL_Temporal,CL_Temporal_Lobe,4285.390625000002,107,5,12,10,0.5,10.7,True,unassessed
936,ARM6_42_L,1,mapped,1001.0,SL_tel,SL_telencephalon,3805.562500000002,329,7,12,10,0.7,32.9,True,unassessed
936,ARM6_42_L,1,mapped,1082.0,SL_di,SL_diencephalon,1285.0937500000007,50,2,12,10,0.2,5.0,True,unassessed
936,ARM6_42_L,1,mapped,1169.0,SL_mes,SL_mesencephalon,635.8437500000002,1,1,12,10,0.1,0.1,True,unassessed
936,ARM6_42_L,1,zero_unassigned,0.0,,,,360,7,12,10,0.7,36.0,True,unassessed
936,ARM6_42_L,2,mapped,2.0,CL_ACgG,CL_anterior_cingulate_gyrus,602.7656250000002,98,1,12,10,0.1,9.8,True,unassessed
936,ARM6_42_L,2,mapped,16.0,CL_OFC,CL_orbital_frontal_cortex,1344.9218750000007,621,9,12,10,0.9,62.1,True,unassessed
936,ARM6_42_L,2,mapped,50.0,CL_lat_PFC,CL_lateral_prefrontal_cortex,1665.2031250000007,25,2,12,10,0.2,2.5,True,unassessed
936,ARM6_42_L,2,mapped,77.0,CL_motor,CL_motor_cortex,2542.000000000001,4,2,12,10,0.2,0.4,True,unassessed
936,ARM6_42_L,2,mapped,139.0,CL_MTL,CL_medial_temporal_lobe,423.42187500000017,13,2,12,10,0.2,1.3,True,unassessed
936,ARM6_42_L,2,mapped,165.0,CL_TG,CL_temporal_pole,315.5156250000001,31,5,12,10,0.5,3.1,True,unassessed
936,ARM6_42_L,2,mapped,175.0,CL_ITC,CL_inferior_temporal_cortex,1884.890625000001,23,1,12,10,0.1,2.3,True,unassessed
936,ARM6_42_L,2,mapped,224.0,CL_floor_of_ls,CL_floor_of_the_lateral_sulcus,303.2968750000001,40,3,12,10,0.3,4.0,True,unassessed
936,ARM6_42_L,2,mapped,1002.0,SL_LVPal,SL_lateral_and_ventral_pallium,309.6718750000001,56,4,12,10,0.4,5.6,True,unassessed
936,ARM6_42_L,2,mapped,1010.0,SL_MPal,SL_medial_pallium,575.5000000000002,6,2,12,10,0.2,0.6,True,unassessed
936,ARM6_42_L,2,mapped,1024.0,SL_Amy,SL_amygdala,302.0000000000001,46,5,12,10,0.5,4.6,True,unassessed
936,ARM6_42_L,2,mapped,1050.0,SL_BG,SL_basal_ganglia,2261.015625000001,217,6,12,10,0.6,21.7,True,unassessed
936,ARM6_42_L,2,mapped,1069.0,SL_DSP,SL_diagonal_subpallium,182.70312500000009,4,2,12,10,0.2,0.4,True,unassessed
936,ARM6_42_L,2,mapped,1083.0,SL_Hy,SL_hypothalamus,235.7812500000001,1,1,12,10,0.1,0.1,True,unassessed
936,ARM6_42_L,2,mapped,1113.0,SL_Thal,SL_thalamus,970.0312500000005,49,1,12,10,0.1,4.9,True,unassessed
936,ARM6_42_L,2,mapped,1170.0,SL_Mid,SL_midbrain,635.8437500000002,1,1,12,10,0.1,0.1,True,unassessed
936,ARM6_42_L,2,zero_unassigned,0.0,,,,360,7,12,10,0.7,36.0,True,unassessed
936,ARM6_42_L,3,mapped,3.0,CL_ACC,CL_anterior_cingulate_cortex,414.39062500000017,98,1,12,10,0.1,9.8,True,unassessed
936,ARM6_42_L,3,mapped,17.0,CL_med_OFC,CL_medial_orbital_frontal_cortex,305.6093750000001,5,1,12,10,0.1,0.5,True,unassessed
936,ARM6_42_L,3,mapped,25.0,CL_lat_OFC,CL_lateral_orbital_frontal_cortex,708.1406250000003,75,5,12,10,0.5,7.5,True,unassessed
936,ARM6_42_L,3,mapped,37.0,CL_caudal_OFC,CL_caudal_orbital_frontal_cortex,331.17187500000017,541,9,12,10,0.9,54.1,True,unassessed
936,ARM6_42_L,3,mapped,64.0,CL_vlPFC,CL_ventrolateral_prefrontal_cortex,680.8593750000003,25,2,12,10,0.2,2.5,True,unassessed
936,ARM6_42_L,3,mapped,78.0,CL_M1/PM,CL_lateral_motor_cortex,2230.484375000001,4,2,12,10,0.2,0.4,True,unassessed
936,ARM6_42_L,3,mapped,153.0,CL_Rh,CL_rhinal_cortex,280.2343750000001,13,2,12,10,0.2,1.3,True,unassessed
936,ARM6_42_L,3,mapped,165.0,CL_TG,CL_temporal_pole,315.5156250000001,31,5,12,10,0.5,3.1,True,unassessed
936,ARM6_42_L,3,mapped,177.0,CL_TE,CL_area_TE,1175.3906250000005,8,1,12,10,0.1,0.8,True,unassessed
936,ARM6_42_L,3,mapped,188.0,CL_STSf,CL_fundus_of_the_superior_temporal_sulcus,425.15625000000017,15,1,12,10,0.1,1.5,True,unassessed
936,ARM6_42_L,3,mapped,224.0,CL_floor_of_ls,CL_floor_of_the_lateral_sulcus,303.2968750000001,40,3,12,10,0.3,4.0,True,unassessed
936,ARM6_42_L,3,mapped,1003.0,SL_LPal,SL_lateral_pallium,255.1562500000001,20,3,12,10,0.3,2.0,True,unassessed
936,ARM6_42_L,3,mapped,1005.0,SL_VPal,SL_ventral_pallium,54.51562500000002,36,2,12,10,0.2,3.6,True,unassessed
936,ARM6_42_L,3,mapped,1011.0,SL_HF,SL_hippocampal_formation,532.0937500000002,6,2,12,10,0.2,0.6,True,unassessed
936,ARM6_42_L,3,mapped,1025.0,SL_pAmy,SL_pallial_amygdala,217.79687500000009,32,5,12,10,0.5,3.2,True,unassessed
936,ARM6_42_L,3,mapped,1040.0,SL_spAmy,SL_subpallial_amygdala,84.20312500000004,14,2,12,10,0.2,1.4,True,unassessed
936,ARM6_42_L,3,mapped,1051.0,SL_Str,SL_striatum,1922.421875000001,206,6,12,10,0.6,20.6,True,unassessed
936,ARM6_42_L,3,mapped,1062.0,SL_Pd,SL_pallidum,338.59375000000017,11,1,12,10,0.1,1.1,True,unassessed
936,ARM6_42_L,3,mapped,1069.0,SL_DSP,SL_diagonal_subpallium,182.70312500000009,4,2,12,10,0.2,0.4,True,unassessed
936,ARM6_42_L,3,mapped,1100.0,SL_PHy,SL_posterior_hypothalamus,36.843750000000014,1,1,12,10,0.1,0.1,True,unassessed
936,ARM6_42_L,3,mapped,1127.0,SL_MLThal,SL_midline_thalamus,71.21875000000003,49,1,12,10,0.1,4.9,True,unassessed
936,ARM6_42_L,3,mapped,1180.0,SL_LMid,SL_lateral_midbrain,118.42187500000006,1,1,12,10,0.1,0.1,True,unassessed
936,ARM6_42_L,3,zero_unassigned,0.0,,,,360,7,12,10,0.7,36.0,True,unassessed
936,ARM6_42_L,4,key_level_conflict,45.0,CL_AON/TTv,CL_anterior_olfactory_cortex,,11,4,12,10,0.4,1.1,True,unassessed
936,ARM6_42_L,4,mapped,5.0,CL_area_25,CL_subgenual_cortex,32.890625000000014,1,1,12,10,0.1,0.1,True,unassessed
936,ARM6_42_L,4,mapped,6.0,CL_area_24,CL_area_24,289.8906250000001,97,1,12,10,0.1,9.7,True,unassessed
936,ARM6_42_L,4,mapped,22.0,CL_area_14,CL_gyrus_rectus,70.31250000000003,5,1,12,10,0.1,0.5,True,unassessed
936,ARM6_42_L,4,mapped,26.0,CL_areas_11/13,CL_areas_11_and_13,557.4062500000002,36,4,12,10,0.4,3.6,True,unassessed
936,ARM6_42_L,4,mapped,34.0,CL_area_12m/o,CL_medial_and_orbital_area_12,150.73437500000006,39,4,12,10,0.4,3.9,True,unassessed
936,ARM6_42_L,4,mapped,38.0,CL_OFa-p,CL_agranular_orbitofrontal_cortex,169.45312500000009,504,9,12,10,0.9,50.4,True,unassessed
936,ARM6_42_L,4,mapped,47.0,CL_cl_OFC,CL_caudolateral_orbitofrontal_cortex,136.07812500000006,26,4,12,10,0.4,2.6,True,unassessed
936,ARM6_42_L,4,mapped,65.0,CL_rostral_vlPFC,CL_rostral_ventrolateral_prefrontal_cortex,465.9531250000002,25,2,12,10,0.2,2.5,True,unassessed
936,ARM6_42_L,4,mapped,80.0,CL_PM,CL_premotor_cortex,1468.3593750000007,4,2,12,10,0.2,0.4,True,unassessed
936,ARM6_42_L,4,mapped,154.0,CL_ERh,CL_entorhinal_cortex,130.48437500000006,10,1,12,10,0.1,1.0,True,unassessed
936,ARM6_42_L,4,mapped,160.0,CL_PRh,CL_perirhinal_cortex,149.75000000000006,3,1,12,10,0.1,0.3,True,unassessed
936,ARM6_42_L,4,mapped,166.0,CL_TGa,CL_agranular_temporal_pole,76.29687500000003,11,4,12,10,0.4,1.1,True,unassessed
936,ARM6_42_L,4,mapped,167.0,CL_TGg/TGd,CL_granular_and_dysgranular_temporal_pole,239.2187500000001,20,2,12,10,0.2,2.0,True,unassessed
936,ARM6_42_L,4,mapped,185.0,CL_TE_in_STSv,CL_area_TE_in_the_ventral_STS,301.0781250000001,8,1,12,10,0.1,0.8,True,unassessed
936,ARM6_42_L,4,mapped,188.0,CL_STSf,CL_fundus_of_the_superior_temporal_sulcus,425.15625000000017,15,1,12,10,0.1,1.5,True,unassessed
936,ARM6_42_L,4,mapped,225.0,CL_Ins/Pi,CL_insula_and_parainsula,288.1875000000001,40,3,12,10,0.3,4.0,True,unassessed
936,ARM6_42_L,4,mapped,1004.0,SL_Cl,SL_claustrum,255.1562500000001,20,3,12,10,0.3,2.0,True,unassessed
936,ARM6_42_L,4,mapped,1006.0,SL_En,SL_endopiriform_claustrum,23.71875000000001,11,1,12,10,0.1,1.1,True,unassessed
936,ARM6_42_L,4,mapped,1009.0,SL_Pir,SL_piriform_cortex,30.796875000000014,25,1,12,10,0.1,2.5,True,unassessed
936,ARM6_42_L,4,mapped,1012.0,SL_HFA,SL_hippocampal_formation_anterior,353.15625000000017,6,2,12,10,0.2,0.6,True,unassessed
936,ARM6_42_L,4,mapped,1026.0,SL_vpAmy,SL_ventropallial_amygdala,87.81250000000004,2,1,12,10,0.1,0.2,True,unassessed
936,ARM6_42_L,4,mapped,1030.0,SL_lpAmy,SL_lateropallial_amygdala,129.98437500000006,30,5,12,10,0.5,3.0,True,unassessed
936,ARM6_42_L,4,mapped,1041.0,SL_stAmy,SL_striatal_amygdala,13.843750000000005,4,2,12,10,0.2,0.4,True,unassessed
936,ARM6_42_L,4,mapped,1043.0,SL_mAmy,SL_medial_amygdala,40.71875000000002,3,2,12,10,0.2,0.3,True,unassessed
936,ARM6_42_L,4,mapped,1046.0,SL_pdAmy,SL_pallidal_amygdala,29.640625000000014,7,1,12,10,0.1,0.7,True,unassessed
936,ARM6_42_L,4,mapped,1052.0,SL_DStr,SL_dorsal_striatum,1809.218750000001,87,6,12,10,0.6,8.7,True,unassessed
936,ARM6_42_L,4,mapped,1059.0,SL_VStr,SL_ventral_striatum,113.20312500000006,119,5,12,10,0.5,11.9,True,unassessed
936,ARM6_42_L,4,mapped,1062.0,SL_Pd,SL_pallidum,338.59375000000017,11,1,12,10,0.1,1.1,True,unassessed
936,ARM6_42_L,4,mapped,1074.0,SL_SDBR,SL_septum_diagonal_band_complex,102.70312500000004,4,2,12,10,0.2,0.4,True,unassessed
936,ARM6_42_L,4,mapped,1103.0,SL_VPHy,SL_ventral_posterior_hypothalamus,14.968750000000007,1,1,12,10,0.1,0.1,True,unassessed
936,ARM6_42_L,4,mapped,1127.0,SL_MLThal,SL_midline_thalamus,71.21875000000003,49,1,12,10,0.1,4.9,True,unassessed
936,ARM6_42_L,4,mapped,1189.0,SL_RtMid,SL_midbrain_reticulum,81.48437500000004,1,1,12,10,0.1,0.1,True,unassessed
936,ARM6_42_L,4,zero_unassigned,0.0,,,,360,7,12,10,0.7,36.0,True,unassessed
936,ARM6_42_L,5,key_level_conflict,45.0,CL_AON/TTv,CL_anterior_olfactory_cortex,,11,4,12,10,0.4,1.1,True,unassessed
936,ARM6_42_L,5,mapped,5.0,CL_area_25,CL_subgenual_cortex,32.890625000000014,1,1,12,10,0.1,0.1,True,unassessed
936,ARM6_42_L,5,mapped,7.0,CL_area_24a/b,CL_areas_24a_and_24b,92.98437500000004,65,1,12,10,0.1,6.5,True,unassessed
936,ARM6_42_L,5,mapped,10.0,CL_area_24c,CL_area_24c,196.90625000000009,32,1,12,10,0.1,3.2,True,unassessed
936,ARM6_42_L,5,mapped,22.0,CL_area_14,CL_gyrus_rectus,70.31250000000003,5,1,12,10,0.1,0.5,True,unassessed
936,ARM6_42_L,5,mapped,30.0,CL_area_13,CL_area_13,419.17187500000017,36,4,12,10,0.4,3.6,True,unassessed
936,ARM6_42_L,5,mapped,34.0,CL_area_12m/o,CL_medial_and_orbital_area_12,150.73437500000006,39,4,12,10,0.4,3.9,True,unassessed
936,ARM6_42_L,5,mapped,39.0,CL_Iam/Iapm,CL_medial_agranular_insular_region,24.17187500000001,40,4,12,10,0.4,4.0,True,unassessed
936,ARM6_42_L,5,mapped,40.0,CL_lat_Ia,CL_lateral_agranular_insular_region,145.28125000000006,464,9,12,10,0.9,46.4,True,unassessed
936,ARM6_42_L,5,mapped,49.0,CL_PrCO,CL_precentral_operular_area,95.95312500000004,26,4,12,10,0.4,2.6,True,unassessed
936,ARM6_42_L,5,mapped,69.0,CL_area_12r/l,CL_rostral_and_lateral_area_12,149.23437500000006,25,2,12,10,0.2,2.5,True,unassessed
936,ARM6_42_L,5,mapped,84.0,CL_PMv,CL_ventral_premotor_cortex,700.6093750000003,4,2,12,10,0.2,0.4,True,unassessed
936,ARM6_42_L,5,mapped,158.0,CL_mid_ERh,CL_middle_entorhinal_cortex,31.984375000000014,5,1,12,10,0.1,0.5,True,unassessed
936,ARM6_42_L,5,mapped,159.0,CL_rostral_ERh,CL_rostral_entorhinal_cortex,47.82812500000002,5,1,12,10,0.1,0.5,True,unassessed
936,ARM6_42_L,5,mapped,162.0,CL_area_36,CL_area_36,115.15625000000006,3,1,12,10,0.1,0.3,True,unassessed
936,ARM6_42_L,5,mapped,166.0,CL_TGa,CL_agranular_temporal_pole,76.29687500000003,11,4,12,10,0.4,1.1,True,unassessed
936,ARM6_42_L,5,mapped,168.0,CL_TGd,CL_dysgranular_temporal_pole,91.85937500000004,16,2,12,10,0.2,1.6,True,unassessed
936,ARM6_42_L,5,mapped,171.0,CL_TGg,CL_granular_temporal_pole,147.35937500000006,4,2,12,10,0.2,0.4,True,unassessed
936,ARM6_42_L,5,mapped,185.0,CL_TE_in_STSv,CL_area_TE_in_the_ventral_STS,301.0781250000001,8,1,12,10,0.1,0.8,True,unassessed
936,ARM6_42_L,5,mapped,189.0,CL_ant_STSf,CL_anterior_fundus_of_the_superior_temporal_sulcus,332.81250000000017,15,1,12,10,0.1,1.5,True,unassessed
936,ARM6_42_L,5,mapped,226.0,CL_Pi,CL_parainsula,27.28125000000001,3,1,12,10,0.1,0.3,True,unassessed
936,ARM6_42_L,5,mapped,227.0,CL_Ins,CL_insula,260.9062500000001,37,3,12,10,0.3,3.7,True,unassessed
936,ARM6_42_L,5,mapped,1004.0,SL_Cl,SL_claustrum,255.1562500000001,20,3,12,10,0.3,2.0,True,unassessed
936,ARM6_42_L,5,mapped,1007.0,SL_DEn,SL_dorsal_endopiriform_claustrum,14.203125000000007,7,1,12,10,0.1,0.7,True,unassessed
936,ARM6_42_L,5,mapped,1008.0,SL_VEn,SL_ventral_endopiriform_claustrum,9.515625000000004,4,1,12,10,0.1,0.4,True,unassessed
936,ARM6_42_L,5,mapped,1009.0,SL_Pir,SL_piriform_cortex,30.796875000000014,25,1,12,10,0.1,2.5,True,unassessed
936,ARM6_42_L,5,mapped,1013.0,SL_HiA,SL_hippocampus_anterior,271.8750000000001,6,2,12,10,0.2,0.6,True,unassessed
936,ARM6_42_L,5,mapped,1027.0,SL_BM,SL_basomedial_amygdaloid_nucleus,47.84375000000002,2,1,12,10,0.1,0.2,True,unassessed
936,ARM6_42_L,5,mapped,1034.0,SL_APir,SL_amygdalopiriform_transition_area,27.85937500000001,2,1,12,10,0.1,0.2,True,unassessed
936,ARM6_42_L,5,mapped,1035.0,SL_BL,SL_basolateral_amygdaloid_nucleus,47.54687500000002,24,4,12,10,0.4,2.4,True,unassessed
936,ARM6_42_L,5,mapped,1039.0,SL_PaL,SL_paralaminar_amygdaloid_nucleus,13.750000000000005,4,1,12,10,0.1,0.4,True,unassessed
936,ARM6_42_L,5,mapped,1042.0,SL_Ce,SL_central_amygdaloid_nucleus,13.843750000000005,4,2,12,10,0.2,0.4,True,unassessed
936,ARM6_42_L,5,mapped,1044.0,SL_Me,SL_medial_amygdaloid_nucleus,16.984375000000007,2,2,12,10,0.2,0.2,True,unassessed
936,ARM6_42_L,5,mapped,1045.0,SL_AA,SL_anterior_amygdaloid_area,23.73437500000001,1,1,12,10,0.1,0.1,True,unassessed
936,ARM6_42_L,5,mapped,1049.0,SL_STIA,SL_intraamygdaloid_stria_terminalis,15.593750000000007,7,1,12,10,0.1,0.7,True,unassessed
936,ARM6_42_L,5,mapped,1053.0,SL_Cd,SL_caudate,649.5625000000003,40,3,12,10,0.3,4.0,True,unassessed
936,ARM6_42_L,5,mapped,1056.0,SL_Pu,SL_putamen,895.1093750000003,41,5,12,10,0.5,4.1,True,unassessed
936,ARM6_42_L,5,mapped,1057.0,SL_ASt,SL_amygdalostriatal_transition,33.812500000000014,4,1,12,10,0.1,0.4,True,unassessed
936,ARM6_42_L,5,mapped,1058.0,SL_ic,SL_internal_capsule,230.7343750000001,2,1,12,10,0.1,0.2,True,unassessed
936,ARM6_42_L,5,mapped,1060.0,SL_Acb,SL_accumbens,94.96875000000004,114,4,12,10,0.4,11.4,True,unassessed
936,ARM6_42_L,5,mapped,1061.0,SL_Tu,SL_olfactory_tubercule,18.234375000000007,5,2,12,10,0.2,0.5,True,unassessed
936,ARM6_42_L,5,mapped,1067.0,SL_ac,SL_anterior_commissure,77.82812500000003,9,1,12,10,0.1,0.9,True,unassessed
936,ARM6_42_L,5,mapped,1068.0,SL_VP,SL_ventral_pallidum,21.00000000000001,2,1,12,10,0.1,0.2,True,unassessed
936,ARM6_42_L,5,mapped,1076.0,SL_SDB,SL_septum_diagonal_band,91.34375000000004,4,2,12,10,0.2,0.4,True,unassessed
936,ARM6_42_L,5,mapped,1105.0,SL_MM/RM,SL_mammillary/retromammillary_hypothalamus,13.578125000000005,1,1,12,10,0.1,0.1,True,unassessed
936,ARM6_42_L,5,mapped,1128.0,SL_IMD,SL_intermediodorsal_thalamus,11.781250000000005,48,1,12,10,0.1,4.8,True,unassessed
936,ARM6_42_L,5,mapped,1133.0,SL_CM,SL_central_medial_thalamus,12.453125000000005,1,1,12,10,0.1,0.1,True,unassessed
936,ARM6_42_L,5,mapped,1190.0,SL_mRt,SL_mesencephalic_reticular_formation,78.28125000000003,1,1,12,10,0.1,0.1,True,unassessed
936,ARM6_42_L,5,zero_unassigned,0.0,,,,360,7,12,10,0.7,36.0,True,unassessed
936,ARM6_42_L,6,mapped,5.0,CL_area_25,CL_subgenual_cortex,32.890625000000014,1,1,12,10,0.1,0.1,True,unassessed
936,ARM6_42_L,6,mapped,8.0,CL_area_24a,CL_area_24a,16.890625000000007,15,1,12,10,0.1,1.5,True,unassessed
936,ARM6_42_L,6,mapped,9.0,CL_area_24b,CL_area_24b,76.09375000000003,50,1,12,10,0.1,5.0,True,unassessed
936,ARM6_42_L,6,mapped,10.0,CL_area_24c,CL_area_24c,196.90625000000009,32,1,12,10,0.1,3.2,True,unassessed
936,ARM6_42_L,6,mapped,24.0,CL_area_14c,CL_caudal_gyrus_rectus,39.468750000000014,5,1,12,10,0.1,0.5,True,unassessed
936,ARM6_42_L,6,mapped,32.0,CL_area_13m,CL_medial_area_13,174.45312500000009,15,2,12,10,0.2,1.5,True,unassessed
936,ARM6_42_L,6,mapped,33.0,CL_area_13l,CL_lateral_area_13,120.60937500000006,21,3,12,10,0.3,2.1,True,unassessed
936,ARM6_42_L,6,mapped,36.0,CL_area_12o,CL_orbital_area_12,68.65625000000003,39,4,12,10,0.4,3.9,True,unassessed
936,ARM6_42_L,6,mapped,39.0,CL_Iam/Iapm,CL_medial_agranular_insular_region,24.17187500000001,40,4,12,10,0.4,4.0,True,unassessed
936,ARM6_42_L,6,mapped,41.0,CL_Iai,CL_intermediate_agranular_insula_area,81.48437500000004,169,8,12,10,0.8,16.9,True,unassessed
936,ARM6_42_L,6,mapped,42.0,CL_Ial,CL_lateral_agranular_insula_area,47.98437500000002,292,9,12,10,0.9,29.2,True,unassessed
936,ARM6_42_L,6,mapped,43.0,CL_Iapl,CL_posterior_lateral_agranular_insula_area,15.812500000000007,3,1,12,10,0.1,0.3,True,unassessed
936,ARM6_42_L,6,mapped,45.0,CL_AON/TTv,CL_anterior_olfactory_cortex,25.64062500000001,11,4,12,10,0.4,1.1,True,unassessed
936,ARM6_42_L,6,mapped,49.0,CL_PrCO,CL_precentral_operular_area,95.95312500000004,26,4,12,10,0.4,2.6,True,unassessed
936,ARM6_42_L,6,mapped,70.0,CL_area_12l,CL_lateral_area_12,61.20312500000003,25,2,12,10,0.2,2.5,True,unassessed
936,ARM6_42_L,6,mapped,86.0,CL_F5,CL_area_F5_of_ventral_premotor_cortex,434.01562500000017,4,2,12,10,0.2,0.4,True,unassessed
936,ARM6_42_L,6,mapped,158.0,CL_mid_ERh,CL_middle_entorhinal_cortex,31.984375000000014,5,1,12,10,0.1,0.5,True,unassessed
936,ARM6_42_L,6,mapped,159.0,CL_rostral_ERh,CL_rostral_entorhinal_cortex,47.82812500000002,5,1,12,10,0.1,0.5,True,unassessed
936,ARM6_42_L,6,mapped,164.0,CL_area_36r/p,CL_rostral_and_polar_area_36,61.18750000000003,3,1,12,10,0.1,0.3,True,unassessed
936,ARM6_42_L,6,mapped,166.0,CL_TGa,CL_agranular_temporal_pole,76.29687500000003,11,4,12,10,0.4,1.1,True,unassessed
936,ARM6_42_L,6,mapped,170.0,CL_TGvd,CL_ventral_dysgranular_temporal_pole,21.12500000000001,16,2,12,10,0.2,1.6,True,unassessed
936,ARM6_42_L,6,mapped,173.0,CL_TGvg,CL_ventral_granular_temporal_pole,16.859375000000007,3,2,12,10,0.2,0.3,True,unassessed
936,ARM6_42_L,6,mapped,174.0,CL_TGsts,CL_sts_part_of_temporal_pole,78.28125000000003,1,1,12,10,0.1,0.1,True,unassessed
936,ARM6_42_L,6,mapped,187.0,CL_TEa,CL_area_TEa,88.18750000000004,8,1,12,10,0.1,0.8,True,unassessed
936,ARM6_42_L,6,mapped,190.0,CL_IPa,CL_area_IPa,200.31250000000009,15,1,12,10,0.1,1.5,True,unassessed
936,ARM6_42_L,6,mapped,226.0,CL_Pi,CL_parainsula,27.28125000000001,3,1,12,10,0.1,0.3,True,unassessed
936,ARM6_42_L,6,mapped,228.0,CL_Ia/Id,CL_agranular_and_dysgranular_insula,164.56250000000009,37,3,12,10,0.3,3.7,True,unassessed
936,ARM6_42_L,6,mapped,1004.0,SL_Cl,SL_claustrum,255.1562500000001,20,3,12,10,0.3,2.0,True,unassessed
936,ARM6_42_L,6,mapped,1007.0,SL_DEn,SL_dorsal_endopiriform_claustrum,14.203125000000007,7,1,12,10,0.1,0.7,True,unassessed
936,ARM6_42_L,6,mapped,1008.0,SL_VEn,SL_ventral_endopiriform_claustrum,9.515625000000004,4,1,12,10,0.1,0.4,True,unassessed
936,ARM6_42_L,6,mapped,1009.0,SL_Pir,SL_piriform_cortex,30.796875000000014,25,1,12,10,0.1,2.5,True,unassessed
936,ARM6_42_L,6,mapped,1015.0,SL_CAA,SL_CA1_3_anterior,180.68750000000009,6,2,12,10,0.2,0.6,True,unassessed
936,ARM6_42_L,6,mapped,1027.0,SL_BM,SL_basomedial_amygdaloid_nucleus,47.84375000000002,2,1,12,10,0.1,0.2,True,unassessed
936,ARM6_42_L,6,mapped,1034.0,SL_APir,SL_amygdalopiriform_transition_area,27.85937500000001,2,1,12,10,0.1,0.2,True,unassessed
936,ARM6_42_L,6,mapped,1036.0,SL_BLD,SL_basolateral_dorsal_amygdaloid_nucleus,14.546875000000007,7,3,12,10,0.3,0.7,True,unassessed
936,ARM6_42_L,6,mapped,1037.0,SL_BLI,SL_basolateral_intermediate_amygdaloid_nucleus,13.343750000000005,3,3,12,10,0.3,0.3,True,unassessed
936,ARM6_42_L,6,mapped,1038.0,SL_BLV,SL_basolateral_ventral_amygdaloid_nucleus,19.656250000000007,14,1,12,10,0.1,1.4,True,unassessed
936,ARM6_42_L,6,mapped,1039.0,SL_PaL,SL_paralaminar_amygdaloid_nucleus,13.750000000000005,4,1,12,10,0.1,0.4,True,unassessed
936,ARM6_42_L,6,mapped,1042.0,SL_Ce,SL_central_amygdaloid_nucleus,13.843750000000005,4,2,12,10,0.2,0.4,True,unassessed
936,ARM6_42_L,6,mapped,1044.0,SL_Me,SL_medial_amygdaloid_nucleus,16.984375000000007,2,2,12,10,0.2,0.2,True,unassessed
936,ARM6_42_L,6,mapped,1045.0,SL_AA,SL_anterior_amygdaloid_area,23.73437500000001,1,1,12,10,0.1,0.1,True,unassessed
936,ARM6_42_L,6,mapped,1049.0,SL_STIA,SL_intraamygdaloid_stria_terminalis,15.593750000000007,7,1,12,10,0.1,0.7,True,unassessed
936,ARM6_42_L,6,mapped,1054.0,SL_CdH,SL_caudate_head,566.5156250000002,40,3,12,10,0.3,4.0,True,unassessed
936,ARM6_42_L,6,mapped,1056.0,SL_Pu,SL_putamen,895.1093750000003,41,5,12,10,0.5,4.1,True,unassessed
936,ARM6_42_L,6,mapped,1057.0,SL_ASt,SL_amygdalostriatal_transition,33.812500000000014,4,1,12,10,0.1,0.4,True,unassessed
936,ARM6_42_L,6,mapped,1058.0,SL_ic,SL_internal_capsule,230.7343750000001,2,1,12,10,0.1,0.2,True,unassessed
936,ARM6_42_L,6,mapped,1060.0,SL_Acb,SL_accumbens,94.96875000000004,114,4,12,10,0.4,11.4,True,unassessed
936,ARM6_42_L,6,mapped,1061.0,SL_Tu,SL_olfactory_tubercule,18.234375000000007,5,2,12,10,0.2,0.5,True,unassessed
936,ARM6_42_L,6,mapped,1067.0,SL_ac,SL_anterior_commissure,77.82812500000003,9,1,12,10,0.1,0.9,True,unassessed
936,ARM6_42_L,6,mapped,1068.0,SL_VP,SL_ventral_pallidum,21.00000000000001,2,1,12,10,0.1,0.2,True,unassessed
936,ARM6_42_L,6,mapped,1076.0,SL_SDB,SL_septum_diagonal_band,91.34375000000004,4,2,12,10,0.2,0.4,True,unassessed
936,ARM6_42_L,6,mapped,1107.0,SL_MM,SL_mammillary_hypothalamus,10.078125000000005,1,1,12,10,0.1,0.1,True,unassessed
936,ARM6_42_L,6,mapped,1128.0,SL_IMD,SL_intermediodorsal_thalamus,11.781250000000005,48,1,12,10,0.1,4.8,True,unassessed
936,ARM6_42_L,6,mapped,1133.0,SL_CM,SL_central_medial_thalamus,12.453125000000005,1,1,12,10,0.1,0.1,True,unassessed
936,ARM6_42_L,6,mapped,1190.0,SL_mRt,SL_mesencephalic_reticular_formation,78.28125000000003,1,1,12,10,0.1,0.1,True,unassessed
936,ARM6_42_L,6,zero_unassigned,0.0,,,,360,7,12,10,0.7,36.0,True,unassessed
936,ARM6_541_R,1,mapped,501.0,CR_Frontal,CR_Frontal_Lobe,6154.890625000003,313,9,9,9,1.0,34.77777777777778,True,unassessed
936,ARM6_541_R,1,mapped,590.0,CR_Parietal,CR_Parietal_Lobe,3774.453125000002,209,3,9,9,0.3333333333333333,23.22222222222222,True,unassessed
936,ARM6_541_R,1,mapped,638.0,CR_Temporal,CR_Temporal_Lobe,4285.390625000002,23,2,9,9,0.2222222222222222,2.5555555555555554,True,unassessed
936,ARM6_541_R,1,mapped,1501.0,SR_tel,SR_telencephalon,3805.562500000002,597,4,9,9,0.4444444444444444,66.33333333333333,True,unassessed
936,ARM6_541_R,1,zero_unassigned,0.0,,,,217,7,9,9,0.7777777777777778,24.11111111111111,True,unassessed
936,ARM6_541_R,2,mapped,516.0,CR_OFC,CR_orbital_frontal_cortex,1344.9218750000007,115,8,9,9,0.8888888888888888,12.777777777777779,True,unassessed
936,ARM6_541_R,2,mapped,550.0,CR_lat_PFC,CR_lateral_prefrontal_cortex,1665.2031250000007,17,2,9,9,0.2222222222222222,1.8888888888888888,True,unassessed
936,ARM6_541_R,2,mapped,577.0,CR_motor,CR_motor_cortex,2542.000000000001,181,4,9,9,0.4444444444444444,20.11111111111111,True,unassessed
936,ARM6_541_R,2,mapped,591.0,CR_SI/SII,CR_somatosensory_cortex,1186.0000000000005,123,2,9,9,0.2222222222222222,13.666666666666666,True,unassessed
936,ARM6_541_R,2,mapped,612.0,CR_IPL,CR_inferior_parietal_lobule,1044.0156250000005,86,2,9,9,0.2222222222222222,9.555555555555555,True,unassessed
936,ARM6_541_R,2,mapped,724.0,CR_floor_of_ls,CR_floor_of_the_lateral_sulcus,303.2968750000001,23,2,9,9,0.2222222222222222,2.5555555555555554,True,unassessed
936,ARM6_541_R,2,mapped,1502.0,SR_LVPal,SR_lateral_and_ventral_pallium,309.6718750000001,15,2,9,9,0.2222222222222222,1.6666666666666667,True,unassessed
936,ARM6_541_R,2,mapped,1524.0,SR_Amy,SR_amygdala,302.0000000000001,23,1,9,9,0.1111111111111111,2.5555555555555554,True,unassessed
936,ARM6_541_R,2,mapped,1550.0,SR_BG,SR_basal_ganglia,2261.015625000001,559,2,9,9,0.2222222222222222,62.111111111111114,True,unassessed
936,ARM6_541_R,2,zero_unassigned,0.0,,,,217,7,9,9,0.7777777777777778,24.11111111111111,True,unassessed
936,ARM6_541_R,3,mapped,525.0,CR_lat_OFC,CR_lateral_orbital_frontal_cortex,708.1406250000003,1,1,9,9,0.1111111111111111,0.1111111111111111,True,unassessed
936,ARM6_541_R,3,mapped,537.0,CR_caudal_OFC,CR_caudal_orbital_frontal_cortex,331.17187500000017,114,8,9,9,0.8888888888888888,12.666666666666666,True,unassessed
936,ARM6_541_R,3,mapped,564.0,CR_vlPFC,CR_ventrolateral_prefrontal_cortex,680.8593750000003,17,2,9,9,0.2222222222222222,1.8888888888888888,True,unassessed
936,ARM6_541_R,3,mapped,578.0,CR_M1/PM,CR_lateral_motor_cortex,2230.484375000001,181,4,9,9,0.4444444444444444,20.11111111111111,True,unassessed
936,ARM6_541_R,3,mapped,592.0,CR_SI,CR_primary_somatosensory_cortex,900.6875000000005,13,1,9,9,0.1111111111111111,1.4444444444444444,True,unassessed
936,ARM6_541_R,3,mapped,595.0,CR_SII,CR_secondary_somatosensory_cortex,285.3125000000001,110,2,9,9,0.2222222222222222,12.222222222222221,True,unassessed
936,ARM6_541_R,3,mapped,613.0,CR_lat_IPS,CR_lateral_intraparietal_sulcus,333.00000000000017,6,2,9,9,0.2222222222222222,0.6666666666666666,True,unassessed
936,ARM6_541_R,3,mapped,620.0,CR_area_7_in_IPL,CR_area_7_in_the_inferior_parietal_lobule,560.8125000000002,80,2,9,9,0.2222222222222222,8.88888888888889,True,unassessed
936,ARM6_541_R,3,mapped,724.0,CR_floor_of_ls,CR_floor_of_the_lateral_sulcus,303.2968750000001,23,2,9,9,0.2222222222222222,2.5555555555555554,True,unassessed
936,ARM6_541_R,3,mapped,1503.0,SR_LPal,SR_lateral_pallium,255.1562500000001,15,2,9,9,0.2222222222222222,1.6666666666666667,True,unassessed
936,ARM6_541_R,3,mapped,1525.0,SR_pAmy,SR_pallial_amygdala,217.79687500000009,23,1,9,9,0.1111111111111111,2.5555555555555554,True,unassessed
936,ARM6_541_R,3,mapped,1551.0,SR_Str,SR_striatum,1922.421875000001,559,2,9,9,0.2222222222222222,62.111111111111114,True,unassessed
936,ARM6_541_R,3,zero_unassigned,0.0,,,,217,7,9,9,0.7777777777777778,24.11111111111111,True,unassessed
936,ARM6_541_R,4,key_level_conflict,545.0,CR_AON/TTv,CR_anterior_olfactory_cortex,,1,1,9,9,0.1111111111111111,0.1111111111111111,True,unassessed
936,ARM6_541_R,4,mapped,534.0,CR_area_12m/o,CR_medial_and_orbital_area_12,150.73437500000006,1,1,9,9,0.1111111111111111,0.1111111111111111,True,unassessed
936,ARM6_541_R,4,mapped,538.0,CR_OFa-p,CR_agranular_orbitofrontal_cortex,169.45312500000009,59,8,9,9,0.8888888888888888,6.555555555555555,True,unassessed
936,ARM6_541_R,4,mapped,547.0,CR_cl_OFC,CR_caudolateral_orbitofrontal_cortex,136.07812500000006,54,4,9,9,0.4444444444444444,6.0,True,unassessed
936,ARM6_541_R,4,mapped,565.0,CR_rostral_vlPFC,CR_rostral_ventrolateral_prefrontal_cortex,465.9531250000002,10,2,9,9,0.2222222222222222,1.1111111111111112,True,unassessed
936,ARM6_541_R,4,mapped,572.0,CR_caudal_vlPFC,CR_caudal_ventrolateral_prefrontal_cortex,214.90625000000009,7,1,9,9,0.1111111111111111,0.7777777777777778,True,unassessed
936,ARM6_541_R,4,mapped,580.0,CR_PM,CR_premotor_cortex,1468.3593750000007,181,4,9,9,0.4444444444444444,20.11111111111111,True,unassessed
936,ARM6_541_R,4,mapped,592.0,CR_SI,CR_primary_somatosensory_cortex,900.6875000000005,13,1,9,9,0.1111111111111111,1.4444444444444444,True,unassessed
936,ARM6_541_R,4,mapped,595.0,CR_SII,CR_secondary_somatosensory_cortex,285.3125000000001,110,2,9,9,0.2222222222222222,12.222222222222221,True,unassessed
936,ARM6_541_R,4,mapped,613.0,CR_lat_IPS,CR_lateral_intraparietal_sulcus,333.00000000000017,6,2,9,9,0.2222222222222222,0.6666666666666666,True,unassessed
936,ARM6_541_R,4,mapped,620.0,CR_area_7_in_IPL,CR_area_7_in_the_inferior_parietal_lobule,560.8125000000002,80,2,9,9,0.2222222222222222,8.88888888888889,True,unassessed
936,ARM6_541_R,4,mapped,725.0,CR_Ins/Pi,CR_insula_and_parainsula,288.1875000000001,23,2,9,9,0.2222222222222222,2.5555555555555554,True,unassessed
936,ARM6_541_R,4,mapped,1504.0,SR_Cl,SR_claustrum,255.1562500000001,15,2,9,9,0.2222222222222222,1.6666666666666667,True,unassessed
936,ARM6_541_R,4,mapped,1526.0,SR_vpAmy,SR_ventropallial_amygdala,87.81250000000004,1,1,9,9,0.1111111111111111,0.1111111111111111,True,unassessed
936,ARM6_541_R,4,mapped,1530.0,SR_lpAmy,SR_lateropallial_amygdala,129.98437500000006,22,1,9,9,0.1111111111111111,2.4444444444444446,True,unassessed
936,ARM6_541_R,4,mapped,1552.0,SR_DStr,SR_dorsal_striatum,1809.218750000001,559,2,9,9,0.2222222222222222,62.111111111111114,True,unassessed
936,ARM6_541_R,4,zero_unassigned,0.0,,,,217,7,9,9,0.7777777777777778,24.11111111111111,True,unassessed
936,ARM6_541_R,5,key_level_conflict,545.0,CR_AON/TTv,CR_anterior_olfactory_cortex,,1,1,9,9,0.1111111111111111,0.1111111111111111,True,unassessed
936,ARM6_541_R,5,mapped,534.0,CR_area_12m/o,CR_medial_and_orbital_area_12,150.73437500000006,1,1,9,9,0.1111111111111111,0.1111111111111111,True,unassessed
936,ARM6_541_R,5,mapped,540.0,CR_lat_Ia,CR_lateral_agranular_insular_region,145.28125000000006,59,8,9,9,0.8888888888888888,6.555555555555555,True,unassessed
936,ARM6_541_R,5,mapped,549.0,CR_PrCO,CR_precentral_operular_area,95.95312500000004,54,4,9,9,0.4444444444444444,6.0,True,unassessed
936,ARM6_541_R,5,mapped,569.0,CR_area_12r/l,CR_rostral_and_lateral_area_12,149.23437500000006,10,2,9,9,0.2222222222222222,1.1111111111111112,True,unassessed
936,ARM6_541_R,5,mapped,576.0,CR_area_44,CR_area_44,49.35937500000002,7,1,9,9,0.1111111111111111,0.7777777777777778,True,unassessed
936,ARM6_541_R,5,mapped,584.0,CR_PMv,CR_ventral_premotor_cortex,700.6093750000003,181,4,9,9,0.4444444444444444,20.11111111111111,True,unassessed
936,ARM6_541_R,5,mapped,594.0,CR_areas_1-2,CR_areas_1-2,655.2968750000003,13,1,9,9,0.1111111111111111,1.4444444444444444,True,unassessed
936,ARM6_541_R,5,mapped,595.0,CR_SII,CR_secondary_somatosensory_cortex,285.3125000000001,110,2,9,9,0.2222222222222222,12.222222222222221,True,unassessed
936,ARM6_541_R,5,mapped,614.0,CR_AIP,CR_anterior_intraparietal_area,42.20312500000002,3,1,9,9,0.1111111111111111,0.3333333333333333,True,unassessed
936,ARM6_541_R,5,mapped,615.0,CR_LIP,CR_lateral_intraparietal_area,268.2812500000001,3,1,9,9,0.1111111111111111,0.3333333333333333,True,unassessed
936,ARM6_541_R,5,mapped,621.0,CR_area_7a/b,CR_inferior_parietal_lobule_areas_7a_and_7b,393.17187500000017,56,2,9,9,0.2222222222222222,6.222222222222222,True,unassessed
936,ARM6_541_R,5,mapped,624.0,CR_area_7op,CR_parietal_operculum,167.64062500000009,24,1,9,9,0.1111111111111111,2.6666666666666665,True,unassessed
936,ARM6_541_R,5,mapped,726.0,CR_Pi,CR_parainsula,27.28125000000001,3,1,9,9,0.1111111111111111,0.3333333333333333,True,unassessed
936,ARM6_541_R,5,mapped,727.0,CR_Ins,CR_insula,260.9062500000001,20,2,9,9,0.2222222222222222,2.2222222222222223,True,unassessed
936,ARM6_541_R,5,mapped,1504.0,SR_Cl,SR_claustrum,255.1562500000001,15,2,9,9,0.2222222222222222,1.6666666666666667,True,unassessed
936,ARM6_541_R,5,mapped,1527.0,SR_BM,SR_basomedial_amygdaloid_nucleus,47.84375000000002,1,1,9,9,0.1111111111111111,0.1111111111111111,True,unassessed
936,ARM6_541_R,5,mapped,1535.0,SR_BL,SR_basolateral_amygdaloid_nucleus,47.54687500000002,22,1,9,9,0.1111111111111111,2.4444444444444446,True,unassessed
936,ARM6_541_R,5,mapped,1553.0,SR_Cd,SR_caudate,649.5625000000003,26,1,9,9,0.1111111111111111,2.888888888888889,True,unassessed
936,ARM6_541_R,5,mapped,1556.0,SR_Pu,SR_putamen,895.1093750000003,519,2,9,9,0.2222222222222222,57.666666666666664,True,unassessed
936,ARM6_541_R,5,mapped,1558.0,SR_ic,SR_internal_capsule,230.7343750000001,14,2,9,9,0.2222222222222222,1.5555555555555556,True,unassessed
936,ARM6_541_R,5,zero_unassigned,0.0,,,,217,7,9,9,0.7777777777777778,24.11111111111111,True,unassessed
936,ARM6_541_R,6,mapped,536.0,CR_area_12o,CR_orbital_area_12,68.65625000000003,1,1,9,9,0.1111111111111111,0.1111111111111111,True,unassessed
936,ARM6_541_R,6,mapped,541.0,CR_Iai,CR_intermediate_agranular_insula_area,81.48437500000004,46,8,9,9,0.8888888888888888,5.111111111111111,True,unassessed
936,ARM6_541_R,6,mapped,542.0,CR_Ial,CR_lateral_agranular_insula_area,47.98437500000002,13,3,9,9,0.3333333333333333,1.4444444444444444,True,unassessed
936,ARM6_541_R,6,mapped,545.0,CR_AON/TTv,CR_anterior_olfactory_cortex,25.64062500000001,1,1,9,9,0.1111111111111111,0.1111111111111111,True,unassessed
936,ARM6_541_R,6,mapped,549.0,CR_PrCO,CR_precentral_operular_area,95.95312500000004,54,4,9,9,0.4444444444444444,6.0,True,unassessed
936,ARM6_541_R,6,mapped,570.0,CR_area_12l,CR_lateral_area_12,61.20312500000003,10,2,9,9,0.2222222222222222,1.1111111111111112,True,unassessed
936,ARM6_541_R,6,mapped,576.0,CR_area_44,CR_area_44,49.35937500000002,7,1,9,9,0.1111111111111111,0.7777777777777778,True,unassessed
936,ARM6_541_R,6,mapped,585.0,CR_F4,CR_area_F4_of_ventral_premotor_cortex,266.5937500000001,6,2,9,9,0.2222222222222222,0.6666666666666666,True,unassessed
936,ARM6_541_R,6,mapped,586.0,CR_F5,CR_area_F5_of_ventral_premotor_cortex,434.01562500000017,175,3,9,9,0.3333333333333333,19.444444444444443,True,unassessed
936,ARM6_541_R,6,mapped,594.0,CR_areas_1-2,CR_areas_1-2,655.2968750000003,13,1,9,9,0.1111111111111111,1.4444444444444444,True,unassessed
936,ARM6_541_R,6,mapped,595.0,CR_SII,CR_secondary_somatosensory_cortex,285.3125000000001,110,2,9,9,0.2222222222222222,12.222222222222221,True,unassessed
936,ARM6_541_R,6,mapped,614.0,CR_AIP,CR_anterior_intraparietal_area,42.20312500000002,3,1,9,9,0.1111111111111111,0.3333333333333333,True,unassessed
936,ARM6_541_R,6,mapped,616.0,CR_LIPd,CR_dorsal_lateral_intraparietal_area,158.54687500000006,3,1,9,9,0.1111111111111111,0.3333333333333333,True,unassessed
936,ARM6_541_R,6,mapped,622.0,CR_area_7a,CR_caudal_inferior_parietal_lobule_area_7a_(Opt/PG),295.5781250000001,22,2,9,9,0.2222222222222222,2.4444444444444446,True,unassessed
936,ARM6_541_R,6,mapped,623.0,CR_area_7b,CR_rostral_inferior_parietal_lobule_area_7b_(PFG/PF),97.59375000000004,34,2,9,9,0.2222222222222222,3.7777777777777777,True,unassessed
936,ARM6_541_R,6,mapped,624.0,CR_area_7op,CR_parietal_operculum,167.64062500000009,24,1,9,9,0.1111111111111111,2.6666666666666665,True,unassessed
936,ARM6_541_R,6,mapped,726.0,CR_Pi,CR_parainsula,27.28125000000001,3,1,9,9,0.1111111111111111,0.3333333333333333,True,unassessed
936,ARM6_541_R,6,mapped,728.0,CR_Ia/Id,CR_agranular_and_dysgranular_insula,164.56250000000009,16,1,9,9,0.1111111111111111,1.7777777777777777,True,unassessed
936,ARM6_541_R,6,mapped,729.0,CR_Ig,CR_granular_insula,96.34375000000004,4,1,9,9,0.1111111111111111,0.4444444444444444,True,unassessed
936,ARM6_541_R,6,mapped,1504.0,SR_Cl,SR_claustrum,255.1562500000001,15,2,9,9,0.2222222222222222,1.6666666666666667,True,unassessed
936,ARM6_541_R,6,mapped,1527.0,SR_BM,SR_basomedial_amygdaloid_nucleus,47.84375000000002,1,1,9,9,0.1111111111111111,0.1111111111111111,True,unassessed
936,ARM6_541_R,6,mapped,1536.0,SR_BLD,SR_basolateral_dorsal_amygdaloid_nucleus,14.546875000000007,1,1,9,9,0.1111111111111111,0.1111111111111111,True,unassessed
936,ARM6_541_R,6,mapped,1537.0,SR_BLI,SR_basolateral_intermediate_amygdaloid_nucleus,13.343750000000005,4,1,9,9,0.1111111111111111,0.4444444444444444,True,unassessed
936,ARM6_541_R,6,mapped,1538.0,SR_BLV,SR_basolateral_ventral_amygdaloid_nucleus,19.656250000000007,17,1,9,9,0.1111111111111111,1.8888888888888888,True,unassessed
936,ARM6_541_R,6,mapped,1554.0,SR_CdH,SR_caudate_head,566.5156250000002,26,1,9,9,0.1111111111111111,2.888888888888889,True,unassessed
936,ARM6_541_R,6,mapped,1556.0,SR_Pu,SR_putamen,895.1093750000003,519,2,9,9,0.2222222222222222,57.666666666666664,True,unassessed
936,ARM6_541_R,6,mapped,1558.0,SR_ic,SR_internal_capsule,230.7343750000001,14,2,9,9,0.2222222222222222,1.5555555555555556,True,unassessed
936,ARM6_541_R,6,zero_unassigned,0.0,,,,217,7,9,9,0.7777777777777778,24.11111111111111,True,unassessed
936,ARM6_542_R,1,mapped,501.0,CR_Frontal,CR_Frontal_Lobe,6154.890625000003,1488,35,51,42,0.8333333333333334,35.42857142857143,True,unassessed
936,ARM6_542_R,1,mapped,590.0,CR_Parietal,CR_Parietal_Lobe,3774.453125000002,34,3,51,42,0.07142857142857142,0.8095238095238095,True,unassessed
936,ARM6_542_R,1,mapped,638.0,CR_Temporal,CR_Temporal_Lobe,4285.390625000002,311,15,51,42,0.35714285714285715,7.404761904761905,True,unassessed
936,ARM6_542_R,1,mapped,1082.0,SL_di,SL_diencephalon,1285.0937500000007,22,2,51,42,0.047619047619047616,0.5238095238095238,True,unassessed
936,ARM6_542_R,1,mapped,1501.0,SR_tel,SR_telencephalon,3805.562500000002,344,16,51,42,0.38095238095238093,8.19047619047619,True,unassessed
936,ARM6_542_R,1,mapped,1582.0,SR_di,SR_diencephalon,1285.0937500000007,74,4,51,42,0.09523809523809523,1.7619047619047619,True,unassessed
936,ARM6_542_R,1,mapped,1669.0,SR_mes,SR_mesencephalon,635.8437500000002,3,2,51,42,0.047619047619047616,0.07142857142857142,True,unassessed
936,ARM6_542_R,1,zero_unassigned,0.0,,,,449,27,51,42,0.6428571428571429,10.69047619047619,True,unassessed
936,ARM6_542_R,2,mapped,516.0,CR_OFC,CR_orbital_frontal_cortex,1344.9218750000007,1158,35,51,42,0.8333333333333334,27.571428571428573,True,unassessed
936,ARM6_542_R,2,mapped,550.0,CR_lat_PFC,CR_lateral_prefrontal_cortex,1665.2031250000007,1,1,51,42,0.023809523809523808,0.023809523809523808,True,unassessed
936,ARM6_542_R,2,mapped,577.0,CR_motor,CR_motor_cortex,2542.000000000001,329,8,51,42,0.19047619047619047,7.833333333333333,True,unassessed
936,ARM6_542_R,2,mapped,591.0,CR_SI/SII,CR_somatosensory_cortex,1186.0000000000005,34,3,51,42,0.07142857142857142,0.8095238095238095,True,unassessed
936,ARM6_542_R,2,mapped,665.0,CR_TG,CR_temporal_pole,315.5156250000001,12,1,51,42,0.023809523809523808,0.2857142857142857,True,unassessed
936,ARM6_542_R,2,mapped,675.0,CR_ITC,CR_inferior_temporal_cortex,1884.890625000001,16,1,51,42,0.023809523809523808,0.38095238095238093,True,unassessed
936,ARM6_542_R,2,mapped,693.0,CR_STG/STSd,CR_superior_temporal_region,854.1250000000003,1,1,51,42,0.023809523809523808,0.023809523809523808,True,unassessed
936,ARM6_542_R,2,mapped,724.0,CR_floor_of_ls,CR_floor_of_the_lateral_sulcus,303.2968750000001,282,14,51,42,0.3333333333333333,6.714285714285714,True,unassessed
936,ARM6_542_R,2,mapped,1113.0,SL_Thal,SL_thalamus,970.0312500000005,22,2,51,42,0.047619047619047616,0.5238095238095238,True,unassessed
936,ARM6_542_R,2,mapped,1502.0,SR_LVPal,SR_lateral_and_ventral_pallium,309.6718750000001,23,8,51,42,0.19047619047619047,0.5476190476190477,True,unassessed
936,ARM6_542_R,2,mapped,1524.0,SR_Amy,SR_amygdala,302.0000000000001,8,3,51,42,0.07142857142857142,0.19047619047619047,True,unassessed
936,ARM6_542_R,2,mapped,1550.0,SR_BG,SR_basal_ganglia,2261.015625000001,309,14,51,42,0.3333333333333333,7.357142857142857,True,unassessed
936,ARM6_542_R,2,mapped,1569.0,SR_DSP,SR_diagonal_subpallium,182.70312500000009,3,2,51,42,0.047619047619047616,0.07142857142857142,True,unassessed
936,ARM6_542_R,2,mapped,1577.0,SR_POC,SR_preoptic_complex,174.67187500000009,1,1,51,42,0.023809523809523808,0.023809523809523808,True,unassessed
936,ARM6_542_R,2,mapped,1583.0,SR_Hy,SR_hypothalamus,235.7812500000001,4,1,51,42,0.023809523809523808,0.09523809523809523,True,unassessed
936,ARM6_542_R,2,mapped,1613.0,SR_Thal,SR_thalamus,970.0312500000005,70,3,51,42,0.07142857142857142,1.6666666666666667,True,unassessed
936,ARM6_542_R,2,mapped,1670.0,SR_Mid,SR_midbrain,635.8437500000002,3,2,51,42,0.047619047619047616,0.07142857142857142,True,unassessed
936,ARM6_542_R,2,zero_unassigned,0.0,,,,449,27,51,42,0.6428571428571429,10.69047619047619,True,unassessed
936,ARM6_542_R,3,mapped,525.0,CR_lat_OFC,CR_lateral_orbital_frontal_cortex,708.1406250000003,118,7,51,42,0.16666666666666666,2.8095238095238093,True,unassessed
936,ARM6_542_R,3,mapped,537.0,CR_caudal_OFC,CR_caudal_orbital_frontal_cortex,331.17187500000017,1040,35,51,42,0.8333333333333334,24.761904761904763,True,unassessed
936,ARM6_542_R,3,mapped,564.0,CR_vlPFC,CR_ventrolateral_prefrontal_cortex,680.8593750000003,1,1,51,42,0.023809523809523808,0.023809523809523808,True,unassessed
936,ARM6_542_R,3,mapped,578.0,CR_M1/PM,CR_lateral_motor_cortex,2230.484375000001,329,8,51,42,0.19047619047619047,7.833333333333333,True,unassessed
936,ARM6_542_R,3,mapped,592.0,CR_SI,CR_primary_somatosensory_cortex,900.6875000000005,4,2,51,42,0.047619047619047616,0.09523809523809523,True,unassessed
936,ARM6_542_R,3,mapped,595.0,CR_SII,CR_secondary_somatosensory_cortex,285.3125000000001,30,1,51,42,0.023809523809523808,0.7142857142857143,True,unassessed
936,ARM6_542_R,3,mapped,665.0,CR_TG,CR_temporal_pole,315.5156250000001,12,1,51,42,0.023809523809523808,0.2857142857142857,True,unassessed
936,ARM6_542_R,3,mapped,688.0,CR_STSf,CR_fundus_of_the_superior_temporal_sulcus,425.15625000000017,16,1,51,42,0.023809523809523808,0.38095238095238093,True,unassessed
936,ARM6_542_R,3,mapped,694.0,CR_STGr/STSd,CR_rostral_superior_temporal_region,593.8125000000002,1,1,51,42,0.023809523809523808,0.023809523809523808,True,unassessed
936,ARM6_542_R,3,mapped,724.0,CR_floor_of_ls,CR_floor_of_the_lateral_sulcus,303.2968750000001,282,14,51,42,0.3333333333333333,6.714285714285714,True,unassessed
936,ARM6_542_R,3,mapped,1115.0,SL_MThal,SL_medial_thalamus,208.23437500000009,3,2,51,42,0.047619047619047616,0.07142857142857142,True,unassessed
936,ARM6_542_R,3,mapped,1127.0,SL_MLThal,SL_midline_thalamus,71.21875000000003,19,2,51,42,0.047619047619047616,0.4523809523809524,True,unassessed
936,ARM6_542_R,3,mapped,1503.0,SR_LPal,SR_lateral_pallium,255.1562500000001,18,8,51,42,0.19047619047619047,0.42857142857142855,True,unassessed
936,ARM6_542_R,3,mapped,1505.0,SR_VPal,SR_ventral_pallium,54.51562500000002,5,1,51,42,0.023809523809523808,0.11904761904761904,True,unassessed
936,ARM6_542_R,3,mapped,1525.0,SR_pAmy,SR_pallial_amygdala,217.79687500000009,4,1,51,42,0.023809523809523808,0.09523809523809523,True,unassessed
936,ARM6_542_R,3,mapped,1540.0,SR_spAmy,SR_subpallial_amygdala,84.20312500000004,4,2,51,42,0.047619047619047616,0.09523809523809523,True,unassessed
936,ARM6_542_R,3,mapped,1551.0,SR_Str,SR_striatum,1922.421875000001,262,13,51,42,0.30952380952380953,6.238095238095238,True,unassessed
936,ARM6_542_R,3,mapped,1562.0,SR_Pd,SR_pallidum,338.59375000000017,47,7,51,42,0.16666666666666666,1.119047619047619,True,unassessed
936,ARM6_542_R,3,mapped,1569.0,SR_DSP,SR_diagonal_subpallium,182.70312500000009,3,2,51,42,0.047619047619047616,0.07142857142857142,True,unassessed
936,ARM6_542_R,3,mapped,1577.0,SR_POC,SR_preoptic_complex,174.67187500000009,1,1,51,42,0.023809523809523808,0.023809523809523808,True,unassessed
936,ARM6_542_R,3,mapped,1584.0,SR_THy,SR_tuberal_hypothalamus,154.64062500000006,4,1,51,42,0.023809523809523808,0.09523809523809523,True,unassessed
936,ARM6_542_R,3,mapped,1615.0,SR_MThal,SR_medial_thalamus,208.23437500000009,24,2,51,42,0.047619047619047616,0.5714285714285714,True,unassessed
936,ARM6_542_R,3,mapped,1627.0,SR_MLThal,SR_midline_thalamus,71.21875000000003,43,2,51,42,0.047619047619047616,1.0238095238095237,True,unassessed
936,ARM6_542_R,3,mapped,1635.0,SR_VThal,SR_ventral_thalamus,291.4218750000001,3,1,51,42,0.023809523809523808,0.07142857142857142,True,unassessed
936,ARM6_542_R,3,mapped,1700.0,SR_VMid,SR_ventral_midbrain,261.3593750000001,3,2,51,42,0.047619047619047616,0.07142857142857142,True,unassessed
936,ARM6_542_R,3,zero_unassigned,0.0,,,,449,27,51,42,0.6428571428571429,10.69047619047619,True,unassessed
936,ARM6_542_R,4,key_level_conflict,545.0,CR_AON/TTv,CR_anterior_olfactory_cortex,,14,2,51,42,0.047619047619047616,0.3333333333333333,True,unassessed
936,ARM6_542_R,4,mapped,526.0,CR_areas_11/13,CR_areas_11_and_13,557.4062500000002,90,3,51,42,0.07142857142857142,2.142857142857143,True,unassessed
936,ARM6_542_R,4,mapped,534.0,CR_area_12m/o,CR_medial_and_orbital_area_12,150.73437500000006,28,5,51,42,0.11904761904761904,0.6666666666666666,True,unassessed
936,ARM6_542_R,4,mapped,538.0,CR_OFa-p,CR_agranular_orbitofrontal_cortex,169.45312500000009,521,33,51,42,0.7857142857142857,12.404761904761905,True,unassessed
936,ARM6_542_R,4,mapped,547.0,CR_cl_OFC,CR_caudolateral_orbitofrontal_cortex,136.07812500000006,505,23,51,42,0.5476190476190477,12.023809523809524,True,unassessed
936,ARM6_542_R,4,mapped,565.0,CR_rostral_vlPFC,CR_rostral_ventrolateral_prefrontal_cortex,465.9531250000002,1,1,51,42,0.023809523809523808,0.023809523809523808,True,unassessed
936,ARM6_542_R,4,mapped,580.0,CR_PM,CR_premotor_cortex,1468.3593750000007,329,8,51,42,0.19047619047619047,7.833333333333333,True,unassessed
936,ARM6_542_R,4,mapped,592.0,CR_SI,CR_primary_somatosensory_cortex,900.6875000000005,4,2,51,42,0.047619047619047616,0.09523809523809523,True,unassessed
936,ARM6_542_R,4,mapped,595.0,CR_SII,CR_secondary_somatosensory_cortex,285.3125000000001,30,1,51,42,0.023809523809523808,0.7142857142857143,True,unassessed
936,ARM6_542_R,4,mapped,667.0,CR_TGg/TGd,CR_granular_and_dysgranular_temporal_pole,239.2187500000001,12,1,51,42,0.023809523809523808,0.2857142857142857,True,unassessed
936,ARM6_542_R,4,mapped,688.0,CR_STSf,CR_fundus_of_the_superior_temporal_sulcus,425.15625000000017,16,1,51,42,0.023809523809523808,0.38095238095238093,True,unassessed
936,ARM6_542_R,4,mapped,695.0,CR_STSd,CR_dorsal_bank_of_the_superior_temporal_sulcus,451.8750000000002,1,1,51,42,0.023809523809523808,0.023809523809523808,True,unassessed
936,ARM6_542_R,4,mapped,725.0,CR_Ins/Pi,CR_insula_and_parainsula,288.1875000000001,282,14,51,42,0.3333333333333333,6.714285714285714,True,unassessed
936,ARM6_542_R,4,mapped,1126.0,SL_MD,SL_mediodorsal_thalamus,78.81250000000003,3,2,51,42,0.047619047619047616,0.07142857142857142,True,unassessed
936,ARM6_542_R,4,mapped,1127.0,SL_MLThal,SL_midline_thalamus,71.21875000000003,19,2,51,42,0.047619047619047616,0.4523809523809524,True,unassessed
936,ARM6_542_R,4,mapped,1504.0,SR_Cl,SR_claustrum,255.1562500000001,18,8,51,42,0.19047619047619047,0.42857142857142855,True,unassessed
936,ARM6_542_R,4,mapped,1506.0,SR_En,SR_endopiriform_claustrum,23.71875000000001,5,1,51,42,0.023809523809523808,0.11904761904761904,True,unassessed
936,ARM6_542_R,4,mapped,1530.0,SR_lpAmy,SR_lateropallial_amygdala,129.98437500000006,4,1,51,42,0.023809523809523808,0.09523809523809523,True,unassessed
936,ARM6_542_R,4,mapped,1546.0,SR_pdAmy,SR_pallidal_amygdala,29.640625000000014,4,2,51,42,0.047619047619047616,0.09523809523809523,True,unassessed
936,ARM6_542_R,4,mapped,1552.0,SR_DStr,SR_dorsal_striatum,1809.218750000001,238,12,51,42,0.2857142857142857,5.666666666666667,True,unassessed
936,ARM6_542_R,4,mapped,1559.0,SR_VStr,SR_ventral_striatum,113.20312500000006,24,5,51,42,0.11904761904761904,0.5714285714285714,True,unassessed
936,ARM6_542_R,4,mapped,1562.0,SR_Pd,SR_pallidum,338.59375000000017,47,7,51,42,0.16666666666666666,1.119047619047619,True,unassessed
936,ARM6_542_R,4,mapped,1570.0,SR_BR,SR_basal_nucleus_region,38.000000000000014,1,1,51,42,0.023809523809523808,0.023809523809523808,True,unassessed
936,ARM6_542_R,4,mapped,1573.0,SR_ST,SR_bed_nucleus_of_the_stria_terminalis,42.00000000000002,2,1,51,42,0.023809523809523808,0.047619047619047616,True,unassessed
936,ARM6_542_R,4,mapped,1578.0,SR_opt,SR_optic_tract,151.82812500000006,1,1,51,42,0.023809523809523808,0.023809523809523808,True,unassessed
936,ARM6_542_R,4,mapped,1591.0,SR_DTHy,SR_dorsal_tuberal_hypothalamus,114.42187500000006,4,1,51,42,0.023809523809523808,0.09523809523809523,True,unassessed
936,ARM6_542_R,4,mapped,1626.0,SR_MD,SR_mediodorsal_thalamus,78.81250000000003,24,2,51,42,0.047619047619047616,0.5714285714285714,True,unassessed
936,ARM6_542_R,4,mapped,1627.0,SR_MLThal,SR_midline_thalamus,71.21875000000003,43,2,51,42,0.047619047619047616,1.0238095238095237,True,unassessed
936,ARM6_542_R,4,mapped,1643.0,SR_SpThal,SR_spinal_thalamus,88.20312500000004,3,1,51,42,0.023809523809523808,0.07142857142857142,True,unassessed
936,ARM6_542_R,4,mapped,1701.0,SR_R+,SR_rubral_region,38.468750000000014,1,1,51,42,0.023809523809523808,0.023809523809523808,True,unassessed
936,ARM6_542_R,4,mapped,1704.0,SR_DA_Mid,SR_midbrain_dopaminergic_complex,222.89062500000009,2,1,51,42,0.023809523809523808,0.047619047619047616,True,unassessed
936,ARM6_542_R,4,zero_unassigned,0.0,,,,449,27,51,42,0.6428571428571429,10.69047619047619,True,unassessed
936,ARM6_542_R,5,key_level_conflict,545.0,CR_AON/TTv,CR_anterior_olfactory_cortex,,14,2,51,42,0.047619047619047616,0.3333333333333333,True,unassessed
936,ARM6_542_R,5,mapped,530.0,CR_area_13,CR_area_13,419.17187500000017,90,3,51,42,0.07142857142857142,2.142857142857143,True,unassessed
936,ARM6_542_R,5,mapped,534.0,CR_area_12m/o,CR_medial_and_orbital_area_12,150.73437500000006,28,5,51,42,0.11904761904761904,0.6666666666666666,True,unassessed
936,ARM6_542_R,5,mapped,539.0,CR_Iam/Iapm,CR_medial_agranular_insular_region,24.17187500000001,26,4,51,42,0.09523809523809523,0.6190476190476191,True,unassessed
936,ARM6_542_R,5,mapped,540.0,CR_lat_Ia,CR_lateral_agranular_insular_region,145.28125000000006,495,33,51,42,0.7857142857142857,11.785714285714286,True,unassessed
936,ARM6_542_R,5,mapped,548.0,CR_G,CR_gustatory_cortex,40.12500000000002,52,9,51,42,0.21428571428571427,1.2380952380952381,True,unassessed
936,ARM6_542_R,5,mapped,549.0,CR_PrCO,CR_precentral_operular_area,95.95312500000004,453,21,51,42,0.5,10.785714285714286,True,unassessed
936,ARM6_542_R,5,mapped,569.0,CR_area_12r/l,CR_rostral_and_lateral_area_12,149.23437500000006,1,1,51,42,0.023809523809523808,0.023809523809523808,True,unassessed
936,ARM6_542_R,5,mapped,584.0,CR_PMv,CR_ventral_premotor_cortex,700.6093750000003,329,8,51,42,0.19047619047619047,7.833333333333333,True,unassessed
936,ARM6_542_R,5,mapped,594.0,CR_areas_1-2,CR_areas_1-2,655.2968750000003,4,2,51,42,0.047619047619047616,0.09523809523809523,True,unassessed
936,ARM6_542_R,5,mapped,595.0,CR_SII,CR_secondary_somatosensory_cortex,285.3125000000001,30,1,51,42,0.023809523809523808,0.7142857142857143,True,unassessed
936,ARM6_542_R,5,mapped,671.0,CR_TGg,CR_granular_temporal_pole,147.35937500000006,12,1,51,42,0.023809523809523808,0.2857142857142857,True,unassessed
936,ARM6_542_R,5,mapped,689.0,CR_ant_STSf,CR_anterior_fundus_of_the_superior_temporal_sulcus,332.81250000000017,16,1,51,42,0.023809523809523808,0.38095238095238093,True,unassessed
936,ARM6_542_R,5,mapped,696.0,CR_TPO,CR_temporal_parietooccipital_associated_area,280.6406250000001,1,1,51,42,0.023809523809523808,0.023809523809523808,True,unassessed
936,ARM6_542_R,5,mapped,726.0,CR_Pi,CR_parainsula,27.28125000000001,1,1,51,42,0.023809523809523808,0.023809523809523808,True,unassessed
936,ARM6_542_R,5,mapped,727.0,CR_Ins,CR_insula,260.9062500000001,281,14,51,42,0.3333333333333333,6.690476190476191,True,unassessed
936,ARM6_542_R,5,mapped,1126.0,SL_MD,SL_mediodorsal_thalamus,78.81250000000003,3,2,51,42,0.047619047619047616,0.07142857142857142,True,unassessed
936,ARM6_542_R,5,mapped,1128.0,SL_IMD,SL_intermediodorsal_thalamus,11.781250000000005,17,2,51,42,0.047619047619047616,0.40476190476190477,True,unassessed
936,ARM6_542_R,5,mapped,1133.0,SL_CM,SL_central_medial_thalamus,12.453125000000005,2,2,51,42,0.047619047619047616,0.047619047619047616,True,unassessed
936,ARM6_542_R,5,mapped,1504.0,SR_Cl,SR_claustrum,255.1562500000001,18,8,51,42,0.19047619047619047,0.42857142857142855,True,unassessed
936,ARM6_542_R,5,mapped,1507.0,SR_DEn,SR_dorsal_endopiriform_claustrum,14.203125000000007,1,1,51,42,0.023809523809523808,0.023809523809523808,True,unassessed
936,ARM6_542_R,5,mapped,1508.0,SR_VEn,SR_ventral_endopiriform_claustrum,9.515625000000004,4,1,51,42,0.023809523809523808,0.09523809523809523,True,unassessed
936,ARM6_542_R,5,mapped,1531.0,SR_La,SR_lateral_amygdaloid_nucleus,40.82812500000002,4,1,51,42,0.023809523809523808,0.09523809523809523,True,unassessed
936,ARM6_542_R,5,mapped,1548.0,SR_IPAC,SR_posterior_interstitial_nucleus,4.906250000000002,4,2,51,42,0.047619047619047616,0.09523809523809523,True,unassessed
936,ARM6_542_R,5,mapped,1556.0,SR_Pu,SR_putamen,895.1093750000003,191,10,51,42,0.23809523809523808,4.5476190476190474,True,unassessed
936,ARM6_542_R,5,mapped,1557.0,SR_ASt,SR_amygdalostriatal_transition,33.812500000000014,44,2,51,42,0.047619047619047616,1.0476190476190477,True,unassessed
936,ARM6_542_R,5,mapped,1558.0,SR_ic,SR_internal_capsule,230.7343750000001,3,2,51,42,0.047619047619047616,0.07142857142857142,True,unassessed
936,ARM6_542_R,5,mapped,1560.0,SR_Acb,SR_accumbens,94.96875000000004,24,5,51,42,0.11904761904761904,0.5714285714285714,True,unassessed
936,ARM6_542_R,5,mapped,1567.0,SR_ac,SR_anterior_commissure,77.82812500000003,47,7,51,42,0.16666666666666666,1.119047619047619,True,unassessed
936,ARM6_542_R,5,mapped,1570.0,SR_BR,SR_basal_nucleus_region,38.000000000000014,1,1,51,42,0.023809523809523808,0.023809523809523808,True,unassessed
936,ARM6_542_R,5,mapped,1573.0,SR_ST,SR_bed_nucleus_of_the_stria_terminalis,42.00000000000002,2,1,51,42,0.023809523809523808,0.047619047619047616,True,unassessed
936,ARM6_542_R,5,mapped,1578.0,SR_opt,SR_optic_tract,151.82812500000006,1,1,51,42,0.023809523809523808,0.023809523809523808,True,unassessed
936,ARM6_542_R,5,mapped,1595.0,SR_LHy,SR_lateral_hypothalamic_region,77.43750000000003,3,1,51,42,0.023809523809523808,0.07142857142857142,True,unassessed
936,ARM6_542_R,5,mapped,1599.0,SR_STh,SR_subthalamic_nucleus,22.20312500000001,1,1,51,42,0.023809523809523808,0.023809523809523808,True,unassessed
936,ARM6_542_R,5,mapped,1626.0,SR_MD,SR_mediodorsal_thalamus,78.81250000000003,24,2,51,42,0.047619047619047616,0.5714285714285714,True,unassessed
936,ARM6_542_R,5,mapped,1628.0,SR_IMD,SR_intermediodorsal_thalamus,11.781250000000005,38,2,51,42,0.047619047619047616,0.9047619047619048,True,unassessed
936,ARM6_542_R,5,mapped,1633.0,SR_CM,SR_central_medial_thalamus,12.453125000000005,5,1,51,42,0.023809523809523808,0.11904761904761904,True,unassessed
936,ARM6_542_R,5,mapped,1647.0,SR_VM,SR_ventral_medial_thalamus,20.95312500000001,3,1,51,42,0.023809523809523808,0.07142857142857142,True,unassessed
936,ARM6_542_R,5,mapped,1701.0,SR_R+,SR_rubral_region,38.468750000000014,1,1,51,42,0.023809523809523808,0.023809523809523808,True,unassessed
936,ARM6_542_R,5,mapped,1706.0,SR_SN,SR_substantia_nigra,111.21875000000004,2,1,51,42,0.023809523809523808,0.047619047619047616,True,unassessed
936,ARM6_542_R,5,zero_unassigned,0.0,,,,449,27,51,42,0.6428571428571429,10.69047619047619,True,unassessed
936,ARM6_542_R,6,mapped,532.0,CR_area_13m,CR_medial_area_13,174.45312500000009,58,3,51,42,0.07142857142857142,1.380952380952381,True,unassessed
936,ARM6_542_R,6,mapped,533.0,CR_area_13l,CR_lateral_area_13,120.60937500000006,32,3,51,42,0.07142857142857142,0.7619047619047619,True,unassessed
936,ARM6_542_R,6,mapped,536.0,CR_area_12o,CR_orbital_area_12,68.65625000000003,28,5,51,42,0.11904761904761904,0.6666666666666666,True,unassessed
936,ARM6_542_R,6,mapped,539.0,CR_Iam/Iapm,CR_medial_agranular_insular_region,24.17187500000001,26,4,51,42,0.09523809523809523,0.6190476190476191,True,unassessed
936,ARM6_542_R,6,mapped,541.0,CR_Iai,CR_intermediate_agranular_insula_area,81.48437500000004,71,14,51,42,0.3333333333333333,1.6904761904761905,True,unassessed
936,ARM6_542_R,6,mapped,542.0,CR_Ial,CR_lateral_agranular_insula_area,47.98437500000002,352,30,51,42,0.7142857142857143,8.380952380952381,True,unassessed
936,ARM6_542_R,6,mapped,543.0,CR_Iapl,CR_posterior_lateral_agranular_insula_area,15.812500000000007,72,10,51,42,0.23809523809523808,1.7142857142857142,True,unassessed
936,ARM6_542_R,6,mapped,545.0,CR_AON/TTv,CR_anterior_olfactory_cortex,25.64062500000001,14,2,51,42,0.047619047619047616,0.3333333333333333,True,unassessed
936,ARM6_542_R,6,mapped,548.0,CR_G,CR_gustatory_cortex,40.12500000000002,52,9,51,42,0.21428571428571427,1.2380952380952381,True,unassessed
936,ARM6_542_R,6,mapped,549.0,CR_PrCO,CR_precentral_operular_area,95.95312500000004,453,21,51,42,0.5,10.785714285714286,True,unassessed
936,ARM6_542_R,6,mapped,570.0,CR_area_12l,CR_lateral_area_12,61.20312500000003,1,1,51,42,0.023809523809523808,0.023809523809523808,True,unassessed
936,ARM6_542_R,6,mapped,585.0,CR_F4,CR_area_F4_of_ventral_premotor_cortex,266.5937500000001,56,2,51,42,0.047619047619047616,1.3333333333333333,True,unassessed
936,ARM6_542_R,6,mapped,586.0,CR_F5,CR_area_F5_of_ventral_premotor_cortex,434.01562500000017,273,8,51,42,0.19047619047619047,6.5,True,unassessed
936,ARM6_542_R,6,mapped,594.0,CR_areas_1-2,CR_areas_1-2,655.2968750000003,4,2,51,42,0.047619047619047616,0.09523809523809523,True,unassessed
936,ARM6_542_R,6,mapped,595.0,CR_SII,CR_secondary_somatosensory_cortex,285.3125000000001,30,1,51,42,0.023809523809523808,0.7142857142857143,True,unassessed
936,ARM6_542_R,6,mapped,674.0,CR_TGsts,CR_sts_part_of_temporal_pole,78.28125000000003,12,1,51,42,0.023809523809523808,0.2857142857142857,True,unassessed
936,ARM6_542_R,6,mapped,690.0,CR_IPa,CR_area_IPa,200.31250000000009,11,1,51,42,0.023809523809523808,0.2619047619047619,True,unassessed
936,ARM6_542_R,6,mapped,691.0,CR_PGa,CR_area_PGa,132.50000000000006,5,1,51,42,0.023809523809523808,0.11904761904761904,True,unassessed
936,ARM6_542_R,6,mapped,696.0,CR_TPO,CR_temporal_parietooccipital_associated_area,280.6406250000001,1,1,51,42,0.023809523809523808,0.023809523809523808,True,unassessed
936,ARM6_542_R,6,mapped,726.0,CR_Pi,CR_parainsula,27.28125000000001,1,1,51,42,0.023809523809523808,0.023809523809523808,True,unassessed
936,ARM6_542_R,6,mapped,728.0,CR_Ia/Id,CR_agranular_and_dysgranular_insula,164.56250000000009,281,14,51,42,0.3333333333333333,6.690476190476191,True,unassessed
936,ARM6_542_R,6,mapped,1126.0,SL_MD,SL_mediodorsal_thalamus,78.81250000000003,3,2,51,42,0.047619047619047616,0.07142857142857142,True,unassessed
936,ARM6_542_R,6,mapped,1128.0,SL_IMD,SL_intermediodorsal_thalamus,11.781250000000005,17,2,51,42,0.047619047619047616,0.40476190476190477,True,unassessed
936,ARM6_542_R,6,mapped,1133.0,SL_CM,SL_central_medial_thalamus,12.453125000000005,2,2,51,42,0.047619047619047616,0.047619047619047616,True,unassessed
936,ARM6_542_R,6,mapped,1504.0,SR_Cl,SR_claustrum,255.1562500000001,18,8,51,42,0.19047619047619047,0.42857142857142855,True,unassessed
936,ARM6_542_R,6,mapped,1507.0,SR_DEn,SR_dorsal_endopiriform_claustrum,14.203125000000007,1,1,51,42,0.023809523809523808,0.023809523809523808,True,unassessed
936,ARM6_542_R,6,mapped,1508.0,SR_VEn,SR_ventral_endopiriform_claustrum,9.515625000000004,4,1,51,42,0.023809523809523808,0.09523809523809523,True,unassessed
936,ARM6_542_R,6,mapped,1532.0,SR_LaD,SR_lateral_dorsal_amygdaloid_nucleus,22.29687500000001,4,1,51,42,0.023809523809523808,0.09523809523809523,True,unassessed
936,ARM6_542_R,6,mapped,1548.0,SR_IPAC,SR_posterior_interstitial_nucleus,4.906250000000002,4,2,51,42,0.047619047619047616,0.09523809523809523,True,unassessed
936,ARM6_542_R,6,mapped,1556.0,SR_Pu,SR_putamen,895.1093750000003,191,10,51,42,0.23809523809523808,4.5476190476190474,True,unassessed
936,ARM6_542_R,6,mapped,1557.0,SR_ASt,SR_amygdalostriatal_transition,33.812500000000014,44,2,51,42,0.047619047619047616,1.0476190476190477,True,unassessed
936,ARM6_542_R,6,mapped,1558.0,SR_ic,SR_internal_capsule,230.7343750000001,3,2,51,42,0.047619047619047616,0.07142857142857142,True,unassessed
936,ARM6_542_R,6,mapped,1560.0,SR_Acb,SR_accumbens,94.96875000000004,24,5,51,42,0.11904761904761904,0.5714285714285714,True,unassessed
936,ARM6_542_R,6,mapped,1567.0,SR_ac,SR_anterior_commissure,77.82812500000003,47,7,51,42,0.16666666666666666,1.119047619047619,True,unassessed
936,ARM6_542_R,6,mapped,1571.0,SR_PeB,SR_peri-basal_region,12.453125000000005,1,1,51,42,0.023809523809523808,0.023809523809523808,True,unassessed
936,ARM6_542_R,6,mapped,1573.0,SR_ST,SR_bed_nucleus_of_the_stria_terminalis,42.00000000000002,2,1,51,42,0.023809523809523808,0.047619047619047616,True,unassessed
936,ARM6_542_R,6,mapped,1578.0,SR_opt,SR_optic_tract,151.82812500000006,1,1,51,42,0.023809523809523808,0.023809523809523808,True,unassessed
936,ARM6_542_R,6,mapped,1598.0,SR_PLH,SR_peduncular_lateral_hypothalamus,56.84375000000003,3,1,51,42,0.023809523809523808,0.07142857142857142,True,unassessed
936,ARM6_542_R,6,mapped,1599.0,SR_STh,SR_subthalamic_nucleus,22.20312500000001,1,1,51,42,0.023809523809523808,0.023809523809523808,True,unassessed
936,ARM6_542_R,6,mapped,1626.0,SR_MD,SR_mediodorsal_thalamus,78.81250000000003,24,2,51,42,0.047619047619047616,0.5714285714285714,True,unassessed
936,ARM6_542_R,6,mapped,1628.0,SR_IMD,SR_intermediodorsal_thalamus,11.781250000000005,38,2,51,42,0.047619047619047616,0.9047619047619048,True,unassessed
936,ARM6_542_R,6,mapped,1633.0,SR_CM,SR_central_medial_thalamus,12.453125000000005,5,1,51,42,0.023809523809523808,0.11904761904761904,True,unassessed
936,ARM6_542_R,6,mapped,1647.0,SR_VM,SR_ventral_medial_thalamus,20.95312500000001,3,1,51,42,0.023809523809523808,0.07142857142857142,True,unassessed
936,ARM6_542_R,6,mapped,1703.0,SR_PR-RI,SR_prerubral_field,3.0468750000000013,1,1,51,42,0.023809523809523808,0.023809523809523808,True,unassessed
936,ARM6_542_R,6,mapped,1706.0,SR_SN,SR_substantia_nigra,111.21875000000004,2,1,51,42,0.023809523809523808,0.047619047619047616,True,unassessed
936,ARM6_542_R,6,zero_unassigned,0.0,,,,449,27,51,42,0.6428571428571429,10.69047619047619,True,unassessed
936,ARM6_549_R,1,mapped,1.0,CL_Frontal,CL_Frontal_Lobe,6154.890625000003,5,2,35,32,0.0625,0.15625,True,unassessed
936,ARM6_549_R,1,mapped,138.0,CL_Temporal,CL_Temporal_Lobe,4285.390625000002,5,1,35,32,0.03125,0.15625,True,unassessed
936,ARM6_549_R,1,mapped,501.0,CR_Frontal,CR_Frontal_Lobe,6154.890625000003,1267,29,35,32,0.90625,39.59375,True,unassessed
936,ARM6_549_R,1,mapped,590.0,CR_Parietal,CR_Parietal_Lobe,3774.453125000002,20,3,35,32,0.09375,0.625,True,unassessed
936,ARM6_549_R,1,mapped,638.0,CR_Temporal,CR_Temporal_Lobe,4285.390625000002,127,4,35,32,0.125,3.96875,True,unassessed
936,ARM6_549_R,1,mapped,1286.0,SL_myel,SL_myelencephalon,472.2343750000002,4,1,35,32,0.03125,0.125,True,unassessed
936,ARM6_549_R,1,mapped,1501.0,SR_tel,SR_telencephalon,3805.562500000002,382,10,35,32,0.3125,11.9375,True,unassessed
936,ARM6_549_R,1,mapped,1582.0,SR_di,SR_diencephalon,1285.0937500000007,12,2,35,32,0.0625,0.375,True,unassessed
936,ARM6_549_R,1,mapped,1669.0,SR_mes,SR_mesencephalon,635.8437500000002,20,1,35,32,0.03125,0.625,True,unassessed
936,ARM6_549_R,1,mapped,1711.0,SR_met,SR_metencephalon,4219.281250000002,15,2,35,32,0.0625,0.46875,True,unassessed
936,ARM6_549_R,1,mapped,1786.0,SR_myel,SR_myelencephalon,472.2343750000002,3,2,35,32,0.0625,0.09375,True,unassessed
936,ARM6_549_R,1,zero_unassigned,0.0,,,,288,25,35,32,0.78125,9.0,True,unassessed
936,ARM6_549_R,2,mapped,16.0,CL_OFC,CL_orbital_frontal_cortex,1344.9218750000007,4,1,35,32,0.03125,0.125,True,unassessed
936,ARM6_549_R,2,mapped,77.0,CL_motor,CL_motor_cortex,2542.000000000001,1,1,35,32,0.03125,0.03125,True,unassessed
936,ARM6_549_R,2,mapped,224.0,CL_floor_of_ls,CL_floor_of_the_lateral_sulcus,303.2968750000001,5,1,35,32,0.03125,0.15625,True,unassessed
936,ARM6_549_R,2,mapped,516.0,CR_OFC,CR_orbital_frontal_cortex,1344.9218750000007,975,28,35,32,0.875,30.46875,True,unassessed
936,ARM6_549_R,2,mapped,550.0,CR_lat_PFC,CR_lateral_prefrontal_cortex,1665.2031250000007,43,3,35,32,0.09375,1.34375,True,unassessed
936,ARM6_549_R,2,mapped,577.0,CR_motor,CR_motor_cortex,2542.000000000001,249,10,35,32,0.3125,7.78125,True,unassessed
936,ARM6_549_R,2,mapped,591.0,CR_SI/SII,CR_somatosensory_cortex,1186.0000000000005,20,3,35,32,0.09375,0.625,True,unassessed
936,ARM6_549_R,2,mapped,639.0,CR_MTL,CR_medial_temporal_lobe,423.42187500000017,20,1,35,32,0.03125,0.625,True,unassessed
936,ARM6_549_R,2,mapped,665.0,CR_TG,CR_temporal_pole,315.5156250000001,8,1,35,32,0.03125,0.25,True,unassessed
936,ARM6_549_R,2,mapped,675.0,CR_ITC,CR_inferior_temporal_cortex,1884.890625000001,1,1,35,32,0.03125,0.03125,True,unassessed
936,ARM6_549_R,2,mapped,724.0,CR_floor_of_ls,CR_floor_of_the_lateral_sulcus,303.2968750000001,98,4,35,32,0.125,3.0625,True,unassessed
936,ARM6_549_R,2,mapped,1287.0,SL_Med,SL_medulla,472.2343750000002,4,1,35,32,0.03125,0.125,True,unassessed
936,ARM6_549_R,2,mapped,1502.0,SR_LVPal,SR_lateral_and_ventral_pallium,309.6718750000001,13,8,35,32,0.25,0.40625,True,unassessed
936,ARM6_549_R,2,mapped,1524.0,SR_Amy,SR_amygdala,302.0000000000001,68,3,35,32,0.09375,2.125,True,unassessed
936,ARM6_549_R,2,mapped,1550.0,SR_BG,SR_basal_ganglia,2261.015625000001,273,6,35,32,0.1875,8.53125,True,unassessed
936,ARM6_549_R,2,mapped,1569.0,SR_DSP,SR_diagonal_subpallium,182.70312500000009,28,2,35,32,0.0625,0.875,True,unassessed
936,ARM6_549_R,2,mapped,1583.0,SR_Hy,SR_hypothalamus,235.7812500000001,11,2,35,32,0.0625,0.34375,True,unassessed
936,ARM6_549_R,2,mapped,1611.0,SR_PreThal,SR_prethalamus,37.375000000000014,1,1,35,32,0.03125,0.03125,True,unassessed
936,ARM6_549_R,2,mapped,1670.0,SR_Mid,SR_midbrain,635.8437500000002,20,1,35,32,0.03125,0.625,True,unassessed
936,ARM6_549_R,2,mapped,1712.0,SR_Pons,SR_pons,782.1093750000003,15,2,35,32,0.0625,0.46875,True,unassessed
936,ARM6_549_R,2,mapped,1787.0,SR_Med,SR_medulla,472.2343750000002,3,2,35,32,0.0625,0.09375,True,unassessed
936,ARM6_549_R,2,zero_unassigned,0.0,,,,288,25,35,32,0.78125,9.0,True,unassessed
936,ARM6_549_R,3,mapped,37.0,CL_caudal_OFC,CL_caudal_orbital_frontal_cortex,331.17187500000017,4,1,35,32,0.03125,0.125,True,unassessed
936,ARM6_549_R,3,mapped,78.0,CL_M1/PM,CL_lateral_motor_cortex,2230.484375000001,1,1,35,32,0.03125,0.03125,True,unassessed
936,ARM6_549_R,3,mapped,224.0,CL_floor_of_ls,CL_floor_of_the_lateral_sulcus,303.2968750000001,5,1,35,32,0.03125,0.15625,True,unassessed
936,ARM6_549_R,3,mapped,525.0,CR_lat_OFC,CR_lateral_orbital_frontal_cortex,708.1406250000003,338,9,35,32,0.28125,10.5625,True,unassessed
936,ARM6_549_R,3,mapped,537.0,CR_caudal_OFC,CR_caudal_orbital_frontal_cortex,331.17187500000017,637,28,35,32,0.875,19.90625,True,unassessed
936,ARM6_549_R,3,mapped,564.0,CR_vlPFC,CR_ventrolateral_prefrontal_cortex,680.8593750000003,43,3,35,32,0.09375,1.34375,True,unassessed
936,ARM6_549_R,3,mapped,578.0,CR_M1/PM,CR_lateral_motor_cortex,2230.484375000001,249,10,35,32,0.3125,7.78125,True,unassessed
936,ARM6_549_R,3,mapped,595.0,CR_SII,CR_secondary_somatosensory_cortex,285.3125000000001,20,3,35,32,0.09375,0.625,True,unassessed
936,ARM6_549_R,3,mapped,653.0,CR_Rh,CR_rhinal_cortex,280.2343750000001,20,1,35,32,0.03125,0.625,True,unassessed
936,ARM6_549_R,3,mapped,665.0,CR_TG,CR_temporal_pole,315.5156250000001,8,1,35,32,0.03125,0.25,True,unassessed
936,ARM6_549_R,3,mapped,688.0,CR_STSf,CR_fundus_of_the_superior_temporal_sulcus,425.15625000000017,1,1,35,32,0.03125,0.03125,True,unassessed
936,ARM6_549_R,3,mapped,724.0,CR_floor_of_ls,CR_floor_of_the_lateral_sulcus,303.2968750000001,98,4,35,32,0.125,3.0625,True,unassessed
936,ARM6_549_R,3,mapped,1306.0,SL_IMed,SL_intermediate_medulla,134.78125000000006,4,1,35,32,0.03125,0.125,True,unassessed
936,ARM6_549_R,3,mapped,1503.0,SR_LPal,SR_lateral_pallium,255.1562500000001,10,7,35,32,0.21875,0.3125,True,unassessed
936,ARM6_549_R,3,mapped,1505.0,SR_VPal,SR_ventral_pallium,54.51562500000002,3,1,35,32,0.03125,0.09375,True,unassessed
936,ARM6_549_R,3,mapped,1525.0,SR_pAmy,SR_pallial_amygdala,217.79687500000009,16,1,35,32,0.03125,0.5,True,unassessed
936,ARM6_549_R,3,mapped,1540.0,SR_spAmy,SR_subpallial_amygdala,84.20312500000004,52,3,35,32,0.09375,1.625,True,unassessed
936,ARM6_549_R,3,mapped,1551.0,SR_Str,SR_striatum,1922.421875000001,224,6,35,32,0.1875,7.0,True,unassessed
936,ARM6_549_R,3,mapped,1562.0,SR_Pd,SR_pallidum,338.59375000000017,49,5,35,32,0.15625,1.53125,True,unassessed
936,ARM6_549_R,3,mapped,1569.0,SR_DSP,SR_diagonal_subpallium,182.70312500000009,28,2,35,32,0.0625,0.875,True,unassessed
936,ARM6_549_R,3,mapped,1584.0,SR_THy,SR_tuberal_hypothalamus,154.64062500000006,11,2,35,32,0.0625,0.34375,True,unassessed
936,ARM6_549_R,3,mapped,1612.0,SR_ZI-H,SR_zona_incerta_and_lenticular_fascicles,37.375000000000014,1,1,35,32,0.03125,0.03125,True,unassessed
936,ARM6_549_R,3,mapped,1700.0,SR_VMid,SR_ventral_midbrain,261.3593750000001,20,1,35,32,0.03125,0.625,True,unassessed
936,ARM6_549_R,3,mapped,1713.0,SR_DPons,SR_dorsal_pons,69.45312500000003,5,1,35,32,0.03125,0.15625,True,unassessed
936,ARM6_549_R,3,mapped,1726.0,SR_LPons,SR_lateral_pons,27.73437500000001,1,1,35,32,0.03125,0.03125,True,unassessed
936,ARM6_549_R,3,mapped,1731.0,SR_VPons,SR_ventral_pons,684.9218750000003,9,2,35,32,0.0625,0.28125,True,unassessed
936,ARM6_549_R,3,mapped,1818.0,SR_VMed,SR_ventral_medulla,111.59375000000004,3,2,35,32,0.0625,0.09375,True,unassessed
936,ARM6_549_R,3,zero_unassigned,0.0,,,,288,25,35,32,0.78125,9.0,True,unassessed
936,ARM6_549_R,4,mapped,47.0,CL_cl_OFC,CL_caudolateral_orbitofrontal_cortex,136.07812500000006,4,1,35,32,0.03125,0.125,True,unassessed
936,ARM6_549_R,4,mapped,80.0,CL_PM,CL_premotor_cortex,1468.3593750000007,1,1,35,32,0.03125,0.03125,True,unassessed
936,ARM6_549_R,4,mapped,225.0,CL_Ins/Pi,CL_insula_and_parainsula,288.1875000000001,5,1,35,32,0.03125,0.15625,True,unassessed
936,ARM6_549_R,4,mapped,526.0,CR_areas_11/13,CR_areas_11_and_13,557.4062500000002,97,4,35,32,0.125,3.03125,True,unassessed
936,ARM6_549_R,4,mapped,534.0,CR_area_12m/o,CR_medial_and_orbital_area_12,150.73437500000006,241,8,35,32,0.25,7.53125,True,unassessed
936,ARM6_549_R,4,mapped,538.0,CR_OFa-p,CR_agranular_orbitofrontal_cortex,169.45312500000009,211,25,35,32,0.78125,6.59375,True,unassessed
936,ARM6_549_R,4,mapped,547.0,CR_cl_OFC,CR_caudolateral_orbitofrontal_cortex,136.07812500000006,426,24,35,32,0.75,13.3125,True,unassessed
936,ARM6_549_R,4,mapped,565.0,CR_rostral_vlPFC,CR_rostral_ventrolateral_prefrontal_cortex,465.9531250000002,32,3,35,32,0.09375,1.0,True,unassessed
936,ARM6_549_R,4,mapped,572.0,CR_caudal_vlPFC,CR_caudal_ventrolateral_prefrontal_cortex,214.90625000000009,11,1,35,32,0.03125,0.34375,True,unassessed
936,ARM6_549_R,4,mapped,580.0,CR_PM,CR_premotor_cortex,1468.3593750000007,249,10,35,32,0.3125,7.78125,True,unassessed
936,ARM6_549_R,4,mapped,595.0,CR_SII,CR_secondary_somatosensory_cortex,285.3125000000001,20,3,35,32,0.09375,0.625,True,unassessed
936,ARM6_549_R,4,mapped,654.0,CR_ERh,CR_entorhinal_cortex,130.48437500000006,9,1,35,32,0.03125,0.28125,True,unassessed
936,ARM6_549_R,4,mapped,660.0,CR_PRh,CR_perirhinal_cortex,149.75000000000006,11,1,35,32,0.03125,0.34375,True,unassessed
936,ARM6_549_R,4,mapped,666.0,CR_TGa,CR_agranular_temporal_pole,76.29687500000003,1,1,35,32,0.03125,0.03125,True,unassessed
936,ARM6_549_R,4,mapped,667.0,CR_TGg/TGd,CR_granular_and_dysgranular_temporal_pole,239.2187500000001,7,1,35,32,0.03125,0.21875,True,unassessed
936,ARM6_549_R,4,mapped,688.0,CR_STSf,CR_fundus_of_the_superior_temporal_sulcus,425.15625000000017,1,1,35,32,0.03125,0.03125,True,unassessed
936,ARM6_549_R,4,mapped,725.0,CR_Ins/Pi,CR_insula_and_parainsula,288.1875000000001,98,4,35,32,0.125,3.0625,True,unassessed
936,ARM6_549_R,4,mapped,1310.0,SL_MedRet,SL_medullar_reticulum,121.06250000000006,4,1,35,32,0.03125,0.125,True,unassessed
936,ARM6_549_R,4,mapped,1504.0,SR_Cl,SR_claustrum,255.1562500000001,10,7,35,32,0.21875,0.3125,True,unassessed
936,ARM6_549_R,4,mapped,1506.0,SR_En,SR_endopiriform_claustrum,23.71875000000001,3,1,35,32,0.03125,0.09375,True,unassessed
936,ARM6_549_R,4,mapped,1526.0,SR_vpAmy,SR_ventropallial_amygdala,87.81250000000004,6,1,35,32,0.03125,0.1875,True,unassessed
936,ARM6_549_R,4,mapped,1530.0,SR_lpAmy,SR_lateropallial_amygdala,129.98437500000006,10,1,35,32,0.03125,0.3125,True,unassessed
936,ARM6_549_R,4,mapped,1541.0,SR_stAmy,SR_striatal_amygdala,13.843750000000005,29,2,35,32,0.0625,0.90625,True,unassessed
936,ARM6_549_R,4,mapped,1543.0,SR_mAmy,SR_medial_amygdala,40.71875000000002,17,2,35,32,0.0625,0.53125,True,unassessed
936,ARM6_549_R,4,mapped,1546.0,SR_pdAmy,SR_pallidal_amygdala,29.640625000000014,6,3,35,32,0.09375,0.1875,True,unassessed
936,ARM6_549_R,4,mapped,1552.0,SR_DStr,SR_dorsal_striatum,1809.218750000001,219,6,35,32,0.1875,6.84375,True,unassessed
936,ARM6_549_R,4,mapped,1559.0,SR_VStr,SR_ventral_striatum,113.20312500000006,5,2,35,32,0.0625,0.15625,True,unassessed
936,ARM6_549_R,4,mapped,1562.0,SR_Pd,SR_pallidum,338.59375000000017,49,5,35,32,0.15625,1.53125,True,unassessed
936,ARM6_549_R,4,mapped,1570.0,SR_BR,SR_basal_nucleus_region,38.000000000000014,11,1,35,32,0.03125,0.34375,True,unassessed
936,ARM6_549_R,4,mapped,1573.0,SR_ST,SR_bed_nucleus_of_the_stria_terminalis,42.00000000000002,17,1,35,32,0.03125,0.53125,True,unassessed
936,ARM6_549_R,4,mapped,1591.0,SR_DTHy,SR_dorsal_tuberal_hypothalamus,114.42187500000006,11,2,35,32,0.0625,0.34375,True,unassessed
936,ARM6_549_R,4,mapped,1612.0,SR_ZI-H,SR_zona_incerta_and_lenticular_fascicles,37.375000000000014,1,1,35,32,0.03125,0.03125,True,unassessed
936,ARM6_549_R,4,mapped,1704.0,SR_DA_Mid,SR_midbrain_dopaminergic_complex,222.89062500000009,20,1,35,32,0.03125,0.625,True,unassessed
936,ARM6_549_R,4,mapped,1714.0,SR_PBC,SR_parabrachial_complex,45.84375000000002,5,1,35,32,0.03125,0.15625,True,unassessed
936,ARM6_549_R,4,mapped,1727.0,SR_ll+,SR_lateral_lemniscus_complex,27.73437500000001,1,1,35,32,0.03125,0.03125,True,unassessed
936,ARM6_549_R,4,mapped,1732.0,SR_retPons,SR_pontine_reticulum,135.50000000000006,2,1,35,32,0.03125,0.0625,True,unassessed
936,ARM6_549_R,4,mapped,1742.0,SR_Pn+,SR_pontine_nucleus_region,492.9218750000002,7,1,35,32,0.03125,0.21875,True,unassessed
936,ARM6_549_R,4,mapped,1819.0,SR_PreCbMed,SR_precerebellar_medulla,64.70312500000003,2,1,35,32,0.03125,0.0625,True,unassessed
936,ARM6_549_R,4,mapped,1822.0,SR_vmt,SR_ventral_medullar_tracts,46.89062500000002,1,1,35,32,0.03125,0.03125,True,unassessed
936,ARM6_549_R,4,zero_unassigned,0.0,,,,288,25,35,32,0.78125,9.0,True,unassessed
936,ARM6_549_R,5,mapped,48.0,CL_G,CL_gustatory_cortex,40.12500000000002,4,1,35,32,0.03125,0.125,True,unassessed
936,ARM6_549_R,5,mapped,84.0,CL_PMv,CL_ventral_premotor_cortex,700.6093750000003,1,1,35,32,0.03125,0.03125,True,unassessed
936,ARM6_549_R,5,mapped,227.0,CL_Ins,CL_insula,260.9062500000001,5,1,35,32,0.03125,0.15625,True,unassessed
936,ARM6_549_R,5,mapped,527.0,CR_area_11,CR_area_11,138.23437500000006,41,2,35,32,0.0625,1.28125,True,unassessed
936,ARM6_549_R,5,mapped,530.0,CR_area_13,CR_area_13,419.17187500000017,56,4,35,32,0.125,1.75,True,unassessed
936,ARM6_549_R,5,mapped,534.0,CR_area_12m/o,CR_medial_and_orbital_area_12,150.73437500000006,241,8,35,32,0.25,7.53125,True,unassessed
936,ARM6_549_R,5,mapped,539.0,CR_Iam/Iapm,CR_medial_agranular_insular_region,24.17187500000001,15,1,35,32,0.03125,0.46875,True,unassessed
936,ARM6_549_R,5,mapped,540.0,CR_lat_Ia,CR_lateral_agranular_insular_region,145.28125000000006,196,25,35,32,0.78125,6.125,True,unassessed
936,ARM6_549_R,5,mapped,548.0,CR_G,CR_gustatory_cortex,40.12500000000002,29,3,35,32,0.09375,0.90625,True,unassessed
936,ARM6_549_R,5,mapped,549.0,CR_PrCO,CR_precentral_operular_area,95.95312500000004,397,24,35,32,0.75,12.40625,True,unassessed
936,ARM6_549_R,5,mapped,569.0,CR_area_12r/l,CR_rostral_and_lateral_area_12,149.23437500000006,32,3,35,32,0.09375,1.0,True,unassessed
936,ARM6_549_R,5,mapped,573.0,CR_area_45,CR_area_45,165.54687500000009,8,1,35,32,0.03125,0.25,True,unassessed
936,ARM6_549_R,5,mapped,576.0,CR_area_44,CR_area_44,49.35937500000002,3,1,35,32,0.03125,0.09375,True,unassessed
936,ARM6_549_R,5,mapped,581.0,CR_PMd,CR_dorsal_premotor_cortex,767.7500000000003,4,1,35,32,0.03125,0.125,True,unassessed
936,ARM6_549_R,5,mapped,584.0,CR_PMv,CR_ventral_premotor_cortex,700.6093750000003,245,10,35,32,0.3125,7.65625,True,unassessed
936,ARM6_549_R,5,mapped,595.0,CR_SII,CR_secondary_somatosensory_cortex,285.3125000000001,20,3,35,32,0.09375,0.625,True,unassessed
936,ARM6_549_R,5,mapped,658.0,CR_mid_ERh,CR_middle_entorhinal_cortex,31.984375000000014,3,1,35,32,0.03125,0.09375,True,unassessed
936,ARM6_549_R,5,mapped,659.0,CR_rostral_ERh,CR_rostral_entorhinal_cortex,47.82812500000002,6,1,35,32,0.03125,0.1875,True,unassessed
936,ARM6_549_R,5,mapped,661.0,CR_area_35,CR_area_35,34.593750000000014,10,1,35,32,0.03125,0.3125,True,unassessed
936,ARM6_549_R,5,mapped,662.0,CR_area_36,CR_area_36,115.15625000000006,1,1,35,32,0.03125,0.03125,True,unassessed
936,ARM6_549_R,5,mapped,666.0,CR_TGa,CR_agranular_temporal_pole,76.29687500000003,1,1,35,32,0.03125,0.03125,True,unassessed
936,ARM6_549_R,5,mapped,668.0,CR_TGd,CR_dysgranular_temporal_pole,91.85937500000004,7,1,35,32,0.03125,0.21875,True,unassessed
936,ARM6_549_R,5,mapped,689.0,CR_ant_STSf,CR_anterior_fundus_of_the_superior_temporal_sulcus,332.81250000000017,1,1,35,32,0.03125,0.03125,True,unassessed
936,ARM6_549_R,5,mapped,726.0,CR_Pi,CR_parainsula,27.28125000000001,4,1,35,32,0.03125,0.125,True,unassessed
936,ARM6_549_R,5,mapped,727.0,CR_Ins,CR_insula,260.9062500000001,94,4,35,32,0.125,2.9375,True,unassessed
936,ARM6_549_R,5,mapped,1313.0,SL_Gi,SL_gigantocellular_reticular_nucleus,70.50000000000003,4,1,35,32,0.03125,0.125,True,unassessed
936,ARM6_549_R,5,mapped,1504.0,SR_Cl,SR_claustrum,255.1562500000001,10,7,35,32,0.21875,0.3125,True,unassessed
936,ARM6_549_R,5,mapped,1508.0,SR_VEn,SR_ventral_endopiriform_claustrum,9.515625000000004,3,1,35,32,0.03125,0.09375,True,unassessed
936,ARM6_549_R,5,mapped,1527.0,SR_BM,SR_basomedial_amygdaloid_nucleus,47.84375000000002,6,1,35,32,0.03125,0.1875,True,unassessed
936,ARM6_549_R,5,mapped,1535.0,SR_BL,SR_basolateral_amygdaloid_nucleus,47.54687500000002,10,1,35,32,0.03125,0.3125,True,unassessed
936,ARM6_549_R,5,mapped,1542.0,SR_Ce,SR_central_amygdaloid_nucleus,13.843750000000005,29,2,35,32,0.0625,0.90625,True,unassessed
936,ARM6_549_R,5,mapped,1544.0,SR_Me,SR_medial_amygdaloid_nucleus,16.984375000000007,10,2,35,32,0.0625,0.3125,True,unassessed
936,ARM6_549_R,5,mapped,1545.0,SR_AA,SR_anterior_amygdaloid_area,23.73437500000001,7,2,35,32,0.0625,0.21875,True,unassessed
936,ARM6_549_R,5,mapped,1548.0,SR_IPAC,SR_posterior_interstitial_nucleus,4.906250000000002,2,2,35,32,0.0625,0.0625,True,unassessed
936,ARM6_549_R,5,mapped,1549.0,SR_STIA,SR_intraamygdaloid_stria_terminalis,15.593750000000007,4,2,35,32,0.0625,0.125,True,unassessed
936,ARM6_549_R,5,mapped,1553.0,SR_Cd,SR_caudate,649.5625000000003,48,3,35,32,0.09375,1.5,True,unassessed
936,ARM6_549_R,5,mapped,1556.0,SR_Pu,SR_putamen,895.1093750000003,146,4,35,32,0.125,4.5625,True,unassessed
936,ARM6_549_R,5,mapped,1557.0,SR_ASt,SR_amygdalostriatal_transition,33.812500000000014,17,3,35,32,0.09375,0.53125,True,unassessed
936,ARM6_549_R,5,mapped,1558.0,SR_ic,SR_internal_capsule,230.7343750000001,8,2,35,32,0.0625,0.25,True,unassessed
936,ARM6_549_R,5,mapped,1560.0,SR_Acb,SR_accumbens,94.96875000000004,5,2,35,32,0.0625,0.15625,True,unassessed
936,ARM6_549_R,5,mapped,1563.0,SR_GP,SR_globus_pallidus,239.7656250000001,8,1,35,32,0.03125,0.25,True,unassessed
936,ARM6_549_R,5,mapped,1567.0,SR_ac,SR_anterior_commissure,77.82812500000003,40,4,35,32,0.125,1.25,True,unassessed
936,ARM6_549_R,5,mapped,1568.0,SR_VP,SR_ventral_pallidum,21.00000000000001,1,1,35,32,0.03125,0.03125,True,unassessed
936,ARM6_549_R,5,mapped,1570.0,SR_BR,SR_basal_nucleus_region,38.000000000000014,11,1,35,32,0.03125,0.34375,True,unassessed
936,ARM6_549_R,5,mapped,1573.0,SR_ST,SR_bed_nucleus_of_the_stria_terminalis,42.00000000000002,17,1,35,32,0.03125,0.53125,True,unassessed
936,ARM6_549_R,5,mapped,1595.0,SR_LHy,SR_lateral_hypothalamic_region,77.43750000000003,11,2,35,32,0.0625,0.34375,True,unassessed
936,ARM6_549_R,5,mapped,1612.0,SR_ZI-H,SR_zona_incerta_and_lenticular_fascicles,37.375000000000014,1,1,35,32,0.03125,0.03125,True,unassessed
936,ARM6_549_R,5,mapped,1705.0,SR_RF,SR_retrorubral_field,5.734375000000003,1,1,35,32,0.03125,0.03125,True,unassessed
936,ARM6_549_R,5,mapped,1706.0,SR_SN,SR_substantia_nigra,111.21875000000004,11,1,35,32,0.03125,0.34375,True,unassessed
936,ARM6_549_R,5,mapped,1707.0,SR_VTA,SR_ventral_tegmental_area,24.42187500000001,3,1,35,32,0.03125,0.09375,True,unassessed
936,ARM6_549_R,5,mapped,1710.0,SR_cp,SR_cerebral_peduncle,70.39062500000003,5,1,35,32,0.03125,0.15625,True,unassessed
936,ARM6_549_R,5,mapped,1714.0,SR_PBC,SR_parabrachial_complex,45.84375000000002,5,1,35,32,0.03125,0.15625,True,unassessed
936,ARM6_549_R,5,mapped,1728.0,SR_ll,SR_lateral_lemniscus,23.67187500000001,1,1,35,32,0.03125,0.03125,True,unassessed
936,ARM6_549_R,5,mapped,1733.0,SR_SubC,SR_subceruleus,13.984375000000005,1,1,35,32,0.03125,0.03125,True,unassessed
936,ARM6_549_R,5,mapped,1736.0,SR_PnO,SR_pontine_reticulum_oral,45.07812500000002,1,1,35,32,0.03125,0.03125,True,unassessed
936,ARM6_549_R,5,mapped,1743.0,SR_Pn,SR_pontine_nucleus,254.6875000000001,6,1,35,32,0.03125,0.1875,True,unassessed
936,ARM6_549_R,5,mapped,1744.0,SR_spf,SR_pontine_fibers,238.2343750000001,1,1,35,32,0.03125,0.03125,True,unassessed
936,ARM6_549_R,5,mapped,1820.0,SR_InO,SR_inferior_olive,52.23437500000002,2,1,35,32,0.03125,0.0625,True,unassessed
936,ARM6_549_R,5,mapped,1823.0,SR_py,SR_pyramidal_tract,46.54687500000002,1,1,35,32,0.03125,0.03125,True,unassessed
936,ARM6_549_R,5,zero_unassigned,0.0,,,,288,25,35,32,0.78125,9.0,True,unassessed
936,ARM6_549_R,6,mapped,48.0,CL_G,CL_gustatory_cortex,40.12500000000002,4,1,35,32,0.03125,0.125,True,unassessed
936,ARM6_549_R,6,mapped,86.0,CL_F5,CL_area_F5_of_ventral_premotor_cortex,434.01562500000017,1,1,35,32,0.03125,0.03125,True,unassessed
936,ARM6_549_R,6,mapped,228.0,CL_Ia/Id,CL_agranular_and_dysgranular_insula,164.56250000000009,5,1,35,32,0.03125,0.15625,True,unassessed
936,ARM6_549_R,6,mapped,529.0,CR_area_11l,CR_lateral_area_11,72.23437500000003,41,2,35,32,0.0625,1.28125,True,unassessed
936,ARM6_549_R,6,mapped,532.0,CR_area_13m,CR_medial_area_13,174.45312500000009,44,3,35,32,0.09375,1.375,True,unassessed
936,ARM6_549_R,6,mapped,533.0,CR_area_13l,CR_lateral_area_13,120.60937500000006,12,4,35,32,0.125,0.375,True,unassessed
936,ARM6_549_R,6,mapped,535.0,CR_area_12m,CR_medial_area_12,82.07812500000004,104,3,35,32,0.09375,3.25,True,unassessed
936,ARM6_549_R,6,mapped,536.0,CR_area_12o,CR_orbital_area_12,68.65625000000003,137,6,35,32,0.1875,4.28125,True,unassessed
936,ARM6_549_R,6,mapped,539.0,CR_Iam/Iapm,CR_medial_agranular_insular_region,24.17187500000001,15,1,35,32,0.03125,0.46875,True,unassessed
936,ARM6_549_R,6,mapped,541.0,CR_Iai,CR_intermediate_agranular_insula_area,81.48437500000004,77,12,35,32,0.375,2.40625,True,unassessed
936,ARM6_549_R,6,mapped,542.0,CR_Ial,CR_lateral_agranular_insula_area,47.98437500000002,114,18,35,32,0.5625,3.5625,True,unassessed
936,ARM6_549_R,6,mapped,543.0,CR_Iapl,CR_posterior_lateral_agranular_insula_area,15.812500000000007,5,3,35,32,0.09375,0.15625,True,unassessed
936,ARM6_549_R,6,mapped,548.0,CR_G,CR_gustatory_cortex,40.12500000000002,29,3,35,32,0.09375,0.90625,True,unassessed
936,ARM6_549_R,6,mapped,549.0,CR_PrCO,CR_precentral_operular_area,95.95312500000004,397,24,35,32,0.75,12.40625,True,unassessed
936,ARM6_549_R,6,mapped,570.0,CR_area_12l,CR_lateral_area_12,61.20312500000003,32,3,35,32,0.09375,1.0,True,unassessed
936,ARM6_549_R,6,mapped,574.0,CR_area_45a,CR_area_45a,90.45312500000004,8,1,35,32,0.03125,0.25,True,unassessed
936,ARM6_549_R,6,mapped,576.0,CR_area_44,CR_area_44,49.35937500000002,3,1,35,32,0.03125,0.09375,True,unassessed
936,ARM6_549_R,6,mapped,582.0,CR_PMdc,CR_caudal_dorsal_premotor_cortex,687.1875000000003,4,1,35,32,0.03125,0.125,True,unassessed
936,ARM6_549_R,6,mapped,585.0,CR_F4,CR_area_F4_of_ventral_premotor_cortex,266.5937500000001,37,5,35,32,0.15625,1.15625,True,unassessed
936,ARM6_549_R,6,mapped,586.0,CR_F5,CR_area_F5_of_ventral_premotor_cortex,434.01562500000017,208,9,35,32,0.28125,6.5,True,unassessed
936,ARM6_549_R,6,mapped,595.0,CR_SII,CR_secondary_somatosensory_cortex,285.3125000000001,20,3,35,32,0.09375,0.625,True,unassessed
936,ARM6_549_R,6,mapped,658.0,CR_mid_ERh,CR_middle_entorhinal_cortex,31.984375000000014,3,1,35,32,0.03125,0.09375,True,unassessed
936,ARM6_549_R,6,mapped,659.0,CR_rostral_ERh,CR_rostral_entorhinal_cortex,47.82812500000002,6,1,35,32,0.03125,0.1875,True,unassessed
936,ARM6_549_R,6,mapped,661.0,CR_area_35,CR_area_35,34.593750000000014,10,1,35,32,0.03125,0.3125,True,unassessed
936,ARM6_549_R,6,mapped,664.0,CR_area_36r/p,CR_rostral_and_polar_area_36,61.18750000000003,1,1,35,32,0.03125,0.03125,True,unassessed
936,ARM6_549_R,6,mapped,666.0,CR_TGa,CR_agranular_temporal_pole,76.29687500000003,1,1,35,32,0.03125,0.03125,True,unassessed
936,ARM6_549_R,6,mapped,670.0,CR_TGvd,CR_ventral_dysgranular_temporal_pole,21.12500000000001,7,1,35,32,0.03125,0.21875,True,unassessed
936,ARM6_549_R,6,mapped,690.0,CR_IPa,CR_area_IPa,200.31250000000009,1,1,35,32,0.03125,0.03125,True,unassessed
936,ARM6_549_R,6,mapped,726.0,CR_Pi,CR_parainsula,27.28125000000001,4,1,35,32,0.03125,0.125,True,unassessed
936,ARM6_549_R,6,mapped,728.0,CR_Ia/Id,CR_agranular_and_dysgranular_insula,164.56250000000009,94,4,35,32,0.125,2.9375,True,unassessed
936,ARM6_549_R,6,mapped,1313.0,SL_Gi,SL_gigantocellular_reticular_nucleus,70.50000000000003,4,1,35,32,0.03125,0.125,True,unassessed
936,ARM6_549_R,6,mapped,1504.0,SR_Cl,SR_claustrum,255.1562500000001,10,7,35,32,0.21875,0.3125,True,unassessed
936,ARM6_549_R,6,mapped,1508.0,SR_VEn,SR_ventral_endopiriform_claustrum,9.515625000000004,3,1,35,32,0.03125,0.09375,True,unassessed
936,ARM6_549_R,6,mapped,1527.0,SR_BM,SR_basomedial_amygdaloid_nucleus,47.84375000000002,6,1,35,32,0.03125,0.1875,True,unassessed
936,ARM6_549_R,6,mapped,1536.0,SR_BLD,SR_basolateral_dorsal_amygdaloid_nucleus,14.546875000000007,6,1,35,32,0.03125,0.1875,True,unassessed
936,ARM6_549_R,6,mapped,1537.0,SR_BLI,SR_basolateral_intermediate_amygdaloid_nucleus,13.343750000000005,4,1,35,32,0.03125,0.125,True,unassessed
936,ARM6_549_R,6,mapped,1542.0,SR_Ce,SR_central_amygdaloid_nucleus,13.843750000000005,29,2,35,32,0.0625,0.90625,True,unassessed
936,ARM6_549_R,6,mapped,1544.0,SR_Me,SR_medial_amygdaloid_nucleus,16.984375000000007,10,2,35,32,0.0625,0.3125,True,unassessed
936,ARM6_549_R,6,mapped,1545.0,SR_AA,SR_anterior_amygdaloid_area,23.73437500000001,7,2,35,32,0.0625,0.21875,True,unassessed
936,ARM6_549_R,6,mapped,1548.0,SR_IPAC,SR_posterior_interstitial_nucleus,4.906250000000002,2,2,35,32,0.0625,0.0625,True,unassessed
936,ARM6_549_R,6,mapped,1549.0,SR_STIA,SR_intraamygdaloid_stria_terminalis,15.593750000000007,4,2,35,32,0.0625,0.125,True,unassessed
936,ARM6_549_R,6,mapped,1554.0,SR_CdH,SR_caudate_head,566.5156250000002,48,3,35,32,0.09375,1.5,True,unassessed
936,ARM6_549_R,6,mapped,1556.0,SR_Pu,SR_putamen,895.1093750000003,146,4,35,32,0.125,4.5625,True,unassessed
936,ARM6_549_R,6,mapped,1557.0,SR_ASt,SR_amygdalostriatal_transition,33.812500000000014,17,3,35,32,0.09375,0.53125,True,unassessed
936,ARM6_549_R,6,mapped,1558.0,SR_ic,SR_internal_capsule,230.7343750000001,8,2,35,32,0.0625,0.25,True,unassessed
936,ARM6_549_R,6,mapped,1560.0,SR_Acb,SR_accumbens,94.96875000000004,5,2,35,32,0.0625,0.15625,True,unassessed
936,ARM6_549_R,6,mapped,1564.0,SR_EGP,SR_external_globus_pallidus,150.71875000000006,7,1,35,32,0.03125,0.21875,True,unassessed
936,ARM6_549_R,6,mapped,1565.0,SR_IGP,SR_internal_globus_pallidus,82.67187500000004,1,1,35,32,0.03125,0.03125,True,unassessed
936,ARM6_549_R,6,mapped,1567.0,SR_ac,SR_anterior_commissure,77.82812500000003,40,4,35,32,0.125,1.25,True,unassessed
936,ARM6_549_R,6,mapped,1568.0,SR_VP,SR_ventral_pallidum,21.00000000000001,1,1,35,32,0.03125,0.03125,True,unassessed
936,ARM6_549_R,6,mapped,1571.0,SR_PeB,SR_peri-basal_region,12.453125000000005,5,1,35,32,0.03125,0.15625,True,unassessed
936,ARM6_549_R,6,mapped,1572.0,SR_B,SR_basal_nucleus,25.54687500000001,6,1,35,32,0.03125,0.1875,True,unassessed
936,ARM6_549_R,6,mapped,1573.0,SR_ST,SR_bed_nucleus_of_the_stria_terminalis,42.00000000000002,17,1,35,32,0.03125,0.53125,True,unassessed
936,ARM6_549_R,6,mapped,1598.0,SR_PLH,SR_peduncular_lateral_hypothalamus,56.84375000000003,11,2,35,32,0.0625,0.34375,True,unassessed
936,ARM6_549_R,6,mapped,1612.0,SR_ZI-H,SR_zona_incerta_and_lenticular_fascicles,37.375000000000014,1,1,35,32,0.03125,0.03125,True,unassessed
936,ARM6_549_R,6,mapped,1705.0,SR_RF,SR_retrorubral_field,5.734375000000003,1,1,35,32,0.03125,0.03125,True,unassessed
936,ARM6_549_R,6,mapped,1706.0,SR_SN,SR_substantia_nigra,111.21875000000004,11,1,35,32,0.03125,0.34375,True,unassessed
936,ARM6_549_R,6,mapped,1707.0,SR_VTA,SR_ventral_tegmental_area,24.42187500000001,3,1,35,32,0.03125,0.09375,True,unassessed
936,ARM6_549_R,6,mapped,1710.0,SR_cp,SR_cerebral_peduncle,70.39062500000003,5,1,35,32,0.03125,0.15625,True,unassessed
936,ARM6_549_R,6,mapped,1716.0,SR_MPB,SR_medial_parabrachial_nucleus,7.8593750000000036,5,1,35,32,0.03125,0.15625,True,unassessed
936,ARM6_549_R,6,mapped,1728.0,SR_ll,SR_lateral_lemniscus,23.67187500000001,1,1,35,32,0.03125,0.03125,True,unassessed
936,ARM6_549_R,6,mapped,1733.0,SR_SubC,SR_subceruleus,13.984375000000005,1,1,35,32,0.03125,0.03125,True,unassessed
936,ARM6_549_R,6,mapped,1736.0,SR_PnO,SR_pontine_reticulum_oral,45.07812500000002,1,1,35,32,0.03125,0.03125,True,unassessed
936,ARM6_549_R,6,mapped,1743.0,SR_Pn,SR_pontine_nucleus,254.6875000000001,6,1,35,32,0.03125,0.1875,True,unassessed
936,ARM6_549_R,6,mapped,1747.0,SR_mcp,SR_medial_cerebellar_peduncle,214.40625000000009,1,1,35,32,0.03125,0.03125,True,unassessed
936,ARM6_549_R,6,mapped,1820.0,SR_InO,SR_inferior_olive,52.23437500000002,2,1,35,32,0.03125,0.0625,True,unassessed
936,ARM6_549_R,6,mapped,1823.0,SR_py,SR_pyramidal_tract,46.54687500000002,1,1,35,32,0.03125,0.03125,True,unassessed
936,ARM6_549_R,6,zero_unassigned,0.0,,,,288,25,35,32,0.78125,9.0,True,unassessed
936,ARM6_728_R,1,mapped,501.0,CR_Frontal,CR_Frontal_Lobe,6154.890625000003,223,7,60,51,0.13725490196078433,4.372549019607843,True,unassessed
936,ARM6_728_R,1,mapped,590.0,CR_Parietal,CR_Parietal_Lobe,3774.453125000002,306,13,60,51,0.2549019607843137,6.0,True,unassessed
936,ARM6_728_R,1,mapped,638.0,CR_Temporal,CR_Temporal_Lobe,4285.390625000002,4644,48,60,51,0.9411764705882353,91.05882352941177,True,unassessed
936,ARM6_728_R,1,mapped,1501.0,SR_tel,SR_telencephalon,3805.562500000002,1006,17,60,51,0.3333333333333333,19.725490196078432,True,unassessed
936,ARM6_728_R,1,mapped,1582.0,SR_di,SR_diencephalon,1285.0937500000007,10,2,60,51,0.0392156862745098,0.19607843137254902,True,unassessed
936,ARM6_728_R,1,mapped,1669.0,SR_mes,SR_mesencephalon,635.8437500000002,2,2,60,51,0.0392156862745098,0.0392156862745098,True,unassessed
936,ARM6_728_R,1,mapped,1711.0,SR_met,SR_metencephalon,4219.281250000002,3,2,60,51,0.0392156862745098,0.058823529411764705,True,unassessed
936,ARM6_728_R,1,out_of_FOV,,,,,1,1,60,51,0.0196078431372549,0.0196078431372549,True,unassessed
936,ARM6_728_R,1,zero_unassigned,0.0,,,,1830,44,60,51,0.8627450980392157,35.88235294117647,True,unassessed
936,ARM6_728_R,2,mapped,502.0,CR_ACgG,CR_anterior_cingulate_gyrus,602.7656250000002,85,1,60,51,0.0196078431372549,1.6666666666666667,True,unassessed
936,ARM6_728_R,2,mapped,516.0,CR_OFC,CR_orbital_frontal_cortex,1344.9218750000007,37,2,60,51,0.0392156862745098,0.7254901960784313,True,unassessed
936,ARM6_728_R,2,mapped,550.0,CR_lat_PFC,CR_lateral_prefrontal_cortex,1665.2031250000007,68,1,60,51,0.0196078431372549,1.3333333333333333,True,unassessed
936,ARM6_728_R,2,mapped,577.0,CR_motor,CR_motor_cortex,2542.000000000001,33,5,60,51,0.09803921568627451,0.6470588235294118,True,unassessed
936,ARM6_728_R,2,mapped,591.0,CR_SI/SII,CR_somatosensory_cortex,1186.0000000000005,220,13,60,51,0.2549019607843137,4.313725490196078,True,unassessed
936,ARM6_728_R,2,mapped,596.0,CR_SPL,CR_superior_parietal_lobule,852.2656250000003,2,1,60,51,0.0196078431372549,0.0392156862745098,True,unassessed
936,ARM6_728_R,2,mapped,612.0,CR_IPL,CR_inferior_parietal_lobule,1044.0156250000005,84,1,60,51,0.0196078431372549,1.6470588235294117,True,unassessed
936,ARM6_728_R,2,mapped,639.0,CR_MTL,CR_medial_temporal_lobe,423.42187500000017,242,6,60,51,0.11764705882352941,4.745098039215686,True,unassessed
936,ARM6_728_R,2,mapped,665.0,CR_TG,CR_temporal_pole,315.5156250000001,92,4,60,51,0.0784313725490196,1.803921568627451,True,unassessed
936,ARM6_728_R,2,mapped,675.0,CR_ITC,CR_inferior_temporal_cortex,1884.890625000001,234,7,60,51,0.13725490196078433,4.588235294117647,True,unassessed
936,ARM6_728_R,2,mapped,693.0,CR_STG/STSd,CR_superior_temporal_region,854.1250000000003,3,1,60,51,0.0196078431372549,0.058823529411764705,True,unassessed
936,ARM6_728_R,2,mapped,724.0,CR_floor_of_ls,CR_floor_of_the_lateral_sulcus,303.2968750000001,4073,47,60,51,0.9215686274509803,79.86274509803921,True,unassessed
936,ARM6_728_R,2,mapped,1502.0,SR_LVPal,SR_lateral_and_ventral_pallium,309.6718750000001,39,6,60,51,0.11764705882352941,0.7647058823529411,True,unassessed
936,ARM6_728_R,2,mapped,1510.0,SR_MPal,SR_medial_pallium,575.5000000000002,13,1,60,51,0.0196078431372549,0.2549019607843137,True,unassessed
936,ARM6_728_R,2,mapped,1524.0,SR_Amy,SR_amygdala,302.0000000000001,121,7,60,51,0.13725490196078433,2.372549019607843,True,unassessed
936,ARM6_728_R,2,mapped,1550.0,SR_BG,SR_basal_ganglia,2261.015625000001,827,11,60,51,0.21568627450980393,16.215686274509803,True,unassessed
936,ARM6_728_R,2,mapped,1569.0,SR_DSP,SR_diagonal_subpallium,182.70312500000009,3,1,60,51,0.0196078431372549,0.058823529411764705,True,unassessed
936,ARM6_728_R,2,mapped,1577.0,SR_POC,SR_preoptic_complex,174.67187500000009,3,1,60,51,0.0196078431372549,0.058823529411764705,True,unassessed
936,ARM6_728_R,2,mapped,1611.0,SR_PreThal,SR_prethalamus,37.375000000000014,1,1,60,51,0.0196078431372549,0.0196078431372549,True,unassessed
936,ARM6_728_R,2,mapped,1613.0,SR_Thal,SR_thalamus,970.0312500000005,9,1,60,51,0.0196078431372549,0.17647058823529413,True,unassessed
936,ARM6_728_R,2,mapped,1670.0,SR_Mid,SR_midbrain,635.8437500000002,2,2,60,51,0.0392156862745098,0.0392156862745098,True,unassessed
936,ARM6_728_R,2,mapped,1712.0,SR_Pons,SR_pons,782.1093750000003,3,2,60,51,0.0392156862745098,0.058823529411764705,True,unassessed
936,ARM6_728_R,2,out_of_FOV,,,,,1,1,60,51,0.0196078431372549,0.0196078431372549,True,unassessed
936,ARM6_728_R,2,zero_unassigned,0.0,,,,1830,44,60,51,0.8627450980392157,35.88235294117647,True,unassessed
936,ARM6_728_R,3,mapped,511.0,CR_MCC,CR_midcingulate_cortex,188.37500000000009,85,1,60,51,0.0196078431372549,1.6666666666666667,True,unassessed
936,ARM6_728_R,3,mapped,537.0,CR_caudal_OFC,CR_caudal_orbital_frontal_cortex,331.17187500000017,37,2,60,51,0.0392156862745098,0.7254901960784313,True,unassessed
936,ARM6_728_R,3,mapped,564.0,CR_vlPFC,CR_ventrolateral_prefrontal_cortex,680.8593750000003,68,1,60,51,0.0196078431372549,1.3333333333333333,True,unassessed
936,ARM6_728_R,3,mapped,578.0,CR_M1/PM,CR_lateral_motor_cortex,2230.484375000001,33,5,60,51,0.09803921568627451,0.6470588235294118,True,unassessed
936,ARM6_728_R,3,mapped,592.0,CR_SI,CR_primary_somatosensory_cortex,900.6875000000005,23,2,60,51,0.0392156862745098,0.45098039215686275,True,unassessed
936,ARM6_728_R,3,mapped,595.0,CR_SII,CR_secondary_somatosensory_cortex,285.3125000000001,197,13,60,51,0.2549019607843137,3.8627450980392157,True,unassessed
936,ARM6_728_R,3,mapped,607.0,CR_vm_IPS,CR_ventromedial_intraparietal_sulcus,309.7812500000001,2,1,60,51,0.0196078431372549,0.0392156862745098,True,unassessed
936,ARM6_728_R,3,mapped,613.0,CR_lat_IPS,CR_lateral_intraparietal_sulcus,333.00000000000017,2,1,60,51,0.0196078431372549,0.0392156862745098,True,unassessed
936,ARM6_728_R,3,mapped,620.0,CR_area_7_in_IPL,CR_area_7_in_the_inferior_parietal_lobule,560.8125000000002,82,1,60,51,0.0196078431372549,1.607843137254902,True,unassessed
936,ARM6_728_R,3,mapped,653.0,CR_Rh,CR_rhinal_cortex,280.2343750000001,242,6,60,51,0.11764705882352941,4.745098039215686,True,unassessed
936,ARM6_728_R,3,mapped,665.0,CR_TG,CR_temporal_pole,315.5156250000001,92,4,60,51,0.0784313725490196,1.803921568627451,True,unassessed
936,ARM6_728_R,3,mapped,677.0,CR_TE,CR_area_TE,1175.3906250000005,161,6,60,51,0.11764705882352941,3.156862745098039,True,unassessed
936,ARM6_728_R,3,mapped,688.0,CR_STSf,CR_fundus_of_the_superior_temporal_sulcus,425.15625000000017,73,4,60,51,0.0784313725490196,1.4313725490196079,True,unassessed
936,ARM6_728_R,3,mapped,694.0,CR_STGr/STSd,CR_rostral_superior_temporal_region,593.8125000000002,3,1,60,51,0.0196078431372549,0.058823529411764705,True,unassessed
936,ARM6_728_R,3,mapped,724.0,CR_floor_of_ls,CR_floor_of_the_lateral_sulcus,303.2968750000001,4073,47,60,51,0.9215686274509803,79.86274509803921,True,unassessed
936,ARM6_728_R,3,mapped,1503.0,SR_LPal,SR_lateral_pallium,255.1562500000001,37,6,60,51,0.11764705882352941,0.7254901960784313,True,unassessed
936,ARM6_728_R,3,mapped,1505.0,SR_VPal,SR_ventral_pallium,54.51562500000002,2,1,60,51,0.0196078431372549,0.0392156862745098,True,unassessed
936,ARM6_728_R,3,mapped,1511.0,SR_HF,SR_hippocampal_formation,532.0937500000002,13,1,60,51,0.0196078431372549,0.2549019607843137,True,unassessed
936,ARM6_728_R,3,mapped,1525.0,SR_pAmy,SR_pallial_amygdala,217.79687500000009,115,6,60,51,0.11764705882352941,2.2549019607843137,True,unassessed
936,ARM6_728_R,3,mapped,1540.0,SR_spAmy,SR_subpallial_amygdala,84.20312500000004,6,2,60,51,0.0392156862745098,0.11764705882352941,True,unassessed
936,ARM6_728_R,3,mapped,1551.0,SR_Str,SR_striatum,1922.421875000001,822,11,60,51,0.21568627450980393,16.11764705882353,True,unassessed
936,ARM6_728_R,3,mapped,1562.0,SR_Pd,SR_pallidum,338.59375000000017,5,3,60,51,0.058823529411764705,0.09803921568627451,True,unassessed
936,ARM6_728_R,3,mapped,1569.0,SR_DSP,SR_diagonal_subpallium,182.70312500000009,3,1,60,51,0.0196078431372549,0.058823529411764705,True,unassessed
936,ARM6_728_R,3,mapped,1577.0,SR_POC,SR_preoptic_complex,174.67187500000009,3,1,60,51,0.0196078431372549,0.058823529411764705,True,unassessed
936,ARM6_728_R,3,mapped,1612.0,SR_ZI-H,SR_zona_incerta_and_lenticular_fascicles,37.375000000000014,1,1,60,51,0.0196078431372549,0.0196078431372549,True,unassessed
936,ARM6_728_R,3,mapped,1648.0,SR_PThal,SR_posterior_thalamus,208.48437500000009,9,1,60,51,0.0196078431372549,0.17647058823529413,True,unassessed
936,ARM6_728_R,3,mapped,1700.0,SR_VMid,SR_ventral_midbrain,261.3593750000001,2,2,60,51,0.0392156862745098,0.0392156862745098,True,unassessed
936,ARM6_728_R,3,mapped,1731.0,SR_VPons,SR_ventral_pons,684.9218750000003,3,2,60,51,0.0392156862745098,0.058823529411764705,True,unassessed
936,ARM6_728_R,3,out_of_FOV,,,,,1,1,60,51,0.0196078431372549,0.0196078431372549,True,unassessed
936,ARM6_728_R,3,zero_unassigned,0.0,,,,1830,44,60,51,0.8627450980392157,35.88235294117647,True,unassessed
936,ARM6_728_R,4,mapped,511.0,CR_MCC,CR_midcingulate_cortex,188.37500000000009,85,1,60,51,0.0196078431372549,1.6666666666666667,True,unassessed
936,ARM6_728_R,4,mapped,538.0,CR_OFa-p,CR_agranular_orbitofrontal_cortex,169.45312500000009,9,2,60,51,0.0392156862745098,0.17647058823529413,True,unassessed
936,ARM6_728_R,4,mapped,547.0,CR_cl_OFC,CR_caudolateral_orbitofrontal_cortex,136.07812500000006,28,2,60,51,0.0392156862745098,0.5490196078431373,True,unassessed
936,ARM6_728_R,4,mapped,565.0,CR_rostral_vlPFC,CR_rostral_ventrolateral_prefrontal_cortex,465.9531250000002,68,1,60,51,0.0196078431372549,1.3333333333333333,True,unassessed
936,ARM6_728_R,4,mapped,579.0,CR_M1,CR_primary_motor_cortex,762.1250000000003,5,1,60,51,0.0196078431372549,0.09803921568627451,True,unassessed
936,ARM6_728_R,4,mapped,580.0,CR_PM,CR_premotor_cortex,1468.3593750000007,28,4,60,51,0.0784313725490196,0.5490196078431373,True,unassessed
936,ARM6_728_R,4,mapped,592.0,CR_SI,CR_primary_somatosensory_cortex,900.6875000000005,23,2,60,51,0.0392156862745098,0.45098039215686275,True,unassessed
936,ARM6_728_R,4,mapped,595.0,CR_SII,CR_secondary_somatosensory_cortex,285.3125000000001,197,13,60,51,0.2549019607843137,3.8627450980392157,True,unassessed
936,ARM6_728_R,4,mapped,607.0,CR_vm_IPS,CR_ventromedial_intraparietal_sulcus,309.7812500000001,2,1,60,51,0.0196078431372549,0.0392156862745098,True,unassessed
936,ARM6_728_R,4,mapped,613.0,CR_lat_IPS,CR_lateral_intraparietal_sulcus,333.00000000000017,2,1,60,51,0.0196078431372549,0.0392156862745098,True,unassessed
936,ARM6_728_R,4,mapped,620.0,CR_area_7_in_IPL,CR_area_7_in_the_inferior_parietal_lobule,560.8125000000002,82,1,60,51,0.0196078431372549,1.607843137254902,True,unassessed
936,ARM6_728_R,4,mapped,654.0,CR_ERh,CR_entorhinal_cortex,130.48437500000006,47,1,60,51,0.0196078431372549,0.9215686274509803,True,unassessed
936,ARM6_728_R,4,mapped,660.0,CR_PRh,CR_perirhinal_cortex,149.75000000000006,195,6,60,51,0.11764705882352941,3.823529411764706,True,unassessed
936,ARM6_728_R,4,mapped,666.0,CR_TGa,CR_agranular_temporal_pole,76.29687500000003,23,1,60,51,0.0196078431372549,0.45098039215686275,True,unassessed
936,ARM6_728_R,4,mapped,667.0,CR_TGg/TGd,CR_granular_and_dysgranular_temporal_pole,239.2187500000001,69,4,60,51,0.0784313725490196,1.3529411764705883,True,unassessed
936,ARM6_728_R,4,mapped,678.0,CR_gyral_TE,CR_gyral_aspect_of_area_TE,874.3125000000003,53,3,60,51,0.058823529411764705,1.0392156862745099,True,unassessed
936,ARM6_728_R,4,mapped,685.0,CR_TE_in_STSv,CR_area_TE_in_the_ventral_STS,301.0781250000001,108,6,60,51,0.11764705882352941,2.1176470588235294,True,unassessed
936,ARM6_728_R,4,mapped,688.0,CR_STSf,CR_fundus_of_the_superior_temporal_sulcus,425.15625000000017,73,4,60,51,0.0784313725490196,1.4313725490196079,True,unassessed
936,ARM6_728_R,4,mapped,695.0,CR_STSd,CR_dorsal_bank_of_the_superior_temporal_sulcus,451.8750000000002,3,1,60,51,0.0196078431372549,0.058823529411764705,True,unassessed
936,ARM6_728_R,4,mapped,725.0,CR_Ins/Pi,CR_insula_and_parainsula,288.1875000000001,4073,47,60,51,0.9215686274509803,79.86274509803921,True,unassessed
936,ARM6_728_R,4,mapped,1504.0,SR_Cl,SR_claustrum,255.1562500000001,37,6,60,51,0.11764705882352941,0.7254901960784313,True,unassessed
936,ARM6_728_R,4,mapped,1506.0,SR_En,SR_endopiriform_claustrum,23.71875000000001,1,1,60,51,0.0196078431372549,0.0196078431372549,True,unassessed
936,ARM6_728_R,4,mapped,1509.0,SR_Pir,SR_piriform_cortex,30.796875000000014,1,1,60,51,0.0196078431372549,0.0196078431372549,True,unassessed
936,ARM6_728_R,4,mapped,1512.0,SR_HFA,SR_hippocampal_formation_anterior,353.15625000000017,4,1,60,51,0.0196078431372549,0.0784313725490196,True,unassessed
936,ARM6_728_R,4,mapped,1517.0,SR_HFP,SR_hippocampal_formation_posterior,178.93750000000009,9,1,60,51,0.0196078431372549,0.17647058823529413,True,unassessed
936,ARM6_728_R,4,mapped,1526.0,SR_vpAmy,SR_ventropallial_amygdala,87.81250000000004,32,2,60,51,0.0392156862745098,0.6274509803921569,True,unassessed
936,ARM6_728_R,4,mapped,1530.0,SR_lpAmy,SR_lateropallial_amygdala,129.98437500000006,83,6,60,51,0.11764705882352941,1.6274509803921569,True,unassessed
936,ARM6_728_R,4,mapped,1543.0,SR_mAmy,SR_medial_amygdala,40.71875000000002,5,1,60,51,0.0196078431372549,0.09803921568627451,True,unassessed
936,ARM6_728_R,4,mapped,1546.0,SR_pdAmy,SR_pallidal_amygdala,29.640625000000014,1,1,60,51,0.0196078431372549,0.0196078431372549,True,unassessed
936,ARM6_728_R,4,mapped,1552.0,SR_DStr,SR_dorsal_striatum,1809.218750000001,808,11,60,51,0.21568627450980393,15.843137254901961,True,unassessed
936,ARM6_728_R,4,mapped,1559.0,SR_VStr,SR_ventral_striatum,113.20312500000006,14,1,60,51,0.0196078431372549,0.27450980392156865,True,unassessed
936,ARM6_728_R,4,mapped,1562.0,SR_Pd,SR_pallidum,338.59375000000017,5,3,60,51,0.058823529411764705,0.09803921568627451,True,unassessed
936,ARM6_728_R,4,mapped,1573.0,SR_ST,SR_bed_nucleus_of_the_stria_terminalis,42.00000000000002,3,1,60,51,0.0196078431372549,0.058823529411764705,True,unassessed
936,ARM6_728_R,4,mapped,1579.0,SR_POR,SR_preoptic_region,22.84375000000001,3,1,60,51,0.0196078431372549,0.058823529411764705,True,unassessed
936,ARM6_728_R,4,mapped,1612.0,SR_ZI-H,SR_zona_incerta_and_lenticular_fascicles,37.375000000000014,1,1,60,51,0.0196078431372549,0.0196078431372549,True,unassessed
936,ARM6_728_R,4,mapped,1651.0,SR_Pul,SR_pulvinar_thalamus,182.54687500000009,9,1,60,51,0.0196078431372549,0.17647058823529413,True,unassessed
936,ARM6_728_R,4,mapped,1704.0,SR_DA_Mid,SR_midbrain_dopaminergic_complex,222.89062500000009,2,2,60,51,0.0392156862745098,0.0392156862745098,True,unassessed
936,ARM6_728_R,4,mapped,1742.0,SR_Pn+,SR_pontine_nucleus_region,492.9218750000002,3,2,60,51,0.0392156862745098,0.058823529411764705,True,unassessed
936,ARM6_728_R,4,out_of_FOV,,,,,1,1,60,51,0.0196078431372549,0.0196078431372549,True,unassessed
936,ARM6_728_R,4,zero_unassigned,0.0,,,,1830,44,60,51,0.8627450980392157,35.88235294117647,True,unassessed
936,ARM6_728_R,5,mapped,512.0,CR_area_24a/b_prime,CR_areas_24a'_and_24b',72.70312500000003,9,1,60,51,0.0196078431372549,0.17647058823529413,True,unassessed
936,ARM6_728_R,5,mapped,515.0,CR_area_24c_prime,CR_area_24c',115.67187500000006,76,1,60,51,0.0196078431372549,1.4901960784313726,True,unassessed
936,ARM6_728_R,5,mapped,539.0,CR_Iam/Iapm,CR_medial_agranular_insular_region,24.17187500000001,2,1,60,51,0.0196078431372549,0.0392156862745098,True,unassessed
936,ARM6_728_R,5,mapped,540.0,CR_lat_Ia,CR_lateral_agranular_insular_region,145.28125000000006,7,1,60,51,0.0196078431372549,0.13725490196078433,True,unassessed
936,ARM6_728_R,5,mapped,548.0,CR_G,CR_gustatory_cortex,40.12500000000002,1,1,60,51,0.0196078431372549,0.0196078431372549,True,unassessed
936,ARM6_728_R,5,mapped,549.0,CR_PrCO,CR_precentral_operular_area,95.95312500000004,27,2,60,51,0.0392156862745098,0.5294117647058824,True,unassessed
936,ARM6_728_R,5,mapped,566.0,CR_area_46v/f,CR_ventral_and_fundus_portion_of_area_46,316.7187500000001,67,1,60,51,0.0196078431372549,1.3137254901960784,True,unassessed
936,ARM6_728_R,5,mapped,569.0,CR_area_12r/l,CR_rostral_and_lateral_area_12,149.23437500000006,1,1,60,51,0.0196078431372549,0.0196078431372549,True,unassessed
936,ARM6_728_R,5,mapped,579.0,CR_M1,CR_primary_motor_cortex,762.1250000000003,5,1,60,51,0.0196078431372549,0.09803921568627451,True,unassessed
936,ARM6_728_R,5,mapped,584.0,CR_PMv,CR_ventral_premotor_cortex,700.6093750000003,28,4,60,51,0.0784313725490196,0.5490196078431373,True,unassessed
936,ARM6_728_R,5,mapped,594.0,CR_areas_1-2,CR_areas_1-2,655.2968750000003,23,2,60,51,0.0392156862745098,0.45098039215686275,True,unassessed
936,ARM6_728_R,5,mapped,595.0,CR_SII,CR_secondary_somatosensory_cortex,285.3125000000001,197,13,60,51,0.2549019607843137,3.8627450980392157,True,unassessed
936,ARM6_728_R,5,mapped,609.0,CR_fundus_IPS,CR_fundus_of_the_intraparietal_sulcus,150.25000000000006,2,1,60,51,0.0196078431372549,0.0392156862745098,True,unassessed
936,ARM6_728_R,5,mapped,614.0,CR_AIP,CR_anterior_intraparietal_area,42.20312500000002,2,1,60,51,0.0196078431372549,0.0392156862745098,True,unassessed
936,ARM6_728_R,5,mapped,621.0,CR_area_7a/b,CR_inferior_parietal_lobule_areas_7a_and_7b,393.17187500000017,21,1,60,51,0.0196078431372549,0.4117647058823529,True,unassessed
936,ARM6_728_R,5,mapped,624.0,CR_area_7op,CR_parietal_operculum,167.64062500000009,61,1,60,51,0.0196078431372549,1.196078431372549,True,unassessed
936,ARM6_728_R,5,mapped,658.0,CR_mid_ERh,CR_middle_entorhinal_cortex,31.984375000000014,3,1,60,51,0.0196078431372549,0.058823529411764705,True,unassessed
936,ARM6_728_R,5,mapped,659.0,CR_rostral_ERh,CR_rostral_entorhinal_cortex,47.82812500000002,44,1,60,51,0.0196078431372549,0.8627450980392157,True,unassessed
936,ARM6_728_R,5,mapped,661.0,CR_area_35,CR_area_35,34.593750000000014,123,6,60,51,0.11764705882352941,2.411764705882353,True,unassessed
936,ARM6_728_R,5,mapped,662.0,CR_area_36,CR_area_36,115.15625000000006,72,4,60,51,0.0784313725490196,1.411764705882353,True,unassessed
936,ARM6_728_R,5,mapped,666.0,CR_TGa,CR_agranular_temporal_pole,76.29687500000003,23,1,60,51,0.0196078431372549,0.45098039215686275,True,unassessed
936,ARM6_728_R,5,mapped,668.0,CR_TGd,CR_dysgranular_temporal_pole,91.85937500000004,13,1,60,51,0.0196078431372549,0.2549019607843137,True,unassessed
936,ARM6_728_R,5,mapped,671.0,CR_TGg,CR_granular_temporal_pole,147.35937500000006,56,3,60,51,0.058823529411764705,1.0980392156862746,True,unassessed
936,ARM6_728_R,5,mapped,682.0,CR_ant_TE,CR_anterior_area_TE,419.42187500000017,53,3,60,51,0.058823529411764705,1.0392156862745099,True,unassessed
936,ARM6_728_R,5,mapped,685.0,CR_TE_in_STSv,CR_area_TE_in_the_ventral_STS,301.0781250000001,108,6,60,51,0.11764705882352941,2.1176470588235294,True,unassessed
936,ARM6_728_R,5,mapped,689.0,CR_ant_STSf,CR_anterior_fundus_of_the_superior_temporal_sulcus,332.81250000000017,73,4,60,51,0.0784313725490196,1.4313725490196079,True,unassessed
936,ARM6_728_R,5,mapped,696.0,CR_TPO,CR_temporal_parietooccipital_associated_area,280.6406250000001,3,1,60,51,0.0196078431372549,0.058823529411764705,True,unassessed
936,ARM6_728_R,5,mapped,726.0,CR_Pi,CR_parainsula,27.28125000000001,20,2,60,51,0.0392156862745098,0.39215686274509803,True,unassessed
936,ARM6_728_R,5,mapped,727.0,CR_Ins,CR_insula,260.9062500000001,4053,47,60,51,0.9215686274509803,79.47058823529412,True,unassessed
936,ARM6_728_R,5,mapped,1504.0,SR_Cl,SR_claustrum,255.1562500000001,37,6,60,51,0.11764705882352941,0.7254901960784313,True,unassessed
936,ARM6_728_R,5,mapped,1508.0,SR_VEn,SR_ventral_endopiriform_claustrum,9.515625000000004,1,1,60,51,0.0196078431372549,0.0196078431372549,True,unassessed
936,ARM6_728_R,5,mapped,1509.0,SR_Pir,SR_piriform_cortex,30.796875000000014,1,1,60,51,0.0196078431372549,0.0196078431372549,True,unassessed
936,ARM6_728_R,5,mapped,1513.0,SR_HiA,SR_hippocampus_anterior,271.8750000000001,4,1,60,51,0.0196078431372549,0.0784313725490196,True,unassessed
936,ARM6_728_R,5,mapped,1518.0,SR_HiP,SR_hippocampus_posterior,114.28125000000006,9,1,60,51,0.0196078431372549,0.17647058823529413,True,unassessed
936,ARM6_728_R,5,mapped,1527.0,SR_BM,SR_basomedial_amygdaloid_nucleus,47.84375000000002,10,2,60,51,0.0392156862745098,0.19607843137254902,True,unassessed
936,ARM6_728_R,5,mapped,1528.0,SR_VCo,SR_ventral_cortical_amygdaloid_nucleus,22.76562500000001,22,2,60,51,0.0392156862745098,0.43137254901960786,True,unassessed
936,ARM6_728_R,5,mapped,1531.0,SR_La,SR_lateral_amygdaloid_nucleus,40.82812500000002,69,6,60,51,0.11764705882352941,1.3529411764705883,True,unassessed
936,ARM6_728_R,5,mapped,1535.0,SR_BL,SR_basolateral_amygdaloid_nucleus,47.54687500000002,14,3,60,51,0.058823529411764705,0.27450980392156865,True,unassessed
936,ARM6_728_R,5,mapped,1545.0,SR_AA,SR_anterior_amygdaloid_area,23.73437500000001,5,1,60,51,0.0196078431372549,0.09803921568627451,True,unassessed
936,ARM6_728_R,5,mapped,1547.0,SR_EA,SR_extended_amygdala,9.140625000000004,1,1,60,51,0.0196078431372549,0.0196078431372549,True,unassessed
936,ARM6_728_R,5,mapped,1553.0,SR_Cd,SR_caudate,649.5625000000003,208,2,60,51,0.0392156862745098,4.078431372549019,True,unassessed
936,ARM6_728_R,5,mapped,1556.0,SR_Pu,SR_putamen,895.1093750000003,505,10,60,51,0.19607843137254902,9.901960784313726,True,unassessed
936,ARM6_728_R,5,mapped,1557.0,SR_ASt,SR_amygdalostriatal_transition,33.812500000000014,68,5,60,51,0.09803921568627451,1.3333333333333333,True,unassessed
936,ARM6_728_R,5,mapped,1558.0,SR_ic,SR_internal_capsule,230.7343750000001,27,2,60,51,0.0392156862745098,0.5294117647058824,True,unassessed
936,ARM6_728_R,5,mapped,1560.0,SR_Acb,SR_accumbens,94.96875000000004,14,1,60,51,0.0196078431372549,0.27450980392156865,True,unassessed
936,ARM6_728_R,5,mapped,1563.0,SR_GP,SR_globus_pallidus,239.7656250000001,1,1,60,51,0.0196078431372549,0.0196078431372549,True,unassessed
936,ARM6_728_R,5,mapped,1567.0,SR_ac,SR_anterior_commissure,77.82812500000003,3,3,60,51,0.058823529411764705,0.058823529411764705,True,unassessed
936,ARM6_728_R,5,mapped,1568.0,SR_VP,SR_ventral_pallidum,21.00000000000001,1,1,60,51,0.0196078431372549,0.0196078431372549,True,unassessed
936,ARM6_728_R,5,mapped,1573.0,SR_ST,SR_bed_nucleus_of_the_stria_terminalis,42.00000000000002,3,1,60,51,0.0196078431372549,0.058823529411764705,True,unassessed
936,ARM6_728_R,5,mapped,1580.0,SR_PO,SR_preoptic_area,21.90625000000001,3,1,60,51,0.0196078431372549,0.058823529411764705,True,unassessed
936,ARM6_728_R,5,mapped,1612.0,SR_ZI-H,SR_zona_incerta_and_lenticular_fascicles,37.375000000000014,1,1,60,51,0.0196078431372549,0.0196078431372549,True,unassessed
936,ARM6_728_R,5,mapped,1652.0,SR_APul,SR_anterior_pulvinar,49.37500000000002,9,1,60,51,0.0196078431372549,0.17647058823529413,True,unassessed
936,ARM6_728_R,5,mapped,1706.0,SR_SN,SR_substantia_nigra,111.21875000000004,1,1,60,51,0.0196078431372549,0.0196078431372549,True,unassessed
936,ARM6_728_R,5,mapped,1710.0,SR_cp,SR_cerebral_peduncle,70.39062500000003,1,1,60,51,0.0196078431372549,0.0196078431372549,True,unassessed
936,ARM6_728_R,5,mapped,1743.0,SR_Pn,SR_pontine_nucleus,254.6875000000001,3,2,60,51,0.0392156862745098,0.058823529411764705,True,unassessed
936,ARM6_728_R,5,out_of_FOV,,,,,1,1,60,51,0.0196078431372549,0.0196078431372549,True,unassessed
936,ARM6_728_R,5,zero_unassigned,0.0,,,,1830,44,60,51,0.8627450980392157,35.88235294117647,True,unassessed
936,ARM6_728_R,6,mapped,514.0,CR_area_24b_prime,CR_area_24b',56.04687500000003,9,1,60,51,0.0196078431372549,0.17647058823529413,True,unassessed
936,ARM6_728_R,6,mapped,515.0,CR_area_24c_prime,CR_area_24c',115.67187500000006,76,1,60,51,0.0196078431372549,1.4901960784313726,True,unassessed
936,ARM6_728_R,6,mapped,539.0,CR_Iam/Iapm,CR_medial_agranular_insular_region,24.17187500000001,2,1,60,51,0.0196078431372549,0.0392156862745098,True,unassessed
936,ARM6_728_R,6,mapped,542.0,CR_Ial,CR_lateral_agranular_insula_area,47.98437500000002,1,1,60,51,0.0196078431372549,0.0196078431372549,True,unassessed
936,ARM6_728_R,6,mapped,543.0,CR_Iapl,CR_posterior_lateral_agranular_insula_area,15.812500000000007,6,1,60,51,0.0196078431372549,0.11764705882352941,True,unassessed
936,ARM6_728_R,6,mapped,548.0,CR_G,CR_gustatory_cortex,40.12500000000002,1,1,60,51,0.0196078431372549,0.0196078431372549,True,unassessed
936,ARM6_728_R,6,mapped,549.0,CR_PrCO,CR_precentral_operular_area,95.95312500000004,27,2,60,51,0.0392156862745098,0.5294117647058824,True,unassessed
936,ARM6_728_R,6,mapped,568.0,CR_area_46v,CR_ventral_area_46,244.9218750000001,67,1,60,51,0.0196078431372549,1.3137254901960784,True,unassessed
936,ARM6_728_R,6,mapped,571.0,CR_area_12r,CR_rostral_area_12,88.03125000000004,1,1,60,51,0.0196078431372549,0.0196078431372549,True,unassessed
936,ARM6_728_R,6,mapped,579.0,CR_M1,CR_primary_motor_cortex,762.1250000000003,5,1,60,51,0.0196078431372549,0.09803921568627451,True,unassessed
936,ARM6_728_R,6,mapped,585.0,CR_F4,CR_area_F4_of_ventral_premotor_cortex,266.5937500000001,4,1,60,51,0.0196078431372549,0.0784313725490196,True,unassessed
936,ARM6_728_R,6,mapped,586.0,CR_F5,CR_area_F5_of_ventral_premotor_cortex,434.01562500000017,24,4,60,51,0.0784313725490196,0.47058823529411764,True,unassessed
936,ARM6_728_R,6,mapped,594.0,CR_areas_1-2,CR_areas_1-2,655.2968750000003,23,2,60,51,0.0392156862745098,0.45098039215686275,True,unassessed
936,ARM6_728_R,6,mapped,595.0,CR_SII,CR_secondary_somatosensory_cortex,285.3125000000001,197,13,60,51,0.2549019607843137,3.8627450980392157,True,unassessed
936,ARM6_728_R,6,mapped,610.0,CR_VIP,CR_ventral_intraparietal_area,119.62500000000006,2,1,60,51,0.0196078431372549,0.0392156862745098,True,unassessed
936,ARM6_728_R,6,mapped,614.0,CR_AIP,CR_anterior_intraparietal_area,42.20312500000002,2,1,60,51,0.0196078431372549,0.0392156862745098,True,unassessed
936,ARM6_728_R,6,mapped,622.0,CR_area_7a,CR_caudal_inferior_parietal_lobule_area_7a_(Opt/PG),295.5781250000001,3,1,60,51,0.0196078431372549,0.058823529411764705,True,unassessed
936,ARM6_728_R,6,mapped,623.0,CR_area_7b,CR_rostral_inferior_parietal_lobule_area_7b_(PFG/PF),97.59375000000004,18,1,60,51,0.0196078431372549,0.35294117647058826,True,unassessed
936,ARM6_728_R,6,mapped,624.0,CR_area_7op,CR_parietal_operculum,167.64062500000009,61,1,60,51,0.0196078431372549,1.196078431372549,True,unassessed
936,ARM6_728_R,6,mapped,658.0,CR_mid_ERh,CR_middle_entorhinal_cortex,31.984375000000014,3,1,60,51,0.0196078431372549,0.058823529411764705,True,unassessed
936,ARM6_728_R,6,mapped,659.0,CR_rostral_ERh,CR_rostral_entorhinal_cortex,47.82812500000002,44,1,60,51,0.0196078431372549,0.8627450980392157,True,unassessed
936,ARM6_728_R,6,mapped,661.0,CR_area_35,CR_area_35,34.593750000000014,123,6,60,51,0.11764705882352941,2.411764705882353,True,unassessed
936,ARM6_728_R,6,mapped,663.0,CR_area_36c,CR_caudal_area_36,53.96875000000002,15,3,60,51,0.058823529411764705,0.29411764705882354,True,unassessed
936,ARM6_728_R,6,mapped,664.0,CR_area_36r/p,CR_rostral_and_polar_area_36,61.18750000000003,57,3,60,51,0.058823529411764705,1.1176470588235294,True,unassessed
936,ARM6_728_R,6,mapped,666.0,CR_TGa,CR_agranular_temporal_pole,76.29687500000003,23,1,60,51,0.0196078431372549,0.45098039215686275,True,unassessed
936,ARM6_728_R,6,mapped,670.0,CR_TGvd,CR_ventral_dysgranular_temporal_pole,21.12500000000001,13,1,60,51,0.0196078431372549,0.2549019607843137,True,unassessed
936,ARM6_728_R,6,mapped,674.0,CR_TGsts,CR_sts_part_of_temporal_pole,78.28125000000003,56,3,60,51,0.058823529411764705,1.0980392156862746,True,unassessed
936,ARM6_728_R,6,mapped,683.0,CR_TEav,CR_anterior_ventral_area_TE,255.0781250000001,5,2,60,51,0.0392156862745098,0.09803921568627451,True,unassessed
936,ARM6_728_R,6,mapped,684.0,CR_TEad,CR_anterior_dorsal_area_TE,164.34375000000009,48,3,60,51,0.058823529411764705,0.9411764705882353,True,unassessed
936,ARM6_728_R,6,mapped,686.0,CR_TEm,CR_area_TEm,212.89062500000009,28,4,60,51,0.0784313725490196,0.5490196078431373,True,unassessed
936,ARM6_728_R,6,mapped,687.0,CR_TEa,CR_area_TEa,88.18750000000004,80,4,60,51,0.0784313725490196,1.5686274509803921,True,unassessed
936,ARM6_728_R,6,mapped,690.0,CR_IPa,CR_area_IPa,200.31250000000009,72,4,60,51,0.0784313725490196,1.411764705882353,True,unassessed
936,ARM6_728_R,6,mapped,691.0,CR_PGa,CR_area_PGa,132.50000000000006,1,1,60,51,0.0196078431372549,0.0196078431372549,True,unassessed
936,ARM6_728_R,6,mapped,696.0,CR_TPO,CR_temporal_parietooccipital_associated_area,280.6406250000001,3,1,60,51,0.0196078431372549,0.058823529411764705,True,unassessed
936,ARM6_728_R,6,mapped,726.0,CR_Pi,CR_parainsula,27.28125000000001,20,2,60,51,0.0392156862745098,0.39215686274509803,True,unassessed
936,ARM6_728_R,6,mapped,728.0,CR_Ia/Id,CR_agranular_and_dysgranular_insula,164.56250000000009,3930,47,60,51,0.9215686274509803,77.05882352941177,True,unassessed
936,ARM6_728_R,6,mapped,729.0,CR_Ig,CR_granular_insula,96.34375000000004,123,10,60,51,0.19607843137254902,2.411764705882353,True,unassessed
936,ARM6_728_R,6,mapped,1504.0,SR_Cl,SR_claustrum,255.1562500000001,37,6,60,51,0.11764705882352941,0.7254901960784313,True,unassessed
936,ARM6_728_R,6,mapped,1508.0,SR_VEn,SR_ventral_endopiriform_claustrum,9.515625000000004,1,1,60,51,0.0196078431372549,0.0196078431372549,True,unassessed
936,ARM6_728_R,6,mapped,1509.0,SR_Pir,SR_piriform_cortex,30.796875000000014,1,1,60,51,0.0196078431372549,0.0196078431372549,True,unassessed
936,ARM6_728_R,6,mapped,1515.0,SR_CAA,SR_CA1_3_anterior,180.68750000000009,4,1,60,51,0.0196078431372549,0.0784313725490196,True,unassessed
936,ARM6_728_R,6,mapped,1519.0,SR_DGP,SR_dentate_gyrus_posterior,26.17187500000001,4,1,60,51,0.0196078431372549,0.0784313725490196,True,unassessed
936,ARM6_728_R,6,mapped,1520.0,SR_CAP,SR_CA1_3_posterior,88.10937500000004,5,1,60,51,0.0196078431372549,0.09803921568627451,True,unassessed
936,ARM6_728_R,6,mapped,1527.0,SR_BM,SR_basomedial_amygdaloid_nucleus,47.84375000000002,10,2,60,51,0.0392156862745098,0.19607843137254902,True,unassessed
936,ARM6_728_R,6,mapped,1528.0,SR_VCo,SR_ventral_cortical_amygdaloid_nucleus,22.76562500000001,22,2,60,51,0.0392156862745098,0.43137254901960786,True,unassessed
936,ARM6_728_R,6,mapped,1532.0,SR_LaD,SR_lateral_dorsal_amygdaloid_nucleus,22.29687500000001,54,6,60,51,0.11764705882352941,1.0588235294117647,True,unassessed
936,ARM6_728_R,6,mapped,1533.0,SR_LaV,SR_lateral_ventral_amygdaloid_nucleus,18.531250000000007,15,2,60,51,0.0392156862745098,0.29411764705882354,True,unassessed
936,ARM6_728_R,6,mapped,1536.0,SR_BLD,SR_basolateral_dorsal_amygdaloid_nucleus,14.546875000000007,1,1,60,51,0.0196078431372549,0.0196078431372549,True,unassessed
936,ARM6_728_R,6,mapped,1537.0,SR_BLI,SR_basolateral_intermediate_amygdaloid_nucleus,13.343750000000005,4,2,60,51,0.0392156862745098,0.0784313725490196,True,unassessed
936,ARM6_728_R,6,mapped,1538.0,SR_BLV,SR_basolateral_ventral_amygdaloid_nucleus,19.656250000000007,9,1,60,51,0.0196078431372549,0.17647058823529413,True,unassessed
936,ARM6_728_R,6,mapped,1545.0,SR_AA,SR_anterior_amygdaloid_area,23.73437500000001,5,1,60,51,0.0196078431372549,0.09803921568627451,True,unassessed
936,ARM6_728_R,6,mapped,1547.0,SR_EA,SR_extended_amygdala,9.140625000000004,1,1,60,51,0.0196078431372549,0.0196078431372549,True,unassessed
936,ARM6_728_R,6,mapped,1554.0,SR_CdH,SR_caudate_head,566.5156250000002,194,2,60,51,0.0392156862745098,3.803921568627451,True,unassessed
936,ARM6_728_R,6,mapped,1555.0,SR_CdT,SR_caudate_tail,83.04687500000004,14,2,60,51,0.0392156862745098,0.27450980392156865,True,unassessed
936,ARM6_728_R,6,mapped,1556.0,SR_Pu,SR_putamen,895.1093750000003,505,10,60,51,0.19607843137254902,9.901960784313726,True,unassessed
936,ARM6_728_R,6,mapped,1557.0,SR_ASt,SR_amygdalostriatal_transition,33.812500000000014,68,5,60,51,0.09803921568627451,1.3333333333333333,True,unassessed
936,ARM6_728_R,6,mapped,1558.0,SR_ic,SR_internal_capsule,230.7343750000001,27,2,60,51,0.0392156862745098,0.5294117647058824,True,unassessed
936,ARM6_728_R,6,mapped,1560.0,SR_Acb,SR_accumbens,94.96875000000004,14,1,60,51,0.0196078431372549,0.27450980392156865,True,unassessed
936,ARM6_728_R,6,mapped,1565.0,SR_IGP,SR_internal_globus_pallidus,82.67187500000004,1,1,60,51,0.0196078431372549,0.0196078431372549,True,unassessed
936,ARM6_728_R,6,mapped,1567.0,SR_ac,SR_anterior_commissure,77.82812500000003,3,3,60,51,0.058823529411764705,0.058823529411764705,True,unassessed
936,ARM6_728_R,6,mapped,1568.0,SR_VP,SR_ventral_pallidum,21.00000000000001,1,1,60,51,0.0196078431372549,0.0196078431372549,True,unassessed
936,ARM6_728_R,6,mapped,1573.0,SR_ST,SR_bed_nucleus_of_the_stria_terminalis,42.00000000000002,3,1,60,51,0.0196078431372549,0.058823529411764705,True,unassessed
936,ARM6_728_R,6,mapped,1580.0,SR_PO,SR_preoptic_area,21.90625000000001,3,1,60,51,0.0196078431372549,0.058823529411764705,True,unassessed
936,ARM6_728_R,6,mapped,1612.0,SR_ZI-H,SR_zona_incerta_and_lenticular_fascicles,37.375000000000014,1,1,60,51,0.0196078431372549,0.0196078431372549,True,unassessed
936,ARM6_728_R,6,mapped,1652.0,SR_APul,SR_anterior_pulvinar,49.37500000000002,9,1,60,51,0.0196078431372549,0.17647058823529413,True,unassessed
936,ARM6_728_R,6,mapped,1706.0,SR_SN,SR_substantia_nigra,111.21875000000004,1,1,60,51,0.0196078431372549,0.0196078431372549,True,unassessed
936,ARM6_728_R,6,mapped,1710.0,SR_cp,SR_cerebral_peduncle,70.39062500000003,1,1,60,51,0.0196078431372549,0.0196078431372549,True,unassessed
936,ARM6_728_R,6,mapped,1743.0,SR_Pn,SR_pontine_nucleus,254.6875000000001,3,2,60,51,0.0392156862745098,0.058823529411764705,True,unassessed
936,ARM6_728_R,6,out_of_FOV,,,,,1,1,60,51,0.0196078431372549,0.0196078431372549,True,unassessed
936,ARM6_728_R,6,zero_unassigned,0.0,,,,1830,44,60,51,0.8627450980392157,35.88235294117647,True,unassessed
945,ARM6_42_L,1,mapped,1.0,CL_Frontal,CL_Frontal_Lobe,6154.890625000003,1111,11,11,11,1.0,101.0,True,unassessed
945,ARM6_42_L,1,mapped,90.0,CL_Parietal,CL_Parietal_Lobe,3774.453125000002,8,1,11,11,0.09090909090909091,0.7272727272727273,True,unassessed
945,ARM6_42_L,1,mapped,138.0,CL_Temporal,CL_Temporal_Lobe,4285.390625000002,229,7,11,11,0.6363636363636364,20.818181818181817,True,unassessed
945,ARM6_42_L,1,mapped,1001.0,SL_tel,SL_telencephalon,3805.562500000002,30,3,11,11,0.2727272727272727,2.727272727272727,True,unassessed
945,ARM6_42_L,1,zero_unassigned,0.0,,,,132,9,11,11,0.8181818181818182,12.0,True,unassessed
945,ARM6_42_L,2,mapped,16.0,CL_OFC,CL_orbital_frontal_cortex,1344.9218750000007,1100,11,11,11,1.0,100.0,True,unassessed
945,ARM6_42_L,2,mapped,50.0,CL_lat_PFC,CL_lateral_prefrontal_cortex,1665.2031250000007,1,1,11,11,0.09090909090909091,0.09090909090909091,True,unassessed
945,ARM6_42_L,2,mapped,77.0,CL_motor,CL_motor_cortex,2542.000000000001,10,1,11,11,0.09090909090909091,0.9090909090909091,True,unassessed
945,ARM6_42_L,2,mapped,91.0,CL_SI/SII,CL_somatosensory_cortex,1186.0000000000005,8,1,11,11,0.09090909090909091,0.7272727272727273,True,unassessed
945,ARM6_42_L,2,mapped,139.0,CL_MTL,CL_medial_temporal_lobe,423.42187500000017,40,1,11,11,0.09090909090909091,3.6363636363636362,True,unassessed
945,ARM6_42_L,2,mapped,165.0,CL_TG,CL_temporal_pole,315.5156250000001,7,1,11,11,0.09090909090909091,0.6363636363636364,True,unassessed
945,ARM6_42_L,2,mapped,175.0,CL_ITC,CL_inferior_temporal_cortex,1884.890625000001,73,1,11,11,0.09090909090909091,6.636363636363637,True,unassessed
945,ARM6_42_L,2,mapped,224.0,CL_floor_of_ls,CL_floor_of_the_lateral_sulcus,303.2968750000001,109,7,11,11,0.6363636363636364,9.909090909090908,True,unassessed
945,ARM6_42_L,2,mapped,1002.0,SL_LVPal,SL_lateral_and_ventral_pallium,309.6718750000001,2,2,11,11,0.18181818181818182,0.18181818181818182,True,unassessed
945,ARM6_42_L,2,mapped,1010.0,SL_MPal,SL_medial_pallium,575.5000000000002,1,1,11,11,0.09090909090909091,0.09090909090909091,True,unassessed
945,ARM6_42_L,2,mapped,1024.0,SL_Amy,SL_amygdala,302.0000000000001,23,2,11,11,0.18181818181818182,2.090909090909091,True,unassessed
945,ARM6_42_L,2,mapped,1050.0,SL_BG,SL_basal_ganglia,2261.015625000001,3,1,11,11,0.09090909090909091,0.2727272727272727,True,unassessed
945,ARM6_42_L,2,mapped,1069.0,SL_DSP,SL_diagonal_subpallium,182.70312500000009,1,1,11,11,0.09090909090909091,0.09090909090909091,True,unassessed
945,ARM6_42_L,2,zero_unassigned,0.0,,,,132,9,11,11,0.8181818181818182,12.0,True,unassessed
945,ARM6_42_L,3,mapped,25.0,CL_lat_OFC,CL_lateral_orbital_frontal_cortex,708.1406250000003,6,2,11,11,0.18181818181818182,0.5454545454545454,True,unassessed
945,ARM6_42_L,3,mapped,37.0,CL_caudal_OFC,CL_caudal_orbital_frontal_cortex,331.17187500000017,1094,11,11,11,1.0,99.45454545454545,True,unassessed
945,ARM6_42_L,3,mapped,64.0,CL_vlPFC,CL_ventrolateral_prefrontal_cortex,680.8593750000003,1,1,11,11,0.09090909090909091,0.09090909090909091,True,unassessed
945,ARM6_42_L,3,mapped,78.0,CL_M1/PM,CL_lateral_motor_cortex,2230.484375000001,10,1,11,11,0.09090909090909091,0.9090909090909091,True,unassessed
945,ARM6_42_L,3,mapped,95.0,CL_SII,CL_secondary_somatosensory_cortex,285.3125000000001,8,1,11,11,0.09090909090909091,0.7272727272727273,True,unassessed
945,ARM6_42_L,3,mapped,153.0,CL_Rh,CL_rhinal_cortex,280.2343750000001,40,1,11,11,0.09090909090909091,3.6363636363636362,True,unassessed
945,ARM6_42_L,3,mapped,165.0,CL_TG,CL_temporal_pole,315.5156250000001,7,1,11,11,0.09090909090909091,0.6363636363636364,True,unassessed
945,ARM6_42_L,3,mapped,177.0,CL_TE,CL_area_TE,1175.3906250000005,67,1,11,11,0.09090909090909091,6.090909090909091,True,unassessed
945,ARM6_42_L,3,mapped,188.0,CL_STSf,CL_fundus_of_the_superior_temporal_sulcus,425.15625000000017,6,1,11,11,0.09090909090909091,0.5454545454545454,True,unassessed
945,ARM6_42_L,3,mapped,224.0,CL_floor_of_ls,CL_floor_of_the_lateral_sulcus,303.2968750000001,109,7,11,11,0.6363636363636364,9.909090909090908,True,unassessed
945,ARM6_42_L,3,mapped,1003.0,SL_LPal,SL_lateral_pallium,255.1562500000001,2,2,11,11,0.18181818181818182,0.18181818181818182,True,unassessed
945,ARM6_42_L,3,mapped,1011.0,SL_HF,SL_hippocampal_formation,532.0937500000002,1,1,11,11,0.09090909090909091,0.09090909090909091,True,unassessed
945,ARM6_42_L,3,mapped,1025.0,SL_pAmy,SL_pallial_amygdala,217.79687500000009,3,1,11,11,0.09090909090909091,0.2727272727272727,True,unassessed
945,ARM6_42_L,3,mapped,1040.0,SL_spAmy,SL_subpallial_amygdala,84.20312500000004,20,2,11,11,0.18181818181818182,1.8181818181818181,True,unassessed
945,ARM6_42_L,3,mapped,1051.0,SL_Str,SL_striatum,1922.421875000001,2,1,11,11,0.09090909090909091,0.18181818181818182,True,unassessed
945,ARM6_42_L,3,mapped,1062.0,SL_Pd,SL_pallidum,338.59375000000017,1,1,11,11,0.09090909090909091,0.09090909090909091,True,unassessed
945,ARM6_42_L,3,mapped,1069.0,SL_DSP,SL_diagonal_subpallium,182.70312500000009,1,1,11,11,0.09090909090909091,0.09090909090909091,True,unassessed
945,ARM6_42_L,3,zero_unassigned,0.0,,,,132,9,11,11,0.8181818181818182,12.0,True,unassessed
945,ARM6_42_L,4,mapped,26.0,CL_areas_11/13,CL_areas_11_and_13,557.4062500000002,1,1,11,11,0.09090909090909091,0.09090909090909091,True,unassessed
945,ARM6_42_L,4,mapped,34.0,CL_area_12m/o,CL_medial_and_orbital_area_12,150.73437500000006,5,1,11,11,0.09090909090909091,0.45454545454545453,True,unassessed
945,ARM6_42_L,4,mapped,38.0,CL_OFa-p,CL_agranular_orbitofrontal_cortex,169.45312500000009,869,11,11,11,1.0,79.0,True,unassessed
945,ARM6_42_L,4,mapped,47.0,CL_cl_OFC,CL_caudolateral_orbitofrontal_cortex,136.07812500000006,225,3,11,11,0.2727272727272727,20.454545454545453,True,unassessed
945,ARM6_42_L,4,mapped,65.0,CL_rostral_vlPFC,CL_rostral_ventrolateral_prefrontal_cortex,465.9531250000002,1,1,11,11,0.09090909090909091,0.09090909090909091,True,unassessed
945,ARM6_42_L,4,mapped,80.0,CL_PM,CL_premotor_cortex,1468.3593750000007,10,1,11,11,0.09090909090909091,0.9090909090909091,True,unassessed
945,ARM6_42_L,4,mapped,95.0,CL_SII,CL_secondary_somatosensory_cortex,285.3125000000001,8,1,11,11,0.09090909090909091,0.7272727272727273,True,unassessed
945,ARM6_42_L,4,mapped,154.0,CL_ERh,CL_entorhinal_cortex,130.48437500000006,2,1,11,11,0.09090909090909091,0.18181818181818182,True,unassessed
945,ARM6_42_L,4,mapped,160.0,CL_PRh,CL_perirhinal_cortex,149.75000000000006,38,1,11,11,0.09090909090909091,3.4545454545454546,True,unassessed
945,ARM6_42_L,4,mapped,167.0,CL_TGg/TGd,CL_granular_and_dysgranular_temporal_pole,239.2187500000001,7,1,11,11,0.09090909090909091,0.6363636363636364,True,unassessed
945,ARM6_42_L,4,mapped,178.0,CL_gyral_TE,CL_gyral_aspect_of_area_TE,874.3125000000003,9,1,11,11,0.09090909090909091,0.8181818181818182,True,unassessed
945,ARM6_42_L,4,mapped,185.0,CL_TE_in_STSv,CL_area_TE_in_the_ventral_STS,301.0781250000001,58,1,11,11,0.09090909090909091,5.2727272727272725,True,unassessed
945,ARM6_42_L,4,mapped,188.0,CL_STSf,CL_fundus_of_the_superior_temporal_sulcus,425.15625000000017,6,1,11,11,0.09090909090909091,0.5454545454545454,True,unassessed
945,ARM6_42_L,4,mapped,225.0,CL_Ins/Pi,CL_insula_and_parainsula,288.1875000000001,109,7,11,11,0.6363636363636364,9.909090909090908,True,unassessed
945,ARM6_42_L,4,mapped,1004.0,SL_Cl,SL_claustrum,255.1562500000001,2,2,11,11,0.18181818181818182,0.18181818181818182,True,unassessed
945,ARM6_42_L,4,mapped,1012.0,SL_HFA,SL_hippocampal_formation_anterior,353.15625000000017,1,1,11,11,0.09090909090909091,0.09090909090909091,True,unassessed
945,ARM6_42_L,4,mapped,1030.0,SL_lpAmy,SL_lateropallial_amygdala,129.98437500000006,3,1,11,11,0.09090909090909091,0.2727272727272727,True,unassessed
945,ARM6_42_L,4,mapped,1041.0,SL_stAmy,SL_striatal_amygdala,13.843750000000005,13,1,11,11,0.09090909090909091,1.1818181818181819,True,unassessed
945,ARM6_42_L,4,mapped,1043.0,SL_mAmy,SL_medial_amygdala,40.71875000000002,1,1,11,11,0.09090909090909091,0.09090909090909091,True,unassessed
945,ARM6_42_L,4,mapped,1046.0,SL_pdAmy,SL_pallidal_amygdala,29.640625000000014,6,2,11,11,0.18181818181818182,0.5454545454545454,True,unassessed
945,ARM6_42_L,4,mapped,1052.0,SL_DStr,SL_dorsal_striatum,1809.218750000001,2,1,11,11,0.09090909090909091,0.18181818181818182,True,unassessed
945,ARM6_42_L,4,mapped,1062.0,SL_Pd,SL_pallidum,338.59375000000017,1,1,11,11,0.09090909090909091,0.09090909090909091,True,unassessed
945,ARM6_42_L,4,mapped,1070.0,SL_BR,SL_basal_nucleus_region,38.000000000000014,1,1,11,11,0.09090909090909091,0.09090909090909091,True,unassessed
945,ARM6_42_L,4,zero_unassigned,0.0,,,,132,9,11,11,0.8181818181818182,12.0,True,unassessed
945,ARM6_42_L,5,mapped,30.0,CL_area_13,CL_area_13,419.17187500000017,1,1,11,11,0.09090909090909091,0.09090909090909091,True,unassessed
945,ARM6_42_L,5,mapped,34.0,CL_area_12m/o,CL_medial_and_orbital_area_12,150.73437500000006,5,1,11,11,0.09090909090909091,0.45454545454545453,True,unassessed
945,ARM6_42_L,5,mapped,39.0,CL_Iam/Iapm,CL_medial_agranular_insular_region,24.17187500000001,17,1,11,11,0.09090909090909091,1.5454545454545454,True,unassessed
945,ARM6_42_L,5,mapped,40.0,CL_lat_Ia,CL_lateral_agranular_insular_region,145.28125000000006,852,11,11,11,1.0,77.45454545454545,True,unassessed
945,ARM6_42_L,5,mapped,48.0,CL_G,CL_gustatory_cortex,40.12500000000002,17,2,11,11,0.18181818181818182,1.5454545454545454,True,unassessed
945,ARM6_42_L,5,mapped,49.0,CL_PrCO,CL_precentral_operular_area,95.95312500000004,208,2,11,11,0.18181818181818182,18.90909090909091,True,unassessed
945,ARM6_42_L,5,mapped,69.0,CL_area_12r/l,CL_rostral_and_lateral_area_12,149.23437500000006,1,1,11,11,0.09090909090909091,0.09090909090909091,True,unassessed
945,ARM6_42_L,5,mapped,84.0,CL_PMv,CL_ventral_premotor_cortex,700.6093750000003,10,1,11,11,0.09090909090909091,0.9090909090909091,True,unassessed
945,ARM6_42_L,5,mapped,95.0,CL_SII,CL_secondary_somatosensory_cortex,285.3125000000001,8,1,11,11,0.09090909090909091,0.7272727272727273,True,unassessed
945,ARM6_42_L,5,mapped,159.0,CL_rostral_ERh,CL_rostral_entorhinal_cortex,47.82812500000002,2,1,11,11,0.09090909090909091,0.18181818181818182,True,unassessed
945,ARM6_42_L,5,mapped,161.0,CL_area_35,CL_area_35,34.593750000000014,13,1,11,11,0.09090909090909091,1.1818181818181819,True,unassessed
945,ARM6_42_L,5,mapped,162.0,CL_area_36,CL_area_36,115.15625000000006,25,1,11,11,0.09090909090909091,2.272727272727273,True,unassessed
945,ARM6_42_L,5,mapped,171.0,CL_TGg,CL_granular_temporal_pole,147.35937500000006,7,1,11,11,0.09090909090909091,0.6363636363636364,True,unassessed
945,ARM6_42_L,5,mapped,182.0,CL_ant_TE,CL_anterior_area_TE,419.42187500000017,9,1,11,11,0.09090909090909091,0.8181818181818182,True,unassessed
945,ARM6_42_L,5,mapped,185.0,CL_TE_in_STSv,CL_area_TE_in_the_ventral_STS,301.0781250000001,58,1,11,11,0.09090909090909091,5.2727272727272725,True,unassessed
945,ARM6_42_L,5,mapped,189.0,CL_ant_STSf,CL_anterior_fundus_of_the_superior_temporal_sulcus,332.81250000000017,6,1,11,11,0.09090909090909091,0.5454545454545454,True,unassessed
945,ARM6_42_L,5,mapped,226.0,CL_Pi,CL_parainsula,27.28125000000001,29,3,11,11,0.2727272727272727,2.6363636363636362,True,unassessed
945,ARM6_42_L,5,mapped,227.0,CL_Ins,CL_insula,260.9062500000001,80,7,11,11,0.6363636363636364,7.2727272727272725,True,unassessed
945,ARM6_42_L,5,mapped,1004.0,SL_Cl,SL_claustrum,255.1562500000001,2,2,11,11,0.18181818181818182,0.18181818181818182,True,unassessed
945,ARM6_42_L,5,mapped,1016.0,SL_SA,SL_subicular_complex_anterior,81.28125000000004,1,1,11,11,0.09090909090909091,0.09090909090909091,True,unassessed
945,ARM6_42_L,5,mapped,1035.0,SL_BL,SL_basolateral_amygdaloid_nucleus,47.54687500000002,3,1,11,11,0.09090909090909091,0.2727272727272727,True,unassessed
945,ARM6_42_L,5,mapped,1042.0,SL_Ce,SL_central_amygdaloid_nucleus,13.843750000000005,13,1,11,11,0.09090909090909091,1.1818181818181819,True,unassessed
945,ARM6_42_L,5,mapped,1044.0,SL_Me,SL_medial_amygdaloid_nucleus,16.984375000000007,1,1,11,11,0.09090909090909091,0.09090909090909091,True,unassessed
945,ARM6_42_L,5,mapped,1048.0,SL_IPAC,SL_posterior_interstitial_nucleus,4.906250000000002,2,1,11,11,0.09090909090909091,0.18181818181818182,True,unassessed
945,ARM6_42_L,5,mapped,1049.0,SL_STIA,SL_intraamygdaloid_stria_terminalis,15.593750000000007,4,1,11,11,0.09090909090909091,0.36363636363636365,True,unassessed
945,ARM6_42_L,5,mapped,1056.0,SL_Pu,SL_putamen,895.1093750000003,1,1,11,11,0.09090909090909091,0.09090909090909091,True,unassessed
945,ARM6_42_L,5,mapped,1057.0,SL_ASt,SL_amygdalostriatal_transition,33.812500000000014,1,1,11,11,0.09090909090909091,0.09090909090909091,True,unassessed
945,ARM6_42_L,5,mapped,1067.0,SL_ac,SL_anterior_commissure,77.82812500000003,1,1,11,11,0.09090909090909091,0.09090909090909091,True,unassessed
945,ARM6_42_L,5,mapped,1070.0,SL_BR,SL_basal_nucleus_region,38.000000000000014,1,1,11,11,0.09090909090909091,0.09090909090909091,True,unassessed
945,ARM6_42_L,5,zero_unassigned,0.0,,,,132,9,11,11,0.8181818181818182,12.0,True,unassessed
945,ARM6_42_L,6,mapped,32.0,CL_area_13m,CL_medial_area_13,174.45312500000009,1,1,11,11,0.09090909090909091,0.09090909090909091,True,unassessed
945,ARM6_42_L,6,mapped,36.0,CL_area_12o,CL_orbital_area_12,68.65625000000003,5,1,11,11,0.09090909090909091,0.45454545454545453,True,unassessed
945,ARM6_42_L,6,mapped,39.0,CL_Iam/Iapm,CL_medial_agranular_insular_region,24.17187500000001,17,1,11,11,0.09090909090909091,1.5454545454545454,True,unassessed
945,ARM6_42_L,6,mapped,41.0,CL_Iai,CL_intermediate_agranular_insula_area,81.48437500000004,19,3,11,11,0.2727272727272727,1.7272727272727273,True,unassessed
945,ARM6_42_L,6,mapped,42.0,CL_Ial,CL_lateral_agranular_insula_area,47.98437500000002,818,11,11,11,1.0,74.36363636363636,True,unassessed
945,ARM6_42_L,6,mapped,43.0,CL_Iapl,CL_posterior_lateral_agranular_insula_area,15.812500000000007,15,5,11,11,0.45454545454545453,1.3636363636363635,True,unassessed
945,ARM6_42_L,6,mapped,48.0,CL_G,CL_gustatory_cortex,40.12500000000002,17,2,11,11,0.18181818181818182,1.5454545454545454,True,unassessed
945,ARM6_42_L,6,mapped,49.0,CL_PrCO,CL_precentral_operular_area,95.95312500000004,208,2,11,11,0.18181818181818182,18.90909090909091,True,unassessed
945,ARM6_42_L,6,mapped,70.0,CL_area_12l,CL_lateral_area_12,61.20312500000003,1,1,11,11,0.09090909090909091,0.09090909090909091,True,unassessed
945,ARM6_42_L,6,mapped,86.0,CL_F5,CL_area_F5_of_ventral_premotor_cortex,434.01562500000017,10,1,11,11,0.09090909090909091,0.9090909090909091,True,unassessed
945,ARM6_42_L,6,mapped,95.0,CL_SII,CL_secondary_somatosensory_cortex,285.3125000000001,8,1,11,11,0.09090909090909091,0.7272727272727273,True,unassessed
945,ARM6_42_L,6,mapped,159.0,CL_rostral_ERh,CL_rostral_entorhinal_cortex,47.82812500000002,2,1,11,11,0.09090909090909091,0.18181818181818182,True,unassessed
945,ARM6_42_L,6,mapped,161.0,CL_area_35,CL_area_35,34.593750000000014,13,1,11,11,0.09090909090909091,1.1818181818181819,True,unassessed
945,ARM6_42_L,6,mapped,164.0,CL_area_36r/p,CL_rostral_and_polar_area_36,61.18750000000003,25,1,11,11,0.09090909090909091,2.272727272727273,True,unassessed
945,ARM6_42_L,6,mapped,173.0,CL_TGvg,CL_ventral_granular_temporal_pole,16.859375000000007,3,1,11,11,0.09090909090909091,0.2727272727272727,True,unassessed
945,ARM6_42_L,6,mapped,174.0,CL_TGsts,CL_sts_part_of_temporal_pole,78.28125000000003,4,1,11,11,0.09090909090909091,0.36363636363636365,True,unassessed
945,ARM6_42_L,6,mapped,183.0,CL_TEav,CL_anterior_ventral_area_TE,255.0781250000001,2,1,11,11,0.09090909090909091,0.18181818181818182,True,unassessed
945,ARM6_42_L,6,mapped,184.0,CL_TEad,CL_anterior_dorsal_area_TE,164.34375000000009,7,1,11,11,0.09090909090909091,0.6363636363636364,True,unassessed
945,ARM6_42_L,6,mapped,186.0,CL_TEm,CL_area_TEm,212.89062500000009,37,1,11,11,0.09090909090909091,3.3636363636363638,True,unassessed
945,ARM6_42_L,6,mapped,187.0,CL_TEa,CL_area_TEa,88.18750000000004,21,1,11,11,0.09090909090909091,1.9090909090909092,True,unassessed
945,ARM6_42_L,6,mapped,190.0,CL_IPa,CL_area_IPa,200.31250000000009,6,1,11,11,0.09090909090909091,0.5454545454545454,True,unassessed
945,ARM6_42_L,6,mapped,226.0,CL_Pi,CL_parainsula,27.28125000000001,29,3,11,11,0.2727272727272727,2.6363636363636362,True,unassessed
945,ARM6_42_L,6,mapped,228.0,CL_Ia/Id,CL_agranular_and_dysgranular_insula,164.56250000000009,80,7,11,11,0.6363636363636364,7.2727272727272725,True,unassessed
945,ARM6_42_L,6,mapped,1004.0,SL_Cl,SL_claustrum,255.1562500000001,2,2,11,11,0.18181818181818182,0.18181818181818182,True,unassessed
945,ARM6_42_L,6,mapped,1016.0,SL_SA,SL_subicular_complex_anterior,81.28125000000004,1,1,11,11,0.09090909090909091,0.09090909090909091,True,unassessed
945,ARM6_42_L,6,mapped,1036.0,SL_BLD,SL_basolateral_dorsal_amygdaloid_nucleus,14.546875000000007,3,1,11,11,0.09090909090909091,0.2727272727272727,True,unassessed
945,ARM6_42_L,6,mapped,1042.0,SL_Ce,SL_central_amygdaloid_nucleus,13.843750000000005,13,1,11,11,0.09090909090909091,1.1818181818181819,True,unassessed
945,ARM6_42_L,6,mapped,1044.0,SL_Me,SL_medial_amygdaloid_nucleus,16.984375000000007,1,1,11,11,0.09090909090909091,0.09090909090909091,True,unassessed
945,ARM6_42_L,6,mapped,1048.0,SL_IPAC,SL_posterior_interstitial_nucleus,4.906250000000002,2,1,11,11,0.09090909090909091,0.18181818181818182,True,unassessed
945,ARM6_42_L,6,mapped,1049.0,SL_STIA,SL_intraamygdaloid_stria_terminalis,15.593750000000007,4,1,11,11,0.09090909090909091,0.36363636363636365,True,unassessed
945,ARM6_42_L,6,mapped,1056.0,SL_Pu,SL_putamen,895.1093750000003,1,1,11,11,0.09090909090909091,0.09090909090909091,True,unassessed
945,ARM6_42_L,6,mapped,1057.0,SL_ASt,SL_amygdalostriatal_transition,33.812500000000014,1,1,11,11,0.09090909090909091,0.09090909090909091,True,unassessed
945,ARM6_42_L,6,mapped,1067.0,SL_ac,SL_anterior_commissure,77.82812500000003,1,1,11,11,0.09090909090909091,0.09090909090909091,True,unassessed
945,ARM6_42_L,6,mapped,1072.0,SL_B,SL_basal_nucleus,25.54687500000001,1,1,11,11,0.09090909090909091,0.09090909090909091,True,unassessed
945,ARM6_42_L,6,zero_unassigned,0.0,,,,132,9,11,11,0.8181818181818182,12.0,True,unassessed
945,ARM6_43_L,1,mapped,1.0,CL_Frontal,CL_Frontal_Lobe,6154.890625000003,35,1,1,1,1.0,35.0,True,unassessed
945,ARM6_43_L,1,mapped,90.0,CL_Parietal,CL_Parietal_Lobe,3774.453125000002,1,1,1,1,1.0,1.0,True,unassessed
945,ARM6_43_L,1,mapped,138.0,CL_Temporal,CL_Temporal_Lobe,4285.390625000002,16,1,1,1,1.0,16.0,True,unassessed
945,ARM6_43_L,1,zero_unassigned,0.0,,,,12,1,1,1,1.0,12.0,True,unassessed
945,ARM6_43_L,2,mapped,16.0,CL_OFC,CL_orbital_frontal_cortex,1344.9218750000007,27,1,1,1,1.0,27.0,True,unassessed
945,ARM6_43_L,2,mapped,77.0,CL_motor,CL_motor_cortex,2542.000000000001,8,1,1,1,1.0,8.0,True,unassessed
945,ARM6_43_L,2,mapped,91.0,CL_SI/SII,CL_somatosensory_cortex,1186.0000000000005,1,1,1,1,1.0,1.0,True,unassessed
945,ARM6_43_L,2,mapped,224.0,CL_floor_of_ls,CL_floor_of_the_lateral_sulcus,303.2968750000001,16,1,1,1,1.0,16.0,True,unassessed
945,ARM6_43_L,2,zero_unassigned,0.0,,,,12,1,1,1,1.0,12.0,True,unassessed
945,ARM6_43_L,3,mapped,37.0,CL_caudal_OFC,CL_caudal_orbital_frontal_cortex,331.17187500000017,27,1,1,1,1.0,27.0,True,unassessed
945,ARM6_43_L,3,mapped,78.0,CL_M1/PM,CL_lateral_motor_cortex,2230.484375000001,8,1,1,1,1.0,8.0,True,unassessed
945,ARM6_43_L,3,mapped,92.0,CL_SI,CL_primary_somatosensory_cortex,900.6875000000005,1,1,1,1,1.0,1.0,True,unassessed
945,ARM6_43_L,3,mapped,224.0,CL_floor_of_ls,CL_floor_of_the_lateral_sulcus,303.2968750000001,16,1,1,1,1.0,16.0,True,unassessed
945,ARM6_43_L,3,zero_unassigned,0.0,,,,12,1,1,1,1.0,12.0,True,unassessed
945,ARM6_43_L,4,mapped,38.0,CL_OFa-p,CL_agranular_orbitofrontal_cortex,169.45312500000009,24,1,1,1,1.0,24.0,True,unassessed
945,ARM6_43_L,4,mapped,47.0,CL_cl_OFC,CL_caudolateral_orbitofrontal_cortex,136.07812500000006,3,1,1,1,1.0,3.0,True,unassessed
945,ARM6_43_L,4,mapped,80.0,CL_PM,CL_premotor_cortex,1468.3593750000007,8,1,1,1,1.0,8.0,True,unassessed
945,ARM6_43_L,4,mapped,92.0,CL_SI,CL_primary_somatosensory_cortex,900.6875000000005,1,1,1,1,1.0,1.0,True,unassessed
945,ARM6_43_L,4,mapped,225.0,CL_Ins/Pi,CL_insula_and_parainsula,288.1875000000001,16,1,1,1,1.0,16.0,True,unassessed
945,ARM6_43_L,4,zero_unassigned,0.0,,,,12,1,1,1,1.0,12.0,True,unassessed
945,ARM6_43_L,5,mapped,40.0,CL_lat_Ia,CL_lateral_agranular_insular_region,145.28125000000006,24,1,1,1,1.0,24.0,True,unassessed
945,ARM6_43_L,5,mapped,48.0,CL_G,CL_gustatory_cortex,40.12500000000002,3,1,1,1,1.0,3.0,True,unassessed
945,ARM6_43_L,5,mapped,84.0,CL_PMv,CL_ventral_premotor_cortex,700.6093750000003,8,1,1,1,1.0,8.0,True,unassessed
945,ARM6_43_L,5,mapped,93.0,CL_area_3a/b,CL_areas_3a_and_3b,245.3906250000001,1,1,1,1,1.0,1.0,True,unassessed
945,ARM6_43_L,5,mapped,227.0,CL_Ins,CL_insula,260.9062500000001,16,1,1,1,1.0,16.0,True,unassessed
945,ARM6_43_L,5,zero_unassigned,0.0,,,,12,1,1,1,1.0,12.0,True,unassessed
945,ARM6_43_L,6,mapped,42.0,CL_Ial,CL_lateral_agranular_insula_area,47.98437500000002,4,1,1,1,1.0,4.0,True,unassessed
945,ARM6_43_L,6,mapped,43.0,CL_Iapl,CL_posterior_lateral_agranular_insula_area,15.812500000000007,20,1,1,1,1.0,20.0,True,unassessed
945,ARM6_43_L,6,mapped,48.0,CL_G,CL_gustatory_cortex,40.12500000000002,3,1,1,1,1.0,3.0,True,unassessed
945,ARM6_43_L,6,mapped,85.0,CL_F4,CL_area_F4_of_ventral_premotor_cortex,266.5937500000001,8,1,1,1,1.0,8.0,True,unassessed
945,ARM6_43_L,6,mapped,93.0,CL_area_3a/b,CL_areas_3a_and_3b,245.3906250000001,1,1,1,1,1.0,1.0,True,unassessed
945,ARM6_43_L,6,mapped,228.0,CL_Ia/Id,CL_agranular_and_dysgranular_insula,164.56250000000009,16,1,1,1,1.0,16.0,True,unassessed
945,ARM6_43_L,6,zero_unassigned,0.0,,,,12,1,1,1,1.0,12.0,True,unassessed
945,ARM6_541_R,1,mapped,501.0,CR_Frontal,CR_Frontal_Lobe,6154.890625000003,97,2,2,2,1.0,48.5,True,unassessed
945,ARM6_541_R,1,zero_unassigned,0.0,,,,18,1,2,2,0.5,9.0,True,unassessed
945,ARM6_541_R,2,mapped,516.0,CR_OFC,CR_orbital_frontal_cortex,1344.9218750000007,97,2,2,2,1.0,48.5,True,unassessed
945,ARM6_541_R,2,zero_unassigned,0.0,,,,18,1,2,2,0.5,9.0,True,unassessed
945,ARM6_541_R,3,mapped,537.0,CR_caudal_OFC,CR_caudal_orbital_frontal_cortex,331.17187500000017,97,2,2,2,1.0,48.5,True,unassessed
945,ARM6_541_R,3,zero_unassigned,0.0,,,,18,1,2,2,0.5,9.0,True,unassessed
945,ARM6_541_R,4,mapped,538.0,CR_OFa-p,CR_agranular_orbitofrontal_cortex,169.45312500000009,52,2,2,2,1.0,26.0,True,unassessed
945,ARM6_541_R,4,mapped,547.0,CR_cl_OFC,CR_caudolateral_orbitofrontal_cortex,136.07812500000006,45,2,2,2,1.0,22.5,True,unassessed
945,ARM6_541_R,4,zero_unassigned,0.0,,,,18,1,2,2,0.5,9.0,True,unassessed
945,ARM6_541_R,5,mapped,540.0,CR_lat_Ia,CR_lateral_agranular_insular_region,145.28125000000006,52,2,2,2,1.0,26.0,True,unassessed
945,ARM6_541_R,5,mapped,549.0,CR_PrCO,CR_precentral_operular_area,95.95312500000004,45,2,2,2,1.0,22.5,True,unassessed
945,ARM6_541_R,5,zero_unassigned,0.0,,,,18,1,2,2,0.5,9.0,True,unassessed
945,ARM6_541_R,6,mapped,541.0,CR_Iai,CR_intermediate_agranular_insula_area,81.48437500000004,49,2,2,2,1.0,24.5,True,unassessed
945,ARM6_541_R,6,mapped,542.0,CR_Ial,CR_lateral_agranular_insula_area,47.98437500000002,3,2,2,2,1.0,1.5,True,unassessed
945,ARM6_541_R,6,mapped,549.0,CR_PrCO,CR_precentral_operular_area,95.95312500000004,45,2,2,2,1.0,22.5,True,unassessed
945,ARM6_541_R,6,zero_unassigned,0.0,,,,18,1,2,2,0.5,9.0,True,unassessed
945,ARM6_549_R,1,mapped,501.0,CR_Frontal,CR_Frontal_Lobe,6154.890625000003,1813,11,11,11,1.0,164.8181818181818,True,unassessed
945,ARM6_549_R,1,mapped,590.0,CR_Parietal,CR_Parietal_Lobe,3774.453125000002,1,1,11,11,0.09090909090909091,0.09090909090909091,True,unassessed
945,ARM6_549_R,1,mapped,638.0,CR_Temporal,CR_Temporal_Lobe,4285.390625000002,35,4,11,11,0.36363636363636365,3.1818181818181817,True,unassessed
945,ARM6_549_R,1,mapped,1082.0,SL_di,SL_diencephalon,1285.0937500000007,16,1,11,11,0.09090909090909091,1.4545454545454546,True,unassessed
945,ARM6_549_R,1,mapped,1501.0,SR_tel,SR_telencephalon,3805.562500000002,156,4,11,11,0.36363636363636365,14.181818181818182,True,unassessed
945,ARM6_549_R,1,mapped,1582.0,SR_di,SR_diencephalon,1285.0937500000007,121,3,11,11,0.2727272727272727,11.0,True,unassessed
945,ARM6_549_R,1,mapped,1669.0,SR_mes,SR_mesencephalon,635.8437500000002,2,1,11,11,0.09090909090909091,0.18181818181818182,True,unassessed
945,ARM6_549_R,1,zero_unassigned,0.0,,,,191,7,11,11,0.6363636363636364,17.363636363636363,True,unassessed
945,ARM6_549_R,2,mapped,516.0,CR_OFC,CR_orbital_frontal_cortex,1344.9218750000007,1537,11,11,11,1.0,139.72727272727272,True,unassessed
945,ARM6_549_R,2,mapped,550.0,CR_lat_PFC,CR_lateral_prefrontal_cortex,1665.2031250000007,2,1,11,11,0.09090909090909091,0.18181818181818182,True,unassessed
945,ARM6_549_R,2,mapped,577.0,CR_motor,CR_motor_cortex,2542.000000000001,274,3,11,11,0.2727272727272727,24.90909090909091,True,unassessed
945,ARM6_549_R,2,mapped,591.0,CR_SI/SII,CR_somatosensory_cortex,1186.0000000000005,1,1,11,11,0.09090909090909091,0.09090909090909091,True,unassessed
945,ARM6_549_R,2,mapped,665.0,CR_TG,CR_temporal_pole,315.5156250000001,1,1,11,11,0.09090909090909091,0.09090909090909091,True,unassessed
945,ARM6_549_R,2,mapped,724.0,CR_floor_of_ls,CR_floor_of_the_lateral_sulcus,303.2968750000001,34,4,11,11,0.36363636363636365,3.090909090909091,True,unassessed
945,ARM6_549_R,2,mapped,1113.0,SL_Thal,SL_thalamus,970.0312500000005,16,1,11,11,0.09090909090909091,1.4545454545454546,True,unassessed
945,ARM6_549_R,2,mapped,1502.0,SR_LVPal,SR_lateral_and_ventral_pallium,309.6718750000001,5,1,11,11,0.09090909090909091,0.45454545454545453,True,unassessed
945,ARM6_549_R,2,mapped,1524.0,SR_Amy,SR_amygdala,302.0000000000001,43,1,11,11,0.09090909090909091,3.909090909090909,True,unassessed
945,ARM6_549_R,2,mapped,1550.0,SR_BG,SR_basal_ganglia,2261.015625000001,108,4,11,11,0.36363636363636365,9.818181818181818,True,unassessed
945,ARM6_549_R,2,mapped,1613.0,SR_Thal,SR_thalamus,970.0312500000005,112,3,11,11,0.2727272727272727,10.181818181818182,True,unassessed
945,ARM6_549_R,2,mapped,1660.0,SR_EpiThal,SR_epithalamus,15.359375000000007,9,1,11,11,0.09090909090909091,0.8181818181818182,True,unassessed
945,ARM6_549_R,2,mapped,1670.0,SR_Mid,SR_midbrain,635.8437500000002,2,1,11,11,0.09090909090909091,0.18181818181818182,True,unassessed
945,ARM6_549_R,2,zero_unassigned,0.0,,,,191,7,11,11,0.6363636363636364,17.363636363636363,True,unassessed
945,ARM6_549_R,3,mapped,525.0,CR_lat_OFC,CR_lateral_orbital_frontal_cortex,708.1406250000003,82,3,11,11,0.2727272727272727,7.454545454545454,True,unassessed
945,ARM6_549_R,3,mapped,537.0,CR_caudal_OFC,CR_caudal_orbital_frontal_cortex,331.17187500000017,1455,11,11,11,1.0,132.27272727272728,True,unassessed
945,ARM6_549_R,3,mapped,564.0,CR_vlPFC,CR_ventrolateral_prefrontal_cortex,680.8593750000003,2,1,11,11,0.09090909090909091,0.18181818181818182,True,unassessed
945,ARM6_549_R,3,mapped,578.0,CR_M1/PM,CR_lateral_motor_cortex,2230.484375000001,274,3,11,11,0.2727272727272727,24.90909090909091,True,unassessed
945,ARM6_549_R,3,mapped,595.0,CR_SII,CR_secondary_somatosensory_cortex,285.3125000000001,1,1,11,11,0.09090909090909091,0.09090909090909091,True,unassessed
945,ARM6_549_R,3,mapped,665.0,CR_TG,CR_temporal_pole,315.5156250000001,1,1,11,11,0.09090909090909091,0.09090909090909091,True,unassessed
945,ARM6_549_R,3,mapped,724.0,CR_floor_of_ls,CR_floor_of_the_lateral_sulcus,303.2968750000001,34,4,11,11,0.36363636363636365,3.090909090909091,True,unassessed
945,ARM6_549_R,3,mapped,1127.0,SL_MLThal,SL_midline_thalamus,71.21875000000003,16,1,11,11,0.09090909090909091,1.4545454545454546,True,unassessed
945,ARM6_549_R,3,mapped,1505.0,SR_VPal,SR_ventral_pallium,54.51562500000002,5,1,11,11,0.09090909090909091,0.45454545454545453,True,unassessed
945,ARM6_549_R,3,mapped,1525.0,SR_pAmy,SR_pallial_amygdala,217.79687500000009,7,1,11,11,0.09090909090909091,0.6363636363636364,True,unassessed
945,ARM6_549_R,3,mapped,1540.0,SR_spAmy,SR_subpallial_amygdala,84.20312500000004,36,1,11,11,0.09090909090909091,3.272727272727273,True,unassessed
945,ARM6_549_R,3,mapped,1551.0,SR_Str,SR_striatum,1922.421875000001,105,4,11,11,0.36363636363636365,9.545454545454545,True,unassessed
945,ARM6_549_R,3,mapped,1562.0,SR_Pd,SR_pallidum,338.59375000000017,3,1,11,11,0.09090909090909091,0.2727272727272727,True,unassessed
945,ARM6_549_R,3,mapped,1615.0,SR_MThal,SR_medial_thalamus,208.23437500000009,32,3,11,11,0.2727272727272727,2.909090909090909,True,unassessed
945,ARM6_549_R,3,mapped,1627.0,SR_MLThal,SR_midline_thalamus,71.21875000000003,50,2,11,11,0.18181818181818182,4.545454545454546,True,unassessed
945,ARM6_549_R,3,mapped,1635.0,SR_VThal,SR_ventral_thalamus,291.4218750000001,30,1,11,11,0.09090909090909091,2.727272727272727,True,unassessed
945,ARM6_549_R,3,mapped,1660.0,SR_EpiThal,SR_epithalamus,15.359375000000007,9,1,11,11,0.09090909090909091,0.8181818181818182,True,unassessed
945,ARM6_549_R,3,mapped,1671.0,SR_DMid,SR_dorsal_midbrain,189.04687500000009,1,1,11,11,0.09090909090909091,0.09090909090909091,True,unassessed
945,ARM6_549_R,3,mapped,1700.0,SR_VMid,SR_ventral_midbrain,261.3593750000001,1,1,11,11,0.09090909090909091,0.09090909090909091,True,unassessed
945,ARM6_549_R,3,zero_unassigned,0.0,,,,191,7,11,11,0.6363636363636364,17.363636363636363,True,unassessed
945,ARM6_549_R,4,mapped,526.0,CR_areas_11/13,CR_areas_11_and_13,557.4062500000002,68,1,11,11,0.09090909090909091,6.181818181818182,True,unassessed
945,ARM6_549_R,4,mapped,534.0,CR_area_12m/o,CR_medial_and_orbital_area_12,150.73437500000006,14,3,11,11,0.2727272727272727,1.2727272727272727,True,unassessed
945,ARM6_549_R,4,mapped,538.0,CR_OFa-p,CR_agranular_orbitofrontal_cortex,169.45312500000009,154,9,11,11,0.8181818181818182,14.0,True,unassessed
945,ARM6_549_R,4,mapped,547.0,CR_cl_OFC,CR_caudolateral_orbitofrontal_cortex,136.07812500000006,1301,11,11,11,1.0,118.27272727272727,True,unassessed
945,ARM6_549_R,4,mapped,565.0,CR_rostral_vlPFC,CR_rostral_ventrolateral_prefrontal_cortex,465.9531250000002,2,1,11,11,0.09090909090909091,0.18181818181818182,True,unassessed
945,ARM6_549_R,4,mapped,580.0,CR_PM,CR_premotor_cortex,1468.3593750000007,274,3,11,11,0.2727272727272727,24.90909090909091,True,unassessed
945,ARM6_549_R,4,mapped,595.0,CR_SII,CR_secondary_somatosensory_cortex,285.3125000000001,1,1,11,11,0.09090909090909091,0.09090909090909091,True,unassessed
945,ARM6_549_R,4,mapped,667.0,CR_TGg/TGd,CR_granular_and_dysgranular_temporal_pole,239.2187500000001,1,1,11,11,0.09090909090909091,0.09090909090909091,True,unassessed
945,ARM6_549_R,4,mapped,725.0,CR_Ins/Pi,CR_insula_and_parainsula,288.1875000000001,34,4,11,11,0.36363636363636365,3.090909090909091,True,unassessed
945,ARM6_549_R,4,mapped,1127.0,SL_MLThal,SL_midline_thalamus,71.21875000000003,16,1,11,11,0.09090909090909091,1.4545454545454546,True,unassessed
945,ARM6_549_R,4,mapped,1506.0,SR_En,SR_endopiriform_claustrum,23.71875000000001,3,1,11,11,0.09090909090909091,0.2727272727272727,True,unassessed
945,ARM6_549_R,4,mapped,1509.0,SR_Pir,SR_piriform_cortex,30.796875000000014,2,1,11,11,0.09090909090909091,0.18181818181818182,True,unassessed
945,ARM6_549_R,4,mapped,1530.0,SR_lpAmy,SR_lateropallial_amygdala,129.98437500000006,7,1,11,11,0.09090909090909091,0.6363636363636364,True,unassessed
945,ARM6_549_R,4,mapped,1541.0,SR_stAmy,SR_striatal_amygdala,13.843750000000005,14,1,11,11,0.09090909090909091,1.2727272727272727,True,unassessed
945,ARM6_549_R,4,mapped,1543.0,SR_mAmy,SR_medial_amygdala,40.71875000000002,4,1,11,11,0.09090909090909091,0.36363636363636365,True,unassessed
945,ARM6_549_R,4,mapped,1546.0,SR_pdAmy,SR_pallidal_amygdala,29.640625000000014,18,1,11,11,0.09090909090909091,1.6363636363636365,True,unassessed
945,ARM6_549_R,4,mapped,1552.0,SR_DStr,SR_dorsal_striatum,1809.218750000001,86,4,11,11,0.36363636363636365,7.818181818181818,True,unassessed
945,ARM6_549_R,4,mapped,1559.0,SR_VStr,SR_ventral_striatum,113.20312500000006,19,1,11,11,0.09090909090909091,1.7272727272727273,True,unassessed
945,ARM6_549_R,4,mapped,1562.0,SR_Pd,SR_pallidum,338.59375000000017,3,1,11,11,0.09090909090909091,0.2727272727272727,True,unassessed
945,ARM6_549_R,4,mapped,1619.0,SR_ILThal,SR_intralaminar_thalamus,106.54687500000004,4,3,11,11,0.2727272727272727,0.36363636363636365,True,unassessed
945,ARM6_549_R,4,mapped,1626.0,SR_MD,SR_mediodorsal_thalamus,78.81250000000003,28,2,11,11,0.18181818181818182,2.5454545454545454,True,unassessed
945,ARM6_549_R,4,mapped,1627.0,SR_MLThal,SR_midline_thalamus,71.21875000000003,50,2,11,11,0.18181818181818182,4.545454545454546,True,unassessed
945,ARM6_549_R,4,mapped,1636.0,SR_PNThal,SR_pallido_nigral_thalamus,95.73437500000004,2,1,11,11,0.09090909090909091,0.18181818181818182,True,unassessed
945,ARM6_549_R,4,mapped,1643.0,SR_SpThal,SR_spinal_thalamus,88.20312500000004,28,1,11,11,0.09090909090909091,2.5454545454545454,True,unassessed
945,ARM6_549_R,4,mapped,1662.0,SR_Hb,SR_habenula,11.265625000000005,9,1,11,11,0.09090909090909091,0.8181818181818182,True,unassessed
945,ARM6_549_R,4,mapped,1677.0,SR_PAGR,SR_periaqueductal_gray_region,51.10937500000002,1,1,11,11,0.09090909090909091,0.09090909090909091,True,unassessed
945,ARM6_549_R,4,mapped,1704.0,SR_DA_Mid,SR_midbrain_dopaminergic_complex,222.89062500000009,1,1,11,11,0.09090909090909091,0.09090909090909091,True,unassessed
945,ARM6_549_R,4,zero_unassigned,0.0,,,,191,7,11,11,0.6363636363636364,17.363636363636363,True,unassessed
945,ARM6_549_R,5,mapped,530.0,CR_area_13,CR_area_13,419.17187500000017,68,1,11,11,0.09090909090909091,6.181818181818182,True,unassessed
945,ARM6_549_R,5,mapped,534.0,CR_area_12m/o,CR_medial_and_orbital_area_12,150.73437500000006,14,3,11,11,0.2727272727272727,1.2727272727272727,True,unassessed
945,ARM6_549_R,5,mapped,540.0,CR_lat_Ia,CR_lateral_agranular_insular_region,145.28125000000006,154,9,11,11,0.8181818181818182,14.0,True,unassessed
945,ARM6_549_R,5,mapped,548.0,CR_G,CR_gustatory_cortex,40.12500000000002,6,2,11,11,0.18181818181818182,0.5454545454545454,True,unassessed
945,ARM6_549_R,5,mapped,549.0,CR_PrCO,CR_precentral_operular_area,95.95312500000004,1295,11,11,11,1.0,117.72727272727273,True,unassessed
945,ARM6_549_R,5,mapped,569.0,CR_area_12r/l,CR_rostral_and_lateral_area_12,149.23437500000006,2,1,11,11,0.09090909090909091,0.18181818181818182,True,unassessed
945,ARM6_549_R,5,mapped,584.0,CR_PMv,CR_ventral_premotor_cortex,700.6093750000003,274,3,11,11,0.2727272727272727,24.90909090909091,True,unassessed
945,ARM6_549_R,5,mapped,595.0,CR_SII,CR_secondary_somatosensory_cortex,285.3125000000001,1,1,11,11,0.09090909090909091,0.09090909090909091,True,unassessed
945,ARM6_549_R,5,mapped,668.0,CR_TGd,CR_dysgranular_temporal_pole,91.85937500000004,1,1,11,11,0.09090909090909091,0.09090909090909091,True,unassessed
945,ARM6_549_R,5,mapped,726.0,CR_Pi,CR_parainsula,27.28125000000001,6,2,11,11,0.18181818181818182,0.5454545454545454,True,unassessed
945,ARM6_549_R,5,mapped,727.0,CR_Ins,CR_insula,260.9062500000001,28,4,11,11,0.36363636363636365,2.5454545454545454,True,unassessed
945,ARM6_549_R,5,mapped,1128.0,SL_IMD,SL_intermediodorsal_thalamus,11.781250000000005,14,1,11,11,0.09090909090909091,1.2727272727272727,True,unassessed
945,ARM6_549_R,5,mapped,1133.0,SL_CM,SL_central_medial_thalamus,12.453125000000005,2,1,11,11,0.09090909090909091,0.18181818181818182,True,unassessed
945,ARM6_549_R,5,mapped,1507.0,SR_DEn,SR_dorsal_endopiriform_claustrum,14.203125000000007,2,1,11,11,0.09090909090909091,0.18181818181818182,True,unassessed
945,ARM6_549_R,5,mapped,1508.0,SR_VEn,SR_ventral_endopiriform_claustrum,9.515625000000004,1,1,11,11,0.09090909090909091,0.09090909090909091,True,unassessed
945,ARM6_549_R,5,mapped,1509.0,SR_Pir,SR_piriform_cortex,30.796875000000014,2,1,11,11,0.09090909090909091,0.18181818181818182,True,unassessed
945,ARM6_549_R,5,mapped,1535.0,SR_BL,SR_basolateral_amygdaloid_nucleus,47.54687500000002,7,1,11,11,0.09090909090909091,0.6363636363636364,True,unassessed
945,ARM6_549_R,5,mapped,1542.0,SR_Ce,SR_central_amygdaloid_nucleus,13.843750000000005,14,1,11,11,0.09090909090909091,1.2727272727272727,True,unassessed
945,ARM6_549_R,5,mapped,1544.0,SR_Me,SR_medial_amygdaloid_nucleus,16.984375000000007,4,1,11,11,0.09090909090909091,0.36363636363636365,True,unassessed
945,ARM6_549_R,5,mapped,1549.0,SR_STIA,SR_intraamygdaloid_stria_terminalis,15.593750000000007,18,1,11,11,0.09090909090909091,1.6363636363636365,True,unassessed
945,ARM6_549_R,5,mapped,1556.0,SR_Pu,SR_putamen,895.1093750000003,68,2,11,11,0.18181818181818182,6.181818181818182,True,unassessed
945,ARM6_549_R,5,mapped,1557.0,SR_ASt,SR_amygdalostriatal_transition,33.812500000000014,16,1,11,11,0.09090909090909091,1.4545454545454546,True,unassessed
945,ARM6_549_R,5,mapped,1558.0,SR_ic,SR_internal_capsule,230.7343750000001,2,2,11,11,0.18181818181818182,0.18181818181818182,True,unassessed
945,ARM6_549_R,5,mapped,1560.0,SR_Acb,SR_accumbens,94.96875000000004,18,1,11,11,0.09090909090909091,1.6363636363636365,True,unassessed
945,ARM6_549_R,5,mapped,1561.0,SR_Tu,SR_olfactory_tubercule,18.234375000000007,1,1,11,11,0.09090909090909091,0.09090909090909091,True,unassessed
945,ARM6_549_R,5,mapped,1563.0,SR_GP,SR_globus_pallidus,239.7656250000001,1,1,11,11,0.09090909090909091,0.09090909090909091,True,unassessed
945,ARM6_549_R,5,mapped,1567.0,SR_ac,SR_anterior_commissure,77.82812500000003,1,1,11,11,0.09090909090909091,0.09090909090909091,True,unassessed
945,ARM6_549_R,5,mapped,1568.0,SR_VP,SR_ventral_pallidum,21.00000000000001,1,1,11,11,0.09090909090909091,0.09090909090909091,True,unassessed
945,ARM6_549_R,5,mapped,1621.0,SR_CMn-PF,SR_centromedial-parafascicular_thalamus,50.56250000000002,4,3,11,11,0.2727272727272727,0.36363636363636365,True,unassessed
945,ARM6_549_R,5,mapped,1626.0,SR_MD,SR_mediodorsal_thalamus,78.81250000000003,28,2,11,11,0.18181818181818182,2.5454545454545454,True,unassessed
945,ARM6_549_R,5,mapped,1628.0,SR_IMD,SR_intermediodorsal_thalamus,11.781250000000005,25,2,11,11,0.18181818181818182,2.272727272727273,True,unassessed
945,ARM6_549_R,5,mapped,1630.0,SR_PVP,SR_paraventricular_posterior_thalamus,1.9218750000000009,2,1,11,11,0.09090909090909091,0.18181818181818182,True,unassessed
945,ARM6_549_R,5,mapped,1633.0,SR_CM,SR_central_medial_thalamus,12.453125000000005,20,1,11,11,0.09090909090909091,1.8181818181818181,True,unassessed
945,ARM6_549_R,5,mapped,1634.0,SR_Re-Rh-Xi,SR_Reuniens-rhomboid-xiphoid_thalamus,18.937500000000007,3,1,11,11,0.09090909090909091,0.2727272727272727,True,unassessed
945,ARM6_549_R,5,mapped,1637.0,SR_VA,SR_ventral_anterior_thalamus,48.87500000000002,2,1,11,11,0.09090909090909091,0.18181818181818182,True,unassessed
945,ARM6_549_R,5,mapped,1647.0,SR_VM,SR_ventral_medial_thalamus,20.95312500000001,28,1,11,11,0.09090909090909091,2.5454545454545454,True,unassessed
945,ARM6_549_R,5,mapped,1662.0,SR_Hb,SR_habenula,11.265625000000005,9,1,11,11,0.09090909090909091,0.8181818181818182,True,unassessed
945,ARM6_549_R,5,mapped,1679.0,SR_PAG,SR_periaqueductal_gray,49.48437500000002,1,1,11,11,0.09090909090909091,0.09090909090909091,True,unassessed
945,ARM6_549_R,5,mapped,1706.0,SR_SN,SR_substantia_nigra,111.21875000000004,1,1,11,11,0.09090909090909091,0.09090909090909091,True,unassessed
945,ARM6_549_R,5,zero_unassigned,0.0,,,,191,7,11,11,0.6363636363636364,17.363636363636363,True,unassessed
945,ARM6_549_R,6,mapped,532.0,CR_area_13m,CR_medial_area_13,174.45312500000009,9,1,11,11,0.09090909090909091,0.8181818181818182,True,unassessed
945,ARM6_549_R,6,mapped,533.0,CR_area_13l,CR_lateral_area_13,120.60937500000006,59,1,11,11,0.09090909090909091,5.363636363636363,True,unassessed
945,ARM6_549_R,6,mapped,535.0,CR_area_12m,CR_medial_area_12,82.07812500000004,10,1,11,11,0.09090909090909091,0.9090909090909091,True,unassessed
945,ARM6_549_R,6,mapped,536.0,CR_area_12o,CR_orbital_area_12,68.65625000000003,4,3,11,11,0.2727272727272727,0.36363636363636365,True,unassessed
945,ARM6_549_R,6,mapped,541.0,CR_Iai,CR_intermediate_agranular_insula_area,81.48437500000004,12,6,11,11,0.5454545454545454,1.0909090909090908,True,unassessed
945,ARM6_549_R,6,mapped,542.0,CR_Ial,CR_lateral_agranular_insula_area,47.98437500000002,136,8,11,11,0.7272727272727273,12.363636363636363,True,unassessed
945,ARM6_549_R,6,mapped,543.0,CR_Iapl,CR_posterior_lateral_agranular_insula_area,15.812500000000007,6,3,11,11,0.2727272727272727,0.5454545454545454,True,unassessed
945,ARM6_549_R,6,mapped,548.0,CR_G,CR_gustatory_cortex,40.12500000000002,6,2,11,11,0.18181818181818182,0.5454545454545454,True,unassessed
945,ARM6_549_R,6,mapped,549.0,CR_PrCO,CR_precentral_operular_area,95.95312500000004,1295,11,11,11,1.0,117.72727272727273,True,unassessed
945,ARM6_549_R,6,mapped,570.0,CR_area_12l,CR_lateral_area_12,61.20312500000003,2,1,11,11,0.09090909090909091,0.18181818181818182,True,unassessed
945,ARM6_549_R,6,mapped,585.0,CR_F4,CR_area_F4_of_ventral_premotor_cortex,266.5937500000001,2,1,11,11,0.09090909090909091,0.18181818181818182,True,unassessed
945,ARM6_549_R,6,mapped,586.0,CR_F5,CR_area_F5_of_ventral_premotor_cortex,434.01562500000017,272,3,11,11,0.2727272727272727,24.727272727272727,True,unassessed
945,ARM6_549_R,6,mapped,595.0,CR_SII,CR_secondary_somatosensory_cortex,285.3125000000001,1,1,11,11,0.09090909090909091,0.09090909090909091,True,unassessed
945,ARM6_549_R,6,mapped,669.0,CR_TGdd,CR_dorsal_dysgranular_temporal_pole,70.73437500000003,1,1,11,11,0.09090909090909091,0.09090909090909091,True,unassessed
945,ARM6_549_R,6,mapped,726.0,CR_Pi,CR_parainsula,27.28125000000001,6,2,11,11,0.18181818181818182,0.5454545454545454,True,unassessed
945,ARM6_549_R,6,mapped,728.0,CR_Ia/Id,CR_agranular_and_dysgranular_insula,164.56250000000009,28,4,11,11,0.36363636363636365,2.5454545454545454,True,unassessed
945,ARM6_549_R,6,mapped,1128.0,SL_IMD,SL_intermediodorsal_thalamus,11.781250000000005,14,1,11,11,0.09090909090909091,1.2727272727272727,True,unassessed
945,ARM6_549_R,6,mapped,1133.0,SL_CM,SL_central_medial_thalamus,12.453125000000005,2,1,11,11,0.09090909090909091,0.18181818181818182,True,unassessed
945,ARM6_549_R,6,mapped,1507.0,SR_DEn,SR_dorsal_endopiriform_claustrum,14.203125000000007,2,1,11,11,0.09090909090909091,0.18181818181818182,True,unassessed
945,ARM6_549_R,6,mapped,1508.0,SR_VEn,SR_ventral_endopiriform_claustrum,9.515625000000004,1,1,11,11,0.09090909090909091,0.09090909090909091,True,unassessed
945,ARM6_549_R,6,mapped,1509.0,SR_Pir,SR_piriform_cortex,30.796875000000014,2,1,11,11,0.09090909090909091,0.18181818181818182,True,unassessed
945,ARM6_549_R,6,mapped,1536.0,SR_BLD,SR_basolateral_dorsal_amygdaloid_nucleus,14.546875000000007,4,1,11,11,0.09090909090909091,0.36363636363636365,True,unassessed
945,ARM6_549_R,6,mapped,1537.0,SR_BLI,SR_basolateral_intermediate_amygdaloid_nucleus,13.343750000000005,3,1,11,11,0.09090909090909091,0.2727272727272727,True,unassessed
945,ARM6_549_R,6,mapped,1542.0,SR_Ce,SR_central_amygdaloid_nucleus,13.843750000000005,14,1,11,11,0.09090909090909091,1.2727272727272727,True,unassessed
945,ARM6_549_R,6,mapped,1544.0,SR_Me,SR_medial_amygdaloid_nucleus,16.984375000000007,4,1,11,11,0.09090909090909091,0.36363636363636365,True,unassessed
945,ARM6_549_R,6,mapped,1549.0,SR_STIA,SR_intraamygdaloid_stria_terminalis,15.593750000000007,18,1,11,11,0.09090909090909091,1.6363636363636365,True,unassessed
945,ARM6_549_R,6,mapped,1556.0,SR_Pu,SR_putamen,895.1093750000003,68,2,11,11,0.18181818181818182,6.181818181818182,True,unassessed
945,ARM6_549_R,6,mapped,1557.0,SR_ASt,SR_amygdalostriatal_transition,33.812500000000014,16,1,11,11,0.09090909090909091,1.4545454545454546,True,unassessed
945,ARM6_549_R,6,mapped,1558.0,SR_ic,SR_internal_capsule,230.7343750000001,2,2,11,11,0.18181818181818182,0.18181818181818182,True,unassessed
945,ARM6_549_R,6,mapped,1560.0,SR_Acb,SR_accumbens,94.96875000000004,18,1,11,11,0.09090909090909091,1.6363636363636365,True,unassessed
945,ARM6_549_R,6,mapped,1561.0,SR_Tu,SR_olfactory_tubercule,18.234375000000007,1,1,11,11,0.09090909090909091,0.09090909090909091,True,unassessed
945,ARM6_549_R,6,mapped,1564.0,SR_EGP,SR_external_globus_pallidus,150.71875000000006,1,1,11,11,0.09090909090909091,0.09090909090909091,True,unassessed
945,ARM6_549_R,6,mapped,1567.0,SR_ac,SR_anterior_commissure,77.82812500000003,1,1,11,11,0.09090909090909091,0.09090909090909091,True,unassessed
945,ARM6_549_R,6,mapped,1568.0,SR_VP,SR_ventral_pallidum,21.00000000000001,1,1,11,11,0.09090909090909091,0.09090909090909091,True,unassessed
945,ARM6_549_R,6,mapped,1621.0,SR_CMn-PF,SR_centromedial-parafascicular_thalamus,50.56250000000002,4,3,11,11,0.2727272727272727,0.36363636363636365,True,unassessed
945,ARM6_549_R,6,mapped,1626.0,SR_MD,SR_mediodorsal_thalamus,78.81250000000003,28,2,11,11,0.18181818181818182,2.5454545454545454,True,unassessed
945,ARM6_549_R,6,mapped,1628.0,SR_IMD,SR_intermediodorsal_thalamus,11.781250000000005,25,2,11,11,0.18181818181818182,2.272727272727273,True,unassessed
945,ARM6_549_R,6,mapped,1630.0,SR_PVP,SR_paraventricular_posterior_thalamus,1.9218750000000009,2,1,11,11,0.09090909090909091,0.18181818181818182,True,unassessed
945,ARM6_549_R,6,mapped,1633.0,SR_CM,SR_central_medial_thalamus,12.453125000000005,20,1,11,11,0.09090909090909091,1.8181818181818181,True,unassessed
945,ARM6_549_R,6,mapped,1634.0,SR_Re-Rh-Xi,SR_Reuniens-rhomboid-xiphoid_thalamus,18.937500000000007,3,1,11,11,0.09090909090909091,0.2727272727272727,True,unassessed
945,ARM6_549_R,6,mapped,1637.0,SR_VA,SR_ventral_anterior_thalamus,48.87500000000002,2,1,11,11,0.09090909090909091,0.18181818181818182,True,unassessed
945,ARM6_549_R,6,mapped,1647.0,SR_VM,SR_ventral_medial_thalamus,20.95312500000001,28,1,11,11,0.09090909090909091,2.5454545454545454,True,unassessed
945,ARM6_549_R,6,mapped,1662.0,SR_Hb,SR_habenula,11.265625000000005,9,1,11,11,0.09090909090909091,0.8181818181818182,True,unassessed
945,ARM6_549_R,6,mapped,1679.0,SR_PAG,SR_periaqueductal_gray,49.48437500000002,1,1,11,11,0.09090909090909091,0.09090909090909091,True,unassessed
945,ARM6_549_R,6,mapped,1706.0,SR_SN,SR_substantia_nigra,111.21875000000004,1,1,11,11,0.09090909090909091,0.09090909090909091,True,unassessed
945,ARM6_549_R,6,zero_unassigned,0.0,,,,191,7,11,11,0.6363636363636364,17.363636363636363,True,unassessed
948,ARM6_0_L,1,mapped,1.0,CL_Frontal,CL_Frontal_Lobe,6154.890625000003,67,4,4,4,1.0,16.75,True,unassessed
948,ARM6_0_L,1,mapped,138.0,CL_Temporal,CL_Temporal_Lobe,4285.390625000002,43,4,4,4,1.0,10.75,True,unassessed
948,ARM6_0_L,1,mapped,1001.0,SL_tel,SL_telencephalon,3805.562500000002,57,3,4,4,0.75,14.25,True,unassessed
948,ARM6_0_L,1,zero_unassigned,0.0,,,,49,4,4,4,1.0,12.25,True,unassessed
948,ARM6_0_L,2,mapped,2.0,CL_ACgG,CL_anterior_cingulate_gyrus,602.7656250000002,9,1,4,4,0.25,2.25,True,unassessed
948,ARM6_0_L,2,mapped,16.0,CL_OFC,CL_orbital_frontal_cortex,1344.9218750000007,58,4,4,4,1.0,14.5,True,unassessed
948,ARM6_0_L,2,mapped,139.0,CL_MTL,CL_medial_temporal_lobe,423.42187500000017,25,3,4,4,0.75,6.25,True,unassessed
948,ARM6_0_L,2,mapped,165.0,CL_TG,CL_temporal_pole,315.5156250000001,18,2,4,4,0.5,4.5,True,unassessed
948,ARM6_0_L,2,mapped,1002.0,SL_LVPal,SL_lateral_and_ventral_pallium,309.6718750000001,6,3,4,4,0.75,1.5,True,unassessed
948,ARM6_0_L,2,mapped,1010.0,SL_MPal,SL_medial_pallium,575.5000000000002,31,1,4,4,0.25,7.75,True,unassessed
948,ARM6_0_L,2,mapped,1024.0,SL_Amy,SL_amygdala,302.0000000000001,18,1,4,4,0.25,4.5,True,unassessed
948,ARM6_0_L,2,mapped,1050.0,SL_BG,SL_basal_ganglia,2261.015625000001,2,1,4,4,0.25,0.5,True,unassessed
948,ARM6_0_L,2,zero_unassigned,0.0,,,,49,4,4,4,1.0,12.25,True,unassessed
948,ARM6_0_L,3,mapped,3.0,CL_ACC,CL_anterior_cingulate_cortex,414.39062500000017,9,1,4,4,0.25,2.25,True,unassessed
948,ARM6_0_L,3,mapped,17.0,CL_med_OFC,CL_medial_orbital_frontal_cortex,305.6093750000001,13,1,4,4,0.25,3.25,True,unassessed
948,ARM6_0_L,3,mapped,25.0,CL_lat_OFC,CL_lateral_orbital_frontal_cortex,708.1406250000003,32,1,4,4,0.25,8.0,True,unassessed
948,ARM6_0_L,3,mapped,37.0,CL_caudal_OFC,CL_caudal_orbital_frontal_cortex,331.17187500000017,13,4,4,4,1.0,3.25,True,unassessed
948,ARM6_0_L,3,mapped,153.0,CL_Rh,CL_rhinal_cortex,280.2343750000001,25,3,4,4,0.75,6.25,True,unassessed
948,ARM6_0_L,3,mapped,165.0,CL_TG,CL_temporal_pole,315.5156250000001,18,2,4,4,0.5,4.5,True,unassessed
948,ARM6_0_L,3,mapped,1003.0,SL_LPal,SL_lateral_pallium,255.1562500000001,5,2,4,4,0.5,1.25,True,unassessed
948,ARM6_0_L,3,mapped,1005.0,SL_VPal,SL_ventral_pallium,54.51562500000002,1,1,4,4,0.25,0.25,True,unassessed
948,ARM6_0_L,3,mapped,1011.0,SL_HF,SL_hippocampal_formation,532.0937500000002,31,1,4,4,0.25,7.75,True,unassessed
948,ARM6_0_L,3,mapped,1025.0,SL_pAmy,SL_pallial_amygdala,217.79687500000009,18,1,4,4,0.25,4.5,True,unassessed
948,ARM6_0_L,3,mapped,1051.0,SL_Str,SL_striatum,1922.421875000001,2,1,4,4,0.25,0.5,True,unassessed
948,ARM6_0_L,3,zero_unassigned,0.0,,,,49,4,4,4,1.0,12.25,True,unassessed
948,ARM6_0_L,4,key_level_conflict,45.0,CL_AON/TTv,CL_anterior_olfactory_cortex,,4,1,4,4,0.25,1.0,True,unassessed
948,ARM6_0_L,4,mapped,5.0,CL_area_25,CL_subgenual_cortex,32.890625000000014,9,1,4,4,0.25,2.25,True,unassessed
948,ARM6_0_L,4,mapped,18.0,CL_area_10,CL_frontal_pole,235.2968750000001,1,1,4,4,0.25,0.25,True,unassessed
948,ARM6_0_L,4,mapped,22.0,CL_area_14,CL_gyrus_rectus,70.31250000000003,12,1,4,4,0.25,3.0,True,unassessed
948,ARM6_0_L,4,mapped,26.0,CL_areas_11/13,CL_areas_11_and_13,557.4062500000002,32,1,4,4,0.25,8.0,True,unassessed
948,ARM6_0_L,4,mapped,38.0,CL_OFa-p,CL_agranular_orbitofrontal_cortex,169.45312500000009,9,3,4,4,0.75,2.25,True,unassessed
948,ARM6_0_L,4,mapped,154.0,CL_ERh,CL_entorhinal_cortex,130.48437500000006,8,3,4,4,0.75,2.0,True,unassessed
948,ARM6_0_L,4,mapped,160.0,CL_PRh,CL_perirhinal_cortex,149.75000000000006,17,2,4,4,0.5,4.25,True,unassessed
948,ARM6_0_L,4,mapped,166.0,CL_TGa,CL_agranular_temporal_pole,76.29687500000003,2,1,4,4,0.25,0.5,True,unassessed
948,ARM6_0_L,4,mapped,167.0,CL_TGg/TGd,CL_granular_and_dysgranular_temporal_pole,239.2187500000001,16,2,4,4,0.5,4.0,True,unassessed
948,ARM6_0_L,4,mapped,1004.0,SL_Cl,SL_claustrum,255.1562500000001,5,2,4,4,0.5,1.25,True,unassessed
948,ARM6_0_L,4,mapped,1006.0,SL_En,SL_endopiriform_claustrum,23.71875000000001,1,1,4,4,0.25,0.25,True,unassessed
948,ARM6_0_L,4,mapped,1012.0,SL_HFA,SL_hippocampal_formation_anterior,353.15625000000017,31,1,4,4,0.25,7.75,True,unassessed
948,ARM6_0_L,4,mapped,1026.0,SL_vpAmy,SL_ventropallial_amygdala,87.81250000000004,2,1,4,4,0.25,0.5,True,unassessed
948,ARM6_0_L,4,mapped,1030.0,SL_lpAmy,SL_lateropallial_amygdala,129.98437500000006,16,1,4,4,0.25,4.0,True,unassessed
948,ARM6_0_L,4,mapped,1052.0,SL_DStr,SL_dorsal_striatum,1809.218750000001,2,1,4,4,0.25,0.5,True,unassessed
948,ARM6_0_L,4,zero_unassigned,0.0,,,,49,4,4,4,1.0,12.25,True,unassessed
948,ARM6_0_L,5,key_level_conflict,45.0,CL_AON/TTv,CL_anterior_olfactory_cortex,,4,1,4,4,0.25,1.0,True,unassessed
948,ARM6_0_L,5,mapped,5.0,CL_area_25,CL_subgenual_cortex,32.890625000000014,9,1,4,4,0.25,2.25,True,unassessed
948,ARM6_0_L,5,mapped,18.0,CL_area_10,CL_frontal_pole,235.2968750000001,1,1,4,4,0.25,0.25,True,unassessed
948,ARM6_0_L,5,mapped,22.0,CL_area_14,CL_gyrus_rectus,70.31250000000003,12,1,4,4,0.25,3.0,True,unassessed
948,ARM6_0_L,5,mapped,27.0,CL_area_11,CL_area_11,138.23437500000006,27,1,4,4,0.25,6.75,True,unassessed
948,ARM6_0_L,5,mapped,30.0,CL_area_13,CL_area_13,419.17187500000017,5,1,4,4,0.25,1.25,True,unassessed
948,ARM6_0_L,5,mapped,40.0,CL_lat_Ia,CL_lateral_agranular_insular_region,145.28125000000006,9,3,4,4,0.75,2.25,True,unassessed
948,ARM6_0_L,5,mapped,155.0,CL_caudal_ERh,CL_caudal_entorhinal_cortex,50.67187500000002,3,1,4,4,0.25,0.75,True,unassessed
948,ARM6_0_L,5,mapped,158.0,CL_mid_ERh,CL_middle_entorhinal_cortex,31.984375000000014,3,2,4,4,0.5,0.75,True,unassessed
948,ARM6_0_L,5,mapped,159.0,CL_rostral_ERh,CL_rostral_entorhinal_cortex,47.82812500000002,2,1,4,4,0.25,0.5,True,unassessed
948,ARM6_0_L,5,mapped,161.0,CL_area_35,CL_area_35,34.593750000000014,11,2,4,4,0.5,2.75,True,unassessed
948,ARM6_0_L,5,mapped,162.0,CL_area_36,CL_area_36,115.15625000000006,6,2,4,4,0.5,1.5,True,unassessed
948,ARM6_0_L,5,mapped,166.0,CL_TGa,CL_agranular_temporal_pole,76.29687500000003,2,1,4,4,0.25,0.5,True,unassessed
948,ARM6_0_L,5,mapped,168.0,CL_TGd,CL_dysgranular_temporal_pole,91.85937500000004,15,2,4,4,0.5,3.75,True,unassessed
948,ARM6_0_L,5,mapped,171.0,CL_TGg,CL_granular_temporal_pole,147.35937500000006,1,1,4,4,0.25,0.25,True,unassessed
948,ARM6_0_L,5,mapped,1004.0,SL_Cl,SL_claustrum,255.1562500000001,5,2,4,4,0.5,1.25,True,unassessed
948,ARM6_0_L,5,mapped,1008.0,SL_VEn,SL_ventral_endopiriform_claustrum,9.515625000000004,1,1,4,4,0.25,0.25,True,unassessed
948,ARM6_0_L,5,mapped,1013.0,SL_HiA,SL_hippocampus_anterior,271.8750000000001,10,1,4,4,0.25,2.5,True,unassessed
948,ARM6_0_L,5,mapped,1016.0,SL_SA,SL_subicular_complex_anterior,81.28125000000004,21,1,4,4,0.25,5.25,True,unassessed
948,ARM6_0_L,5,mapped,1027.0,SL_BM,SL_basomedial_amygdaloid_nucleus,47.84375000000002,2,1,4,4,0.25,0.5,True,unassessed
948,ARM6_0_L,5,mapped,1034.0,SL_APir,SL_amygdalopiriform_transition_area,27.85937500000001,7,1,4,4,0.25,1.75,True,unassessed
948,ARM6_0_L,5,mapped,1035.0,SL_BL,SL_basolateral_amygdaloid_nucleus,47.54687500000002,6,1,4,4,0.25,1.5,True,unassessed
948,ARM6_0_L,5,mapped,1039.0,SL_PaL,SL_paralaminar_amygdaloid_nucleus,13.750000000000005,3,1,4,4,0.25,0.75,True,unassessed
948,ARM6_0_L,5,mapped,1056.0,SL_Pu,SL_putamen,895.1093750000003,2,1,4,4,0.25,0.5,True,unassessed
948,ARM6_0_L,5,zero_unassigned,0.0,,,,49,4,4,4,1.0,12.25,True,unassessed
948,ARM6_0_L,6,mapped,5.0,CL_area_25,CL_subgenual_cortex,32.890625000000014,9,1,4,4,0.25,2.25,True,unassessed
948,ARM6_0_L,6,mapped,20.0,CL_area_10mc,CL_caudal_medial_frontal_pole,81.95312500000004,1,1,4,4,0.25,0.25,True,unassessed
948,ARM6_0_L,6,mapped,24.0,CL_area_14c,CL_caudal_gyrus_rectus,39.468750000000014,12,1,4,4,0.25,3.0,True,unassessed
948,ARM6_0_L,6,mapped,28.0,CL_area_11m,CL_medial_area_11,66.00000000000003,12,1,4,4,0.25,3.0,True,unassessed
948,ARM6_0_L,6,mapped,29.0,CL_area_11l,CL_lateral_area_11,72.23437500000003,15,1,4,4,0.25,3.75,True,unassessed
948,ARM6_0_L,6,mapped,32.0,CL_area_13m,CL_medial_area_13,174.45312500000009,5,1,4,4,0.25,1.25,True,unassessed
948,ARM6_0_L,6,mapped,41.0,CL_Iai,CL_intermediate_agranular_insula_area,81.48437500000004,4,1,4,4,0.25,1.0,True,unassessed
948,ARM6_0_L,6,mapped,42.0,CL_Ial,CL_lateral_agranular_insula_area,47.98437500000002,5,2,4,4,0.5,1.25,True,unassessed
948,ARM6_0_L,6,mapped,45.0,CL_AON/TTv,CL_anterior_olfactory_cortex,25.64062500000001,4,1,4,4,0.25,1.0,True,unassessed
948,ARM6_0_L,6,mapped,156.0,CL_EC,CL_caudal_division_of_entorhinal_cortex,41.98437500000002,3,1,4,4,0.25,0.75,True,unassessed
948,ARM6_0_L,6,mapped,158.0,CL_mid_ERh,CL_middle_entorhinal_cortex,31.984375000000014,3,2,4,4,0.5,0.75,True,unassessed
948,ARM6_0_L,6,mapped,159.0,CL_rostral_ERh,CL_rostral_entorhinal_cortex,47.82812500000002,2,1,4,4,0.25,0.5,True,unassessed
948,ARM6_0_L,6,mapped,161.0,CL_area_35,CL_area_35,34.593750000000014,11,2,4,4,0.5,2.75,True,unassessed
948,ARM6_0_L,6,mapped,163.0,CL_area_36c,CL_caudal_area_36,53.96875000000002,3,1,4,4,0.25,0.75,True,unassessed
948,ARM6_0_L,6,mapped,164.0,CL_area_36r/p,CL_rostral_and_polar_area_36,61.18750000000003,3,2,4,4,0.5,0.75,True,unassessed
948,ARM6_0_L,6,mapped,166.0,CL_TGa,CL_agranular_temporal_pole,76.29687500000003,2,1,4,4,0.25,0.5,True,unassessed
948,ARM6_0_L,6,mapped,169.0,CL_TGdd,CL_dorsal_dysgranular_temporal_pole,70.73437500000003,7,2,4,4,0.5,1.75,True,unassessed
948,ARM6_0_L,6,mapped,170.0,CL_TGvd,CL_ventral_dysgranular_temporal_pole,21.12500000000001,8,1,4,4,0.25,2.0,True,unassessed
948,ARM6_0_L,6,mapped,173.0,CL_TGvg,CL_ventral_granular_temporal_pole,16.859375000000007,1,1,4,4,0.25,0.25,True,unassessed
948,ARM6_0_L,6,mapped,1004.0,SL_Cl,SL_claustrum,255.1562500000001,5,2,4,4,0.5,1.25,True,unassessed
948,ARM6_0_L,6,mapped,1008.0,SL_VEn,SL_ventral_endopiriform_claustrum,9.515625000000004,1,1,4,4,0.25,0.25,True,unassessed
948,ARM6_0_L,6,mapped,1014.0,SL_DGA,SL_dentate_gyrus_anterior,91.18750000000004,8,1,4,4,0.25,2.0,True,unassessed
948,ARM6_0_L,6,mapped,1015.0,SL_CAA,SL_CA1_3_anterior,180.68750000000009,2,1,4,4,0.25,0.5,True,unassessed
948,ARM6_0_L,6,mapped,1016.0,SL_SA,SL_subicular_complex_anterior,81.28125000000004,21,1,4,4,0.25,5.25,True,unassessed
948,ARM6_0_L,6,mapped,1027.0,SL_BM,SL_basomedial_amygdaloid_nucleus,47.84375000000002,2,1,4,4,0.25,0.5,True,unassessed
948,ARM6_0_L,6,mapped,1034.0,SL_APir,SL_amygdalopiriform_transition_area,27.85937500000001,7,1,4,4,0.25,1.75,True,unassessed
948,ARM6_0_L,6,mapped,1038.0,SL_BLV,SL_basolateral_ventral_amygdaloid_nucleus,19.656250000000007,6,1,4,4,0.25,1.5,True,unassessed
948,ARM6_0_L,6,mapped,1039.0,SL_PaL,SL_paralaminar_amygdaloid_nucleus,13.750000000000005,3,1,4,4,0.25,0.75,True,unassessed
948,ARM6_0_L,6,mapped,1056.0,SL_Pu,SL_putamen,895.1093750000003,2,1,4,4,0.25,0.5,True,unassessed
948,ARM6_0_L,6,zero_unassigned,0.0,,,,49,4,4,4,1.0,12.25,True,unassessed
948,ARM6_0_R,1,mapped,501.0,CR_Frontal,CR_Frontal_Lobe,6154.890625000003,487,3,3,3,1.0,162.33333333333334,True,unassessed
948,ARM6_0_R,1,mapped,590.0,CR_Parietal,CR_Parietal_Lobe,3774.453125000002,156,1,3,3,0.3333333333333333,52.0,True,unassessed
948,ARM6_0_R,1,mapped,638.0,CR_Temporal,CR_Temporal_Lobe,4285.390625000002,47,2,3,3,0.6666666666666666,15.666666666666666,True,unassessed
948,ARM6_0_R,1,mapped,1501.0,SR_tel,SR_telencephalon,3805.562500000002,97,2,3,3,0.6666666666666666,32.333333333333336,True,unassessed
948,ARM6_0_R,1,zero_unassigned,0.0,,,,168,3,3,3,1.0,56.0,True,unassessed
948,ARM6_0_R,2,mapped,516.0,CR_OFC,CR_orbital_frontal_cortex,1344.9218750000007,337,3,3,3,1.0,112.33333333333333,True,unassessed
948,ARM6_0_R,2,mapped,550.0,CR_lat_PFC,CR_lateral_prefrontal_cortex,1665.2031250000007,2,1,3,3,0.3333333333333333,0.6666666666666666,True,unassessed
948,ARM6_0_R,2,mapped,577.0,CR_motor,CR_motor_cortex,2542.000000000001,148,2,3,3,0.6666666666666666,49.333333333333336,True,unassessed
948,ARM6_0_R,2,mapped,591.0,CR_SI/SII,CR_somatosensory_cortex,1186.0000000000005,156,1,3,3,0.3333333333333333,52.0,True,unassessed
948,ARM6_0_R,2,mapped,724.0,CR_floor_of_ls,CR_floor_of_the_lateral_sulcus,303.2968750000001,47,2,3,3,0.6666666666666666,15.666666666666666,True,unassessed
948,ARM6_0_R,2,mapped,1502.0,SR_LVPal,SR_lateral_and_ventral_pallium,309.6718750000001,1,1,3,3,0.3333333333333333,0.3333333333333333,True,unassessed
948,ARM6_0_R,2,mapped,1550.0,SR_BG,SR_basal_ganglia,2261.015625000001,96,1,3,3,0.3333333333333333,32.0,True,unassessed
948,ARM6_0_R,2,zero_unassigned,0.0,,,,168,3,3,3,1.0,56.0,True,unassessed
948,ARM6_0_R,3,mapped,525.0,CR_lat_OFC,CR_lateral_orbital_frontal_cortex,708.1406250000003,99,2,3,3,0.6666666666666666,33.0,True,unassessed
948,ARM6_0_R,3,mapped,537.0,CR_caudal_OFC,CR_caudal_orbital_frontal_cortex,331.17187500000017,238,3,3,3,1.0,79.33333333333333,True,unassessed
948,ARM6_0_R,3,mapped,564.0,CR_vlPFC,CR_ventrolateral_prefrontal_cortex,680.8593750000003,2,1,3,3,0.3333333333333333,0.6666666666666666,True,unassessed
948,ARM6_0_R,3,mapped,578.0,CR_M1/PM,CR_lateral_motor_cortex,2230.484375000001,148,2,3,3,0.6666666666666666,49.333333333333336,True,unassessed
948,ARM6_0_R,3,mapped,592.0,CR_SI,CR_primary_somatosensory_cortex,900.6875000000005,1,1,3,3,0.3333333333333333,0.3333333333333333,True,unassessed
948,ARM6_0_R,3,mapped,595.0,CR_SII,CR_secondary_somatosensory_cortex,285.3125000000001,155,1,3,3,0.3333333333333333,51.666666666666664,True,unassessed
948,ARM6_0_R,3,mapped,724.0,CR_floor_of_ls,CR_floor_of_the_lateral_sulcus,303.2968750000001,47,2,3,3,0.6666666666666666,15.666666666666666,True,unassessed
948,ARM6_0_R,3,mapped,1503.0,SR_LPal,SR_lateral_pallium,255.1562500000001,1,1,3,3,0.3333333333333333,0.3333333333333333,True,unassessed
948,ARM6_0_R,3,mapped,1551.0,SR_Str,SR_striatum,1922.421875000001,96,1,3,3,0.3333333333333333,32.0,True,unassessed
948,ARM6_0_R,3,zero_unassigned,0.0,,,,168,3,3,3,1.0,56.0,True,unassessed
948,ARM6_0_R,4,mapped,526.0,CR_areas_11/13,CR_areas_11_and_13,557.4062500000002,9,1,3,3,0.3333333333333333,3.0,True,unassessed
948,ARM6_0_R,4,mapped,534.0,CR_area_12m/o,CR_medial_and_orbital_area_12,150.73437500000006,90,1,3,3,0.3333333333333333,30.0,True,unassessed
948,ARM6_0_R,4,mapped,538.0,CR_OFa-p,CR_agranular_orbitofrontal_cortex,169.45312500000009,75,3,3,3,1.0,25.0,True,unassessed
948,ARM6_0_R,4,mapped,547.0,CR_cl_OFC,CR_caudolateral_orbitofrontal_cortex,136.07812500000006,163,2,3,3,0.6666666666666666,54.333333333333336,True,unassessed
948,ARM6_0_R,4,mapped,572.0,CR_caudal_vlPFC,CR_caudal_ventrolateral_prefrontal_cortex,214.90625000000009,2,1,3,3,0.3333333333333333,0.6666666666666666,True,unassessed
948,ARM6_0_R,4,mapped,580.0,CR_PM,CR_premotor_cortex,1468.3593750000007,148,2,3,3,0.6666666666666666,49.333333333333336,True,unassessed
948,ARM6_0_R,4,mapped,592.0,CR_SI,CR_primary_somatosensory_cortex,900.6875000000005,1,1,3,3,0.3333333333333333,0.3333333333333333,True,unassessed
948,ARM6_0_R,4,mapped,595.0,CR_SII,CR_secondary_somatosensory_cortex,285.3125000000001,155,1,3,3,0.3333333333333333,51.666666666666664,True,unassessed
948,ARM6_0_R,4,mapped,725.0,CR_Ins/Pi,CR_insula_and_parainsula,288.1875000000001,47,2,3,3,0.6666666666666666,15.666666666666666,True,unassessed
948,ARM6_0_R,4,mapped,1504.0,SR_Cl,SR_claustrum,255.1562500000001,1,1,3,3,0.3333333333333333,0.3333333333333333,True,unassessed
948,ARM6_0_R,4,mapped,1552.0,SR_DStr,SR_dorsal_striatum,1809.218750000001,95,1,3,3,0.3333333333333333,31.666666666666668,True,unassessed
948,ARM6_0_R,4,mapped,1559.0,SR_VStr,SR_ventral_striatum,113.20312500000006,1,1,3,3,0.3333333333333333,0.3333333333333333,True,unassessed
948,ARM6_0_R,4,zero_unassigned,0.0,,,,168,3,3,3,1.0,56.0,True,unassessed
948,ARM6_0_R,5,mapped,530.0,CR_area_13,CR_area_13,419.17187500000017,9,1,3,3,0.3333333333333333,3.0,True,unassessed
948,ARM6_0_R,5,mapped,534.0,CR_area_12m/o,CR_medial_and_orbital_area_12,150.73437500000006,90,1,3,3,0.3333333333333333,30.0,True,unassessed
948,ARM6_0_R,5,mapped,539.0,CR_Iam/Iapm,CR_medial_agranular_insular_region,24.17187500000001,4,1,3,3,0.3333333333333333,1.3333333333333333,True,unassessed
948,ARM6_0_R,5,mapped,540.0,CR_lat_Ia,CR_lateral_agranular_insular_region,145.28125000000006,71,3,3,3,1.0,23.666666666666668,True,unassessed
948,ARM6_0_R,5,mapped,548.0,CR_G,CR_gustatory_cortex,40.12500000000002,3,2,3,3,0.6666666666666666,1.0,True,unassessed
948,ARM6_0_R,5,mapped,549.0,CR_PrCO,CR_precentral_operular_area,95.95312500000004,160,2,3,3,0.6666666666666666,53.333333333333336,True,unassessed
948,ARM6_0_R,5,mapped,576.0,CR_area_44,CR_area_44,49.35937500000002,2,1,3,3,0.3333333333333333,0.6666666666666666,True,unassessed
948,ARM6_0_R,5,mapped,584.0,CR_PMv,CR_ventral_premotor_cortex,700.6093750000003,148,2,3,3,0.6666666666666666,49.333333333333336,True,unassessed
948,ARM6_0_R,5,mapped,594.0,CR_areas_1-2,CR_areas_1-2,655.2968750000003,1,1,3,3,0.3333333333333333,0.3333333333333333,True,unassessed
948,ARM6_0_R,5,mapped,595.0,CR_SII,CR_secondary_somatosensory_cortex,285.3125000000001,155,1,3,3,0.3333333333333333,51.666666666666664,True,unassessed
948,ARM6_0_R,5,mapped,727.0,CR_Ins,CR_insula,260.9062500000001,47,2,3,3,0.6666666666666666,15.666666666666666,True,unassessed
948,ARM6_0_R,5,mapped,1504.0,SR_Cl,SR_claustrum,255.1562500000001,1,1,3,3,0.3333333333333333,0.3333333333333333,True,unassessed
948,ARM6_0_R,5,mapped,1553.0,SR_Cd,SR_caudate,649.5625000000003,54,1,3,3,0.3333333333333333,18.0,True,unassessed
948,ARM6_0_R,5,mapped,1556.0,SR_Pu,SR_putamen,895.1093750000003,36,1,3,3,0.3333333333333333,12.0,True,unassessed
948,ARM6_0_R,5,mapped,1558.0,SR_ic,SR_internal_capsule,230.7343750000001,5,1,3,3,0.3333333333333333,1.6666666666666667,True,unassessed
948,ARM6_0_R,5,mapped,1560.0,SR_Acb,SR_accumbens,94.96875000000004,1,1,3,3,0.3333333333333333,0.3333333333333333,True,unassessed
948,ARM6_0_R,5,zero_unassigned,0.0,,,,168,3,3,3,1.0,56.0,True,unassessed
948,ARM6_0_R,6,mapped,532.0,CR_area_13m,CR_medial_area_13,174.45312500000009,9,1,3,3,0.3333333333333333,3.0,True,unassessed
948,ARM6_0_R,6,mapped,536.0,CR_area_12o,CR_orbital_area_12,68.65625000000003,90,1,3,3,0.3333333333333333,30.0,True,unassessed
948,ARM6_0_R,6,mapped,539.0,CR_Iam/Iapm,CR_medial_agranular_insular_region,24.17187500000001,4,1,3,3,0.3333333333333333,1.3333333333333333,True,unassessed
948,ARM6_0_R,6,mapped,541.0,CR_Iai,CR_intermediate_agranular_insula_area,81.48437500000004,33,2,3,3,0.6666666666666666,11.0,True,unassessed
948,ARM6_0_R,6,mapped,542.0,CR_Ial,CR_lateral_agranular_insula_area,47.98437500000002,38,3,3,3,1.0,12.666666666666666,True,unassessed
948,ARM6_0_R,6,mapped,548.0,CR_G,CR_gustatory_cortex,40.12500000000002,3,2,3,3,0.6666666666666666,1.0,True,unassessed
948,ARM6_0_R,6,mapped,549.0,CR_PrCO,CR_precentral_operular_area,95.95312500000004,160,2,3,3,0.6666666666666666,53.333333333333336,True,unassessed
948,ARM6_0_R,6,mapped,576.0,CR_area_44,CR_area_44,49.35937500000002,2,1,3,3,0.3333333333333333,0.6666666666666666,True,unassessed
948,ARM6_0_R,6,mapped,586.0,CR_F5,CR_area_F5_of_ventral_premotor_cortex,434.01562500000017,148,2,3,3,0.6666666666666666,49.333333333333336,True,unassessed
948,ARM6_0_R,6,mapped,594.0,CR_areas_1-2,CR_areas_1-2,655.2968750000003,1,1,3,3,0.3333333333333333,0.3333333333333333,True,unassessed
948,ARM6_0_R,6,mapped,595.0,CR_SII,CR_secondary_somatosensory_cortex,285.3125000000001,155,1,3,3,0.3333333333333333,51.666666666666664,True,unassessed
948,ARM6_0_R,6,mapped,728.0,CR_Ia/Id,CR_agranular_and_dysgranular_insula,164.56250000000009,46,1,3,3,0.3333333333333333,15.333333333333334,True,unassessed
948,ARM6_0_R,6,mapped,729.0,CR_Ig,CR_granular_insula,96.34375000000004,1,1,3,3,0.3333333333333333,0.3333333333333333,True,unassessed
948,ARM6_0_R,6,mapped,1504.0,SR_Cl,SR_claustrum,255.1562500000001,1,1,3,3,0.3333333333333333,0.3333333333333333,True,unassessed
948,ARM6_0_R,6,mapped,1554.0,SR_CdH,SR_caudate_head,566.5156250000002,54,1,3,3,0.3333333333333333,18.0,True,unassessed
948,ARM6_0_R,6,mapped,1556.0,SR_Pu,SR_putamen,895.1093750000003,36,1,3,3,0.3333333333333333,12.0,True,unassessed
948,ARM6_0_R,6,mapped,1558.0,SR_ic,SR_internal_capsule,230.7343750000001,5,1,3,3,0.3333333333333333,1.6666666666666667,True,unassessed
948,ARM6_0_R,6,mapped,1560.0,SR_Acb,SR_accumbens,94.96875000000004,1,1,3,3,0.3333333333333333,0.3333333333333333,True,unassessed
948,ARM6_0_R,6,zero_unassigned,0.0,,,,168,3,3,3,1.0,56.0,True,unassessed
948,ARM6_1004_L,1,mapped,1.0,CL_Frontal,CL_Frontal_Lobe,6154.890625000003,4,1,1,1,1.0,4.0,True,unassessed
948,ARM6_1004_L,1,mapped,1001.0,SL_tel,SL_telencephalon,3805.562500000002,575,1,1,1,1.0,575.0,True,unassessed
948,ARM6_1004_L,1,zero_unassigned,0.0,,,,218,1,1,1,1.0,218.0,True,unassessed
948,ARM6_1004_L,2,mapped,16.0,CL_OFC,CL_orbital_frontal_cortex,1344.9218750000007,4,1,1,1,1.0,4.0,True,unassessed
948,ARM6_1004_L,2,mapped,1002.0,SL_LVPal,SL_lateral_and_ventral_pallium,309.6718750000001,571,1,1,1,1.0,571.0,True,unassessed
948,ARM6_1004_L,2,mapped,1050.0,SL_BG,SL_basal_ganglia,2261.015625000001,4,1,1,1,1.0,4.0,True,unassessed
948,ARM6_1004_L,2,zero_unassigned,0.0,,,,218,1,1,1,1.0,218.0,True,unassessed
948,ARM6_1004_L,3,mapped,37.0,CL_caudal_OFC,CL_caudal_orbital_frontal_cortex,331.17187500000017,4,1,1,1,1.0,4.0,True,unassessed
948,ARM6_1004_L,3,mapped,1003.0,SL_LPal,SL_lateral_pallium,255.1562500000001,571,1,1,1,1.0,571.0,True,unassessed
948,ARM6_1004_L,3,mapped,1051.0,SL_Str,SL_striatum,1922.421875000001,4,1,1,1,1.0,4.0,True,unassessed
948,ARM6_1004_L,3,zero_unassigned,0.0,,,,218,1,1,1,1.0,218.0,True,unassessed
948,ARM6_1004_L,4,mapped,38.0,CL_OFa-p,CL_agranular_orbitofrontal_cortex,169.45312500000009,4,1,1,1,1.0,4.0,True,unassessed
948,ARM6_1004_L,4,mapped,1004.0,SL_Cl,SL_claustrum,255.1562500000001,571,1,1,1,1.0,571.0,True,unassessed
948,ARM6_1004_L,4,mapped,1052.0,SL_DStr,SL_dorsal_striatum,1809.218750000001,4,1,1,1,1.0,4.0,True,unassessed
948,ARM6_1004_L,4,zero_unassigned,0.0,,,,218,1,1,1,1.0,218.0,True,unassessed
948,ARM6_1004_L,5,mapped,40.0,CL_lat_Ia,CL_lateral_agranular_insular_region,145.28125000000006,4,1,1,1,1.0,4.0,True,unassessed
948,ARM6_1004_L,5,mapped,1004.0,SL_Cl,SL_claustrum,255.1562500000001,571,1,1,1,1.0,571.0,True,unassessed
948,ARM6_1004_L,5,mapped,1056.0,SL_Pu,SL_putamen,895.1093750000003,4,1,1,1,1.0,4.0,True,unassessed
948,ARM6_1004_L,5,zero_unassigned,0.0,,,,218,1,1,1,1.0,218.0,True,unassessed
948,ARM6_1004_L,6,mapped,41.0,CL_Iai,CL_intermediate_agranular_insula_area,81.48437500000004,3,1,1,1,1.0,3.0,True,unassessed
948,ARM6_1004_L,6,mapped,42.0,CL_Ial,CL_lateral_agranular_insula_area,47.98437500000002,1,1,1,1,1.0,1.0,True,unassessed
948,ARM6_1004_L,6,mapped,1004.0,SL_Cl,SL_claustrum,255.1562500000001,571,1,1,1,1.0,571.0,True,unassessed
948,ARM6_1004_L,6,mapped,1056.0,SL_Pu,SL_putamen,895.1093750000003,4,1,1,1,1.0,4.0,True,unassessed
948,ARM6_1004_L,6,zero_unassigned,0.0,,,,218,1,1,1,1.0,218.0,True,unassessed
948,ARM6_1504_R,1,mapped,590.0,CR_Parietal,CR_Parietal_Lobe,3774.453125000002,155,2,4,4,0.5,38.75,True,unassessed
948,ARM6_1504_R,1,mapped,638.0,CR_Temporal,CR_Temporal_Lobe,4285.390625000002,116,2,4,4,0.5,29.0,True,unassessed
948,ARM6_1504_R,1,mapped,731.0,CR_Occipital,CR_Occipital_Lobe,4916.578125000002,74,1,4,4,0.25,18.5,True,unassessed
948,ARM6_1504_R,1,mapped,1501.0,SR_tel,SR_telencephalon,3805.562500000002,467,4,4,4,1.0,116.75,True,unassessed
948,ARM6_1504_R,1,zero_unassigned,0.0,,,,122,3,4,4,0.75,30.5,True,unassessed
948,ARM6_1504_R,2,mapped,596.0,CR_SPL,CR_superior_parietal_lobule,852.2656250000003,34,1,4,4,0.25,8.5,True,unassessed
948,ARM6_1504_R,2,mapped,612.0,CR_IPL,CR_inferior_parietal_lobule,1044.0156250000005,48,2,4,4,0.5,12.0,True,unassessed
948,ARM6_1504_R,2,mapped,625.0,CR_PMC,CR_posterior_medial_cortex,692.1718750000003,73,2,4,4,0.5,18.25,True,unassessed
948,ARM6_1504_R,2,mapped,639.0,CR_MTL,CR_medial_temporal_lobe,423.42187500000017,22,1,4,4,0.25,5.5,True,unassessed
948,ARM6_1504_R,2,mapped,675.0,CR_ITC,CR_inferior_temporal_cortex,1884.890625000001,66,1,4,4,0.25,16.5,True,unassessed
948,ARM6_1504_R,2,mapped,724.0,CR_floor_of_ls,CR_floor_of_the_lateral_sulcus,303.2968750000001,28,1,4,4,0.25,7.0,True,unassessed
948,ARM6_1504_R,2,mapped,733.0,CR_V2-V4,CR_extrastriate_visual_areas_2-4,2856.3593750000014,74,1,4,4,0.25,18.5,True,unassessed
948,ARM6_1504_R,2,mapped,1502.0,SR_LVPal,SR_lateral_and_ventral_pallium,309.6718750000001,404,4,4,4,1.0,101.0,True,unassessed
948,ARM6_1504_R,2,mapped,1550.0,SR_BG,SR_basal_ganglia,2261.015625000001,63,3,4,4,0.75,15.75,True,unassessed
948,ARM6_1504_R,2,zero_unassigned,0.0,,,,122,3,4,4,0.75,30.5,True,unassessed
948,ARM6_1504_R,3,mapped,597.0,CR_V6/V6A,CR_visual_areas_V6_and_V6A,95.54687500000004,5,1,4,4,0.25,1.25,True,unassessed
948,ARM6_1504_R,3,mapped,607.0,CR_vm_IPS,CR_ventromedial_intraparietal_sulcus,309.7812500000001,29,1,4,4,0.25,7.25,True,unassessed
948,ARM6_1504_R,3,mapped,613.0,CR_lat_IPS,CR_lateral_intraparietal_sulcus,333.00000000000017,47,2,4,4,0.5,11.75,True,unassessed
948,ARM6_1504_R,3,mapped,620.0,CR_area_7_in_IPL,CR_area_7_in_the_inferior_parietal_lobule,560.8125000000002,1,1,4,4,0.25,0.25,True,unassessed
948,ARM6_1504_R,3,mapped,626.0,CR_area_7m,CR_area_7_(PGm)_on_the_medial_wall,183.04687500000009,70,2,4,4,0.5,17.5,True,unassessed
948,ARM6_1504_R,3,mapped,627.0,CR_PCgG,CR_posterior_cingulate_gyrus,509.1250000000002,3,1,4,4,0.25,0.75,True,unassessed
948,ARM6_1504_R,3,mapped,648.0,CR_paraHipp,CR_parahippocampal_cortex,143.18750000000006,22,1,4,4,0.25,5.5,True,unassessed
948,ARM6_1504_R,3,mapped,677.0,CR_TE,CR_area_TE,1175.3906250000005,66,1,4,4,0.25,16.5,True,unassessed
948,ARM6_1504_R,3,mapped,724.0,CR_floor_of_ls,CR_floor_of_the_lateral_sulcus,303.2968750000001,28,1,4,4,0.25,7.0,True,unassessed
948,ARM6_1504_R,3,mapped,734.0,CR_V4,CR_visual_area_4,764.9843750000003,68,1,4,4,0.25,17.0,True,unassessed
948,ARM6_1504_R,3,mapped,737.0,CR_V2-V3,CR_preoccipital_visual_areas_2-3,2091.375000000001,6,1,4,4,0.25,1.5,True,unassessed
948,ARM6_1504_R,3,mapped,1503.0,SR_LPal,SR_lateral_pallium,255.1562500000001,404,4,4,4,1.0,101.0,True,unassessed
948,ARM6_1504_R,3,mapped,1551.0,SR_Str,SR_striatum,1922.421875000001,63,3,4,4,0.75,15.75,True,unassessed
948,ARM6_1504_R,3,zero_unassigned,0.0,,,,122,3,4,4,0.75,30.5,True,unassessed
948,ARM6_1504_R,4,mapped,599.0,CR_V6A,CR_visual_area_V6A,58.10937500000003,5,1,4,4,0.25,1.25,True,unassessed
948,ARM6_1504_R,4,mapped,607.0,CR_vm_IPS,CR_ventromedial_intraparietal_sulcus,309.7812500000001,29,1,4,4,0.25,7.25,True,unassessed
948,ARM6_1504_R,4,mapped,613.0,CR_lat_IPS,CR_lateral_intraparietal_sulcus,333.00000000000017,47,2,4,4,0.5,11.75,True,unassessed
948,ARM6_1504_R,4,mapped,620.0,CR_area_7_in_IPL,CR_area_7_in_the_inferior_parietal_lobule,560.8125000000002,1,1,4,4,0.25,0.25,True,unassessed
948,ARM6_1504_R,4,mapped,626.0,CR_area_7m,CR_area_7_(PGm)_on_the_medial_wall,183.04687500000009,70,2,4,4,0.5,17.5,True,unassessed
948,ARM6_1504_R,4,mapped,628.0,CR_PCC,CR_posterior_cingulate_cortex,464.3281250000002,3,1,4,4,0.25,0.75,True,unassessed
948,ARM6_1504_R,4,mapped,648.0,CR_paraHipp,CR_parahippocampal_cortex,143.18750000000006,22,1,4,4,0.25,5.5,True,unassessed
948,ARM6_1504_R,4,mapped,678.0,CR_gyral_TE,CR_gyral_aspect_of_area_TE,874.3125000000003,66,1,4,4,0.25,16.5,True,unassessed
948,ARM6_1504_R,4,mapped,725.0,CR_Ins/Pi,CR_insula_and_parainsula,288.1875000000001,28,1,4,4,0.25,7.0,True,unassessed
948,ARM6_1504_R,4,mapped,734.0,CR_V4,CR_visual_area_4,764.9843750000003,68,1,4,4,0.25,17.0,True,unassessed
948,ARM6_1504_R,4,mapped,743.0,CR_V2,CR_visual_area_2,1575.3750000000007,6,1,4,4,0.25,1.5,True,unassessed
948,ARM6_1504_R,4,mapped,1504.0,SR_Cl,SR_claustrum,255.1562500000001,404,4,4,4,1.0,101.0,True,unassessed
948,ARM6_1504_R,4,mapped,1552.0,SR_DStr,SR_dorsal_striatum,1809.218750000001,63,3,4,4,0.75,15.75,True,unassessed
948,ARM6_1504_R,4,zero_unassigned,0.0,,,,122,3,4,4,0.75,30.5,True,unassessed
948,ARM6_1504_R,5,mapped,599.0,CR_V6A,CR_visual_area_V6A,58.10937500000003,5,1,4,4,0.25,1.25,True,unassessed
948,ARM6_1504_R,5,mapped,609.0,CR_fundus_IPS,CR_fundus_of_the_intraparietal_sulcus,150.25000000000006,29,1,4,4,0.25,7.25,True,unassessed
948,ARM6_1504_R,5,mapped,615.0,CR_LIP,CR_lateral_intraparietal_area,268.2812500000001,43,2,4,4,0.5,10.75,True,unassessed
948,ARM6_1504_R,5,mapped,618.0,CR_LOP,CR_lateral_occipital_parietal_area,22.51562500000001,4,1,4,4,0.25,1.0,True,unassessed
948,ARM6_1504_R,5,mapped,621.0,CR_area_7a/b,CR_inferior_parietal_lobule_areas_7a_and_7b,393.17187500000017,1,1,4,4,0.25,0.25,True,unassessed
948,ARM6_1504_R,5,mapped,626.0,CR_area_7m,CR_area_7_(PGm)_on_the_medial_wall,183.04687500000009,70,2,4,4,0.5,17.5,True,unassessed
948,ARM6_1504_R,5,mapped,629.0,CR_area_31,CR_area_31,63.62500000000003,3,1,4,4,0.25,0.75,True,unassessed
948,ARM6_1504_R,5,mapped,649.0,CR_TF/TFO,CR_areas_TF_and_TFO,138.75000000000006,22,1,4,4,0.25,5.5,True,unassessed
948,ARM6_1504_R,5,mapped,679.0,CR_post_TE,CR_posterior_area_TE,454.8906250000002,66,1,4,4,0.25,16.5,True,unassessed
948,ARM6_1504_R,5,mapped,727.0,CR_Ins,CR_insula,260.9062500000001,28,1,4,4,0.25,7.0,True,unassessed
948,ARM6_1504_R,5,mapped,735.0,CR_V4d,CR_dorsal_visual_area_4,466.4218750000002,1,1,4,4,0.25,0.25,True,unassessed
948,ARM6_1504_R,5,mapped,736.0,CR_V4v,CR_ventral_visual_area_4,298.5625000000001,67,1,4,4,0.25,16.75,True,unassessed
948,ARM6_1504_R,5,mapped,743.0,CR_V2,CR_visual_area_2,1575.3750000000007,6,1,4,4,0.25,1.5,True,unassessed
948,ARM6_1504_R,5,mapped,1504.0,SR_Cl,SR_claustrum,255.1562500000001,404,4,4,4,1.0,101.0,True,unassessed
948,ARM6_1504_R,5,mapped,1553.0,SR_Cd,SR_caudate,649.5625000000003,1,1,4,4,0.25,0.25,True,unassessed
948,ARM6_1504_R,5,mapped,1556.0,SR_Pu,SR_putamen,895.1093750000003,62,3,4,4,0.75,15.5,True,unassessed
948,ARM6_1504_R,5,zero_unassigned,0.0,,,,122,3,4,4,0.75,30.5,True,unassessed
948,ARM6_1504_R,6,mapped,600.0,CR_V6Av,CR_ventral_visual_area_6A,34.000000000000014,1,1,4,4,0.25,0.25,True,unassessed
948,ARM6_1504_R,6,mapped,601.0,CR_V6Ad,CR_dorsal_visual_area_6A,24.10937500000001,4,1,4,4,0.25,1.0,True,unassessed
948,ARM6_1504_R,6,mapped,610.0,CR_VIP,CR_ventral_intraparietal_area,119.62500000000006,19,1,4,4,0.25,4.75,True,unassessed
948,ARM6_1504_R,6,mapped,611.0,CR_PIP,CR_posterior_intraparietal_area,30.625000000000014,10,1,4,4,0.25,2.5,True,unassessed
948,ARM6_1504_R,6,mapped,616.0,CR_LIPd,CR_dorsal_lateral_intraparietal_area,158.54687500000006,11,2,4,4,0.5,2.75,True,unassessed
948,ARM6_1504_R,6,mapped,617.0,CR_LIPv,CR_ventral_lateral_intraparietal_area,109.73437500000004,32,2,4,4,0.5,8.0,True,unassessed
948,ARM6_1504_R,6,mapped,618.0,CR_LOP,CR_lateral_occipital_parietal_area,22.51562500000001,4,1,4,4,0.25,1.0,True,unassessed
948,ARM6_1504_R,6,mapped,622.0,CR_area_7a,CR_caudal_inferior_parietal_lobule_area_7a_(Opt/PG),295.5781250000001,1,1,4,4,0.25,0.25,True,unassessed
948,ARM6_1504_R,6,mapped,626.0,CR_area_7m,CR_area_7_(PGm)_on_the_medial_wall,183.04687500000009,70,2,4,4,0.5,17.5,True,unassessed
948,ARM6_1504_R,6,mapped,629.0,CR_area_31,CR_area_31,63.62500000000003,3,1,4,4,0.25,0.75,True,unassessed
948,ARM6_1504_R,6,mapped,650.0,CR_TFO,CR_area_TFO,65.18750000000003,22,1,4,4,0.25,5.5,True,unassessed
948,ARM6_1504_R,6,mapped,680.0,CR_TEpv,CR_posterior_ventral_area_TE,206.85937500000009,66,1,4,4,0.25,16.5,True,unassessed
948,ARM6_1504_R,6,mapped,728.0,CR_Ia/Id,CR_agranular_and_dysgranular_insula,164.56250000000009,7,1,4,4,0.25,1.75,True,unassessed
948,ARM6_1504_R,6,mapped,729.0,CR_Ig,CR_granular_insula,96.34375000000004,21,1,4,4,0.25,5.25,True,unassessed
948,ARM6_1504_R,6,mapped,735.0,CR_V4d,CR_dorsal_visual_area_4,466.4218750000002,1,1,4,4,0.25,0.25,True,unassessed
948,ARM6_1504_R,6,mapped,736.0,CR_V4v,CR_ventral_visual_area_4,298.5625000000001,67,1,4,4,0.25,16.75,True,unassessed
948,ARM6_1504_R,6,mapped,745.0,CR_clearly_V2,CR_clearly_part_of_visual_area_2,1545.0937500000007,6,1,4,4,0.25,1.5,True,unassessed
948,ARM6_1504_R,6,mapped,1504.0,SR_Cl,SR_claustrum,255.1562500000001,404,4,4,4,1.0,101.0,True,unassessed
948,ARM6_1504_R,6,mapped,1554.0,SR_CdH,SR_caudate_head,566.5156250000002,1,1,4,4,0.25,0.25,True,unassessed
948,ARM6_1504_R,6,mapped,1556.0,SR_Pu,SR_putamen,895.1093750000003,62,3,4,4,0.75,15.5,True,unassessed
948,ARM6_1504_R,6,zero_unassigned,0.0,,,,122,3,4,4,0.75,30.5,True,unassessed
948,ARM6_42_L,1,mapped,1.0,CL_Frontal,CL_Frontal_Lobe,6154.890625000003,50,3,3,3,1.0,16.666666666666668,True,unassessed
948,ARM6_42_L,1,mapped,138.0,CL_Temporal,CL_Temporal_Lobe,4285.390625000002,21,3,3,3,1.0,7.0,True,unassessed
948,ARM6_42_L,1,mapped,1001.0,SL_tel,SL_telencephalon,3805.562500000002,46,3,3,3,1.0,15.333333333333334,True,unassessed
948,ARM6_42_L,1,zero_unassigned,0.0,,,,36,3,3,3,1.0,12.0,True,unassessed
948,ARM6_42_L,2,mapped,16.0,CL_OFC,CL_orbital_frontal_cortex,1344.9218750000007,50,3,3,3,1.0,16.666666666666668,True,unassessed
948,ARM6_42_L,2,mapped,139.0,CL_MTL,CL_medial_temporal_lobe,423.42187500000017,6,2,3,3,0.6666666666666666,2.0,True,unassessed
948,ARM6_42_L,2,mapped,165.0,CL_TG,CL_temporal_pole,315.5156250000001,15,2,3,3,0.6666666666666666,5.0,True,unassessed
948,ARM6_42_L,2,mapped,1002.0,SL_LVPal,SL_lateral_and_ventral_pallium,309.6718750000001,13,2,3,3,0.6666666666666666,4.333333333333333,True,unassessed
948,ARM6_42_L,2,mapped,1010.0,SL_MPal,SL_medial_pallium,575.5000000000002,26,1,3,3,0.3333333333333333,8.666666666666666,True,unassessed
948,ARM6_42_L,2,mapped,1024.0,SL_Amy,SL_amygdala,302.0000000000001,6,2,3,3,0.6666666666666666,2.0,True,unassessed
948,ARM6_42_L,2,mapped,1050.0,SL_BG,SL_basal_ganglia,2261.015625000001,1,1,3,3,0.3333333333333333,0.3333333333333333,True,unassessed
948,ARM6_42_L,2,zero_unassigned,0.0,,,,36,3,3,3,1.0,12.0,True,unassessed
948,ARM6_42_L,3,mapped,37.0,CL_caudal_OFC,CL_caudal_orbital_frontal_cortex,331.17187500000017,50,3,3,3,1.0,16.666666666666668,True,unassessed
948,ARM6_42_L,3,mapped,153.0,CL_Rh,CL_rhinal_cortex,280.2343750000001,6,2,3,3,0.6666666666666666,2.0,True,unassessed
948,ARM6_42_L,3,mapped,165.0,CL_TG,CL_temporal_pole,315.5156250000001,15,2,3,3,0.6666666666666666,5.0,True,unassessed
948,ARM6_42_L,3,mapped,1003.0,SL_LPal,SL_lateral_pallium,255.1562500000001,11,2,3,3,0.6666666666666666,3.6666666666666665,True,unassessed
948,ARM6_42_L,3,mapped,1005.0,SL_VPal,SL_ventral_pallium,54.51562500000002,2,2,3,3,0.6666666666666666,0.6666666666666666,True,unassessed
948,ARM6_42_L,3,mapped,1011.0,SL_HF,SL_hippocampal_formation,532.0937500000002,26,1,3,3,0.3333333333333333,8.666666666666666,True,unassessed
948,ARM6_42_L,3,mapped,1025.0,SL_pAmy,SL_pallial_amygdala,217.79687500000009,6,2,3,3,0.6666666666666666,2.0,True,unassessed
948,ARM6_42_L,3,mapped,1051.0,SL_Str,SL_striatum,1922.421875000001,1,1,3,3,0.3333333333333333,0.3333333333333333,True,unassessed
948,ARM6_42_L,3,zero_unassigned,0.0,,,,36,3,3,3,1.0,12.0,True,unassessed
948,ARM6_42_L,4,mapped,38.0,CL_OFa-p,CL_agranular_orbitofrontal_cortex,169.45312500000009,50,3,3,3,1.0,16.666666666666668,True,unassessed
948,ARM6_42_L,4,mapped,154.0,CL_ERh,CL_entorhinal_cortex,130.48437500000006,4,2,3,3,0.6666666666666666,1.3333333333333333,True,unassessed
948,ARM6_42_L,4,mapped,160.0,CL_PRh,CL_perirhinal_cortex,149.75000000000006,2,2,3,3,0.6666666666666666,0.6666666666666666,True,unassessed
948,ARM6_42_L,4,mapped,166.0,CL_TGa,CL_agranular_temporal_pole,76.29687500000003,13,2,3,3,0.6666666666666666,4.333333333333333,True,unassessed
948,ARM6_42_L,4,mapped,167.0,CL_TGg/TGd,CL_granular_and_dysgranular_temporal_pole,239.2187500000001,2,2,3,3,0.6666666666666666,0.6666666666666666,True,unassessed
948,ARM6_42_L,4,mapped,1004.0,SL_Cl,SL_claustrum,255.1562500000001,11,2,3,3,0.6666666666666666,3.6666666666666665,True,unassessed
948,ARM6_42_L,4,mapped,1006.0,SL_En,SL_endopiriform_claustrum,23.71875000000001,2,2,3,3,0.6666666666666666,0.6666666666666666,True,unassessed
948,ARM6_42_L,4,mapped,1012.0,SL_HFA,SL_hippocampal_formation_anterior,353.15625000000017,26,1,3,3,0.3333333333333333,8.666666666666666,True,unassessed
948,ARM6_42_L,4,mapped,1030.0,SL_lpAmy,SL_lateropallial_amygdala,129.98437500000006,6,2,3,3,0.6666666666666666,2.0,True,unassessed
948,ARM6_42_L,4,mapped,1052.0,SL_DStr,SL_dorsal_striatum,1809.218750000001,1,1,3,3,0.3333333333333333,0.3333333333333333,True,unassessed
948,ARM6_42_L,4,zero_unassigned,0.0,,,,36,3,3,3,1.0,12.0,True,unassessed
948,ARM6_42_L,5,mapped,39.0,CL_Iam/Iapm,CL_medial_agranular_insular_region,24.17187500000001,5,1,3,3,0.3333333333333333,1.6666666666666667,True,unassessed
948,ARM6_42_L,5,mapped,40.0,CL_lat_Ia,CL_lateral_agranular_insular_region,145.28125000000006,45,3,3,3,1.0,15.0,True,unassessed
948,ARM6_42_L,5,mapped,159.0,CL_rostral_ERh,CL_rostral_entorhinal_cortex,47.82812500000002,4,2,3,3,0.6666666666666666,1.3333333333333333,True,unassessed
948,ARM6_42_L,5,mapped,161.0,CL_area_35,CL_area_35,34.593750000000014,1,1,3,3,0.3333333333333333,0.3333333333333333,True,unassessed
948,ARM6_42_L,5,mapped,162.0,CL_area_36,CL_area_36,115.15625000000006,1,1,3,3,0.3333333333333333,0.3333333333333333,True,unassessed
948,ARM6_42_L,5,mapped,166.0,CL_TGa,CL_agranular_temporal_pole,76.29687500000003,13,2,3,3,0.6666666666666666,4.333333333333333,True,unassessed
948,ARM6_42_L,5,mapped,168.0,CL_TGd,CL_dysgranular_temporal_pole,91.85937500000004,2,2,3,3,0.6666666666666666,0.6666666666666666,True,unassessed
948,ARM6_42_L,5,mapped,1004.0,SL_Cl,SL_claustrum,255.1562500000001,11,2,3,3,0.6666666666666666,3.6666666666666665,True,unassessed
948,ARM6_42_L,5,mapped,1007.0,SL_DEn,SL_dorsal_endopiriform_claustrum,14.203125000000007,2,2,3,3,0.6666666666666666,0.6666666666666666,True,unassessed
948,ARM6_42_L,5,mapped,1013.0,SL_HiA,SL_hippocampus_anterior,271.8750000000001,13,1,3,3,0.3333333333333333,4.333333333333333,True,unassessed
948,ARM6_42_L,5,mapped,1016.0,SL_SA,SL_subicular_complex_anterior,81.28125000000004,13,1,3,3,0.3333333333333333,4.333333333333333,True,unassessed
948,ARM6_42_L,5,mapped,1031.0,SL_La,SL_lateral_amygdaloid_nucleus,40.82812500000002,2,1,3,3,0.3333333333333333,0.6666666666666666,True,unassessed
948,ARM6_42_L,5,mapped,1034.0,SL_APir,SL_amygdalopiriform_transition_area,27.85937500000001,1,1,3,3,0.3333333333333333,0.3333333333333333,True,unassessed
948,ARM6_42_L,5,mapped,1035.0,SL_BL,SL_basolateral_amygdaloid_nucleus,47.54687500000002,3,2,3,3,0.6666666666666666,1.0,True,unassessed
948,ARM6_42_L,5,mapped,1056.0,SL_Pu,SL_putamen,895.1093750000003,1,1,3,3,0.3333333333333333,0.3333333333333333,True,unassessed
948,ARM6_42_L,5,zero_unassigned,0.0,,,,36,3,3,3,1.0,12.0,True,unassessed
948,ARM6_42_L,6,mapped,39.0,CL_Iam/Iapm,CL_medial_agranular_insular_region,24.17187500000001,5,1,3,3,0.3333333333333333,1.6666666666666667,True,unassessed
948,ARM6_42_L,6,mapped,41.0,CL_Iai,CL_intermediate_agranular_insula_area,81.48437500000004,12,2,3,3,0.6666666666666666,4.0,True,unassessed
948,ARM6_42_L,6,mapped,42.0,CL_Ial,CL_lateral_agranular_insula_area,47.98437500000002,33,3,3,3,1.0,11.0,True,unassessed
948,ARM6_42_L,6,mapped,159.0,CL_rostral_ERh,CL_rostral_entorhinal_cortex,47.82812500000002,4,2,3,3,0.6666666666666666,1.3333333333333333,True,unassessed
948,ARM6_42_L,6,mapped,161.0,CL_area_35,CL_area_35,34.593750000000014,1,1,3,3,0.3333333333333333,0.3333333333333333,True,unassessed
948,ARM6_42_L,6,mapped,164.0,CL_area_36r/p,CL_rostral_and_polar_area_36,61.18750000000003,1,1,3,3,0.3333333333333333,0.3333333333333333,True,unassessed
948,ARM6_42_L,6,mapped,166.0,CL_TGa,CL_agranular_temporal_pole,76.29687500000003,13,2,3,3,0.6666666666666666,4.333333333333333,True,unassessed
948,ARM6_42_L,6,mapped,169.0,CL_TGdd,CL_dorsal_dysgranular_temporal_pole,70.73437500000003,2,2,3,3,0.6666666666666666,0.6666666666666666,True,unassessed
948,ARM6_42_L,6,mapped,1004.0,SL_Cl,SL_claustrum,255.1562500000001,11,2,3,3,0.6666666666666666,3.6666666666666665,True,unassessed
948,ARM6_42_L,6,mapped,1007.0,SL_DEn,SL_dorsal_endopiriform_claustrum,14.203125000000007,2,2,3,3,0.6666666666666666,0.6666666666666666,True,unassessed
948,ARM6_42_L,6,mapped,1014.0,SL_DGA,SL_dentate_gyrus_anterior,91.18750000000004,10,1,3,3,0.3333333333333333,3.3333333333333335,True,unassessed
948,ARM6_42_L,6,mapped,1015.0,SL_CAA,SL_CA1_3_anterior,180.68750000000009,3,1,3,3,0.3333333333333333,1.0,True,unassessed
948,ARM6_42_L,6,mapped,1016.0,SL_SA,SL_subicular_complex_anterior,81.28125000000004,13,1,3,3,0.3333333333333333,4.333333333333333,True,unassessed
948,ARM6_42_L,6,mapped,1033.0,SL_LaV,SL_lateral_ventral_amygdaloid_nucleus,18.531250000000007,2,1,3,3,0.3333333333333333,0.6666666666666666,True,unassessed
948,ARM6_42_L,6,mapped,1034.0,SL_APir,SL_amygdalopiriform_transition_area,27.85937500000001,1,1,3,3,0.3333333333333333,0.3333333333333333,True,unassessed
948,ARM6_42_L,6,mapped,1036.0,SL_BLD,SL_basolateral_dorsal_amygdaloid_nucleus,14.546875000000007,3,2,3,3,0.6666666666666666,1.0,True,unassessed
948,ARM6_42_L,6,mapped,1056.0,SL_Pu,SL_putamen,895.1093750000003,1,1,3,3,0.3333333333333333,0.3333333333333333,True,unassessed
948,ARM6_42_L,6,zero_unassigned,0.0,,,,36,3,3,3,1.0,12.0,True,unassessed
948,ARM6_542_R,1,mapped,501.0,CR_Frontal,CR_Frontal_Lobe,6154.890625000003,18,2,2,2,1.0,9.0,True,unassessed
948,ARM6_542_R,1,zero_unassigned,0.0,,,,9,2,2,2,1.0,4.5,True,unassessed
948,ARM6_542_R,2,mapped,516.0,CR_OFC,CR_orbital_frontal_cortex,1344.9218750000007,18,2,2,2,1.0,9.0,True,unassessed
948,ARM6_542_R,2,zero_unassigned,0.0,,,,9,2,2,2,1.0,4.5,True,unassessed
948,ARM6_542_R,3,mapped,537.0,CR_caudal_OFC,CR_caudal_orbital_frontal_cortex,331.17187500000017,18,2,2,2,1.0,9.0,True,unassessed
948,ARM6_542_R,3,zero_unassigned,0.0,,,,9,2,2,2,1.0,4.5,True,unassessed
948,ARM6_542_R,4,mapped,538.0,CR_OFa-p,CR_agranular_orbitofrontal_cortex,169.45312500000009,16,2,2,2,1.0,8.0,True,unassessed
948,ARM6_542_R,4,mapped,547.0,CR_cl_OFC,CR_caudolateral_orbitofrontal_cortex,136.07812500000006,2,2,2,2,1.0,1.0,True,unassessed
948,ARM6_542_R,4,zero_unassigned,0.0,,,,9,2,2,2,1.0,4.5,True,unassessed
948,ARM6_542_R,5,mapped,540.0,CR_lat_Ia,CR_lateral_agranular_insular_region,145.28125000000006,16,2,2,2,1.0,8.0,True,unassessed
948,ARM6_542_R,5,mapped,548.0,CR_G,CR_gustatory_cortex,40.12500000000002,1,1,2,2,0.5,0.5,True,unassessed
948,ARM6_542_R,5,mapped,549.0,CR_PrCO,CR_precentral_operular_area,95.95312500000004,1,1,2,2,0.5,0.5,True,unassessed
948,ARM6_542_R,5,zero_unassigned,0.0,,,,9,2,2,2,1.0,4.5,True,unassessed
948,ARM6_542_R,6,mapped,541.0,CR_Iai,CR_intermediate_agranular_insula_area,81.48437500000004,5,2,2,2,1.0,2.5,True,unassessed
948,ARM6_542_R,6,mapped,542.0,CR_Ial,CR_lateral_agranular_insula_area,47.98437500000002,11,1,2,2,0.5,5.5,True,unassessed
948,ARM6_542_R,6,mapped,548.0,CR_G,CR_gustatory_cortex,40.12500000000002,1,1,2,2,0.5,0.5,True,unassessed
948,ARM6_542_R,6,mapped,549.0,CR_PrCO,CR_precentral_operular_area,95.95312500000004,1,1,2,2,0.5,0.5,True,unassessed
948,ARM6_542_R,6,zero_unassigned,0.0,,,,9,2,2,2,1.0,4.5,True,unassessed
