SampleID,NeuronID,uid,AnimalID,SWCPath,SWCSHA256,EvidenceSourceGroup,SourceCohort,ARMLevel,ARMIndex,ARMAbbreviation,ARMFullName,Hemisphere,DisplayLabel,SourceARMStatus,SourceRootVoxelXYZ,SourceARMLabelHemisphere,SourceARMHemisphereConflict,SourceRootNodeID,SourceRootXYZ,SourceRootIndexXYZ,SourceRootLookupPolicy,published_ceil_edge_one_based_to_zero_ARMIndex,published_ceil_edge_one_based_to_zero_ARMAbbreviation,published_ceil_edge_one_based_to_zero_ARMFullName,published_ceil_edge_one_based_to_zero_Hemisphere,published_ceil_edge_one_based_to_zero_SourceARMStatus,published_ceil_edge_one_based_to_zero_SourceRootVoxelXYZ,published_ceil_edge_one_based_to_zero_label_differs,published_ceil_edge_one_based_to_zero_hemisphere_differs,halfopen_floor_zero_center_ARMIndex,halfopen_floor_zero_center_ARMAbbreviation,halfopen_floor_zero_center_ARMFullName,halfopen_floor_zero_center_Hemisphere,halfopen_floor_zero_center_SourceARMStatus,halfopen_floor_zero_center_SourceRootVoxelXYZ,halfopen_floor_zero_center_label_differs,halfopen_floor_zero_center_hemisphere_differs
251637,001.swc,251637|001.swc,936,D:\projectome_analysis\group_analysis\fnt\nmt_swcs\251637\001.swc,a29cb3ebc06a8c701fcaaea94a018d84ede1808d31a2b44087ae4049c320b833,HumanINS_R,main,6,542,CR_Ial,CR_lateral_agranular_insula_area,R,CR_lateral_agranular_insula_area (Right),mapped,"[193, 214, 84]",R,False,1,"[48175.9, 53466.6, 20957.0]","[192.7036, 213.8664, 83.828]",current_rint_zero_center,542,CR_Ial,CR_lateral_agranular_insula_area,R,mapped,"[192, 213, 83]",False,False,542,CR_Ial,CR_lateral_agranular_insula_area,R,mapped,"[193, 214, 84]",False,False
251637,002.swc,251637|002.swc,936,D:\projectome_analysis\group_analysis\fnt\nmt_swcs\251637\002.swc,a778fafba667f95eaeeb9366a0813a92ff5b784c4a8ed96c73e2deecc024c4ae,HumanINS_R,main,6,542,CR_Ial,CR_lateral_agranular_insula_area,R,CR_lateral_agranular_insula_area (Right),mapped,"[193, 214, 84]",R,False,1,"[48232.2, 53475.9, 20907.2]","[192.9288, 213.9036, 83.6288]",current_rint_zero_center,542,CR_Ial,CR_lateral_agranular_insula_area,R,mapped,"[192, 213, 83]",False,False,542,CR_Ial,CR_lateral_agranular_insula_area,R,mapped,"[193, 214, 84]",False,False
251637,003.swc,251637|003.swc,936,D:\projectome_analysis\group_analysis\fnt\nmt_swcs\251637\003.swc,2cc7b7869ac74f07188480ffd0f9d312a15ee7299d85e657b7b437bea702485b,HumanINS_R,main,6,549,CR_PrCO,CR_precentral_operular_area,R,CR_precentral_operular_area (Right),mapped,"[192, 216, 83]",R,False,1,"[47924.9, 53946.4, 20763.0]","[191.6996, 215.78560000000002, 83.052]",current_rint_zero_center,542,CR_Ial,CR_lateral_agranular_insula_area,R,mapped,"[191, 215, 83]",True,False,549,CR_PrCO,CR_precentral_operular_area,R,mapped,"[192, 216, 83]",False,False
251637,004.swc,251637|004.swc,936,D:\projectome_analysis\group_analysis\fnt\nmt_swcs\251637\004.swc,590cbd3121c9b917a5db860609aec8140deaddfecc9a42074f66c63b98b48fdc,HumanINS_R,main,6,549,CR_PrCO,CR_precentral_operular_area,R,CR_precentral_operular_area (Right),mapped,"[192, 217, 83]",R,False,1,"[47990.7, 54164.6, 20808.2]","[191.9628, 216.6584, 83.2328]",current_rint_zero_center,542,CR_Ial,CR_lateral_agranular_insula_area,R,mapped,"[191, 216, 83]",True,False,549,CR_PrCO,CR_precentral_operular_area,R,mapped,"[192, 217, 83]",False,False
251637,005.swc,251637|005.swc,936,D:\projectome_analysis\group_analysis\fnt\nmt_swcs\251637\005.swc,3ade46b3c1eb3c26ed0cfaa321799d8a705c0ba2abfb84c88e0da8f759634848,HumanINS_R,main,6,549,CR_PrCO,CR_precentral_operular_area,R,CR_precentral_operular_area (Right),mapped,"[192, 216, 82]",R,False,1,"[47954.5, 54091.8, 20576.8]","[191.818, 216.36720000000003, 82.3072]",current_rint_zero_center,549,CR_PrCO,CR_precentral_operular_area,R,mapped,"[191, 216, 82]",False,False,549,CR_PrCO,CR_precentral_operular_area,R,mapped,"[192, 216, 82]",False,False
251637,006.swc,251637|006.swc,936,D:\projectome_analysis\group_analysis\fnt\nmt_swcs\251637\006.swc,5804644f8e5f7929e576325b86e5b1288bc934e5a6aefde5350c99f36bfaafd8,HumanINS_R,main,6,549,CR_PrCO,CR_precentral_operular_area,R,CR_precentral_operular_area (Right),mapped,"[191, 216, 82]",R,False,1,"[47712.3, 54011.1, 20602.5]","[190.84920000000002, 216.0444, 82.41]",current_rint_zero_center,542,CR_Ial,CR_lateral_agranular_insula_area,R,mapped,"[190, 216, 82]",True,False,549,CR_PrCO,CR_precentral_operular_area,R,mapped,"[191, 216, 82]",False,False
251637,007.swc,251637|007.swc,936,D:\projectome_analysis\group_analysis\fnt\nmt_swcs\251637\007.swc,d01f76e05a072f68f0c1025cc3e4c3da712fc92769f5df2c5c56f4bc89f27730,HumanINS_R,main,6,542,CR_Ial,CR_lateral_agranular_insula_area,R,CR_lateral_agranular_insula_area (Right),mapped,"[190, 216, 82]",R,False,1,"[47541.4, 54080.1, 20557.8]","[190.1656, 216.3204, 82.2312]",current_rint_zero_center,542,CR_Ial,CR_lateral_agranular_insula_area,R,mapped,"[190, 216, 82]",False,False,542,CR_Ial,CR_lateral_agranular_insula_area,R,mapped,"[190, 216, 82]",False,False
251637,008.swc,251637|008.swc,936,D:\projectome_analysis\group_analysis\fnt\nmt_swcs\251637\008.swc,19879316aef069d9ed0582e04df89d67a751113566f341e50c71e7984b0421f4,HumanINS_R,main,6,542,CR_Ial,CR_lateral_agranular_insula_area,R,CR_lateral_agranular_insula_area (Right),mapped,"[190, 216, 82]",R,False,1,"[47457.8, 53934.7, 20566.8]","[189.83120000000002, 215.7388, 82.2672]",current_rint_zero_center,542,CR_Ial,CR_lateral_agranular_insula_area,R,mapped,"[189, 215, 82]",False,False,542,CR_Ial,CR_lateral_agranular_insula_area,R,mapped,"[190, 216, 82]",False,False
251637,009.swc,251637|009.swc,936,D:\projectome_analysis\group_analysis\fnt\nmt_swcs\251637\009.swc,3415546386fb699425b307ad3f1b717144ec2a9b258120f52c4cf93105fbf62c,HumanINS_R,main,6,542,CR_Ial,CR_lateral_agranular_insula_area,R,CR_lateral_agranular_insula_area (Right),mapped,"[190, 216, 82]",R,False,1,"[47452.2, 54093.7, 20501.5]","[189.8088, 216.3748, 82.006]",current_rint_zero_center,542,CR_Ial,CR_lateral_agranular_insula_area,R,mapped,"[189, 216, 82]",False,False,542,CR_Ial,CR_lateral_agranular_insula_area,R,mapped,"[190, 216, 82]",False,False
251637,010.swc,251637|010.swc,936,D:\projectome_analysis\group_analysis\fnt\nmt_swcs\251637\010.swc,b310627bdf28ba605e0b23a03c486e5fe941946a193fc2cf71961dbed788840c,HumanINS_R,main,6,549,CR_PrCO,CR_precentral_operular_area,R,CR_precentral_operular_area (Right),mapped,"[190, 218, 82]",R,False,1,"[47419.9, 54411.8, 20485.2]","[189.6796, 217.6472, 81.9408]",current_rint_zero_center,541,CR_Iai,CR_intermediate_agranular_insula_area,R,mapped,"[189, 217, 81]",True,False,549,CR_PrCO,CR_precentral_operular_area,R,mapped,"[190, 218, 82]",False,False
251637,011.swc,251637|011.swc,936,D:\projectome_analysis\group_analysis\fnt\nmt_swcs\251637\011.swc,6063feb9cb685d09fced3e0d5f45a982b605c41f6ef56ebe3dc6a57a71e37993,HumanINS_R,main,6,549,CR_PrCO,CR_precentral_operular_area,R,CR_precentral_operular_area (Right),mapped,"[190, 217, 82]",R,False,1,"[47522.2, 54374.8, 20543.0]","[190.0888, 217.4992, 82.172]",current_rint_zero_center,549,CR_PrCO,CR_precentral_operular_area,R,mapped,"[190, 217, 82]",False,False,549,CR_PrCO,CR_precentral_operular_area,R,mapped,"[190, 217, 82]",False,False
251637,012.swc,251637|012.swc,936,D:\projectome_analysis\group_analysis\fnt\nmt_swcs\251637\012.swc,193d28db6a09f66523f5cfc3d06b1ba0406ad5716df9089c154c49c019dd8dd3,HumanINS_R,main,6,541,CR_Iai,CR_intermediate_agranular_insula_area,R,CR_intermediate_agranular_insula_area (Right),mapped,"[189, 217, 82]",R,False,1,"[47266.6, 54362.8, 20613.2]","[189.0664, 217.4512, 82.4528]",current_rint_zero_center,541,CR_Iai,CR_intermediate_agranular_insula_area,R,mapped,"[189, 217, 82]",False,False,541,CR_Iai,CR_intermediate_agranular_insula_area,R,mapped,"[189, 217, 82]",False,False
251637,013.swc,251637|013.swc,936,D:\projectome_analysis\group_analysis\fnt\nmt_swcs\251637\013.swc,bbaced23ea931a8dcb037071cbcca28a7286aa4b69bced945c45cc9584aca35c,HumanINS_R,main,6,541,CR_Iai,CR_intermediate_agranular_insula_area,R,CR_intermediate_agranular_insula_area (Right),mapped,"[188, 217, 81]",R,False,1,"[46889.0, 54215.0, 20251.5]","[187.556, 216.86, 81.006]",current_rint_zero_center,541,CR_Iai,CR_intermediate_agranular_insula_area,R,mapped,"[187, 216, 81]",False,False,541,CR_Iai,CR_intermediate_agranular_insula_area,R,mapped,"[188, 217, 81]",False,False
251637,014.swc,251637|014.swc,936,D:\projectome_analysis\group_analysis\fnt\nmt_swcs\251637\014.swc,b614f7f2a61de176a910210e0a40ec431c5715de91b5212f156d1f528f94675e,HumanINS_R,main,6,542,CR_Ial,CR_lateral_agranular_insula_area,R,CR_lateral_agranular_insula_area (Right),mapped,"[189, 216, 80]",R,False,1,"[47147.3, 54007.9, 20112.0]","[188.5892, 216.0316, 80.448]",current_rint_zero_center,542,CR_Ial,CR_lateral_agranular_insula_area,R,mapped,"[188, 216, 80]",False,False,542,CR_Ial,CR_lateral_agranular_insula_area,R,mapped,"[189, 216, 80]",False,False
251637,015.swc,251637|015.swc,936,D:\projectome_analysis\group_analysis\fnt\nmt_swcs\251637\015.swc,60c187cdd462d7ff1b6d948168fc48f97cb4756d28d670634dbc62f55e41a320,HumanINS_R,main,6,542,CR_Ial,CR_lateral_agranular_insula_area,R,CR_lateral_agranular_insula_area (Right),mapped,"[189, 216, 80]",R,False,1,"[47137.0, 54038.2, 19976.2]","[188.548, 216.15279999999998, 79.90480000000001]",current_rint_zero_center,542,CR_Ial,CR_lateral_agranular_insula_area,R,mapped,"[188, 216, 79]",False,False,542,CR_Ial,CR_lateral_agranular_insula_area,R,mapped,"[189, 216, 80]",False,False
251637,016.swc,251637|016.swc,936,D:\projectome_analysis\group_analysis\fnt\nmt_swcs\251637\016.swc,7c9e62124f37a4ba907c02d7e761ae986879eae6a8b124e857790fee985a9932,HumanINS_R,main,6,541,CR_Iai,CR_intermediate_agranular_insula_area,R,CR_intermediate_agranular_insula_area (Right),mapped,"[189, 217, 81]",R,False,1,"[47315.3, 54220.0, 20126.0]","[189.2612, 216.88, 80.504]",current_rint_zero_center,542,CR_Ial,CR_lateral_agranular_insula_area,R,mapped,"[189, 216, 80]",True,False,541,CR_Iai,CR_intermediate_agranular_insula_area,R,mapped,"[189, 217, 81]",False,False
251637,017.swc,251637|017.swc,936,D:\projectome_analysis\group_analysis\fnt\nmt_swcs\251637\017.swc,0a246dd29c7247dbac10858f4bd26029eea308d85c9544ed74817290aabfc939,HumanINS_R,main,6,549,CR_PrCO,CR_precentral_operular_area,R,CR_precentral_operular_area (Right),mapped,"[191, 217, 82]",R,False,1,"[47736.5, 54146.6, 20620.8]","[190.946, 216.5864, 82.4832]",current_rint_zero_center,542,CR_Ial,CR_lateral_agranular_insula_area,R,mapped,"[190, 216, 82]",True,False,549,CR_PrCO,CR_precentral_operular_area,R,mapped,"[191, 217, 82]",False,False
251637,018.swc,251637|018.swc,936,D:\projectome_analysis\group_analysis\fnt\nmt_swcs\251637\018.swc,be9010efd816943483935e3dbd9522dc36894fdc8376db86308a7b1f3f62be26,HumanINS_R,main,6,542,CR_Ial,CR_lateral_agranular_insula_area,R,CR_lateral_agranular_insula_area (Right),mapped,"[191, 215, 81]",R,False,1,"[47812.4, 53799.1, 20341.8]","[191.24960000000002, 215.19639999999998, 81.3672]",current_rint_zero_center,542,CR_Ial,CR_lateral_agranular_insula_area,R,mapped,"[191, 215, 81]",False,False,542,CR_Ial,CR_lateral_agranular_insula_area,R,mapped,"[191, 215, 81]",False,False
251637,019.swc,251637|019.swc,936,D:\projectome_analysis\group_analysis\fnt\nmt_swcs\251637\019.swc,3283a5ab3dd96c1bfa59fabbb81223ddb321d4f31ec4a580083074c0ab10acb4,HumanINS_R,main,6,549,CR_PrCO,CR_precentral_operular_area,R,CR_precentral_operular_area (Right),mapped,"[192, 215, 82]",R,False,1,"[48002.8, 53650.4, 20540.0]","[192.0112, 214.60160000000002, 82.16]",current_rint_zero_center,542,CR_Ial,CR_lateral_agranular_insula_area,R,mapped,"[192, 214, 82]",True,False,549,CR_PrCO,CR_precentral_operular_area,R,mapped,"[192, 215, 82]",False,False
251637,020.swc,251637|020.swc,936,D:\projectome_analysis\group_analysis\fnt\nmt_swcs\251637\020.swc,93deae73f72da3a54b321aa95a2af1eb610dc918f07c5c9a32de5df4a5822091,HumanINS_R,main,6,549,CR_PrCO,CR_precentral_operular_area,R,CR_precentral_operular_area (Right),mapped,"[193, 215, 82]",R,False,1,"[48137.2, 53725.4, 20545.0]","[192.5488, 214.9016, 82.18]",current_rint_zero_center,542,CR_Ial,CR_lateral_agranular_insula_area,R,mapped,"[192, 214, 82]",True,False,549,CR_PrCO,CR_precentral_operular_area,R,mapped,"[193, 215, 82]",False,False
251637,021.swc,251637|021.swc,936,D:\projectome_analysis\group_analysis\fnt\nmt_swcs\251637\021.swc,5ae3c0ba43d9245b2c3cd333575cbe0a18e7bde7c11425b7f672214b653e351c,HumanINS_R,main,6,549,CR_PrCO,CR_precentral_operular_area,R,CR_precentral_operular_area (Right),mapped,"[192, 216, 82]",R,False,1,"[48066.4, 53885.9, 20601.0]","[192.2656, 215.5436, 82.404]",current_rint_zero_center,549,CR_PrCO,CR_precentral_operular_area,R,mapped,"[192, 215, 82]",False,False,549,CR_PrCO,CR_precentral_operular_area,R,mapped,"[192, 216, 82]",False,False
251637,022.swc,251637|022.swc,936,D:\projectome_analysis\group_analysis\fnt\nmt_swcs\251637\022.swc,d9eefa101c07d524106043c0f9ab78e2cba8a81442cca335f94289859e5cbb52,HumanINS_R,main,6,549,CR_PrCO,CR_precentral_operular_area,R,CR_precentral_operular_area (Right),mapped,"[192, 215, 81]",R,False,1,"[48094.1, 53862.3, 20345.2]","[192.3764, 215.44920000000002, 81.38080000000001]",current_rint_zero_center,549,CR_PrCO,CR_precentral_operular_area,R,mapped,"[192, 215, 81]",False,False,549,CR_PrCO,CR_precentral_operular_area,R,mapped,"[192, 215, 81]",False,False
251637,023.swc,251637|023.swc,936,D:\projectome_analysis\group_analysis\fnt\nmt_swcs\251637\023.swc,07a0efb2084137d6c04fd0068f26576e4a837a94ae57c063a2a39562cd787679,HumanINS_R,main,6,549,CR_PrCO,CR_precentral_operular_area,R,CR_precentral_operular_area (Right),mapped,"[193, 217, 81]",R,False,1,"[48307.3, 54363.1, 20319.2]","[193.22920000000002, 217.45239999999998, 81.27680000000001]",current_rint_zero_center,549,CR_PrCO,CR_precentral_operular_area,R,mapped,"[193, 217, 81]",False,False,549,CR_PrCO,CR_precentral_operular_area,R,mapped,"[193, 217, 81]",False,False
251637,024.swc,251637|024.swc,936,D:\projectome_analysis\group_analysis\fnt\nmt_swcs\251637\024.swc,f863e9efa409b95ae3249aa5b84c7e9bbc44dce9f0c78c7ab3394c80d7d9acab,HumanINS_R,main,6,549,CR_PrCO,CR_precentral_operular_area,R,CR_precentral_operular_area (Right),mapped,"[192, 218, 81]",R,False,1,"[48008.8, 54419.1, 20288.0]","[192.0352, 217.6764, 81.152]",current_rint_zero_center,549,CR_PrCO,CR_precentral_operular_area,R,mapped,"[192, 217, 81]",False,False,549,CR_PrCO,CR_precentral_operular_area,R,mapped,"[192, 218, 81]",False,False
251637,025.swc,251637|025.swc,936,D:\projectome_analysis\group_analysis\fnt\nmt_swcs\251637\025.swc,8623fe83863e8f61f8706b9b24f5e296ff85500609cc251492ad3be34762a028,HumanINS_R,main,6,549,CR_PrCO,CR_precentral_operular_area,R,CR_precentral_operular_area (Right),mapped,"[193, 219, 82]",R,False,1,"[48131.6, 54654.8, 20489.5]","[192.5264, 218.6192, 81.958]",current_rint_zero_center,549,CR_PrCO,CR_precentral_operular_area,R,mapped,"[192, 218, 81]",False,False,549,CR_PrCO,CR_precentral_operular_area,R,mapped,"[193, 219, 82]",False,False
251637,026.swc,251637|026.swc,936,D:\projectome_analysis\group_analysis\fnt\nmt_swcs\251637\026.swc,e46db054140cad69d09164ec68c7dc146dcd73339aba52386078af802859b487,HumanINS_R,main,6,549,CR_PrCO,CR_precentral_operular_area,R,CR_precentral_operular_area (Right),mapped,"[192, 219, 83]",R,False,1,"[47946.3, 54698.1, 20732.2]","[191.7852, 218.7924, 82.92880000000001]",current_rint_zero_center,549,CR_PrCO,CR_precentral_operular_area,R,mapped,"[191, 218, 82]",False,False,549,CR_PrCO,CR_precentral_operular_area,R,mapped,"[192, 219, 83]",False,False
251637,027.swc,251637|027.swc,936,D:\projectome_analysis\group_analysis\fnt\nmt_swcs\251637\027.swc,61c6cfb81337278a89b09285d0450f31ee7b17f4b5a38a44cfd5a167c6a8e8ed,HumanINS_R,main,6,549,CR_PrCO,CR_precentral_operular_area,R,CR_precentral_operular_area (Right),mapped,"[193, 218, 82]",R,False,1,"[48253.8, 54428.9, 20589.2]","[193.01520000000002, 217.7156, 82.3568]",current_rint_zero_center,549,CR_PrCO,CR_precentral_operular_area,R,mapped,"[193, 217, 82]",False,False,549,CR_PrCO,CR_precentral_operular_area,R,mapped,"[193, 218, 82]",False,False
251637,028.swc,251637|028.swc,936,D:\projectome_analysis\group_analysis\fnt\nmt_swcs\251637\028.swc,baf3302aa626a21e2a865d48aabed7835cd6c93788ebc84b9a9836952a28a1df,HumanINS_R,main,6,549,CR_PrCO,CR_precentral_operular_area,R,CR_precentral_operular_area (Right),mapped,"[194, 217, 83]",R,False,1,"[48462.3, 54151.9, 20810.5]","[193.84920000000002, 216.60760000000002, 83.242]",current_rint_zero_center,549,CR_PrCO,CR_precentral_operular_area,R,mapped,"[193, 216, 83]",False,False,549,CR_PrCO,CR_precentral_operular_area,R,mapped,"[194, 217, 83]",False,False
251637,029.swc,251637|029.swc,936,D:\projectome_analysis\group_analysis\fnt\nmt_swcs\251637\029.swc,85b77473dc637958f65d7bbf4b20c7f56f5e9d61dfcba2fcd8026d2ccdac9a66,HumanINS_R,main,6,549,CR_PrCO,CR_precentral_operular_area,R,CR_precentral_operular_area (Right),mapped,"[193, 216, 84]",R,False,1,"[48335.4, 54108.4, 21106.8]","[193.3416, 216.4336, 84.4272]",current_rint_zero_center,549,CR_PrCO,CR_precentral_operular_area,R,mapped,"[193, 216, 84]",False,False,549,CR_PrCO,CR_precentral_operular_area,R,mapped,"[193, 216, 84]",False,False
251637,030.swc,251637|030.swc,936,D:\projectome_analysis\group_analysis\fnt\nmt_swcs\251637\030.swc,4891490014b1a294b9261e1a1feb5dc9a40d20273dbbfe555a56ac39ea34d941,HumanINS_R,main,6,549,CR_PrCO,CR_precentral_operular_area,R,CR_precentral_operular_area (Right),mapped,"[194, 215, 83]",R,False,1,"[48530.7, 53723.2, 20847.5]","[194.12279999999998, 214.8928, 83.39]",current_rint_zero_center,549,CR_PrCO,CR_precentral_operular_area,R,mapped,"[194, 214, 83]",False,False,549,CR_PrCO,CR_precentral_operular_area,R,mapped,"[194, 215, 83]",False,False
251637,031.swc,251637|031.swc,936,D:\projectome_analysis\group_analysis\fnt\nmt_swcs\251637\031.swc,dd17c46c46d995e80c06dd9131163bf92e36017a10936ea076de87a10c383a99,HumanINS_R,main,6,549,CR_PrCO,CR_precentral_operular_area,R,CR_precentral_operular_area (Right),mapped,"[194, 215, 83]",R,False,1,"[48388.7, 53739.5, 20859.5]","[193.5548, 214.958, 83.438]",current_rint_zero_center,542,CR_Ial,CR_lateral_agranular_insula_area,R,mapped,"[193, 214, 83]",True,False,549,CR_PrCO,CR_precentral_operular_area,R,mapped,"[194, 215, 83]",False,False
251637,032.swc,251637|032.swc,936,D:\projectome_analysis\group_analysis\fnt\nmt_swcs\251637\032.swc,52cb93673d7c23c353916cba9727055dbda1244c23fcddadd9ce6045ba12aa42,HumanINS_R,main,6,549,CR_PrCO,CR_precentral_operular_area,R,CR_precentral_operular_area (Right),mapped,"[195, 217, 83]",R,False,1,"[48677.9, 54229.2, 20667.0]","[194.7116, 216.9168, 82.668]",current_rint_zero_center,549,CR_PrCO,CR_precentral_operular_area,R,mapped,"[194, 216, 82]",False,False,549,CR_PrCO,CR_precentral_operular_area,R,mapped,"[195, 217, 83]",False,False
251637,033.swc,251637|033.swc,936,D:\projectome_analysis\group_analysis\fnt\nmt_swcs\251637\033.swc,9f27355e1b3be90c31188439c2cfcf3418b46d21e67d3a40192a40666fbab914,HumanINS_R,main,6,549,CR_PrCO,CR_precentral_operular_area,R,CR_precentral_operular_area (Right),mapped,"[195, 216, 83]",R,False,1,"[48764.3, 54114.4, 20863.8]","[195.05720000000002, 216.4576, 83.45519999999999]",current_rint_zero_center,549,CR_PrCO,CR_precentral_operular_area,R,mapped,"[195, 216, 83]",False,False,549,CR_PrCO,CR_precentral_operular_area,R,mapped,"[195, 216, 83]",False,False
251637,034.swc,251637|034.swc,936,D:\projectome_analysis\group_analysis\fnt\nmt_swcs\251637\034.swc,9239ef75554000cf43f508c316f8c2b5c524215d169efa46e8ee69e017097af0,HumanINS_R,main,6,549,CR_PrCO,CR_precentral_operular_area,R,CR_precentral_operular_area (Right),mapped,"[194, 216, 85]",R,False,1,"[48475.1, 53939.7, 21334.2]","[193.9004, 215.75879999999998, 85.3368]",current_rint_zero_center,549,CR_PrCO,CR_precentral_operular_area,R,mapped,"[193, 215, 85]",False,False,549,CR_PrCO,CR_precentral_operular_area,R,mapped,"[194, 216, 85]",False,False
251637,035.swc,251637|035.swc,936,D:\projectome_analysis\group_analysis\fnt\nmt_swcs\251637\035.swc,f007f794e99e8a7c3e65e2f75b59fdc3564d1554c7a1cb168fd36d777439f6a5,HumanINS_R,main,6,549,CR_PrCO,CR_precentral_operular_area,R,CR_precentral_operular_area (Right),mapped,"[193, 217, 87]",R,False,1,"[48178.4, 54268.7, 21772.2]","[192.7136, 217.07479999999998, 87.0888]",current_rint_zero_center,549,CR_PrCO,CR_precentral_operular_area,R,mapped,"[192, 217, 87]",False,False,549,CR_PrCO,CR_precentral_operular_area,R,mapped,"[193, 217, 87]",False,False
251637,036.swc,251637|036.swc,936,D:\projectome_analysis\group_analysis\fnt\nmt_swcs\251637\036.swc,21d4c9948ca2ed04db7ea8cc071f275ada5a7b62893b94b409694422c06dc6c4,HumanINS_R,main,6,549,CR_PrCO,CR_precentral_operular_area,R,CR_precentral_operular_area (Right),mapped,"[192, 217, 88]",R,False,1,"[48074.8, 54154.2, 22064.5]","[192.2992, 216.61679999999998, 88.258]",current_rint_zero_center,542,CR_Ial,CR_lateral_agranular_insula_area,R,mapped,"[192, 216, 88]",True,False,549,CR_PrCO,CR_precentral_operular_area,R,mapped,"[192, 217, 88]",False,False
251637,037.swc,251637|037.swc,936,D:\projectome_analysis\group_analysis\fnt\nmt_swcs\251637\037.swc,4eda259b752f1e62fb4d0b70a4055e399cdb73fcfddab60602936b5c8063f14a,HumanINS_R,main,6,549,CR_PrCO,CR_precentral_operular_area,R,CR_precentral_operular_area (Right),mapped,"[192, 218, 88]",R,False,1,"[47904.6, 54384.4, 22091.8]","[191.6184, 217.5376, 88.3672]",current_rint_zero_center,549,CR_PrCO,CR_precentral_operular_area,R,mapped,"[191, 217, 88]",False,False,549,CR_PrCO,CR_precentral_operular_area,R,mapped,"[192, 218, 88]",False,False
251637,038.swc,251637|038.swc,936,D:\projectome_analysis\group_analysis\fnt\nmt_swcs\251637\038.swc,dd5a347b1141507550abb3e246f1879463825b377547acdbeecb458b10eaec7f,HumanINS_R,main,6,549,CR_PrCO,CR_precentral_operular_area,R,CR_precentral_operular_area (Right),mapped,"[193, 217, 89]",R,False,1,"[48317.8, 54289.9, 22132.8]","[193.27120000000002, 217.1596, 88.5312]",current_rint_zero_center,549,CR_PrCO,CR_precentral_operular_area,R,mapped,"[193, 217, 88]",False,False,549,CR_PrCO,CR_precentral_operular_area,R,mapped,"[193, 217, 89]",False,False
251637,039.swc,251637|039.swc,936,D:\projectome_analysis\group_analysis\fnt\nmt_swcs\251637\039.swc,32c6ef774e9840da33bfa7345e341d06d0f4de62bccdd704100aa34fe82ad7f3,HumanINS_R,main,6,542,CR_Ial,CR_lateral_agranular_insula_area,R,CR_lateral_agranular_insula_area (Right),mapped,"[192, 216, 88]",R,False,1,"[48113.3, 54088.1, 21878.2]","[192.4532, 216.3524, 87.5128]",current_rint_zero_center,549,CR_PrCO,CR_precentral_operular_area,R,mapped,"[192, 216, 87]",True,False,542,CR_Ial,CR_lateral_agranular_insula_area,R,mapped,"[192, 216, 88]",False,False
251637,040.swc,251637|040.swc,936,D:\projectome_analysis\group_analysis\fnt\nmt_swcs\251637\040.swc,7b0b86a0c6dd1297e5ede2fedb509f1abb9e062632b9a610ac3e3e85a19ccd49,HumanINS_R,main,6,549,CR_PrCO,CR_precentral_operular_area,R,CR_precentral_operular_area (Right),mapped,"[191, 218, 87]",R,False,1,"[47689.9, 54619.3, 21864.2]","[190.7596, 218.4772, 87.4568]",current_rint_zero_center,541,CR_Iai,CR_intermediate_agranular_insula_area,R,mapped,"[190, 218, 87]",True,False,549,CR_PrCO,CR_precentral_operular_area,R,mapped,"[191, 218, 87]",False,False
251637,041.swc,251637|041.swc,936,D:\projectome_analysis\group_analysis\fnt\nmt_swcs\251637\041.swc,81a6e4ae20360a9226c8361aa40dbca6d833bacb27b48f40d3363f4911861d8b,HumanINS_R,main,6,549,CR_PrCO,CR_precentral_operular_area,R,CR_precentral_operular_area (Right),mapped,"[191, 218, 87]",R,False,1,"[47671.2, 54517.9, 21854.2]","[190.6848, 218.07160000000002, 87.41680000000001]",current_rint_zero_center,541,CR_Iai,CR_intermediate_agranular_insula_area,R,mapped,"[190, 218, 87]",True,False,549,CR_PrCO,CR_precentral_operular_area,R,mapped,"[191, 218, 87]",False,False
251637,042.swc,251637|042.swc,936,D:\projectome_analysis\group_analysis\fnt\nmt_swcs\251637\042.swc,55ff40d05a18412c47d0e16ef74cf1fcd53e04829168300e1d0c470fe6de0319,HumanINS_R,main,6,541,CR_Iai,CR_intermediate_agranular_insula_area,R,CR_intermediate_agranular_insula_area (Right),mapped,"[190, 218, 88]",R,False,1,"[47428.3, 54579.5, 22099.0]","[189.7132, 218.318, 88.396]",current_rint_zero_center,541,CR_Iai,CR_intermediate_agranular_insula_area,R,mapped,"[189, 218, 88]",False,False,541,CR_Iai,CR_intermediate_agranular_insula_area,R,mapped,"[190, 218, 88]",False,False
251637,043.swc,251637|043.swc,936,D:\projectome_analysis\group_analysis\fnt\nmt_swcs\251637\043.swc,ae0459cee131d599fbce5206c9abfefc421368a62f313bb4f388121368b8df2f,HumanINS_R,main,6,549,CR_PrCO,CR_precentral_operular_area,R,CR_precentral_operular_area (Right),mapped,"[192, 218, 86]",R,False,1,"[48121.4, 54378.3, 21426.5]","[192.4856, 217.5132, 85.706]",current_rint_zero_center,549,CR_PrCO,CR_precentral_operular_area,R,mapped,"[192, 217, 85]",False,False,549,CR_PrCO,CR_precentral_operular_area,R,mapped,"[192, 218, 86]",False,False
251637,044.swc,251637|044.swc,936,D:\projectome_analysis\group_analysis\fnt\nmt_swcs\251637\044.swc,864510a2c74e59073301a9a68611a4b19adbe4190b5895bdafe2010faa7013ab,HumanINS_R,main,6,542,CR_Ial,CR_lateral_agranular_insula_area,R,CR_lateral_agranular_insula_area (Right),mapped,"[191, 214, 81]",R,False,1,"[47682.1, 53533.9, 20368.2]","[190.7284, 214.1356, 81.4728]",current_rint_zero_center,542,CR_Ial,CR_lateral_agranular_insula_area,R,mapped,"[190, 214, 81]",False,False,542,CR_Ial,CR_lateral_agranular_insula_area,R,mapped,"[191, 214, 81]",False,False
251637,045.swc,251637|045.swc,936,D:\projectome_analysis\group_analysis\fnt\nmt_swcs\251637\045.swc,2eab27742d0f6607bbb230e95455de5d08688e0de57daea241ef8fc0032129f6,HumanINS_R,main,6,542,CR_Ial,CR_lateral_agranular_insula_area,R,CR_lateral_agranular_insula_area (Right),mapped,"[189, 213, 82]",R,False,1,"[47346.6, 53187.9, 20497.8]","[189.38639999999998, 212.7516, 81.99119999999999]",current_rint_zero_center,542,CR_Ial,CR_lateral_agranular_insula_area,R,mapped,"[189, 212, 81]",False,False,542,CR_Ial,CR_lateral_agranular_insula_area,R,mapped,"[189, 213, 82]",False,False
251637,046.swc,251637|046.swc,936,D:\projectome_analysis\group_analysis\fnt\nmt_swcs\251637\046.swc,889366ad58dd8786b7f0905324a29c3ebd657e2e89b0dd75a8b169aca326f50b,HumanINS_R,main,6,542,CR_Ial,CR_lateral_agranular_insula_area,R,CR_lateral_agranular_insula_area (Right),mapped,"[189, 212, 82]",R,False,1,"[47263.0, 53056.4, 20456.8]","[189.052, 212.22560000000001, 81.82719999999999]",current_rint_zero_center,542,CR_Ial,CR_lateral_agranular_insula_area,R,mapped,"[189, 212, 81]",False,False,542,CR_Ial,CR_lateral_agranular_insula_area,R,mapped,"[189, 212, 82]",False,False
251637,047.swc,251637|047.swc,936,D:\projectome_analysis\group_analysis\fnt\nmt_swcs\251637\047.swc,7f9443ef88b1eaf41d0578c38658068abeeb5228de33243b8e1e57340ec501f7,HumanINS_R,main,6,542,CR_Ial,CR_lateral_agranular_insula_area,R,CR_lateral_agranular_insula_area (Right),mapped,"[189, 214, 82]",R,False,1,"[47235.3, 53408.2, 20393.2]","[188.9412, 213.63279999999997, 81.5728]",current_rint_zero_center,542,CR_Ial,CR_lateral_agranular_insula_area,R,mapped,"[188, 213, 81]",False,False,542,CR_Ial,CR_lateral_agranular_insula_area,R,mapped,"[189, 214, 82]",False,False
251637,048.swc,251637|048.swc,936,D:\projectome_analysis\group_analysis\fnt\nmt_swcs\251637\048.swc,2a6aed3d08572c8d1129ebfc63f7a6de4e94e8b3898413150374a22419fd9b4b,HumanINS_R,main,6,542,CR_Ial,CR_lateral_agranular_insula_area,R,CR_lateral_agranular_insula_area (Right),mapped,"[188, 215, 80]",R,False,1,"[47088.3, 53680.4, 20124.8]","[188.35320000000002, 214.7216, 80.4992]",current_rint_zero_center,542,CR_Ial,CR_lateral_agranular_insula_area,R,mapped,"[188, 214, 80]",False,False,542,CR_Ial,CR_lateral_agranular_insula_area,R,mapped,"[188, 215, 80]",False,False
251637,049.swc,251637|049.swc,936,D:\projectome_analysis\group_analysis\fnt\nmt_swcs\251637\049.swc,f526c51051eb662f8aa2373d748b914aa287b61a61e7ee2186f5f0f0081cd293,HumanINS_R,main,6,542,CR_Ial,CR_lateral_agranular_insula_area,R,CR_lateral_agranular_insula_area (Right),mapped,"[188, 215, 80]",R,False,1,"[47000.1, 53745.5, 20114.8]","[188.00039999999998, 214.982, 80.4592]",current_rint_zero_center,542,CR_Ial,CR_lateral_agranular_insula_area,R,mapped,"[188, 214, 80]",False,False,542,CR_Ial,CR_lateral_agranular_insula_area,R,mapped,"[188, 215, 80]",False,False
251637,050.swc,251637|050.swc,936,D:\projectome_analysis\group_analysis\fnt\nmt_swcs\251637\050.swc,bdf7d791d4dfb0b034d920a5831f9c59ac55dc85f29592bf3620340c3a9a4210,HumanINS_R,main,6,542,CR_Ial,CR_lateral_agranular_insula_area,R,CR_lateral_agranular_insula_area (Right),mapped,"[188, 215, 82]",R,False,1,"[47117.9, 53731.0, 20382.8]","[188.4716, 214.924, 81.5312]",current_rint_zero_center,542,CR_Ial,CR_lateral_agranular_insula_area,R,mapped,"[188, 214, 81]",False,False,542,CR_Ial,CR_lateral_agranular_insula_area,R,mapped,"[188, 215, 82]",False,False
251637,051.swc,251637|051.swc,936,D:\projectome_analysis\group_analysis\fnt\nmt_swcs\251637\051.swc,770620b599567ebf9a3f658a8aad438736f3d4d37a7afd0bebeca73aeec21937,HumanINS_R,main,6,542,CR_Ial,CR_lateral_agranular_insula_area,R,CR_lateral_agranular_insula_area (Right),mapped,"[188, 215, 82]",R,False,1,"[46898.9, 53786.7, 20575.2]","[187.59560000000002, 215.14679999999998, 82.30080000000001]",current_rint_zero_center,541,CR_Iai,CR_intermediate_agranular_insula_area,R,mapped,"[187, 215, 82]",True,False,542,CR_Ial,CR_lateral_agranular_insula_area,R,mapped,"[188, 215, 82]",False,False
251637,052.swc,251637|052.swc,936,D:\projectome_analysis\group_analysis\fnt\nmt_swcs\251637\052.swc,5e44128883def05d4815404a8ab344c1441daabd2a8d8272bbb1d7e3c1aad7d7,HumanINS_R,main,6,541,CR_Iai,CR_intermediate_agranular_insula_area,R,CR_intermediate_agranular_insula_area (Right),mapped,"[187, 217, 82]",R,False,1,"[46725.2, 54189.2, 20571.0]","[186.90079999999998, 216.7568, 82.284]",current_rint_zero_center,541,CR_Iai,CR_intermediate_agranular_insula_area,R,mapped,"[186, 216, 82]",False,False,541,CR_Iai,CR_intermediate_agranular_insula_area,R,mapped,"[187, 217, 82]",False,False
251637,053.swc,251637|053.swc,936,D:\projectome_analysis\group_analysis\fnt\nmt_swcs\251637\053.swc,b10aa1786b10c32a68949d734c15c791d679ec29312dc7fba258e4f24b42fb46,HumanINS_R,main,6,541,CR_Iai,CR_intermediate_agranular_insula_area,R,CR_intermediate_agranular_insula_area (Right),mapped,"[188, 216, 84]",R,False,1,"[47039.7, 54088.5, 21041.5]","[188.15879999999999, 216.354, 84.166]",current_rint_zero_center,541,CR_Iai,CR_intermediate_agranular_insula_area,R,mapped,"[188, 216, 84]",False,False,541,CR_Iai,CR_intermediate_agranular_insula_area,R,mapped,"[188, 216, 84]",False,False
251637,054.swc,251637|054.swc,936,D:\projectome_analysis\group_analysis\fnt\nmt_swcs\251637\054.swc,e6e55c2f0cb77ecf402323dc0b931e077ea7dbb04fb5efc5de6ce83835f49e07,HumanINS_R,main,6,542,CR_Ial,CR_lateral_agranular_insula_area,R,CR_lateral_agranular_insula_area (Right),mapped,"[189, 216, 84]",R,False,1,"[47265.6, 54020.5, 20988.0]","[189.0624, 216.082, 83.952]",current_rint_zero_center,542,CR_Ial,CR_lateral_agranular_insula_area,R,mapped,"[189, 216, 83]",False,False,542,CR_Ial,CR_lateral_agranular_insula_area,R,mapped,"[189, 216, 84]",False,False
251637,055.swc,251637|055.swc,936,D:\projectome_analysis\group_analysis\fnt\nmt_swcs\251637\055.swc,36d5d735b78858fbc83b0a1def29864350f8b03969427e903c84754e12dc75f1,HumanINS_R,main,6,542,CR_Ial,CR_lateral_agranular_insula_area,R,CR_lateral_agranular_insula_area (Right),mapped,"[190, 216, 85]",R,False,1,"[47581.0, 53953.2, 21230.0]","[190.324, 215.81279999999998, 84.92]",current_rint_zero_center,542,CR_Ial,CR_lateral_agranular_insula_area,R,mapped,"[190, 215, 84]",False,False,542,CR_Ial,CR_lateral_agranular_insula_area,R,mapped,"[190, 216, 85]",False,False
251637,056.swc,251637|056.swc,936,D:\projectome_analysis\group_analysis\fnt\nmt_swcs\251637\056.swc,5a003b1005215a27a951708993eb1dbf0e509544b422879515a50225f091a674,HumanINS_R,main,6,542,CR_Ial,CR_lateral_agranular_insula_area,R,CR_lateral_agranular_insula_area (Right),mapped,"[190, 216, 85]",R,False,1,"[47505.1, 54031.2, 21246.2]","[190.0204, 216.1248, 84.9848]",current_rint_zero_center,542,CR_Ial,CR_lateral_agranular_insula_area,R,mapped,"[190, 216, 84]",False,False,542,CR_Ial,CR_lateral_agranular_insula_area,R,mapped,"[190, 216, 85]",False,False
251637,057.swc,251637|057.swc,936,D:\projectome_analysis\group_analysis\fnt\nmt_swcs\251637\057.swc,8d855bdaa9346cfed19c21d0c6e35de739f2c553d3da0a1b867de372a83189b9,HumanINS_R,main,6,542,CR_Ial,CR_lateral_agranular_insula_area,R,CR_lateral_agranular_insula_area (Right),mapped,"[190, 213, 86]",R,False,1,"[47545.7, 53330.9, 21391.5]","[190.1828, 213.3236, 85.566]",current_rint_zero_center,542,CR_Ial,CR_lateral_agranular_insula_area,R,mapped,"[190, 213, 85]",False,False,542,CR_Ial,CR_lateral_agranular_insula_area,R,mapped,"[190, 213, 86]",False,False
251637,058.swc,251637|058.swc,936,D:\projectome_analysis\group_analysis\fnt\nmt_swcs\251637\058.swc,822ee9650a7897c3e46b410666ddc0bd707c934847da90f3dfc8204cce1dc70e,HumanINS_R,main,6,542,CR_Ial,CR_lateral_agranular_insula_area,R,CR_lateral_agranular_insula_area (Right),mapped,"[189, 214, 86]",R,False,1,"[47201.7, 53459.2, 21596.5]","[188.80679999999998, 213.83679999999998, 86.386]",current_rint_zero_center,542,CR_Ial,CR_lateral_agranular_insula_area,R,mapped,"[188, 213, 86]",False,False,542,CR_Ial,CR_lateral_agranular_insula_area,R,mapped,"[189, 214, 86]",False,False
251637,059.swc,251637|059.swc,936,D:\projectome_analysis\group_analysis\fnt\nmt_swcs\251637\059.swc,327c867610d811267ebdd147de589febdc616fed19430e011881f099976f0286,HumanINS_R,main,6,542,CR_Ial,CR_lateral_agranular_insula_area,R,CR_lateral_agranular_insula_area (Right),mapped,"[188, 213, 85]",R,False,1,"[46892.6, 53247.9, 21153.8]","[187.5704, 212.9916, 84.6152]",current_rint_zero_center,542,CR_Ial,CR_lateral_agranular_insula_area,R,mapped,"[187, 212, 84]",False,False,542,CR_Ial,CR_lateral_agranular_insula_area,R,mapped,"[188, 213, 85]",False,False
251637,060.swc,251637|060.swc,936,D:\projectome_analysis\group_analysis\fnt\nmt_swcs\251637\060.swc,08cbef5bff3d003169fbeb8120238c96dfbab18f4b76ce459824284748aa9771,HumanINS_R,main,6,542,CR_Ial,CR_lateral_agranular_insula_area,R,CR_lateral_agranular_insula_area (Right),mapped,"[188, 212, 86]",R,False,1,"[46944.9, 53090.7, 21469.0]","[187.77960000000002, 212.3628, 85.876]",current_rint_zero_center,542,CR_Ial,CR_lateral_agranular_insula_area,R,mapped,"[187, 212, 85]",False,False,542,CR_Ial,CR_lateral_agranular_insula_area,R,mapped,"[188, 212, 86]",False,False
251637,061.swc,251637|061.swc,936,D:\projectome_analysis\group_analysis\fnt\nmt_swcs\251637\061.swc,256d398bab384de21f4c6b0553e6e634bf91b01fb824acec495f6392388fb12a,HumanINS_R,main,6,542,CR_Ial,CR_lateral_agranular_insula_area,R,CR_lateral_agranular_insula_area (Right),mapped,"[187, 213, 85]",R,False,1,"[46660.8, 53372.6, 21333.0]","[186.6432, 213.4904, 85.332]",current_rint_zero_center,541,CR_Iai,CR_intermediate_agranular_insula_area,R,mapped,"[186, 213, 85]",True,False,542,CR_Ial,CR_lateral_agranular_insula_area,R,mapped,"[187, 213, 85]",False,False
251637,062.swc,251637|062.swc,936,D:\projectome_analysis\group_analysis\fnt\nmt_swcs\251637\062.swc,ec43e9958eec306f4c9cdf5544bfe96b3b1df482fc5bba8fb421ea4d1ca6dec9,HumanINS_R,main,6,541,CR_Iai,CR_intermediate_agranular_insula_area,R,CR_intermediate_agranular_insula_area (Right),mapped,"[187, 214, 85]",R,False,1,"[46724.6, 53401.8, 21370.0]","[186.89839999999998, 213.6072, 85.48]",current_rint_zero_center,541,CR_Iai,CR_intermediate_agranular_insula_area,R,mapped,"[186, 213, 85]",False,False,541,CR_Iai,CR_intermediate_agranular_insula_area,R,mapped,"[187, 214, 85]",False,False
251637,063.swc,251637|063.swc,936,D:\projectome_analysis\group_analysis\fnt\nmt_swcs\251637\063.swc,6946eed12fff664299e97a3e3801570c36a1d958ecbe30d1d5ffee3cd95380f5,HumanINS_R,main,6,541,CR_Iai,CR_intermediate_agranular_insula_area,R,CR_intermediate_agranular_insula_area (Right),mapped,"[187, 215, 85]",R,False,1,"[46725.4, 53736.0, 21236.0]","[186.9016, 214.944, 84.944]",current_rint_zero_center,541,CR_Iai,CR_intermediate_agranular_insula_area,R,mapped,"[186, 214, 84]",False,False,541,CR_Iai,CR_intermediate_agranular_insula_area,R,mapped,"[187, 215, 85]",False,False
251637,064.swc,251637|064.swc,936,D:\projectome_analysis\group_analysis\fnt\nmt_swcs\251637\064.swc,36f892b126dce6d5175938345fa06434b961fa6dfacb1536bf862f40828adff9,HumanINS_R,main,6,542,CR_Ial,CR_lateral_agranular_insula_area,R,CR_lateral_agranular_insula_area (Right),mapped,"[191, 215, 88]",R,False,1,"[47803.6, 53738.9, 22113.5]","[191.21439999999998, 214.9556, 88.454]",current_rint_zero_center,542,CR_Ial,CR_lateral_agranular_insula_area,R,mapped,"[191, 214, 88]",False,False,542,CR_Ial,CR_lateral_agranular_insula_area,R,mapped,"[191, 215, 88]",False,False
251637,065.swc,251637|065.swc,936,D:\projectome_analysis\group_analysis\fnt\nmt_swcs\251637\065.swc,644e16aac7ca4b6dcb013e344986ab9f14e7e89d0147e3c495f14d5fb3ce0d67,HumanINS_R,main,6,542,CR_Ial,CR_lateral_agranular_insula_area,R,CR_lateral_agranular_insula_area (Right),mapped,"[191, 215, 88]",R,False,1,"[47723.8, 53780.8, 22046.2]","[190.89520000000002, 215.12320000000003, 88.18480000000001]",current_rint_zero_center,542,CR_Ial,CR_lateral_agranular_insula_area,R,mapped,"[190, 215, 88]",False,False,542,CR_Ial,CR_lateral_agranular_insula_area,R,mapped,"[191, 215, 88]",False,False
251637,066.swc,251637|066.swc,936,D:\projectome_analysis\group_analysis\fnt\nmt_swcs\251637\066.swc,f4888816a34b76f1668aa20f4a861099d6948d2492fecfbcb9ec744b96a40266,HumanINS_R,main,6,542,CR_Ial,CR_lateral_agranular_insula_area,R,CR_lateral_agranular_insula_area (Right),mapped,"[191, 214, 90]",R,False,1,"[47655.5, 53474.1, 22415.2]","[190.622, 213.8964, 89.66080000000001]",current_rint_zero_center,542,CR_Ial,CR_lateral_agranular_insula_area,R,mapped,"[190, 213, 89]",False,False,542,CR_Ial,CR_lateral_agranular_insula_area,R,mapped,"[191, 214, 90]",False,False
251637,067.swc,251637|067.swc,936,D:\projectome_analysis\group_analysis\fnt\nmt_swcs\251637\067.swc,b4cf5127e7e85a00b109c40225da47b6ed790673d603a2586f9eab8ac25eac17,HumanINS_R,main,6,542,CR_Ial,CR_lateral_agranular_insula_area,R,CR_lateral_agranular_insula_area (Right),mapped,"[189, 213, 89]",R,False,1,"[47279.8, 53324.1, 22240.8]","[189.1192, 213.2964, 88.9632]",current_rint_zero_center,542,CR_Ial,CR_lateral_agranular_insula_area,R,mapped,"[189, 213, 88]",False,False,542,CR_Ial,CR_lateral_agranular_insula_area,R,mapped,"[189, 213, 89]",False,False
251637,068.swc,251637|068.swc,936,D:\projectome_analysis\group_analysis\fnt\nmt_swcs\251637\068.swc,b484a5d39eff84ae1a99512448bf9ec355a04c7e39959ffdbacf85555ac9a515,HumanINS_R,main,6,542,CR_Ial,CR_lateral_agranular_insula_area,R,CR_lateral_agranular_insula_area (Right),mapped,"[189, 212, 89]",R,False,1,"[47162.6, 53055.1, 22187.2]","[188.6504, 212.22039999999998, 88.7488]",current_rint_zero_center,542,CR_Ial,CR_lateral_agranular_insula_area,R,mapped,"[188, 212, 88]",False,False,542,CR_Ial,CR_lateral_agranular_insula_area,R,mapped,"[189, 212, 89]",False,False
251637,069.swc,251637|069.swc,936,D:\projectome_analysis\group_analysis\fnt\nmt_swcs\251637\069.swc,386d81cf66f032d294310c5c996c3ea02cf40fc725e404304b19afc066fe0473,HumanINS_R,main,6,542,CR_Ial,CR_lateral_agranular_insula_area,R,CR_lateral_agranular_insula_area (Right),mapped,"[190, 213, 89]",R,False,1,"[47528.0, 53372.8, 22323.0]","[190.112, 213.49120000000002, 89.292]",current_rint_zero_center,542,CR_Ial,CR_lateral_agranular_insula_area,R,mapped,"[190, 213, 89]",False,False,542,CR_Ial,CR_lateral_agranular_insula_area,R,mapped,"[190, 213, 89]",False,False
251637,070.swc,251637|070.swc,936,D:\projectome_analysis\group_analysis\fnt\nmt_swcs\251637\070.swc,dbdb5109cb5f9b7301576e55bd786c97a9939843ecce2d8fc4af959865d7c712,HumanINS_R,main,6,549,CR_PrCO,CR_precentral_operular_area,R,CR_precentral_operular_area (Right),mapped,"[191, 217, 88]",R,False,1,"[47859.0, 54173.4, 21946.5]","[191.436, 216.6936, 87.786]",current_rint_zero_center,549,CR_PrCO,CR_precentral_operular_area,R,mapped,"[191, 216, 87]",False,False,549,CR_PrCO,CR_precentral_operular_area,R,mapped,"[191, 217, 88]",False,False
251637,071.swc,251637|071.swc,936,D:\projectome_analysis\group_analysis\fnt\nmt_swcs\251637\071.swc,fd64181a872798d7ff7cd413a8c900acfa87f8fcdcde6f86748266f2bac24c4a,HumanINS_R,main,6,542,CR_Ial,CR_lateral_agranular_insula_area,R,CR_lateral_agranular_insula_area (Right),mapped,"[189, 213, 91]",R,False,1,"[47181.0, 53352.6, 22756.0]","[188.724, 213.41039999999998, 91.024]",current_rint_zero_center,542,CR_Ial,CR_lateral_agranular_insula_area,R,mapped,"[188, 213, 91]",False,False,542,CR_Ial,CR_lateral_agranular_insula_area,R,mapped,"[189, 213, 91]",False,False
251637,072.swc,251637|072.swc,936,D:\projectome_analysis\group_analysis\fnt\nmt_swcs\251637\072.swc,779d8a603e79564ec159fdaf80ce9884cb27d1a27dd8318f392f5240a2246795,HumanINS_R,main,6,542,CR_Ial,CR_lateral_agranular_insula_area,R,CR_lateral_agranular_insula_area (Right),mapped,"[187, 213, 92]",R,False,1,"[46765.5, 53137.4, 22989.0]","[187.062, 212.5496, 91.956]",current_rint_zero_center,542,CR_Ial,CR_lateral_agranular_insula_area,R,mapped,"[187, 212, 91]",False,False,542,CR_Ial,CR_lateral_agranular_insula_area,R,mapped,"[187, 213, 92]",False,False
251637,073.swc,251637|073.swc,936,D:\projectome_analysis\group_analysis\fnt\nmt_swcs\251637\073.swc,5610d59b3ff831dcb68aa59721d70c3a19809df3fa54dc575b2caaa3e0e7b5c8,HumanINS_R,main,6,542,CR_Ial,CR_lateral_agranular_insula_area,R,CR_lateral_agranular_insula_area (Right),mapped,"[189, 213, 84]",R,False,1,"[47288.4, 53357.6, 20941.8]","[189.1536, 213.4304, 83.7672]",current_rint_zero_center,542,CR_Ial,CR_lateral_agranular_insula_area,R,mapped,"[189, 213, 83]",False,False,542,CR_Ial,CR_lateral_agranular_insula_area,R,mapped,"[189, 213, 84]",False,False
251637,074.swc,251637|074.swc,936,D:\projectome_analysis\group_analysis\fnt\nmt_swcs\251637\074.swc,37f883b7ff1d5f86702f559fcd516c049055f67515c6938ff22da51b8378e92a,HumanINS_R,main,6,542,CR_Ial,CR_lateral_agranular_insula_area,R,CR_lateral_agranular_insula_area (Right),mapped,"[188, 214, 83]",R,False,1,"[47039.1, 53480.3, 20828.8]","[188.1564, 213.9212, 83.31519999999999]",current_rint_zero_center,542,CR_Ial,CR_lateral_agranular_insula_area,R,mapped,"[188, 213, 83]",False,False,542,CR_Ial,CR_lateral_agranular_insula_area,R,mapped,"[188, 214, 83]",False,False
251637,075.swc,251637|075.swc,936,D:\projectome_analysis\group_analysis\fnt\nmt_swcs\251637\075.swc,09c601187d0be53b8cbf6539d91cbe1952abb3ff3300478cd5d6cfa3f238844f,HumanINS_R,main,6,542,CR_Ial,CR_lateral_agranular_insula_area,R,CR_lateral_agranular_insula_area (Right),mapped,"[188, 214, 83]",R,False,1,"[47069.2, 53418.4, 20698.5]","[188.27679999999998, 213.6736, 82.794]",current_rint_zero_center,542,CR_Ial,CR_lateral_agranular_insula_area,R,mapped,"[188, 213, 82]",False,False,542,CR_Ial,CR_lateral_agranular_insula_area,R,mapped,"[188, 214, 83]",False,False
251637,076.swc,251637|076.swc,936,D:\projectome_analysis\group_analysis\fnt\nmt_swcs\251637\076.swc,4d445bda0f450d45cdd10dacd3a8467f2e588c13e8afc162475f74ee23e8175d,HumanINS_R,main,6,542,CR_Ial,CR_lateral_agranular_insula_area,R,CR_lateral_agranular_insula_area (Right),mapped,"[189, 214, 84]",R,False,1,"[47195.6, 53554.3, 20896.8]","[188.7824, 214.21720000000002, 83.5872]",current_rint_zero_center,542,CR_Ial,CR_lateral_agranular_insula_area,R,mapped,"[188, 214, 83]",False,False,542,CR_Ial,CR_lateral_agranular_insula_area,R,mapped,"[189, 214, 84]",False,False
251637,077.swc,251637|077.swc,936,D:\projectome_analysis\group_analysis\fnt\nmt_swcs\251637\077.swc,12448f623a38b91bd732982d982bb102898ea1daf8124662e3d6eaddb66d414f,HumanINS_R,main,6,542,CR_Ial,CR_lateral_agranular_insula_area,R,CR_lateral_agranular_insula_area (Right),mapped,"[189, 215, 84]",R,False,1,"[47142.9, 53643.8, 20895.5]","[188.57160000000002, 214.57520000000002, 83.582]",current_rint_zero_center,542,CR_Ial,CR_lateral_agranular_insula_area,R,mapped,"[188, 214, 83]",False,False,542,CR_Ial,CR_lateral_agranular_insula_area,R,mapped,"[189, 215, 84]",False,False
251637,078.swc,251637|078.swc,936,D:\projectome_analysis\group_analysis\fnt\nmt_swcs\251637\078.swc,addbdcc594ff664485a8955afd016f3058c7e50244a8ccbb920278914e1d6200,HumanINS_R,main,6,542,CR_Ial,CR_lateral_agranular_insula_area,R,CR_lateral_agranular_insula_area (Right),mapped,"[188, 215, 83]",R,False,1,"[47090.0, 53746.7, 20853.5]","[188.36, 214.9868, 83.414]",current_rint_zero_center,542,CR_Ial,CR_lateral_agranular_insula_area,R,mapped,"[188, 214, 83]",False,False,542,CR_Ial,CR_lateral_agranular_insula_area,R,mapped,"[188, 215, 83]",False,False
251637,079.swc,251637|079.swc,936,D:\projectome_analysis\group_analysis\fnt\nmt_swcs\251637\079.swc,f3d136979f2c1933ebc4498d73e822262f5c2e009f85b0f4e2b79dd2fae54024,HumanINS_R,main,6,549,CR_PrCO,CR_precentral_operular_area,R,CR_precentral_operular_area (Right),mapped,"[190, 217, 82]",R,False,1,"[47604.9, 54341.1, 20443.2]","[190.4196, 217.3644, 81.7728]",current_rint_zero_center,549,CR_PrCO,CR_precentral_operular_area,R,mapped,"[190, 217, 81]",False,False,549,CR_PrCO,CR_precentral_operular_area,R,mapped,"[190, 217, 82]",False,False
251637,080.swc,251637|080.swc,936,D:\projectome_analysis\group_analysis\fnt\nmt_swcs\251637\080.swc,dac06ecbdfb4f6b2fe981579fb7780240e43bbbe00bf92054067054d18498f4f,HumanINS_R,main,6,542,CR_Ial,CR_lateral_agranular_insula_area,R,CR_lateral_agranular_insula_area (Right),mapped,"[190, 216, 80]",R,False,1,"[47560.6, 54106.0, 20124.5]","[190.2424, 216.424, 80.498]",current_rint_zero_center,542,CR_Ial,CR_lateral_agranular_insula_area,R,mapped,"[190, 216, 80]",False,False,542,CR_Ial,CR_lateral_agranular_insula_area,R,mapped,"[190, 216, 80]",False,False
251637,081.swc,251637|081.swc,936,D:\projectome_analysis\group_analysis\fnt\nmt_swcs\251637\081.swc,badce1d4db5458377bdc588204318ab60dc832eec5041fad2cb28b3556900ca4,HumanINS_R,main,6,542,CR_Ial,CR_lateral_agranular_insula_area,R,CR_lateral_agranular_insula_area (Right),mapped,"[189, 215, 85]",R,False,1,"[47363.4, 53682.5, 21245.2]","[189.4536, 214.73, 84.9808]",current_rint_zero_center,542,CR_Ial,CR_lateral_agranular_insula_area,R,mapped,"[189, 214, 84]",False,False,542,CR_Ial,CR_lateral_agranular_insula_area,R,mapped,"[189, 215, 85]",False,False
251637,082.swc,251637|082.swc,936,D:\projectome_analysis\group_analysis\fnt\nmt_swcs\251637\082.swc,21478d75a24f909b9bb5ead3ded5777ea81fdcb09a40acc30b98c3eea820188d,HumanINS_R,main,6,542,CR_Ial,CR_lateral_agranular_insula_area,R,CR_lateral_agranular_insula_area (Right),mapped,"[187, 214, 81]",R,False,1,"[46707.9, 53567.7, 20173.8]","[186.8316, 214.27079999999998, 80.6952]",current_rint_zero_center,542,CR_Ial,CR_lateral_agranular_insula_area,R,mapped,"[186, 214, 80]",False,False,542,CR_Ial,CR_lateral_agranular_insula_area,R,mapped,"[187, 214, 81]",False,False
251637,083.swc,251637|083.swc,936,D:\projectome_analysis\group_analysis\fnt\nmt_swcs\251637\083.swc,3d833878b2248ba20591227056d225013bf596e512874aadf53faa8365530428,HumanINS_R,main,6,542,CR_Ial,CR_lateral_agranular_insula_area,R,CR_lateral_agranular_insula_area (Right),mapped,"[187, 214, 80]",R,False,1,"[46681.4, 53478.0, 20079.2]","[186.72560000000001, 213.912, 80.3168]",current_rint_zero_center,542,CR_Ial,CR_lateral_agranular_insula_area,R,mapped,"[186, 213, 80]",False,False,542,CR_Ial,CR_lateral_agranular_insula_area,R,mapped,"[187, 214, 80]",False,False
251637,084.swc,251637|084.swc,936,D:\projectome_analysis\group_analysis\fnt\nmt_swcs\251637\084.swc,91abb3e9b8585d03308b2aa4af5dc47d897bec70114cc7b82ed08499e4ff0caa,HumanINS_R,main,6,542,CR_Ial,CR_lateral_agranular_insula_area,R,CR_lateral_agranular_insula_area (Right),mapped,"[187, 213, 79]",R,False,1,"[46775.5, 53276.4, 19845.5]","[187.102, 213.1056, 79.382]",current_rint_zero_center,542,CR_Ial,CR_lateral_agranular_insula_area,R,mapped,"[187, 213, 79]",False,False,542,CR_Ial,CR_lateral_agranular_insula_area,R,mapped,"[187, 213, 79]",False,False
251637,085.swc,251637|085.swc,936,D:\projectome_analysis\group_analysis\fnt\nmt_swcs\251637\085.swc,e95208f3efaac9301ef9638c07990c3d4aecfc77b9dd8f0d58da65c457d7b038,HumanINS_R,main,6,542,CR_Ial,CR_lateral_agranular_insula_area,R,CR_lateral_agranular_insula_area (Right),mapped,"[189, 213, 80]",R,False,1,"[47197.6, 53313.2, 19886.8]","[188.7904, 213.25279999999998, 79.5472]",current_rint_zero_center,542,CR_Ial,CR_lateral_agranular_insula_area,R,mapped,"[188, 213, 79]",False,False,542,CR_Ial,CR_lateral_agranular_insula_area,R,mapped,"[189, 213, 80]",False,False
251637,086.swc,251637|086.swc,936,D:\projectome_analysis\group_analysis\fnt\nmt_swcs\251637\086.swc,be6492969530f99d611d745d92acf532796b2f15bfa36941bcbcc08f7187191a,HumanINS_R,main,6,542,CR_Ial,CR_lateral_agranular_insula_area,R,CR_lateral_agranular_insula_area (Right),mapped,"[189, 213, 80]",R,False,1,"[47236.1, 53281.8, 20031.8]","[188.9444, 213.12720000000002, 80.1272]",current_rint_zero_center,542,CR_Ial,CR_lateral_agranular_insula_area,R,mapped,"[188, 213, 80]",False,False,542,CR_Ial,CR_lateral_agranular_insula_area,R,mapped,"[189, 213, 80]",False,False
251637,087.swc,251637|087.swc,936,D:\projectome_analysis\group_analysis\fnt\nmt_swcs\251637\087.swc,2744e70b0455555f710ed8605f0cdfa3f14c6a7a31508df534270a878578bd1e,HumanINS_R,main,6,542,CR_Ial,CR_lateral_agranular_insula_area,R,CR_lateral_agranular_insula_area (Right),mapped,"[189, 215, 80]",R,False,1,"[47191.2, 53858.8, 19938.8]","[188.76479999999998, 215.4352, 79.7552]",current_rint_zero_center,542,CR_Ial,CR_lateral_agranular_insula_area,R,mapped,"[188, 215, 79]",False,False,542,CR_Ial,CR_lateral_agranular_insula_area,R,mapped,"[189, 215, 80]",False,False
251637,088.swc,251637|088.swc,936,D:\projectome_analysis\group_analysis\fnt\nmt_swcs\251637\088.swc,1dfcf63aa18b2e7e9c221f9d86551361c392fde734f6c7888d29549eaa006683,HumanINS_R,main,6,542,CR_Ial,CR_lateral_agranular_insula_area,R,CR_lateral_agranular_insula_area (Right),mapped,"[191, 213, 79]",R,False,1,"[47625.6, 53318.7, 19864.5]","[190.5024, 213.2748, 79.458]",current_rint_zero_center,542,CR_Ial,CR_lateral_agranular_insula_area,R,mapped,"[190, 213, 79]",False,False,542,CR_Ial,CR_lateral_agranular_insula_area,R,mapped,"[191, 213, 79]",False,False
251637,089.swc,251637|089.swc,936,D:\projectome_analysis\group_analysis\fnt\nmt_swcs\251637\089.swc,b5909c64205758c49061f29f105f9b7263177704e74bf4d6ee3c7a1a14eb78a9,HumanINS_R,main,6,542,CR_Ial,CR_lateral_agranular_insula_area,R,CR_lateral_agranular_insula_area (Right),mapped,"[190, 213, 80]",R,False,1,"[47483.1, 53278.4, 19943.5]","[189.9324, 213.11360000000002, 79.774]",current_rint_zero_center,542,CR_Ial,CR_lateral_agranular_insula_area,R,mapped,"[189, 213, 79]",False,False,542,CR_Ial,CR_lateral_agranular_insula_area,R,mapped,"[190, 213, 80]",False,False
251637,090.swc,251637|090.swc,936,D:\projectome_analysis\group_analysis\fnt\nmt_swcs\251637\090.swc,fde99a12c421d42c66f4d71e4fe6791f841531c1f7ff43dd630c6f814b260c55,HumanINS_R,main,6,542,CR_Ial,CR_lateral_agranular_insula_area,R,CR_lateral_agranular_insula_area (Right),mapped,"[190, 214, 81]",R,False,1,"[47451.2, 53398.7, 20141.8]","[189.8048, 213.5948, 80.5672]",current_rint_zero_center,542,CR_Ial,CR_lateral_agranular_insula_area,R,mapped,"[189, 213, 80]",False,False,542,CR_Ial,CR_lateral_agranular_insula_area,R,mapped,"[190, 214, 81]",False,False
251637,091.swc,251637|091.swc,936,D:\projectome_analysis\group_analysis\fnt\nmt_swcs\251637\091.swc,0eb540adc5ef408a7074b13c541f77fc745da62d4c0fb990cefb1356b12b29ba,HumanINS_R,main,6,542,CR_Ial,CR_lateral_agranular_insula_area,R,CR_lateral_agranular_insula_area (Right),mapped,"[192, 214, 86]",R,False,1,"[48006.9, 53447.4, 21453.2]","[192.0276, 213.7896, 85.81280000000001]",current_rint_zero_center,542,CR_Ial,CR_lateral_agranular_insula_area,R,mapped,"[192, 213, 85]",False,False,542,CR_Ial,CR_lateral_agranular_insula_area,R,mapped,"[192, 214, 86]",False,False
251637,092.swc,251637|092.swc,936,D:\projectome_analysis\group_analysis\fnt\nmt_swcs\251637\092.swc,fd9d18c5cdf37f0e6298505b86c42299beda2ec768d0518e688df14c067bd203,HumanINS_R,main,6,549,CR_PrCO,CR_precentral_operular_area,R,CR_precentral_operular_area (Right),mapped,"[193, 214, 86]",R,False,1,"[48208.7, 53515.8, 21473.2]","[192.8348, 214.06320000000002, 85.89280000000001]",current_rint_zero_center,542,CR_Ial,CR_lateral_agranular_insula_area,R,mapped,"[192, 214, 85]",True,False,549,CR_PrCO,CR_precentral_operular_area,R,mapped,"[193, 214, 86]",False,False
251637,093.swc,251637|093.swc,936,D:\projectome_analysis\group_analysis\fnt\nmt_swcs\251637\093.swc,ecc98657045b3761eeb0ba0cbc78c3ebacaf7774d1be57446e403231ba36e8aa,HumanINS_R,main,6,549,CR_PrCO,CR_precentral_operular_area,R,CR_precentral_operular_area (Right),mapped,"[193, 214, 86]",R,False,1,"[48218.3, 53624.0, 21574.2]","[192.87320000000003, 214.496, 86.2968]",current_rint_zero_center,542,CR_Ial,CR_lateral_agranular_insula_area,R,mapped,"[192, 214, 86]",True,False,549,CR_PrCO,CR_precentral_operular_area,R,mapped,"[193, 214, 86]",False,False
251637,094.swc,251637|094.swc,936,D:\projectome_analysis\group_analysis\fnt\nmt_swcs\251637\094.swc,2939388288c95122bc66ab4eacc54fccf1c160d6b76542a8f7169c7d9f29b889,HumanINS_R,main,6,549,CR_PrCO,CR_precentral_operular_area,R,CR_precentral_operular_area (Right),mapped,"[193, 215, 86]",R,False,1,"[48372.6, 53761.2, 21393.0]","[193.4904, 215.04479999999998, 85.572]",current_rint_zero_center,549,CR_PrCO,CR_precentral_operular_area,R,mapped,"[193, 215, 85]",False,False,549,CR_PrCO,CR_precentral_operular_area,R,mapped,"[193, 215, 86]",False,False
251637,095.swc,251637|095.swc,936,D:\projectome_analysis\group_analysis\fnt\nmt_swcs\251637\095.swc,630e023c255adee8cda0217d9ffb634879c2f6b40f11da6e4cd14bb9eebe23c2,HumanINS_R,main,6,541,CR_Iai,CR_intermediate_agranular_insula_area,R,CR_intermediate_agranular_insula_area (Right),mapped,"[187, 216, 81]",R,False,1,"[46630.6, 53984.6, 20194.0]","[186.5224, 215.9384, 80.776]",current_rint_zero_center,541,CR_Iai,CR_intermediate_agranular_insula_area,R,mapped,"[186, 215, 80]",False,False,541,CR_Iai,CR_intermediate_agranular_insula_area,R,mapped,"[187, 216, 81]",False,False
251637,096.swc,251637|096.swc,936,D:\projectome_analysis\group_analysis\fnt\nmt_swcs\251637\096.swc,86d84337dd1a3b974eff178cf5111f9b3120a1aa26c1227a745e6cc5d3c50059,HumanINS_R,main,6,728,CR_Ia/Id,CR_agranular_and_dysgranular_insula,R,CR_agranular_and_dysgranular_insula (Right),mapped,"[205, 182, 97]",R,False,1,"[51143.1, 45561.8, 24357.2]","[204.5724, 182.24720000000002, 97.42880000000001]",current_rint_zero_center,728,CR_Ia/Id,CR_agranular_and_dysgranular_insula,R,mapped,"[204, 182, 97]",False,False,728,CR_Ia/Id,CR_agranular_and_dysgranular_insula,R,mapped,"[205, 182, 97]",False,False
251637,097.swc,251637|097.swc,936,D:\projectome_analysis\group_analysis\fnt\nmt_swcs\251637\097.swc,e8f48348841c9064be6a5a0d6b6dac9d11c004ad8ab34332eae5cd70e79c1c55,HumanINS_R,main,6,728,CR_Ia/Id,CR_agranular_and_dysgranular_insula,R,CR_agranular_and_dysgranular_insula (Right),mapped,"[204, 182, 98]",R,False,1,"[51083.6, 45471.5, 24377.8]","[204.3344, 181.886, 97.5112]",current_rint_zero_center,728,CR_Ia/Id,CR_agranular_and_dysgranular_insula,R,mapped,"[204, 181, 97]",False,False,728,CR_Ia/Id,CR_agranular_and_dysgranular_insula,R,mapped,"[204, 182, 98]",False,False
251637,098.swc,251637|098.swc,936,D:\projectome_analysis\group_analysis\fnt\nmt_swcs\251637\098.swc,a8379915267ded3f9d0390a8cdfbe5f5726cb7a530cfaf73b6562db98bbff27c,HumanINS_R,main,6,728,CR_Ia/Id,CR_agranular_and_dysgranular_insula,R,CR_agranular_and_dysgranular_insula (Right),mapped,"[204, 182, 97]",R,False,1,"[51100.6, 45416.0, 24264.8]","[204.4024, 181.664, 97.0592]",current_rint_zero_center,728,CR_Ia/Id,CR_agranular_and_dysgranular_insula,R,mapped,"[204, 181, 97]",False,False,728,CR_Ia/Id,CR_agranular_and_dysgranular_insula,R,mapped,"[204, 182, 97]",False,False
251637,099.swc,251637|099.swc,936,D:\projectome_analysis\group_analysis\fnt\nmt_swcs\251637\099.swc,52fb0466759d5f62b3cacd2fb7ee9d03e1eb187395097da34ad67b251cef5291,HumanINS_R,main,6,728,CR_Ia/Id,CR_agranular_and_dysgranular_insula,R,CR_agranular_and_dysgranular_insula (Right),mapped,"[205, 181, 98]",R,False,1,"[51367.8, 45304.8, 24377.2]","[205.4712, 181.2192, 97.50880000000001]",current_rint_zero_center,728,CR_Ia/Id,CR_agranular_and_dysgranular_insula,R,mapped,"[205, 181, 97]",False,False,728,CR_Ia/Id,CR_agranular_and_dysgranular_insula,R,mapped,"[205, 181, 98]",False,False
251637,100.swc,251637|100.swc,936,D:\projectome_analysis\group_analysis\fnt\nmt_swcs\251637\100.swc,cacf622df2503442b1d07c7e74d55815d72aeac3348cef42bf1903a6675d9bab,HumanINS_R,main,6,728,CR_Ia/Id,CR_agranular_and_dysgranular_insula,R,CR_agranular_and_dysgranular_insula (Right),mapped,"[206, 181, 98]",R,False,1,"[51444.7, 45150.2, 24453.2]","[205.7788, 180.6008, 97.81280000000001]",current_rint_zero_center,728,CR_Ia/Id,CR_agranular_and_dysgranular_insula,R,mapped,"[205, 180, 97]",False,False,728,CR_Ia/Id,CR_agranular_and_dysgranular_insula,R,mapped,"[206, 181, 98]",False,False
251637,101.swc,251637|101.swc,936,D:\projectome_analysis\group_analysis\fnt\nmt_swcs\251637\101.swc,b2bab6e8071ef5ae23f078b9829a885047db119fb23ee9abe5e0edd84e3c949d,HumanINS_R,main,6,728,CR_Ia/Id,CR_agranular_and_dysgranular_insula,R,CR_agranular_and_dysgranular_insula (Right),mapped,"[206, 180, 97]",R,False,1,"[51582.9, 45063.8, 24272.0]","[206.3316, 180.2552, 97.088]",current_rint_zero_center,728,CR_Ia/Id,CR_agranular_and_dysgranular_insula,R,mapped,"[206, 180, 97]",False,False,728,CR_Ia/Id,CR_agranular_and_dysgranular_insula,R,mapped,"[206, 180, 97]",False,False
251637,102.swc,251637|102.swc,936,D:\projectome_analysis\group_analysis\fnt\nmt_swcs\251637\102.swc,eb39e0555c0faa65580b513af80383da945096d81b969894ccc31739361af9e4,HumanINS_R,main,6,728,CR_Ia/Id,CR_agranular_and_dysgranular_insula,R,CR_agranular_and_dysgranular_insula (Right),mapped,"[206, 180, 97]",R,False,1,"[51545.8, 44968.0, 24196.0]","[206.1832, 179.872, 96.784]",current_rint_zero_center,728,CR_Ia/Id,CR_agranular_and_dysgranular_insula,R,mapped,"[206, 179, 96]",False,False,728,CR_Ia/Id,CR_agranular_and_dysgranular_insula,R,mapped,"[206, 180, 97]",False,False
251637,103.swc,251637|103.swc,936,D:\projectome_analysis\group_analysis\fnt\nmt_swcs\251637\103.swc,bfb98fa71736dd578b95c10d7a4b20d52899191f1b31cfac8bee24b1eac7fef7,HumanINS_R,main,6,728,CR_Ia/Id,CR_agranular_and_dysgranular_insula,R,CR_agranular_and_dysgranular_insula (Right),mapped,"[207, 179, 97]",R,False,1,"[51650.4, 44775.5, 24256.0]","[206.60160000000002, 179.102, 97.024]",current_rint_zero_center,728,CR_Ia/Id,CR_agranular_and_dysgranular_insula,R,mapped,"[206, 179, 97]",False,False,728,CR_Ia/Id,CR_agranular_and_dysgranular_insula,R,mapped,"[207, 179, 97]",False,False
251637,104.swc,251637|104.swc,936,D:\projectome_analysis\group_analysis\fnt\nmt_swcs\251637\104.swc,bfa50029a62330ed9dcebb191f51ef77ff3c9fe2947173c1d59239e14fcd419f,HumanINS_R,main,6,728,CR_Ia/Id,CR_agranular_and_dysgranular_insula,R,CR_agranular_and_dysgranular_insula (Right),mapped,"[206, 178, 98]",R,False,1,"[51459.6, 44587.2, 24382.0]","[205.8384, 178.34879999999998, 97.528]",current_rint_zero_center,728,CR_Ia/Id,CR_agranular_and_dysgranular_insula,R,mapped,"[205, 178, 97]",False,False,728,CR_Ia/Id,CR_agranular_and_dysgranular_insula,R,mapped,"[206, 178, 98]",False,False
251637,105.swc,251637|105.swc,936,D:\projectome_analysis\group_analysis\fnt\nmt_swcs\251637\105.swc,6f73df0ea2c81fd251352a5b54d43c137921dac62c1639911f5c52d1cf15257f,HumanINS_R,main,6,728,CR_Ia/Id,CR_agranular_and_dysgranular_insula,R,CR_agranular_and_dysgranular_insula (Right),mapped,"[208, 182, 99]",R,False,1,"[52102.4, 45423.5, 24667.5]","[208.4096, 181.694, 98.67]",current_rint_zero_center,728,CR_Ia/Id,CR_agranular_and_dysgranular_insula,R,mapped,"[208, 181, 98]",False,False,728,CR_Ia/Id,CR_agranular_and_dysgranular_insula,R,mapped,"[208, 182, 99]",False,False
251637,106.swc,251637|106.swc,936,D:\projectome_analysis\group_analysis\fnt\nmt_swcs\251637\106.swc,1c2290894fcda7990a7b3b6a9ff2fb463d2588a4340cd680ee703e99237dbf42,HumanINS_R,main,6,728,CR_Ia/Id,CR_agranular_and_dysgranular_insula,R,CR_agranular_and_dysgranular_insula (Right),mapped,"[208, 181, 97]",R,False,1,"[51994.3, 45305.2, 24281.2]","[207.9772, 181.2208, 97.12480000000001]",current_rint_zero_center,728,CR_Ia/Id,CR_agranular_and_dysgranular_insula,R,mapped,"[207, 181, 97]",False,False,728,CR_Ia/Id,CR_agranular_and_dysgranular_insula,R,mapped,"[208, 181, 97]",False,False
251637,107.swc,251637|107.swc,936,D:\projectome_analysis\group_analysis\fnt\nmt_swcs\251637\107.swc,feee3bd9df08a09ec3578afa87b35ccc567b656d16e01abc12d70c6090d9f93f,HumanINS_R,main,6,728,CR_Ia/Id,CR_agranular_and_dysgranular_insula,R,CR_agranular_and_dysgranular_insula (Right),mapped,"[208, 181, 98]",R,False,1,"[52121.7, 45194.5, 24390.8]","[208.4868, 180.778, 97.5632]",current_rint_zero_center,728,CR_Ia/Id,CR_agranular_and_dysgranular_insula,R,mapped,"[208, 180, 97]",False,False,728,CR_Ia/Id,CR_agranular_and_dysgranular_insula,R,mapped,"[208, 181, 98]",False,False
251637,108.swc,251637|108.swc,936,D:\projectome_analysis\group_analysis\fnt\nmt_swcs\251637\108.swc,898b5aa25393bbd43eccf29c21d4f3d741d0f6a2f09d88c5b533a836af731e94,HumanINS_R,main,6,728,CR_Ia/Id,CR_agranular_and_dysgranular_insula,R,CR_agranular_and_dysgranular_insula (Right),mapped,"[209, 180, 98]",R,False,1,"[52134.8, 44957.2, 24464.2]","[208.53920000000002, 179.8288, 97.8568]",current_rint_zero_center,728,CR_Ia/Id,CR_agranular_and_dysgranular_insula,R,mapped,"[208, 179, 97]",False,False,728,CR_Ia/Id,CR_agranular_and_dysgranular_insula,R,mapped,"[209, 180, 98]",False,False
251637,109.swc,251637|109.swc,936,D:\projectome_analysis\group_analysis\fnt\nmt_swcs\251637\109.swc,e03f574f121d7c2e028ba36a7a9372f18806e89b7181e33cb1bfd65ca4bad6a0,HumanINS_R,main,6,728,CR_Ia/Id,CR_agranular_and_dysgranular_insula,R,CR_agranular_and_dysgranular_insula (Right),mapped,"[209, 179, 98]",R,False,1,"[52221.2, 44867.5, 24409.2]","[208.88479999999998, 179.47, 97.63680000000001]",current_rint_zero_center,728,CR_Ia/Id,CR_agranular_and_dysgranular_insula,R,mapped,"[208, 179, 97]",False,False,728,CR_Ia/Id,CR_agranular_and_dysgranular_insula,R,mapped,"[209, 179, 98]",False,False
251637,110.swc,251637|110.swc,936,D:\projectome_analysis\group_analysis\fnt\nmt_swcs\251637\110.swc,fd9c61f1e1358a98e821be71366be042a8701ed966d6ea8a60a330de7d59284f,HumanINS_R,main,6,728,CR_Ia/Id,CR_agranular_and_dysgranular_insula,R,CR_agranular_and_dysgranular_insula (Right),mapped,"[208, 179, 98]",R,False,1,"[52071.5, 44790.8, 24461.5]","[208.286, 179.16320000000002, 97.846]",current_rint_zero_center,728,CR_Ia/Id,CR_agranular_and_dysgranular_insula,R,mapped,"[208, 179, 97]",False,False,728,CR_Ia/Id,CR_agranular_and_dysgranular_insula,R,mapped,"[208, 179, 98]",False,False
251637,111.swc,251637|111.swc,936,D:\projectome_analysis\group_analysis\fnt\nmt_swcs\251637\111.swc,e01f9ae09fade469708a9ed5f113cd21f4d9c17f392799f1353f5f0b5952c5d3,HumanINS_R,main,6,728,CR_Ia/Id,CR_agranular_and_dysgranular_insula,R,CR_agranular_and_dysgranular_insula (Right),mapped,"[209, 179, 97]",R,False,1,"[52322.2, 44822.0, 24352.8]","[209.28879999999998, 179.288, 97.4112]",current_rint_zero_center,728,CR_Ia/Id,CR_agranular_and_dysgranular_insula,R,mapped,"[209, 179, 97]",False,False,728,CR_Ia/Id,CR_agranular_and_dysgranular_insula,R,mapped,"[209, 179, 97]",False,False
251637,112.swc,251637|112.swc,936,D:\projectome_analysis\group_analysis\fnt\nmt_swcs\251637\112.swc,418ff7b32448e71023321672218339b5a6dc37dfc1442f559ecf611362fc9bac,HumanINS_R,main,6,0,,Atlas background,R,Atlas background (Right),zero_unassigned,"[212, 178, 96]",Unknown,False,1,"[52884.6, 44606.5, 23885.0]","[211.5384, 178.426, 95.54]",current_rint_zero_center,728,CR_Ia/Id,CR_agranular_and_dysgranular_insula,R,mapped,"[211, 178, 95]",True,False,0,,Atlas background,R,zero_unassigned,"[212, 178, 96]",False,False
251637,113.swc,251637|113.swc,936,D:\projectome_analysis\group_analysis\fnt\nmt_swcs\251637\113.swc,8b4b725e5888a9125eeb72c3e4f8bdc1fa9f0d739590ed1e9762428f4be2a969,HumanINS_R,main,6,728,CR_Ia/Id,CR_agranular_and_dysgranular_insula,R,CR_agranular_and_dysgranular_insula (Right),mapped,"[210, 180, 97]",R,False,1,"[52489.2, 45074.0, 24330.0]","[209.9568, 180.296, 97.32]",current_rint_zero_center,728,CR_Ia/Id,CR_agranular_and_dysgranular_insula,R,mapped,"[209, 180, 97]",False,False,728,CR_Ia/Id,CR_agranular_and_dysgranular_insula,R,mapped,"[210, 180, 97]",False,False
251637,114.swc,251637|114.swc,936,D:\projectome_analysis\group_analysis\fnt\nmt_swcs\251637\114.swc,7beb8f314de649c6d310d7ec042b039ceeca197f456fe6f6384cac16856e2213,HumanINS_R,main,6,0,,Atlas background,R,Atlas background (Right),zero_unassigned,"[210, 185, 98]",Unknown,False,1,"[52381.1, 46318.2, 24436.0]","[209.52439999999999, 185.2728, 97.744]",current_rint_zero_center,728,CR_Ia/Id,CR_agranular_and_dysgranular_insula,R,mapped,"[209, 185, 97]",True,False,0,,Atlas background,R,zero_unassigned,"[210, 185, 98]",False,False
251637,115.swc,251637|115.swc,936,D:\projectome_analysis\main_scripts\processed_neurons\251637\115.swc,3861a0a0381a10d8059a46362798aff0798eccac1cce11d82f728604911503f2,Candidate_R,main,6,0,,Atlas background,R,Atlas background (Right),zero_unassigned,"[211, 186, 97]",Unknown,False,1,"[52628.5, 46522.5, 24175.2]","[210.514, 186.09, 96.7008]",current_rint_zero_center,728,CR_Ia/Id,CR_agranular_and_dysgranular_insula,R,mapped,"[210, 186, 96]",True,False,0,,Atlas background,R,zero_unassigned,"[211, 186, 97]",False,False
251637,116.swc,251637|116.swc,936,D:\projectome_analysis\group_analysis\fnt\nmt_swcs\251637\116.swc,db24737ab012e72740218a00e298acbd571609e8612eba7c100ab7060abf330a,HumanINS_R,main,6,728,CR_Ia/Id,CR_agranular_and_dysgranular_insula,R,CR_agranular_and_dysgranular_insula (Right),mapped,"[211, 186, 95]",R,False,1,"[52856.9, 46500.8, 23804.5]","[211.4276, 186.00320000000002, 95.218]",current_rint_zero_center,728,CR_Ia/Id,CR_agranular_and_dysgranular_insula,R,mapped,"[211, 186, 95]",False,False,728,CR_Ia/Id,CR_agranular_and_dysgranular_insula,R,mapped,"[211, 186, 95]",False,False
251637,117.swc,251637|117.swc,936,D:\projectome_analysis\group_analysis\fnt\nmt_swcs\251637\117.swc,11951c5c43e94c99aaf019b173bacf138e89e79d203c896500ad9f9d7959d5ba,HumanINS_R,main,6,728,CR_Ia/Id,CR_agranular_and_dysgranular_insula,R,CR_agranular_and_dysgranular_insula (Right),mapped,"[209, 185, 95]",R,False,1,"[52291.0, 46229.5, 23790.0]","[209.164, 184.918, 95.16]",current_rint_zero_center,728,CR_Ia/Id,CR_agranular_and_dysgranular_insula,R,mapped,"[209, 184, 95]",False,False,728,CR_Ia/Id,CR_agranular_and_dysgranular_insula,R,mapped,"[209, 185, 95]",False,False
251637,118.swc,251637|118.swc,936,D:\projectome_analysis\group_analysis\fnt\nmt_swcs\251637\118.swc,0714094fe6f8a4b8c57a2bce2fe6460fd85c609b521a38876b43892f5b912841,HumanINS_R,main,6,728,CR_Ia/Id,CR_agranular_and_dysgranular_insula,R,CR_agranular_and_dysgranular_insula (Right),mapped,"[208, 185, 95]",R,False,1,"[52066.4, 46145.5, 23765.8]","[208.2656, 184.582, 95.0632]",current_rint_zero_center,728,CR_Ia/Id,CR_agranular_and_dysgranular_insula,R,mapped,"[208, 184, 95]",False,False,728,CR_Ia/Id,CR_agranular_and_dysgranular_insula,R,mapped,"[208, 185, 95]",False,False
251637,119.swc,251637|119.swc,936,D:\projectome_analysis\group_analysis\fnt\nmt_swcs\251637\119.swc,9f3bba8be6575444f5e818007e034701906e2c9cfaab791cb5c71b04c314a2af,HumanINS_R,main,6,728,CR_Ia/Id,CR_agranular_and_dysgranular_insula,R,CR_agranular_and_dysgranular_insula (Right),mapped,"[209, 184, 95]",R,False,1,"[52316.9, 46027.8, 23652.2]","[209.26760000000002, 184.11120000000003, 94.6088]",current_rint_zero_center,728,CR_Ia/Id,CR_agranular_and_dysgranular_insula,R,mapped,"[209, 184, 94]",False,False,728,CR_Ia/Id,CR_agranular_and_dysgranular_insula,R,mapped,"[209, 184, 95]",False,False
251637,120.swc,251637|120.swc,936,D:\projectome_analysis\group_analysis\fnt\nmt_swcs\251637\120.swc,338bcc5f1641798455353744093e3cd728ee33253a556b006225f9510f418382,HumanINS_R,main,6,728,CR_Ia/Id,CR_agranular_and_dysgranular_insula,R,CR_agranular_and_dysgranular_insula (Right),mapped,"[210, 186, 94]",R,False,1,"[52583.8, 46396.8, 23483.2]","[210.33520000000001, 185.58720000000002, 93.9328]",current_rint_zero_center,728,CR_Ia/Id,CR_agranular_and_dysgranular_insula,R,mapped,"[210, 185, 93]",False,False,728,CR_Ia/Id,CR_agranular_and_dysgranular_insula,R,mapped,"[210, 186, 94]",False,False
251637,121.swc,251637|121.swc,936,D:\projectome_analysis\group_analysis\fnt\nmt_swcs\251637\121.swc,58a3061f984aa51166fe18a99b764cefac770726f02b4ae5b2fe44d4522ec10b,HumanINS_R,main,6,728,CR_Ia/Id,CR_agranular_and_dysgranular_insula,R,CR_agranular_and_dysgranular_insula (Right),mapped,"[211, 186, 93]",R,False,1,"[52752.9, 46497.0, 23239.0]","[211.01160000000002, 185.988, 92.956]",current_rint_zero_center,728,CR_Ia/Id,CR_agranular_and_dysgranular_insula,R,mapped,"[211, 185, 92]",False,False,728,CR_Ia/Id,CR_agranular_and_dysgranular_insula,R,mapped,"[211, 186, 93]",False,False
251637,122.swc,251637|122.swc,936,D:\projectome_analysis\group_analysis\fnt\nmt_swcs\251637\122.swc,b4a9f6b6a719afa7c6bda172db4418a561eaa63056099c281e3cf9d4d29a6ec8,HumanINS_R,main,6,728,CR_Ia/Id,CR_agranular_and_dysgranular_insula,R,CR_agranular_and_dysgranular_insula (Right),mapped,"[210, 182, 95]",R,False,1,"[52519.0, 45578.0, 23722.2]","[210.076, 182.312, 94.8888]",current_rint_zero_center,728,CR_Ia/Id,CR_agranular_and_dysgranular_insula,R,mapped,"[210, 182, 94]",False,False,728,CR_Ia/Id,CR_agranular_and_dysgranular_insula,R,mapped,"[210, 182, 95]",False,False
251637,123.swc,251637|123.swc,936,D:\projectome_analysis\group_analysis\fnt\nmt_swcs\251637\123.swc,c1db3425c99333c54aabdb23c696e6a0b92d05a44fa355979daeb7a96da99fe5,HumanINS_R,main,6,728,CR_Ia/Id,CR_agranular_and_dysgranular_insula,R,CR_agranular_and_dysgranular_insula (Right),mapped,"[209, 183, 94]",R,False,1,"[52348.9, 45647.8, 23569.5]","[209.3956, 182.59120000000001, 94.278]",current_rint_zero_center,728,CR_Ia/Id,CR_agranular_and_dysgranular_insula,R,mapped,"[209, 182, 94]",False,False,728,CR_Ia/Id,CR_agranular_and_dysgranular_insula,R,mapped,"[209, 183, 94]",False,False
251637,124.swc,251637|124.swc,936,D:\projectome_analysis\group_analysis\fnt\nmt_swcs\251637\124.swc,096c74325222baaffb18b55857eb04a58a67df028e203420947aa895ed5a90bb,HumanINS_R,main,6,728,CR_Ia/Id,CR_agranular_and_dysgranular_insula,R,CR_agranular_and_dysgranular_insula (Right),mapped,"[209, 182, 94]",R,False,1,"[52266.4, 45590.5, 23395.0]","[209.06560000000002, 182.362, 93.58]",current_rint_zero_center,728,CR_Ia/Id,CR_agranular_and_dysgranular_insula,R,mapped,"[209, 182, 93]",False,False,728,CR_Ia/Id,CR_agranular_and_dysgranular_insula,R,mapped,"[209, 182, 94]",False,False
251637,125.swc,251637|125.swc,936,D:\projectome_analysis\group_analysis\fnt\nmt_swcs\251637\125.swc,5a22786af62aa31397d89728ffc7ea05967eb6c7e064134c28bd609ec6c7eb99,HumanINS_R,main,6,728,CR_Ia/Id,CR_agranular_and_dysgranular_insula,R,CR_agranular_and_dysgranular_insula (Right),mapped,"[209, 182, 94]",R,False,1,"[52306.3, 45375.2, 23504.5]","[209.2252, 181.5008, 94.018]",current_rint_zero_center,728,CR_Ia/Id,CR_agranular_and_dysgranular_insula,R,mapped,"[209, 181, 94]",False,False,728,CR_Ia/Id,CR_agranular_and_dysgranular_insula,R,mapped,"[209, 182, 94]",False,False
251637,126.swc,251637|126.swc,936,D:\projectome_analysis\group_analysis\fnt\nmt_swcs\251637\126.swc,e0a051609257126e0fd9c2881351722b43f80f4acbd545bfdb0d59aabb1c2d42,HumanINS_R,main,6,728,CR_Ia/Id,CR_agranular_and_dysgranular_insula,R,CR_agranular_and_dysgranular_insula (Right),mapped,"[210, 180, 94]",R,False,1,"[52494.1, 45122.5, 23585.2]","[209.97639999999998, 180.49, 94.3408]",current_rint_zero_center,728,CR_Ia/Id,CR_agranular_and_dysgranular_insula,R,mapped,"[209, 180, 94]",False,False,728,CR_Ia/Id,CR_agranular_and_dysgranular_insula,R,mapped,"[210, 180, 94]",False,False
251637,127.swc,251637|127.swc,936,D:\projectome_analysis\group_analysis\fnt\nmt_swcs\251637\127.swc,0448728ee7bf360093267c62515bc93be30fc45a4ff2aca189d97b03036e2e3b,HumanINS_R,main,6,728,CR_Ia/Id,CR_agranular_and_dysgranular_insula,R,CR_agranular_and_dysgranular_insula (Right),mapped,"[208, 183, 97]",R,False,1,"[52021.2, 45834.2, 24341.0]","[208.0848, 183.33679999999998, 97.364]",current_rint_zero_center,728,CR_Ia/Id,CR_agranular_and_dysgranular_insula,R,mapped,"[208, 183, 97]",False,False,728,CR_Ia/Id,CR_agranular_and_dysgranular_insula,R,mapped,"[208, 183, 97]",False,False
251637,128.swc,251637|128.swc,936,D:\projectome_analysis\group_analysis\fnt\nmt_swcs\251637\128.swc,fde855b4b559df80539493872e48b5f3820813aca20f93f49ef0bc44a3c8cebd,HumanINS_R,main,6,728,CR_Ia/Id,CR_agranular_and_dysgranular_insula,R,CR_agranular_and_dysgranular_insula (Right),mapped,"[207, 184, 97]",R,False,1,"[51733.1, 45898.5, 24371.5]","[206.9324, 183.594, 97.486]",current_rint_zero_center,728,CR_Ia/Id,CR_agranular_and_dysgranular_insula,R,mapped,"[206, 183, 97]",False,False,728,CR_Ia/Id,CR_agranular_and_dysgranular_insula,R,mapped,"[207, 184, 97]",False,False
251637,129.swc,251637|129.swc,936,D:\projectome_analysis\group_analysis\fnt\nmt_swcs\251637\129.swc,b27ace13139665b1a6f4b661fab414d51ffca6052144ab94760b0294b156ad84,HumanINS_R,main,6,728,CR_Ia/Id,CR_agranular_and_dysgranular_insula,R,CR_agranular_and_dysgranular_insula (Right),mapped,"[208, 185, 97]",R,False,1,"[52046.2, 46159.8, 24227.8]","[208.1848, 184.63920000000002, 96.9112]",current_rint_zero_center,728,CR_Ia/Id,CR_agranular_and_dysgranular_insula,R,mapped,"[208, 184, 96]",False,False,728,CR_Ia/Id,CR_agranular_and_dysgranular_insula,R,mapped,"[208, 185, 97]",False,False
251637,130.swc,251637|130.swc,936,D:\projectome_analysis\group_analysis\fnt\nmt_swcs\251637\130.swc,59988b8ddaaa01e015173df4c22b0be7db2114d6c397eb0f46a30cb903cb8791,HumanINS_R,main,6,728,CR_Ia/Id,CR_agranular_and_dysgranular_insula,R,CR_agranular_and_dysgranular_insula (Right),mapped,"[208, 185, 98]",R,False,1,"[51947.7, 46277.8, 24516.2]","[207.7908, 185.11120000000003, 98.0648]",current_rint_zero_center,728,CR_Ia/Id,CR_agranular_and_dysgranular_insula,R,mapped,"[207, 185, 98]",False,False,728,CR_Ia/Id,CR_agranular_and_dysgranular_insula,R,mapped,"[208, 185, 98]",False,False
251637,131.swc,251637|131.swc,936,D:\projectome_analysis\group_analysis\fnt\nmt_swcs\251637\131.swc,dc6ec2616515e2e9412f51fe262f15bd0e9080296634df44f3c6d057170bf959,HumanINS_R,main,6,728,CR_Ia/Id,CR_agranular_and_dysgranular_insula,R,CR_agranular_and_dysgranular_insula (Right),mapped,"[206, 185, 96]",R,False,1,"[51606.8, 46132.8, 24045.8]","[206.4272, 184.5312, 96.1832]",current_rint_zero_center,728,CR_Ia/Id,CR_agranular_and_dysgranular_insula,R,mapped,"[206, 184, 96]",False,False,728,CR_Ia/Id,CR_agranular_and_dysgranular_insula,R,mapped,"[206, 185, 96]",False,False
251637,132.swc,251637|132.swc,936,D:\projectome_analysis\group_analysis\fnt\nmt_swcs\251637\132.swc,af71ed87984208758139ef399d323fa6d07847149a9af47fa507a33b1136db96,HumanINS_R,main,6,728,CR_Ia/Id,CR_agranular_and_dysgranular_insula,R,CR_agranular_and_dysgranular_insula (Right),mapped,"[206, 184, 96]",R,False,1,"[51501.8, 46087.0, 23975.0]","[206.0072, 184.348, 95.9]",current_rint_zero_center,728,CR_Ia/Id,CR_agranular_and_dysgranular_insula,R,mapped,"[206, 184, 95]",False,False,728,CR_Ia/Id,CR_agranular_and_dysgranular_insula,R,mapped,"[206, 184, 96]",False,False
251637,133.swc,251637|133.swc,936,D:\projectome_analysis\group_analysis\fnt\nmt_swcs\251637\133.swc,e2f781fbd44f351bc830d5b76d9d4d69ea79e7681c74d3575bd223bd22213077,HumanINS_R,main,6,728,CR_Ia/Id,CR_agranular_and_dysgranular_insula,R,CR_agranular_and_dysgranular_insula (Right),mapped,"[205, 184, 95]",R,False,1,"[51313.5, 46055.5, 23690.8]","[205.254, 184.222, 94.7632]",current_rint_zero_center,728,CR_Ia/Id,CR_agranular_and_dysgranular_insula,R,mapped,"[205, 184, 94]",False,False,728,CR_Ia/Id,CR_agranular_and_dysgranular_insula,R,mapped,"[205, 184, 95]",False,False
251637,134.swc,251637|134.swc,936,D:\projectome_analysis\group_analysis\fnt\nmt_swcs\251637\134.swc,227b1a31939cac36a0b76ece999a36d894a3b464968660509e031ec99be518cc,HumanINS_R,main,6,728,CR_Ia/Id,CR_agranular_and_dysgranular_insula,R,CR_agranular_and_dysgranular_insula (Right),mapped,"[206, 183, 95]",R,False,1,"[51617.1, 45867.2, 23815.5]","[206.4684, 183.4688, 95.262]",current_rint_zero_center,728,CR_Ia/Id,CR_agranular_and_dysgranular_insula,R,mapped,"[206, 183, 95]",False,False,728,CR_Ia/Id,CR_agranular_and_dysgranular_insula,R,mapped,"[206, 183, 95]",False,False
251637,135.swc,251637|135.swc,936,D:\projectome_analysis\group_analysis\fnt\nmt_swcs\251637\135.swc,5e4dfd6d6c1a39d87fc4d70b5ae82cc880d77dfa6439b1a8b44015f5f9c350a1,HumanINS_R,main,6,728,CR_Ia/Id,CR_agranular_and_dysgranular_insula,R,CR_agranular_and_dysgranular_insula (Right),mapped,"[204, 183, 96]",R,False,1,"[50979.6, 45635.5, 23953.2]","[203.9184, 182.542, 95.81280000000001]",current_rint_zero_center,728,CR_Ia/Id,CR_agranular_and_dysgranular_insula,R,mapped,"[203, 182, 95]",False,False,728,CR_Ia/Id,CR_agranular_and_dysgranular_insula,R,mapped,"[204, 183, 96]",False,False
251637,136.swc,251637|136.swc,936,D:\projectome_analysis\group_analysis\fnt\nmt_swcs\251637\136.swc,da754ec485003e395b90e237c33d99131936212113282d01ab3cf52a6d595f36,HumanINS_R,main,6,728,CR_Ia/Id,CR_agranular_and_dysgranular_insula,R,CR_agranular_and_dysgranular_insula (Right),mapped,"[203, 183, 96]",R,False,1,"[50800.7, 45800.5, 24068.2]","[203.2028, 183.202, 96.2728]",current_rint_zero_center,728,CR_Ia/Id,CR_agranular_and_dysgranular_insula,R,mapped,"[203, 183, 96]",False,False,728,CR_Ia/Id,CR_agranular_and_dysgranular_insula,R,mapped,"[203, 183, 96]",False,False
251637,137.swc,251637|137.swc,936,D:\projectome_analysis\group_analysis\fnt\nmt_swcs\251637\137.swc,a2f67d16535dc64c92b1ab45e8acc6ca3636d4d6cbb6441396f61dc0d0221c9f,HumanINS_R,main,6,728,CR_Ia/Id,CR_agranular_and_dysgranular_insula,R,CR_agranular_and_dysgranular_insula (Right),mapped,"[204, 180, 94]",R,False,1,"[51098.4, 45004.5, 23490.8]","[204.3936, 180.018, 93.9632]",current_rint_zero_center,728,CR_Ia/Id,CR_agranular_and_dysgranular_insula,R,mapped,"[204, 180, 93]",False,False,728,CR_Ia/Id,CR_agranular_and_dysgranular_insula,R,mapped,"[204, 180, 94]",False,False
251637,138.swc,251637|138.swc,936,D:\projectome_analysis\group_analysis\fnt\nmt_swcs\251637\138.swc,971032e70ca559259cb36690e2f1a185abba776a74ace7cb5c7c4ff32069beb4,HumanINS_R,main,6,728,CR_Ia/Id,CR_agranular_and_dysgranular_insula,R,CR_agranular_and_dysgranular_insula (Right),mapped,"[206, 179, 94]",R,False,1,"[51526.4, 44834.2, 23551.5]","[206.1056, 179.33679999999998, 94.206]",current_rint_zero_center,728,CR_Ia/Id,CR_agranular_and_dysgranular_insula,R,mapped,"[206, 179, 94]",False,False,728,CR_Ia/Id,CR_agranular_and_dysgranular_insula,R,mapped,"[206, 179, 94]",False,False
251637,139.swc,251637|139.swc,936,D:\projectome_analysis\group_analysis\fnt\nmt_swcs\251637\139.swc,9b762e548665343da7eca7c0a2ef92393b422326975aa6a3e17557afdbac86d2,HumanINS_R,main,6,728,CR_Ia/Id,CR_agranular_and_dysgranular_insula,R,CR_agranular_and_dysgranular_insula (Right),mapped,"[205, 179, 96]",R,False,1,"[51372.8, 44798.8, 23881.2]","[205.49120000000002, 179.1952, 95.5248]",current_rint_zero_center,728,CR_Ia/Id,CR_agranular_and_dysgranular_insula,R,mapped,"[205, 179, 95]",False,False,728,CR_Ia/Id,CR_agranular_and_dysgranular_insula,R,mapped,"[205, 179, 96]",False,False
251637,140.swc,251637|140.swc,936,D:\projectome_analysis\group_analysis\fnt\nmt_swcs\251637\140.swc,6c2053d4e750ffe536bcfd83475ff64b686b43b6bec3ce724fd6c1dc149fe2db,HumanINS_R,main,6,728,CR_Ia/Id,CR_agranular_and_dysgranular_insula,R,CR_agranular_and_dysgranular_insula (Right),mapped,"[204, 179, 96]",R,False,1,"[51083.2, 44779.0, 23991.8]","[204.3328, 179.116, 95.96719999999999]",current_rint_zero_center,728,CR_Ia/Id,CR_agranular_and_dysgranular_insula,R,mapped,"[204, 179, 95]",False,False,728,CR_Ia/Id,CR_agranular_and_dysgranular_insula,R,mapped,"[204, 179, 96]",False,False
251637,141.swc,251637|141.swc,936,D:\projectome_analysis\group_analysis\fnt\nmt_swcs\251637\141.swc,56d6210ddc8dbc8b27661cc68f9308a9007f1726573ea47eaf36908a89963f01,HumanINS_R,main,6,728,CR_Ia/Id,CR_agranular_and_dysgranular_insula,R,CR_agranular_and_dysgranular_insula (Right),mapped,"[206, 181, 99]",R,False,1,"[51465.5, 45371.2, 24793.8]","[205.862, 181.48479999999998, 99.1752]",current_rint_zero_center,728,CR_Ia/Id,CR_agranular_and_dysgranular_insula,R,mapped,"[205, 181, 99]",False,False,728,CR_Ia/Id,CR_agranular_and_dysgranular_insula,R,mapped,"[206, 181, 99]",False,False
251637,142.swc,251637|142.swc,936,D:\projectome_analysis\group_analysis\fnt\nmt_swcs\251637\142.swc,ba04fb50c4e5cf6cf50757a45b864058f59c1d31c3202c172aa67238e8b5144d,HumanINS_R,main,6,728,CR_Ia/Id,CR_agranular_and_dysgranular_insula,R,CR_agranular_and_dysgranular_insula (Right),mapped,"[206, 183, 98]",R,False,1,"[51596.2, 45776.2, 24601.5]","[206.38479999999998, 183.10479999999998, 98.406]",current_rint_zero_center,728,CR_Ia/Id,CR_agranular_and_dysgranular_insula,R,mapped,"[206, 183, 98]",False,False,728,CR_Ia/Id,CR_agranular_and_dysgranular_insula,R,mapped,"[206, 183, 98]",False,False
251637,143.swc,251637|143.swc,936,D:\projectome_analysis\group_analysis\fnt\nmt_swcs\251637\143.swc,6bc52fb367190965f4dde07b71fed358ed64f8c6f4485b68ac42f8eb7d606274,HumanINS_R,main,6,728,CR_Ia/Id,CR_agranular_and_dysgranular_insula,R,CR_agranular_and_dysgranular_insula (Right),mapped,"[207, 184, 99]",R,False,1,"[51752.9, 46117.0, 24796.8]","[207.01160000000002, 184.468, 99.18719999999999]",current_rint_zero_center,728,CR_Ia/Id,CR_agranular_and_dysgranular_insula,R,mapped,"[207, 184, 99]",False,False,728,CR_Ia/Id,CR_agranular_and_dysgranular_insula,R,mapped,"[207, 184, 99]",False,False
251637,144.swc,251637|144.swc,936,D:\projectome_analysis\group_analysis\fnt\nmt_swcs\251637\144.swc,d16318da9c7314a22b72c0d084acd908ef294be424c8b83c869ea127de64028f,HumanINS_R,main,6,728,CR_Ia/Id,CR_agranular_and_dysgranular_insula,R,CR_agranular_and_dysgranular_insula (Right),mapped,"[205, 185, 98]",R,False,1,"[51162.3, 46224.2, 24551.0]","[204.6492, 184.89679999999998, 98.204]",current_rint_zero_center,728,CR_Ia/Id,CR_agranular_and_dysgranular_insula,R,mapped,"[204, 184, 98]",False,False,728,CR_Ia/Id,CR_agranular_and_dysgranular_insula,R,mapped,"[205, 185, 98]",False,False
251637,145.swc,251637|145.swc,936,D:\projectome_analysis\group_analysis\fnt\nmt_swcs\251637\145.swc,3c490dbbfd11550fc792c87de1b8ea6d74874638617f4a5a88a8ad2ec8d5545c,HumanINS_R,main,6,728,CR_Ia/Id,CR_agranular_and_dysgranular_insula,R,CR_agranular_and_dysgranular_insula (Right),mapped,"[207, 184, 98]",R,False,1,"[51707.0, 46032.5, 24526.0]","[206.828, 184.13, 98.104]",current_rint_zero_center,728,CR_Ia/Id,CR_agranular_and_dysgranular_insula,R,mapped,"[206, 184, 98]",False,False,728,CR_Ia/Id,CR_agranular_and_dysgranular_insula,R,mapped,"[207, 184, 98]",False,False
251637,146.swc,251637|146.swc,936,D:\projectome_analysis\group_analysis\fnt\nmt_swcs\251637\146.swc,8da00b36990a15cbaebf42b2af7e3b4943a20b2481d66a148313b56f84965433,HumanINS_R,main,6,728,CR_Ia/Id,CR_agranular_and_dysgranular_insula,R,CR_agranular_and_dysgranular_insula (Right),mapped,"[212, 182, 93]",R,False,1,"[52969.4, 45443.0, 23348.8]","[211.8776, 181.772, 93.3952]",current_rint_zero_center,728,CR_Ia/Id,CR_agranular_and_dysgranular_insula,R,mapped,"[211, 181, 93]",False,False,728,CR_Ia/Id,CR_agranular_and_dysgranular_insula,R,mapped,"[212, 182, 93]",False,False
251637,147.swc,251637|147.swc,936,D:\projectome_analysis\group_analysis\fnt\nmt_swcs\251637\147.swc,a3e87472d79e3a5c97cc08d6093b87e45059ff708c4a48c4456286646a17cd41,HumanINS_R,main,6,728,CR_Ia/Id,CR_agranular_and_dysgranular_insula,R,CR_agranular_and_dysgranular_insula (Right),mapped,"[212, 182, 93]",R,False,1,"[53003.4, 45604.2, 23175.2]","[212.0136, 182.4168, 92.7008]",current_rint_zero_center,728,CR_Ia/Id,CR_agranular_and_dysgranular_insula,R,mapped,"[212, 182, 92]",False,False,728,CR_Ia/Id,CR_agranular_and_dysgranular_insula,R,mapped,"[212, 182, 93]",False,False
251637,148.swc,251637|148.swc,936,D:\projectome_analysis\group_analysis\fnt\nmt_swcs\251637\148.swc,84c6aa0716c1f0d803d1572aa69b6dcd1a13e59acbbfa97efbd501248567b0b6,HumanINS_R,main,6,728,CR_Ia/Id,CR_agranular_and_dysgranular_insula,R,CR_agranular_and_dysgranular_insula (Right),mapped,"[211, 182, 92]",R,False,1,"[52845.2, 45562.2, 23059.5]","[211.3808, 182.2488, 92.238]",current_rint_zero_center,728,CR_Ia/Id,CR_agranular_and_dysgranular_insula,R,mapped,"[211, 182, 92]",False,False,728,CR_Ia/Id,CR_agranular_and_dysgranular_insula,R,mapped,"[211, 182, 92]",False,False
251637,149.swc,251637|149.swc,936,D:\projectome_analysis\group_analysis\fnt\nmt_swcs\251637\149.swc,374519e645e620cab8f33d3b5d43a52cbf36bb65d1717e4e3c604b442352dbbf,HumanINS_R,main,6,728,CR_Ia/Id,CR_agranular_and_dysgranular_insula,R,CR_agranular_and_dysgranular_insula (Right),mapped,"[209, 181, 92]",R,False,1,"[52133.3, 45213.0, 23081.5]","[208.53320000000002, 180.852, 92.326]",current_rint_zero_center,728,CR_Ia/Id,CR_agranular_and_dysgranular_insula,R,mapped,"[208, 180, 92]",False,False,728,CR_Ia/Id,CR_agranular_and_dysgranular_insula,R,mapped,"[209, 181, 92]",False,False
251637,150.swc,251637|150.swc,936,D:\projectome_analysis\group_analysis\fnt\nmt_swcs\251637\150.swc,c0910a7eafc5f7c23cee93a99f447feb9d01114aa984610612e96c16969d1833,HumanINS_R,main,6,728,CR_Ia/Id,CR_agranular_and_dysgranular_insula,R,CR_agranular_and_dysgranular_insula (Right),mapped,"[208, 181, 92]",R,False,1,"[52093.0, 45214.8, 23075.0]","[208.372, 180.85920000000002, 92.3]",current_rint_zero_center,728,CR_Ia/Id,CR_agranular_and_dysgranular_insula,R,mapped,"[208, 180, 92]",False,False,728,CR_Ia/Id,CR_agranular_and_dysgranular_insula,R,mapped,"[208, 181, 92]",False,False
251637,151.swc,251637|151.swc,936,D:\projectome_analysis\group_analysis\fnt\nmt_swcs\251637\151.swc,f12aab6b3bf4afe4ec6561678c89b33a9840de2705ac62593b049899663f2aa1,HumanINS_R,main,6,728,CR_Ia/Id,CR_agranular_and_dysgranular_insula,R,CR_agranular_and_dysgranular_insula (Right),mapped,"[208, 180, 93]",R,False,1,"[52004.5, 44913.2, 23316.0]","[208.018, 179.65279999999998, 93.264]",current_rint_zero_center,728,CR_Ia/Id,CR_agranular_and_dysgranular_insula,R,mapped,"[208, 179, 93]",False,False,728,CR_Ia/Id,CR_agranular_and_dysgranular_insula,R,mapped,"[208, 180, 93]",False,False
251637,152.swc,251637|152.swc,936,D:\projectome_analysis\group_analysis\fnt\nmt_swcs\251637\152.swc,9e4c8cc057190510aad0262b924d26d8c4a48928eaf0fb481941d9b30baf57b0,HumanINS_R,main,6,728,CR_Ia/Id,CR_agranular_and_dysgranular_insula,R,CR_agranular_and_dysgranular_insula (Right),mapped,"[207, 182, 93]",R,False,1,"[51819.2, 45470.8, 23275.0]","[207.27679999999998, 181.88320000000002, 93.1]",current_rint_zero_center,728,CR_Ia/Id,CR_agranular_and_dysgranular_insula,R,mapped,"[207, 181, 93]",False,False,728,CR_Ia/Id,CR_agranular_and_dysgranular_insula,R,mapped,"[207, 182, 93]",False,False
251637,153.swc,251637|153.swc,936,D:\projectome_analysis\group_analysis\fnt\nmt_swcs\251637\153.swc,feb56c3c73babe5e5d45747ab0382cf39547671f49e31789fda113b40a9714e9,HumanINS_R,main,6,728,CR_Ia/Id,CR_agranular_and_dysgranular_insula,R,CR_agranular_and_dysgranular_insula (Right),mapped,"[207, 183, 92]",R,False,1,"[51839.9, 45721.8, 23121.0]","[207.3596, 182.8872, 92.484]",current_rint_zero_center,728,CR_Ia/Id,CR_agranular_and_dysgranular_insula,R,mapped,"[207, 182, 92]",False,False,728,CR_Ia/Id,CR_agranular_and_dysgranular_insula,R,mapped,"[207, 183, 92]",False,False
251637,154.swc,251637|154.swc,936,D:\projectome_analysis\group_analysis\fnt\nmt_swcs\251637\154.swc,1a5ecca713e6cae6f983a6b7fb579a940cac874f09dc50ad2cb1a7019099973f,HumanINS_R,main,6,728,CR_Ia/Id,CR_agranular_and_dysgranular_insula,R,CR_agranular_and_dysgranular_insula (Right),mapped,"[207, 181, 94]",R,False,1,"[51696.6, 45274.2, 23519.0]","[206.7864, 181.0968, 94.076]",current_rint_zero_center,728,CR_Ia/Id,CR_agranular_and_dysgranular_insula,R,mapped,"[206, 181, 94]",False,False,728,CR_Ia/Id,CR_agranular_and_dysgranular_insula,R,mapped,"[207, 181, 94]",False,False
251637,155.swc,251637|155.swc,936,D:\projectome_analysis\group_analysis\fnt\nmt_swcs\251637\155.swc,1fc4b17c1b6cd87e179e3cdbff50c67d01f8d7d64e22df1d290e00f8d8316dea,HumanINS_R,main,6,728,CR_Ia/Id,CR_agranular_and_dysgranular_insula,R,CR_agranular_and_dysgranular_insula (Right),mapped,"[208, 181, 95]",R,False,1,"[52124.6, 45346.8, 23716.2]","[208.4984, 181.3872, 94.8648]",current_rint_zero_center,728,CR_Ia/Id,CR_agranular_and_dysgranular_insula,R,mapped,"[208, 181, 94]",False,False,728,CR_Ia/Id,CR_agranular_and_dysgranular_insula,R,mapped,"[208, 181, 95]",False,False
251637,156.swc,251637|156.swc,936,D:\projectome_analysis\group_analysis\fnt\nmt_swcs\251637\156.swc,db39be1c61da74e22797c2cc2ddeafee9d62b37e8e4b2c49a6238acf3cc30873,HumanINS_R,main,6,728,CR_Ia/Id,CR_agranular_and_dysgranular_insula,R,CR_agranular_and_dysgranular_insula (Right),mapped,"[209, 181, 95]",R,False,1,"[52308.8, 45258.5, 23711.5]","[209.23520000000002, 181.034, 94.846]",current_rint_zero_center,728,CR_Ia/Id,CR_agranular_and_dysgranular_insula,R,mapped,"[209, 181, 94]",False,False,728,CR_Ia/Id,CR_agranular_and_dysgranular_insula,R,mapped,"[209, 181, 95]",False,False
251637,157.swc,251637|157.swc,936,D:\projectome_analysis\group_analysis\fnt\nmt_swcs\251637\157.swc,d22e9775235212a771a49a755f075a0ea43c629c355d512a3c71ab43665d27ca,HumanINS_R,main,6,728,CR_Ia/Id,CR_agranular_and_dysgranular_insula,R,CR_agranular_and_dysgranular_insula (Right),mapped,"[207, 177, 95]",R,False,1,"[51789.7, 44156.5, 23846.5]","[207.15879999999999, 176.626, 95.386]",current_rint_zero_center,728,CR_Ia/Id,CR_agranular_and_dysgranular_insula,R,mapped,"[207, 176, 95]",False,False,728,CR_Ia/Id,CR_agranular_and_dysgranular_insula,R,mapped,"[207, 177, 95]",False,False
251637,158.swc,251637|158.swc,936,D:\projectome_analysis\group_analysis\fnt\nmt_swcs\251637\158.swc,4b6d551e93f13684bf11aedc607eeb9ef1e9076762bdfb0d65c06098a6922c86,HumanINS_R,main,6,728,CR_Ia/Id,CR_agranular_and_dysgranular_insula,R,CR_agranular_and_dysgranular_insula (Right),mapped,"[208, 182, 95]",R,False,1,"[51924.7, 45456.5, 23832.5]","[207.69879999999998, 181.826, 95.33]",current_rint_zero_center,728,CR_Ia/Id,CR_agranular_and_dysgranular_insula,R,mapped,"[207, 181, 95]",False,False,728,CR_Ia/Id,CR_agranular_and_dysgranular_insula,R,mapped,"[208, 182, 95]",False,False
251637,392.swc,251637|392.swc,936,D:\projectome_analysis\group_analysis\fnt\nmt_swcs\251637\392.swc,58126582e9ff21fac2143e9538bb375d64d0a5af723d3c5c3b46913c01f0f0bf,HumanINS_L,main,6,229,CL_Ig,CL_granular_insula,L,CL_granular_insula (Left),mapped,"[52, 172, 106]",L,False,1,"[13043.5, 42889.8, 26516.6]","[52.174, 171.5592, 106.06639999999999]",current_rint_zero_center,229,CL_Ig,CL_granular_insula,L,mapped,"[52, 171, 106]",False,False,229,CL_Ig,CL_granular_insula,L,mapped,"[52, 172, 106]",False,False
251637,393.swc,251637|393.swc,936,D:\projectome_analysis\group_analysis\fnt\nmt_swcs\251637\393.swc,b6ea6ab377bb3c377c0a60e731c5635eb7335ad52733c379c2c6e74192149aa1,HumanINS_L,main,6,229,CL_Ig,CL_granular_insula,L,CL_granular_insula (Left),mapped,"[51, 171, 103]",L,False,1,"[12863.5, 42720.5, 25688.6]","[51.454, 170.882, 102.75439999999999]",current_rint_zero_center,229,CL_Ig,CL_granular_insula,L,mapped,"[51, 170, 102]",False,False,229,CL_Ig,CL_granular_insula,L,mapped,"[51, 171, 103]",False,False
251637,394.swc,251637|394.swc,936,D:\projectome_analysis\group_analysis\fnt\nmt_swcs\251637\394.swc,74bcbf554d45d22b18959e7e9782648164094ab85cebad84504eee5af3b4c8ad,HumanINS_L,main,6,229,CL_Ig,CL_granular_insula,L,CL_granular_insula (Left),mapped,"[52, 171, 103]",L,False,1,"[12964.2, 42763.5, 25789.0]","[51.8568, 171.054, 103.156]",current_rint_zero_center,229,CL_Ig,CL_granular_insula,L,mapped,"[51, 171, 103]",False,False,229,CL_Ig,CL_granular_insula,L,mapped,"[52, 171, 103]",False,False
251637,395.swc,251637|395.swc,936,D:\projectome_analysis\group_analysis\fnt\nmt_swcs\251637\395.swc,ce2fdf1d86b85ff90f8ff7d304f4ad2b3c883ed24fd172adf8d6f8bd2994e76d,HumanINS_L,main,6,229,CL_Ig,CL_granular_insula,L,CL_granular_insula (Left),mapped,"[53, 172, 104]",L,False,1,"[13158.5, 43078.8, 26022.9]","[52.634, 172.3152, 104.0916]",current_rint_zero_center,229,CL_Ig,CL_granular_insula,L,mapped,"[52, 172, 104]",False,False,229,CL_Ig,CL_granular_insula,L,mapped,"[53, 172, 104]",False,False
251637,396.swc,251637|396.swc,936,D:\projectome_analysis\group_analysis\fnt\nmt_swcs\251637\396.swc,e22ff29e2d3087b1baeed54aa7529e965658f487b2cabe4961b106290fbb5c6c,HumanINS_L,main,6,229,CL_Ig,CL_granular_insula,L,CL_granular_insula (Left),mapped,"[52, 170, 102]",L,False,1,"[12886.8, 42610.0, 25401.6]","[51.5472, 170.44, 101.6064]",current_rint_zero_center,229,CL_Ig,CL_granular_insula,L,mapped,"[51, 170, 101]",False,False,229,CL_Ig,CL_granular_insula,L,mapped,"[52, 170, 102]",False,False
251637,397.swc,251637|397.swc,936,D:\projectome_analysis\group_analysis\fnt\nmt_swcs\251637\397.swc,92f2f5717a513775a6fffcc10459b5e537cdeb43bb38a378b8fd11ae64864e46,HumanINS_L,main,6,229,CL_Ig,CL_granular_insula,L,CL_granular_insula (Left),mapped,"[51, 171, 102]",L,False,1,"[12646.2, 42631.5, 25559.5]","[50.5848, 170.526, 102.238]",current_rint_zero_center,229,CL_Ig,CL_granular_insula,L,mapped,"[50, 170, 102]",False,False,229,CL_Ig,CL_granular_insula,L,mapped,"[51, 171, 102]",False,False
251637,398.swc,251637|398.swc,936,D:\projectome_analysis\group_analysis\fnt\nmt_swcs\251637\398.swc,d0d64bae6bafe34e90181b8331cc707554487d401c0666457a011ff91c4db16e,HumanINS_L,main,6,229,CL_Ig,CL_granular_insula,L,CL_granular_insula (Left),mapped,"[52, 170, 101]",L,False,1,"[13075.5, 42556.0, 25166.4]","[52.302, 170.224, 100.66560000000001]",current_rint_zero_center,229,CL_Ig,CL_granular_insula,L,mapped,"[52, 170, 100]",False,False,229,CL_Ig,CL_granular_insula,L,mapped,"[52, 170, 101]",False,False
251637,399.swc,251637|399.swc,936,D:\projectome_analysis\group_analysis\fnt\nmt_swcs\251637\399.swc,5aa4a3265e4b9fb2157fa99472886a96af9067ceac6f8cb48448e117596431fb,HumanINS_L,main,6,229,CL_Ig,CL_granular_insula,L,CL_granular_insula (Left),mapped,"[53, 171, 100]",L,False,1,"[13151.5, 42806.5, 25112.3]","[52.606, 171.226, 100.44919999999999]",current_rint_zero_center,229,CL_Ig,CL_granular_insula,L,mapped,"[52, 171, 100]",False,False,229,CL_Ig,CL_granular_insula,L,mapped,"[53, 171, 100]",False,False
251637,400.swc,251637|400.swc,936,D:\projectome_analysis\group_analysis\fnt\nmt_swcs\251637\400.swc,12cd2dafecd52e062083665c3f36c562b02f37b529fad468644e7e9484002d50,HumanINS_L,main,6,229,CL_Ig,CL_granular_insula,L,CL_granular_insula (Left),mapped,"[54, 172, 101]",L,False,1,"[13482.8, 43044.5, 25326.1]","[53.9312, 172.178, 101.3044]",current_rint_zero_center,229,CL_Ig,CL_granular_insula,L,mapped,"[53, 172, 101]",False,False,229,CL_Ig,CL_granular_insula,L,mapped,"[54, 172, 101]",False,False
251637,401.swc,251637|401.swc,936,D:\projectome_analysis\group_analysis\fnt\nmt_swcs\251637\401.swc,252b66573ab3176820e314c26110018975a686f023c9ec949e428b340db2b3ea,HumanINS_L,main,6,229,CL_Ig,CL_granular_insula,L,CL_granular_insula (Left),mapped,"[54, 173, 102]",L,False,1,"[13406.8, 43256.8, 25391.2]","[53.627199999999995, 173.02720000000002, 101.5648]",current_rint_zero_center,229,CL_Ig,CL_granular_insula,L,mapped,"[53, 173, 101]",False,False,229,CL_Ig,CL_granular_insula,L,mapped,"[54, 173, 102]",False,False
251637,402.swc,251637|402.swc,936,D:\projectome_analysis\group_analysis\fnt\nmt_swcs\251637\402.swc,cf63ef8973223947cac7fcec4eae4ced7a2d04369d3c6e92e4e7fa25488c86a8,HumanINS_L,main,6,229,CL_Ig,CL_granular_insula,L,CL_granular_insula (Left),mapped,"[54, 173, 101]",L,False,1,"[13477.0, 43276.8, 25369.4]","[53.908, 173.1072, 101.47760000000001]",current_rint_zero_center,229,CL_Ig,CL_granular_insula,L,mapped,"[53, 173, 101]",False,False,229,CL_Ig,CL_granular_insula,L,mapped,"[54, 173, 101]",False,False
251637,403.swc,251637|403.swc,936,D:\projectome_analysis\group_analysis\fnt\nmt_swcs\251637\403.swc,ba0cc1025db428f184992d5ded0a3c27f726dbbdf15a21527b7287d7cee27f38,HumanINS_L,main,6,229,CL_Ig,CL_granular_insula,L,CL_granular_insula (Left),mapped,"[54, 173, 102]",L,False,1,"[13548.8, 43307.5, 25537.5]","[54.1952, 173.23, 102.15]",current_rint_zero_center,229,CL_Ig,CL_granular_insula,L,mapped,"[54, 173, 102]",False,False,229,CL_Ig,CL_granular_insula,L,mapped,"[54, 173, 102]",False,False
251637,404.swc,251637|404.swc,936,D:\projectome_analysis\group_analysis\fnt\nmt_swcs\251637\404.swc,28822f98a0a4252634853032bbf0005ac2e547dae120994680f2f3a987e97f7b,HumanINS_L,main,6,229,CL_Ig,CL_granular_insula,L,CL_granular_insula (Left),mapped,"[54, 174, 102]",L,False,1,"[13584.8, 43388.5, 25404.1]","[54.3392, 173.554, 101.6164]",current_rint_zero_center,229,CL_Ig,CL_granular_insula,L,mapped,"[54, 173, 101]",False,False,229,CL_Ig,CL_granular_insula,L,mapped,"[54, 174, 102]",False,False
251637,405.swc,251637|405.swc,936,D:\projectome_analysis\group_analysis\fnt\nmt_swcs\251637\405.swc,04754bd38e4f7365c30272506f2d3bf3ebba0571e4149f1cffa94f7d3a66a2b3,HumanINS_L,main,6,229,CL_Ig,CL_granular_insula,L,CL_granular_insula (Left),mapped,"[54, 172, 103]",L,False,1,"[13618.8, 42943.0, 25823.2]","[54.475199999999994, 171.772, 103.2928]",current_rint_zero_center,229,CL_Ig,CL_granular_insula,L,mapped,"[54, 171, 103]",False,False,229,CL_Ig,CL_granular_insula,L,mapped,"[54, 172, 103]",False,False
251637,406.swc,251637|406.swc,936,D:\projectome_analysis\group_analysis\fnt\nmt_swcs\251637\406.swc,62b88ef08546d54afa1be34a273e1f44f5bf4907a1084dd44e39bbc4e1b0b328,HumanINS_L,main,6,229,CL_Ig,CL_granular_insula,L,CL_granular_insula (Left),mapped,"[54, 171, 103]",L,False,1,"[13508.5, 42840.2, 25765.9]","[54.034, 171.36079999999998, 103.06360000000001]",current_rint_zero_center,229,CL_Ig,CL_granular_insula,L,mapped,"[54, 171, 103]",False,False,229,CL_Ig,CL_granular_insula,L,mapped,"[54, 171, 103]",False,False
251637,407.swc,251637|407.swc,936,D:\projectome_analysis\group_analysis\fnt\nmt_swcs\251637\407.swc,9722af737c73716c87bdfe45b04fb76adcb868ac49194c94576073bd1d7dca46,HumanINS_L,main,6,229,CL_Ig,CL_granular_insula,L,CL_granular_insula (Left),mapped,"[55, 171, 104]",L,False,1,"[13735.8, 42642.2, 25882.5]","[54.9432, 170.56879999999998, 103.53]",current_rint_zero_center,229,CL_Ig,CL_granular_insula,L,mapped,"[54, 170, 103]",False,False,229,CL_Ig,CL_granular_insula,L,mapped,"[55, 171, 104]",False,False
251637,408.swc,251637|408.swc,936,D:\projectome_analysis\group_analysis\fnt\nmt_swcs\251637\408.swc,82c9864c9b29b6a5a5bf9b276c0b59ea8f3ed4c88ad865efc00f55d171cad614,HumanINS_L,main,6,229,CL_Ig,CL_granular_insula,L,CL_granular_insula (Left),mapped,"[55, 172, 103]",L,False,1,"[13657.2, 42992.8, 25663.1]","[54.628800000000005, 171.9712, 102.6524]",current_rint_zero_center,229,CL_Ig,CL_granular_insula,L,mapped,"[54, 171, 102]",False,False,229,CL_Ig,CL_granular_insula,L,mapped,"[55, 172, 103]",False,False
251637,409.swc,251637|409.swc,936,D:\projectome_analysis\group_analysis\fnt\nmt_swcs\251637\409.swc,5cfe03f9b1e5ea6ee033e96cb6468de508d2ae32eec248a93a9d7dde505ed057,HumanINS_L,main,6,229,CL_Ig,CL_granular_insula,L,CL_granular_insula (Left),mapped,"[55, 173, 105]",L,False,1,"[13759.5, 43344.0, 26140.4]","[55.038, 173.376, 104.56160000000001]",current_rint_zero_center,229,CL_Ig,CL_granular_insula,L,mapped,"[55, 173, 104]",False,False,229,CL_Ig,CL_granular_insula,L,mapped,"[55, 173, 105]",False,False
251637,410.swc,251637|410.swc,936,D:\projectome_analysis\group_analysis\fnt\nmt_swcs\251637\410.swc,9e5c2baf43dcf4f4c9d6f816b330d7ed4862042f8fcb25f554de54b7e0492a84,HumanINS_L,main,6,229,CL_Ig,CL_granular_insula,L,CL_granular_insula (Left),mapped,"[54, 173, 104]",L,False,1,"[13430.5, 43272.0, 26076.6]","[53.722, 173.088, 104.3064]",current_rint_zero_center,229,CL_Ig,CL_granular_insula,L,mapped,"[53, 173, 104]",False,False,229,CL_Ig,CL_granular_insula,L,mapped,"[54, 173, 104]",False,False
251637,411.swc,251637|411.swc,936,D:\projectome_analysis\group_analysis\fnt\nmt_swcs\251637\411.swc,8e5ab5ab920302fd8994f210c3b2d8a597dc87b1044ba1f298725e921104ec91,HumanINS_L,main,6,229,CL_Ig,CL_granular_insula,L,CL_granular_insula (Left),mapped,"[52, 171, 105]",L,False,1,"[12969.8, 42681.0, 26281.5]","[51.8792, 170.724, 105.126]",current_rint_zero_center,229,CL_Ig,CL_granular_insula,L,mapped,"[51, 170, 105]",False,False,229,CL_Ig,CL_granular_insula,L,mapped,"[52, 171, 105]",False,False
251637,412.swc,251637|412.swc,936,D:\projectome_analysis\group_analysis\fnt\nmt_swcs\251637\412.swc,b4a155eea79da2c22d3b7963379ccab7d6edf8f88fa0651dbf7d8db17b14af84,HumanINS_L,main,6,229,CL_Ig,CL_granular_insula,L,CL_granular_insula (Left),mapped,"[52, 171, 104]",L,False,1,"[13087.8, 42638.0, 25940.9]","[52.3512, 170.552, 103.76360000000001]",current_rint_zero_center,229,CL_Ig,CL_granular_insula,L,mapped,"[52, 170, 103]",False,False,229,CL_Ig,CL_granular_insula,L,mapped,"[52, 171, 104]",False,False
251637,413.swc,251637|413.swc,936,D:\projectome_analysis\group_analysis\fnt\nmt_swcs\251637\413.swc,6e4f290c219fe63b5cf53650beb61dc246bb3c151a5e69631ce7da0dd75ba18d,HumanINS_L,main,6,229,CL_Ig,CL_granular_insula,L,CL_granular_insula (Left),mapped,"[54, 172, 100]",L,False,1,"[13478.8, 42966.5, 24952.0]","[53.9152, 171.866, 99.808]",current_rint_zero_center,229,CL_Ig,CL_granular_insula,L,mapped,"[53, 171, 99]",False,False,229,CL_Ig,CL_granular_insula,L,mapped,"[54, 172, 100]",False,False
251637,414.swc,251637|414.swc,936,D:\projectome_analysis\group_analysis\fnt\nmt_swcs\251637\414.swc,5f02015055ced714dd7fffe0c00abea4acded7cd269eccb983f787542affa18f,HumanINS_L,main,6,228,CL_Ia/Id,CL_agranular_and_dysgranular_insula,L,CL_agranular_and_dysgranular_insula (Left),mapped,"[51, 173, 99]",L,False,1,"[12861.0, 43317.0, 24726.2]","[51.444, 173.268, 98.90480000000001]",current_rint_zero_center,228,CL_Ia/Id,CL_agranular_and_dysgranular_insula,L,mapped,"[51, 173, 98]",False,False,228,CL_Ia/Id,CL_agranular_and_dysgranular_insula,L,mapped,"[51, 173, 99]",False,False
251637,415.swc,251637|415.swc,936,D:\projectome_analysis\group_analysis\fnt\nmt_swcs\251637\415.swc,9d5a1ab90a9478372e038ae2fa680e48ef580f5903237f025aa4d9d34f0d7e47,HumanINS_L,main,6,228,CL_Ia/Id,CL_agranular_and_dysgranular_insula,L,CL_agranular_and_dysgranular_insula (Left),mapped,"[52, 174, 99]",L,False,1,"[12922.5, 43441.2, 24628.5]","[51.69, 173.76479999999998, 98.514]",current_rint_zero_center,228,CL_Ia/Id,CL_agranular_and_dysgranular_insula,L,mapped,"[51, 173, 98]",False,False,228,CL_Ia/Id,CL_agranular_and_dysgranular_insula,L,mapped,"[52, 174, 99]",False,False
251637,416.swc,251637|416.swc,936,D:\projectome_analysis\group_analysis\fnt\nmt_swcs\251637\416.swc,60e197bbe188b8535f87cc1c906d866c2570cf0f5998511f474957c52c8b9090,HumanINS_L,main,6,228,CL_Ia/Id,CL_agranular_and_dysgranular_insula,L,CL_agranular_and_dysgranular_insula (Left),mapped,"[52, 174, 98]",L,False,1,"[13121.0, 43482.2, 24529.2]","[52.484, 173.9288, 98.1168]",current_rint_zero_center,228,CL_Ia/Id,CL_agranular_and_dysgranular_insula,L,mapped,"[52, 173, 98]",False,False,228,CL_Ia/Id,CL_agranular_and_dysgranular_insula,L,mapped,"[52, 174, 98]",False,False
251637,417.swc,251637|417.swc,936,D:\projectome_analysis\group_analysis\fnt\nmt_swcs\251637\417.swc,4c7c5d403bc96747ccbf4b6575edfeb2219d22e4cb8b826244afc677747b7798,HumanINS_L,main,6,228,CL_Ia/Id,CL_agranular_and_dysgranular_insula,L,CL_agranular_and_dysgranular_insula (Left),mapped,"[51, 174, 97]",L,False,1,"[12854.2, 43424.0, 24307.2]","[51.4168, 173.696, 97.2288]",current_rint_zero_center,228,CL_Ia/Id,CL_agranular_and_dysgranular_insula,L,mapped,"[51, 173, 97]",False,False,228,CL_Ia/Id,CL_agranular_and_dysgranular_insula,L,mapped,"[51, 174, 97]",False,False
251637,418.swc,251637|418.swc,936,D:\projectome_analysis\group_analysis\fnt\nmt_swcs\251637\418.swc,cbed072cd555dcecec573315cf1e811b13892d9ed381ebc3a76691f3d12117b6,HumanINS_L,main,6,228,CL_Ia/Id,CL_agranular_and_dysgranular_insula,L,CL_agranular_and_dysgranular_insula (Left),mapped,"[53, 173, 97]",L,False,1,"[13225.8, 43350.2, 24148.8]","[52.9032, 173.40079999999998, 96.59519999999999]",current_rint_zero_center,228,CL_Ia/Id,CL_agranular_and_dysgranular_insula,L,mapped,"[52, 173, 96]",False,False,228,CL_Ia/Id,CL_agranular_and_dysgranular_insula,L,mapped,"[53, 173, 97]",False,False
251637,419.swc,251637|419.swc,936,D:\projectome_analysis\group_analysis\fnt\nmt_swcs\251637\419.swc,e37d175277d724ae2fa38ac1f0a994d052f20c7bd75b092e59fe04bdc6f6308f,HumanINS_L,main,6,228,CL_Ia/Id,CL_agranular_and_dysgranular_insula,L,CL_agranular_and_dysgranular_insula (Left),mapped,"[53, 174, 96]",L,False,1,"[13220.2, 43474.8, 24072.2]","[52.8808, 173.8992, 96.28880000000001]",current_rint_zero_center,228,CL_Ia/Id,CL_agranular_and_dysgranular_insula,L,mapped,"[52, 173, 96]",False,False,228,CL_Ia/Id,CL_agranular_and_dysgranular_insula,L,mapped,"[53, 174, 96]",False,False
251637,420.swc,251637|420.swc,936,D:\projectome_analysis\group_analysis\fnt\nmt_swcs\251637\420.swc,7897f046fda72877ccfa7d3ceb1ba3c1dc09a78d1fee1f1b96de304cc18de156,HumanINS_L,main,6,229,CL_Ig,CL_granular_insula,L,CL_granular_insula (Left),mapped,"[53, 172, 99]",L,False,1,"[13221.5, 42982.8, 24761.2]","[52.886, 171.93120000000002, 99.04480000000001]",current_rint_zero_center,229,CL_Ig,CL_granular_insula,L,mapped,"[52, 171, 99]",False,False,229,CL_Ig,CL_granular_insula,L,mapped,"[53, 172, 99]",False,False
251637,421.swc,251637|421.swc,936,D:\projectome_analysis\group_analysis\fnt\nmt_swcs\251637\421.swc,dbac7416cc8e39ea2b6341833777a0123dd2a3b3072a0bab7ab5006b00f45d25,HumanINS_L,main,6,229,CL_Ig,CL_granular_insula,L,CL_granular_insula (Left),mapped,"[54, 171, 99]",L,False,1,"[13504.0, 42867.5, 24688.0]","[54.016, 171.47, 98.752]",current_rint_zero_center,228,CL_Ia/Id,CL_agranular_and_dysgranular_insula,L,mapped,"[54, 171, 98]",True,False,229,CL_Ig,CL_granular_insula,L,mapped,"[54, 171, 99]",False,False
251637,422.swc,251637|422.swc,936,D:\projectome_analysis\group_analysis\fnt\nmt_swcs\251637\422.swc,c84dfae7549b6b27947938e5fb2b9b1060f611ef58159994826970697ba2d4db,HumanINS_L,main,6,0,,Atlas background,L,Atlas background (Left),zero_unassigned,"[54, 171, 97]",Unknown,False,1,"[13449.0, 42752.8, 24326.2]","[53.796, 171.0112, 97.3048]",current_rint_zero_center,228,CL_Ia/Id,CL_agranular_and_dysgranular_insula,L,mapped,"[53, 171, 97]",True,False,0,,Atlas background,L,zero_unassigned,"[54, 171, 97]",False,False
251637,423.swc,251637|423.swc,936,D:\projectome_analysis\group_analysis\fnt\nmt_swcs\251637\423.swc,48cd2c99b43618cfa8443f5a5b990e1997dff78083f932e767f7783ebb1e09af,HumanINS_L,main,6,0,,Atlas background,L,Atlas background (Left),zero_unassigned,"[54, 172, 97]",Unknown,False,1,"[13483.8, 42891.0, 24358.8]","[53.935199999999995, 171.564, 97.4352]",current_rint_zero_center,228,CL_Ia/Id,CL_agranular_and_dysgranular_insula,L,mapped,"[53, 171, 97]",True,False,0,,Atlas background,L,zero_unassigned,"[54, 172, 97]",False,False
251637,424.swc,251637|424.swc,936,D:\projectome_analysis\group_analysis\fnt\nmt_swcs\251637\424.swc,de7b0e969ee952a8c8aa19c5cab1102ae28403029a50fdfb0cfcb73e583c2d4f,HumanINS_L,main,6,228,CL_Ia/Id,CL_agranular_and_dysgranular_insula,L,CL_agranular_and_dysgranular_insula (Left),mapped,"[51, 171, 94]",L,False,1,"[12727.5, 42767.2, 23397.0]","[50.91, 171.06879999999998, 93.588]",current_rint_zero_center,228,CL_Ia/Id,CL_agranular_and_dysgranular_insula,L,mapped,"[50, 171, 93]",False,False,228,CL_Ia/Id,CL_agranular_and_dysgranular_insula,L,mapped,"[51, 171, 94]",False,False
251637,425.swc,251637|425.swc,936,D:\projectome_analysis\group_analysis\fnt\nmt_swcs\251637\425.swc,e16159d6039300aca480790278a17f3209ae482269ea701f49168ad83070a03e,HumanINS_L,main,6,228,CL_Ia/Id,CL_agranular_and_dysgranular_insula,L,CL_agranular_and_dysgranular_insula (Left),mapped,"[52, 172, 94]",L,False,1,"[12886.8, 42970.8, 23438.8]","[51.5472, 171.88320000000002, 93.7552]",current_rint_zero_center,228,CL_Ia/Id,CL_agranular_and_dysgranular_insula,L,mapped,"[51, 171, 93]",False,False,228,CL_Ia/Id,CL_agranular_and_dysgranular_insula,L,mapped,"[52, 172, 94]",False,False
251637,426.swc,251637|426.swc,936,D:\projectome_analysis\group_analysis\fnt\nmt_swcs\251637\426.swc,09e6dfb9c57b25132e5b015f779501c62c5f106bb5a75b1c6d0c539e11647ddd,HumanINS_L,main,6,228,CL_Ia/Id,CL_agranular_and_dysgranular_insula,L,CL_agranular_and_dysgranular_insula (Left),mapped,"[52, 171, 94]",L,False,1,"[13027.5, 42672.2, 23566.0]","[52.11, 170.6888, 94.264]",current_rint_zero_center,228,CL_Ia/Id,CL_agranular_and_dysgranular_insula,L,mapped,"[52, 170, 94]",False,False,228,CL_Ia/Id,CL_agranular_and_dysgranular_insula,L,mapped,"[52, 171, 94]",False,False
251637,427.swc,251637|427.swc,936,D:\projectome_analysis\group_analysis\fnt\nmt_swcs\251637\427.swc,afa2a70ca86cb2a943d61ba60563a3a47c1ff2f783a80f05527532cfa8694f33,HumanINS_L,main,6,228,CL_Ia/Id,CL_agranular_and_dysgranular_insula,L,CL_agranular_and_dysgranular_insula (Left),mapped,"[51, 171, 95]",L,False,1,"[12851.8, 42706.5, 23700.5]","[51.407199999999996, 170.826, 94.802]",current_rint_zero_center,228,CL_Ia/Id,CL_agranular_and_dysgranular_insula,L,mapped,"[51, 170, 94]",False,False,228,CL_Ia/Id,CL_agranular_and_dysgranular_insula,L,mapped,"[51, 171, 95]",False,False
251637,428.swc,251637|428.swc,936,D:\projectome_analysis\group_analysis\fnt\nmt_swcs\251637\428.swc,1f2fb6df61e3037af77c509b72d4c494c935d5186e668cbba7122ff7e03fec78,HumanINS_L,main,6,228,CL_Ia/Id,CL_agranular_and_dysgranular_insula,L,CL_agranular_and_dysgranular_insula (Left),mapped,"[51, 171, 95]",L,False,1,"[12833.5, 42795.2, 23861.8]","[51.334, 171.18079999999998, 95.4472]",current_rint_zero_center,228,CL_Ia/Id,CL_agranular_and_dysgranular_insula,L,mapped,"[51, 171, 95]",False,False,228,CL_Ia/Id,CL_agranular_and_dysgranular_insula,L,mapped,"[51, 171, 95]",False,False
251637,429.swc,251637|429.swc,936,D:\projectome_analysis\group_analysis\fnt\nmt_swcs\251637\429.swc,919984501717a30a3fcc3d0f67df980ead60e11238a85cc6dfe1ce10f86d0c09,HumanINS_L,main,6,228,CL_Ia/Id,CL_agranular_and_dysgranular_insula,L,CL_agranular_and_dysgranular_insula (Left),mapped,"[51, 171, 96]",L,False,1,"[12758.5, 42781.5, 23911.5]","[51.034, 171.126, 95.646]",current_rint_zero_center,228,CL_Ia/Id,CL_agranular_and_dysgranular_insula,L,mapped,"[51, 171, 95]",False,False,228,CL_Ia/Id,CL_agranular_and_dysgranular_insula,L,mapped,"[51, 171, 96]",False,False
251637,430.swc,251637|430.swc,936,D:\projectome_analysis\group_analysis\fnt\nmt_swcs\251637\430.swc,19e9429dda2957ce49ab0baeef0430c37fa1fd48169df66b203f992eace832d6,HumanINS_L,main,6,228,CL_Ia/Id,CL_agranular_and_dysgranular_insula,L,CL_agranular_and_dysgranular_insula (Left),mapped,"[50, 173, 97]",L,False,1,"[12380.5, 43276.0, 24205.2]","[49.522, 173.104, 96.8208]",current_rint_zero_center,228,CL_Ia/Id,CL_agranular_and_dysgranular_insula,L,mapped,"[49, 173, 96]",False,False,228,CL_Ia/Id,CL_agranular_and_dysgranular_insula,L,mapped,"[50, 173, 97]",False,False
251637,431.swc,251637|431.swc,936,D:\projectome_analysis\group_analysis\fnt\nmt_swcs\251637\431.swc,cf6a2ebc3b128d0ba1da81d284072dcca74fd5b14da81ef7869f0eb57cd01916,HumanINS_L,main,6,228,CL_Ia/Id,CL_agranular_and_dysgranular_insula,L,CL_agranular_and_dysgranular_insula (Left),mapped,"[49, 172, 96]",L,False,1,"[12269.8, 42970.0, 23975.8]","[49.0792, 171.88, 95.9032]",current_rint_zero_center,228,CL_Ia/Id,CL_agranular_and_dysgranular_insula,L,mapped,"[49, 171, 95]",False,False,228,CL_Ia/Id,CL_agranular_and_dysgranular_insula,L,mapped,"[49, 172, 96]",False,False
251637,432.swc,251637|432.swc,936,D:\projectome_analysis\group_analysis\fnt\nmt_swcs\251637\432.swc,777bfbb8c3eccdfeaa1dcb2e9bb0b4efee13f2673335b49266cac07ae2bfd7f4,HumanINS_L,main,6,228,CL_Ia/Id,CL_agranular_and_dysgranular_insula,L,CL_agranular_and_dysgranular_insula (Left),mapped,"[51, 172, 93]",L,False,1,"[12758.5, 43017.5, 23206.2]","[51.034, 172.07, 92.8248]",current_rint_zero_center,228,CL_Ia/Id,CL_agranular_and_dysgranular_insula,L,mapped,"[51, 172, 92]",False,False,228,CL_Ia/Id,CL_agranular_and_dysgranular_insula,L,mapped,"[51, 172, 93]",False,False
251637,433.swc,251637|433.swc,936,D:\projectome_analysis\group_analysis\fnt\nmt_swcs\251637\433.swc,3244359265788721003304c531ae34b99b30b874e2ba869cdd0a779c16ef4095,HumanINS_L,main,6,228,CL_Ia/Id,CL_agranular_and_dysgranular_insula,L,CL_agranular_and_dysgranular_insula (Left),mapped,"[51, 173, 92]",L,False,1,"[12702.5, 43316.2, 23085.2]","[50.81, 173.26479999999998, 92.3408]",current_rint_zero_center,228,CL_Ia/Id,CL_agranular_and_dysgranular_insula,L,mapped,"[50, 173, 92]",False,False,228,CL_Ia/Id,CL_agranular_and_dysgranular_insula,L,mapped,"[51, 173, 92]",False,False
251637,434.swc,251637|434.swc,936,D:\projectome_analysis\group_analysis\fnt\nmt_swcs\251637\434.swc,bebcc6cd4c6758aad96c2fd03dbdb2ab17d5052ad1f3e1f4171120e39dfe4754,HumanINS_L,main,6,228,CL_Ia/Id,CL_agranular_and_dysgranular_insula,L,CL_agranular_and_dysgranular_insula (Left),mapped,"[51, 173, 91]",L,False,1,"[12790.8, 43264.2, 22838.8]","[51.163199999999996, 173.05679999999998, 91.3552]",current_rint_zero_center,228,CL_Ia/Id,CL_agranular_and_dysgranular_insula,L,mapped,"[51, 173, 91]",False,False,228,CL_Ia/Id,CL_agranular_and_dysgranular_insula,L,mapped,"[51, 173, 91]",False,False
251637,435.swc,251637|435.swc,936,D:\projectome_analysis\group_analysis\fnt\nmt_swcs\251637\435.swc,f0287723835c174a918896231707ba34203a4bb83015ff3c0c25cd3bd1304a2b,HumanINS_L,main,6,228,CL_Ia/Id,CL_agranular_and_dysgranular_insula,L,CL_agranular_and_dysgranular_insula (Left),mapped,"[50, 174, 92]",L,False,1,"[12525.2, 43517.2, 23013.8]","[50.1008, 174.06879999999998, 92.0552]",current_rint_zero_center,228,CL_Ia/Id,CL_agranular_and_dysgranular_insula,L,mapped,"[50, 174, 92]",False,False,228,CL_Ia/Id,CL_agranular_and_dysgranular_insula,L,mapped,"[50, 174, 92]",False,False
251637,436.swc,251637|436.swc,936,D:\projectome_analysis\group_analysis\fnt\nmt_swcs\251637\436.swc,91199b2a3af3f8f52db15c698b9d0a0a66d689101705c857a2c0b462877dfd4f,HumanINS_L,main,6,228,CL_Ia/Id,CL_agranular_and_dysgranular_insula,L,CL_agranular_and_dysgranular_insula (Left),mapped,"[50, 173, 91]",L,False,1,"[12388.8, 43367.0, 22812.2]","[49.5552, 173.468, 91.2488]",current_rint_zero_center,228,CL_Ia/Id,CL_agranular_and_dysgranular_insula,L,mapped,"[49, 173, 91]",False,False,228,CL_Ia/Id,CL_agranular_and_dysgranular_insula,L,mapped,"[50, 173, 91]",False,False
251637,437.swc,251637|437.swc,936,D:\projectome_analysis\group_analysis\fnt\nmt_swcs\251637\437.swc,d4e769c848b6241b49fb9d574a0c2ff26602475b47f1e7b953b9da20301331ac,HumanINS_L,main,6,228,CL_Ia/Id,CL_agranular_and_dysgranular_insula,L,CL_agranular_and_dysgranular_insula (Left),mapped,"[50, 175, 91]",L,False,1,"[12537.0, 43753.2, 22747.8]","[50.148, 175.0128, 90.99119999999999]",current_rint_zero_center,228,CL_Ia/Id,CL_agranular_and_dysgranular_insula,L,mapped,"[50, 175, 90]",False,False,228,CL_Ia/Id,CL_agranular_and_dysgranular_insula,L,mapped,"[50, 175, 91]",False,False
251637,438.swc,251637|438.swc,936,D:\projectome_analysis\group_analysis\fnt\nmt_swcs\251637\438.swc,79d48ef516eaddc67099a57df4b1ed4bf983bb935e3cd0ddedee14e6716390e0,HumanINS_L,main,6,0,,Atlas background,L,Atlas background (Left),zero_unassigned,"[53, 173, 90]",Unknown,False,1,"[13205.0, 43144.2, 22620.2]","[52.82, 172.5768, 90.4808]",current_rint_zero_center,228,CL_Ia/Id,CL_agranular_and_dysgranular_insula,L,mapped,"[52, 172, 90]",True,False,0,,Atlas background,L,zero_unassigned,"[53, 173, 90]",False,False
251637,439.swc,251637|439.swc,936,D:\projectome_analysis\group_analysis\fnt\nmt_swcs\251637\439.swc,c78e86ebee9255e92633b032f093cb5268d505d27acb6673de605e77b61e6587,HumanINS_L,main,6,0,,Atlas background,L,Atlas background (Left),zero_unassigned,"[53, 173, 90]",Unknown,False,1,"[13314.2, 43201.8, 22498.8]","[53.256800000000005, 172.80720000000002, 89.9952]",current_rint_zero_center,228,CL_Ia/Id,CL_agranular_and_dysgranular_insula,L,mapped,"[53, 172, 89]",True,False,0,,Atlas background,L,zero_unassigned,"[53, 173, 90]",False,False
251637,440.swc,251637|440.swc,936,D:\projectome_analysis\group_analysis\fnt\nmt_swcs\251637\440.swc,8b1199450f2ba9924f24249f190bb7dce7bab5328a852e5b430992f06ef203bb,HumanINS_L,main,6,0,,Atlas background,L,Atlas background (Left),zero_unassigned,"[55, 172, 90]",Unknown,False,1,"[13781.0, 43122.0, 22526.8]","[55.124, 172.488, 90.10719999999999]",current_rint_zero_center,0,,Atlas background,L,zero_unassigned,"[55, 172, 90]",False,False,0,,Atlas background,L,zero_unassigned,"[55, 172, 90]",False,False
251637,441.swc,251637|441.swc,936,D:\projectome_analysis\group_analysis\fnt\nmt_swcs\251637\441.swc,ee3756ad8e1b5e2b982933879819c5e5585205760b056fd9e5bcdd99afde6e41,HumanINS_L,main,6,228,CL_Ia/Id,CL_agranular_and_dysgranular_insula,L,CL_agranular_and_dysgranular_insula (Left),mapped,"[52, 174, 89]",L,False,1,"[13006.2, 43485.2, 22342.2]","[52.024800000000006, 173.9408, 89.36880000000001]",current_rint_zero_center,228,CL_Ia/Id,CL_agranular_and_dysgranular_insula,L,mapped,"[52, 173, 89]",False,False,228,CL_Ia/Id,CL_agranular_and_dysgranular_insula,L,mapped,"[52, 174, 89]",False,False
251637,442.swc,251637|442.swc,936,D:\projectome_analysis\group_analysis\fnt\nmt_swcs\251637\442.swc,75f9e84ee2327ed67982b82d4ecb6652e0474c5d39e87c83e5a234928fff4c9a,HumanINS_L,main,6,228,CL_Ia/Id,CL_agranular_and_dysgranular_insula,L,CL_agranular_and_dysgranular_insula (Left),mapped,"[52, 174, 87]",L,False,1,"[13066.0, 43379.5, 21800.5]","[52.264, 173.518, 87.202]",current_rint_zero_center,228,CL_Ia/Id,CL_agranular_and_dysgranular_insula,L,mapped,"[52, 173, 87]",False,False,228,CL_Ia/Id,CL_agranular_and_dysgranular_insula,L,mapped,"[52, 174, 87]",False,False
251637,443.swc,251637|443.swc,936,D:\projectome_analysis\group_analysis\fnt\nmt_swcs\251637\443.swc,8db26cd1f6a08e511454df02f82c70208bc2dc8f989c4744753e08a811ddb1a5,HumanINS_L,main,6,228,CL_Ia/Id,CL_agranular_and_dysgranular_insula,L,CL_agranular_and_dysgranular_insula (Left),mapped,"[53, 171, 88]",L,False,1,"[13287.8, 42803.0, 22115.0]","[53.151199999999996, 171.212, 88.46]",current_rint_zero_center,228,CL_Ia/Id,CL_agranular_and_dysgranular_insula,L,mapped,"[53, 171, 88]",False,False,228,CL_Ia/Id,CL_agranular_and_dysgranular_insula,L,mapped,"[53, 171, 88]",False,False
251637,444.swc,251637|444.swc,936,D:\projectome_analysis\group_analysis\fnt\nmt_swcs\251637\444.swc,2cbdd74c64db01b71b12c3b1446facaa227986818d4b85a5cc487c1140d0b577,HumanINS_L,main,6,0,,Atlas background,L,Atlas background (Left),zero_unassigned,"[54, 172, 89]",Unknown,False,1,"[13387.0, 42884.2, 22312.2]","[53.548, 171.5368, 89.2488]",current_rint_zero_center,228,CL_Ia/Id,CL_agranular_and_dysgranular_insula,L,mapped,"[53, 171, 89]",True,False,0,,Atlas background,L,zero_unassigned,"[54, 172, 89]",False,False
251637,445.swc,251637|445.swc,936,D:\projectome_analysis\group_analysis\fnt\nmt_swcs\251637\445.swc,c346b3046ef0a33b16a239892683eed780057137d3857e993af75e8e312113f2,HumanINS_L,main,6,228,CL_Ia/Id,CL_agranular_and_dysgranular_insula,L,CL_agranular_and_dysgranular_insula (Left),mapped,"[51, 170, 89]",L,False,1,"[12770.2, 42444.5, 22318.8]","[51.0808, 169.778, 89.2752]",current_rint_zero_center,228,CL_Ia/Id,CL_agranular_and_dysgranular_insula,L,mapped,"[51, 169, 89]",False,False,228,CL_Ia/Id,CL_agranular_and_dysgranular_insula,L,mapped,"[51, 170, 89]",False,False
251637,446.swc,251637|446.swc,936,D:\projectome_analysis\group_analysis\fnt\nmt_swcs\251637\446.swc,f2baa0921f5a3f1743c72ce2721631c2b8be7a63abaa8a23f0439490091acdf9,HumanINS_L,main,6,228,CL_Ia/Id,CL_agranular_and_dysgranular_insula,L,CL_agranular_and_dysgranular_insula (Left),mapped,"[50, 170, 90]",L,False,1,"[12590.8, 42451.2, 22458.8]","[50.3632, 169.8048, 89.8352]",current_rint_zero_center,228,CL_Ia/Id,CL_agranular_and_dysgranular_insula,L,mapped,"[50, 169, 89]",False,False,228,CL_Ia/Id,CL_agranular_and_dysgranular_insula,L,mapped,"[50, 170, 90]",False,False
251637,447.swc,251637|447.swc,936,D:\projectome_analysis\group_analysis\fnt\nmt_swcs\251637\447.swc,b736e1922d6729fc8254b97946bb87817b9c7a14c6efd5dbb65476c162674cba,HumanINS_L,main,6,228,CL_Ia/Id,CL_agranular_and_dysgranular_insula,L,CL_agranular_and_dysgranular_insula (Left),mapped,"[50, 172, 90]",L,False,1,"[12595.5, 43044.2, 22547.8]","[50.382, 172.1768, 90.1912]",current_rint_zero_center,228,CL_Ia/Id,CL_agranular_and_dysgranular_insula,L,mapped,"[50, 172, 90]",False,False,228,CL_Ia/Id,CL_agranular_and_dysgranular_insula,L,mapped,"[50, 172, 90]",False,False
251637,448.swc,251637|448.swc,936,D:\projectome_analysis\group_analysis\fnt\nmt_swcs\251637\448.swc,0e85f1ed4a0b6aeeb7a69d9d087f9244d14a1a3183960d056ee07be483b872d1,HumanINS_L,main,6,228,CL_Ia/Id,CL_agranular_and_dysgranular_insula,L,CL_agranular_and_dysgranular_insula (Left),mapped,"[49, 173, 90]",L,False,1,"[12214.5, 43194.2, 22577.0]","[48.858, 172.77679999999998, 90.308]",current_rint_zero_center,228,CL_Ia/Id,CL_agranular_and_dysgranular_insula,L,mapped,"[48, 172, 90]",False,False,228,CL_Ia/Id,CL_agranular_and_dysgranular_insula,L,mapped,"[49, 173, 90]",False,False
251637,449.swc,251637|449.swc,936,D:\projectome_analysis\group_analysis\fnt\nmt_swcs\251637\449.swc,0f79e93063e530ce1863d6d91add19c0e7f3e54aebf5caf6564e7525fc33eba2,HumanINS_L,main,6,228,CL_Ia/Id,CL_agranular_and_dysgranular_insula,L,CL_agranular_and_dysgranular_insula (Left),mapped,"[49, 171, 91]",L,False,1,"[12291.0, 42842.2, 22825.8]","[49.164, 171.3688, 91.3032]",current_rint_zero_center,228,CL_Ia/Id,CL_agranular_and_dysgranular_insula,L,mapped,"[49, 171, 91]",False,False,228,CL_Ia/Id,CL_agranular_and_dysgranular_insula,L,mapped,"[49, 171, 91]",False,False
251637,450.swc,251637|450.swc,936,D:\projectome_analysis\group_analysis\fnt\nmt_swcs\251637\450.swc,d6e978b349fcf722e4dd00bb8626285d03522af0c0523dc5d743acf1ee9745b9,HumanINS_L,main,6,228,CL_Ia/Id,CL_agranular_and_dysgranular_insula,L,CL_agranular_and_dysgranular_insula (Left),mapped,"[49, 173, 91]",L,False,1,"[12372.0, 43165.2, 22835.8]","[49.488, 172.6608, 91.3432]",current_rint_zero_center,228,CL_Ia/Id,CL_agranular_and_dysgranular_insula,L,mapped,"[49, 172, 91]",False,False,228,CL_Ia/Id,CL_agranular_and_dysgranular_insula,L,mapped,"[49, 173, 91]",False,False
251637,451.swc,251637|451.swc,936,D:\projectome_analysis\group_analysis\fnt\nmt_swcs\251637\451.swc,714aa681f9e3d2220b7e0ffc8effde5e19f03ec046888b9503d5b2d282611925,HumanINS_L,main,6,228,CL_Ia/Id,CL_agranular_and_dysgranular_insula,L,CL_agranular_and_dysgranular_insula (Left),mapped,"[52, 173, 91]",L,False,1,"[12900.5, 43363.0, 22824.0]","[51.602, 173.452, 91.296]",current_rint_zero_center,228,CL_Ia/Id,CL_agranular_and_dysgranular_insula,L,mapped,"[51, 173, 91]",False,False,228,CL_Ia/Id,CL_agranular_and_dysgranular_insula,L,mapped,"[52, 173, 91]",False,False
251637,452.swc,251637|452.swc,936,D:\projectome_analysis\group_analysis\fnt\nmt_swcs\251637\452.swc,d8536de29f30ec2ab6ffcd08fbcf51368024bd0ee1f643a518a4bc6806acc74e,HumanINS_L,main,6,228,CL_Ia/Id,CL_agranular_and_dysgranular_insula,L,CL_agranular_and_dysgranular_insula (Left),mapped,"[50, 175, 94]",L,False,1,"[12558.5, 43631.8, 23413.5]","[50.234, 174.52720000000002, 93.654]",current_rint_zero_center,228,CL_Ia/Id,CL_agranular_and_dysgranular_insula,L,mapped,"[50, 174, 93]",False,False,228,CL_Ia/Id,CL_agranular_and_dysgranular_insula,L,mapped,"[50, 175, 94]",False,False
251637,453.swc,251637|453.swc,936,D:\projectome_analysis\group_analysis\fnt\nmt_swcs\251637\453.swc,7ee2c4f0cfd7833e0eee9c50496be557bd7d2bdb7ee66c58de78a3a14a76557a,HumanINS_L,main,6,228,CL_Ia/Id,CL_agranular_and_dysgranular_insula,L,CL_agranular_and_dysgranular_insula (Left),mapped,"[49, 173, 94]",L,False,1,"[12141.5, 43208.2, 23618.5]","[48.566, 172.8328, 94.474]",current_rint_zero_center,228,CL_Ia/Id,CL_agranular_and_dysgranular_insula,L,mapped,"[48, 172, 94]",False,False,228,CL_Ia/Id,CL_agranular_and_dysgranular_insula,L,mapped,"[49, 173, 94]",False,False
251637,454.swc,251637|454.swc,936,D:\projectome_analysis\group_analysis\fnt\nmt_swcs\251637\454.swc,5aa0f34f79b710dc8fcef9f0e5d4b9b44d956a65ab60bd6b7eabf87c14a491cf,HumanINS_L,main,6,228,CL_Ia/Id,CL_agranular_and_dysgranular_insula,L,CL_agranular_and_dysgranular_insula (Left),mapped,"[50, 170, 94]",L,False,1,"[12482.0, 42616.0, 23476.0]","[49.928, 170.464, 93.904]",current_rint_zero_center,228,CL_Ia/Id,CL_agranular_and_dysgranular_insula,L,mapped,"[49, 170, 93]",False,False,228,CL_Ia/Id,CL_agranular_and_dysgranular_insula,L,mapped,"[50, 170, 94]",False,False
251637,455.swc,251637|455.swc,936,D:\projectome_analysis\group_analysis\fnt\nmt_swcs\251637\455.swc,d4aa2afb918c0aeb685b2a14e2f332f76417b357893c6f640e0752a4a477830b,HumanINS_L,main,6,228,CL_Ia/Id,CL_agranular_and_dysgranular_insula,L,CL_agranular_and_dysgranular_insula (Left),mapped,"[51, 170, 92]",L,False,1,"[12763.0, 42483.5, 22970.8]","[51.052, 169.934, 91.8832]",current_rint_zero_center,228,CL_Ia/Id,CL_agranular_and_dysgranular_insula,L,mapped,"[51, 169, 91]",False,False,228,CL_Ia/Id,CL_agranular_and_dysgranular_insula,L,mapped,"[51, 170, 92]",False,False
251637,456.swc,251637|456.swc,936,D:\projectome_analysis\group_analysis\fnt\nmt_swcs\251637\456.swc,9aec270b6ef8639a814d665d625191eb3e8a66ad16abb1acb7d4e58729acf96f,HumanINS_L,main,6,228,CL_Ia/Id,CL_agranular_and_dysgranular_insula,L,CL_agranular_and_dysgranular_insula (Left),mapped,"[51, 170, 92]",L,False,1,"[12775.8, 42528.5, 23026.0]","[51.103199999999994, 170.114, 92.104]",current_rint_zero_center,228,CL_Ia/Id,CL_agranular_and_dysgranular_insula,L,mapped,"[51, 170, 92]",False,False,228,CL_Ia/Id,CL_agranular_and_dysgranular_insula,L,mapped,"[51, 170, 92]",False,False
251637,457.swc,251637|457.swc,936,D:\projectome_analysis\group_analysis\fnt\nmt_swcs\251637\457.swc,0ce544555d1439b1857fe23099a1767787e69144b372ef345200ccb65a4d5d04,HumanINS_L,main,6,228,CL_Ia/Id,CL_agranular_and_dysgranular_insula,L,CL_agranular_and_dysgranular_insula (Left),mapped,"[53, 171, 94]",L,False,1,"[13182.5, 42757.0, 23389.2]","[52.73, 171.028, 93.55680000000001]",current_rint_zero_center,228,CL_Ia/Id,CL_agranular_and_dysgranular_insula,L,mapped,"[52, 171, 93]",False,False,228,CL_Ia/Id,CL_agranular_and_dysgranular_insula,L,mapped,"[53, 171, 94]",False,False
251637,458.swc,251637|458.swc,936,D:\projectome_analysis\group_analysis\fnt\nmt_swcs\251637\458.swc,7cb10580fc2520638ef615a0dcb35ae1c58aa398052abd7226f5d09ecbb832ba,HumanINS_L,main,6,0,,Atlas background,L,Atlas background (Left),zero_unassigned,"[53, 174, 94]",Unknown,False,1,"[13243.0, 43434.0, 23590.5]","[52.972, 173.736, 94.362]",current_rint_zero_center,228,CL_Ia/Id,CL_agranular_and_dysgranular_insula,L,mapped,"[52, 173, 94]",True,False,0,,Atlas background,L,zero_unassigned,"[53, 174, 94]",False,False
251637,459.swc,251637|459.swc,936,D:\projectome_analysis\group_analysis\fnt\nmt_swcs\251637\459.swc,25d32a1384a4efa006e5724a8c7b5f62cd96b107e9a14a3a04a0638f85cbf7a3,HumanINS_L,main,6,0,,Atlas background,L,Atlas background (Left),zero_unassigned,"[54, 173, 91]",Unknown,False,1,"[13375.0, 43289.5, 22771.5]","[53.5, 173.158, 91.086]",current_rint_zero_center,0,,Atlas background,L,zero_unassigned,"[53, 173, 91]",False,False,0,,Atlas background,L,zero_unassigned,"[54, 173, 91]",False,False
251637,460.swc,251637|460.swc,936,D:\projectome_analysis\group_analysis\fnt\nmt_swcs\251637\460.swc,b741339ff2306ea9ef6b6d19ac45d48668ad8e127fdb800a4405d7dda1ac46e4,HumanINS_L,main,6,0,,Atlas background,L,Atlas background (Left),zero_unassigned,"[54, 171, 92]",Unknown,False,1,"[13405.8, 42792.5, 23123.2]","[53.6232, 171.17, 92.4928]",current_rint_zero_center,228,CL_Ia/Id,CL_agranular_and_dysgranular_insula,L,mapped,"[53, 171, 92]",True,False,0,,Atlas background,L,zero_unassigned,"[54, 171, 92]",False,False
251637,461.swc,251637|461.swc,936,D:\projectome_analysis\group_analysis\fnt\nmt_swcs\251637\461.swc,c684851a8bf902f703a537f06bdf9a6c154c8bdc049204f7c18ea005487ff3b9,HumanINS_L,main,6,0,,Atlas background,L,Atlas background (Left),zero_unassigned,"[54, 170, 93]",Unknown,False,1,"[13490.2, 42567.5, 23191.5]","[53.960800000000006, 170.27, 92.766]",current_rint_zero_center,228,CL_Ia/Id,CL_agranular_and_dysgranular_insula,L,mapped,"[53, 170, 92]",True,False,0,,Atlas background,L,zero_unassigned,"[54, 170, 93]",False,False
251637,462.swc,251637|462.swc,936,D:\projectome_analysis\group_analysis\fnt\nmt_swcs\251637\462.swc,5db7b471e72e07b67262c35dbb36dced80aab49e1f8b4f2c3c2b3292e1bd0ecc,HumanINS_L,main,6,228,CL_Ia/Id,CL_agranular_and_dysgranular_insula,L,CL_agranular_and_dysgranular_insula (Left),mapped,"[53, 171, 92]",L,False,1,"[13243.2, 42868.0, 22968.0]","[52.9728, 171.472, 91.872]",current_rint_zero_center,228,CL_Ia/Id,CL_agranular_and_dysgranular_insula,L,mapped,"[52, 171, 91]",False,False,228,CL_Ia/Id,CL_agranular_and_dysgranular_insula,L,mapped,"[53, 171, 92]",False,False
251637,463.swc,251637|463.swc,936,D:\projectome_analysis\group_analysis\fnt\nmt_swcs\251637\463.swc,33daf41ece424f714cb89d002eba4a70e575e4ded80e6eeeab58e3b2046e0ab9,HumanINS_L,main,6,228,CL_Ia/Id,CL_agranular_and_dysgranular_insula,L,CL_agranular_and_dysgranular_insula (Left),mapped,"[52, 171, 92]",L,False,1,"[12948.2, 42786.5, 22966.0]","[51.7928, 171.146, 91.864]",current_rint_zero_center,228,CL_Ia/Id,CL_agranular_and_dysgranular_insula,L,mapped,"[51, 171, 91]",False,False,228,CL_Ia/Id,CL_agranular_and_dysgranular_insula,L,mapped,"[52, 171, 92]",False,False
251637,464.swc,251637|464.swc,936,D:\projectome_analysis\group_analysis\fnt\nmt_swcs\251637\464.swc,0b8f09f656aff3f0a9bf6fbf1dbd2532c0b1cc19872da8630015a8ad13766123,HumanINS_L,main,6,228,CL_Ia/Id,CL_agranular_and_dysgranular_insula,L,CL_agranular_and_dysgranular_insula (Left),mapped,"[51, 173, 92]",L,False,1,"[12743.2, 43314.0, 23014.8]","[50.9728, 173.256, 92.0592]",current_rint_zero_center,228,CL_Ia/Id,CL_agranular_and_dysgranular_insula,L,mapped,"[50, 173, 92]",False,False,228,CL_Ia/Id,CL_agranular_and_dysgranular_insula,L,mapped,"[51, 173, 92]",False,False
251637,465.swc,251637|465.swc,936,D:\projectome_analysis\group_analysis\fnt\nmt_swcs\251637\465.swc,c68bfd0d5040154d32b4c5f321d72cf623fde8ad4171064fefa7c066108ae778,HumanINS_L,main,6,228,CL_Ia/Id,CL_agranular_and_dysgranular_insula,L,CL_agranular_and_dysgranular_insula (Left),mapped,"[51, 169, 95]",L,False,1,"[12765.2, 42216.0, 23632.8]","[51.0608, 168.864, 94.5312]",current_rint_zero_center,228,CL_Ia/Id,CL_agranular_and_dysgranular_insula,L,mapped,"[51, 168, 94]",False,False,228,CL_Ia/Id,CL_agranular_and_dysgranular_insula,L,mapped,"[51, 169, 95]",False,False
251637,466.swc,251637|466.swc,936,D:\projectome_analysis\group_analysis\fnt\nmt_swcs\251637\466.swc,1813d6ccc069aef8c44786218e57e2c532377972f6d2b6fbba8ae292166ca6db,HumanINS_L,main,6,228,CL_Ia/Id,CL_agranular_and_dysgranular_insula,L,CL_agranular_and_dysgranular_insula (Left),mapped,"[52, 169, 96]",L,False,1,"[12941.5, 42233.8, 24092.0]","[51.766, 168.9352, 96.368]",current_rint_zero_center,228,CL_Ia/Id,CL_agranular_and_dysgranular_insula,L,mapped,"[51, 168, 96]",False,False,228,CL_Ia/Id,CL_agranular_and_dysgranular_insula,L,mapped,"[52, 169, 96]",False,False
251637,467.swc,251637|467.swc,936,D:\projectome_analysis\group_analysis\fnt\nmt_swcs\251637\467.swc,b7af56f683bb155882f12360e7b56ea85228195a1e5547956afcc76703254b7a,HumanINS_L,main,6,228,CL_Ia/Id,CL_agranular_and_dysgranular_insula,L,CL_agranular_and_dysgranular_insula (Left),mapped,"[53, 168, 97]",L,False,1,"[13126.8, 42119.2, 24337.8]","[52.5072, 168.4768, 97.35119999999999]",current_rint_zero_center,228,CL_Ia/Id,CL_agranular_and_dysgranular_insula,L,mapped,"[52, 168, 97]",False,False,228,CL_Ia/Id,CL_agranular_and_dysgranular_insula,L,mapped,"[53, 168, 97]",False,False
251637,468.swc,251637|468.swc,936,D:\projectome_analysis\group_analysis\fnt\nmt_swcs\251637\468.swc,50c00abb9e05a50fdf4e76b02dcf2f7c37498da5e908fef39153d7c252433f9b,HumanINS_L,main,6,228,CL_Ia/Id,CL_agranular_and_dysgranular_insula,L,CL_agranular_and_dysgranular_insula (Left),mapped,"[53, 169, 97]",L,False,1,"[13367.0, 42338.5, 24259.2]","[53.468, 169.354, 97.0368]",current_rint_zero_center,228,CL_Ia/Id,CL_agranular_and_dysgranular_insula,L,mapped,"[53, 169, 97]",False,False,228,CL_Ia/Id,CL_agranular_and_dysgranular_insula,L,mapped,"[53, 169, 97]",False,False
251637,469.swc,251637|469.swc,936,D:\projectome_analysis\group_analysis\fnt\nmt_swcs\251637\469.swc,dba435e8b33ef6349c00e8dcb47f37135e3c8fb250324f457d5bd2810def5b0c,HumanINS_L,main,6,0,,Atlas background,L,Atlas background (Left),zero_unassigned,"[55, 171, 97]",Unknown,False,1,"[13639.2, 42674.0, 24142.5]","[54.5568, 170.696, 96.57]",current_rint_zero_center,0,,Atlas background,L,zero_unassigned,"[54, 170, 96]",False,False,0,,Atlas background,L,zero_unassigned,"[55, 171, 97]",False,False
251637,470.swc,251637|470.swc,936,D:\projectome_analysis\group_analysis\fnt\nmt_swcs\251637\470.swc,9e79e17b71024d918f8fd7aa257f1c33b41549653da18ace24d858028d6ac6fa,HumanINS_L,main,6,228,CL_Ia/Id,CL_agranular_and_dysgranular_insula,L,CL_agranular_and_dysgranular_insula (Left),mapped,"[53, 172, 96]",L,False,1,"[13176.0, 42958.0, 24043.2]","[52.704, 171.832, 96.17280000000001]",current_rint_zero_center,228,CL_Ia/Id,CL_agranular_and_dysgranular_insula,L,mapped,"[52, 171, 96]",False,False,228,CL_Ia/Id,CL_agranular_and_dysgranular_insula,L,mapped,"[53, 172, 96]",False,False
251637,471.swc,251637|471.swc,936,D:\projectome_analysis\group_analysis\fnt\nmt_swcs\251637\471.swc,02550c4a49a94ebc07879a1cdc9d2214bf629e74726d1355499f880fa8e43988,HumanINS_L,main,6,228,CL_Ia/Id,CL_agranular_and_dysgranular_insula,L,CL_agranular_and_dysgranular_insula (Left),mapped,"[53, 171, 98]",L,False,1,"[13157.8, 42766.8, 24445.5]","[52.6312, 171.0672, 97.782]",current_rint_zero_center,228,CL_Ia/Id,CL_agranular_and_dysgranular_insula,L,mapped,"[52, 171, 97]",False,False,228,CL_Ia/Id,CL_agranular_and_dysgranular_insula,L,mapped,"[53, 171, 98]",False,False
251637,472.swc,251637|472.swc,936,D:\projectome_analysis\group_analysis\fnt\nmt_swcs\251637\472.swc,b254567906171b36b943f9180a046c6bb6093cf04f54bfa69f8d627fdf10a8dd,HumanINS_L,main,6,42,CL_Ial,CL_lateral_agranular_insula_area,L,CL_lateral_agranular_insula_area (Left),mapped,"[77, 211, 77]",L,False,1,"[19373.2, 52847.8, 19134.0]","[77.4928, 211.3912, 76.536]",current_rint_zero_center,42,CL_Ial,CL_lateral_agranular_insula_area,L,mapped,"[77, 211, 76]",False,False,42,CL_Ial,CL_lateral_agranular_insula_area,L,mapped,"[77, 211, 77]",False,False
251637,473.swc,251637|473.swc,936,D:\projectome_analysis\group_analysis\fnt\nmt_swcs\251637\473.swc,6b9cb114260adbd1e8540f3e8e74ac36b5ff37ae4dfd92bd757767d6009f25f3,HumanINS_L,main,6,42,CL_Ial,CL_lateral_agranular_insula_area,L,CL_lateral_agranular_insula_area (Left),mapped,"[78, 210, 75]",L,False,1,"[19552.0, 52604.2, 18791.8]","[78.208, 210.4168, 75.1672]",current_rint_zero_center,42,CL_Ial,CL_lateral_agranular_insula_area,L,mapped,"[78, 210, 75]",False,False,42,CL_Ial,CL_lateral_agranular_insula_area,L,mapped,"[78, 210, 75]",False,False
251637,474.swc,251637|474.swc,936,D:\projectome_analysis\group_analysis\fnt\nmt_swcs\251637\474.swc,b518cbe406025405a24d681332ca7c8fa1fb4673b0a80e358e7b3a3a1ce5e8b6,HumanINS_L,main,6,42,CL_Ial,CL_lateral_agranular_insula_area,L,CL_lateral_agranular_insula_area (Left),mapped,"[81, 210, 74]",L,False,1,"[20255.0, 52529.2, 18439.8]","[81.02, 210.11679999999998, 73.75919999999999]",current_rint_zero_center,42,CL_Ial,CL_lateral_agranular_insula_area,L,mapped,"[81, 210, 73]",False,False,42,CL_Ial,CL_lateral_agranular_insula_area,L,mapped,"[81, 210, 74]",False,False
251637,475.swc,251637|475.swc,936,D:\projectome_analysis\group_analysis\fnt\nmt_swcs\251637\475.swc,8aac653a07f20dfa57a2a0e3ce6b078fd7ed3bf7347dd24b24f2f9d655cdcbbc,HumanINS_L,main,6,42,CL_Ial,CL_lateral_agranular_insula_area,L,CL_lateral_agranular_insula_area (Left),mapped,"[80, 212, 77]",L,False,1,"[20100.0, 52976.8, 19347.2]","[80.4, 211.90720000000002, 77.3888]",current_rint_zero_center,42,CL_Ial,CL_lateral_agranular_insula_area,L,mapped,"[80, 211, 77]",False,False,42,CL_Ial,CL_lateral_agranular_insula_area,L,mapped,"[80, 212, 77]",False,False
251637,476.swc,251637|476.swc,936,D:\projectome_analysis\group_analysis\fnt\nmt_swcs\251637\476.swc,731a17f54d16a108acf3794cfad5c7ea595c28f9c9c95ef6cdd228d703d11fd7,HumanINS_L,main,6,42,CL_Ial,CL_lateral_agranular_insula_area,L,CL_lateral_agranular_insula_area (Left),mapped,"[80, 211, 78]",L,False,1,"[19884.2, 52665.8, 19473.2]","[79.5368, 210.66320000000002, 77.89280000000001]",current_rint_zero_center,42,CL_Ial,CL_lateral_agranular_insula_area,L,mapped,"[79, 210, 77]",False,False,42,CL_Ial,CL_lateral_agranular_insula_area,L,mapped,"[80, 211, 78]",False,False
251637,477.swc,251637|477.swc,936,D:\projectome_analysis\group_analysis\fnt\nmt_swcs\251637\477.swc,e89495f420bd301a01e567716fa11d48defc773bb2ab6ced6bede3205f346f45,HumanINS_L,main,6,42,CL_Ial,CL_lateral_agranular_insula_area,L,CL_lateral_agranular_insula_area (Left),mapped,"[79, 211, 80]",L,False,1,"[19682.5, 52779.5, 20081.0]","[78.73, 211.118, 80.324]",current_rint_zero_center,42,CL_Ial,CL_lateral_agranular_insula_area,L,mapped,"[78, 211, 80]",False,False,42,CL_Ial,CL_lateral_agranular_insula_area,L,mapped,"[79, 211, 80]",False,False
251637,478.swc,251637|478.swc,936,D:\projectome_analysis\group_analysis\fnt\nmt_swcs\251637\478.swc,9d7a75b0eace6f0c6eb1965c4a86168f98b735b281d1e4a319b9e4d44461ac51,HumanINS_L,main,6,41,CL_Iai,CL_intermediate_agranular_insula_area,L,CL_intermediate_agranular_insula_area (Left),mapped,"[82, 212, 83]",L,False,1,"[20451.8, 53004.9, 20633.2]","[81.8072, 212.0196, 82.53280000000001]",current_rint_zero_center,41,CL_Iai,CL_intermediate_agranular_insula_area,L,mapped,"[81, 212, 82]",False,False,41,CL_Iai,CL_intermediate_agranular_insula_area,L,mapped,"[82, 212, 83]",False,False
251637,479.swc,251637|479.swc,936,D:\projectome_analysis\group_analysis\fnt\nmt_swcs\251637\479.swc,90c378e26fb754b5b5515917fadf70797a81971d1c920b55a8d14b210870024a,HumanINS_L,main,6,41,CL_Iai,CL_intermediate_agranular_insula_area,L,CL_intermediate_agranular_insula_area (Left),mapped,"[82, 214, 82]",L,False,1,"[20556.0, 53422.9, 20522.2]","[82.224, 213.6916, 82.0888]",current_rint_zero_center,41,CL_Iai,CL_intermediate_agranular_insula_area,L,mapped,"[82, 213, 82]",False,False,41,CL_Iai,CL_intermediate_agranular_insula_area,L,mapped,"[82, 214, 82]",False,False
251637,480.swc,251637|480.swc,936,D:\projectome_analysis\group_analysis\fnt\nmt_swcs\251637\480.swc,15a38b9578ffe527d729a717a64354fee9c723a32a6bfc6bfd4ae7cbba1a8aab,HumanINS_L,main,6,41,CL_Iai,CL_intermediate_agranular_insula_area,L,CL_intermediate_agranular_insula_area (Left),mapped,"[82, 214, 82]",L,False,1,"[20448.5, 53433.9, 20386.5]","[81.794, 213.7356, 81.546]",current_rint_zero_center,41,CL_Iai,CL_intermediate_agranular_insula_area,L,mapped,"[81, 213, 81]",False,False,41,CL_Iai,CL_intermediate_agranular_insula_area,L,mapped,"[82, 214, 82]",False,False
251637,481.swc,251637|481.swc,936,D:\projectome_analysis\group_analysis\fnt\nmt_swcs\251637\481.swc,8ca2f553f66ec0d3b558e5a79015e9666666984b9dfce636a3f190073245a8b8,HumanINS_L,main,6,41,CL_Iai,CL_intermediate_agranular_insula_area,L,CL_intermediate_agranular_insula_area (Left),mapped,"[82, 215, 82]",L,False,1,"[20419.2, 53689.1, 20588.8]","[81.6768, 214.75639999999999, 82.3552]",current_rint_zero_center,41,CL_Iai,CL_intermediate_agranular_insula_area,L,mapped,"[81, 214, 82]",False,False,41,CL_Iai,CL_intermediate_agranular_insula_area,L,mapped,"[82, 215, 82]",False,False
251637,482.swc,251637|482.swc,936,D:\projectome_analysis\group_analysis\fnt\nmt_swcs\251637\482.swc,73ea5ffae5ff22fc26d20014b24bc03f176866cab29dbe7354c4609bbc9b85c5,HumanINS_L,main,6,41,CL_Iai,CL_intermediate_agranular_insula_area,L,CL_intermediate_agranular_insula_area (Left),mapped,"[80, 214, 80]",L,False,1,"[19917.2, 53386.7, 19897.2]","[79.6688, 213.5468, 79.5888]",current_rint_zero_center,41,CL_Iai,CL_intermediate_agranular_insula_area,L,mapped,"[79, 213, 79]",False,False,41,CL_Iai,CL_intermediate_agranular_insula_area,L,mapped,"[80, 214, 80]",False,False
251637,483.swc,251637|483.swc,936,D:\projectome_analysis\group_analysis\fnt\nmt_swcs\251637\483.swc,9a95051f165a7d4c686452e091208087be35cc2642376419afb673269841404e,HumanINS_L,main,6,41,CL_Iai,CL_intermediate_agranular_insula_area,L,CL_intermediate_agranular_insula_area (Left),mapped,"[78, 214, 80]",L,False,1,"[19612.2, 53390.9, 20065.2]","[78.4488, 213.5636, 80.2608]",current_rint_zero_center,41,CL_Iai,CL_intermediate_agranular_insula_area,L,mapped,"[78, 213, 80]",False,False,41,CL_Iai,CL_intermediate_agranular_insula_area,L,mapped,"[78, 214, 80]",False,False
251637,484.swc,251637|484.swc,936,D:\projectome_analysis\group_analysis\fnt\nmt_swcs\251637\484.swc,8a06c2961645be4060bc8b2ad04bd34fdf2d57c4eb9f8bf840e1e36ed947cae4,HumanINS_L,main,6,41,CL_Iai,CL_intermediate_agranular_insula_area,L,CL_intermediate_agranular_insula_area (Left),mapped,"[77, 213, 79]",L,False,1,"[19336.5, 53274.2, 19812.0]","[77.346, 213.0968, 79.248]",current_rint_zero_center,41,CL_Iai,CL_intermediate_agranular_insula_area,L,mapped,"[77, 213, 79]",False,False,41,CL_Iai,CL_intermediate_agranular_insula_area,L,mapped,"[77, 213, 79]",False,False
251637,485.swc,251637|485.swc,936,D:\projectome_analysis\group_analysis\fnt\nmt_swcs\251637\485.swc,0208aed84855f40bbb65270a40c304fadbfa50df426e4c13974ca95cd47760b5,HumanINS_L,main,6,42,CL_Ial,CL_lateral_agranular_insula_area,L,CL_lateral_agranular_insula_area (Left),mapped,"[77, 212, 79]",L,False,1,"[19236.2, 53066.6, 19815.8]","[76.9448, 212.2664, 79.2632]",current_rint_zero_center,42,CL_Ial,CL_lateral_agranular_insula_area,L,mapped,"[76, 212, 79]",False,False,42,CL_Ial,CL_lateral_agranular_insula_area,L,mapped,"[77, 212, 79]",False,False
251637,486.swc,251637|486.swc,936,D:\projectome_analysis\group_analysis\fnt\nmt_swcs\251637\486.swc,babc1937e1df0c13e31d136adc925fb593593b53a35b0077f650294fc89d5458,HumanINS_L,main,6,42,CL_Ial,CL_lateral_agranular_insula_area,L,CL_lateral_agranular_insula_area (Left),mapped,"[76, 212, 80]",L,False,1,"[19065.5, 52967.8, 19954.5]","[76.262, 211.87120000000002, 79.818]",current_rint_zero_center,42,CL_Ial,CL_lateral_agranular_insula_area,L,mapped,"[76, 211, 79]",False,False,42,CL_Ial,CL_lateral_agranular_insula_area,L,mapped,"[76, 212, 80]",False,False
251637,487.swc,251637|487.swc,936,D:\projectome_analysis\group_analysis\fnt\nmt_swcs\251637\487.swc,7a44bda442ada09cdbd95e33dcc9b5b902a96f1b1162958f9c9b46995e5aefed,HumanINS_L,main,6,42,CL_Ial,CL_lateral_agranular_insula_area,L,CL_lateral_agranular_insula_area (Left),mapped,"[78, 212, 80]",L,False,1,"[19605.0, 52974.8, 19893.8]","[78.42, 211.8992, 79.5752]",current_rint_zero_center,42,CL_Ial,CL_lateral_agranular_insula_area,L,mapped,"[78, 211, 79]",False,False,42,CL_Ial,CL_lateral_agranular_insula_area,L,mapped,"[78, 212, 80]",False,False
251637,488.swc,251637|488.swc,936,D:\projectome_analysis\group_analysis\fnt\nmt_swcs\251637\488.swc,d1897e8175ce9ba13bb982a5d1b1784082d64d591ebb88b174eaf61b5aab3e13,HumanINS_L,main,6,42,CL_Ial,CL_lateral_agranular_insula_area,L,CL_lateral_agranular_insula_area (Left),mapped,"[78, 211, 79]",L,False,1,"[19495.2, 52832.2, 19806.8]","[77.9808, 211.3288, 79.2272]",current_rint_zero_center,42,CL_Ial,CL_lateral_agranular_insula_area,L,mapped,"[77, 211, 79]",False,False,42,CL_Ial,CL_lateral_agranular_insula_area,L,mapped,"[78, 211, 79]",False,False
251637,489.swc,251637|489.swc,936,D:\projectome_analysis\group_analysis\fnt\nmt_swcs\251637\489.swc,6a41bcf23f156734c437312cab33949da674fa242f9d1e11094ba4f4ca91f640,HumanINS_L,main,6,42,CL_Ial,CL_lateral_agranular_insula_area,L,CL_lateral_agranular_insula_area (Left),mapped,"[75, 212, 78]",L,False,1,"[18676.2, 52971.0, 19584.8]","[74.7048, 211.884, 78.33919999999999]",current_rint_zero_center,42,CL_Ial,CL_lateral_agranular_insula_area,L,mapped,"[74, 211, 78]",False,False,42,CL_Ial,CL_lateral_agranular_insula_area,L,mapped,"[75, 212, 78]",False,False
251637,490.swc,251637|490.swc,936,D:\projectome_analysis\group_analysis\fnt\nmt_swcs\251637\490.swc,fac757f7341fd2fb0083005bfe85d2228a09d886d202b6ea20d3aefc95450e2d,HumanINS_L,main,6,41,CL_Iai,CL_intermediate_agranular_insula_area,L,CL_intermediate_agranular_insula_area (Left),mapped,"[82, 213, 79]",L,False,1,"[20563.8, 53139.6, 19643.0]","[82.2552, 212.5584, 78.572]",current_rint_zero_center,41,CL_Iai,CL_intermediate_agranular_insula_area,L,mapped,"[82, 212, 78]",False,False,41,CL_Iai,CL_intermediate_agranular_insula_area,L,mapped,"[82, 213, 79]",False,False
251637,491.swc,251637|491.swc,936,D:\projectome_analysis\group_analysis\fnt\nmt_swcs\251637\491.swc,af170b02ef239bbc1f2bdb7449a8feee2c669ed1c127124545ac62b1c6b446da,HumanINS_L,main,6,41,CL_Iai,CL_intermediate_agranular_insula_area,L,CL_intermediate_agranular_insula_area (Left),mapped,"[81, 212, 78]",L,False,1,"[20373.2, 53102.4, 19520.8]","[81.4928, 212.4096, 78.08319999999999]",current_rint_zero_center,41,CL_Iai,CL_intermediate_agranular_insula_area,L,mapped,"[81, 212, 78]",False,False,41,CL_Iai,CL_intermediate_agranular_insula_area,L,mapped,"[81, 212, 78]",False,False
251637,492.swc,251637|492.swc,936,D:\projectome_analysis\group_analysis\fnt\nmt_swcs\251637\492.swc,1a84e275988e936889f32f3f0a2b0f402ec268ba69ca3d2745f628ec9c5f2ec7,HumanINS_L,main,6,41,CL_Iai,CL_intermediate_agranular_insula_area,L,CL_intermediate_agranular_insula_area (Left),mapped,"[81, 212, 80]",L,False,1,"[20338.5, 52999.5, 19896.8]","[81.354, 211.998, 79.5872]",current_rint_zero_center,42,CL_Ial,CL_lateral_agranular_insula_area,L,mapped,"[81, 211, 79]",True,False,41,CL_Iai,CL_intermediate_agranular_insula_area,L,mapped,"[81, 212, 80]",False,False
251637,493.swc,251637|493.swc,936,D:\projectome_analysis\group_analysis\fnt\nmt_swcs\251637\493.swc,165a075ca55af8bbc75d1e3bcf84679c1aa2bf96ba26025d35be84e48d6d8c02,HumanINS_L,main,6,42,CL_Ial,CL_lateral_agranular_insula_area,L,CL_lateral_agranular_insula_area (Left),mapped,"[80, 211, 81]",L,False,1,"[20106.5, 52686.8, 20156.2]","[80.426, 210.74720000000002, 80.62480000000001]",current_rint_zero_center,42,CL_Ial,CL_lateral_agranular_insula_area,L,mapped,"[80, 210, 80]",False,False,42,CL_Ial,CL_lateral_agranular_insula_area,L,mapped,"[80, 211, 81]",False,False
251637,494.swc,251637|494.swc,936,D:\projectome_analysis\group_analysis\fnt\nmt_swcs\251637\494.swc,9313ccbd186229866b6b1b061f6e1b3185447a76ad3b04b51e54a14cc78945e8,HumanINS_L,main,6,41,CL_Iai,CL_intermediate_agranular_insula_area,L,CL_intermediate_agranular_insula_area (Left),mapped,"[81, 212, 79]",L,False,1,"[20214.2, 52886.8, 19639.2]","[80.8568, 211.5472, 78.55680000000001]",current_rint_zero_center,42,CL_Ial,CL_lateral_agranular_insula_area,L,mapped,"[80, 211, 78]",True,False,41,CL_Iai,CL_intermediate_agranular_insula_area,L,mapped,"[81, 212, 79]",False,False
252383,018.swc,252383|018.swc,605,D:\projectome_analysis\group_analysis\fnt\nmt_swcs\252383\018.swc,79d9c3c4785619f8e002ced5a85c71b97e5178aba5205d865072b3a34a6a4dc5,AtlasINS_R,main,6,729,CR_Ig,CR_granular_insula,R,CR_granular_insula (Right),mapped,"[186, 153, 119]",R,False,1,"[46486.125, 38164.0, 29873.95]","[185.9445, 152.656, 119.4958]",current_rint_zero_center,729,CR_Ig,CR_granular_insula,R,mapped,"[185, 152, 119]",False,False,729,CR_Ig,CR_granular_insula,R,mapped,"[186, 153, 119]",False,False
252383,019.swc,252383|019.swc,605,D:\projectome_analysis\group_analysis\fnt\nmt_swcs\252383\019.swc,3d4c1155f49f440fec978b77d6c10a88c4e69916beb6ec9b062b7641e8cec55e,AtlasINS_R,main,6,729,CR_Ig,CR_granular_insula,R,CR_granular_insula (Right),mapped,"[186, 151, 119]",R,False,1,"[46520.95, 37834.75, 29693.0]","[186.0838, 151.339, 118.772]",current_rint_zero_center,729,CR_Ig,CR_granular_insula,R,mapped,"[186, 151, 118]",False,False,729,CR_Ig,CR_granular_insula,R,mapped,"[186, 151, 119]",False,False
252383,091.swc,252383|091.swc,605,D:\projectome_analysis\group_analysis\fnt\nmt_swcs\252383\091.swc,1a196d79545b76c9ef57fc9aff52c2d96bf44afd9016d1457eb420c0eff2519d,AtlasINS_L,main,6,229,CL_Ig,CL_granular_insula,L,CL_granular_insula (Left),mapped,"[57, 163, 121]",L,False,1,"[14140.749999999996, 40720.25, 30353.0]","[56.56299999999999, 162.881, 121.412]",current_rint_zero_center,95,CL_SII,CL_secondary_somatosensory_cortex,L,mapped,"[56, 162, 121]",True,False,229,CL_Ig,CL_granular_insula,L,mapped,"[57, 163, 121]",False,False
252383,122.swc,252383|122.swc,605,D:\projectome_analysis\group_analysis\fnt\nmt_swcs\252383\122.swc,eb3f84a6c3df6b154b349442b8159da27e5d182a709821efc52e6a6e4a82b21f,AtlasINS_R,main,6,729,CR_Ig,CR_granular_insula,R,CR_granular_insula (Right),mapped,"[197, 165, 122]",R,False,1,"[49166.95, 41178.0, 30624.075]","[196.6678, 164.712, 122.4963]",current_rint_zero_center,729,CR_Ig,CR_granular_insula,R,mapped,"[196, 164, 122]",False,False,729,CR_Ig,CR_granular_insula,R,mapped,"[197, 165, 122]",False,False
252383,125.swc,252383|125.swc,605,D:\projectome_analysis\group_analysis\fnt\nmt_swcs\252383\125.swc,935f8c1399fc1e04efeab5b9f1d620b8721daa9d7a963a5107af555e2959869b,AtlasINS_R,main,6,729,CR_Ig,CR_granular_insula,R,CR_granular_insula (Right),mapped,"[197, 167, 121]",R,False,1,"[49295.75, 41867.5, 30345.9]","[197.183, 167.47, 121.3836]",current_rint_zero_center,729,CR_Ig,CR_granular_insula,R,mapped,"[197, 167, 121]",False,False,729,CR_Ig,CR_granular_insula,R,mapped,"[197, 167, 121]",False,False
252383,130.swc,252383|130.swc,605,D:\projectome_analysis\notes\region_analysis_review_20261004\recovered_atlas_swcs\252383\130.swc,45b60b0c54e8061be721aa95da5a32cdcc3333985b5997202e21b6ee9b501eeb,AtlasINS_R,main,6,729,CR_Ig,CR_granular_insula,R,CR_granular_insula (Right),mapped,"[184, 151, 119]",R,False,1,"[46107.4, 37631.75, 29705.850000000002]","[184.4296, 150.527, 118.8234]",current_rint_zero_center,729,CR_Ig,CR_granular_insula,R,mapped,"[184, 150, 118]",False,False,729,CR_Ig,CR_granular_insula,R,mapped,"[184, 151, 119]",False,False
252384,047.swc,252384|047.swc,948,D:\projectome_analysis\neuron-vis\resource\swc\252384\047.swc,9d83804fb337e16eedf1761e4506fadc3491ad78b72d0b0b4bb6172dd46a0739,Candidate_L,main,6,0,,Atlas background,L,Atlas background (Left),zero_unassigned,"[75, 204, 77]",Unknown,False,1,"[18686.750000000004, 51034.5, 19262.5]","[74.74700000000001, 204.138, 77.05]",current_rint_zero_center,0,,Atlas background,L,zero_unassigned,"[74, 204, 77]",False,False,0,,Atlas background,L,zero_unassigned,"[75, 204, 77]",False,False
252384,048.swc,252384|048.swc,948,D:\projectome_analysis\group_analysis\fnt\nmt_swcs\252384\048.swc,0951283c158a57f20a2ca4b5c2c15d2493ed4e23cd365e005f00c8e091f064d8,AtlasINS_L,main,6,42,CL_Ial,CL_lateral_agranular_insula_area,L,CL_lateral_agranular_insula_area (Left),mapped,"[75, 206, 77]",L,False,1,"[18795.250000000004, 51408.0, 19295.75]","[75.18100000000001, 205.632, 77.183]",current_rint_zero_center,42,CL_Ial,CL_lateral_agranular_insula_area,L,mapped,"[75, 205, 77]",False,False,42,CL_Ial,CL_lateral_agranular_insula_area,L,mapped,"[75, 206, 77]",False,False
252384,049.swc,252384|049.swc,948,D:\projectome_analysis\group_analysis\fnt\nmt_swcs\252384\049.swc,998e170068cf2df20d96b60653cf0ee7d2adab85b5735d4d079349575836a0f5,AtlasINS_L,main,6,42,CL_Ial,CL_lateral_agranular_insula_area,L,CL_lateral_agranular_insula_area (Left),mapped,"[75, 206, 77]",L,False,1,"[18783.0, 51477.00000000001, 19227.0]","[75.132, 205.90800000000002, 76.908]",current_rint_zero_center,42,CL_Ial,CL_lateral_agranular_insula_area,L,mapped,"[75, 205, 76]",False,False,42,CL_Ial,CL_lateral_agranular_insula_area,L,mapped,"[75, 206, 77]",False,False
252384,050.swc,252384|050.swc,948,D:\projectome_analysis\neuron-vis\resource\swc\252384\050.swc,8228daf717b19186422134271e30b82051c1aa68fb92546766cc662d07925522,Candidate_L,main,6,0,,Atlas background,L,Atlas background (Left),zero_unassigned,"[75, 204, 78]",Unknown,False,1,"[18857.750000000004, 50879.00000000001, 19604.5]","[75.43100000000001, 203.51600000000002, 78.418]",current_rint_zero_center,1004,SL_Cl,SL_claustrum,L,mapped,"[75, 203, 78]",True,False,0,,Atlas background,L,zero_unassigned,"[75, 204, 78]",False,False
252384,051.swc,252384|051.swc,948,D:\projectome_analysis\neuron-vis\resource\swc\252384\051.swc,1e0ad58346eb5d7b576493adb9c47ac8e6457e39080f7aacff8030570f570ff5,Candidate_L,main,6,0,,Atlas background,L,Atlas background (Left),zero_unassigned,"[75, 204, 81]",Unknown,False,1,"[18672.25, 50976.74999999999, 20176.75]","[74.689, 203.90699999999998, 80.707]",current_rint_zero_center,0,,Atlas background,L,zero_unassigned,"[74, 203, 80]",False,False,0,,Atlas background,L,zero_unassigned,"[75, 204, 81]",False,False
252384,052.swc,252384|052.swc,948,D:\projectome_analysis\neuron-vis\resource\swc\252384\052.swc,491c31d167f433345d200da2f3f1ddf08d5bb8822d5890a08c8fd7880fdf1949,Candidate_L,main,6,0,,Atlas background,L,Atlas background (Left),zero_unassigned,"[74, 204, 77]",Unknown,False,1,"[18384.0, 50905.75, 19352.0]","[73.536, 203.623, 77.408]",current_rint_zero_center,0,,Atlas background,L,zero_unassigned,"[73, 203, 77]",False,False,0,,Atlas background,L,zero_unassigned,"[74, 204, 77]",False,False
252384,053.swc,252384|053.swc,948,D:\projectome_analysis\group_analysis\fnt\nmt_swcs\252384\053.swc,7bdcbb51e723cd878e00eb6c0ac58bb9da79235a508ddfcb5a3bc12b8ec1ae5a,AtlasINS_L,main,6,42,CL_Ial,CL_lateral_agranular_insula_area,L,CL_lateral_agranular_insula_area (Left),mapped,"[73, 204, 76]",L,False,1,"[18328.75, 50902.0, 18947.0]","[73.315, 203.608, 75.788]",current_rint_zero_center,42,CL_Ial,CL_lateral_agranular_insula_area,L,mapped,"[73, 203, 75]",False,False,42,CL_Ial,CL_lateral_agranular_insula_area,L,mapped,"[73, 204, 76]",False,False
252384,055.swc,252384|055.swc,948,D:\projectome_analysis\neuron-vis\resource\swc\252384\055.swc,a150e1fbd7d5c447e9755f3c866891ee57e3751a9d34c630a941b0e46590410f,Candidate_L,main,6,1004,SL_Cl,SL_claustrum,L,SL_claustrum (Left),mapped,"[76, 210, 89]",L,False,1,"[19045.75, 52516.99999999999, 22359.5]","[76.183, 210.06799999999998, 89.438]",current_rint_zero_center,1004,SL_Cl,SL_claustrum,L,mapped,"[76, 210, 89]",False,False,1004,SL_Cl,SL_claustrum,L,mapped,"[76, 210, 89]",False,False
252384,071.swc,252384|071.swc,948,D:\projectome_analysis\neuron-vis\resource\swc\252384\071.swc,054ac750f24965d87b095b76b58fc37da72cea26fd0828235d558ba9ab0d7d03,Candidate_R,main,6,1504,SR_Cl,SR_claustrum,R,SR_claustrum (Right),mapped,"[185, 205, 94]",R,False,1,"[46278.62500000001, 51175.75, 23390.25]","[185.11450000000002, 204.703, 93.561]",current_rint_zero_center,1504,SR_Cl,SR_claustrum,R,mapped,"[185, 204, 93]",False,False,1504,SR_Cl,SR_claustrum,R,mapped,"[185, 205, 94]",False,False
252384,072.swc,252384|072.swc,948,D:\projectome_analysis\neuron-vis\resource\swc\252384\072.swc,7f1bcf14fe3aa62e5457ac58a8ebcc6c90b00fbf2cb4bf2965ea6f24be6d9e56,Candidate_R,main,6,1504,SR_Cl,SR_claustrum,R,SR_claustrum (Right),mapped,"[185, 205, 95]",R,False,1,"[46334.024999999994, 51354.0, 23866.0]","[185.3361, 205.416, 95.464]",current_rint_zero_center,1504,SR_Cl,SR_claustrum,R,mapped,"[185, 205, 95]",False,False,1504,SR_Cl,SR_claustrum,R,mapped,"[185, 205, 95]",False,False
252384,073.swc,252384|073.swc,948,D:\projectome_analysis\neuron-vis\resource\swc\252384\073.swc,2ea28392dd892f83ad943bb49cb32a61854ab6431e0f2794feb646155cc48ea5,Candidate_R,main,6,1504,SR_Cl,SR_claustrum,R,SR_claustrum (Right),mapped,"[187, 204, 97]",R,False,1,"[46734.8, 51095.5, 24268.75]","[186.9392, 204.382, 97.075]",current_rint_zero_center,1504,SR_Cl,SR_claustrum,R,mapped,"[186, 204, 97]",False,False,1504,SR_Cl,SR_claustrum,R,mapped,"[187, 204, 97]",False,False
252384,074.swc,252384|074.swc,948,D:\projectome_analysis\neuron-vis\resource\swc\252384\074.swc,2146a16a06a9b64b526a03a87ff1c0ecc0ad38378bf206d8015c8c5ef712d088,Candidate_R,main,6,1504,SR_Cl,SR_claustrum,R,SR_claustrum (Right),mapped,"[187, 205, 98]",R,False,1,"[46789.775, 51168.75, 24595.0]","[187.1591, 204.675, 98.38]",current_rint_zero_center,1504,SR_Cl,SR_claustrum,R,mapped,"[187, 204, 98]",False,False,1504,SR_Cl,SR_claustrum,R,mapped,"[187, 205, 98]",False,False
252384,076.swc,252384|076.swc,948,D:\projectome_analysis\neuron-vis\resource\swc\252384\076.swc,73dc1b86b1693f7721ed939ccf3c11c7c6bee551c39bf37593cd96e0d4a4add0,Candidate_R,main,6,0,,Atlas background,R,Atlas background (Right),zero_unassigned,"[182, 210, 85]",Unknown,False,1,"[45413.65, 52559.25, 21303.75]","[181.65460000000002, 210.237, 85.215]",current_rint_zero_center,0,,Atlas background,R,zero_unassigned,"[181, 210, 85]",False,False,0,,Atlas background,R,zero_unassigned,"[182, 210, 85]",False,False
252384,077.swc,252384|077.swc,948,D:\projectome_analysis\group_analysis\fnt\nmt_swcs\252384\077.swc,c26310ab0e3c2d690dffcd1d4e93c1da6df85206695ed35cfc179576d2f8918b,AtlasINS_R,main,6,542,CR_Ial,CR_lateral_agranular_insula_area,R,CR_lateral_agranular_insula_area (Right),mapped,"[183, 209, 83]",R,False,1,"[45826.725, 52245.75, 20696.75]","[183.30689999999998, 208.983, 82.787]",current_rint_zero_center,542,CR_Ial,CR_lateral_agranular_insula_area,R,mapped,"[183, 208, 82]",False,False,542,CR_Ial,CR_lateral_agranular_insula_area,R,mapped,"[183, 209, 83]",False,False
252384,078.swc,252384|078.swc,948,D:\projectome_analysis\neuron-vis\resource\swc\252384\078.swc,cf07c0c4fd9ed560780c795e7bc0f566d6ecb564661fd18b0279c2bfecc8a16f,Candidate_R,main,6,0,,Atlas background,R,Atlas background (Right),zero_unassigned,"[180, 208, 84]",Unknown,False,1,"[45055.375, 52058.49999999999, 20886.5]","[180.2215, 208.23399999999998, 83.546]",current_rint_zero_center,0,,Atlas background,R,zero_unassigned,"[180, 208, 83]",False,False,0,,Atlas background,R,zero_unassigned,"[180, 208, 84]",False,False
252384,079.swc,252384|079.swc,948,D:\projectome_analysis\group_analysis\fnt\nmt_swcs\252384\079.swc,566cd6a830caf00d5c2b9da4bf83d94d112810d119164df97b935ed4ae5216b0,AtlasINS_R,main,6,542,CR_Ial,CR_lateral_agranular_insula_area,R,CR_lateral_agranular_insula_area (Right),mapped,"[185, 210, 83]",R,False,1,"[46248.4, 52475.0, 20772.5]","[184.99360000000001, 209.9, 83.09]",current_rint_zero_center,542,CR_Ial,CR_lateral_agranular_insula_area,R,mapped,"[184, 209, 83]",False,False,542,CR_Ial,CR_lateral_agranular_insula_area,R,mapped,"[185, 210, 83]",False,False
252384,081.swc,252384|081.swc,948,D:\projectome_analysis\neuron-vis\resource\swc\252384\081.swc,92cc8f3a2e9adf61a73dda370fa0620092ed837bca3672c24b0c57f10c696597,Candidate_R,main,6,0,,Atlas background,R,Atlas background (Right),zero_unassigned,"[181, 207, 81]",Unknown,False,1,"[45336.05, 51633.25000000001, 20198.25]","[181.3442, 206.53300000000002, 80.793]",current_rint_zero_center,0,,Atlas background,R,zero_unassigned,"[181, 206, 80]",False,False,0,,Atlas background,R,zero_unassigned,"[181, 207, 81]",False,False
252385,020.swc,252385|020.swc,331,D:\projectome_analysis\neuron-vis\resource\swc\252385\020.swc,b0e6ef48e64c491ac82aa6137f919df6936cf1f9978b724392cf6fd183cfa960,Candidate_L,main,6,48,CL_G,CL_gustatory_cortex,L,CL_gustatory_cortex (Left),mapped,"[58, 193, 113]",L,False,1,"[14585.250000000002, 48226.74999999999, 28347.149999999998]","[58.34100000000001, 192.90699999999998, 113.3886]",current_rint_zero_center,48,CL_G,CL_gustatory_cortex,L,mapped,"[58, 192, 113]",False,False,48,CL_G,CL_gustatory_cortex,L,mapped,"[58, 193, 113]",False,False
252385,023.swc,252385|023.swc,331,D:\projectome_analysis\neuron-vis\resource\swc\252385\023.swc,7977f8b018b7ad35caad66e29a8dcd946794c4c1054670c663fb97b82039c9a7,G_exploratory_L,main,6,48,CL_G,CL_gustatory_cortex,L,CL_gustatory_cortex (Left),mapped,"[56, 193, 113]",L,False,1,"[14108.75, 48356.75000000001, 28144.275]","[56.435, 193.42700000000002, 112.5771]",current_rint_zero_center,48,CL_G,CL_gustatory_cortex,L,mapped,"[56, 193, 112]",False,False,48,CL_G,CL_gustatory_cortex,L,mapped,"[56, 193, 113]",False,False
252385,024.swc,252385|024.swc,331,D:\projectome_analysis\neuron-vis\resource\swc\252385\024.swc,99a37c9b864bf2db26026ceffd3cda2c7be1d92394b7891231159497acc2de28,Candidate_L,main,6,48,CL_G,CL_gustatory_cortex,L,CL_gustatory_cortex (Left),mapped,"[59, 193, 108]",L,False,1,"[14627.249999999996, 48186.49999999999, 26949.8]","[58.508999999999986, 192.74599999999998, 107.7992]",current_rint_zero_center,48,CL_G,CL_gustatory_cortex,L,mapped,"[58, 192, 107]",False,False,48,CL_G,CL_gustatory_cortex,L,mapped,"[59, 193, 108]",False,False
252385,025.swc,252385|025.swc,331,D:\projectome_analysis\group_analysis\fnt\nmt_swcs\252385\025.swc,cdc76c8b01e62cf83d22a3a3a3f96ad616ade91f0a63084e2c994c8cc9404eb3,AtlasINS_L,main,6,228,CL_Ia/Id,CL_agranular_and_dysgranular_insula,L,CL_agranular_and_dysgranular_insula (Left),mapped,"[59, 191, 108]",L,False,1,"[14725.250000000002, 47676.50000000001, 27077.25]","[58.90100000000001, 190.70600000000002, 108.309]",current_rint_zero_center,228,CL_Ia/Id,CL_agranular_and_dysgranular_insula,L,mapped,"[58, 190, 108]",False,False,228,CL_Ia/Id,CL_agranular_and_dysgranular_insula,L,mapped,"[59, 191, 108]",False,False
252385,026.swc,252385|026.swc,331,D:\projectome_analysis\group_analysis\fnt\nmt_swcs\252385\026.swc,24f61650c2d5fbc5cb76033cc8884fea3c643b0216f9cae56ee9448d14d3eca2,AtlasINS_L,main,6,228,CL_Ia/Id,CL_agranular_and_dysgranular_insula,L,CL_agranular_and_dysgranular_insula (Left),mapped,"[55, 189, 106]",L,False,1,"[13779.499999999998, 47178.5, 26620.024999999998]","[55.117999999999995, 188.714, 106.4801]",current_rint_zero_center,228,CL_Ia/Id,CL_agranular_and_dysgranular_insula,L,mapped,"[55, 188, 106]",False,False,228,CL_Ia/Id,CL_agranular_and_dysgranular_insula,L,mapped,"[55, 189, 106]",False,False
252385,027.swc,252385|027.swc,331,D:\projectome_analysis\group_analysis\fnt\nmt_swcs\252385\027.swc,dbdc57b98889d50d1afeee0edf82b8e822aa8fb5cb821a9a79ce3e982be0304f,AtlasINS_L,main,6,228,CL_Ia/Id,CL_agranular_and_dysgranular_insula,L,CL_agranular_and_dysgranular_insula (Left),mapped,"[56, 187, 107]",L,False,1,"[13922.75, 46841.25, 26872.25]","[55.691, 187.365, 107.489]",current_rint_zero_center,228,CL_Ia/Id,CL_agranular_and_dysgranular_insula,L,mapped,"[55, 187, 107]",False,False,228,CL_Ia/Id,CL_agranular_and_dysgranular_insula,L,mapped,"[56, 187, 107]",False,False
252385,028.swc,252385|028.swc,331,D:\projectome_analysis\neuron-vis\resource\swc\252385\028.swc,72acd4840f1de2da986c6aa8b39e9e50b550f625fc14d84e70737b581431b9d7,G_exploratory_L,main,6,48,CL_G,CL_gustatory_cortex,L,CL_gustatory_cortex (Left),mapped,"[57, 191, 114]",L,False,1,"[14278.750000000002, 47671.0, 28485.425]","[57.11500000000001, 190.684, 113.9417]",current_rint_zero_center,48,CL_G,CL_gustatory_cortex,L,mapped,"[57, 190, 113]",False,False,48,CL_G,CL_gustatory_cortex,L,mapped,"[57, 191, 114]",False,False
252385,029.swc,252385|029.swc,331,D:\projectome_analysis\neuron-vis\resource\swc\252385\029.swc,7f9b4b1373b4adffff35a1e3bfac3dda70e59780def561df39ded2a62e414bb0,Candidate_L,main,6,48,CL_G,CL_gustatory_cortex,L,CL_gustatory_cortex (Left),mapped,"[57, 192, 113]",L,False,1,"[14206.499999999998, 47936.49999999999, 28363.45]","[56.82599999999999, 191.74599999999998, 113.4538]",current_rint_zero_center,48,CL_G,CL_gustatory_cortex,L,mapped,"[56, 191, 113]",False,False,48,CL_G,CL_gustatory_cortex,L,mapped,"[57, 192, 113]",False,False
252385,030.swc,252385|030.swc,331,D:\projectome_analysis\neuron-vis\resource\swc\252385\030.swc,e346f05105987c9bc70ae5b249fc93c145c00c7e6dda1bb7e6b89b85e01a14aa,G_exploratory_L,main,6,48,CL_G,CL_gustatory_cortex,L,CL_gustatory_cortex (Left),mapped,"[58, 192, 114]",L,False,1,"[14430.500000000002, 48122.25, 28458.05]","[57.72200000000001, 192.489, 113.8322]",current_rint_zero_center,48,CL_G,CL_gustatory_cortex,L,mapped,"[57, 192, 113]",False,False,48,CL_G,CL_gustatory_cortex,L,mapped,"[58, 192, 114]",False,False
252385,031.swc,252385|031.swc,331,D:\projectome_analysis\neuron-vis\resource\swc\252385\031.swc,ee01b679dd3e70270da6193203406ed9cf09bb967e94ce4ac4021fa3f9f43ae1,Candidate_L,main,6,48,CL_G,CL_gustatory_cortex,L,CL_gustatory_cortex (Left),mapped,"[57, 190, 111]",L,False,1,"[14368.000000000002, 47489.75, 27708.425]","[57.47200000000001, 189.959, 110.8337]",current_rint_zero_center,48,CL_G,CL_gustatory_cortex,L,mapped,"[57, 189, 110]",False,False,48,CL_G,CL_gustatory_cortex,L,mapped,"[57, 190, 111]",False,False
252385,032.swc,252385|032.swc,331,D:\projectome_analysis\neuron-vis\resource\swc\252385\032.swc,b5eade36758118da2bfd2f843c6c6c94ecaad2a669963cdc3353e0cb2be9996a,Candidate_L,main,6,48,CL_G,CL_gustatory_cortex,L,CL_gustatory_cortex (Left),mapped,"[58, 190, 112]",L,False,1,"[14510.5, 47404.25000000001, 27909.15]","[58.042, 189.61700000000002, 111.6366]",current_rint_zero_center,228,CL_Ia/Id,CL_agranular_and_dysgranular_insula,L,mapped,"[58, 189, 111]",True,False,48,CL_G,CL_gustatory_cortex,L,mapped,"[58, 190, 112]",False,False
252385,033.swc,252385|033.swc,331,D:\projectome_analysis\neuron-vis\resource\swc\252385\033.swc,116910dd537ebd4aca2b710740c2cc37152e2271c8fb81cde5dfe610debf6ba5,Candidate_L,main,6,48,CL_G,CL_gustatory_cortex,L,CL_gustatory_cortex (Left),mapped,"[58, 190, 112]",L,False,1,"[14597.250000000002, 47532.0, 27915.3]","[58.38900000000001, 190.128, 111.6612]",current_rint_zero_center,48,CL_G,CL_gustatory_cortex,L,mapped,"[58, 190, 111]",False,False,48,CL_G,CL_gustatory_cortex,L,mapped,"[58, 190, 112]",False,False
252385,034.swc,252385|034.swc,331,D:\projectome_analysis\neuron-vis\resource\swc\252385\034.swc,76818d0c42fe4a8ccbf1f110e330bc7d9f1412faa2814deadccb77132a03959a,Candidate_L,main,6,48,CL_G,CL_gustatory_cortex,L,CL_gustatory_cortex (Left),mapped,"[59, 191, 112]",L,False,1,"[14679.000000000002, 47794.5, 27983.375]","[58.71600000000001, 191.178, 111.9335]",current_rint_zero_center,48,CL_G,CL_gustatory_cortex,L,mapped,"[58, 191, 111]",False,False,48,CL_G,CL_gustatory_cortex,L,mapped,"[59, 191, 112]",False,False
252385,035.swc,252385|035.swc,331,D:\projectome_analysis\neuron-vis\resource\swc\252385\035.swc,1c8f4e37715bc45b176a32f8d4e5391c9387efc0635b3e420f6cfdfea908fb47,Candidate_L,main,6,48,CL_G,CL_gustatory_cortex,L,CL_gustatory_cortex (Left),mapped,"[58, 192, 113]",L,False,1,"[14395.249999999996, 47994.0, 28161.55]","[57.58099999999999, 191.976, 112.6462]",current_rint_zero_center,48,CL_G,CL_gustatory_cortex,L,mapped,"[57, 191, 112]",False,False,48,CL_G,CL_gustatory_cortex,L,mapped,"[58, 192, 113]",False,False
252385,036.swc,252385|036.swc,331,D:\projectome_analysis\group_analysis\fnt\nmt_swcs\252385\036.swc,1f9cc7d031dee881ed9b43bbd02136c8e552191f7915926843d66c1636f6ca32,AtlasINS_L,main,6,42,CL_Ial,CL_lateral_agranular_insula_area,L,CL_lateral_agranular_insula_area (Left),mapped,"[75, 210, 76]",L,False,1,"[18858.75, 52479.74999999999, 19055.75]","[75.435, 209.91899999999998, 76.223]",current_rint_zero_center,42,CL_Ial,CL_lateral_agranular_insula_area,L,mapped,"[75, 209, 76]",False,False,42,CL_Ial,CL_lateral_agranular_insula_area,L,mapped,"[75, 210, 76]",False,False
252385,037.swc,252385|037.swc,331,D:\projectome_analysis\group_analysis\fnt\nmt_swcs\252385\037.swc,6b5b8a1f42f0d9bdee0af2a949768ade5a641021f11352abdcc2213cf34d9d1c,AtlasINS_L,main,6,42,CL_Ial,CL_lateral_agranular_insula_area,L,CL_lateral_agranular_insula_area (Left),mapped,"[75, 209, 77]",L,False,1,"[18786.250000000004, 52321.75, 19197.5]","[75.14500000000001, 209.287, 76.79]",current_rint_zero_center,42,CL_Ial,CL_lateral_agranular_insula_area,L,mapped,"[75, 209, 76]",False,False,42,CL_Ial,CL_lateral_agranular_insula_area,L,mapped,"[75, 209, 77]",False,False
252385,038.swc,252385|038.swc,331,D:\projectome_analysis\group_analysis\fnt\nmt_swcs\252385\038.swc,85fe6feaa295f7357833c3fac5d1163cb3fe40a2f113dc570d311c9f12f2c9b0,AtlasINS_L,main,6,42,CL_Ial,CL_lateral_agranular_insula_area,L,CL_lateral_agranular_insula_area (Left),mapped,"[74, 207, 77]",L,False,1,"[18542.0, 51669.0, 19203.5]","[74.168, 206.676, 76.814]",current_rint_zero_center,42,CL_Ial,CL_lateral_agranular_insula_area,L,mapped,"[74, 206, 76]",False,False,42,CL_Ial,CL_lateral_agranular_insula_area,L,mapped,"[74, 207, 77]",False,False
252385,039.swc,252385|039.swc,331,D:\projectome_analysis\group_analysis\fnt\nmt_swcs\252385\039.swc,6d4775fcf3fa98593b5f9f6294829126a26492c198d60e9a8afcd53e19bd4b6f,AtlasINS_L,main,6,42,CL_Ial,CL_lateral_agranular_insula_area,L,CL_lateral_agranular_insula_area (Left),mapped,"[75, 205, 77]",L,False,1,"[18844.499999999996, 51370.99999999999, 19237.25]","[75.37799999999999, 205.48399999999998, 76.949]",current_rint_zero_center,42,CL_Ial,CL_lateral_agranular_insula_area,L,mapped,"[75, 205, 76]",False,False,42,CL_Ial,CL_lateral_agranular_insula_area,L,mapped,"[75, 205, 77]",False,False
252385,040.swc,252385|040.swc,331,D:\projectome_analysis\group_analysis\fnt\nmt_swcs\252385\040.swc,173f001d416805a196ecea108f1c3dd62ffdc5bec0c29b78b9231e031f638917,AtlasINS_L,main,6,42,CL_Ial,CL_lateral_agranular_insula_area,L,CL_lateral_agranular_insula_area (Left),mapped,"[74, 207, 74]",L,False,1,"[18549.0, 51626.5, 18519.25]","[74.196, 206.506, 74.077]",current_rint_zero_center,42,CL_Ial,CL_lateral_agranular_insula_area,L,mapped,"[74, 206, 74]",False,False,42,CL_Ial,CL_lateral_agranular_insula_area,L,mapped,"[74, 207, 74]",False,False
252385,041.swc,252385|041.swc,331,D:\projectome_analysis\group_analysis\fnt\nmt_swcs\252385\041.swc,43adcbd75bb97de8e88c4b576afd1da814d08c026dd74b23038829299dd7f2d6,AtlasINS_L,main,6,42,CL_Ial,CL_lateral_agranular_insula_area,L,CL_lateral_agranular_insula_area (Left),mapped,"[74, 207, 73]",L,False,1,"[18624.499999999996, 51864.75, 18291.25]","[74.49799999999999, 207.459, 73.165]",current_rint_zero_center,42,CL_Ial,CL_lateral_agranular_insula_area,L,mapped,"[74, 207, 73]",False,False,42,CL_Ial,CL_lateral_agranular_insula_area,L,mapped,"[74, 207, 73]",False,False
252385,042.swc,252385|042.swc,331,D:\projectome_analysis\group_analysis\fnt\nmt_swcs\252385\042.swc,cdfaf53d54f8006c85ef69d4b0c75b7bc27b55d14210048c3dda8e6597102cfd,AtlasINS_L,main,6,42,CL_Ial,CL_lateral_agranular_insula_area,L,CL_lateral_agranular_insula_area (Left),mapped,"[75, 208, 74]",L,False,1,"[18747.750000000004, 52110.5, 18376.75]","[74.99100000000001, 208.442, 73.507]",current_rint_zero_center,42,CL_Ial,CL_lateral_agranular_insula_area,L,mapped,"[74, 208, 73]",False,False,42,CL_Ial,CL_lateral_agranular_insula_area,L,mapped,"[75, 208, 74]",False,False
252385,043.swc,252385|043.swc,331,D:\projectome_analysis\group_analysis\fnt\nmt_swcs\252385\043.swc,a0ebec99de8c09a7dc401ecaa18ab39ea1b8b84ba07823205e37cc4b18f7e976,AtlasINS_L,main,6,42,CL_Ial,CL_lateral_agranular_insula_area,L,CL_lateral_agranular_insula_area (Left),mapped,"[76, 209, 74]",L,False,1,"[18987.499999999996, 52268.24999999999, 18493.0]","[75.94999999999999, 209.07299999999998, 73.972]",current_rint_zero_center,42,CL_Ial,CL_lateral_agranular_insula_area,L,mapped,"[75, 209, 73]",False,False,42,CL_Ial,CL_lateral_agranular_insula_area,L,mapped,"[76, 209, 74]",False,False
252385,044.swc,252385|044.swc,331,D:\projectome_analysis\group_analysis\fnt\nmt_swcs\252385\044.swc,773d6ea3ac83a3a21a8ae3b3b120e7bd547b706e10369dc780fd114e8dbe5f18,AtlasINS_L,main,6,42,CL_Ial,CL_lateral_agranular_insula_area,L,CL_lateral_agranular_insula_area (Left),mapped,"[78, 207, 74]",L,False,1,"[19398.000000000004, 51790.0, 18399.0]","[77.59200000000001, 207.16, 73.596]",current_rint_zero_center,42,CL_Ial,CL_lateral_agranular_insula_area,L,mapped,"[77, 207, 73]",False,False,42,CL_Ial,CL_lateral_agranular_insula_area,L,mapped,"[78, 207, 74]",False,False
252385,045.swc,252385|045.swc,331,D:\projectome_analysis\group_analysis\fnt\nmt_swcs\252385\045.swc,a9735ab07d8d23324f201eb18d2ba1b561625e3f8163c043395cfd578a0bc894,AtlasINS_L,main,6,42,CL_Ial,CL_lateral_agranular_insula_area,L,CL_lateral_agranular_insula_area (Left),mapped,"[78, 209, 75]",L,False,1,"[19609.75, 52132.5, 18643.25]","[78.439, 208.53, 74.573]",current_rint_zero_center,42,CL_Ial,CL_lateral_agranular_insula_area,L,mapped,"[78, 208, 74]",False,False,42,CL_Ial,CL_lateral_agranular_insula_area,L,mapped,"[78, 209, 75]",False,False
252385,046.swc,252385|046.swc,331,D:\projectome_analysis\group_analysis\fnt\nmt_swcs\252385\046.swc,c294e172e807809a91185968e48ebda5a55d19bbbba84595f395d2efdc1de0d5,AtlasINS_L,main,6,42,CL_Ial,CL_lateral_agranular_insula_area,L,CL_lateral_agranular_insula_area (Left),mapped,"[77, 210, 76]",L,False,1,"[19284.0, 52575.0, 19044.75]","[77.136, 210.3, 76.179]",current_rint_zero_center,42,CL_Ial,CL_lateral_agranular_insula_area,L,mapped,"[77, 210, 76]",False,False,42,CL_Ial,CL_lateral_agranular_insula_area,L,mapped,"[77, 210, 76]",False,False
252385,047.swc,252385|047.swc,331,D:\projectome_analysis\neuron-vis\resource\swc\252385\047.swc,8750924f31300495c7580b7093c1bb60f27432d193ab49752fd69910734412c6,Candidate_L,main,6,1004,SL_Cl,SL_claustrum,L,SL_claustrum (Left),mapped,"[78, 206, 81]",L,False,1,"[19619.750000000004, 51385.75, 20287.5]","[78.47900000000001, 205.543, 81.15]",current_rint_zero_center,1004,SL_Cl,SL_claustrum,L,mapped,"[78, 205, 81]",False,False,1004,SL_Cl,SL_claustrum,L,mapped,"[78, 206, 81]",False,False
252385,048.swc,252385|048.swc,331,D:\projectome_analysis\neuron-vis\resource\swc\252385\048.swc,593bdef3c6ec54fb30eda8c6ff89ad1f9fec1268afdfd5be20c2f418b92628e5,Candidate_L,main,6,0,,Atlas background,L,Atlas background (Left),zero_unassigned,"[75, 210, 88]",Unknown,False,1,"[18823.500000000004, 52413.75, 22122.5]","[75.29400000000001, 209.655, 88.49]",current_rint_zero_center,1004,SL_Cl,SL_claustrum,L,mapped,"[75, 209, 88]",True,False,0,,Atlas background,L,zero_unassigned,"[75, 210, 88]",False,False
252385,049.swc,252385|049.swc,331,D:\projectome_analysis\neuron-vis\resource\swc\252385\049.swc,1d67a5edb678922a952886462dda9210f71d4d669b08c79b0fe901cae2cecf97,Candidate_L,main,6,1004,SL_Cl,SL_claustrum,L,SL_claustrum (Left),mapped,"[74, 214, 98]",L,False,1,"[18504.75, 53431.65, 24578.75]","[74.019, 213.72660000000002, 98.315]",current_rint_zero_center,1004,SL_Cl,SL_claustrum,L,mapped,"[74, 213, 98]",False,False,1004,SL_Cl,SL_claustrum,L,mapped,"[74, 214, 98]",False,False
252385,050.swc,252385|050.swc,331,D:\projectome_analysis\neuron-vis\resource\swc\252385\050.swc,f535d95edb6b06bc49543c8e168f0fd6e32623d33bd5625352ada830c5c84a76,Candidate_R,main,6,549,CR_PrCO,CR_precentral_operular_area,R,CR_precentral_operular_area (Right),mapped,"[199, 219, 85]",R,False,1,"[49689.2, 54794.625, 21225.75]","[198.7568, 219.1785, 84.903]",current_rint_zero_center,549,CR_PrCO,CR_precentral_operular_area,R,mapped,"[198, 219, 84]",False,False,549,CR_PrCO,CR_precentral_operular_area,R,mapped,"[199, 219, 85]",False,False
252385,051.swc,252385|051.swc,331,D:\projectome_analysis\neuron-vis\resource\swc\252385\051.swc,5212b93d2a47f38673b44963c5f148e44ffb315f842766664b4bdeecfc2560c3,Candidate_R,main,6,549,CR_PrCO,CR_precentral_operular_area,R,CR_precentral_operular_area (Right),mapped,"[197, 220, 86]",R,False,1,"[49367.575000000004, 54972.825, 21483.25]","[197.4703, 219.8913, 85.933]",current_rint_zero_center,549,CR_PrCO,CR_precentral_operular_area,R,mapped,"[197, 219, 85]",False,False,549,CR_PrCO,CR_precentral_operular_area,R,mapped,"[197, 220, 86]",False,False
252385,052.swc,252385|052.swc,331,D:\projectome_analysis\neuron-vis\resource\swc\252385\052.swc,2f3a73aff1170f69547d17595b047463b95298b213618a95383fde92c1e3a2f8,Candidate_R,main,6,549,CR_PrCO,CR_precentral_operular_area,R,CR_precentral_operular_area (Right),mapped,"[197, 220, 86]",R,False,1,"[49315.925, 54934.1, 21504.25]","[197.2637, 219.7364, 86.017]",current_rint_zero_center,549,CR_PrCO,CR_precentral_operular_area,R,mapped,"[197, 219, 86]",False,False,549,CR_PrCO,CR_precentral_operular_area,R,mapped,"[197, 220, 86]",False,False
252385,053.swc,252385|053.swc,331,D:\projectome_analysis\group_analysis\fnt\nmt_swcs\252385\053.swc,c87641eb6693e1db5c67191a1a61562a04f0fcb472c460297b5a38f944db261e,Candidate_R,main,6,549,CR_PrCO,CR_precentral_operular_area,R,CR_precentral_operular_area (Right),mapped,"[196, 219, 88]",R,False,1,"[49050.25, 54762.299999999996, 22042.5]","[196.201, 219.04919999999998, 88.17]",current_rint_zero_center,549,CR_PrCO,CR_precentral_operular_area,R,mapped,"[196, 219, 88]",False,False,549,CR_PrCO,CR_precentral_operular_area,R,mapped,"[196, 219, 88]",False,False
252385,054.swc,252385|054.swc,331,D:\projectome_analysis\group_analysis\fnt\nmt_swcs\252385\054.swc,689849a6a6d003e57ae4db78c93a4f546f75fd539817861dbe77b5219279adc1,Candidate_R,main,6,549,CR_PrCO,CR_precentral_operular_area,R,CR_precentral_operular_area (Right),mapped,"[197, 219, 88]",R,False,1,"[49163.600000000006, 54712.225000000006, 22087.5]","[196.6544, 218.84890000000001, 88.35]",current_rint_zero_center,549,CR_PrCO,CR_precentral_operular_area,R,mapped,"[196, 218, 88]",False,False,549,CR_PrCO,CR_precentral_operular_area,R,mapped,"[197, 219, 88]",False,False
252385,055.swc,252385|055.swc,331,D:\projectome_analysis\group_analysis\fnt\nmt_swcs\252385\055.swc,a0f88fe2e39fdb91dee862747fbbfe4d2732cb28d3b771435f88ca37e24983eb,Candidate_R,main,6,549,CR_PrCO,CR_precentral_operular_area,R,CR_precentral_operular_area (Right),mapped,"[196, 221, 89]",R,False,1,"[49036.8, 55169.799999999996, 22318.25]","[196.1472, 220.67919999999998, 89.273]",current_rint_zero_center,549,CR_PrCO,CR_precentral_operular_area,R,mapped,"[196, 220, 89]",False,False,549,CR_PrCO,CR_precentral_operular_area,R,mapped,"[196, 221, 89]",False,False
252385,056.swc,252385|056.swc,331,D:\projectome_analysis\group_analysis\fnt\nmt_swcs\252385\056.swc,f55e604d8b0ac38e81297782ae7a5163711fc01f1e13821155612bb5924caa9b,Candidate_R,main,6,549,CR_PrCO,CR_precentral_operular_area,R,CR_precentral_operular_area (Right),mapped,"[195, 219, 85]",R,False,1,"[48785.775, 54696.05, 21340.5]","[195.1431, 218.7842, 85.362]",current_rint_zero_center,549,CR_PrCO,CR_precentral_operular_area,R,mapped,"[195, 218, 85]",False,False,549,CR_PrCO,CR_precentral_operular_area,R,mapped,"[195, 219, 85]",False,False
252385,057.swc,252385|057.swc,331,D:\projectome_analysis\group_analysis\fnt\nmt_swcs\252385\057.swc,2cf25e29012cf83de7797d18d80e50bbaa238d7953829fa1f3b9175dcc32dda8,Candidate_R,main,6,549,CR_PrCO,CR_precentral_operular_area,R,CR_precentral_operular_area (Right),mapped,"[196, 220, 86]",R,False,1,"[48916.049999999996, 54978.475000000006, 21561.0]","[195.6642, 219.9139, 86.244]",current_rint_zero_center,549,CR_PrCO,CR_precentral_operular_area,R,mapped,"[195, 219, 86]",False,False,549,CR_PrCO,CR_precentral_operular_area,R,mapped,"[196, 220, 86]",False,False
252385,058.swc,252385|058.swc,331,D:\projectome_analysis\group_analysis\fnt\nmt_swcs\252385\058.swc,89772cbe5a651263bf6cc208f6ba3d59dee1cf15eb86d025b1faa0b080179f21,Candidate_R,main,6,549,CR_PrCO,CR_precentral_operular_area,R,CR_precentral_operular_area (Right),mapped,"[196, 217, 86]",R,False,1,"[48999.049999999996, 54294.174999999996, 21411.0]","[195.9962, 217.17669999999998, 85.644]",current_rint_zero_center,549,CR_PrCO,CR_precentral_operular_area,R,mapped,"[195, 217, 85]",False,False,549,CR_PrCO,CR_precentral_operular_area,R,mapped,"[196, 217, 86]",False,False
252385,059.swc,252385|059.swc,331,D:\projectome_analysis\group_analysis\fnt\nmt_swcs\252385\059.swc,eb4b4dc58d938d9740f9b3d96ae155ac0c1581e7650f79cfa855005a713807e9,Candidate_R,main,6,549,CR_PrCO,CR_precentral_operular_area,R,CR_precentral_operular_area (Right),mapped,"[196, 217, 85]",R,False,1,"[49091.049999999996, 54319.50000000001, 21345.25]","[196.36419999999998, 217.27800000000002, 85.381]",current_rint_zero_center,549,CR_PrCO,CR_precentral_operular_area,R,mapped,"[196, 217, 85]",False,False,549,CR_PrCO,CR_precentral_operular_area,R,mapped,"[196, 217, 85]",False,False
252385,060.swc,252385|060.swc,331,D:\projectome_analysis\group_analysis\fnt\nmt_swcs\252385\060.swc,ecdb53e0c05c3aec28712ea438ff4bffc994548319db9b16a5018296cc141b01,Candidate_R,main,6,549,CR_PrCO,CR_precentral_operular_area,R,CR_precentral_operular_area (Right),mapped,"[197, 219, 82]",R,False,1,"[49125.85, 54636.175, 20461.75]","[196.5034, 218.5447, 81.847]",current_rint_zero_center,549,CR_PrCO,CR_precentral_operular_area,R,mapped,"[196, 218, 81]",False,False,549,CR_PrCO,CR_precentral_operular_area,R,mapped,"[197, 219, 82]",False,False
252385,061.swc,252385|061.swc,331,D:\projectome_analysis\group_analysis\fnt\nmt_swcs\252385\061.swc,b3ed24891964b3adc92cb526dc29b527eaaa18a5f13d88b70983fd767d6792f5,Candidate_R,main,6,549,CR_PrCO,CR_precentral_operular_area,R,CR_precentral_operular_area (Right),mapped,"[196, 218, 81]",R,False,1,"[48998.62500000001, 54546.475, 20168.75]","[195.99450000000002, 218.1859, 80.675]",current_rint_zero_center,549,CR_PrCO,CR_precentral_operular_area,R,mapped,"[195, 218, 80]",False,False,549,CR_PrCO,CR_precentral_operular_area,R,mapped,"[196, 218, 81]",False,False
252385,062.swc,252385|062.swc,331,D:\projectome_analysis\group_analysis\fnt\nmt_swcs\252385\062.swc,c1328a48b9ce4444e73aacbddd0c0db90c65f12e89c42f3a9172867923327b7c,Candidate_R,main,6,549,CR_PrCO,CR_precentral_operular_area,R,CR_precentral_operular_area (Right),mapped,"[196, 219, 83]",R,False,1,"[49118.125, 54845.2, 20658.0]","[196.4725, 219.3808, 82.632]",current_rint_zero_center,549,CR_PrCO,CR_precentral_operular_area,R,mapped,"[196, 219, 82]",False,False,549,CR_PrCO,CR_precentral_operular_area,R,mapped,"[196, 219, 83]",False,False
252385,063.swc,252385|063.swc,331,D:\projectome_analysis\group_analysis\fnt\nmt_swcs\252385\063.swc,07a35033d7559fcfc3792206ce51d952b6b300be8ca9d6d4ebea4003d1a2d4e5,AtlasINS_R,main,6,542,CR_Ial,CR_lateral_agranular_insula_area,R,CR_lateral_agranular_insula_area (Right),mapped,"[193, 211, 80]",R,False,1,"[48157.3, 52864.75, 20060.0]","[192.62920000000003, 211.459, 80.24]",current_rint_zero_center,542,CR_Ial,CR_lateral_agranular_insula_area,R,mapped,"[192, 211, 80]",False,False,542,CR_Ial,CR_lateral_agranular_insula_area,R,mapped,"[193, 211, 80]",False,False
252385,064.swc,252385|064.swc,331,D:\projectome_analysis\group_analysis\fnt\nmt_swcs\252385\064.swc,5b9bb007f06c10ae6ef30ce53598c2f33a05a9037939a6218763ebf4fed3dea2,Candidate_R,main,6,549,CR_PrCO,CR_precentral_operular_area,R,CR_precentral_operular_area (Right),mapped,"[193, 217, 78]",R,False,1,"[48207.49999999999, 54175.95, 19587.0]","[192.82999999999998, 216.7038, 78.348]",current_rint_zero_center,549,CR_PrCO,CR_precentral_operular_area,R,mapped,"[192, 216, 78]",False,False,549,CR_PrCO,CR_precentral_operular_area,R,mapped,"[193, 217, 78]",False,False
252385,065.swc,252385|065.swc,331,D:\projectome_analysis\group_analysis\fnt\nmt_swcs\252385\065.swc,bbbf74ac9196ff6c91370445c427fcc5fdc3ec7709b97c57b21eb5a2cc52a8f7,Candidate_R,main,6,549,CR_PrCO,CR_precentral_operular_area,R,CR_precentral_operular_area (Right),mapped,"[195, 220, 81]",R,False,1,"[48755.75, 54996.549999999996, 20153.0]","[195.023, 219.9862, 80.612]",current_rint_zero_center,549,CR_PrCO,CR_precentral_operular_area,R,mapped,"[195, 219, 80]",False,False,549,CR_PrCO,CR_precentral_operular_area,R,mapped,"[195, 220, 81]",False,False
252385,066.swc,252385|066.swc,331,D:\projectome_analysis\group_analysis\fnt\nmt_swcs\252385\066.swc,d9e396c289df08a3bf3a3172eaf4d632eb3c3f33479364f6a1788cefed37227a,AtlasINS_R,main,6,542,CR_Ial,CR_lateral_agranular_insula_area,R,CR_lateral_agranular_insula_area (Right),mapped,"[194, 212, 85]",R,False,1,"[48605.049999999996, 53097.8, 21129.75]","[194.4202, 212.3912, 84.519]",current_rint_zero_center,542,CR_Ial,CR_lateral_agranular_insula_area,R,mapped,"[194, 212, 84]",False,False,542,CR_Ial,CR_lateral_agranular_insula_area,R,mapped,"[194, 212, 85]",False,False
252385,067.swc,252385|067.swc,331,D:\projectome_analysis\group_analysis\fnt\nmt_swcs\252385\067.swc,58c779b50b791955aada96c1918f46db33e305b8c820567a68e5313e19ba1880,Candidate_R,main,6,549,CR_PrCO,CR_precentral_operular_area,R,CR_precentral_operular_area (Right),mapped,"[192, 217, 85]",R,False,1,"[48082.75000000001, 54150.09999999999, 21272.0]","[192.33100000000002, 216.60039999999998, 85.088]",current_rint_zero_center,549,CR_PrCO,CR_precentral_operular_area,R,mapped,"[192, 216, 85]",False,False,549,CR_PrCO,CR_precentral_operular_area,R,mapped,"[192, 217, 85]",False,False
252385,068.swc,252385|068.swc,331,D:\projectome_analysis\group_analysis\fnt\nmt_swcs\252385\068.swc,4723be891e872773193a67dda05c81fb058a36adfc39efb70bb3a7c45ca6a8f8,Candidate_R,main,6,549,CR_PrCO,CR_precentral_operular_area,R,CR_precentral_operular_area (Right),mapped,"[193, 217, 87]",R,False,1,"[48138.7, 54181.25, 21625.5]","[192.5548, 216.725, 86.502]",current_rint_zero_center,549,CR_PrCO,CR_precentral_operular_area,R,mapped,"[192, 216, 86]",False,False,549,CR_PrCO,CR_precentral_operular_area,R,mapped,"[193, 217, 87]",False,False
252385,069.swc,252385|069.swc,331,D:\projectome_analysis\group_analysis\fnt\nmt_swcs\252385\069.swc,c07637434680b89fff96ed281bf75b3b68cab8ecfee891e4d1bc41e90030eab1,Candidate_R,main,6,549,CR_PrCO,CR_precentral_operular_area,R,CR_precentral_operular_area (Right),mapped,"[195, 218, 87]",R,False,1,"[48679.725, 54552.05, 21822.25]","[194.7189, 218.2082, 87.289]",current_rint_zero_center,549,CR_PrCO,CR_precentral_operular_area,R,mapped,"[194, 218, 87]",False,False,549,CR_PrCO,CR_precentral_operular_area,R,mapped,"[195, 218, 87]",False,False
252385,070.swc,252385|070.swc,331,D:\projectome_analysis\group_analysis\fnt\nmt_swcs\252385\070.swc,4a70bd1bedbb0f7b2f4db7613b19f2aed90ce3f6b0564b95ff519ce1deecfb39,Candidate_R,main,6,549,CR_PrCO,CR_precentral_operular_area,R,CR_precentral_operular_area (Right),mapped,"[194, 219, 88]",R,False,1,"[48579.275, 54632.6, 22090.75]","[194.3171, 218.5304, 88.363]",current_rint_zero_center,549,CR_PrCO,CR_precentral_operular_area,R,mapped,"[194, 218, 88]",False,False,549,CR_PrCO,CR_precentral_operular_area,R,mapped,"[194, 219, 88]",False,False
252385,071.swc,252385|071.swc,331,D:\projectome_analysis\group_analysis\fnt\nmt_swcs\252385\071.swc,e18043a4829893b7f41ec317507132318a1b4a2f24b8a29ee19133fe7a97b704,Candidate_R,main,6,549,CR_PrCO,CR_precentral_operular_area,R,CR_precentral_operular_area (Right),mapped,"[193, 219, 83]",R,False,1,"[48315.200000000004, 54645.225, 20734.25]","[193.26080000000002, 218.58089999999999, 82.937]",current_rint_zero_center,549,CR_PrCO,CR_precentral_operular_area,R,mapped,"[193, 218, 82]",False,False,549,CR_PrCO,CR_precentral_operular_area,R,mapped,"[193, 219, 83]",False,False
252385,072.swc,252385|072.swc,331,D:\projectome_analysis\group_analysis\fnt\nmt_swcs\252385\072.swc,34701fa2935da73c6bda336ca1f3a9b9ba04145724e9d746eb1e62a61b00b535,Candidate_R,main,6,549,CR_PrCO,CR_precentral_operular_area,R,CR_precentral_operular_area (Right),mapped,"[194, 219, 83]",R,False,1,"[48389.6, 54731.22499999999, 20842.75]","[193.5584, 218.92489999999995, 83.371]",current_rint_zero_center,549,CR_PrCO,CR_precentral_operular_area,R,mapped,"[193, 218, 83]",False,False,549,CR_PrCO,CR_precentral_operular_area,R,mapped,"[194, 219, 83]",False,False
252385,073.swc,252385|073.swc,331,D:\projectome_analysis\group_analysis\fnt\nmt_swcs\252385\073.swc,32d2589c3f37ebdfb8c8a0ab4ecc0454cc07b1d1db2df1a36ef17e5945fe2338,AtlasINS_R,main,6,729,CR_Ig,CR_granular_insula,R,CR_granular_insula (Right),mapped,"[190, 151, 121]",R,False,1,"[47433.025, 37838.25, 30240.725000000002]","[189.7321, 151.353, 120.9629]",current_rint_zero_center,729,CR_Ig,CR_granular_insula,R,mapped,"[189, 151, 120]",False,False,729,CR_Ig,CR_granular_insula,R,mapped,"[190, 151, 121]",False,False
252385,074.swc,252385|074.swc,331,D:\projectome_analysis\group_analysis\fnt\nmt_swcs\252385\074.swc,ea5962e465f7574ac9b580b3416af78af7484226952afb38588cd47dabc74f56,AtlasINS_R,main,6,729,CR_Ig,CR_granular_insula,R,CR_granular_insula (Right),mapped,"[189, 152, 122]",R,False,1,"[47274.625, 37887.5, 30420.95]","[189.0985, 151.55, 121.6838]",current_rint_zero_center,729,CR_Ig,CR_granular_insula,R,mapped,"[189, 151, 121]",False,False,729,CR_Ig,CR_granular_insula,R,mapped,"[189, 152, 122]",False,False
252527,048.swc,252527|048.swc,945,D:\projectome_analysis\neuron-vis\resource\swc\252527\048.swc,11e92d5f93fe6d498e3368633df9912078c7ce3da57be348c762eb54c5177023,AtlasINS_R,main,6,541,CR_Iai,CR_intermediate_agranular_insula_area,R,CR_intermediate_agranular_insula_area (Right),mapped,"[190, 217, 86]",R,False,1,"[47456.95, 54347.8, 21381.25]","[189.8278, 217.3912, 85.525]",current_rint_zero_center,541,CR_Iai,CR_intermediate_agranular_insula_area,R,mapped,"[189, 217, 85]",False,False,541,CR_Iai,CR_intermediate_agranular_insula_area,R,mapped,"[190, 217, 86]",False,False
252527,049.swc,252527|049.swc,945,D:\projectome_analysis\neuron-vis\resource\swc\252527\049.swc,061b6e7bbfcadd466ce7a4af50693ac5bf1a0e1f44538cb2969ba3fe813f2d2e,AtlasINS_R,main,6,541,CR_Iai,CR_intermediate_agranular_insula_area,R,CR_intermediate_agranular_insula_area (Right),mapped,"[188, 216, 87]",R,False,1,"[46985.4, 53908.950000000004, 21741.75]","[187.9416, 215.63580000000002, 86.967]",current_rint_zero_center,541,CR_Iai,CR_intermediate_agranular_insula_area,R,mapped,"[187, 215, 86]",False,False,541,CR_Iai,CR_intermediate_agranular_insula_area,R,mapped,"[188, 216, 87]",False,False
252527,050.swc,252527|050.swc,945,D:\projectome_analysis\neuron-vis\resource\swc\252527\050.swc,8028118b3113809e8228c8268d5e4429ebc56baa2ef7d05a40ece3d39eee1705,Candidate_R,main,6,549,CR_PrCO,CR_precentral_operular_area,R,CR_precentral_operular_area (Right),mapped,"[192, 218, 86]",R,False,1,"[47989.450000000004, 54534.325, 21394.5]","[191.95780000000002, 218.13729999999998, 85.578]",current_rint_zero_center,549,CR_PrCO,CR_precentral_operular_area,R,mapped,"[191, 218, 85]",False,False,549,CR_PrCO,CR_precentral_operular_area,R,mapped,"[192, 218, 86]",False,False
252527,051.swc,252527|051.swc,945,D:\projectome_analysis\neuron-vis\resource\swc\252527\051.swc,f8cb83b5cda9596cf72d3150344e2b4e5e20ecc7689c08eb7e0dec40264d42e5,Candidate_R,main,6,549,CR_PrCO,CR_precentral_operular_area,R,CR_precentral_operular_area (Right),mapped,"[193, 218, 84]",R,False,1,"[48189.575, 54377.775, 21008.0]","[192.7583, 217.5111, 84.032]",current_rint_zero_center,549,CR_PrCO,CR_precentral_operular_area,R,mapped,"[192, 217, 84]",False,False,549,CR_PrCO,CR_precentral_operular_area,R,mapped,"[193, 218, 84]",False,False
252527,052.swc,252527|052.swc,945,D:\projectome_analysis\neuron-vis\resource\swc\252527\052.swc,45b6cfe6cad7df54fd0adacf59a9dd6ae33dd3b08d8be79170234e55720831b8,Candidate_R,main,6,549,CR_PrCO,CR_precentral_operular_area,R,CR_precentral_operular_area (Right),mapped,"[192, 217, 84]",R,False,1,"[48076.525, 54338.274999999994, 21123.25]","[192.30610000000001, 217.35309999999998, 84.493]",current_rint_zero_center,549,CR_PrCO,CR_precentral_operular_area,R,mapped,"[192, 217, 84]",False,False,549,CR_PrCO,CR_precentral_operular_area,R,mapped,"[192, 217, 84]",False,False
252527,053.swc,252527|053.swc,945,D:\projectome_analysis\neuron-vis\resource\swc\252527\053.swc,10c22b7809192f7eb4c1c76d5f7490db0743cce987222f53cc223ebe9175ea1b,Candidate_R,main,6,549,CR_PrCO,CR_precentral_operular_area,R,CR_precentral_operular_area (Right),mapped,"[195, 218, 84]",R,False,1,"[48630.15, 54407.45, 20946.75]","[194.5206, 217.6298, 83.787]",current_rint_zero_center,549,CR_PrCO,CR_precentral_operular_area,R,mapped,"[194, 217, 83]",False,False,549,CR_PrCO,CR_precentral_operular_area,R,mapped,"[195, 218, 84]",False,False
252527,054.swc,252527|054.swc,945,D:\projectome_analysis\neuron-vis\resource\swc\252527\054.swc,a31a1844412e3b92cc1d9672c5de7afb79c7d6a2751a52d6e33d7ca5f87fc615,Candidate_R,main,6,549,CR_PrCO,CR_precentral_operular_area,R,CR_precentral_operular_area (Right),mapped,"[195, 219, 85]",R,False,1,"[48729.424999999996, 54806.55, 21275.25]","[194.9177, 219.2262, 85.101]",current_rint_zero_center,549,CR_PrCO,CR_precentral_operular_area,R,mapped,"[194, 219, 85]",False,False,549,CR_PrCO,CR_precentral_operular_area,R,mapped,"[195, 219, 85]",False,False
252527,055.swc,252527|055.swc,945,D:\projectome_analysis\neuron-vis\resource\swc\252527\055.swc,ce9ddee96f5511942f3df921ea650b6f956be6a772056b39b62c448988d019c6,Candidate_R,main,6,549,CR_PrCO,CR_precentral_operular_area,R,CR_precentral_operular_area (Right),mapped,"[193, 221, 88]",R,False,1,"[48332.25, 55238.675, 21880.0]","[193.329, 220.9547, 87.52]",current_rint_zero_center,549,CR_PrCO,CR_precentral_operular_area,R,mapped,"[193, 220, 87]",False,False,549,CR_PrCO,CR_precentral_operular_area,R,mapped,"[193, 221, 88]",False,False
252527,056.swc,252527|056.swc,945,D:\projectome_analysis\neuron-vis\resource\swc\252527\056.swc,4e987ae43dae37934df9f1d020c94f2565916d049e71d76181a78ff90122cdb0,Candidate_R,main,6,549,CR_PrCO,CR_precentral_operular_area,R,CR_precentral_operular_area (Right),mapped,"[196, 218, 91]",R,False,1,"[49077.25, 54608.024999999994, 22853.0]","[196.309, 218.43209999999996, 91.412]",current_rint_zero_center,549,CR_PrCO,CR_precentral_operular_area,R,mapped,"[196, 218, 91]",False,False,549,CR_PrCO,CR_precentral_operular_area,R,mapped,"[196, 218, 91]",False,False
252527,057.swc,252527|057.swc,945,D:\projectome_analysis\neuron-vis\resource\swc\252527\057.swc,594ef4476f2fbc7302c5a16d13f0bd60d6c73df94c5ce823786c1cfcfd503ea9,Candidate_R,main,6,549,CR_PrCO,CR_precentral_operular_area,R,CR_precentral_operular_area (Right),mapped,"[193, 218, 91]",R,False,1,"[48206.15, 54496.425, 22730.5]","[192.8246, 217.9857, 90.922]",current_rint_zero_center,542,CR_Ial,CR_lateral_agranular_insula_area,R,mapped,"[192, 217, 90]",True,False,549,CR_PrCO,CR_precentral_operular_area,R,mapped,"[193, 218, 91]",False,False
252527,058.swc,252527|058.swc,945,D:\projectome_analysis\neuron-vis\resource\swc\252527\058.swc,3f0caad5fd1d6a7e6d814796f17dfc1182c8dc7979fd1e9cab0eae577335b657,Candidate_R,main,6,549,CR_PrCO,CR_precentral_operular_area,R,CR_precentral_operular_area (Right),mapped,"[197, 221, 88]",R,False,1,"[49177.25, 55198.65, 21935.25]","[196.709, 220.7946, 87.741]",current_rint_zero_center,549,CR_PrCO,CR_precentral_operular_area,R,mapped,"[196, 220, 87]",False,False,549,CR_PrCO,CR_precentral_operular_area,R,mapped,"[197, 221, 88]",False,False
252527,059.swc,252527|059.swc,945,D:\projectome_analysis\neuron-vis\resource\swc\252527\059.swc,fd1cb54fc2a8d760f64869deff11a0cffccdacb679b25b0f2667a7a2d95a50a7,Candidate_R,main,6,549,CR_PrCO,CR_precentral_operular_area,R,CR_precentral_operular_area (Right),mapped,"[193, 215, 83]",R,False,1,"[48263.875, 53712.850000000006, 20658.5]","[193.0555, 214.8514, 82.634]",current_rint_zero_center,549,CR_PrCO,CR_precentral_operular_area,R,mapped,"[193, 214, 82]",False,False,549,CR_PrCO,CR_precentral_operular_area,R,mapped,"[193, 215, 83]",False,False
252527,060.swc,252527|060.swc,945,D:\projectome_analysis\neuron-vis\resource\swc\252527\060.swc,8ff93dcf3789a13c3a80dc755efe9c0e1bce9de044b6e3f98e295923ee951c10,Candidate_R,main,6,549,CR_PrCO,CR_precentral_operular_area,R,CR_precentral_operular_area (Right),mapped,"[192, 216, 87]",R,False,1,"[47981.049999999996, 53967.37500000001, 21765.75]","[191.92419999999998, 215.86950000000002, 87.063]",current_rint_zero_center,542,CR_Ial,CR_lateral_agranular_insula_area,R,mapped,"[191, 215, 87]",True,False,549,CR_PrCO,CR_precentral_operular_area,R,mapped,"[192, 216, 87]",False,False
252527,088.swc,252527|088.swc,945,D:\projectome_analysis\neuron-vis\resource\swc\252527\088.swc,e8d08b51721a3ba813b18177df08a3fc315cba62013a20c6d97716879ff3d478,AtlasINS_L,main,6,42,CL_Ial,CL_lateral_agranular_insula_area,L,CL_lateral_agranular_insula_area (Left),mapped,"[65, 207, 78]",L,False,1,"[16269.750000000002, 51668.75, 19536.25]","[65.07900000000001, 206.675, 78.145]",current_rint_zero_center,42,CL_Ial,CL_lateral_agranular_insula_area,L,mapped,"[65, 206, 78]",False,False,42,CL_Ial,CL_lateral_agranular_insula_area,L,mapped,"[65, 207, 78]",False,False
252527,089.swc,252527|089.swc,945,D:\projectome_analysis\neuron-vis\resource\swc\252527\089.swc,d203dbafc7e72cd554787f6f6cac01e2996d9cd314fb8cec51a1aa997a7b17e5,AtlasINS_L,main,6,42,CL_Ial,CL_lateral_agranular_insula_area,L,CL_lateral_agranular_insula_area (Left),mapped,"[69, 205, 79]",L,False,1,"[17219.499999999996, 51230.00000000001, 19637.25]","[68.87799999999999, 204.92000000000002, 78.549]",current_rint_zero_center,42,CL_Ial,CL_lateral_agranular_insula_area,L,mapped,"[68, 204, 78]",False,False,42,CL_Ial,CL_lateral_agranular_insula_area,L,mapped,"[69, 205, 79]",False,False
252527,090.swc,252527|090.swc,945,D:\projectome_analysis\neuron-vis\resource\swc\252527\090.swc,127fd48c88ffc41c70f4d7e6e3548fc803935333f5656b76de96c4296451382e,AtlasINS_L,main,6,42,CL_Ial,CL_lateral_agranular_insula_area,L,CL_lateral_agranular_insula_area (Left),mapped,"[66, 204, 80]",L,False,1,"[16513.5, 51120.99999999999, 19887.75]","[66.054, 204.48399999999998, 79.551]",current_rint_zero_center,42,CL_Ial,CL_lateral_agranular_insula_area,L,mapped,"[66, 204, 79]",False,False,42,CL_Ial,CL_lateral_agranular_insula_area,L,mapped,"[66, 204, 80]",False,False
252527,091.swc,252527|091.swc,945,D:\projectome_analysis\neuron-vis\resource\swc\252527\091.swc,f7aa9acde1e2b801b91768b6407942c145507272a1ef2f13c9307f736f2f4473,AtlasINS_L,main,6,42,CL_Ial,CL_lateral_agranular_insula_area,L,CL_lateral_agranular_insula_area (Left),mapped,"[67, 206, 81]",L,False,1,"[16712.249999999996, 51432.50000000001, 20205.25]","[66.84899999999999, 205.73000000000002, 80.821]",current_rint_zero_center,42,CL_Ial,CL_lateral_agranular_insula_area,L,mapped,"[66, 205, 80]",False,False,42,CL_Ial,CL_lateral_agranular_insula_area,L,mapped,"[67, 206, 81]",False,False
252527,092.swc,252527|092.swc,945,D:\projectome_analysis\neuron-vis\resource\swc\252527\092.swc,5e0d89745fdf8591e26070a30ef0847655f95af6b90cefc3b4357e5c49379007,AtlasINS_L,main,6,42,CL_Ial,CL_lateral_agranular_insula_area,L,CL_lateral_agranular_insula_area (Left),mapped,"[68, 209, 86]",L,False,1,"[17011.000000000004, 52178.0, 21524.75]","[68.04400000000001, 208.712, 86.099]",current_rint_zero_center,42,CL_Ial,CL_lateral_agranular_insula_area,L,mapped,"[68, 208, 86]",False,False,42,CL_Ial,CL_lateral_agranular_insula_area,L,mapped,"[68, 209, 86]",False,False
252527,093.swc,252527|093.swc,945,D:\projectome_analysis\neuron-vis\resource\swc\252527\093.swc,c27420ea32d211bdcb205c8de5f402837132d7ca4d5bb76a4909a68a71fac80b,AtlasINS_L,main,6,43,CL_Iapl,CL_posterior_lateral_agranular_insula_area,L,CL_posterior_lateral_agranular_insula_area (Left),mapped,"[62, 204, 88]",L,False,1,"[15514.75, 50979.0, 22096.5]","[62.059, 203.916, 88.386]",current_rint_zero_center,228,CL_Ia/Id,CL_agranular_and_dysgranular_insula,L,mapped,"[62, 203, 88]",True,False,43,CL_Iapl,CL_posterior_lateral_agranular_insula_area,L,mapped,"[62, 204, 88]",False,False
252527,094.swc,252527|094.swc,945,D:\projectome_analysis\neuron-vis\resource\swc\252527\094.swc,441049c0cad8647fb0fca3dbc8678926770c51b36a99a048afe154af6bd56769,AtlasINS_L,main,6,42,CL_Ial,CL_lateral_agranular_insula_area,L,CL_lateral_agranular_insula_area (Left),mapped,"[66, 203, 81]",L,False,1,"[16561.25, 50856.0, 20276.25]","[66.245, 203.424, 81.105]",current_rint_zero_center,42,CL_Ial,CL_lateral_agranular_insula_area,L,mapped,"[66, 203, 81]",False,False,42,CL_Ial,CL_lateral_agranular_insula_area,L,mapped,"[66, 203, 81]",False,False
252527,095.swc,252527|095.swc,945,D:\projectome_analysis\neuron-vis\resource\swc\252527\095.swc,ea8e3c376e79ac3763bcbca2339ecbc9a4dacd70ccf47ed1ba6cfc48d92ef038,AtlasINS_L,main,6,42,CL_Ial,CL_lateral_agranular_insula_area,L,CL_lateral_agranular_insula_area (Left),mapped,"[65, 203, 81]",L,False,1,"[16311.250000000002, 50765.75, 20361.5]","[65.245, 203.063, 81.446]",current_rint_zero_center,42,CL_Ial,CL_lateral_agranular_insula_area,L,mapped,"[65, 203, 81]",False,False,42,CL_Ial,CL_lateral_agranular_insula_area,L,mapped,"[65, 203, 81]",False,False
252527,096.swc,252527|096.swc,945,D:\projectome_analysis\neuron-vis\resource\swc\252527\096.swc,198c569c48a3053260b02c9837704ebba73cf1e3092299a518918cc804c33c67,AtlasINS_L,main,6,42,CL_Ial,CL_lateral_agranular_insula_area,L,CL_lateral_agranular_insula_area (Left),mapped,"[66, 207, 80]",L,False,1,"[16468.75, 51788.0, 19983.75]","[65.875, 207.152, 79.935]",current_rint_zero_center,42,CL_Ial,CL_lateral_agranular_insula_area,L,mapped,"[65, 207, 79]",False,False,42,CL_Ial,CL_lateral_agranular_insula_area,L,mapped,"[66, 207, 80]",False,False
252527,097.swc,252527|097.swc,945,D:\projectome_analysis\neuron-vis\resource\swc\252527\097.swc,5e644863a18f40c14f7e1e22f9fa965fdd356ce5ec3004eca2c66e084cb27a2d,AtlasINS_L,main,6,42,CL_Ial,CL_lateral_agranular_insula_area,L,CL_lateral_agranular_insula_area (Left),mapped,"[70, 209, 80]",L,False,1,"[17497.750000000004, 52307.75, 20014.5]","[69.99100000000001, 209.231, 80.058]",current_rint_zero_center,42,CL_Ial,CL_lateral_agranular_insula_area,L,mapped,"[69, 209, 80]",False,False,42,CL_Ial,CL_lateral_agranular_insula_area,L,mapped,"[70, 209, 80]",False,False
252527,098.swc,252527|098.swc,945,D:\projectome_analysis\neuron-vis\resource\swc\252527\098.swc,ad3111549cd048c9f5dae8141cf1a9d717ec11ac0b50b279d74a888373eabbe3,AtlasINS_L,main,6,42,CL_Ial,CL_lateral_agranular_insula_area,L,CL_lateral_agranular_insula_area (Left),mapped,"[68, 209, 82]",L,False,1,"[16946.75, 52202.25, 20417.25]","[67.787, 208.809, 81.669]",current_rint_zero_center,42,CL_Ial,CL_lateral_agranular_insula_area,L,mapped,"[67, 208, 81]",False,False,42,CL_Ial,CL_lateral_agranular_insula_area,L,mapped,"[68, 209, 82]",False,False
252527,099.swc,252527|099.swc,945,D:\projectome_analysis\neuron-vis\resource\swc\252527\099.swc,0912b4a861c6fb6f3421d18a9fa5bf4f2cd842c951700f766ca12bf184370b06,AtlasINS_L,main,6,42,CL_Ial,CL_lateral_agranular_insula_area,L,CL_lateral_agranular_insula_area (Left),mapped,"[68, 210, 81]",L,False,1,"[16921.0, 52439.25, 20242.75]","[67.684, 209.757, 80.971]",current_rint_zero_center,42,CL_Ial,CL_lateral_agranular_insula_area,L,mapped,"[67, 209, 80]",False,False,42,CL_Ial,CL_lateral_agranular_insula_area,L,mapped,"[68, 210, 81]",False,False
252714,029.swc,252714|029.swc,631,D:\projectome_analysis\neuron-vis\resource\swc\252714\029.swc,39374bdd892a88b963a32f6b88677072a7340243ffd27f049cfc23e40d5cf8bd,G_exploratory_R,main,6,548,CR_G,CR_gustatory_cortex,R,CR_gustatory_cortex (Right),mapped,"[203, 210, 104]",R,False,1,"[50706.475, 52528.75, 26012.675000000003]","[202.8259, 210.115, 104.0507]",current_rint_zero_center,548,CR_G,CR_gustatory_cortex,R,mapped,"[202, 210, 104]",False,False,548,CR_G,CR_gustatory_cortex,R,mapped,"[203, 210, 104]",False,False
252714,030.swc,252714|030.swc,631,D:\projectome_analysis\neuron-vis\resource\swc\252714\030.swc,3458d904e051a49ddf5d9c807f42a9cdd9ac0f33572b80d53310b52202234800,G_exploratory_R,main,6,548,CR_G,CR_gustatory_cortex,R,CR_gustatory_cortex (Right),mapped,"[203, 209, 104]",R,False,1,"[50755.8, 52361.99999999999, 26000.85]","[203.0232, 209.44799999999998, 104.0034]",current_rint_zero_center,548,CR_G,CR_gustatory_cortex,R,mapped,"[203, 209, 104]",False,False,548,CR_G,CR_gustatory_cortex,R,mapped,"[203, 209, 104]",False,False
252714,031.swc,252714|031.swc,631,D:\projectome_analysis\neuron-vis\resource\swc\252714\031.swc,7a8fbd0de87b420fec2e1044feabbf53e920c73b078cc9a8f7d1987d587bfc9f,G_exploratory_R,main,6,548,CR_G,CR_gustatory_cortex,R,CR_gustatory_cortex (Right),mapped,"[205, 205, 109]",R,False,1,"[51343.55, 51341.75000000001, 27298.525]","[205.3742, 205.36700000000002, 109.1941]",current_rint_zero_center,548,CR_G,CR_gustatory_cortex,R,mapped,"[205, 205, 109]",False,False,548,CR_G,CR_gustatory_cortex,R,mapped,"[205, 205, 109]",False,False
252714,032.swc,252714|032.swc,631,D:\projectome_analysis\neuron-vis\resource\swc\252714\032.swc,d13119eab0a0b8202ab93411cd6bca2842f3a241fb3bfc795d056030b4a0f6ec,AtlasINS_R,main,6,728,CR_Ia/Id,CR_agranular_and_dysgranular_insula,R,CR_agranular_and_dysgranular_insula (Right),mapped,"[199, 198, 100]",R,False,1,"[49661.325, 49460.0, 25111.25]","[198.6453, 197.84, 100.445]",current_rint_zero_center,728,CR_Ia/Id,CR_agranular_and_dysgranular_insula,R,mapped,"[198, 197, 100]",False,False,728,CR_Ia/Id,CR_agranular_and_dysgranular_insula,R,mapped,"[199, 198, 100]",False,False
252714,033.swc,252714|033.swc,631,D:\projectome_analysis\neuron-vis\resource\swc\252714\033.swc,c5df9464a95ab9fbe2407f7b4cf1b435963f8de796473050a0d4a15dfe337ffd,G_exploratory_R,main,6,548,CR_G,CR_gustatory_cortex,R,CR_gustatory_cortex (Right),mapped,"[198, 201, 110]",R,False,1,"[49481.6, 50239.99999999999, 27442.675000000003]","[197.9264, 200.95999999999998, 109.7707]",current_rint_zero_center,548,CR_G,CR_gustatory_cortex,R,mapped,"[197, 200, 109]",False,False,548,CR_G,CR_gustatory_cortex,R,mapped,"[198, 201, 110]",False,False
252714,034.swc,252714|034.swc,631,D:\projectome_analysis\neuron-vis\resource\swc\252714\034.swc,5e9e790d452eed268a4c94279dbfc6610edca17a118d15f8746f068b4782ec2c,G_exploratory_R,main,6,548,CR_G,CR_gustatory_cortex,R,CR_gustatory_cortex (Right),mapped,"[197, 203, 109]",R,False,1,"[49329.799999999996, 50753.5, 27266.625]","[197.3192, 203.014, 109.0665]",current_rint_zero_center,548,CR_G,CR_gustatory_cortex,R,mapped,"[197, 203, 109]",False,False,548,CR_G,CR_gustatory_cortex,R,mapped,"[197, 203, 109]",False,False
252714,085.swc,252714|085.swc,631,D:\projectome_analysis\neuron-vis\resource\swc\252714\085.swc,4f217ab67fe1a5b16cced5945b74de2389bbafc08a7a1736723b58e71b32c6f5,G_exploratory_L,main,6,48,CL_G,CL_gustatory_cortex,L,CL_gustatory_cortex (Left),mapped,"[51, 203, 108]",L,False,1,"[12789.000000000002, 50859.75, 26936.75]","[51.156000000000006, 203.439, 107.747]",current_rint_zero_center,48,CL_G,CL_gustatory_cortex,L,mapped,"[51, 203, 107]",False,False,48,CL_G,CL_gustatory_cortex,L,mapped,"[51, 203, 108]",False,False
252714,086.swc,252714|086.swc,631,D:\projectome_analysis\neuron-vis\resource\swc\252714\086.swc,fbddf7852020b61af61eff4ca438a4c2ffd20b3daf29dc62c76cc64bf37946fe,G_exploratory_L,main,6,48,CL_G,CL_gustatory_cortex,L,CL_gustatory_cortex (Left),mapped,"[53, 203, 110]",L,False,1,"[13304.000000000002, 50704.25, 27423.175]","[53.21600000000001, 202.817, 109.6927]",current_rint_zero_center,48,CL_G,CL_gustatory_cortex,L,mapped,"[53, 202, 109]",False,False,48,CL_G,CL_gustatory_cortex,L,mapped,"[53, 203, 110]",False,False
252714,087.swc,252714|087.swc,631,D:\projectome_analysis\neuron-vis\resource\swc\252714\087.swc,ab9f32eb1d3773e55d987e90396f8f420de4055bb6d5246cfbb95cf72851f4dc,G_exploratory_L,main,6,48,CL_G,CL_gustatory_cortex,L,CL_gustatory_cortex (Left),mapped,"[49, 204, 105]",L,False,1,"[12293.25, 51051.75, 26272.925]","[49.173, 204.207, 105.0917]",current_rint_zero_center,48,CL_G,CL_gustatory_cortex,L,mapped,"[49, 204, 105]",False,False,48,CL_G,CL_gustatory_cortex,L,mapped,"[49, 204, 105]",False,False
252714,088.swc,252714|088.swc,631,D:\projectome_analysis\neuron-vis\resource\swc\252714\088.swc,a57434adc6fc75128b039bc2d6934e4770716eac2244cee220c543fa3ea0fed4,G_exploratory_L,main,6,48,CL_G,CL_gustatory_cortex,L,CL_gustatory_cortex (Left),mapped,"[58, 200, 110]",L,False,1,"[14439.999999999998, 49879.99999999999, 27547.8]","[57.75999999999999, 199.51999999999998, 110.1912]",current_rint_zero_center,48,CL_G,CL_gustatory_cortex,L,mapped,"[57, 199, 110]",False,False,48,CL_G,CL_gustatory_cortex,L,mapped,"[58, 200, 110]",False,False
252714,089.swc,252714|089.swc,631,D:\projectome_analysis\neuron-vis\resource\swc\252714\089.swc,e8023165fde3c66e4332255e1c53db10de2096e17ac81f755847737d25210dc4,G_exploratory_L,main,6,48,CL_G,CL_gustatory_cortex,L,CL_gustatory_cortex (Left),mapped,"[59, 201, 104]",L,False,1,"[14682.250000000004, 50294.75, 26035.699999999997]","[58.72900000000001, 201.179, 104.1428]",current_rint_zero_center,48,CL_G,CL_gustatory_cortex,L,mapped,"[58, 201, 104]",False,False,48,CL_G,CL_gustatory_cortex,L,mapped,"[59, 201, 104]",False,False
252714,090.swc,252714|090.swc,631,D:\projectome_analysis\neuron-vis\resource\swc\252714\090.swc,25946f77c96b07fcdffb4bcd20809238797035517774b952b39cd84099f71e0a,AtlasINS_L,main,6,228,CL_Ia/Id,CL_agranular_and_dysgranular_insula,L,CL_agranular_and_dysgranular_insula (Left),mapped,"[55, 201, 97]",L,False,1,"[13860.25, 50177.49999999999, 24338.0]","[55.441, 200.70999999999998, 97.352]",current_rint_zero_center,228,CL_Ia/Id,CL_agranular_and_dysgranular_insula,L,mapped,"[55, 200, 97]",False,False,228,CL_Ia/Id,CL_agranular_and_dysgranular_insula,L,mapped,"[55, 201, 97]",False,False
252714,091.swc,252714|091.swc,631,D:\projectome_analysis\neuron-vis\resource\swc\252714\091.swc,46ffb0dd41c2c8d28c43a9782bb7b33316432c5762c81f7448b291db6865274c,AtlasINS_L,main,6,228,CL_Ia/Id,CL_agranular_and_dysgranular_insula,L,CL_agranular_and_dysgranular_insula (Left),mapped,"[57, 194, 103]",L,False,1,"[14179.250000000004, 48584.75, 25654.2]","[56.71700000000001, 194.339, 102.6168]",current_rint_zero_center,228,CL_Ia/Id,CL_agranular_and_dysgranular_insula,L,mapped,"[56, 194, 102]",False,False,228,CL_Ia/Id,CL_agranular_and_dysgranular_insula,L,mapped,"[57, 194, 103]",False,False
252714,092.swc,252714|092.swc,631,D:\projectome_analysis\neuron-vis\resource\swc\252714\092.swc,d1419f16cbcb32fcea5c69ce66d7b8d4f667c1b07e1ecb443c32a7833f3854f7,G_exploratory_L,main,6,48,CL_G,CL_gustatory_cortex,L,CL_gustatory_cortex (Left),mapped,"[59, 200, 99]",L,False,1,"[14748.249999999998, 50017.75, 24791.75]","[58.992999999999995, 200.071, 99.167]",current_rint_zero_center,48,CL_G,CL_gustatory_cortex,L,mapped,"[58, 200, 99]",False,False,48,CL_G,CL_gustatory_cortex,L,mapped,"[59, 200, 99]",False,False
252714,099.swc,252714|099.swc,631,D:\projectome_analysis\neuron-vis\resource\swc\252714\099.swc,b78c16d78c5bfbe039c1847a068d54ee1602ff3f9ec74a9b474d31028229eb17,AtlasINS_L,main,6,228,CL_Ia/Id,CL_agranular_and_dysgranular_insula,L,CL_agranular_and_dysgranular_insula (Left),mapped,"[51, 197, 98]",L,False,1,"[12874.000000000002, 49130.5, 24451.75]","[51.49600000000001, 196.522, 97.807]",current_rint_zero_center,228,CL_Ia/Id,CL_agranular_and_dysgranular_insula,L,mapped,"[51, 196, 97]",False,False,228,CL_Ia/Id,CL_agranular_and_dysgranular_insula,L,mapped,"[51, 197, 98]",False,False
252714,136.swc,252714|136.swc,631,D:\projectome_analysis\neuron-vis\resource\swc\252714\136.swc,0a1635618a4de03e9c7ea5189bfe1ad964eb2b2c04735521fd65b8b558f1e227,G_exploratory_L,main,6,48,CL_G,CL_gustatory_cortex,L,CL_gustatory_cortex (Left),mapped,"[53, 197, 114]",L,False,1,"[13334.249999999996, 49288.75, 28438.775]","[53.33699999999998, 197.155, 113.7551]",current_rint_zero_center,48,CL_G,CL_gustatory_cortex,L,mapped,"[53, 197, 113]",False,False,48,CL_G,CL_gustatory_cortex,L,mapped,"[53, 197, 114]",False,False
252718,076.swc,252718|076.swc,900,D:\projectome_analysis\neuron-vis\resource\swc\252718\076.swc,de9f05a4e06f70ae460cdda80335351797b05ecb9bdd64ee8c821ce411d70497,G_exploratory_R,main,6,548,CR_G,CR_gustatory_cortex,R,CR_gustatory_cortex (Right),mapped,"[204, 212, 104]",R,False,1,"[50966.475000000006, 53073.375, 25951.85]","[203.8659, 212.2935, 103.8074]",current_rint_zero_center,548,CR_G,CR_gustatory_cortex,R,mapped,"[203, 212, 103]",False,False,548,CR_G,CR_gustatory_cortex,R,mapped,"[204, 212, 104]",False,False
252718,077.swc,252718|077.swc,900,D:\projectome_analysis\neuron-vis\resource\swc\252718\077.swc,fdf56d5cf9d1ae631ecd62ea45704f9c47eb1de9e352855698ade2c3d0bc152c,G_exploratory_R,main,6,548,CR_G,CR_gustatory_cortex,R,CR_gustatory_cortex (Right),mapped,"[204, 209, 105]",R,False,1,"[51026.049999999996, 52370.00000000001, 26335.475]","[204.1042, 209.48000000000002, 105.3419]",current_rint_zero_center,548,CR_G,CR_gustatory_cortex,R,mapped,"[204, 209, 105]",False,False,548,CR_G,CR_gustatory_cortex,R,mapped,"[204, 209, 105]",False,False
252718,089.swc,252718|089.swc,900,D:\projectome_analysis\neuron-vis\resource\swc\252718\089.swc,e7e20c8066929867d8939aeb3bb32b9e16ea5e233502333b2c5e160959151320,G_exploratory_L,main,6,48,CL_G,CL_gustatory_cortex,L,CL_gustatory_cortex (Left),mapped,"[54, 210, 106]",L,False,1,"[13389.249999999996, 52500.75, 26582.899999999998]","[53.55699999999999, 210.003, 106.3316]",current_rint_zero_center,48,CL_G,CL_gustatory_cortex,L,mapped,"[53, 210, 106]",False,False,48,CL_G,CL_gustatory_cortex,L,mapped,"[54, 210, 106]",False,False
252718,090.swc,252718|090.swc,900,D:\projectome_analysis\neuron-vis\resource\swc\252718\090.swc,8bf5ccadf66645438788d05548a9042b6d2473e8056b00b1f029f9597d8b7ae7,G_exploratory_L,main,6,48,CL_G,CL_gustatory_cortex,L,CL_gustatory_cortex (Left),mapped,"[52, 209, 106]",L,False,1,"[13012.749999999996, 52328.5, 26555.775]","[52.05099999999999, 209.314, 106.2231]",current_rint_zero_center,48,CL_G,CL_gustatory_cortex,L,mapped,"[52, 209, 106]",False,False,48,CL_G,CL_gustatory_cortex,L,mapped,"[52, 209, 106]",False,False
252718,120.swc,252718|120.swc,900,D:\projectome_analysis\neuron-vis\resource\swc\252718\120.swc,bc439a0ff516948d55a9705579c275c9bcecb90717d699a5b20e754561386c2d,G_exploratory_L,main,6,48,CL_G,CL_gustatory_cortex,L,CL_gustatory_cortex (Left),mapped,"[59, 209, 103]",L,False,1,"[14787.25, 52184.75, 25794.025]","[59.149, 208.739, 103.1761]",current_rint_zero_center,48,CL_G,CL_gustatory_cortex,L,mapped,"[59, 208, 103]",False,False,48,CL_G,CL_gustatory_cortex,L,mapped,"[59, 209, 103]",False,False
252718,138.swc,252718|138.swc,900,D:\projectome_analysis\neuron-vis\resource\swc\252718\138.swc,3600735b926ea28e347bd3c9f539d04f477fc1e11a60900cf519be1fc603e53f,G_exploratory_L,main,6,48,CL_G,CL_gustatory_cortex,L,CL_gustatory_cortex (Left),mapped,"[54, 210, 106]",L,False,1,"[13521.500000000004, 52550.75, 26439.9]","[54.08600000000001, 210.203, 105.7596]",current_rint_zero_center,48,CL_G,CL_gustatory_cortex,L,mapped,"[54, 210, 105]",False,False,48,CL_G,CL_gustatory_cortex,L,mapped,"[54, 210, 106]",False,False
252718,139.swc,252718|139.swc,900,D:\projectome_analysis\neuron-vis\resource\swc\252718\139.swc,946d3cac0dbaa7dc3fbfb792c332330832319d63b0d5edf91a21bb8baf2ddd61,G_exploratory_L,main,6,48,CL_G,CL_gustatory_cortex,L,CL_gustatory_cortex (Left),mapped,"[52, 210, 106]",L,False,1,"[12972.250000000002, 52588.75000000001, 26413.475]","[51.88900000000001, 210.35500000000002, 105.6539]",current_rint_zero_center,48,CL_G,CL_gustatory_cortex,L,mapped,"[51, 210, 105]",False,False,48,CL_G,CL_gustatory_cortex,L,mapped,"[52, 210, 106]",False,False
252718,140.swc,252718|140.swc,900,D:\projectome_analysis\neuron-vis\resource\swc\252718\140.swc,c604a5b34dd6916aa73650cc1666d11ae4066155e4999cb0aa1e8ee164ddd6df,G_exploratory_L,main,6,48,CL_G,CL_gustatory_cortex,L,CL_gustatory_cortex (Left),mapped,"[54, 210, 106]",L,False,1,"[13570.999999999998, 52491.5, 26598.075]","[54.28399999999999, 209.966, 106.3923]",current_rint_zero_center,48,CL_G,CL_gustatory_cortex,L,mapped,"[54, 209, 106]",False,False,48,CL_G,CL_gustatory_cortex,L,mapped,"[54, 210, 106]",False,False
252718,141.swc,252718|141.swc,900,D:\projectome_analysis\neuron-vis\resource\swc\252718\141.swc,68c18b924268bf26672bd8105cd095f0998ed62c4139d1af7b4cd141eee43504,G_exploratory_L,main,6,48,CL_G,CL_gustatory_cortex,L,CL_gustatory_cortex (Left),mapped,"[54, 209, 106]",L,False,1,"[13378.250000000002, 52349.75, 26482.524999999998]","[53.513000000000005, 209.399, 105.9301]",current_rint_zero_center,48,CL_G,CL_gustatory_cortex,L,mapped,"[53, 209, 105]",False,False,48,CL_G,CL_gustatory_cortex,L,mapped,"[54, 209, 106]",False,False
252718,142.swc,252718|142.swc,900,D:\projectome_analysis\neuron-vis\resource\swc\252718\142.swc,d7f37133444ef7759f426fe5368e28d09f29c89fb70e6a41729d1791b7dfbea3,AtlasINS_L,main,6,229,CL_Ig,CL_granular_insula,L,CL_granular_insula (Left),mapped,"[59, 167, 121]",L,False,1,"[14739.249999999998, 41639.25, 30241.325]","[58.956999999999994, 166.557, 120.9653]",current_rint_zero_center,229,CL_Ig,CL_granular_insula,L,mapped,"[58, 166, 120]",False,False,229,CL_Ig,CL_granular_insula,L,mapped,"[59, 167, 121]",False,False
252718,144.swc,252718|144.swc,900,D:\projectome_analysis\neuron-vis\resource\swc\252718\144.swc,1e6089c1a4989f502468b36cb2fce3fa0f5db08c7e2dae0033f6d22576bdc712,AtlasINS_L,main,6,229,CL_Ig,CL_granular_insula,L,CL_granular_insula (Left),mapped,"[55, 170, 120]",L,False,1,"[13713.000000000002, 42523.5, 30037.925000000003]","[54.852000000000004, 170.094, 120.1517]",current_rint_zero_center,95,CL_SII,CL_secondary_somatosensory_cortex,L,mapped,"[54, 170, 120]",True,False,229,CL_Ig,CL_granular_insula,L,mapped,"[55, 170, 120]",False,False
252718,148.swc,252718|148.swc,900,D:\projectome_analysis\neuron-vis\resource\swc\252718\148.swc,965045d18e507580698b488426e328791f465387fe7a950437f7247d73096df7,AtlasINS_L,main,6,229,CL_Ig,CL_granular_insula,L,CL_granular_insula (Left),mapped,"[60, 164, 111]",L,False,1,"[15072.75, 41084.5, 27759.55]","[60.291, 164.338, 111.0382]",current_rint_zero_center,229,CL_Ig,CL_granular_insula,L,mapped,"[60, 164, 111]",False,False,229,CL_Ig,CL_granular_insula,L,mapped,"[60, 164, 111]",False,False
252718,163.swc,252718|163.swc,900,D:\projectome_analysis\neuron-vis\resource\swc\252718\163.swc,68bcdccd9866478a646a3c7e71b46ec6b2d63c1be9649b6f3053d1c3e10c9dfb,AtlasINS_L,main,6,229,CL_Ig,CL_granular_insula,L,CL_granular_insula (Left),mapped,"[57, 164, 121]",L,False,1,"[14214.500000000002, 41055.0, 30184.05]","[56.858000000000004, 164.22, 120.7362]",current_rint_zero_center,229,CL_Ig,CL_granular_insula,L,mapped,"[56, 164, 120]",False,False,229,CL_Ig,CL_granular_insula,L,mapped,"[57, 164, 121]",False,False
252790,014.swc,252790|014.swc,797,D:\projectome_analysis\neuron-vis\resource\swc\252790\014.swc,560810caabe46f95b0c07edec686439de6b86e7ad7445dd17ccaa42dba55f51a,AtlasINS_L,main,6,41,CL_Iai,CL_intermediate_agranular_insula_area,L,CL_intermediate_agranular_insula_area (Left),mapped,"[81, 215, 77]",L,False,1,"[20275.0, 53743.775, 19371.0]","[81.1, 214.9751, 77.484]",current_rint_zero_center,41,CL_Iai,CL_intermediate_agranular_insula_area,L,mapped,"[81, 214, 77]",False,False,41,CL_Iai,CL_intermediate_agranular_insula_area,L,mapped,"[81, 215, 77]",False,False
252790,015.swc,252790|015.swc,797,D:\projectome_analysis\neuron-vis\resource\swc\252790\015.swc,0ecd7988a106a8ddbe6398e8f8f771c0637a1bb9a7d0033b89a38b80dd43cafe,AtlasINS_L,main,6,41,CL_Iai,CL_intermediate_agranular_insula_area,L,CL_intermediate_agranular_insula_area (Left),mapped,"[80, 215, 77]",L,False,1,"[19988.999999999996, 53688.375, 19326.5]","[79.95599999999999, 214.7535, 77.306]",current_rint_zero_center,41,CL_Iai,CL_intermediate_agranular_insula_area,L,mapped,"[79, 214, 77]",False,False,41,CL_Iai,CL_intermediate_agranular_insula_area,L,mapped,"[80, 215, 77]",False,False
252790,016.swc,252790|016.swc,797,D:\projectome_analysis\neuron-vis\resource\swc\252790\016.swc,d79f63ba0f2a09d09c5fe71dd83c3cf4e9156b1e9f9fc692026c5f48511d241a,AtlasINS_L,main,6,41,CL_Iai,CL_intermediate_agranular_insula_area,L,CL_intermediate_agranular_insula_area (Left),mapped,"[81, 216, 79]",L,False,1,"[20348.25, 54065.399999999994, 19790.75]","[81.393, 216.2616, 79.163]",current_rint_zero_center,41,CL_Iai,CL_intermediate_agranular_insula_area,L,mapped,"[81, 216, 79]",False,False,41,CL_Iai,CL_intermediate_agranular_insula_area,L,mapped,"[81, 216, 79]",False,False
252790,017.swc,252790|017.swc,797,D:\projectome_analysis\neuron-vis\resource\swc\252790\017.swc,68dbd4b98c7b54426251c2f6aed5da051509c862a303bbd85295cf2cbc10948b,AtlasINS_L,main,6,41,CL_Iai,CL_intermediate_agranular_insula_area,L,CL_intermediate_agranular_insula_area (Left),mapped,"[81, 216, 80]",L,False,1,"[20203.249999999996, 53921.5, 19945.25]","[80.81299999999999, 215.686, 79.781]",current_rint_zero_center,41,CL_Iai,CL_intermediate_agranular_insula_area,L,mapped,"[80, 215, 79]",False,False,41,CL_Iai,CL_intermediate_agranular_insula_area,L,mapped,"[81, 216, 80]",False,False
252790,018.swc,252790|018.swc,797,D:\projectome_analysis\neuron-vis\resource\swc\252790\018.swc,2978e6743644aee4a4816a1eba3ccc355094381c98a4acba6b643d8277d9c916,AtlasINS_L,main,6,41,CL_Iai,CL_intermediate_agranular_insula_area,L,CL_intermediate_agranular_insula_area (Left),mapped,"[81, 216, 80]",L,False,1,"[20343.000000000004, 54086.799999999996, 20019.25]","[81.37200000000001, 216.3472, 80.077]",current_rint_zero_center,41,CL_Iai,CL_intermediate_agranular_insula_area,L,mapped,"[81, 216, 80]",False,False,41,CL_Iai,CL_intermediate_agranular_insula_area,L,mapped,"[81, 216, 80]",False,False
252790,019.swc,252790|019.swc,797,D:\projectome_analysis\neuron-vis\resource\swc\252790\019.swc,408c3a6c49a09779ad12511cd7573a4761060ae46fa439d7955b5f52f972c3a0,AtlasINS_L,main,6,41,CL_Iai,CL_intermediate_agranular_insula_area,L,CL_intermediate_agranular_insula_area (Left),mapped,"[81, 216, 81]",L,False,1,"[20133.000000000004, 53971.024999999994, 20220.0]","[80.53200000000001, 215.8841, 80.88]",current_rint_zero_center,41,CL_Iai,CL_intermediate_agranular_insula_area,L,mapped,"[80, 215, 80]",False,False,41,CL_Iai,CL_intermediate_agranular_insula_area,L,mapped,"[81, 216, 81]",False,False
252790,020.swc,252790|020.swc,797,D:\projectome_analysis\neuron-vis\resource\swc\252790\020.swc,85eee1d62f5c3080249baef8d0f71effeb8914ca250b47e85f23b3b2a927ad0e,AtlasINS_L,main,6,41,CL_Iai,CL_intermediate_agranular_insula_area,L,CL_intermediate_agranular_insula_area (Left),mapped,"[80, 215, 80]",L,False,1,"[20106.0, 53825.275, 20119.5]","[80.424, 215.30110000000002, 80.478]",current_rint_zero_center,41,CL_Iai,CL_intermediate_agranular_insula_area,L,mapped,"[80, 215, 80]",False,False,41,CL_Iai,CL_intermediate_agranular_insula_area,L,mapped,"[80, 215, 80]",False,False
252790,021.swc,252790|021.swc,797,D:\projectome_analysis\neuron-vis\resource\swc\252790\021.swc,cc660aa93db063ecbe99b9642c96eac78436cce487726789079663432ada0251,AtlasINS_L,main,6,41,CL_Iai,CL_intermediate_agranular_insula_area,L,CL_intermediate_agranular_insula_area (Left),mapped,"[82, 216, 81]",L,False,1,"[20504.5, 53883.899999999994, 20158.75]","[82.018, 215.5356, 80.635]",current_rint_zero_center,41,CL_Iai,CL_intermediate_agranular_insula_area,L,mapped,"[82, 215, 80]",False,False,41,CL_Iai,CL_intermediate_agranular_insula_area,L,mapped,"[82, 216, 81]",False,False
252790,022.swc,252790|022.swc,797,D:\projectome_analysis\neuron-vis\resource\swc\252790\022.swc,e884de2bebf6ac6b4a3dc4047bba6813b640e931b3248edb765a853463a51dd6,AtlasINS_L,main,6,41,CL_Iai,CL_intermediate_agranular_insula_area,L,CL_intermediate_agranular_insula_area (Left),mapped,"[81, 215, 81]",L,False,1,"[20273.5, 53705.950000000004, 20250.0]","[81.094, 214.8238, 81.0]",current_rint_zero_center,41,CL_Iai,CL_intermediate_agranular_insula_area,L,mapped,"[81, 214, 80]",False,False,41,CL_Iai,CL_intermediate_agranular_insula_area,L,mapped,"[81, 215, 81]",False,False
252790,023.swc,252790|023.swc,797,D:\projectome_analysis\neuron-vis\resource\swc\252790\023.swc,97656aa16f02cb8e9128f59fd13d9c0fb7f1cb001b6bd29f8c4ea70d01425db8,AtlasINS_L,main,6,41,CL_Iai,CL_intermediate_agranular_insula_area,L,CL_intermediate_agranular_insula_area (Left),mapped,"[82, 215, 77]",L,False,1,"[20519.25, 53630.4, 19344.75]","[82.077, 214.5216, 77.379]",current_rint_zero_center,41,CL_Iai,CL_intermediate_agranular_insula_area,L,mapped,"[82, 214, 77]",False,False,41,CL_Iai,CL_intermediate_agranular_insula_area,L,mapped,"[82, 215, 77]",False,False
252790,024.swc,252790|024.swc,797,D:\projectome_analysis\neuron-vis\resource\swc\252790\024.swc,8d69b260d38ccea61ce494ce80835681d0a59432cb263d99cbf1d6b1895ee637,AtlasINS_L,main,6,41,CL_Iai,CL_intermediate_agranular_insula_area,L,CL_intermediate_agranular_insula_area (Left),mapped,"[81, 217, 82]",L,False,1,"[20163.75, 54154.425, 20504.5]","[80.655, 216.6177, 82.018]",current_rint_zero_center,41,CL_Iai,CL_intermediate_agranular_insula_area,L,mapped,"[80, 216, 82]",False,False,41,CL_Iai,CL_intermediate_agranular_insula_area,L,mapped,"[81, 217, 82]",False,False
252790,025.swc,252790|025.swc,797,D:\projectome_analysis\neuron-vis\resource\swc\252790\025.swc,e8969a60c9feef222881063bc19b88fc79b91a4d79f2b5849bb4a1fcbfa11f87,AtlasINS_L,main,6,41,CL_Iai,CL_intermediate_agranular_insula_area,L,CL_intermediate_agranular_insula_area (Left),mapped,"[81, 218, 81]",L,False,1,"[20344.499999999996, 54383.975, 20128.5]","[81.37799999999999, 217.5359, 80.514]",current_rint_zero_center,41,CL_Iai,CL_intermediate_agranular_insula_area,L,mapped,"[81, 217, 80]",False,False,41,CL_Iai,CL_intermediate_agranular_insula_area,L,mapped,"[81, 218, 81]",False,False
252790,026.swc,252790|026.swc,797,D:\projectome_analysis\neuron-vis\resource\swc\252790\026.swc,d87053e2386629ad00b300cdd77aafb32936aee380b091e3dced7f8f30627272,AtlasINS_L,main,6,41,CL_Iai,CL_intermediate_agranular_insula_area,L,CL_intermediate_agranular_insula_area (Left),mapped,"[81, 217, 83]",L,False,1,"[20339.25, 54359.325, 20715.25]","[81.357, 217.4373, 82.861]",current_rint_zero_center,41,CL_Iai,CL_intermediate_agranular_insula_area,L,mapped,"[81, 217, 82]",False,False,41,CL_Iai,CL_intermediate_agranular_insula_area,L,mapped,"[81, 217, 83]",False,False
252790,027.swc,252790|027.swc,797,D:\projectome_analysis\neuron-vis\resource\swc\252790\027.swc,1e2222c316bc7dac08d419706a780bd0973026bec33e97841809bb4555042b35,Candidate_L,main,6,1004,SL_Cl,SL_claustrum,L,SL_claustrum (Left),mapped,"[77, 215, 98]",L,False,1,"[19175.25, 53682.4, 24576.5]","[76.701, 214.7296, 98.306]",current_rint_zero_center,1004,SL_Cl,SL_claustrum,L,mapped,"[76, 214, 98]",False,False,1004,SL_Cl,SL_claustrum,L,mapped,"[77, 215, 98]",False,False
252790,033.swc,252790|033.swc,797,D:\projectome_analysis\neuron-vis\resource\swc\252790\033.swc,33ef04078db19c0e5d833bccbf34e122b9912bb726b1299b0f5c8f6b626eec1f,AtlasINS_L,main,6,229,CL_Ig,CL_granular_insula,L,CL_granular_insula (Left),mapped,"[71, 151, 116]",L,False,1,"[17817.999999999996, 37650.0, 29047.675000000003]","[71.27199999999999, 150.6, 116.1907]",current_rint_zero_center,229,CL_Ig,CL_granular_insula,L,mapped,"[71, 150, 116]",False,False,229,CL_Ig,CL_granular_insula,L,mapped,"[71, 151, 116]",False,False
252790,034.swc,252790|034.swc,797,D:\projectome_analysis\neuron-vis\resource\swc\252790\034.swc,797ed9b7c9861a239b6f3e88ba4d19beda55ce4476e13c2646a961eaa267f70f,AtlasINS_L,main,6,229,CL_Ig,CL_granular_insula,L,CL_granular_insula (Left),mapped,"[71, 152, 117]",L,False,1,"[17856.499999999996, 38016.5, 29333.375]","[71.42599999999999, 152.066, 117.3335]",current_rint_zero_center,229,CL_Ig,CL_granular_insula,L,mapped,"[71, 152, 117]",False,False,229,CL_Ig,CL_granular_insula,L,mapped,"[71, 152, 117]",False,False
252790,048.swc,252790|048.swc,797,D:\projectome_analysis\neuron-vis\resource\swc\252790\048.swc,fc5b7d0bf679b30dee5cf299556e03d9f17af81e8c6d2443c877d1707d425cff,AtlasINS_R,main,6,542,CR_Ial,CR_lateral_agranular_insula_area,R,CR_lateral_agranular_insula_area (Right),mapped,"[184, 209, 79]",R,False,1,"[46100.1, 52194.75, 19645.5]","[184.4004, 208.779, 78.582]",current_rint_zero_center,542,CR_Ial,CR_lateral_agranular_insula_area,R,mapped,"[184, 208, 78]",False,False,542,CR_Ial,CR_lateral_agranular_insula_area,R,mapped,"[184, 209, 79]",False,False
252790,049.swc,252790|049.swc,797,D:\projectome_analysis\neuron-vis\resource\swc\252790\049.swc,3a5b7dcaa35e9f2828c4b971eb58e1b57a0af83fc68cb85c6d9567350bab54a2,AtlasINS_R,main,6,542,CR_Ial,CR_lateral_agranular_insula_area,R,CR_lateral_agranular_insula_area (Right),mapped,"[184, 209, 80]",R,False,1,"[45944.125, 52352.00000000001, 19901.75]","[183.7765, 209.40800000000002, 79.607]",current_rint_zero_center,542,CR_Ial,CR_lateral_agranular_insula_area,R,mapped,"[183, 209, 79]",False,False,542,CR_Ial,CR_lateral_agranular_insula_area,R,mapped,"[184, 209, 80]",False,False
252790,050.swc,252790|050.swc,797,D:\projectome_analysis\neuron-vis\resource\swc\252790\050.swc,b8352ede21e89b841439ab21d09bc1220ca42636731f0ca1c4011cade3ffc004,AtlasINS_R,main,6,542,CR_Ial,CR_lateral_agranular_insula_area,R,CR_lateral_agranular_insula_area (Right),mapped,"[184, 213, 80]",R,False,1,"[46012.625, 53175.5, 19878.25]","[184.0505, 212.702, 79.513]",current_rint_zero_center,542,CR_Ial,CR_lateral_agranular_insula_area,R,mapped,"[184, 212, 79]",False,False,542,CR_Ial,CR_lateral_agranular_insula_area,R,mapped,"[184, 213, 80]",False,False
252790,051.swc,252790|051.swc,797,D:\projectome_analysis\neuron-vis\resource\swc\252790\051.swc,a558e1e65577dfd10aefdca30f1c855c749e643deddf82f76ff095e9ecac1351,AtlasINS_R,main,6,542,CR_Ial,CR_lateral_agranular_insula_area,R,CR_lateral_agranular_insula_area (Right),mapped,"[186, 208, 78]",R,False,1,"[46569.55, 52104.5, 19424.0]","[186.2782, 208.418, 77.696]",current_rint_zero_center,542,CR_Ial,CR_lateral_agranular_insula_area,R,mapped,"[186, 208, 77]",False,False,542,CR_Ial,CR_lateral_agranular_insula_area,R,mapped,"[186, 208, 78]",False,False
252790,052.swc,252790|052.swc,797,D:\projectome_analysis\neuron-vis\resource\swc\252790\052.swc,4a6ff0d015cd5e85bf072e3e571e77f079cabab8ba03cc9607d443d50f17a22e,AtlasINS_R,main,6,542,CR_Ial,CR_lateral_agranular_insula_area,R,CR_lateral_agranular_insula_area (Right),mapped,"[188, 207, 82]",R,False,1,"[47018.9, 51724.75, 20571.0]","[188.0756, 206.899, 82.284]",current_rint_zero_center,542,CR_Ial,CR_lateral_agranular_insula_area,R,mapped,"[188, 206, 82]",False,False,542,CR_Ial,CR_lateral_agranular_insula_area,R,mapped,"[188, 207, 82]",False,False
252790,053.swc,252790|053.swc,797,D:\projectome_analysis\neuron-vis\resource\swc\252790\053.swc,8282122e7f5919612a813148eaa2a2e3341c126ddff5c73fc23516b81a1833ec,AtlasINS_R,main,6,542,CR_Ial,CR_lateral_agranular_insula_area,R,CR_lateral_agranular_insula_area (Right),mapped,"[187, 206, 80]",R,False,1,"[46660.0, 51434.25, 20091.5]","[186.64, 205.737, 80.366]",current_rint_zero_center,542,CR_Ial,CR_lateral_agranular_insula_area,R,mapped,"[186, 205, 80]",False,False,542,CR_Ial,CR_lateral_agranular_insula_area,R,mapped,"[187, 206, 80]",False,False
252790,054.swc,252790|054.swc,797,D:\projectome_analysis\neuron-vis\resource\swc\252790\054.swc,3971af04207d52b976940cd440c0f65b753f981e723668cec372545a840e333d,AtlasINS_R,main,6,542,CR_Ial,CR_lateral_agranular_insula_area,R,CR_lateral_agranular_insula_area (Right),mapped,"[187, 208, 85]",R,False,1,"[46667.075, 51909.25, 21128.25]","[186.6683, 207.637, 84.513]",current_rint_zero_center,0,,Atlas background,R,zero_unassigned,"[186, 207, 84]",True,False,542,CR_Ial,CR_lateral_agranular_insula_area,R,mapped,"[187, 208, 85]",False,False
252790,055.swc,252790|055.swc,797,D:\projectome_analysis\neuron-vis\resource\swc\252790\055.swc,14bf3862b188b9fa7591469d3fa2abcbf4d11651b0ce1454c272941e3b94e242,AtlasINS_R,main,6,542,CR_Ial,CR_lateral_agranular_insula_area,R,CR_lateral_agranular_insula_area (Right),mapped,"[189, 205, 83]",R,False,1,"[47183.149999999994, 51307.75, 20767.0]","[188.7326, 205.231, 83.068]",current_rint_zero_center,542,CR_Ial,CR_lateral_agranular_insula_area,R,mapped,"[188, 205, 83]",False,False,542,CR_Ial,CR_lateral_agranular_insula_area,R,mapped,"[189, 205, 83]",False,False
252790,056.swc,252790|056.swc,797,D:\projectome_analysis\neuron-vis\resource\swc\252790\056.swc,dfd1320f3024c37233b94a31e3a853d8b718aefaae009f0154bea42ae1bae963,AtlasINS_R,main,6,542,CR_Ial,CR_lateral_agranular_insula_area,R,CR_lateral_agranular_insula_area (Right),mapped,"[186, 213, 83]",R,False,1,"[46387.125, 53280.299999999996, 20646.75]","[185.5485, 213.1212, 82.587]",current_rint_zero_center,542,CR_Ial,CR_lateral_agranular_insula_area,R,mapped,"[185, 213, 82]",False,False,542,CR_Ial,CR_lateral_agranular_insula_area,R,mapped,"[186, 213, 83]",False,False
252790,057.swc,252790|057.swc,797,D:\projectome_analysis\neuron-vis\resource\swc\252790\057.swc,f6cb9532c3d1bcb217e3716d68df9dc710adc1ee8d82f1c53bfc13818d167bf8,AtlasINS_R,main,6,542,CR_Ial,CR_lateral_agranular_insula_area,R,CR_lateral_agranular_insula_area (Right),mapped,"[186, 213, 83]",R,False,1,"[46516.175, 53351.600000000006, 20753.25]","[186.06470000000002, 213.40640000000002, 83.013]",current_rint_zero_center,542,CR_Ial,CR_lateral_agranular_insula_area,R,mapped,"[186, 213, 83]",False,False,542,CR_Ial,CR_lateral_agranular_insula_area,R,mapped,"[186, 213, 83]",False,False
252790,058.swc,252790|058.swc,797,D:\projectome_analysis\neuron-vis\resource\swc\252790\058.swc,72bcfa908c6ac90a3477dc0289525c8398ccbefae9fc3d3c311be8d09cb3e3be,AtlasINS_R,main,6,542,CR_Ial,CR_lateral_agranular_insula_area,R,CR_lateral_agranular_insula_area (Right),mapped,"[185, 213, 82]",R,False,1,"[46319.525, 53277.950000000004, 20506.75]","[185.2781, 213.11180000000002, 82.027]",current_rint_zero_center,542,CR_Ial,CR_lateral_agranular_insula_area,R,mapped,"[185, 213, 82]",False,False,542,CR_Ial,CR_lateral_agranular_insula_area,R,mapped,"[185, 213, 82]",False,False
252790,059.swc,252790|059.swc,797,D:\projectome_analysis\neuron-vis\resource\swc\252790\059.swc,f9b6054dd114f94291e27260d1a9e95f6f39bab8da1343f1c7e9423a0e260b7c,AtlasINS_R,main,6,542,CR_Ial,CR_lateral_agranular_insula_area,R,CR_lateral_agranular_insula_area (Right),mapped,"[186, 208, 80]",R,False,1,"[46432.424999999996, 52049.0, 20102.5]","[185.72969999999998, 208.196, 80.41]",current_rint_zero_center,542,CR_Ial,CR_lateral_agranular_insula_area,R,mapped,"[185, 208, 80]",False,False,542,CR_Ial,CR_lateral_agranular_insula_area,R,mapped,"[186, 208, 80]",False,False
252790,060.swc,252790|060.swc,797,D:\projectome_analysis\neuron-vis\resource\swc\252790\060.swc,758e29e481aaf77a9dbbbd1c2951ae36298be2ea6f4182651119085d9562bcac,AtlasINS_R,main,6,542,CR_Ial,CR_lateral_agranular_insula_area,R,CR_lateral_agranular_insula_area (Right),mapped,"[186, 211, 82]",R,False,1,"[46378.2, 52770.75, 20551.75]","[185.5128, 211.083, 82.207]",current_rint_zero_center,542,CR_Ial,CR_lateral_agranular_insula_area,R,mapped,"[185, 211, 82]",False,False,542,CR_Ial,CR_lateral_agranular_insula_area,R,mapped,"[186, 211, 82]",False,False
252790,061.swc,252790|061.swc,797,D:\projectome_analysis\neuron-vis\resource\swc\252790\061.swc,726dcda92040486089515cd59086f9fdc218d00e9e67172d6817ed769b8e5c21,AtlasINS_R,main,6,542,CR_Ial,CR_lateral_agranular_insula_area,R,CR_lateral_agranular_insula_area (Right),mapped,"[185, 211, 81]",R,False,1,"[46285.5, 52629.75, 20358.0]","[185.142, 210.519, 81.432]",current_rint_zero_center,542,CR_Ial,CR_lateral_agranular_insula_area,R,mapped,"[185, 210, 81]",False,False,542,CR_Ial,CR_lateral_agranular_insula_area,R,mapped,"[185, 211, 81]",False,False
252790,062.swc,252790|062.swc,797,D:\projectome_analysis\neuron-vis\resource\swc\252790\062.swc,362bf9078ed81427cae6ef75cd1af52ed1dba95ad029304d52a4f7e3b80e238b,AtlasINS_R,main,6,542,CR_Ial,CR_lateral_agranular_insula_area,R,CR_lateral_agranular_insula_area (Right),mapped,"[187, 209, 83]",R,False,1,"[46713.475000000006, 52137.0, 20804.25]","[186.8539, 208.548, 83.217]",current_rint_zero_center,542,CR_Ial,CR_lateral_agranular_insula_area,R,mapped,"[186, 208, 83]",False,False,542,CR_Ial,CR_lateral_agranular_insula_area,R,mapped,"[187, 209, 83]",False,False
252790,063.swc,252790|063.swc,797,D:\projectome_analysis\neuron-vis\resource\swc\252790\063.swc,84003299088853aea719f04c9e025f1153129546fe7f8ee9234e42f6d1a364fe,AtlasINS_R,main,6,541,CR_Iai,CR_intermediate_agranular_insula_area,R,CR_intermediate_agranular_insula_area (Right),mapped,"[184, 214, 83]",R,False,1,"[45907.7, 53522.350000000006, 20773.25]","[183.6308, 214.0894, 83.093]",current_rint_zero_center,541,CR_Iai,CR_intermediate_agranular_insula_area,R,mapped,"[183, 214, 83]",False,False,541,CR_Iai,CR_intermediate_agranular_insula_area,R,mapped,"[184, 214, 83]",False,False
252790,064.swc,252790|064.swc,797,D:\projectome_analysis\neuron-vis\resource\swc\252790\064.swc,e858e2a4427c34271538a49cb9aa78d766ffde9de77ccfadf50dc1ac74c76af5,AtlasINS_R,main,6,542,CR_Ial,CR_lateral_agranular_insula_area,R,CR_lateral_agranular_insula_area (Right),mapped,"[185, 211, 80]",R,False,1,"[46339.625, 52860.0, 20002.25]","[185.3585, 211.44, 80.009]",current_rint_zero_center,542,CR_Ial,CR_lateral_agranular_insula_area,R,mapped,"[185, 211, 80]",False,False,542,CR_Ial,CR_lateral_agranular_insula_area,R,mapped,"[185, 211, 80]",False,False
252790,074.swc,252790|074.swc,797,D:\projectome_analysis\neuron-vis\resource\swc\252790\074.swc,c3d33d4ee6b756610d3e8ba45f4c640bd31c79d9b85e9fa15bc77f0dd974a5a8,Candidate_R,main,6,595,CR_SII,CR_secondary_somatosensory_cortex,R,CR_secondary_somatosensory_cortex (Right),mapped,"[211, 177, 114]",R,False,1,"[52858.175, 44349.5, 28391.625]","[211.4327, 177.398, 113.5665]",current_rint_zero_center,595,CR_SII,CR_secondary_somatosensory_cortex,R,mapped,"[211, 177, 113]",False,False,595,CR_SII,CR_secondary_somatosensory_cortex,R,mapped,"[211, 177, 114]",False,False
252790,099.swc,252790|099.swc,797,D:\projectome_analysis\neuron-vis\resource\swc\252790\099.swc,89cffbfb73e9d05a7623825244f2552aca4ab3293dbfcb4e426b3d54b4ca5911,Candidate_R,main,6,1504,SR_Cl,SR_claustrum,R,SR_claustrum (Right),mapped,"[183, 210, 97]",R,False,1,"[45687.85, 52593.0, 24151.25]","[182.7514, 210.372, 96.605]",current_rint_zero_center,1504,SR_Cl,SR_claustrum,R,mapped,"[182, 210, 96]",False,False,1504,SR_Cl,SR_claustrum,R,mapped,"[183, 210, 97]",False,False
252790,102.swc,252790|102.swc,797,D:\projectome_analysis\neuron-vis\resource\swc\252790\102.swc,1f4b7033487ba0f6ef597dee6dda95a817675175792a5c522740a81337ea1c5a,Candidate_R,main,6,0,,Atlas background,R,Atlas background (Right),zero_unassigned,"[185, 207, 83]",Unknown,False,1,"[46332.725, 51858.5, 20699.0]","[185.33089999999999, 207.434, 82.796]",current_rint_zero_center,542,CR_Ial,CR_lateral_agranular_insula_area,R,mapped,"[185, 207, 82]",True,False,0,,Atlas background,R,zero_unassigned,"[185, 207, 83]",False,False
252790,103.swc,252790|103.swc,797,D:\projectome_analysis\neuron-vis\resource\swc\252790\103.swc,98f45ac26aaa1bd465a995ee967c6e5e2974a30eb048c969770af6b3c38ca178,Candidate_R,main,6,0,,Atlas background,R,Atlas background (Right),zero_unassigned,"[182, 214, 92]",Unknown,False,1,"[45587.95, 53417.425, 23078.0]","[182.3518, 213.6697, 92.312]",current_rint_zero_center,0,,Atlas background,R,zero_unassigned,"[182, 213, 92]",False,False,0,,Atlas background,R,zero_unassigned,"[182, 214, 92]",False,False
252790,111.swc,252790|111.swc,797,D:\projectome_analysis\neuron-vis\resource\swc\252790\111.swc,b7a95c3bf581249f2c5932afbcb85ebeb07c5eb4787713f9912f672a18496aac,AtlasINS_L,main,6,229,CL_Ig,CL_granular_insula,L,CL_granular_insula (Left),mapped,"[69, 151, 113]",L,False,1,"[17177.25, 37769.5, 28204.149999999998]","[68.709, 151.078, 112.8166]",current_rint_zero_center,229,CL_Ig,CL_granular_insula,L,mapped,"[68, 151, 112]",False,False,229,CL_Ig,CL_granular_insula,L,mapped,"[69, 151, 113]",False,False
252790,112.swc,252790|112.swc,797,D:\projectome_analysis\neuron-vis\resource\swc\252790\112.swc,ffcd28e0ab796c6d7396af4d536a206558b44badc7fed1dee30a0f5cd80e181a,AtlasINS_L,main,6,229,CL_Ig,CL_granular_insula,L,CL_granular_insula (Left),mapped,"[68, 156, 114]",L,False,1,"[17013.25, 38922.5, 28547.025]","[68.053, 155.69, 114.1881]",current_rint_zero_center,229,CL_Ig,CL_granular_insula,L,mapped,"[68, 155, 114]",False,False,229,CL_Ig,CL_granular_insula,L,mapped,"[68, 156, 114]",False,False
252790,113.swc,252790|113.swc,797,D:\projectome_analysis\neuron-vis\resource\swc\252790\113.swc,645e744d5c69c1250018025bddd29123d3a2ab6009c28c12c015e88f01e52923,AtlasINS_L,main,6,229,CL_Ig,CL_granular_insula,L,CL_granular_insula (Left),mapped,"[65, 154, 110]",L,False,1,"[16368.250000000004, 38490.5, 27596.85]","[65.47300000000001, 153.962, 110.3874]",current_rint_zero_center,229,CL_Ig,CL_granular_insula,L,mapped,"[65, 153, 110]",False,False,229,CL_Ig,CL_granular_insula,L,mapped,"[65, 154, 110]",False,False
252790,117.swc,252790|117.swc,797,D:\projectome_analysis\neuron-vis\resource\swc\252790\117.swc,0e3690bce1d562b8824188bd32ffc2321fa985562dc8c1656952a4e7b5e9b0be,Candidate_L,main,6,0,,Atlas background,L,Atlas background (Left),zero_unassigned,"[79, 216, 92]",Unknown,False,1,"[19719.749999999996, 53891.774999999994, 22894.0]","[78.87899999999999, 215.56709999999998, 91.576]",current_rint_zero_center,0,,Atlas background,L,zero_unassigned,"[78, 215, 91]",False,False,0,,Atlas background,L,zero_unassigned,"[79, 216, 92]",False,False
252790,118.swc,252790|118.swc,797,D:\projectome_analysis\neuron-vis\resource\swc\252790\118.swc,f59750fd38228e534ca935df6db8f881e069cd4607e10db0cea15b4c09b86725,AtlasINS_L,main,6,41,CL_Iai,CL_intermediate_agranular_insula_area,L,CL_intermediate_agranular_insula_area (Left),mapped,"[79, 217, 91]",L,False,1,"[19718.249999999996, 54372.675, 22802.25]","[78.87299999999999, 217.4907, 91.209]",current_rint_zero_center,41,CL_Iai,CL_intermediate_agranular_insula_area,L,mapped,"[78, 217, 91]",False,False,41,CL_Iai,CL_intermediate_agranular_insula_area,L,mapped,"[79, 217, 91]",False,False
252790,119.swc,252790|119.swc,797,D:\projectome_analysis\neuron-vis\resource\swc\252790\119.swc,a57decd660ddb6302f7d37f3360784e9516e62092b37a0ae09ef3aeb265253ef,AtlasINS_L,main,6,41,CL_Iai,CL_intermediate_agranular_insula_area,L,CL_intermediate_agranular_insula_area (Left),mapped,"[82, 215, 84]",L,False,1,"[20521.250000000004, 53871.575, 20877.0]","[82.08500000000001, 215.4863, 83.508]",current_rint_zero_center,41,CL_Iai,CL_intermediate_agranular_insula_area,L,mapped,"[82, 215, 83]",False,False,41,CL_Iai,CL_intermediate_agranular_insula_area,L,mapped,"[82, 215, 84]",False,False
252790,120.swc,252790|120.swc,797,D:\projectome_analysis\neuron-vis\resource\swc\252790\120.swc,a3080b4a022b570a8aa575ec636bd85ddda6af261985c0d9dd78b2033127c575,AtlasINS_L,main,6,42,CL_Ial,CL_lateral_agranular_insula_area,L,CL_lateral_agranular_insula_area (Left),mapped,"[80, 211, 79]",L,False,1,"[20039.749999999996, 52848.5, 19653.0]","[80.15899999999999, 211.394, 78.612]",current_rint_zero_center,42,CL_Ial,CL_lateral_agranular_insula_area,L,mapped,"[80, 211, 78]",False,False,42,CL_Ial,CL_lateral_agranular_insula_area,L,mapped,"[80, 211, 79]",False,False
252790,121.swc,252790|121.swc,797,D:\projectome_analysis\neuron-vis\resource\swc\252790\121.swc,44632a973783dd56e38adda88b10daa108d6d28ade7b647303f701f780159865,Candidate_L,main,6,0,,Atlas background,L,Atlas background (Left),zero_unassigned,"[81, 214, 91]",Unknown,False,1,"[20147.25, 53512.825, 22829.75]","[80.589, 214.0513, 91.319]",current_rint_zero_center,0,,Atlas background,L,zero_unassigned,"[80, 214, 91]",False,False,0,,Atlas background,L,zero_unassigned,"[81, 214, 91]",False,False
252790,032.swc,252790|032.swc,797,D:\projectome_analysis\neuron-vis\resource\swc\252790\032.swc,163a1c84c95339a1bf091ab7ce1aefe496dcf030b92e690f946af26770ce5ae6,OriginCandidate_L,preview,6,0,,Atlas background,L,Atlas background (Left),zero_unassigned,"[71, 151, 115]",Unknown,False,1,"[17853.749999999996, 37685.75, 28873.875]","[71.41499999999999, 150.743, 115.4955]",current_rint_zero_center,229,CL_Ig,CL_granular_insula,L,mapped,"[71, 150, 115]",True,False,0,,Atlas background,L,zero_unassigned,"[71, 151, 115]",False,False
252718,162.swc,252718|162.swc,900,D:\projectome_analysis\neuron-vis\resource\swc\252718\162.swc,429a726f5346febd1fa7ad2613b3e2893b0ad517a20691516b083143ff04b775,OriginCandidate_L,preview,6,0,,Atlas background,L,Atlas background (Left),zero_unassigned,"[56, 165, 122]",Unknown,False,1,"[14081.249999999996, 41214.25, 30382.25]","[56.32499999999999, 164.857, 121.529]",current_rint_zero_center,229,CL_Ig,CL_granular_insula,L,mapped,"[56, 164, 121]",True,False,0,,Atlas background,L,zero_unassigned,"[56, 165, 122]",False,False
252383,121.swc,252383|121.swc,605,D:\projectome_analysis\neuron-vis\resource\swc\252383\121.swc,32b7bb7b3a369ee34f550c9dfa094c2e0cb21b54c1acc5bb26a6ceefb0c9d7e0,OriginCandidate_R,preview,6,0,,Atlas background,R,Atlas background (Right),zero_unassigned,"[196, 166, 123]",Unknown,False,1,"[48979.4, 41515.0, 30714.75]","[195.9176, 166.06, 122.859]",current_rint_zero_center,729,CR_Ig,CR_granular_insula,R,mapped,"[195, 166, 122]",True,False,0,,Atlas background,R,zero_unassigned,"[196, 166, 123]",False,False
252790,035.swc,252790|035.swc,797,D:\projectome_analysis\neuron-vis\resource\swc\252790\035.swc,a2e29f5bad8c5ea8f33029b034d8c18195c470b2bc5cbb1a98b5c4cfac1a93ce,OriginCandidate_L,preview,6,0,,Atlas background,L,Atlas background (Left),zero_unassigned,"[71, 154, 117]",Unknown,False,1,"[17732.5, 38477.5, 29270.824999999997]","[70.93, 153.91, 117.0833]",current_rint_zero_center,229,CL_Ig,CL_granular_insula,L,mapped,"[70, 153, 117]",True,False,0,,Atlas background,L,zero_unassigned,"[71, 154, 117]",False,False
252383,120.swc,252383|120.swc,605,D:\projectome_analysis\neuron-vis\resource\swc\252383\120.swc,ade14ef69664f86aa79ef92a3d3247cfb944a69ba90bc9d6122e35f1d7a14eb3,OriginCandidate_R,preview,6,0,,Atlas background,R,Atlas background (Right),zero_unassigned,"[195, 166, 123]",Unknown,False,1,"[48859.15, 41584.5, 30746.9]","[195.4366, 166.338, 122.9876]",current_rint_zero_center,729,CR_Ig,CR_granular_insula,R,mapped,"[195, 166, 122]",True,False,0,,Atlas background,R,zero_unassigned,"[195, 166, 123]",False,False
252790,031.swc,252790|031.swc,797,D:\projectome_analysis\neuron-vis\resource\swc\252790\031.swc,62858fd5fb4cccad1f527538fe899622e69701bb6dd23d0735d0b8cccd9771dd,OriginCandidate_L,preview,6,0,,Atlas background,L,Atlas background (Left),zero_unassigned,"[70, 154, 115]",Unknown,False,1,"[17393.250000000004, 38419.75, 28723.775]","[69.57300000000001, 153.679, 114.8951]",current_rint_zero_center,229,CL_Ig,CL_granular_insula,L,mapped,"[69, 153, 114]",True,False,0,,Atlas background,L,zero_unassigned,"[70, 154, 115]",False,False
252790,036.swc,252790|036.swc,797,D:\projectome_analysis\neuron-vis\resource\swc\252790\036.swc,2de49b3514d5cf3689a8e5ccf42959ee177c810c2a2ee21a0c34c2c09272a7fb,OriginCandidate_L,preview,6,0,,Atlas background,L,Atlas background (Left),zero_unassigned,"[73, 148, 115]",Unknown,False,1,"[18153.750000000004, 36880.25, 28830.625]","[72.61500000000001, 147.521, 115.3225]",current_rint_zero_center,229,CL_Ig,CL_granular_insula,L,mapped,"[72, 147, 115]",True,False,0,,Atlas background,L,zero_unassigned,"[73, 148, 115]",False,False
252383,126.swc,252383|126.swc,605,D:\projectome_analysis\neuron-vis\resource\swc\252383\126.swc,00b5a1f6ec86217aaa2560818ce024522f42a0baa73c7a4b9722af4ac417ed1c,OriginCandidate_R,preview,6,0,,Atlas background,R,Atlas background (Right),zero_unassigned,"[192, 163, 123]",Unknown,False,1,"[48018.575, 40710.75, 30648.025]","[192.0743, 162.843, 122.5921]",current_rint_zero_center,729,CR_Ig,CR_granular_insula,R,mapped,"[192, 162, 122]",True,False,0,,Atlas background,R,zero_unassigned,"[192, 163, 123]",False,False
252383,127.swc,252383|127.swc,605,D:\projectome_analysis\neuron-vis\resource\swc\252383\127.swc,f7738bc36803607a3603eb9c88d1344ac6d6b5d78a56105330d67e9a177aa18e,OriginCandidate_R,preview,6,0,,Atlas background,R,Atlas background (Right),zero_unassigned,"[191, 160, 123]",Unknown,False,1,"[47806.325000000004, 40041.75, 30713.100000000002]","[191.2253, 160.167, 122.8524]",current_rint_zero_center,729,CR_Ig,CR_granular_insula,R,mapped,"[191, 160, 122]",True,False,0,,Atlas background,R,zero_unassigned,"[191, 160, 123]",False,False
252383,090.swc,252383|090.swc,605,D:\projectome_analysis\neuron-vis\resource\swc\252383\090.swc,51c75044a725e7c24467e7bdbc681ae1cebbdb25cac9b2be7118673931aa540d,OriginCandidate_L,preview,6,0,,Atlas background,L,Atlas background (Left),zero_unassigned,"[62, 168, 122]",Unknown,False,1,"[15487.499999999996, 42011.75, 30441.625]","[61.94999999999999, 168.047, 121.7665]",current_rint_zero_center,229,CL_Ig,CL_granular_insula,L,mapped,"[61, 168, 121]",True,False,0,,Atlas background,L,zero_unassigned,"[62, 168, 122]",False,False
252790,037.swc,252790|037.swc,797,D:\projectome_analysis\neuron-vis\resource\swc\252790\037.swc,cc0c284f722f366ee2613c894c76b75e598b979178f6616bf10132ed2fdbf48d,OriginCandidate_L,preview,6,0,,Atlas background,L,Atlas background (Left),zero_unassigned,"[71, 152, 116]",Unknown,False,1,"[17660.249999999996, 37957.75, 28942.05]","[70.64099999999999, 151.831, 115.7682]",current_rint_zero_center,229,CL_Ig,CL_granular_insula,L,mapped,"[70, 151, 115]",True,False,0,,Atlas background,L,zero_unassigned,"[71, 152, 116]",False,False
252383,118.swc,252383|118.swc,605,D:\projectome_analysis\neuron-vis\resource\swc\252383\118.swc,e8aa8f1aa46785af0a778aa1ab3536008e4ac47a5b16e532f7f9a904d4661e4e,OriginCandidate_R,preview,6,0,,Atlas background,R,Atlas background (Right),zero_unassigned,"[197, 169, 122]",Unknown,False,1,"[49258.6, 42266.25, 30385.575]","[197.0344, 169.065, 121.5423]",current_rint_zero_center,729,CR_Ig,CR_granular_insula,R,mapped,"[197, 169, 121]",True,False,0,,Atlas background,R,zero_unassigned,"[197, 169, 122]",False,False
252383,119.swc,252383|119.swc,605,D:\projectome_analysis\neuron-vis\resource\swc\252383\119.swc,207cec24602ecbba1e94f39d4ff7990a24a76f843327dd42691c19a39b53296d,OriginCandidate_R,preview,6,0,,Atlas background,R,Atlas background (Right),zero_unassigned,"[196, 172, 122]",Unknown,False,1,"[48885.05, 42905.0, 30395.9]","[195.5402, 171.62, 121.5836]",current_rint_zero_center,729,CR_Ig,CR_granular_insula,R,mapped,"[195, 171, 121]",True,False,0,,Atlas background,R,zero_unassigned,"[196, 172, 122]",False,False
252383,094.swc,252383|094.swc,605,D:\projectome_analysis\neuron-vis\resource\swc\252383\094.swc,e6e8569fc589b50f6aa3f33943d39234886a3829fd16f37437a0db8e32547c7a,OriginCandidate_L,preview,6,0,,Atlas background,L,Atlas background (Left),zero_unassigned,"[59, 168, 122]",Unknown,False,1,"[14774.0, 42041.75, 30459.3]","[59.096, 168.167, 121.8372]",current_rint_zero_center,229,CL_Ig,CL_granular_insula,L,mapped,"[59, 168, 121]",True,False,0,,Atlas background,L,zero_unassigned,"[59, 168, 122]",False,False
252383,097.swc,252383|097.swc,605,D:\projectome_analysis\neuron-vis\resource\swc\252383\097.swc,ccb8a6e85fe616606226d0ecd24708be385c2545b8933f6301fe00debc8c21dc,OriginCandidate_L,preview,6,0,,Atlas background,L,Atlas background (Left),zero_unassigned,"[59, 170, 122]",Unknown,False,1,"[14819.499999999998, 42382.75, 30427.375]","[59.27799999999999, 169.531, 121.7095]",current_rint_zero_center,229,CL_Ig,CL_granular_insula,L,mapped,"[59, 169, 121]",True,False,0,,Atlas background,L,zero_unassigned,"[59, 170, 122]",False,False
252383,123.swc,252383|123.swc,605,D:\projectome_analysis\neuron-vis\resource\swc\252383\123.swc,069a335dbb7fb8c75c4dfd3912e89f80941f066779ed580c9ac4cbc8435e02f5,NearINS_R,preview,6,0,,Atlas background,R,Atlas background (Right),zero_unassigned,"[196, 164, 123]",Unknown,False,1,"[48972.1, 41045.5, 30786.149999999998]","[195.8884, 164.182, 123.1446]",current_rint_zero_center,0,,Atlas background,R,zero_unassigned,"[195, 164, 123]",False,False,0,,Atlas background,R,zero_unassigned,"[196, 164, 123]",False,False
252790,116.swc,252790|116.swc,797,D:\projectome_analysis\neuron-vis\resource\swc\252790\116.swc,20dd01ec087fa9f49019ad3a15bf90b6c9b874ca790fcdc4b24b8406d72b15dc,NearINS_L,preview,6,0,,Atlas background,L,Atlas background (Left),zero_unassigned,"[72, 154, 117]",Unknown,False,1,"[18023.000000000004, 38443.5, 29350.65]","[72.09200000000001, 153.774, 117.4026]",current_rint_zero_center,0,,Atlas background,L,zero_unassigned,"[72, 153, 117]",False,False,0,,Atlas background,L,zero_unassigned,"[72, 154, 117]",False,False
252790,115.swc,252790|115.swc,797,D:\projectome_analysis\neuron-vis\resource\swc\252790\115.swc,edb6398d9f70feedeab0ef6da2be6679347dd8e85c9a330cbd3776b903250d43,NearINS_L,preview,6,0,,Atlas background,L,Atlas background (Left),zero_unassigned,"[72, 152, 114]",Unknown,False,1,"[18125.0, 38005.25, 28608.875]","[72.5, 152.021, 114.4355]",current_rint_zero_center,0,,Atlas background,L,zero_unassigned,"[72, 152, 114]",False,False,0,,Atlas background,L,zero_unassigned,"[73, 152, 114]",False,False
252383,124.swc,252383|124.swc,605,D:\projectome_analysis\neuron-vis\resource\swc\252383\124.swc,7d473f7fb784501c6b8b3c7342a68cabe09a992c1361d581246a3e4b26d209f5,NearINS_R,preview,6,0,,Atlas background,R,Atlas background (Right),zero_unassigned,"[201, 167, 121]",Unknown,False,1,"[50199.525, 41873.0, 30374.575]","[200.7981, 167.492, 121.4983]",current_rint_zero_center,595,CR_SII,CR_secondary_somatosensory_cortex,R,mapped,"[200, 167, 121]",True,False,0,,Atlas background,R,zero_unassigned,"[201, 167, 121]",False,False
252384,080.swc,252384|080.swc,948,D:\projectome_analysis\neuron-vis\resource\swc\252384\080.swc,c3fbab8f63803e5284a2d347056616ceb8c6474675fbbc869faeee4bf62fd6ee,NearINS_R,preview,6,0,,Atlas background,R,Atlas background (Right),zero_unassigned,"[187, 203, 84]",Unknown,False,1,"[46855.225000000006, 50694.50000000001, 20941.5]","[187.42090000000002, 202.77800000000002, 83.766]",current_rint_zero_center,0,,Atlas background,R,zero_unassigned,"[187, 202, 83]",False,False,0,,Atlas background,R,zero_unassigned,"[187, 203, 84]",False,False
252383,117.swc,252383|117.swc,605,D:\projectome_analysis\neuron-vis\resource\swc\252383\117.swc,f2ab40d8850201d3e54a85f2931fcf13f08c5d681a5bbb695192c32b3e683652,NearINS_R,preview,6,0,,Atlas background,R,Atlas background (Right),zero_unassigned,"[195, 168, 123]",Unknown,False,1,"[48867.62500000001, 41978.0, 30627.524999999998]","[195.47050000000002, 167.912, 122.5101]",current_rint_zero_center,0,,Atlas background,R,zero_unassigned,"[195, 167, 122]",False,False,0,,Atlas background,R,zero_unassigned,"[195, 168, 123]",False,False
252385,021.swc,252385|021.swc,331,D:\projectome_analysis\neuron-vis\resource\swc\252385\021.swc,aff241b868d65fea3ad1c11a31f35a976f5966ac9ba887e6a34b2fd3cc6bb7a2,NearINS_L,preview,6,0,,Atlas background,L,Atlas background (Left),zero_unassigned,"[59, 194, 113]",Unknown,False,1,"[14715.000000000004, 48488.25, 28190.100000000002]","[58.860000000000014, 193.953, 112.7604]",current_rint_zero_center,48,CL_G,CL_gustatory_cortex,L,mapped,"[58, 193, 112]",True,False,0,,Atlas background,L,zero_unassigned,"[59, 194, 113]",False,False
252383,095.swc,252383|095.swc,605,D:\projectome_analysis\neuron-vis\resource\swc\252383\095.swc,fef97953b470145a16b4baf0638c73a2bb8e0dd7ffc624bad04cb720ab425dad,NearINS_L,preview,6,0,,Atlas background,L,Atlas background (Left),zero_unassigned,"[60, 168, 122]",Unknown,False,1,"[14882.5, 41985.75, 30621.024999999998]","[59.53, 167.943, 122.4841]",current_rint_zero_center,0,,Atlas background,L,zero_unassigned,"[59, 167, 122]",False,False,0,,Atlas background,L,zero_unassigned,"[60, 168, 122]",False,False
252383,036.swc,252383|036.swc,605,D:\projectome_analysis\neuron-vis\resource\swc\252383\036.swc,e938558942e660308d9f514abb1ea057c693e0eebb9e1a14948c632e92770843,NearINS_R,preview,6,0,,Atlas background,R,Atlas background (Right),zero_unassigned,"[189, 152, 125]",Unknown,False,1,"[47323.799999999996, 37987.75, 31231.35]","[189.2952, 151.951, 124.9254]",current_rint_zero_center,624,CR_area_7op,CR_parietal_operculum,R,mapped,"[189, 151, 124]",True,False,0,,Atlas background,R,zero_unassigned,"[189, 152, 125]",False,False
252385,022.swc,252385|022.swc,331,D:\projectome_analysis\neuron-vis\resource\swc\252385\022.swc,e6b7ce31ec2d2c583f659b907ac383196c67595c394d87796f0d73f8d9f0fa98,NearINS_L,preview,6,0,,Atlas background,L,Atlas background (Left),zero_unassigned,"[59, 194, 114]",Unknown,False,1,"[14685.749999999998, 48614.75, 28400.425]","[58.742999999999995, 194.459, 113.6017]",current_rint_zero_center,48,CL_G,CL_gustatory_cortex,L,mapped,"[58, 194, 113]",True,False,0,,Atlas background,L,zero_unassigned,"[59, 194, 114]",False,False
252383,096.swc,252383|096.swc,605,D:\projectome_analysis\neuron-vis\resource\swc\252383\096.swc,c138aeae79915b97cf401ca468e43b3589c47252587d96fc19e0607f12529610,NearINS_L,preview,6,0,,Atlas background,L,Atlas background (Left),zero_unassigned,"[61, 169, 122]",Unknown,False,1,"[15179.499999999998, 42294.25, 30565.550000000003]","[60.71799999999999, 169.177, 122.2622]",current_rint_zero_center,0,,Atlas background,L,zero_unassigned,"[60, 169, 122]",False,False,0,,Atlas background,L,zero_unassigned,"[61, 169, 122]",False,False
